"# Serious Injuries","# Visible Injuries","Agency Name (Crash Level) ","Date","Intersection Name (from Crash Report)","KABCO Severity","Light Conditions (Crash Level)","Location at Impact (Crash Level) ","Manner of Collision (Crash Level) ","Roadway (From Crash Report)","Surface Condition (Crash Level) ","Time","Safety Equipment (Crash Level) ","Weather Conditions (Crash Level)","# of Fatalities per Crash","Latitude","Longitude","Geolocated City","Geolocated County","First Harmful Event (Unit Order)","Operator/Pedestrian Contrib Factor (excl None, Other, No Contrib Factors)","Most Harmful Event (Crash Level)"
0,0,"Gsp Post 00","2022-01-03","I-7585 South and Martin Luther King Jr Drive Ex","(C) Possible Injury / Complaint","Daylight","On Roadway - Non-Intersection","Rear End","I-7585 South","Dry","16:00:00","[""Lap and Shoulder Belt Used"",""Lap and Shoulder Belt Used"",""Lap and Shoulder Belt Used"",""Lap and Shoulder Belt Used""]","Clear",0,33.749006,-84.383743,"Atlanta","FULTON","[""Motor Vehicle in Motion"",""Motor Vehicle in Motion""]","Following Too Close","[""Motor Vehicle in Motion"",""Motor Vehicle in Motion""]"
0,0,"Atlanta Police Department","2022-01-03","Baker Ridge Dr Nw and Collier Ridge Dr Nw","(O) No Injury","Daylight","On Roadway - Roadway Intersection","Sideswipe-Same Direction","Baker Ridge Dr Nw","Water (standing or moving)","10:00:00","[""None Used"",""None Used"",""Lap and Shoulder Belt Used""]","Clear",0,33.768164,-84.476633,"Atlanta","FULTON","[""Motor Vehicle in Motion"",""Motor Vehicle in Motion""]","[""Too Fast for Conditions"",""Disregard Other Traffic Control""]","[""Motor Vehicle in Motion"",""Motor Vehicle in Motion""]"
0,0,"Atlanta Police Department","2022-01-03","Defoor Cir Nw and Chattahoochee Ave Nw","(O) No Injury","Dark-Lighted","On Roadway - Non-Intersection","Sideswipe-Same Direction","Chattahoochee Ave Nw","Dry","19:12:00","[""Lap and Shoulder Belt Used"",""Lap and Shoulder Belt Used""]","Clear",0,33.80026,-84.420242,"Atlanta","FULTON","[""Motor Vehicle in Motion"",""Motor Vehicle in Motion""]","Changed Lanes Improperly","[""Motor Vehicle in Motion"",""Motor Vehicle in Motion""]"
0,0,"Atlanta Police Department","2022-01-03","None and I-75 Exit 249C Rp","(O) No Injury","Dark-Lighted","On Roadway - Non-Intersection","Angle Crash","I-75 Exit 249C Rp","Wet","01:30:00","[""Unknown"",""Unknown""]","Rain",0,33.769066,-84.390541,"Atlanta","FULTON","[""Motor Vehicle in Motion"",""Motor Vehicle in Motion""]","Changed Lanes Improperly","[""Motor Vehicle in Motion"",""Motor Vehicle in Motion""]"
0,0,"Gsp Post 00","2022-01-03","I-285 and I-20 East","(C) Possible Injury / Complaint","Daylight","On Roadway - Non-Intersection","Sideswipe-Same Direction","I-20 East","Wet","07:57:00","[""Lap and Shoulder Belt Used"",""Lap and Shoulder Belt Used""]","Cloudy",0,33.765624,-84.495913,"Atlanta","FULTON","[""Motor Vehicle in Motion"",""Motor Vehicle in Motion""]","Changed Lanes Improperly","[""Motor Vehicle in Motion"",""Motor Vehicle in Motion""]"
0,0,"Atlanta Police Department","2022-01-03","None and I-20 Rp","(O) No Injury","Dark-Lighted","Entrance/Exit Ramp","Not a Collision with Motor Vehicle","I-20 Rp","Wet","06:06:00","Lap and Shoulder Belt Used","Rain",0,33.745986,-84.347948,"Atlanta","DEKALB","Other Non-Collision","Too Fast for Conditions","Guard Rail Fence"
0,0,"Atlanta Police Department","2022-01-03","North Ave Ne and Piedmont Ave Ne","(O) No Injury","Dark-Lighted","On Roadway - Non-Intersection","Angle Crash","Piedmont Ave Ne","Wet","01:00:00","[""Unknown"",""Unknown""]","Rain",0,33.77128,-84.381893,"Atlanta","FULTON","[""Motor Vehicle in Motion"",""Motor Vehicle in Motion""]","Changed Lanes Improperly","[""Motor Vehicle in Motion"",""Motor Vehicle in Motion""]"
0,0,"Atlanta Police Department","2022-01-03","Ga-13 N and Peachtree St Ne","(O) No Injury","Dark-Lighted","On Roadway - Roadway Intersection","Angle Crash","Peachtree St Ne","Dry","17:10:00","[""Lap and Shoulder Belt Used"",""Lap and Shoulder Belt Used""]","Clear",0,33.798096,-84.390482,"Atlanta","FULTON","[""Motor Vehicle in Motion"",""Motor Vehicle in Motion""]","Changed Lanes Improperly","[""Motor Vehicle in Motion"",""Motor Vehicle in Motion""]"
0,0,"Atlanta Police Department","2022-01-03","I-20 and Boulevard Se","(O) No Injury","Dark-Lighted","On Shoulder","Not a Collision with Motor Vehicle","I-20","Wet","01:21:00","Lap and Shoulder Belt Used","Rain",0,33.743441,-84.368293,"Atlanta","FULTON","Other Non-Collision","Driver Lost Control","Fire/Explosion"
0,0,"Atlanta Police Department","2022-01-03","None and I-20","(O) No Injury","Dark-Lighted","On Roadway - Non-Intersection","Sideswipe-Same Direction","I-20","Water (standing or moving)","01:00:00","[""Unknown"",""Unknown""]","Rain",0,33.743255,-84.402193,"Atlanta","FULTON","[""Motor Vehicle in Motion"",""Motor Vehicle in Motion""]","Changed Lanes Improperly","Median Barrier"
0,0,"Atlanta Police Department","2022-01-03","12Th St Ne and Peachtree St Ne","(O) No Injury","Dark-Lighted","On Roadway - Roadway Intersection","Angle Crash","12Th St Ne","Dry","22:30:00","[""Unknown"",""Unknown"",""Lap and Shoulder Belt Used""]","Cloudy",0,33.784342,-84.383063,"Atlanta","FULTON","[""Motor Vehicle in Motion"",""Parked Motor Vehicle"",""Parked Motor Vehicle""]","Reckless Driving","Parked Motor Vehicle"
0,0,"Gsp Post 00","2022-01-03","I-20 East and Martin Luther King Jr","(O) No Injury","Daylight","On Roadway - Non-Intersection","Rear End","I-20 East","Wet","08:40:00","[""Lap and Shoulder Belt Used"",""Lap and Shoulder Belt Used"",""Lap and Shoulder Belt Used""]","Clear",0,33.74731,-84.438741,"Atlanta","FULTON","[""Motor Vehicle in Motion"",""Motor Vehicle in Motion""]","Following Too Close","[""Motor Vehicle in Motion"",""Motor Vehicle in Motion""]"
2,0,"Atlanta Police Department","2022-01-03","Wieuca Rd Ne and Roswell Rd Ne","(A) Suspected Serious Injury","Daylight","On Roadway - In Crosswalk","Not a Collision with Motor Vehicle","Roswell Rd Ne","Dry","12:30:00","[""Lap and Shoulder Belt Used"",""None Used"",""None Used""]","Cloudy",0,33.875705,-84.380486,"Atlanta","FULTON","[""Pedestrian"",""Pedestrian"",""Pedestrian""]","[""Improper Turn"",""Not Visible (Object, Person, or Vehicle)""]","Motor Vehicle in Motion"
0,0,"Atlanta Police Department","2022-01-03","Harwell Rd Nw and Donald Lee Hollowell Pkwy Nw","(O) No Injury","Daylight","On Roadway - Non-Intersection","Sideswipe-Same Direction","Donald Lee Hollowell Pkwy Nw","Dry","14:00:00","[""Unknown"",""Unknown""]","Clear",0,33.764167,-84.492793,"Atlanta","FULTON","[""Motor Vehicle in Motion"",""Motor Vehicle in Motion""]",,"[""Motor Vehicle in Motion"",""Motor Vehicle in Motion""]"
0,0,"Gsp Post 00","2022-01-03","Ga-13Nb Ramp and Peachtree St Eb","(O) No Injury","Daylight","On Roadway - Roadway Intersection","Rear End","Peachtree St Eb","Dry","14:00:00","[""Lap and Shoulder Belt Used"",""Lap and Shoulder Belt Used""]","Cloudy",0,33.798045,-84.39053,"Atlanta","FULTON","[""Motor Vehicle in Motion"",""Motor Vehicle in Motion""]","[""Inattentive or Other Distraction (Distracted)"",""Following Too Close""]","[""Motor Vehicle in Motion"",""Motor Vehicle in Motion""]"
0,0,"Atlanta Police Department","2022-01-03","None and I-75","(O) No Injury","Dark-Lighted","On Roadway - Non-Intersection","Sideswipe-Same Direction","I-75","Dry","20:00:00","[""Lap and Shoulder Belt Used"",""Lap and Shoulder Belt Used""]","Cloudy",0,33.801185,-84.399568,"Atlanta","FULTON","[""Motor Vehicle in Motion"",""Motor Vehicle in Motion""]","Changed Lanes Improperly","[""Motor Vehicle in Motion"",""Motor Vehicle in Motion""]"
0,0,"Atlanta Police Department","2022-01-03","Hollywood Rd Nw and Donald Lee Hollowell Pkwy Nw","(O) No Injury","Daylight","On Roadway - Roadway Intersection","Sideswipe-Same Direction","Hollywood Rd Nw","Dry","15:30:00","[""Unknown"",""Unknown""]","Cloudy",0,33.776846,-84.449924,"Atlanta","FULTON","[""Motor Vehicle in Motion"",""Motor Vehicle in Motion""]","Failure to Yield","Motor Vehicle in Motion"
0,1,"Gsp Post 00","2022-01-03","I-75Sb and Deering Rd","(B) Suspected Minor/Visible Injury","Daylight","On Roadway - Non-Intersection","Rear End","I-75Sb","Dry","14:00:00","[""Lap and Shoulder Belt Used"",""Lap and Shoulder Belt Used"",""Lap and Shoulder Belt Used"",""Lap and Shoulder Belt Used""]","Clear",0,33.79678,-84.395155,"Atlanta","FULTON","[""Motor Vehicle in Motion"",""Motor Vehicle in Motion""]","[""Following Too Close"",""Disregard Other Traffic Control""]","[""Motor Vehicle in Motion"",""Motor Vehicle in Motion""]"
0,0,"Gsp Post 00","2022-01-03","Mm 249D and I-75 South","(O) No Injury","Dark-Lighted","On Roadway - Non-Intersection","Sideswipe-Same Direction","I-75 South","Wet","06:20:00","[""Lap and Shoulder Belt Used"",""Lap and Shoulder Belt Used""]","Sleet",0,33.7666,-84.387903,"Atlanta","FULTON","[""Motor Vehicle in Motion"",""Motor Vehicle in Motion""]","Changed Lanes Improperly","[""Motor Vehicle in Motion"",""Motor Vehicle in Motion""]"
0,0,"Atlanta Police Department","2022-01-03","None and I-75","(O) No Injury","Dark-Lighted","On Roadway - Non-Intersection","Not a Collision with Motor Vehicle","I-75","Wet","04:00:00","Unknown","Rain",0,33.742413,-84.391963,"Atlanta","FULTON","Other Non-Collision","Driver Lost Control","Guard Rail Fence"
0,0,"Gsp Post 00","2022-01-03","Williams St and I-7585 South","(O) No Injury","Daylight","On Roadway - Non-Intersection","Rear End","I-7585 South","Dry","07:48:00","[""Lap and Shoulder Belt Used"",""Lap and Shoulder Belt Used""]","Cloudy",0,33.766949,-84.388505,"Atlanta","FULTON","[""Motor Vehicle in Motion"",""Motor Vehicle in Motion""]","Following Too Close","[""Motor Vehicle in Motion"",""Motor Vehicle in Motion""]"
0,0,"Atlanta Police Department","2022-01-03","I-75 and North Ave Nw","(O) No Injury","Dark-Lighted","On Roadway - Roadway Intersection","Angle Crash","I-75","Wet","05:20:00","[""Unknown"",""Unknown""]","Rain",0,33.771284,-84.39046,"Atlanta","FULTON","[""Motor Vehicle in Motion"",""Motor Vehicle in Motion""]","Disregard Other Traffic Control","[""Motor Vehicle in Motion"",""Motor Vehicle in Motion""]"
0,0,"Atlanta Police Department","2022-01-03","Nelson St Sw and Haynes St Sw","(C) Possible Injury / Complaint","Daylight","On Roadway - Roadway Intersection","Angle Crash","Haynes St Sw","Dry","16:30:00","[""Unknown"",""Unknown""]","Clear",0,33.75082,-84.401238,"Atlanta","FULTON","[""Motor Vehicle in Motion"",""Motor Vehicle in Motion""]","Disregard Stop Sign/Signal","[""Motor Vehicle in Motion"",""Motor Vehicle in Motion""]"
0,0,"Gsp Post 00","2022-01-03","Deering Road and Interstate 75 Southbound","(O) No Injury","Daylight","On Roadway - Non-Intersection","Rear End","Interstate 75 Southbound","Dry","14:00:00","[""Lap and Shoulder Belt Used"",""Lap and Shoulder Belt Used"",""Lap and Shoulder Belt Used""]","Clear",0,33.797143,-84.395388,"Atlanta","FULTON","[""Motor Vehicle in Motion"",""Motor Vehicle in Motion""]","Changed Lanes Improperly","[""Motor Vehicle in Motion"",""Motor Vehicle in Motion""]"
0,0,"Atlanta Police Department","2022-01-03","Ponce De Leon Ave Ne and S Ponce De Leon Ave Ne","(O) No Injury","Daylight","On Roadway - Non-Intersection","Sideswipe-Opposite Direction","Ponce De Leon Ave Ne","Dry","10:00:00","[""Lap and Shoulder Belt Used"",""Lap and Shoulder Belt Used""]","Cloudy",0,33.773854,-84.348651,"Atlanta","DEKALB","[""Motor Vehicle in Motion"",""Motor Vehicle in Motion""]","[""Misjudged Clearance"",""Misjudged Clearance""]","[""Motor Vehicle in Motion"",""Motor Vehicle in Motion""]"
0,0,"Atlanta Police Department","2022-01-03","None and Haygood Ave Se","(O) No Injury","Daylight","On Roadway - Driveway Intersection","Rear End","Haygood Ave Se","Dry","15:00:00","[""None Used"",""None Used""]","Clear",0,33.726207,-84.381449,"Atlanta","FULTON","[""Motor Vehicle in Motion"",""Parked Motor Vehicle""]",,"[""Motor Vehicle in Motion"",""Parked Motor Vehicle""]"
0,0,"Atlanta Police Department","2022-01-03","Pryor Rd Sw and Moury Ave Sw","(C) Possible Injury / Complaint","Dark-Lighted","On Roadway - Roadway Intersection","Angle Crash","Moury Ave Sw","Dry","23:38:00","[""Unknown"",""Unknown"",""Unknown""]","Clear",0,33.717034,-84.39344,"Atlanta","FULTON","[""Motor Vehicle in Motion"",""Motor Vehicle in Motion""]","Failure to Yield","[""Motor Vehicle in Motion"",""Motor Vehicle in Motion""]"
0,0,"Atlanta Police Department","2022-01-03","Sells Ave Sw and Hopkins St Sw","(O) No Injury","Dark-Not Lighted","On Roadway - Non-Intersection","Not a Collision with Motor Vehicle","Sells Ave Sw","Dry","06:30:00","Unknown","Cloudy",0,33.745269,-84.43027,"Atlanta","FULTON","Parked Motor Vehicle",,"Parked Motor Vehicle"
0,0,"Gsp Post 00","2022-01-03","I-20 West and Martin Luther King Jr","(O) No Injury","Daylight","On Roadway - Non-Intersection","Rear End","I-20 West","Wet","07:52:00","[""Lap and Shoulder Belt Used"",""Lap and Shoulder Belt Used""]","Cloudy",0,33.749358,-84.442206,"Atlanta","FULTON","[""Motor Vehicle in Motion"",""Motor Vehicle in Motion""]","Following Too Close","[""Motor Vehicle in Motion"",""Motor Vehicle in Motion""]"
0,1,"Atlanta Police Department","2022-01-03","Fairburn Rd Sw and Martin Luther King Jr Dr Sw","(B) Suspected Minor/Visible Injury","Daylight","On Roadway - Non-Intersection","Head On","Martin Luther King Jr Dr Sw","Dry","13:50:00","[""Unknown"",""Unknown""]","Clear",0,33.758398,-84.503829,"Atlanta","FULTON","[""Motor Vehicle in Motion"",""Motor Vehicle in Motion""]","Following Too Close","[""Parked Motor Vehicle"",""Motor Vehicle in Motion""]"
0,0,"Atlanta Police Department","2022-01-03","I-75 N and Fulton St Sw","(O) No Injury","Dark-Lighted","On Roadway - Managed Lane (HOV, HOT, Reversible)","Sideswipe-Opposite Direction","Fulton St Sw","Water (standing or moving)","00:25:00","[""Unknown"",""Lap and Shoulder Belt Used"",""Lap and Shoulder Belt Used"",""Lap and Shoulder Belt Used"",""Lap and Shoulder Belt Used"",""Lap and Shoulder Belt Used"",""Lap and Shoulder Belt Used"",""Lap and Shoulder Belt Used"",""Lap and Shoulder Belt Used""]","Rain",0,33.741946,-84.391423,"Atlanta","FULTON","[""Motor Vehicle in Motion"",""Motor Vehicle in Motion""]","Too Fast for Conditions","[""Motor Vehicle in Motion"",""Motor Vehicle in Motion""]"
0,0,"Atlanta Police Department","2022-01-03","Lenox Rd Ne and Wright Ave Ne","(O) No Injury","Daylight","On Roadway - Non-Intersection","Sideswipe-Same Direction","Wright Ave Ne","Dry","14:00:00","[""Unknown"",""Unknown""]","Clear",0,33.846707,-84.35936,"Atlanta","FULTON","[""Motor Vehicle in Motion"",""Motor Vehicle in Motion""]","Changed Lanes Improperly","[""Motor Vehicle in Motion"",""Motor Vehicle in Motion""]"
0,0,"Gsp Post 00","2022-01-03","I-285 and I-20 West","(O) No Injury","Daylight","On Roadway - Non-Intersection","Sideswipe-Same Direction","I-20 West","Dry","14:04:00","[""Unknown"",""Lap and Shoulder Belt Used""]","Clear",0,33.765203,-84.49389,"Atlanta","FULTON","[""Motor Vehicle in Motion"",""Motor Vehicle in Motion""]","Changed Lanes Improperly","[""Motor Vehicle in Motion"",""Motor Vehicle in Motion""]"
0,0,"Atlanta Police Department","2022-01-03","Zip Industrial Blvd Se and Southside Industrial Pkwy Se","(O) No Injury","Daylight","On Roadway - Railroad Crossing","Rear End","Southside Industrial Pkwy Se","Dry","19:00:00","[""Lap and Shoulder Belt Used"",""Lap and Shoulder Belt Used""]","Clear",0,33.653038,-84.389564,"Atlanta","FULTON","[""Motor Vehicle in Motion"",""Motor Vehicle in Motion""]","Following Too Close","[""Motor Vehicle in Motion"",""Motor Vehicle in Motion""]"
0,0,"Atlanta Police Department","2022-01-03","Glenn St Sw and Mcdaniel St Sw","(O) No Injury","Daylight","On Roadway - Roadway Intersection","Rear End","Glenn St Sw","Dry","10:22:00","[""Lap and Shoulder Belt Used"",""Lap and Shoulder Belt Used"",""Unknown""]","Cloudy",0,33.738114,-84.401644,"Atlanta","FULTON","[""Motor Vehicle in Motion"",""Motor Vehicle in Motion""]","Following Too Close","[""Motor Vehicle in Motion"",""Motor Vehicle in Motion""]"
0,0,"Atlanta Police Department","2022-01-03","16Th St Nw and Northside Dr Nw","(C) Possible Injury / Complaint","Daylight","On Roadway - Roadway Intersection","Rear End","Northside Dr Nw","Dry","13:09:00","[""Lap and Shoulder Belt Used"",""Lap and Shoulder Belt Used""]","Clear",0,33.787593,-84.407521,"Atlanta","FULTON","[""Motor Vehicle in Motion"",""Motor Vehicle in Motion""]",,"[""Motor Vehicle in Motion"",""Motor Vehicle in Motion""]"
0,0,"Gsp Post 00","2022-01-03","Langford and I-285 Nb","(C) Possible Injury / Complaint","Dark-Not Lighted","On Roadway - Non-Intersection","Rear End","I-285 Nb","Dry","19:30:00","[""Lap and Shoulder Belt Used"",""Lap and Shoulder Belt Used"",""Lap and Shoulder Belt Used"",""Child Restraint System (Properly Used)""]","Clear",0,33.689872,-84.499928,"Atlanta","FULTON","[""Motor Vehicle in Motion"",""Motor Vehicle in Motion""]","[""Following Too Close"",""Driver Condition""]","[""Motor Vehicle in Motion"",""Motor Vehicle in Motion""]"
0,0,"Atlanta Police Department","2022-01-03","Piedmont Ave Ne and Wimbledon Rd Ne","(O) No Injury","Daylight","On Roadway - Driveway Intersection","Angle Crash","Wimbledon Rd Ne","Dry","20:10:00","[""Shoulder Belt Only Used"",""Shoulder Belt Only Used""]","Clear",0,33.806255,-84.366909,"Atlanta","FULTON","[""Motor Vehicle in Motion"",""Motor Vehicle in Motion""]","Failure to Yield","[""Motor Vehicle in Motion"",""Motor Vehicle in Motion""]"
0,0,"Atlanta Police Department","2022-01-03","Middleton Rd Nw and Martin Luther King Jr Dr Sw","(O) No Injury","Dark-Lighted","On Roadway - Roadway Intersection","Rear End","Martin Luther King Jr Dr Sw","Dry","17:48:00","[""Lap and Shoulder Belt Used"",""Lap and Shoulder Belt Used""]","Clear",0,33.751737,-84.491184,"Atlanta","FULTON","[""Motor Vehicle in Motion"",""Motor Vehicle in Motion""]","Following Too Close","[""Motor Vehicle in Motion"",""Motor Vehicle in Motion""]"
0,0,"Atlanta Police Department","2022-01-03","Moreland Ave Se and Mcdonough Blvd Se","(O) No Injury","Dark-Not Lighted","On Roadway - Roadway Intersection","Rear End","Mcdonough Blvd Se","Wet","04:30:00","[""Unknown"",""Unknown"",""Unknown""]","Clear",0,33.704474,-84.349752,"Atlanta","FULTON","[""Motor Vehicle in Motion"",""Motor Vehicle in Motion""]","Following Too Close","[""Motor Vehicle in Motion"",""Motor Vehicle in Motion""]"
0,0,"Atlanta Police Department","2022-01-03","Monroe Dr Ne and Piedmont Ave Ne","(O) No Injury","Daylight","On Roadway - Roadway Intersection","Rear End","Piedmont Ave Ne","Dry","10:31:00","[""Unknown"",""Unknown""]","Cloudy",0,33.797089,-84.368985,"Atlanta","FULTON","[""Motor Vehicle in Motion"",""Motor Vehicle in Motion""]","Following Too Close","[""Motor Vehicle in Motion"",""Motor Vehicle in Motion""]"
0,0,"Atlanta Police Department","2022-01-04","Flat Shoals Rd Se and Fayetteville Rd Se","(O) No Injury","Daylight","On Roadway - Non-Intersection","Angle Crash","Fayetteville Rd Se","Dry","16:54:00","[""Unknown"",""Unknown"",""Unknown"",""Unknown"",""Unknown""]","Clear",0,33.725929,-84.322546,"Atlanta","DEKALB","[""Motor Vehicle in Motion"",""Motor Vehicle in Motion""]","Failure to Yield","[""Motor Vehicle in Motion"",""Motor Vehicle in Motion""]"
0,0,"Atlanta Police Department","2022-01-04","Kirkwood Ave Se and Moreland Ave Se","(O) No Injury","Daylight","On Roadway - Non-Intersection","Sideswipe-Same Direction","Moreland Ave Se","Dry","16:15:00","[""Unknown"",""Lap and Shoulder Belt Used""]","Clear",0,33.75005,-84.349222,"Atlanta","FULTON","[""Motor Vehicle in Motion"",""Motor Vehicle in Motion""]","Changed Lanes Improperly","[""Motor Vehicle in Motion"",""Motor Vehicle in Motion""]"
0,0,"Atlanta Police Department","2022-01-04","None and Metropolitan Pkwy Sw","(O) No Injury","Dark-Lighted","On Roadway - Non-Intersection","Sideswipe-Same Direction","Metropolitan Pkwy Sw","Dry","18:57:00","[""Unknown"",""Unknown""]","Clear",0,33.705832,-84.408043,"Atlanta","FULTON","[""Motor Vehicle in Motion"",""Motor Vehicle in Motion""]","[""Failure to Yield"",""Changed Lanes Improperly""]","[""Motor Vehicle in Motion"",""Motor Vehicle in Motion""]"
0,0,"Atlanta Police Department","2022-01-04","Roxboro Rd Ne and Kingsboro Rd Ne","(O) No Injury","Daylight","Off Roadway","Rear End","Kingsboro Rd Ne","Dry","17:00:00","[""Lap and Shoulder Belt Used"",""Lap and Shoulder Belt Used""]","Clear",0,33.85065,-84.35665,"Atlanta","FULTON","[""Impact Attenuate"",""Impact Attenuate""]","Improper Backing","[""Impact Attenuate"",""Impact Attenuate""]"
0,0,"Atlanta Police Department","2022-01-04","6Th St Ne and Juniper St Ne","(O) No Injury","Dark-Lighted","On Roadway - Non-Intersection","Angle Crash","6Th St Ne","Dry","20:17:00","[""Lap and Shoulder Belt Used"",""Lap and Shoulder Belt Used"",""Lap and Shoulder Belt Used""]","Clear",0,33.777283,-84.383332,"Atlanta","FULTON","[""Motor Vehicle in Motion"",""Motor Vehicle in Motion""]","Improper Backing","[""Motor Vehicle in Motion"",""Motor Vehicle in Motion""]"
0,0,"Atlanta Police Department","2022-01-04","Morosgo Dr Ne and Piedmont Rd Ne","(O) No Injury","Daylight","On Roadway - Roadway Intersection","Angle Crash","Morosgo Dr Ne","Dry","16:55:00","[""Lap and Shoulder Belt Used"",""Lap and Shoulder Belt Used"",""Lap and Shoulder Belt Used""]","Clear",0,33.823583,-84.36727,"Atlanta","FULTON","[""Motor Vehicle in Motion"",""Motor Vehicle in Motion""]","Changed Lanes Improperly","[""Motor Vehicle in Motion"",""Motor Vehicle in Motion""]"
0,0,"Gsp Post 00","2022-01-04","I-75Sb and W.Paces Ferry Rd","(O) No Injury","Daylight","On Roadway - Non-Intersection","Sideswipe-Same Direction","I-75Sb","Dry","08:10:00","[""Lap and Shoulder Belt Used"",""Lap and Shoulder Belt Used""]","Clear",0,33.848249,-84.43098,"Atlanta","FULTON","[""Motor Vehicle in Motion"",""Motor Vehicle in Motion""]",,"[""Motor Vehicle in Motion"",""Motor Vehicle in Motion""]"
0,0,"Gsp Post 00","2022-01-04","I-285 Sb and I-20 Wb Overpass","(O) No Injury","Daylight","On Roadway - Non-Intersection","Angle Crash","I-285 Sb","Dry","08:00:00","[""Lap and Shoulder Belt Used"",""Lap and Shoulder Belt Used""]","Clear",0,33.766868,-84.494358,"Atlanta","FULTON","[""Motor Vehicle in Motion"",""Motor Vehicle in Motion""]","Changed Lanes Improperly","[""Motor Vehicle in Motion"",""Motor Vehicle in Motion""]"
0,0,"Gsp Post 00","2022-01-04","None and I-20Wb Exit 55B","(O) No Injury","Daylight","Entrance/Exit Ramp","Rear End","I-20Wb Exit 55B","Dry","12:14:00","[""Lap and Shoulder Belt Used"",""Lap and Shoulder Belt Used"",""Lap and Shoulder Belt Used"",""Lap and Shoulder Belt Used""]","Clear",0,33.741523,-84.413902,"Atlanta","FULTON","[""Motor Vehicle in Motion"",""Motor Vehicle in Motion""]",,"[""Motor Vehicle in Motion"",""Motor Vehicle in Motion""]"
0,0,"Atlanta Police Department","2022-01-04","Lee St Sw and Ralph David Abernathy Blvd Sw","(O) No Injury","Daylight","On Roadway - Non-Intersection","Sideswipe-Same Direction","Ralph David Abernathy Blvd Sw","Dry","15:20:00","[""Unknown"",""Lap and Shoulder Belt Used"",""Lap and Shoulder Belt Used""]","Clear",0,33.738249,-84.414391,"Atlanta","FULTON","[""Motor Vehicle in Motion"",""Motor Vehicle in Motion""]","[""Improper Passing"",""Wrong Side of Road""]","Motor Vehicle in Motion"
0,0,"Atlanta Police Department","2022-01-04","None and I-75 Exit 248A Rp","(C) Possible Injury / Complaint","Dark-Lighted","On Roadway - Non-Intersection","Rear End","I-75 Exit 248A Rp","Dry","15:00:00","[""Unknown"",""Unknown""]","Other",0,33.75041,-84.381803,"Atlanta","FULTON","[""Motor Vehicle in Motion"",""Motor Vehicle in Motion""]",,"[""Motor Vehicle in Motion"",""Motor Vehicle in Motion""]"
0,0,"Atlanta Police Department","2022-01-04","Piedmont Rd Ne and Lindbergh Way Ne","(O) No Injury","Dark-Lighted","On Roadway - Non-Intersection","Sideswipe-Same Direction","Piedmont Rd Ne","Dry","20:52:00","[""Lap and Shoulder Belt Used"",""Lap and Shoulder Belt Used"",""Lap and Shoulder Belt Used"",""Lap and Shoulder Belt Used""]","Clear",0,33.819849,-84.367461,"Atlanta","FULTON","[""Motor Vehicle in Motion"",""Motor Vehicle in Motion""]","Changed Lanes Improperly","[""Motor Vehicle in Motion"",""Motor Vehicle in Motion""]"
0,0,"Atlanta Police Department","2022-01-04","Boulevard Ne and Ralph Mcgill Blvd Ne","(C) Possible Injury / Complaint","Daylight","On Roadway - Roadway Intersection","Not a Collision with Motor Vehicle","Boulevard Ne","Dry","12:30:00","[""Unknown"",""Non-Motorist Lighting""]","Clear",0,33.763957,-84.371908,"Atlanta","FULTON","[""Motor Vehicle in Motion"",""Pedestrian""]","Failure to Yield","Motor Vehicle in Motion"
0,0,"Atlanta Police Department","2022-01-04","None and I-285","(O) No Injury","Dark-Lighted","On Roadway - Non-Intersection","Sideswipe-Same Direction","I-285","Dry","01:05:00","[""Lap and Shoulder Belt Used"",""Lap and Shoulder Belt Used"",""Lap and Shoulder Belt Used"",""Lap and Shoulder Belt Used"",""Lap and Shoulder Belt Used""]","Clear",0,33.705711,-84.497471,"Atlanta","FULTON","[""Motor Vehicle in Motion"",""Motor Vehicle in Motion"",""Motor Vehicle in Motion""]","[""Misjudged Clearance"",""Aggressive Driving""]","[""Motor Vehicle in Motion"",""Motor Vehicle in Motion"",""Motor Vehicle in Motion""]"
0,0,"Atlanta Police Department","2022-01-04","Arthur St Sw and Coleman St Sw","(O) No Injury","Daylight","On Roadway - Roadway Intersection","Angle Crash","Arthur St Sw","Dry","13:15:00","Unknown","Clear",0,33.728123,-84.4039,"Atlanta","FULTON","[""Motor Vehicle in Motion"",""Motor Vehicle in Motion""]","Aggressive Driving","Motor Vehicle in Motion"
0,0,"Atlanta Police Department","2022-01-04","16Th St Nw and Mecaslin St Nw","(C) Possible Injury / Complaint","Dark-Not Lighted","On Roadway - In Crosswalk","Angle Crash","16Th St Nw","Dry","00:00:00","[""Lap and Shoulder Belt Used"",""Lap and Shoulder Belt Used"",""Lap and Shoulder Belt Used""]","Clear",0,33.789064,-84.400024,"Atlanta","FULTON","[""Motor Vehicle in Motion"",""Motor Vehicle in Motion""]","Disregard Other Traffic Control","[""Motor Vehicle in Motion"",""Motor Vehicle in Motion""]"
0,0,"Atlanta Police Department","2022-01-04","Ivan Allen Jr Blvd Nw and Centennial Olympic Park Dr Nw","(O) No Injury","Daylight","On Roadway - Non-Intersection","Sideswipe-Same Direction","Ivan Allen Jr Blvd Nw","Dry","16:30:00","[""Unknown"",""Unknown""]","Clear",0,33.764656,-84.392058,"Atlanta","FULTON","[""Motor Vehicle in Motion"",""Motor Vehicle in Motion""]","Changed Lanes Improperly","[""Motor Vehicle in Motion"",""Motor Vehicle in Motion""]"