"# Serious Injuries","# Visible Injuries","Agency Name (Crash Level) ","Date","Intersection Name (from Crash Report)","KABCO Severity","Light Conditions (Crash Level)","Location at Impact (Crash Level) ","Manner of Collision (Crash Level) ","Roadway (From Crash Report)","Surface Condition (Crash Level) ","Time","Safety Equipment (Crash Level) ","Weather Conditions (Crash Level)","# of Fatalities per Crash","Latitude","Longitude","Geolocated City","Geolocated County","First Harmful Event (Unit Order)","Operator/Pedestrian Contrib Factor (excl None, Other, No Contrib Factors)","Most Harmful Event (Crash Level)"
0,0,"Atlanta Police Department","2022-01-04","Morosgo Dr Ne and Piedmont Rd Ne","(C) Possible Injury / Complaint","Dark-Lighted","On Roadway - Roadway Intersection","Angle Crash","Morosgo Dr Ne","Dry","22:00:00","[""Lap and Shoulder Belt Used"",""Lap and Shoulder Belt Used""]","Clear",0,33.823582,-84.367246,"Atlanta","FULTON","[""Motor Vehicle in Motion"",""Motor Vehicle in Motion""]",,"[""Motor Vehicle in Motion"",""Motor Vehicle in Motion""]"
0,0,"Gsp Post 00","2022-01-04","10Th St and I-7585N","(O) No Injury","Daylight","On Roadway - Non-Intersection","Rear End","I-7585N","Dry","16:55:00","[""Lap and Shoulder Belt Used"",""Lap and Shoulder Belt Used""]","Clear",0,33.780184,-84.390854,"Atlanta","FULTON","[""Motor Vehicle in Motion"",""Motor Vehicle in Motion""]","Changed Lanes Improperly","[""Motor Vehicle in Motion"",""Motor Vehicle in Motion""]"
0,0,"Gsp Post 00","2022-01-04","14Th Street and Interstate 7585 Northbound","(O) No Injury","Daylight","On Roadway - Non-Intersection","Sideswipe-Same Direction","Interstate 7585 Northbound","Dry","09:50:00","[""Lap and Shoulder Belt Used"",""Lap and Shoulder Belt Used"",""Lap and Shoulder Belt Used""]","Clear",0,33.790253,-84.390873,"Atlanta","FULTON","[""Motor Vehicle in Motion"",""Motor Vehicle in Motion""]","[""Misjudged Clearance"",""Changed Lanes Improperly""]","[""Motor Vehicle in Motion"",""Motor Vehicle in Motion""]"
0,0,"Atlanta Police Department","2022-01-04","3Rd St Nw and W Peachtree St Nw","(O) No Injury","Daylight","On Roadway - Non-Intersection","Angle Crash","3Rd St Nw","Dry","11:06:00","[""Lap and Shoulder Belt Used"",""Lap and Shoulder Belt Used""]","Clear",0,33.773857,-84.388054,"Atlanta","FULTON","[""Motor Vehicle in Motion"",""Motor Vehicle in Motion""]","Failure to Yield","[""Motor Vehicle in Motion"",""Motor Vehicle in Motion""]"
0,0,"Atlanta Police Department","2022-01-04","Moreland Ave Se and Mcpherson Ave Se","(O) No Injury","Daylight","On Roadway - Roadway Intersection","Rear End","Mcpherson Ave Se","Dry","12:51:00","[""Lap and Shoulder Belt Used"",""Lap and Shoulder Belt Used""]","Clear",0,33.743345,-84.349235,"Atlanta","FULTON","[""Motor Vehicle in Motion"",""Motor Vehicle in Motion""]","Following Too Close","[""Motor Vehicle in Motion"",""Motor Vehicle in Motion""]"
0,0,"Atlanta Police Department","2022-01-04","10Th St Ne and Peachtree St Ne","(C) Possible Injury / Complaint","Daylight","On Roadway - In Crosswalk","Not a Collision with Motor Vehicle","10Th St Ne","Dry","09:07:00","Lap and Shoulder Belt Used","Clear",0,33.781705,-84.383996,"Atlanta","FULTON","[""Pedestrian"",""Pedestrian""]","Failure to Yield","Motor Vehicle in Motion"
0,0,"Gsp Post 00","2022-01-04","10Th St and I-7585 North","(O) No Injury","Daylight","On Roadway - Non-Intersection","Rear End","I-7585 North","Dry","10:57:00","[""Lap and Shoulder Belt Used"",""Child Restraint System (Properly Used)"",""Lap and Shoulder Belt Used"",""Lap and Shoulder Belt Used""]","Clear",0,33.781568,-84.390392,"Atlanta","FULTON","[""Motor Vehicle in Motion"",""Motor Vehicle in Motion"",""Motor Vehicle in Motion""]","Following Too Close","[""Motor Vehicle in Motion"",""Motor Vehicle in Motion"",""Motor Vehicle in Motion""]"
0,0,"Atlanta Police Department","2022-01-04","Northside Dr Nw and Bellemeade Ave Nw","(O) No Injury","Dark-Lighted","On Roadway - Driveway Intersection","Angle Crash","Northside Dr Nw","Dry","18:30:00","[""Unknown"",""Lap and Shoulder Belt Used"",""Lap and Shoulder Belt Used""]","Clear",0,33.801319,-84.407816,"Atlanta","FULTON","[""Motor Vehicle in Motion"",""Motor Vehicle in Motion""]","Failure to Yield","[""Motor Vehicle in Motion"",""Motor Vehicle in Motion""]"
0,0,"Atlanta Police Department","2022-01-04","Piedmont Rd Ne and Lindbergh Dr Ne","(C) Possible Injury / Complaint","Daylight","On Roadway - Non-Intersection","Sideswipe-Same Direction","Piedmont Rd Ne","Dry","11:50:00","[""Shoulder Belt Only Used"",""Shoulder Belt Only Used""]","Clear",0,33.821335,-84.367475,"Atlanta","FULTON","[""Motor Vehicle in Motion"",""Motor Vehicle in Motion""]","Changed Lanes Improperly","[""Motor Vehicle in Motion"",""Motor Vehicle in Motion""]"
0,0,"Atlanta Police Department","2022-01-04","Biscayne Dr Nw and Peachtree Rd Ne","(O) No Injury","Daylight","On Roadway - Roadway Intersection","Sideswipe-Same Direction","Biscayne Dr Nw","Dry","16:37:00","[""Lap and Shoulder Belt Used"",""Lap and Shoulder Belt Used""]","Clear",0,33.814727,-84.391836,"Atlanta","FULTON","[""Motor Vehicle in Motion"",""Motor Vehicle in Motion""]","[""Following Too Close"",""Changed Lanes Improperly""]","[""Motor Vehicle in Motion"",""Motor Vehicle in Motion""]"
0,0,"Gsp Post 00","2022-01-04","14Th St and I-7585S","(C) Possible Injury / Complaint","Daylight","On Roadway - Non-Intersection","Rear End","I-7585S","Dry","17:40:00","[""Unknown"",""Lap and Shoulder Belt Used""]","Clear",0,33.786885,-84.391156,"Atlanta","FULTON","[""Motor Vehicle in Motion"",""Motor Vehicle in Motion""]","Following Too Close","[""Motor Vehicle in Motion"",""Motor Vehicle in Motion""]"
0,0,"Atlanta Police Department","2022-01-04","None and Martin Luther King Jr Dr Sw","(O) No Injury","Daylight","On Roadway - Non-Intersection","Rear End","Martin Luther King Jr Dr Sw","Dry","15:30:00","[""Unknown"",""Unknown""]","Cloudy",0,33.754345,-84.497298,"Atlanta","FULTON","[""Motor Vehicle in Motion"",""Motor Vehicle in Motion""]","Following Too Close","[""Motor Vehicle in Motion"",""Motor Vehicle in Motion""]"
0,0,"Atlanta Police Department","2022-01-04","Bellemeade Ave Nw and Howell Mill Rd Nw","(O) No Injury","Daylight","On Roadway - Roadway Intersection","Rear End","Howell Mill Rd Nw","Dry","12:30:00","[""Lap and Shoulder Belt Used"",""Lap and Shoulder Belt Used""]","Clear",0,33.800495,-84.415926,"Atlanta","FULTON","[""Motor Vehicle in Motion"",""Motor Vehicle in Motion""]","Following Too Close","[""Motor Vehicle in Motion"",""Motor Vehicle in Motion""]"
0,0,"Gsp Post 00","2022-01-04","14Th Street and Interstate 7585 Northbound","(O) No Injury","Daylight","On Roadway - Non-Intersection","Rear End","Interstate 7585 Northbound","Dry","11:18:00","[""Lap and Shoulder Belt Used"",""Lap and Shoulder Belt Used""]","Clear",0,33.78973,-84.390812,"Atlanta","FULTON","[""Motor Vehicle in Motion"",""Motor Vehicle in Motion""]","[""Following Too Close"",""Changed Lanes Improperly""]","[""Motor Vehicle in Motion"",""Motor Vehicle in Motion""]"
0,0,"Atlanta Police Department","2022-01-04","Greenwood Ave Ne and N Highland Ave Ne","(O) No Injury","Daylight","On Roadway - Roadway Intersection","Angle Crash","N Highland Ave Ne","Dry","13:50:00","[""Unknown"",""Unknown""]","Clear",0,33.776674,-84.352502,"Atlanta","FULTON","[""Motor Vehicle in Motion"",""Motor Vehicle in Motion""]",,"[""Motor Vehicle in Motion"",""Motor Vehicle in Motion""]"
0,0,"Atlanta Police Department","2022-01-04","None and I-75","(O) No Injury","Dark-Lighted","On Roadway - Roadway Intersection","Rear End","I-75","Dry","05:00:00","[""Lap and Shoulder Belt Used"",""Lap and Shoulder Belt Used""]","Clear",0,33.72885,-84.392888,"Atlanta","FULTON","[""Motor Vehicle in Motion"",""Motor Vehicle in Motion""]","Changed Lanes Improperly","[""Motor Vehicle in Motion"",""Motor Vehicle in Motion""]"
0,0,"Atlanta Police Department","2022-01-04","Wilson Ave Nw and Martin Luther King Jr Dr Sw","(O) No Injury","Daylight","On Roadway - Roadway Intersection","Sideswipe-Same Direction","Martin Luther King Jr Dr Sw","Dry","17:00:00","[""Unknown"",""Unknown"",""Unknown"",""Unknown"",""Child Restraint System (Properly Used)"",""Unknown""]","Clear",0,33.750286,-84.456825,"Atlanta","FULTON","[""Motor Vehicle in Motion"",""Motor Vehicle in Motion""]",,"[""Motor Vehicle in Motion"",""Motor Vehicle in Motion""]"
0,0,"Atlanta Police Department","2022-01-04","Ga-400 S and Sidney Marcus Blvd Ne","(O) No Injury","Daylight","On Roadway - Roadway Intersection","Angle Crash","Sidney Marcus Blvd Ne","Dry","15:48:00","[""Lap and Shoulder Belt Used"",""Lap and Shoulder Belt Used""]","Clear",0,33.825341,-84.359922,"Atlanta","FULTON","[""Motor Vehicle in Motion"",""Motor Vehicle in Motion""]","Disregard Other Traffic Control","[""Motor Vehicle in Motion"",""Motor Vehicle in Motion""]"
0,0,"Gsp Post 00","2022-01-04","None and I-20Eb Exit 51A","(O) No Injury","Daylight","Entrance/Exit Ramp","Sideswipe-Same Direction","I-20Eb Exit 51A","Dry","07:21:00","[""Lap and Shoulder Belt Used"",""Lap and Shoulder Belt Used""]","Clear",0,33.764848,-84.494521,"Atlanta","FULTON","[""Motor Vehicle in Motion"",""Motor Vehicle in Motion""]",,"[""Motor Vehicle in Motion"",""Motor Vehicle in Motion""]"
0,0,"Gsp Post 00","2022-01-04","Howell Mill Road and Interstate 75 Northbound Exit","(O) No Injury","Daylight","Entrance/Exit Ramp","Rear End","Interstate 75 Northbound Exit","Dry","08:42:00","Lap and Shoulder Belt Used","Clear",0,33.805358,-84.413195,"Atlanta","FULTON","[""Parked Motor Vehicle"",""Motor Vehicle in Motion""]","[""Improper Backing"",""Misjudged Clearance""]","[""Parked Motor Vehicle"",""Motor Vehicle in Motion""]"
0,0,"Gsp Post 00","2022-01-04","Ga-13 S and Armour Dr","(O) No Injury","Dark-Lighted","On Roadway - Non-Intersection","Rear End","Ga-13 S","Dry","18:00:00","[""Lap and Shoulder Belt Used"",""Lap and Shoulder Belt Used"",""Lap and Shoulder Belt Used""]","Clear",0,33.806382,-84.379532,"Atlanta","FULTON","[""Motor Vehicle in Motion"",""Motor Vehicle in Motion""]","Following Too Close","[""Motor Vehicle in Motion"",""Motor Vehicle in Motion""]"
0,1,"Gsp Post 00","2022-01-04","From I-20 Wb and I-285 Sb Entrance Ramp","(B) Suspected Minor/Visible Injury","Daylight","Off Roadway","Not a Collision with Motor Vehicle","I-285 Sb Entrance Ramp","Wet","07:21:00","Lap and Shoulder Belt Used","Clear",0,33.759593,-84.493705,"Atlanta","FULTON","Other Non-Collision","[""Driver Lost Control"",""Too Fast for Conditions""]","Guard Rail Fence"
0,0,"Atlanta Police Department","2022-01-04","None and Martin Luther King Jr Dr Sw","(O) No Injury","Daylight","On Roadway - Non-Intersection","Rear End","Martin Luther King Jr Dr Sw","Dry","16:00:00","[""Unknown"",""Unknown""]","Clear",0,33.758885,-84.504621,"Atlanta","FULTON","[""Motor Vehicle in Motion"",""Motor Vehicle in Motion""]","Following Too Close","[""Motor Vehicle in Motion"",""Motor Vehicle in Motion""]"
0,1,"Atlanta Police Department","2022-01-04","Howell Mill Rd Nw and Chattahoochee Ave Nw","(B) Suspected Minor/Visible Injury","Daylight","On Roadway - Roadway Intersection","Rear End","Howell Mill Rd Nw","Dry","14:20:00","[""Lap and Shoulder Belt Used"",""Lap and Shoulder Belt Used"",""Lap and Shoulder Belt Used""]","Clear",0,33.799574,-84.416013,"Atlanta","FULTON","[""Motor Vehicle in Motion"",""Motor Vehicle in Motion""]","Following Too Close","[""Motor Vehicle in Motion"",""Motor Vehicle in Motion""]"
0,0,"Gsp Post 00","2022-01-04","Baker St and I-75I-85Nb","(O) No Injury","Dawn","On Roadway - Non-Intersection","Sideswipe-Same Direction","I-75I-85Nb","Dry","07:00:00","[""Lap and Shoulder Belt Used"",""Lap and Shoulder Belt Used""]","Clear",0,33.76807,-84.389277,"Atlanta","FULTON","[""Motor Vehicle in Motion"",""Motor Vehicle in Motion""]","Changed Lanes Improperly","[""Motor Vehicle in Motion"",""Motor Vehicle in Motion""]"
0,0,"Gsp Post 00","2022-01-04","Memorial Drive and Trinity Avenue","(C) Possible Injury / Complaint","Dark-Lighted","Off Roadway","Head On","Trinity Avenue","Dry","01:38:00","Lap and Shoulder Belt Used","Clear",0,33.747254,-84.389234,"Atlanta","FULTON","Other - Fixed Object","Driver Lost Control","Other - Fixed Object"
0,0,"Gsp Post 00","2022-01-04","Mm10 and I-285Sb","(C) Possible Injury / Complaint","Dark-Not Lighted","On Roadway - Non-Intersection","Rear End","I-285Sb","Dry","18:20:00","[""Lap and Shoulder Belt Used"",""Lap and Shoulder Belt Used""]","Clear",0,33.778738,-84.496286,"Atlanta","FULTON","[""Motor Vehicle in Motion"",""Motor Vehicle in Motion""]","Following Too Close","[""Motor Vehicle in Motion"",""Motor Vehicle in Motion""]"
0,0,"Atlanta Police Department","2022-01-04","Maynard Ter Se and Mcpherson Ave Se","(O) No Injury","Daylight","On Roadway - Roadway Intersection","Angle Crash","Maynard Ter Se","Dry","16:30:00","[""Lap and Shoulder Belt Used"",""Lap and Shoulder Belt Used""]","Clear",0,33.74413,-84.334624,"Atlanta","DEKALB","[""Motor Vehicle in Motion"",""Motor Vehicle in Motion""]",,"[""Motor Vehicle in Motion"",""Motor Vehicle in Motion""]"
0,0,"Atlanta Police Department","2022-01-04","Huber St Nw and Chattahoochee Ave Nw","(O) No Injury","Dark-Not Lighted","On Roadway - Non-Intersection","Sideswipe-Same Direction","Chattahoochee Ave Nw","Dry","05:57:00","[""Unknown"",""Unknown""]","Clear",0,33.801017,-84.424774,"Atlanta","FULTON","[""Motor Vehicle in Motion"",""Motor Vehicle in Motion""]","Changed Lanes Improperly","[""Motor Vehicle in Motion"",""Motor Vehicle in Motion""]"
0,0,"Atlanta Police Department","2022-01-04","Elbridge Dr Nw and Donald Lee Hollowell Pkwy Nw","(O) No Injury","Dark-Not Lighted","On Roadway - Roadway Intersection","Rear End","Elbridge Dr Nw","Dry","18:49:00","[""Lap and Shoulder Belt Used"",""Lap and Shoulder Belt Used""]","Clear",0,33.771592,-84.432358,"Atlanta","FULTON","[""Motor Vehicle in Motion"",""Motor Vehicle in Motion""]",,"[""Motor Vehicle in Motion"",""Motor Vehicle in Motion""]"
0,0,"Gsp Post 00","2022-01-04","10Th St and I-7585 South","(O) No Injury","Daylight","On Roadway - Non-Intersection","Rear End","I-7585 South","Dry","08:25:00","[""Lap and Shoulder Belt Used"",""Lap and Shoulder Belt Used"",""Lap and Shoulder Belt Used"",""Child Restraint System (Properly Used)""]","Clear",0,33.781504,-84.390851,"Atlanta","FULTON","[""Motor Vehicle in Motion"",""Motor Vehicle in Motion""]","Following Too Close","[""Motor Vehicle in Motion"",""Motor Vehicle in Motion""]"
0,0,"Atlanta Police Department","2022-01-04","Ga-400 and Sidney Marcus Blvd Ne","(O) No Injury","Daylight","On Roadway - Roadway Intersection","Rear End","Ga-400","Dry","08:10:00","[""Unknown"",""Lap and Shoulder Belt Used""]","Clear",0,33.825276,-84.359904,"Atlanta","FULTON","[""Motor Vehicle in Motion"",""Motor Vehicle in Motion""]","Following Too Close","[""Motor Vehicle in Motion"",""Motor Vehicle in Motion""]"
0,0,"Gsp Post 00","2022-01-04","I-75I-85Nb and Peachtree St Ne","(O) No Injury","Daylight","On Roadway - Non-Intersection","Rear End","I-75I-85Nb","Dry","11:10:00","[""Unknown"",""Lap and Shoulder Belt Used""]","Clear",0,33.766224,-84.386672,"Atlanta","FULTON","[""Motor Vehicle in Motion"",""Motor Vehicle in Motion""]","Following Too Close","[""Motor Vehicle in Motion"",""Motor Vehicle in Motion""]"
1,0,"Gsp Post 00","2022-01-04","None and Exit Ramp To I-20 From I-7585","(A) Suspected Serious Injury","Daylight","On Roadway - Non-Intersection","Rear End","Exit Ramp To I-20 From I-7585","Dry","14:00:00","[""Lap and Shoulder Belt Used"",""Lap and Shoulder Belt Used""]","Clear",0,33.74011,-84.391493,"Atlanta","FULTON","[""Motor Vehicle in Motion"",""Motor Vehicle in Motion""]","Following Too Close","[""Motor Vehicle in Motion"",""Motor Vehicle in Motion""]"
0,0,"Gsp Post 00","2022-01-04","I-75I-85Nb and Peachtree St Ne","(O) No Injury","Daylight","On Roadway - Non-Intersection","Rear End","I-75I-85Nb","Dry","11:10:00","[""Lap and Shoulder Belt Used"",""Lap and Shoulder Belt Used"",""Lap and Shoulder Belt Used""]","Clear",0,33.766232,-84.386687,"Atlanta","FULTON","[""Motor Vehicle in Motion"",""Motor Vehicle in Motion"",""Motor Vehicle in Motion""]","Following Too Close","[""Motor Vehicle in Motion"",""Motor Vehicle in Motion"",""Motor Vehicle in Motion""]"
0,0,"Atlanta Police Department","2022-01-04","Martin St Se and Woodward Ave Se","(C) Possible Injury / Complaint","Dark-Lighted","On Roadway - Roadway Intersection","Angle Crash","Woodward Ave Se","Dry","21:00:00","[""Lap and Shoulder Belt Used"",""Lap and Shoulder Belt Used""]","Clear",0,33.745637,-84.383855,"Atlanta","FULTON","[""Motor Vehicle in Motion"",""Motor Vehicle in Motion""]","Disregard Stop Sign/Signal","[""Motor Vehicle in Motion"",""Motor Vehicle in Motion""]"
0,0,"Gsp Post 00","2022-01-04","I-7585 North and 14Th St Overpass","(O) No Injury","Daylight","On Roadway - Non-Intersection","Rear End","I-7585 North","Dry","11:07:00","[""Lap and Shoulder Belt Used"",""Lap and Shoulder Belt Used"",""Lap and Shoulder Belt Used""]","Clear",0,33.789144,-84.390814,"Atlanta","FULTON","[""Motor Vehicle in Motion"",""Motor Vehicle in Motion"",""Motor Vehicle in Motion""]","Following Too Close","[""Motor Vehicle in Motion"",""Motor Vehicle in Motion"",""Motor Vehicle in Motion""]"
0,0,"Atlanta Police Department","2022-01-04","Lynhurst Dr Sw and Martin Luther King Jr Dr Sw","(O) No Injury","Daylight","On Roadway - Roadway Intersection","Angle Crash","Martin Luther King Jr Dr Sw","Dry","14:31:00","[""Lap and Shoulder Belt Used"",""Lap and Shoulder Belt Used"",""Lap and Shoulder Belt Used""]","Clear",0,33.751546,-84.487975,"Atlanta","FULTON","[""Motor Vehicle in Motion"",""Motor Vehicle in Motion""]","Failure to Yield","[""Motor Vehicle in Motion"",""Motor Vehicle in Motion""]"
0,0,"Atlanta Police Department","2022-01-04","Huff Rd Nw and Ellsworth Dr Nw","(O) No Injury","Daylight","On Roadway - Driveway Intersection","Angle Crash","Huff Rd Nw","Dry","07:56:00","[""Unknown"",""Unknown""]","Clear",0,33.788914,-84.426235,"Atlanta","FULTON","[""Motor Vehicle in Motion"",""Motor Vehicle in Motion""]","Failure to Yield","[""Motor Vehicle in Motion"",""Motor Vehicle in Motion""]"
0,0,"Gsp Post 00","2022-01-04","I-75 S and 1Oth St","(O) No Injury","Daylight","On Roadway - Non-Intersection","Rear End","I-75 S","Dry","14:00:00","[""Lap and Shoulder Belt Used"",""Lap and Shoulder Belt Used""]","Clear",0,33.781194,-84.391216,"Atlanta","FULTON","[""Motor Vehicle in Motion"",""Motor Vehicle in Motion""]","[""Following Too Close"",""Inattentive or Other Distraction (Distracted)""]","[""Motor Vehicle in Motion"",""Motor Vehicle in Motion""]"
0,0,"Atlanta Police Department","2022-01-04","Fraser St Se and Crumley St Se","(O) No Injury","Daylight","On Roadway - Non-Intersection","Not a Collision with Motor Vehicle","Fraser St Se","Dry","06:55:00","Lap and Shoulder Belt Used","Clear",0,33.739404,-84.386319,"Atlanta","FULTON","Other Non-Collision",,"Fence"
0,0,"Gsp Post 00","2022-01-04","I-75 N and Freedom Parkway","(O) No Injury","Dawn","On Roadway - Non-Intersection","Rear End","I-75 N","Dry","17:30:00","[""Lap and Shoulder Belt Used"",""Child Restraint System (Properly Used)"",""Lap and Shoulder Belt Used"",""Lap and Shoulder Belt Used""]","Clear",0,33.762826,-84.38234,"Atlanta","FULTON","[""Motor Vehicle in Motion"",""Motor Vehicle in Motion"",""Motor Vehicle in Motion""]","Following Too Close","[""Motor Vehicle in Motion"",""Motor Vehicle in Motion"",""Motor Vehicle in Motion""]"
0,0,"Atlanta Police Department","2022-01-04","Piedmont Ave Ne and John Portman Blvd Ne","(O) No Injury","Daylight","On Roadway - Non-Intersection","Sideswipe-Same Direction","Piedmont Ave Ne","Dry","15:42:00","[""Lap and Shoulder Belt Used"",""Lap and Shoulder Belt Used"",""Lap and Shoulder Belt Used""]","Clear",0,33.760581,-84.382174,"Atlanta","FULTON","[""Motor Vehicle in Motion"",""Motor Vehicle in Motion""]",,"[""Motor Vehicle in Motion"",""Motor Vehicle in Motion""]"
0,0,"Atlanta Police Department","2022-01-04","Northside Dr Nw and Donald Lee Hollowell Pkwy Nw","(C) Possible Injury / Complaint","Dark-Lighted","On Roadway - Driveway Intersection","Angle Crash","Northside Dr Nw","Dry","18:10:00","[""Unknown"",""Unknown""]","Clear",0,33.77318,-84.408762,"Atlanta","FULTON","[""Motor Vehicle in Motion"",""Motor Vehicle in Motion""]",,"[""Motor Vehicle in Motion"",""Motor Vehicle in Motion""]"
0,0,"Atlanta Police Department","2022-01-04","10Th St Nw and Fielder Ave Nw","(O) No Injury","Dark-Lighted","On Roadway - Roadway Intersection","Sideswipe-Opposite Direction","Fielder Ave Nw","Dry","01:00:00","[""Lap and Shoulder Belt Used"",""Lap and Shoulder Belt Used""]","Clear",0,33.781558,-84.408336,"Atlanta","FULTON","[""Motor Vehicle in Motion"",""Motor Vehicle in Motion""]","Failure to Yield","[""Motor Vehicle in Motion"",""Motor Vehicle in Motion""]"
0,0,"Atlanta Police Department","2022-01-04","None and I-20","(O) No Injury","Dark-Lighted","Entrance/Exit Ramp","Not a Collision with Motor Vehicle","I-20","Dry","04:45:00","Lap and Shoulder Belt Used","Clear",0,33.745118,-84.347553,"Atlanta","DEKALB","Guard Rail End","Driver Lost Control","Guard Rail End"
0,0,"Gsp Post 00","2022-01-04","10Th St and I-75I-85Sb","(O) No Injury","Daylight","On Roadway - Non-Intersection","Sideswipe-Same Direction","I-75I-85Sb","Dry","08:10:00","[""Unknown"",""Lap and Shoulder Belt Used""]","Clear",0,33.780303,-84.391216,"Atlanta","FULTON","[""Motor Vehicle in Motion"",""Motor Vehicle in Motion""]","Changed Lanes Improperly","[""Motor Vehicle in Motion"",""Motor Vehicle in Motion""]"
0,0,"Atlanta Police Department","2022-01-04","Pharr Rd Nw and Peachtree Rd Ne","(O) No Injury","Daylight","On Roadway - Non-Intersection","Angle Crash","Peachtree Rd Ne","Dry","12:45:00","[""Lap and Shoulder Belt Used"",""Lap and Shoulder Belt Used""]","Clear",0,33.836769,-84.381556,"Atlanta","FULTON","[""Motor Vehicle in Motion"",""Motor Vehicle in Motion""]","Failure to Yield","[""Motor Vehicle in Motion"",""Motor Vehicle in Motion""]"
0,0,"Atlanta Police Department","2022-01-04","Joseph E Lowery Blvd Sw and Atlanta Student Movement Blvd Sw","(O) No Injury","Daylight","On Roadway - Roadway Intersection","Rear End","Atlanta Student Movement Blvd Sw","Wet","12:25:00","[""Unknown"",""Unknown""]","Cloudy",0,33.749182,-84.417404,"Atlanta","FULTON","[""Motor Vehicle in Motion"",""Motor Vehicle in Motion""]","Following Too Close","[""Motor Vehicle in Motion"",""Motor Vehicle in Motion""]"
0,0,"Atlanta Police Department","2022-01-04","Pryor Rd Sw and University Ave Sw","(C) Possible Injury / Complaint","Dark-Not Lighted","On Roadway - Roadway Intersection","Angle Crash","University Ave Sw","Dry","21:20:00","[""Unknown"",""Unknown""]","Clear",0,33.721945,-84.393365,"Atlanta","FULTON","[""Motor Vehicle in Motion"",""Motor Vehicle in Motion""]",,"[""Motor Vehicle in Motion"",""Motor Vehicle in Motion""]"
0,0,"Atlanta Police Department","2022-01-04","None and Jonesboro Rd Se Rp","(O) No Injury","Daylight","On Roadway - Roadway Intersection","Rear End","Jonesboro Rd Se Rp","Dry","09:03:00","[""Unknown"",""Lap and Shoulder Belt Used"",""Lap and Shoulder Belt Used""]","Clear",0,33.653108,-84.367556,"Atlanta","FULTON","[""Motor Vehicle in Motion"",""Motor Vehicle in Motion""]","Following Too Close","[""Motor Vehicle in Motion"",""Motor Vehicle in Motion""]"
0,0,"Gsp Post 00","2022-01-04","I-7585 South and 10Th St Overpass","(O) No Injury","Daylight","On Roadway - Non-Intersection","Rear End","I-7585 South","Dry","07:59:00","[""Lap and Shoulder Belt Used"",""Lap and Shoulder Belt Used"",""Lap and Shoulder Belt Used"",""Lap and Shoulder Belt Used"",""Lap and Shoulder Belt Used""]","Clear",0,33.78072,-84.391216,"Atlanta","FULTON","[""Motor Vehicle in Motion"",""Motor Vehicle in Motion"",""Motor Vehicle in Motion"",""Motor Vehicle in Motion"",""Motor Vehicle in Motion""]","[""Following Too Close"",""Too Fast for Conditions""]","[""Motor Vehicle in Motion"",""Motor Vehicle in Motion"",""Motor Vehicle in Motion"",""Motor Vehicle in Motion"",""Motor Vehicle in Motion""]"
0,0,"Gsp Post 00","2022-01-04","Interstate 20 West and Lee Street Overpass","(O) No Injury","Daylight","On Roadway - Non-Intersection","Rear End","Interstate 20 West","Dry","15:16:00","[""Lap and Shoulder Belt Used"",""Lap and Shoulder Belt Used"",""Lap and Shoulder Belt Used""]","Clear",0,33.742266,-84.404771,"Atlanta","FULTON","[""Motor Vehicle in Motion"",""Motor Vehicle in Motion""]","Following Too Close","[""Motor Vehicle in Motion"",""Motor Vehicle in Motion""]"
0,0,"Atlanta Police Department","2022-01-04","Stone Rd Sw and Bunker Hill Dr Sw","(O) No Injury","Dark-Lighted","On Roadway - Roadway Intersection","Angle Crash","Bunker Hill Dr Sw","Dry","11:25:00","[""Lap and Shoulder Belt Used"",""Lap and Shoulder Belt Used""]","Clear",0,33.684333,-84.510148,"Atlanta","FULTON","[""Motor Vehicle in Motion"",""Motor Vehicle in Motion""]",,"[""Motor Vehicle in Motion"",""Motor Vehicle in Motion""]"
0,0,"Atlanta Police Department","2022-01-04","14Th St Nw and Mecaslin St Nw","(O) No Injury","Dark-Lighted","On Roadway - Roadway Intersection","Head On","Mecaslin St Nw","Dry","13:45:00","[""Unknown"",""Unknown""]","Clear",0,33.786195,-84.399808,"Atlanta","FULTON","[""Motor Vehicle in Motion"",""Motor Vehicle in Motion""]","Failure to Yield","[""Motor Vehicle in Motion"",""Motor Vehicle in Motion""]"
0,0,"Atlanta Police Department","2022-01-04","Peachtree Center Ave Ne and John Wesley Dobbs Ave Ne","(O) No Injury","Dark-Lighted","On Roadway - Roadway Intersection","Angle Crash","John Wesley Dobbs Ave Ne","Dry","17:30:00","[""Lap and Shoulder Belt Used"",""Lap and Shoulder Belt Used""]","Clear",0,33.757137,-84.386103,"Atlanta","FULTON","[""Motor Vehicle in Motion"",""Motor Vehicle in Motion""]","Failure to Yield","[""Motor Vehicle in Motion"",""Motor Vehicle in Motion""]"
0,0,"Atlanta Police Department","2022-01-04","Roswell Rd Ne and Lakeland Dr Nw","(O) No Injury","Daylight","On Roadway - Non-Intersection","Angle Crash","Roswell Rd Ne","Dry","10:01:00","[""Lap and Shoulder Belt Used"",""Lap and Shoulder Belt Used""]","Clear",0,33.848685,-84.382665,"Atlanta","FULTON","[""Motor Vehicle in Motion"",""Motor Vehicle in Motion""]","Failure to Yield","[""Motor Vehicle in Motion"",""Motor Vehicle in Motion""]"