"# Serious Injuries","# Visible Injuries","Agency Name (Crash Level) ","Date","Intersection Name (from Crash Report)","KABCO Severity","Light Conditions (Crash Level)","Location at Impact (Crash Level) ","Manner of Collision (Crash Level) ","Roadway (From Crash Report)","Surface Condition (Crash Level) ","Time","Safety Equipment (Crash Level) ","Weather Conditions (Crash Level)","# of Fatalities per Crash","Latitude","Longitude","Geolocated City","Geolocated County","First Harmful Event (Unit Order)","Operator/Pedestrian Contrib Factor (excl None, Other, No Contrib Factors)","Most Harmful Event (Crash Level)"
0,0,"Atlanta Police Department","2022-01-05","Monroe Dr Ne and Piedmont Ave Ne","(O) No Injury","Daylight","Off Roadway","Sideswipe-Same Direction","Monroe Dr Ne","Dry","16:30:00","[""None Used"",""None Used""]","Clear",0,33.797038,-84.369039,"Atlanta","FULTON","[""Motor Vehicle in Motion"",""Motor Vehicle in Motion""]",,"[""Motor Vehicle in Motion"",""Motor Vehicle in Motion""]"
0,1,"Gsp Post 00","2022-01-05","Sewanee Ave and Joseph E. Boone Boulevard","(B) Suspected Minor/Visible Injury","Daylight","Off Roadway","Not a Collision with Motor Vehicle","Joseph E. Boone Boulevard","Dry","17:35:00","None Used","Clear",0,33.764349,-84.457441,"Atlanta","FULTON","Utility Pole","[""Disregard Police - Evasion"",""Exceeding Speed Limit"",""Reckless Driving""]","Utility Pole"
0,1,"Atlanta Police Department","2022-01-05","I-285 S and Bolton Rd Nw","(B) Suspected Minor/Visible Injury","Dark-Not Lighted","On Roadway - Non-Intersection","Angle Crash","Bolton Rd Nw","Ice/Frost","03:00:00","[""Unknown"",""Unknown"",""Unknown"",""Unknown"",""Unknown""]","Clear",0,33.79773,-84.487465,"Atlanta","FULTON","[""Motor Vehicle in Motion"",""Motor Vehicle in Motion"",""Motor Vehicle in Motion""]",,"[""Motor Vehicle in Motion"",""Motor Vehicle in Motion"",""Motor Vehicle in Motion""]"
0,0,"Atlanta Police Department","2022-01-05","None and I-75 Rp","(O) No Injury","Daylight","On Roadway - Managed Lane (HOV, HOT, Reversible)","Rear End","I-75 Rp","Dry","14:00:00","[""Unknown"",""Unknown""]","Clear",0,33.72474,-84.393947,"Atlanta","FULTON","[""Motor Vehicle in Motion"",""Motor Vehicle in Motion""]","Following Too Close","[""Motor Vehicle in Motion"",""Motor Vehicle in Motion""]"
0,0,"Gsp Post 00","2022-01-05","Bolton Road and Fairburn Road","(O) No Injury","Daylight","Off Roadway","Angle Crash","Fairburn Road","Dry","10:35:00","[""Lap and Shoulder Belt Used"",""Lap and Shoulder Belt Used""]","Cloudy",0,33.778589,-84.500031,"Atlanta","FULTON","[""Curb"",""Motor Vehicle in Motion""]","[""Driver Lost Control"",""Disregard Police - Evasion"",""Reckless Driving""]","[""Motor Vehicle in Motion"",""Motor Vehicle in Motion""]"
0,0,"Atlanta Police Department","2022-01-05","None and I-20","(O) No Injury","Daylight","On Roadway - Non-Intersection","Sideswipe-Same Direction","I-20","Dry","14:54:00","[""Unknown"",""Unknown""]","Clear",0,33.743445,-84.375643,"Atlanta","FULTON","[""Motor Vehicle in Motion"",""Motor Vehicle in Motion""]","Changed Lanes Improperly","[""Motor Vehicle in Motion"",""Motor Vehicle in Motion""]"
0,0,"Atlanta Police Department","2022-01-05","None and I-75","(O) No Injury","Dawn","On Roadway - Non-Intersection","Rear End","I-75","Dry","19:30:00","[""Lap and Shoulder Belt Used"",""Lap and Shoulder Belt Used""]","Clear",0,33.727894,-84.393586,"Atlanta","FULTON","[""Motor Vehicle in Motion"",""Motor Vehicle in Motion""]","Following Too Close","[""Motor Vehicle in Motion"",""Motor Vehicle in Motion""]"
0,0,"Atlanta Police Department","2022-01-05","None and Fairburn Rd Sw","(O) No Injury","Dark-Lighted","On Roadway - Non-Intersection","Not a Collision with Motor Vehicle","Fairburn Rd Sw","Dry","00:05:00","[""Unknown"",""Child Restraint System (Properly Used)"",""Child Restraint System (Properly Used)"",""Unknown""]","Clear",0,33.756206,-84.505505,"Atlanta","FULTON","Deer",,"Deer"
0,0,"Gsp Post 00","2022-01-05","Bolton Road Nw and Fairburn Road Nw","(C) Possible Injury / Complaint","Daylight","Off Roadway","Angle Crash","Bolton Road Nw","Dry","10:41:00","[""Lap and Shoulder Belt Used"",""Lap and Shoulder Belt Used""]","Clear",0,33.773319,-84.507077,"Atlanta","FULTON","[""Motor Vehicle in Motion"",""Motor Vehicle in Motion""]","Disregard Police - Evasion","[""Motor Vehicle in Motion"",""Motor Vehicle in Motion""]"
0,0,"Atlanta Police Department","2022-01-05","6Th St Ne and Juniper St Ne","(O) No Injury","Dark-Lighted","On Roadway - Roadway Intersection","Rear End","Juniper St Ne","Dry","22:27:00","[""Lap and Shoulder Belt Used"",""Lap and Shoulder Belt Used""]","Cloudy",0,33.777234,-84.382848,"Atlanta","FULTON","[""Motor Vehicle in Motion"",""Motor Vehicle in Motion""]","Improper Backing","[""Motor Vehicle in Motion"",""Motor Vehicle in Motion""]"
0,0,"Atlanta Police Department","2022-01-05","None and I-285","(O) No Injury","Daylight","On Roadway - Driveway Intersection","Rear End","I-285","Dry","18:10:00","[""Unknown"",""Lap and Shoulder Belt Used""]","Clear",0,33.651042,-84.366737,"Atlanta","FULTON","[""Motor Vehicle in Motion"",""Motor Vehicle in Motion""]","Improper Backing","Motor Vehicle in Motion"
0,0,"Atlanta Police Department","2022-01-05","I-75 and John Wesley Dobbs Ave Ne","(O) No Injury","Daylight","On Roadway - Non-Intersection","Sideswipe-Same Direction","I-75","Dry","15:33:00","[""Lap and Shoulder Belt Used"",""Lap and Shoulder Belt Used"",""Lap and Shoulder Belt Used""]","Clear",0,33.757792,-84.378881,"Atlanta","FULTON","[""Motor Vehicle in Motion"",""Motor Vehicle in Motion"",""Motor Vehicle in Motion""]","Changed Lanes Improperly","[""Motor Vehicle in Motion"",""Motor Vehicle in Motion"",""Motor Vehicle in Motion""]"
0,0,"Atlanta Police Department","2022-01-05","None and I-75","(O) No Injury","Daylight","On Roadway - Non-Intersection","Sideswipe-Same Direction","I-75","Dry","09:30:00","[""Unknown"",""Lap and Shoulder Belt Used""]","Clear",0,33.777406,-84.390728,"Atlanta","FULTON","[""Motor Vehicle in Motion"",""Motor Vehicle in Motion""]","Changed Lanes Improperly","Motor Vehicle in Motion"
0,0,"Gsp Post 00","2022-01-06","I-85Sb and Armor Dr","(O) No Injury","Dark-Lighted","On Roadway - Non-Intersection","Rear End","I-85Sb","Wet","18:45:00","[""Lap and Shoulder Belt Used"",""Lap and Shoulder Belt Used"",""Lap and Shoulder Belt Used""]","Cloudy",0,33.808971,-84.377673,"Atlanta","FULTON","[""Motor Vehicle in Motion"",""Motor Vehicle in Motion""]","Following Too Close","[""Motor Vehicle in Motion"",""Motor Vehicle in Motion""]"
0,0,"Gsp Post 00","2022-01-06","I-285 and I-20 Eb","(O) No Injury","Daylight","On Roadway - Non-Intersection","Rear End","I-20 Eb","Wet","15:20:00","[""Lap and Shoulder Belt Used"",""Lap and Shoulder Belt Used""]","Rain",0,33.765275,-84.51184,"Atlanta","FULTON","[""Motor Vehicle in Motion"",""Motor Vehicle in Motion""]","Following Too Close","[""Motor Vehicle in Motion"",""Motor Vehicle in Motion""]"
0,0,"Gsp Post 00","2022-01-06","I-75 N and Freedom Parkway","(C) Possible Injury / Complaint","Daylight","On Roadway - Non-Intersection","Angle Crash","I-75 N","Dry","10:20:00","[""Lap and Shoulder Belt Used"",""Lap and Shoulder Belt Used""]","Clear",0,33.763044,-84.382607,"Atlanta","FULTON","[""Motor Vehicle in Motion"",""Motor Vehicle in Motion""]","[""Following Too Close"",""Changed Lanes Improperly""]","[""Motor Vehicle in Motion"",""Motor Vehicle in Motion""]"
0,1,"Gsp Post 00","2022-01-06","None and I-20 Ramp To I-7585 South","(B) Suspected Minor/Visible Injury","Daylight","Entrance/Exit Ramp","Rear End","I-20 Ramp To I-7585 South","Wet","16:50:00","[""Lap and Shoulder Belt Used"",""Unknown""]","Cloudy",0,33.741484,-84.392017,"Atlanta","FULTON","[""Motor Vehicle in Motion"",""Motor Vehicle in Motion""]","Following Too Close","[""Motor Vehicle in Motion"",""Motor Vehicle in Motion""]"
0,0,"Atlanta Police Department","2022-01-06","Piedmont Rd Ne and Sidney Marcus Blvd Ne","(O) No Injury","Daylight","On Roadway - Roadway Intersection","Rear End","Sidney Marcus Blvd Ne","Dry","13:14:00","[""Lap and Shoulder Belt Used"",""Lap and Shoulder Belt Used"",""Lap and Shoulder Belt Used""]","Cloudy",0,33.825913,-84.366544,"Atlanta","FULTON","[""Motor Vehicle in Motion"",""Motor Vehicle in Motion""]","Improper Backing","[""Motor Vehicle in Motion"",""Motor Vehicle in Motion""]"
0,0,"Atlanta Police Department","2022-01-06","None and John Portman Blvd Nw","(O) No Injury","Dawn","On Roadway - Driveway Intersection","Rear End","John Portman Blvd Nw","Dry","22:30:00","Unknown","Clear",0,33.760986,-84.388,"Atlanta","FULTON","[""Motor Vehicle in Motion"",""Motor Vehicle in Motion""]","[""Reckless Driving"",""Inattentive or Other Distraction (Distracted)""]","[""Motor Vehicle in Motion"",""Motor Vehicle in Motion""]"
0,0,"Gsp Post 00","2022-01-06","I-85 North and Cleveland Ave","(C) Possible Injury / Complaint","Dusk","Off Roadway","Not a Collision with Motor Vehicle","I-85 North","Wet","17:19:00","[""Lap and Shoulder Belt Used"",""Lap and Shoulder Belt Used"",""Lap and Shoulder Belt Used""]","Rain",0,33.681105,-84.411571,"Atlanta","FULTON","Median Barrier","[""Driver Lost Control"",""Too Fast for Conditions""]","Median Barrier"
0,0,"Atlanta Police Department","2022-01-06","Baker St Ne and Courtland St Ne","(O) No Injury","Dark-Lighted","On Roadway - Non-Intersection","Angle Crash","Courtland St Ne","Dry","00:15:00","[""Lap and Shoulder Belt Used"",""Lap and Shoulder Belt Used""]","Clear",0,33.762402,-84.384153,"Atlanta","FULTON","[""Motor Vehicle in Motion"",""Motor Vehicle in Motion""]","Changed Lanes Improperly","[""Motor Vehicle in Motion"",""Motor Vehicle in Motion""]"
0,0,"Hapeville Police Department","2022-01-06","Woolman Pl and N Outer Loop Rd","(O) No Injury","Daylight","On Roadway - Roadway Intersection","Angle Crash","N Outer Loop Rd","Dry","14:30:00","[""Lap and Shoulder Belt Used"",""Lap and Shoulder Belt Used""]","Cloudy",0,33.657486,-84.427008,"Hapeville","FULTON","[""Motor Vehicle in Motion"",""Motor Vehicle in Motion""]","Changed Lanes Improperly","[""Motor Vehicle in Motion"",""Motor Vehicle in Motion""]"
0,0,"Gsp Post 00","2022-01-06","10Th St and I-7585 North","(C) Possible Injury / Complaint","Daylight","On Roadway - Non-Intersection","Rear End","I-7585 North","Dry","08:03:00","[""Lap and Shoulder Belt Used"",""Lap and Shoulder Belt Used""]","Cloudy",0,33.777899,-84.390795,"Atlanta","FULTON","[""Motor Vehicle in Motion"",""Motor Vehicle in Motion""]","Following Too Close","[""Motor Vehicle in Motion"",""Motor Vehicle in Motion""]"
0,0,"Atlanta Police Department","2022-01-06","Bolton Rd Nw and Northwest Dr Nw","(C) Possible Injury / Complaint","Daylight","On Roadway - Roadway Intersection","Rear End","Bolton Rd Nw","Water (standing or moving)","15:00:00","[""Unknown"",""Unknown"",""Unknown""]","Cloudy",0,33.800126,-84.487796,"Atlanta","FULTON","[""Motor Vehicle in Motion"",""Motor Vehicle in Motion""]",,"[""Motor Vehicle in Motion"",""Motor Vehicle in Motion""]"
0,0,"Gsp Post 00","2022-01-06","None and I-75Sb Exit Ramp To Howell Mil","(O) No Injury","Dark-Lighted","Entrance/Exit Ramp","Rear End","I-75Sb Exit Ramp To Howell Mil","Wet","19:23:00","[""Lap and Shoulder Belt Used"",""Lap and Shoulder Belt Used""]","Cloudy",0,33.804432,-84.413621,"Atlanta","FULTON","[""Motor Vehicle in Motion"",""Motor Vehicle in Motion""]",,"[""Motor Vehicle in Motion"",""Motor Vehicle in Motion""]"
0,0,"Gsp Post 00","2022-01-06","17Th Street and Interstate 85 Northbound","(O) No Injury","Dawn","On Roadway - Non-Intersection","Sideswipe-Same Direction","Interstate 85 Northbound","Dry","07:30:00","[""Lap and Shoulder Belt Used"",""Lap and Shoulder Belt Used"",""Lap and Shoulder Belt Used"",""Child Restraint System (Properly Used)""]","Clear",0,33.796093,-84.393258,"Atlanta","FULTON","[""Motor Vehicle in Motion"",""Motor Vehicle in Motion"",""Motor Vehicle in Motion""]","Changed Lanes Improperly","[""Motor Vehicle in Motion"",""Motor Vehicle in Motion"",""Motor Vehicle in Motion""]"
0,0,"Atlanta Police Department","2022-01-06","7Th St Ne and Juniper St Ne","(O) No Injury","Daylight","On Roadway - Non-Intersection","Sideswipe-Same Direction","7Th St Ne","Dry","13:00:00","[""Lap and Shoulder Belt Used"",""Lap and Shoulder Belt Used""]","Clear",0,33.778387,-84.382116,"Atlanta","FULTON","[""Motor Vehicle in Motion"",""Motor Vehicle in Motion""]",,"[""Motor Vehicle in Motion"",""Motor Vehicle in Motion""]"
0,0,"Gsp Post 00","2022-01-06","I-7585 Nb and Edgewood Avenue","(O) No Injury","Daylight","On Roadway - Non-Intersection","Rear End","I-7585 Nb","Wet","16:30:00","[""Lap and Shoulder Belt Used"",""Lap and Shoulder Belt Used"",""Lap and Shoulder Belt Used"",""Lap and Shoulder Belt Used"",""Lap Belt Only Used"",""Lap and Shoulder Belt Used""]","Rain",0,33.751199,-84.38039,"Atlanta","FULTON","[""Motor Vehicle in Motion"",""Motor Vehicle in Motion""]","Changed Lanes Improperly","[""Motor Vehicle in Motion"",""Motor Vehicle in Motion""]"
0,0,"Atlanta Police Department","2022-01-06","Evans St Sw and Oglethorpe Ave Sw","(O) No Injury","Daylight","On Roadway - Driveway Intersection","Angle Crash","Oglethorpe Ave Sw","Wet","16:00:00","[""Lap and Shoulder Belt Used"",""Lap and Shoulder Belt Used""]","Rain",0,33.735849,-84.415071,"Atlanta","FULTON","[""Motor Vehicle in Motion"",""Motor Vehicle in Motion""]","Improper Passing","[""Motor Vehicle in Motion"",""Motor Vehicle in Motion""]"
0,0,"Atlanta Police Department","2022-01-06","Avery Dr Ne and Piedmont Ave Ne","(C) Possible Injury / Complaint","Dark-Lighted","On Roadway - In Crosswalk","Not a Collision with Motor Vehicle","Piedmont Ave Ne","Dry","18:20:00","[""Unknown"",""None Used""]","Cloudy",0,33.79436,-84.371832,"Atlanta","FULTON","[""Motor Vehicle in Motion"",""Motor Vehicle in Motion""]","Reckless Driving","Motor Vehicle in Motion"
0,0,"Gsp Post 00","2022-01-06","I-7585 North and 14Th St Overpass","(O) No Injury","Daylight","On Roadway - Non-Intersection","Rear End","I-7585 North","Dry","17:28:00","[""Lap and Shoulder Belt Used"",""Lap and Shoulder Belt Used""]","Clear",0,33.789064,-84.390814,"Atlanta","FULTON","[""Motor Vehicle in Motion"",""Motor Vehicle in Motion""]","Following Too Close","[""Motor Vehicle in Motion"",""Motor Vehicle in Motion""]"
0,0,"Atlanta Police Department","2022-01-06","None and Benjamin E Mays Dr Sw","(O) No Injury","Dark-Lighted","Off Roadway - Sidewalk","Not a Collision with Motor Vehicle","Benjamin E Mays Dr Sw","Dry","21:50:00","Unknown","Clear",0,33.739999,-84.509143,"Atlanta","FULTON","Fence","Driver Lost Control","Fence"
0,0,"Atlanta Police Department","2022-01-06","Rankin St Ne and Glen Iris Dr Ne","(O) No Injury","Daylight","On Roadway - Roadway Intersection","Sideswipe-Same Direction","Rankin St Ne","Dry","13:00:00","Lap and Shoulder Belt Used","Clear",0,33.767086,-84.367758,"Atlanta","FULTON","[""Motor Vehicle in Motion"",""Motor Vehicle in Motion""]","Misjudged Clearance","[""Motor Vehicle in Motion"",""Motor Vehicle in Motion""]"
0,0,"Atlanta Police Department","2022-01-06","Fairburn Rd Sw and Bakers Ferry Dr Sw","(O) No Injury","Dark-Lighted","On Roadway - Roadway Intersection","Head On","Fairburn Rd Sw","Dry","17:00:00","[""Unknown"",""Lap and Shoulder Belt Used""]","Clear",0,33.759403,-84.505472,"Atlanta","FULTON","[""Motor Vehicle in Motion"",""Motor Vehicle in Motion""]","No Signal/Improper Signal","[""Motor Vehicle in Motion"",""Motor Vehicle in Motion""]"
0,1,"Clayton Co Police Department","2022-01-06",,"(B) Suspected Minor/Visible Injury","Dark-Not Lighted","Gore","Rear End","I 285","Dry","06:38:00","Lap and Shoulder Belt Used","Clear",0,33.653728,-84.365744,"Atlanta","FULTON","[""Parked Motor Vehicle"",""Motor Vehicle in Motion""]","Reaction to Object or Animal","[""Parked Motor Vehicle"",""Motor Vehicle in Motion""]"
0,0,"Gsp Post 00","2022-01-06","I-7585 North and Fulton Street","(O) No Injury","Daylight","On Roadway - Non-Intersection","Rear End","I-7585 North","Wet","17:10:00","[""Unknown"",""Unknown"",""Unknown"",""Unknown"",""Unknown"",""Unknown"",""Unknown"",""Unknown"",""Lap and Shoulder Belt Used""]","Cloudy",0,33.72992,-84.392488,"Atlanta","FULTON","[""Motor Vehicle in Motion"",""Motor Vehicle in Motion""]","Following Too Close","[""Motor Vehicle in Motion"",""Motor Vehicle in Motion""]"
0,0,"Atlanta Police Department","2022-01-06","Piedmont Rd Ne and Sidney Marcus Blvd Ne","(O) No Injury","Daylight","On Roadway - Roadway Intersection","Rear End","Sidney Marcus Blvd Ne","Dry","13:03:00","[""Lap and Shoulder Belt Used"",""Lap and Shoulder Belt Used""]","Clear",0,33.825914,-84.36714,"Atlanta","FULTON","[""Motor Vehicle in Motion"",""Motor Vehicle in Motion""]","Following Too Close","[""Motor Vehicle in Motion"",""Motor Vehicle in Motion""]"
0,0,"Gsp Post 00","2022-01-06","Howell Mill Rd and Chattahoochee Ave","(O) No Injury","Daylight","On Roadway - Roadway Intersection","Angle Crash","Chattahoochee Ave","Wet","15:10:00","[""Lap and Shoulder Belt Used"",""Lap and Shoulder Belt Used""]","Rain",0,33.799594,-84.416011,"Atlanta","FULTON","[""Motor Vehicle in Motion"",""Motor Vehicle in Motion""]",,"[""Motor Vehicle in Motion"",""Motor Vehicle in Motion""]"
0,0,"Atlanta Police Department","2022-01-06","Treadwell Cir Sw and Martin Luther King Jr Dr Sw","(O) No Injury","Dark-Lighted","Entrance/Exit Ramp","Angle Crash","Martin Luther King Jr Dr Sw","Dry","17:57:00","[""Lap and Shoulder Belt Used"",""Lap and Shoulder Belt Used""]","Clear",0,33.754332,-84.497268,"Atlanta","FULTON","[""Motor Vehicle in Motion"",""Motor Vehicle in Motion""]","Failure to Yield","[""Motor Vehicle in Motion"",""Motor Vehicle in Motion""]"
0,0,"Gsp Post 00","2022-01-06","I-85 North and Peachtree St Overpass","(O) No Injury","Dark-Lighted","On Roadway - Non-Intersection","Sideswipe-Same Direction","I-85 North","Dry","18:35:00","[""Unknown"",""Lap and Shoulder Belt Used"",""Lap and Shoulder Belt Used""]","Clear",0,33.80064,-84.389277,"Atlanta","FULTON","[""Motor Vehicle in Motion"",""Motor Vehicle in Motion"",""Motor Vehicle in Motion""]",,"[""Motor Vehicle in Motion"",""Motor Vehicle in Motion"",""Motor Vehicle in Motion""]"
0,0,"Gsp Post 00","2022-01-06","I-285 and I-20 Wb","(O) No Injury","Dark-Lighted","On Roadway - Non-Intersection","Rear End","I-20 Wb","Wet","17:51:00","[""Lap and Shoulder Belt Used"",""Lap and Shoulder Belt Used""]","Cloudy",0,33.759691,-84.481311,"Atlanta","FULTON","[""Other Non-Collision"",""Motor Vehicle in Motion""]",,"Motor Vehicle in Motion"
0,0,"Atlanta Police Department","2022-01-06","Piedmont Rd Ne and Lakeshore Dr Ne","(C) Possible Injury / Complaint","Daylight","On Roadway - Non-Intersection","Rear End","Piedmont Rd Ne","Wet","16:58:00","[""Unknown"",""Lap and Shoulder Belt Used"",""Lap and Shoulder Belt Used"",""Lap and Shoulder Belt Used"",""Lap and Shoulder Belt Used""]","Rain",0,33.816367,-84.366703,"Atlanta","FULTON","[""Motor Vehicle in Motion"",""Motor Vehicle in Motion"",""Motor Vehicle in Motion"",""Motor Vehicle in Motion""]","Following Too Close","[""Motor Vehicle in Motion"",""Motor Vehicle in Motion"",""Motor Vehicle in Motion"",""Motor Vehicle in Motion""]"
0,0,"Atlanta Police Department","2022-01-06","Marietta St Nw and Ivan Allen Jr Blvd Nw","(C) Possible Injury / Complaint","Daylight","On Roadway - Roadway Intersection","Angle Crash","Ivan Allen Jr Blvd Nw","Dry","09:20:00","[""Unknown"",""Unknown"",""Unknown"",""Unknown""]","Clear",0,33.764254,-84.397254,"Atlanta","FULTON","[""Motor Vehicle in Motion"",""Motor Vehicle in Motion""]","Disregard Stop Sign/Signal","[""Motor Vehicle in Motion"",""Motor Vehicle in Motion""]"
0,0,"Atlanta Police Department","2022-01-06","Langston Dr Sw and Perkerson Rd Sw","(C) Possible Injury / Complaint","Daylight","On Roadway - Roadway Intersection","Angle Crash","Langston Dr Sw","Dry","14:09:00","[""Lap and Shoulder Belt Used"",""Lap and Shoulder Belt Used"",""Lap and Shoulder Belt Used"",""Lap and Shoulder Belt Used""]","Clear",0,33.695316,-84.411648,"Atlanta","FULTON","[""Motor Vehicle in Motion"",""Motor Vehicle in Motion""]","[""Disregard Stop Sign/Signal"",""Disregard Stop Sign/Signal""]","[""Motor Vehicle in Motion"",""Motor Vehicle in Motion""]"
0,0,"Atlanta Police Department","2022-01-06","I-285 S and Donald Lee Hollowell Pkwy Nw","(O) No Injury","Daylight","On Roadway - Roadway Intersection","Rear End","Donald Lee Hollowell Pkwy Nw","Wet","14:00:00","[""Unknown"",""Unknown""]","Cloudy",0,33.786916,-84.493134,"Atlanta","FULTON","[""Motor Vehicle in Motion"",""Motor Vehicle in Motion""]",,"[""Motor Vehicle in Motion"",""Motor Vehicle in Motion""]"
0,0,"Atlanta Police Department","2022-01-06","Boulder Park Dr Sw and Martin Luther King Jr Dr Sw","(O) No Injury","Dark-Lighted","On Roadway - Roadway Intersection","Rear End","Martin Luther King Jr Dr Sw","Wet","16:20:00","[""Unknown"",""Unknown""]","Rain",0,33.751265,-84.490279,"Atlanta","FULTON","[""Motor Vehicle in Motion"",""Motor Vehicle in Motion""]","Following Too Close","[""Motor Vehicle in Motion"",""Motor Vehicle in Motion""]"
0,0,"Gsp Post 00","2022-01-06","I-75 Sb and Northside Drive","(O) No Injury","Daylight","On Roadway - Non-Intersection","Sideswipe-Same Direction","I-75 Sb","Dry","09:27:00","[""Lap Belt Only Used"",""Lap and Shoulder Belt Used"",""Lap and Shoulder Belt Used""]","Clear",0,33.798256,-84.396025,"Atlanta","FULTON","[""Motor Vehicle in Motion"",""Motor Vehicle in Motion"",""Motor Vehicle in Motion""]","Changed Lanes Improperly","[""Motor Vehicle in Motion"",""Motor Vehicle in Motion"",""Motor Vehicle in Motion""]"
0,0,"Atlanta Police Department","2022-01-06","None and I-75","(O) No Injury","Dark-Lighted","Entrance/Exit Ramp","Rear End","I-75","Water (standing or moving)","17:30:00","[""Unknown"",""Unknown""]","Cloudy",0,33.754093,-84.378108,"Atlanta","FULTON","[""Motor Vehicle in Motion"",""Motor Vehicle in Motion""]","Following Too Close","[""Motor Vehicle in Motion"",""Motor Vehicle in Motion""]"
0,0,"Atlanta Police Department","2022-01-06","None and Phillips Dr Se","(O) No Injury","Daylight","On Roadway - Driveway Intersection","Rear End","Phillips Dr Se","Dry","15:30:00","Lap and Shoulder Belt Used","Cloudy",0,33.699264,-84.353794,"Atlanta","FULTON","[""Motor Vehicle in Motion"",""Motor Vehicle in Motion""]",,"[""Motor Vehicle in Motion"",""Motor Vehicle in Motion""]"
0,0,"Atlanta Police Department","2022-01-06","10Th St Nw and Holly St Nw","(O) No Injury","Dark-Lighted","Off Roadway - Sidewalk","Not a Collision with Motor Vehicle","10Th St Nw","Dry","00:00:00","Lap and Shoulder Belt Used","Clear",0,33.781499,-84.394813,"Atlanta","FULTON","Other Non-Collision","Changed Lanes Improperly","Utility Pole"
0,0,"Gsp Post 00","2022-01-06","I-285 and I-20 West","(O) No Injury","Daylight","On Roadway - Non-Intersection","Rear End","I-20 West","Wet","17:30:00","[""Lap and Shoulder Belt Used"",""Lap and Shoulder Belt Used""]","Cloudy",0,33.761433,-84.48609,"Atlanta","FULTON","[""Motor Vehicle in Motion"",""Motor Vehicle in Motion""]","Following Too Close","[""Motor Vehicle in Motion"",""Motor Vehicle in Motion""]"
0,0,"Atlanta Police Department","2022-01-06","Northside Pkwy Nw and W Paces Ferry Rd Nw","(C) Possible Injury / Complaint","Daylight","On Roadway - Roadway Intersection","Rear End","Northside Pkwy Nw","Dry","13:30:00","[""Lap and Shoulder Belt Used"",""Lap and Shoulder Belt Used""]","Cloudy",0,33.850035,-84.430236,"Atlanta","FULTON","[""Motor Vehicle in Motion"",""Motor Vehicle in Motion""]","Following Too Close","[""Motor Vehicle in Motion"",""Motor Vehicle in Motion""]"
0,0,"Gsp Post 00","2022-01-06","Deering Road and Interstate 75 Southbound","(C) Possible Injury / Complaint","Daylight","On Roadway - Non-Intersection","Sideswipe-Same Direction","Interstate 75 Southbound","Dry","08:50:00","[""Lap and Shoulder Belt Used"",""Lap and Shoulder Belt Used"",""Lap and Shoulder Belt Used""]","Clear",0,33.794146,-84.393436,"Atlanta","FULTON","[""Motor Vehicle in Motion"",""Motor Vehicle in Motion"",""Motor Vehicle in Motion""]","Changed Lanes Improperly","[""Motor Vehicle in Motion"",""Motor Vehicle in Motion"",""Motor Vehicle in Motion""]"
0,0,"Atlanta Police Department","2022-01-06","Courtland St Ne and Andrew Young International Blvd Ne","(O) No Injury","Dark-Lighted","On Roadway - Non-Intersection","Rear End","Courtland St Ne","Wet","17:32:00","[""Lap and Shoulder Belt Used"",""Lap and Shoulder Belt Used""]","Cloudy",0,33.759364,-84.384204,"Atlanta","FULTON","[""Motor Vehicle in Motion"",""Motor Vehicle in Motion""]","Following Too Close","[""Motor Vehicle in Motion"",""Motor Vehicle in Motion""]"
0,0,"Gsp Post 00","2022-01-06","I-7585 N and Spring Street","(O) No Injury","Dark-Not Lighted","On Roadway - Non-Intersection","Sideswipe-Same Direction","I-7585 N","Wet","18:15:00","[""Lap and Shoulder Belt Used"",""Lap and Shoulder Belt Used""]","Cloudy",0,33.768683,-84.389692,"Atlanta","FULTON","[""Motor Vehicle in Motion"",""Motor Vehicle in Motion""]","Changed Lanes Improperly","[""Motor Vehicle in Motion"",""Motor Vehicle in Motion""]"
0,0,"Atlanta Police Department","2022-01-06","Jefferson St Nw and Marietta Blvd Nw","(O) No Injury","Daylight","On Roadway - Roadway Intersection","Rear End","Jefferson St Nw","Dry","12:52:00","[""Unknown"",""Unknown""]","Cloudy",0,33.775605,-84.425792,"Atlanta","FULTON","[""Motor Vehicle in Motion"",""Motor Vehicle in Motion""]",,"[""Motor Vehicle in Motion"",""Motor Vehicle in Motion""]"
0,0,"Gsp Post 00","2022-01-06","I-285 Nb and N Camp Creek Pkwy","(O) No Injury","Daylight","On Roadway - Non-Intersection","Rear End","I-285 Nb","Wet","16:23:00","[""Unknown"",""Lap and Shoulder Belt Used""]","Rain",0,33.669627,-84.497886,"Atlanta","FULTON","[""Motor Vehicle in Motion"",""Motor Vehicle in Motion""]","Changed Lanes Improperly","[""Motor Vehicle in Motion"",""Motor Vehicle in Motion""]"
0,0,"Gsp Post 00","2022-01-06","I-7585 South and Courtland Street","(O) No Injury","Daylight","On Roadway - Non-Intersection","Rear End","I-7585 South","Dry","13:55:00","[""Lap and Shoulder Belt Used"",""Lap and Shoulder Belt Used""]","Clear",0,33.764429,-84.384011,"Atlanta","FULTON","[""Motor Vehicle in Motion"",""Motor Vehicle in Motion""]","Following Too Close","[""Motor Vehicle in Motion"",""Motor Vehicle in Motion""]"