"# Serious Injuries","# Visible Injuries","Agency Name (Crash Level) ","Date","Intersection Name (from Crash Report)","KABCO Severity","Light Conditions (Crash Level)","Location at Impact (Crash Level) ","Manner of Collision (Crash Level) ","Roadway (From Crash Report)","Surface Condition (Crash Level) ","Time","Safety Equipment (Crash Level) ","Weather Conditions (Crash Level)","# of Fatalities per Crash","Latitude","Longitude","Geolocated City","Geolocated County","First Harmful Event (Unit Order)","Operator/Pedestrian Contrib Factor (excl None, Other, No Contrib Factors)","Most Harmful Event (Crash Level)"
0,0,"Gsp Post 00","2022-01-06","14Th Street and I-7585 North","(C) Possible Injury / Complaint","Daylight","On Roadway - Non-Intersection","Rear End","I-7585 North","Wet","17:00:00","[""Lap and Shoulder Belt Used"",""Child Restraint System (Improperly Used)"",""Lap and Shoulder Belt Used"",""Lap and Shoulder Belt Used"",""Lap and Shoulder Belt Used""]","Rain",0,33.787271,-84.39082,"Atlanta","FULTON","[""Motor Vehicle in Motion"",""Motor Vehicle in Motion""]","Following Too Close","[""Motor Vehicle in Motion"",""Motor Vehicle in Motion""]"
0,0,"Atlanta Police Department","2022-01-06","None and Howell Mill Rd Nw","(O) No Injury","Dusk","On Roadway - Driveway Intersection","Angle Crash","Howell Mill Rd Nw","Wet","15:30:00","[""Lap and Shoulder Belt Used"",""Lap and Shoulder Belt Used""]","Cloudy",0,33.804054,-84.413794,"Atlanta","FULTON","[""Motor Vehicle in Motion"",""Motor Vehicle in Motion""]","Failure to Yield","[""Motor Vehicle in Motion"",""Motor Vehicle in Motion""]"
0,0,"Atlanta Police Department","2022-01-06","Exit 76 and Cleveland Ave Sw","(O) No Injury","Dark-Lighted","On Roadway - Roadway Intersection","Angle Crash","Cleveland Ave Sw","Dry","19:30:00","[""Unknown"",""Unknown"",""Unknown"",""Unknown""]","Cloudy",0,33.681312,-84.411036,"Atlanta","FULTON","[""Motor Vehicle in Motion"",""Motor Vehicle in Motion""]","Changed Lanes Improperly","[""Motor Vehicle in Motion"",""Motor Vehicle in Motion""]"
0,0,"Atlanta Police Department","2022-01-06","17Th St Nw and Howell Mill Rd Nw","(O) No Injury","Daylight","On Roadway - Non-Intersection","Sideswipe-Same Direction","Howell Mill Rd Nw","Dry","17:20:00","[""Unknown"",""Unknown""]","Clear",0,33.790473,-84.412077,"Atlanta","FULTON","[""Motor Vehicle in Motion"",""Motor Vehicle in Motion""]","[""Not Visible (Object, Person, or Vehicle)"",""Misjudged Clearance"",""Changed Lanes Improperly""]","[""Motor Vehicle in Motion"",""Motor Vehicle in Motion""]"
0,0,"Atlanta Police Department","2022-01-06","Glen Iris Dr Ne and Ralph Mcgill Blvd Ne","(O) No Injury","Dawn","On Roadway - Roadway Intersection","Angle Crash","Ralph Mcgill Blvd Ne","Dry","06:20:00","[""Unknown"",""Unknown""]","Clear",0,33.763934,-84.367804,"Atlanta","FULTON","[""Motor Vehicle in Motion"",""Motor Vehicle in Motion""]","Failure to Yield","[""Motor Vehicle in Motion"",""Motor Vehicle in Motion""]"
0,0,"Atlanta Police Department","2022-01-06","Fairburn Rd Nw and Martin Luther King Jr Dr Sw","(O) No Injury","Dark-Lighted","On Roadway - Roadway Intersection","Angle Crash","Fairburn Rd Nw","Dry","20:11:00","[""Unknown"",""Lap and Shoulder Belt Used""]","Clear",0,33.759574,-84.505422,"Atlanta","FULTON","[""Motor Vehicle in Motion"",""Motor Vehicle in Motion""]","Failure to Yield","[""Motor Vehicle in Motion"",""Motor Vehicle in Motion""]"
0,0,"Atlanta Police Department","2022-01-06","I-75 and Exit 243","(O) No Injury","Dark-Lighted","On Roadway - Non-Intersection","Sideswipe-Same Direction","I-75","Dry","20:36:00","[""Unknown"",""Unknown""]","Clear",0,33.705029,-84.403933,"Atlanta","FULTON","[""Motor Vehicle in Motion"",""Motor Vehicle in Motion""]",,"[""Motor Vehicle in Motion"",""Motor Vehicle in Motion""]"
0,1,"Gsp Post 00","2022-01-06","I-20 East and Mcdaniel St","(B) Suspected Minor/Visible Injury","Daylight","On Roadway - Non-Intersection","Rear End","I-20 East","Dry","12:37:00","[""Lap and Shoulder Belt Used"",""Lap and Shoulder Belt Used""]","Cloudy",0,33.741856,-84.40514,"Atlanta","FULTON","[""Motor Vehicle in Motion"",""Motor Vehicle in Motion""]",,"[""Median Barrier"",""Motor Vehicle in Motion""]"
0,0,"Atlanta Police Department","2022-01-06","Krog St Ne and Dekalb Ave Ne","(O) No Injury","Daylight","On Roadway - Non-Intersection","Sideswipe-Same Direction","Krog St Ne","Wet","16:30:00","[""None Used"",""None Used""]","Clear",0,33.753491,-84.363868,"Atlanta","FULTON","[""Motor Vehicle in Motion"",""Motor Vehicle in Motion""]",,"[""Motor Vehicle in Motion"",""Motor Vehicle in Motion""]"
0,0,"Atlanta Police Department","2022-01-06","Gilmer St Se and Jesse Hill Jr Dr Se","(O) No Injury","Daylight","On Roadway - Non-Intersection","Sideswipe-Same Direction","Jesse Hill Jr Dr Se","Dry","16:36:00","[""Unknown"",""Unknown"",""Unknown""]","Clear",0,33.751572,-84.383242,"Atlanta","FULTON","[""Motor Vehicle in Motion"",""Motor Vehicle in Motion""]","Failure to Yield","[""Motor Vehicle in Motion"",""Motor Vehicle in Motion""]"
0,0,"Gsp Post 00","2022-01-06","I-285 and I-20 West","(O) No Injury","Dark-Lighted","On Roadway - Non-Intersection","Rear End","I-20 West","Wet","18:29:00","[""Lap and Shoulder Belt Used"",""Lap and Shoulder Belt Used"",""Lap and Shoulder Belt Used"",""Lap and Shoulder Belt Used"",""Lap and Shoulder Belt Used""]","Clear",0,33.759343,-84.478917,"Atlanta","FULTON","[""Motor Vehicle in Motion"",""Motor Vehicle in Motion"",""Motor Vehicle in Motion""]","Following Too Close","[""Motor Vehicle in Motion"",""Motor Vehicle in Motion"",""Motor Vehicle in Motion""]"
0,0,"Gsp Post 00","2022-01-06","I-85 N and Peachtree St","(O) No Injury","Daylight","On Roadway - Non-Intersection","Rear End","I-85 N","Dry","11:50:00","[""Lap and Shoulder Belt Used"",""Lap and Shoulder Belt Used""]","Clear",0,33.804889,-84.382843,"Atlanta","FULTON","[""Motor Vehicle in Motion"",""Motor Vehicle in Motion""]","Following Too Close","[""Motor Vehicle in Motion"",""Motor Vehicle in Motion""]"
0,0,"Atlanta Police Department","2022-01-06","None and I-75","(O) No Injury","Dark-Lighted","On Roadway - Non-Intersection","Sideswipe-Same Direction","I-75","Dry","21:25:00","Lap and Shoulder Belt Used","Clear",0,33.763644,-84.383746,"Atlanta","FULTON","[""Motor Vehicle in Motion"",""Motor Vehicle in Motion""]","Changed Lanes Improperly","[""Motor Vehicle in Motion"",""Motor Vehicle in Motion""]"
0,0,"Atlanta Police Department","2022-01-06","Linden Ave Ne and Peachtree St Ne","(O) No Injury","Dark-Lighted","On Roadway - Roadway Intersection","Sideswipe-Same Direction","Peachtree St Ne","Wet","14:10:00","[""Lap and Shoulder Belt Used"",""Lap and Shoulder Belt Used""]","Cloudy",0,33.769816,-84.385141,"Atlanta","FULTON","[""Motor Vehicle in Motion"",""Motor Vehicle in Motion""]","[""Changed Lanes Improperly"",""Changed Lanes Improperly""]","[""Motor Vehicle in Motion"",""Motor Vehicle in Motion""]"
0,0,"Gsp Post 00","2022-01-06","I-7585 North and Ralph David Abernathy Blvd","(O) No Injury","Daylight","On Roadway - Non-Intersection","Rear End","I-7585 North","Wet","16:00:00","[""Unknown"",""Unknown"",""Unknown"",""Unknown""]","Cloudy",0,33.727071,-84.393386,"Atlanta","FULTON","[""Motor Vehicle in Motion"",""Motor Vehicle in Motion""]","Following Too Close","[""Motor Vehicle in Motion"",""Motor Vehicle in Motion""]"
0,0,"Gsp Post 00","2022-01-06","I-285 and I-20 West","(O) No Injury","Dark-Lighted","On Roadway - Non-Intersection","Rear End","I-20 West","Wet","17:13:00","[""Lap and Shoulder Belt Used"",""Lap and Shoulder Belt Used"",""Child Restraint System (Properly Used)""]","Cloudy",0,33.761809,-84.48685,"Atlanta","FULTON","[""Motor Vehicle in Motion"",""Motor Vehicle in Motion""]","Following Too Close","[""Ditch"",""Motor Vehicle in Motion""]"
0,0,"Atlanta Police Department","2022-01-06","Joseph E Boone Blvd Nw and Joseph E Lowery Blvd Nw","(O) No Injury","Daylight","On Roadway - Roadway Intersection","Sideswipe-Same Direction","Joseph E Boone Blvd Nw","Water (standing or moving)","15:15:00","[""Lap and Shoulder Belt Used"",""Lap and Shoulder Belt Used""]","Rain",0,33.763484,-84.417496,"Atlanta","FULTON","[""Motor Vehicle in Motion"",""Motor Vehicle in Motion""]",,"[""Motor Vehicle in Motion"",""Motor Vehicle in Motion""]"
0,0,"Gsp Post 00","2022-01-06","I-20 Eb and Exit 51B I-285 Nb Ramp","(C) Possible Injury / Complaint","Dark-Lighted","Entrance/Exit Ramp","Rear End","Exit 51B I-285 Nb Ramp","Wet","18:26:00","[""Lap and Shoulder Belt Used"",""Lap and Shoulder Belt Used""]","Cloudy",0,33.764025,-84.492163,"Atlanta","FULTON","[""Motor Vehicle in Motion"",""Motor Vehicle in Motion""]","Following Too Close","[""Motor Vehicle in Motion"",""Motor Vehicle in Motion""]"
0,0,"Atlanta Police Department","2022-01-06","I-20 W and Joseph E Lowery Blvd Sw","(O) No Injury","Daylight","On Roadway - Non-Intersection","Sideswipe-Same Direction","Joseph E Lowery Blvd Sw","Dry","10:00:00","[""Lap and Shoulder Belt Used"",""Lap and Shoulder Belt Used""]","Clear",0,33.741749,-84.41758,"Atlanta","FULTON","[""Motor Vehicle in Motion"",""Motor Vehicle in Motion""]",,"[""Motor Vehicle in Motion"",""Motor Vehicle in Motion""]"
0,0,"Gsp Post 00","2022-01-06","I-285 and I-20 Wb","(O) No Injury","Dark-Lighted","On Roadway - Non-Intersection","Rear End","I-20 Wb","Wet","17:59:00","[""Lap and Shoulder Belt Used"",""Lap and Shoulder Belt Used"",""Child Restraint System (Properly Used)"",""Lap and Shoulder Belt Used""]","Cloudy",0,33.759688,-84.481288,"Atlanta","FULTON","[""Motor Vehicle in Motion"",""Motor Vehicle in Motion""]","Following Too Close","[""Motor Vehicle in Motion"",""Motor Vehicle in Motion""]"
0,2,"Gsp Post 00","2022-01-06","I-285 South and Matrin Luther King Junior Driv","(B) Suspected Minor/Visible Injury","Daylight","On Roadway - Non-Intersection","Angle Crash","I-285 South","Dry","14:38:00","[""Lap and Shoulder Belt Used"",""Lap and Shoulder Belt Used"",""Lap and Shoulder Belt Used""]","Cloudy",0,33.758299,-84.493967,"Atlanta","FULTON","[""Motor Vehicle in Motion"",""Motor Vehicle in Motion""]","Driver Lost Control","[""Motor Vehicle in Motion"",""Motor Vehicle in Motion""]"
0,0,"Atlanta Police Department","2022-01-06","Wilson Mill Rd Sw and Bakers Ferry Rd Sw","(O) No Injury","Dark-Lighted","On Roadway - Driveway Intersection","Rear End","Bakers Ferry Rd Sw","Dry","15:00:00","[""Unknown"",""Lap and Shoulder Belt Used""]","Clear",0,33.756901,-84.515175,"Atlanta","FULTON","[""Motor Vehicle in Motion"",""Motor Vehicle in Motion""]",,"Motor Vehicle in Motion"
0,0,"Atlanta Police Department","2022-01-06","Hutchens Rd Se and Forrest Park Rd Se","(O) No Injury","Daylight","On Roadway - Non-Intersection","Angle Crash","Hutchens Rd Se","Water (standing or moving)","17:00:00","[""Lap and Shoulder Belt Used"",""Lap and Shoulder Belt Used""]","Cloudy",0,33.665959,-84.355424,"Atlanta","FULTON","[""Motor Vehicle in Motion"",""Motor Vehicle in Motion""]",,"[""Motor Vehicle in Motion"",""Motor Vehicle in Motion""]"
0,0,"Gsp Post 00","2022-01-06","I 85 Nb and Peachtree St","(C) Possible Injury / Complaint","Daylight","On Roadway - Non-Intersection","Sideswipe-Same Direction","I 85 Nb","Wet","16:55:00","[""Lap and Shoulder Belt Used"",""Lap and Shoulder Belt Used"",""Lap and Shoulder Belt Used"",""Booster Seat (Properly Used)"",""Booster Seat (Properly Used)"",""Lap and Shoulder Belt Used""]","Cloudy",0,33.803384,-84.384828,"Atlanta","FULTON","[""Motor Vehicle in Motion"",""Motor Vehicle in Motion""]","Under the Influence (U.I.)","[""Median Barrier"",""Median Barrier""]"
0,0,"Atlanta Police Department","2022-01-06","Piedmont Ave Ne and E Morningside Dr Ne","(O) No Injury","Daylight","On Roadway - Roadway Intersection","Angle Crash","Piedmont Ave Ne","Water (standing or moving)","16:30:00","[""None Used"",""None Used"",""None Used""]","Rain",0,33.799047,-84.36798,"Atlanta","FULTON","[""Motor Vehicle in Motion"",""Motor Vehicle in Motion"",""Motor Vehicle in Motion""]","Failure to Yield","[""Motor Vehicle in Motion"",""Motor Vehicle in Motion"",""Motor Vehicle in Motion""]"
0,0,"Atlanta Police Department","2022-01-06","5Th St Ne and Piedmont Ave Ne","(O) No Injury","Dark-Not Lighted","On Roadway - Non-Intersection","Rear End","Piedmont Ave Ne","Dry","20:30:00","Lap and Shoulder Belt Used","Clear",0,33.776517,-84.381392,"Atlanta","FULTON","[""Motor Vehicle in Motion"",""Motor Vehicle in Motion""]","Improper Backing","[""Motor Vehicle in Motion"",""Motor Vehicle in Motion""]"
0,0,"Gsp Post 00","2022-01-06","I-75 Sb and Northside Drive","(O) No Injury","Daylight","On Roadway - Non-Intersection","Sideswipe-Same Direction","I-75 Sb","Dry","09:00:00","[""Lap and Shoulder Belt Used"",""Lap and Shoulder Belt Used""]","Clear",0,33.80107,-84.400368,"Atlanta","FULTON","[""Motor Vehicle in Motion"",""Motor Vehicle in Motion""]","Changed Lanes Improperly","[""Motor Vehicle in Motion"",""Motor Vehicle in Motion""]"
0,0,"Gsp Post 00","2022-01-06","I-7585 Nb and Edgewood Ave","(O) No Injury","Daylight","On Roadway - Non-Intersection","Sideswipe-Same Direction","I-7585 Nb","Dry","09:44:00","[""Lap and Shoulder Belt Used"",""Lap and Shoulder Belt Used""]","Clear",0,33.748942,-84.383263,"Atlanta","FULTON","[""Motor Vehicle in Motion"",""Motor Vehicle in Motion""]","Changed Lanes Improperly","[""Motor Vehicle in Motion"",""Motor Vehicle in Motion""]"
0,0,"Atlanta Police Department","2022-01-06","Piedmont Rd Ne and Sidney Marcus Blvd Ne","(O) No Injury","Daylight","On Roadway - Roadway Intersection","Sideswipe-Same Direction","Piedmont Rd Ne","Wet","16:12:00","[""Lap and Shoulder Belt Used"",""Lap and Shoulder Belt Used"",""Lap and Shoulder Belt Used""]","Rain",0,33.826407,-84.367116,"Atlanta","FULTON","[""Motor Vehicle in Motion"",""Motor Vehicle in Motion""]","Changed Lanes Improperly","[""Motor Vehicle in Motion"",""Motor Vehicle in Motion""]"
0,0,"Gsp Post 00","2022-01-06","I-85Sb and Armour Dr","(O) No Injury","Dark-Lighted","On Roadway - Non-Intersection","Rear End","I-85Sb","Wet","17:45:00","[""Lap and Shoulder Belt Used"",""Lap and Shoulder Belt Used""]","Cloudy",0,33.809114,-84.377428,"Atlanta","FULTON","[""Motor Vehicle in Motion"",""Motor Vehicle in Motion""]","Following Too Close","[""Motor Vehicle in Motion"",""Motor Vehicle in Motion""]"
0,0,"Atlanta Police Department","2022-01-06","None and Peachtree Rd Ne","(O) No Injury","Dark-Lighted","On Roadway - Non-Intersection","Sideswipe-Same Direction","Peachtree Rd Ne","Wet","18:13:00","[""Unknown"",""Unknown"",""Unknown""]","Cloudy",0,33.854069,-84.356518,"Atlanta","FULTON","[""Motor Vehicle in Motion"",""Motor Vehicle in Motion"",""Motor Vehicle in Motion""]","Changed Lanes Improperly","[""Motor Vehicle in Motion"",""Motor Vehicle in Motion"",""Motor Vehicle in Motion""]"
0,0,"Gsp Post 00","2022-01-06","I-85 N and Metropolitan Pkwy","(C) Possible Injury / Complaint","Daylight","On Roadway - Non-Intersection","Rear End","I-85 N","Wet","16:15:00","[""Lap and Shoulder Belt Used"",""Lap and Shoulder Belt Used"",""Lap and Shoulder Belt Used""]","Rain",0,33.684392,-84.406928,"Atlanta","FULTON","[""Motor Vehicle in Motion"",""Motor Vehicle in Motion""]","Following Too Close","[""Motor Vehicle in Motion"",""Motor Vehicle in Motion""]"
0,0,"Atlanta Police Department","2022-01-06","None and I-20 Exit 59A Rp","(O) No Injury","Dark-Lighted","Entrance/Exit Ramp","Sideswipe-Same Direction","I-20 Exit 59A Rp","Dry","19:53:00","Unknown","Clear",0,33.74357,-84.358925,"Atlanta","FULTON","[""Motor Vehicle in Motion"",""Motor Vehicle in Motion""]","Changed Lanes Improperly","[""Motor Vehicle in Motion"",""Motor Vehicle in Motion""]"
0,0,"Atlanta Police Department","2022-01-06","3Rd Ave Se and Memorial Dr Se","(O) No Injury","Daylight","On Roadway - Non-Intersection","Rear End","Memorial Dr Se","Other","16:00:00","[""Shoulder Belt Only Used"",""Unknown"",""Unknown""]","Rain",0,33.747279,-84.308379,"Atlanta","DEKALB","[""Motor Vehicle in Motion"",""Motor Vehicle in Motion""]","Following Too Close","[""Motor Vehicle in Motion"",""Motor Vehicle in Motion""]"
0,1,"Gsp Post 00","2022-01-06","Ga-13 S and Piedmont Road","(B) Suspected Minor/Visible Injury","Dusk","On Shoulder","Not a Collision with Motor Vehicle","Ga-13 S","Wet","17:42:00","Lap and Shoulder Belt Used","Rain",0,33.811923,-84.369016,"Atlanta","FULTON","Other Non-Collision","Driver Lost Control","Median Barrier"
0,0,"Atlanta Police Department","2022-01-06","I-75 and Crown Rd Se","(O) No Injury","Dark-Lighted","On Shoulder","Rear End","I-75","Dry","01:30:00","[""Lap and Shoulder Belt Used"",""Lap and Shoulder Belt Used"",""Lap and Shoulder Belt Used"",""Child Restraint System (Properly Used)""]","Clear",0,33.652734,-84.39618,"Atlanta","FULTON","[""Motor Vehicle in Motion"",""Parked Motor Vehicle""]","Following Too Close","[""Motor Vehicle in Motion"",""Parked Motor Vehicle""]"
0,0,"Atlanta Police Department","2022-01-06","Spring St Nw and Linden Ave Nw","(O) No Injury","Daylight","On Roadway - Non-Intersection","Sideswipe-Same Direction","Spring St Nw","Dry","12:00:00","[""Lap and Shoulder Belt Used"",""Lap and Shoulder Belt Used""]","Clear",0,33.770481,-84.388857,"Atlanta","FULTON","[""Motor Vehicle in Motion"",""Motor Vehicle in Motion""]","Changed Lanes Improperly","[""Motor Vehicle in Motion"",""Motor Vehicle in Motion""]"
0,0,"Atlanta Police Department","2022-01-06","Greenbriar Pkwy Sw and Continental Colony Pkwy Sw","(O) No Injury","Dark-Lighted","On Roadway - Non-Intersection","Sideswipe-Same Direction","Continental Colony Pkwy Sw","Wet","18:10:00","[""Lap and Shoulder Belt Used"",""Lap and Shoulder Belt Used""]","Cloudy",0,33.686141,-84.491468,"Atlanta","FULTON","[""Motor Vehicle in Motion"",""Motor Vehicle in Motion""]","Changed Lanes Improperly","[""Motor Vehicle in Motion"",""Motor Vehicle in Motion""]"
0,0,"Atlanta Police Department","2022-01-07","Maynard Ter Se and Memorial Dr Se","(O) No Injury","Dusk","On Roadway - Roadway Intersection","Sideswipe-Opposite Direction","Memorial Dr Se","Dry","16:15:00","[""Unknown"",""Lap and Shoulder Belt Used"",""Lap and Shoulder Belt Used""]","Clear",0,33.747475,-84.333216,"Atlanta","DEKALB","[""Parked Motor Vehicle"",""Motor Vehicle in Motion""]","Misjudged Clearance","Motor Vehicle in Motion"
0,0,"Gsp Post 00","2022-01-07","I-85 N and Metropolitan Pkwy","(O) No Injury","Daylight","On Roadway - Non-Intersection","Not a Collision with Motor Vehicle","I-85 N","Dry","11:30:00","[""Lap and Shoulder Belt Used"",""Lap and Shoulder Belt Used""]","Clear",0,33.696917,-84.405088,"Atlanta","FULTON","Other Object (Not Fixed)",,"Impact Attenuate"
0,0,"Atlanta Police Department","2022-01-07","I-75 and Auburn Ave Ne","(O) No Injury","Dark-Lighted","On Roadway - Non-Intersection","Sideswipe-Same Direction","I-75","Dry","00:05:00","[""Unknown"",""Unknown""]","Clear",0,33.755764,-84.378229,"Atlanta","FULTON","[""Motor Vehicle in Motion"",""Motor Vehicle in Motion""]","Changed Lanes Improperly","[""Motor Vehicle in Motion"",""Motor Vehicle in Motion""]"
0,0,"Gsp Post 00","2022-01-07","Burns Street and 1045 Moreland Avenue","(O) No Injury","Daylight","On Roadway - Non-Intersection","Sideswipe-Opposite Direction","1045 Moreland Avenue","Dry","13:53:00","[""Lap and Shoulder Belt Used"",""Lap and Shoulder Belt Used""]","Clear",0,33.726002,-84.349419,"Atlanta","FULTON","[""Motor Vehicle in Motion"",""Motor Vehicle in Motion""]","Improper Backing","[""Motor Vehicle in Motion"",""Motor Vehicle in Motion""]"
0,0,"Atlanta Police Department","2022-01-07","Echo St Nw and Donald Lee Hollowell Pkwy Nw","(O) No Injury","Daylight","On Roadway - Non-Intersection","Sideswipe-Same Direction","Donald Lee Hollowell Pkwy Nw","Dry","09:55:00","[""Lap and Shoulder Belt Used"",""Lap and Shoulder Belt Used""]","Clear",0,33.773146,-84.409997,"Atlanta","FULTON","[""Motor Vehicle in Motion"",""Motor Vehicle in Motion""]","Misjudged Clearance","[""Motor Vehicle in Motion"",""Motor Vehicle in Motion""]"
0,0,"Atlanta Police Department","2022-01-07","Memorial Dr Se and Moreland Ave Se","(O) No Injury","Dawn","On Roadway - Non-Intersection","Rear End","Moreland Ave Se","Dry","18:10:00","[""Unknown"",""Unknown""]","Clear",0,33.746788,-84.349109,"Atlanta","DEKALB","[""Motor Vehicle in Motion"",""Motor Vehicle in Motion""]","Following Too Close","[""Motor Vehicle in Motion"",""Motor Vehicle in Motion""]"
0,0,"Atlanta Police Department","2022-01-07","None and Ga-13","(C) Possible Injury / Complaint","Dark-Not Lighted","Off Roadway","Rear End","Ga-13","Dry","21:22:00","[""Lap and Shoulder Belt Used"",""Lap and Shoulder Belt Used""]","Clear",0,33.810987,-84.371149,"Atlanta","FULTON","[""Impact Attenuate"",""Impact Attenuate""]","Following Too Close","[""Impact Attenuate"",""Impact Attenuate""]"
0,0,"Gsp Post 00","2022-01-07","I-285 Nb and Exit Ramp To Bolton Road","(O) No Injury","Dark-Not Lighted","Entrance/Exit Ramp","Rear End","Exit Ramp To Bolton Road","Dry","19:13:00","[""Lap and Shoulder Belt Used"",""Lap and Shoulder Belt Used""]","Clear",0,33.800299,-84.487855,"Atlanta","FULTON","[""Motor Vehicle in Motion"",""Motor Vehicle in Motion""]","[""Following Too Close"",""Failure to Yield""]","[""Motor Vehicle in Motion"",""Motor Vehicle in Motion""]"
0,0,"Atlanta Police Department","2022-01-07","None and Beeler Dr Sw","(C) Possible Injury / Complaint","Dark-Lighted","On Roadway - Collector Distributor (CD)","Head On","Beeler Dr Sw","Dry","21:30:00","[""Lap and Shoulder Belt Used"",""Lap and Shoulder Belt Used"",""Lap and Shoulder Belt Used"",""Lap and Shoulder Belt Used"",""Lap Belt Only Used""]","Clear",0,33.681365,-84.401187,"Atlanta","FULTON","[""Motor Vehicle in Motion"",""Motor Vehicle in Motion""]",,"[""Motor Vehicle in Motion"",""Motor Vehicle in Motion""]"
0,0,"Atlanta Police Department","2022-01-07","Anjaco Rd Nw and Collier Rd Nw","(O) No Injury","Daylight","On Roadway - Roadway Intersection","Angle Crash","Collier Rd Nw","Dry","07:30:00","[""Lap and Shoulder Belt Used"",""Lap and Shoulder Belt Used""]","Clear",0,33.807967,-84.396404,"Atlanta","FULTON","[""Motor Vehicle in Motion"",""Motor Vehicle in Motion""]","Failure to Yield","[""Motor Vehicle in Motion"",""Motor Vehicle in Motion""]"
0,0,"Atlanta Police Department","2022-01-07","Piedmont Rd Ne and Lakeshore Dr Ne","(O) No Injury","Daylight","On Roadway - Non-Intersection","Sideswipe-Same Direction","Piedmont Rd Ne","Dry","12:50:00","[""Unknown"",""Unknown""]","Clear",0,33.816099,-84.366655,"Atlanta","FULTON","[""Motor Vehicle in Motion"",""Motor Vehicle in Motion""]","Changed Lanes Improperly","[""Motor Vehicle in Motion"",""Motor Vehicle in Motion""]"
0,0,"Atlanta Police Department","2022-01-07","Peters St Sw and Walker St Sw","(O) No Injury","Daylight","On Roadway - Driveway Intersection","Angle Crash","Walker St Sw","Dry","15:30:00","[""Unknown"",""Unknown""]","Clear",0,33.745883,-84.403555,"Atlanta","FULTON","[""Motor Vehicle in Motion"",""Motor Vehicle in Motion""]",,"[""Motor Vehicle in Motion"",""Motor Vehicle in Motion""]"
0,0,"Gsp Post 00","2022-01-07","Georgia 400 and Interstate 85 Southbound","(O) No Injury","Daylight","On Roadway - Non-Intersection","Rear End","Interstate 85 Southbound","Dry","08:50:00","[""Lap and Shoulder Belt Used"",""Lap and Shoulder Belt Used""]","Clear",0,33.813631,-84.366634,"Atlanta","FULTON","[""Motor Vehicle in Motion"",""Motor Vehicle in Motion""]","Following Too Close","[""Motor Vehicle in Motion"",""Motor Vehicle in Motion""]"
0,0,"Atlanta Police Department","2022-01-07","I-20 and I-285 S","(C) Possible Injury / Complaint","Dark-Lighted","On Roadway - Non-Intersection","Sideswipe-Same Direction","I-20","Dry","21:45:00","[""Lap and Shoulder Belt Used"",""Lap and Shoulder Belt Used""]","Clear",0,33.765724,-84.496314,"Atlanta","FULTON","[""Motor Vehicle in Motion"",""Motor Vehicle in Motion""]","Improper Passing","[""Motor Vehicle in Motion"",""Motor Vehicle in Motion""]"
0,0,"Atlanta Police Department","2022-01-07","Lee St Sw and Donnelly Ave Sw","(C) Possible Injury / Complaint","Dark-Lighted","On Roadway - Non-Intersection","Rear End","Lee St Sw","Dry","21:21:00","[""Unknown"",""Unknown""]","Clear",0,33.7273,-84.41751,"Atlanta","FULTON","[""Motor Vehicle in Motion"",""Motor Vehicle in Motion""]",,"[""Motor Vehicle in Motion"",""Motor Vehicle in Motion""]"
0,0,"Gsp Post 00","2022-01-07","I-7585 N and University Ave","(C) Possible Injury / Complaint","Dark-Lighted","On Roadway - Non-Intersection","Rear End","I-7585 N","Dry","18:19:00","[""Lap and Shoulder Belt Used"",""Lap and Shoulder Belt Used"",""Child Restraint System (Properly Used)"",""Lap and Shoulder Belt Used""]","Clear",0,33.721118,-84.395348,"Atlanta","FULTON","[""Motor Vehicle in Motion"",""Motor Vehicle in Motion""]","Following Too Close","[""Motor Vehicle in Motion"",""Motor Vehicle in Motion""]"
0,0,"Gsp Post 00","2022-01-07","I-7585 S and Mlk Jr Blvd","(O) No Injury","Daylight","On Roadway - Non-Intersection","Rear End","I-7585 S","Dry","12:30:00","[""Lap and Shoulder Belt Used"",""Lap and Shoulder Belt Used"",""Lap and Shoulder Belt Used""]","Clear",0,33.750928,-84.381805,"Atlanta","FULTON","[""Motor Vehicle in Motion"",""Motor Vehicle in Motion"",""Motor Vehicle in Motion""]","Following Too Close","[""Motor Vehicle in Motion"",""Motor Vehicle in Motion"",""Motor Vehicle in Motion""]"
0,0,"Atlanta Police Department","2022-01-07","Stovall St Se and Sanders Ave Se","(O) No Injury","Daylight","Off Roadway","Not a Collision with Motor Vehicle","Stovall St Se","Dry","10:00:00","Unknown","Clear",0,33.741984,-84.354398,"Atlanta","FULTON","Fence","Driver Condition","Fence"
0,0,"Gsp Post 00","2022-01-07","I-20 Eb and Boulevard Se","(C) Possible Injury / Complaint","Daylight","On Roadway - Non-Intersection","Sideswipe-Same Direction","I-20 Eb","Dry","09:50:00","[""Unknown"",""Lap and Shoulder Belt Used""]","Clear",0,33.743309,-84.369565,"Atlanta","FULTON","[""Motor Vehicle in Motion"",""Motor Vehicle in Motion""]","Changed Lanes Improperly","[""Motor Vehicle in Motion"",""Motor Vehicle in Motion""]"
0,0,"Gsp Post 00","2022-01-07","I-285 Sb and Donald Lee Hollowell Pkwy","(O) No Injury","Daylight","On Roadway - Non-Intersection","Rear End","I-285 Sb","Dry","15:00:00","[""Lap and Shoulder Belt Used"",""Lap and Shoulder Belt Used""]","Clear",0,33.769401,-84.495189,"Atlanta","FULTON","[""Motor Vehicle in Motion"",""Motor Vehicle in Motion""]","Following Too Close","[""Motor Vehicle in Motion"",""Motor Vehicle in Motion""]"