"# Serious Injuries","# Visible Injuries","Agency Name (Crash Level) ","Date","Intersection Name (from Crash Report)","KABCO Severity","Light Conditions (Crash Level)","Location at Impact (Crash Level) ","Manner of Collision (Crash Level) ","Roadway (From Crash Report)","Surface Condition (Crash Level) ","Time","Safety Equipment (Crash Level) ","Weather Conditions (Crash Level)","# of Fatalities per Crash","Latitude","Longitude","Geolocated City","Geolocated County","First Harmful Event (Unit Order)","Operator/Pedestrian Contrib Factor (excl None, Other, No Contrib Factors)","Most Harmful Event (Crash Level)"
0,0,"Atlanta Police Department","2022-01-08","None and I-75","(O) No Injury","Daylight","On Roadway - Non-Intersection","Rear End","I-75","Dry","16:53:00","[""Unknown"",""Unknown"",""Booster Seat (Properly Used)""]","Clear",0,33.798023,-84.395882,"Atlanta","FULTON","[""Motor Vehicle in Motion"",""Motor Vehicle in Motion""]","Following Too Close","[""Motor Vehicle in Motion"",""Motor Vehicle in Motion""]"
0,0,"Atlanta Police Department","2022-01-08","Courtland St Ne and Andrew Young International Blvd Ne","(O) No Injury","Daylight","On Roadway - Non-Intersection","Sideswipe-Same Direction","Andrew Young International Blvd Ne","Dry","08:26:00","[""Unknown"",""Unknown""]","Clear",0,33.759644,-84.384199,"Atlanta","FULTON","[""Motor Vehicle in Motion"",""Motor Vehicle in Motion""]","Improper Turn","[""Motor Vehicle in Motion"",""Motor Vehicle in Motion""]"
0,0,"Atlanta Police Department","2022-01-08","E Paces Ferry Rd Ne and E Shadowlawn Ave Ne","(O) No Injury","Daylight","On Roadway - Non-Intersection","Sideswipe-Same Direction","E Shadowlawn Ave Ne","Dry","15:55:00","Unknown","Clear",0,33.838829,-84.374124,"Atlanta","FULTON","[""Parked Motor Vehicle"",""Motor Vehicle in Motion""]","Misjudged Clearance","[""Parked Motor Vehicle"",""Motor Vehicle in Motion""]"
0,0,"Atlanta Police Department","2022-01-08","None and I-75","(O) No Injury","Dawn","On Roadway - Non-Intersection","Rear End","I-75","Dry","02:15:00","[""Unknown"",""Lap and Shoulder Belt Used""]","Clear",0,33.756698,-84.378642,"Atlanta","FULTON","[""Motor Vehicle in Motion"",""Motor Vehicle in Motion""]","[""Aggressive Driving"",""Driver Condition"",""Reckless Driving"",""Too Fast for Conditions""]","[""Motor Vehicle in Motion"",""Motor Vehicle in Motion""]"
0,0,"Atlanta Police Department","2022-01-08","Courtland St Ne and Andrew Young International Blvd Ne","(O) No Injury","Dark-Lighted","On Roadway - Roadway Intersection","Rear End","Andrew Young International Blvd Ne","Dry","21:00:00","[""Unknown"",""Unknown""]","Other",0,33.759644,-84.384199,"Atlanta","FULTON","[""Motor Vehicle in Motion"",""Motor Vehicle in Motion""]",,"[""Motor Vehicle in Motion"",""Motor Vehicle in Motion""]"
0,0,"Atlanta Police Department","2022-01-08","East Ave Ne and Boulevard Ne","(O) No Injury","Daylight","On Roadway - Non-Intersection","Rear End","Boulevard Ne","Dry","16:11:00","[""Lap and Shoulder Belt Used"",""Lap and Shoulder Belt Used"",""Lap and Shoulder Belt Used"",""Lap and Shoulder Belt Used""]","Clear",0,33.763003,-84.371979,"Atlanta","FULTON","[""Motor Vehicle in Motion"",""Motor Vehicle in Motion"",""Motor Vehicle in Motion""]","Following Too Close","[""Motor Vehicle in Motion"",""Motor Vehicle in Motion"",""Motor Vehicle in Motion""]"
0,0,"Atlanta Police Department","2022-01-08","None and I-85","(O) No Injury","Dark-Lighted","On Roadway - Non-Intersection","Sideswipe-Same Direction","I-85","Wet","20:18:00","[""Unknown"",""Unknown"",""Unknown""]","Cloudy",0,33.796965,-84.393335,"Atlanta","FULTON","[""Motor Vehicle in Motion"",""Motor Vehicle in Motion""]","Changed Lanes Improperly","[""Motor Vehicle in Motion"",""Motor Vehicle in Motion""]"
0,0,"Atlanta Police Department","2022-01-08","Joseph E Lowery Blvd Nw and Donald Lee Hollowell Pkwy Nw","(C) Possible Injury / Complaint","Dark-Not Lighted","On Roadway - Roadway Intersection","Angle Crash","Joseph E Lowery Blvd Nw","Dry","18:15:00","[""Unknown"",""Unknown""]","Clear",0,33.773044,-84.417345,"Atlanta","FULTON","[""Motor Vehicle in Motion"",""Motor Vehicle in Motion""]","Improper Turn","[""Motor Vehicle in Motion"",""Motor Vehicle in Motion""]"
0,0,"Atlanta Police Department","2022-01-08","13Th St Ne and Crescent Ave Ne","(C) Possible Injury / Complaint","Daylight","On Roadway - Roadway Intersection","Angle Crash","13Th St Ne","Dry","16:31:00","[""Unknown"",""Unknown"",""Unknown""]","Clear",0,33.785621,-84.384218,"Atlanta","FULTON","[""Motor Vehicle in Motion"",""Motor Vehicle in Motion"",""Motor Vehicle in Motion""]","Failure to Yield","[""Motor Vehicle in Motion"",""Motor Vehicle in Motion"",""Motor Vehicle in Motion""]"
0,0,"Atlanta Police Department","2022-01-08","North Ave Nw and W Peachtree St Nw","(C) Possible Injury / Complaint","Dark-Lighted","On Roadway - Non-Intersection","Angle Crash","North Ave Nw","Dry","02:03:00","[""Lap and Shoulder Belt Used"",""Lap and Shoulder Belt Used"",""Lap and Shoulder Belt Used""]","Cloudy",0,33.771306,-84.386764,"Atlanta","FULTON","[""Motor Vehicle in Motion"",""Motor Vehicle in Motion""]","[""Under the Influence (U.I.)"",""Improper Turn""]","[""Motor Vehicle in Motion"",""Motor Vehicle in Motion""]"
0,0,"Atlanta Police Department","2022-01-08","I-75 and Martin Luther King Jr Dr Se","(O) No Injury","Dark-Lighted","On Roadway - Non-Intersection","Rear End","I-75","Dry","19:28:00","[""Unknown"",""Unknown"",""Unknown""]","Clear",0,33.748513,-84.384892,"Atlanta","FULTON","[""Motor Vehicle in Motion"",""Motor Vehicle in Motion""]","Following Too Close","[""Motor Vehicle in Motion"",""Motor Vehicle in Motion""]"
0,0,"Atlanta Police Department","2022-01-08","Lindbergh Dr Ne and Cheshire Bridge Rd Ne","(O) No Injury","Daylight","On Roadway - Roadway Intersection","Angle Crash","Cheshire Bridge Rd Ne","Dry","06:00:00","[""Lap and Shoulder Belt Used"",""Lap and Shoulder Belt Used""]","Clear",0,33.818433,-84.351645,"Atlanta","FULTON","[""Motor Vehicle in Motion"",""Motor Vehicle in Motion""]","Failure to Yield","[""Motor Vehicle in Motion"",""Motor Vehicle in Motion""]"
0,0,"Atlanta Police Department","2022-01-08","None and Ga-13","(O) No Injury","Dark-Lighted","On Roadway - Non-Intersection","Head On","Ga-13","Dry","18:45:00","[""Unknown"",""Unknown""]","Clear",0,33.810453,-84.373638,"Atlanta","FULTON","[""Motor Vehicle in Motion"",""Motor Vehicle in Motion""]","Improper Backing","[""Motor Vehicle in Motion"",""Motor Vehicle in Motion""]"
0,0,"Atlanta Police Department","2022-01-08","I-85 and Metropolitan Pkwy","(O) No Injury","Dark-Lighted","On Roadway - Non-Intersection","Sideswipe-Same Direction","I-85","Dry","18:48:00","Lap and Shoulder Belt Used","Clear",0,33.686423,-84.401942,"Atlanta","FULTON","[""Motor Vehicle in Motion"",""Motor Vehicle in Motion""]","Changed Lanes Improperly","Motor Vehicle in Motion"
0,0,"Atlanta Police Department","2022-01-08","I-75 and Exit 248B","(O) No Injury","Daylight","On Roadway - Non-Intersection","Sideswipe-Same Direction","I-75","Dry","12:33:00","[""Unknown"",""Lap and Shoulder Belt Used"",""Lap and Shoulder Belt Used"",""Booster Seat (Properly Used)""]","Clear",0,33.751647,-84.379881,"Atlanta","FULTON","[""Motor Vehicle in Motion"",""Motor Vehicle in Motion""]","Changed Lanes Improperly","Motor Vehicle in Motion"
0,0,"Atlanta Police Department","2022-01-08","I-20 Eb and I-285 Sb","(O) No Injury","Daylight","On Roadway - Non-Intersection","Rear End","I-20 Eb","Dry","14:34:00","[""Lap and Shoulder Belt Used"",""Lap and Shoulder Belt Used"",""Lap and Shoulder Belt Used"",""Unknown""]","Clear",0,33.766095,-84.498505,"Atlanta","FULTON","[""Motor Vehicle in Motion"",""Motor Vehicle in Motion""]","Following Too Close","Motor Vehicle in Motion"
0,0,"Atlanta Police Department","2022-01-08","E Ontario Ave Sw and Ralph David Abernathy Blvd Sw","(O) No Injury","Daylight","On Roadway - Non-Intersection","Rear End","Ralph David Abernathy Blvd Sw","Dry","12:10:00","[""None Used"",""Unknown""]","Clear",0,33.743312,-84.437801,"Atlanta","FULTON","[""Motor Vehicle in Motion"",""Motor Vehicle in Motion""]","Following Too Close","[""Motor Vehicle in Motion"",""Motor Vehicle in Motion""]"
0,0,"Atlanta Police Department","2022-01-08","Whitehouse Dr Sw and Martin Luther King Jr Dr Nw","(O) No Injury","Daylight","On Roadway - Roadway Intersection","Angle Crash","Martin Luther King Jr Dr Nw","Dry","12:19:00","[""Unknown"",""Unknown""]","Clear",0,33.754754,-84.419573,"Atlanta","FULTON","[""Motor Vehicle in Motion"",""Motor Vehicle in Motion""]","[""Improper Turn"",""Wrong Side of Road""]","[""Motor Vehicle in Motion"",""Motor Vehicle in Motion""]"
0,0,"Atlanta Police Department","2022-01-09","Lenox Rd Ne and Buford Hwy Ne","(C) Possible Injury / Complaint","Dark-Lighted","On Roadway - Roadway Intersection","Angle Crash","Lenox Rd Ne","Wet","20:00:00","[""Unknown"",""Unknown"",""Unknown"",""Unknown""]","Rain",0,33.825575,-84.352783,"Atlanta","FULTON","[""Motor Vehicle in Motion"",""Motor Vehicle in Motion""]","Failure to Yield","[""Motor Vehicle in Motion"",""Motor Vehicle in Motion""]"
0,0,"Atlanta Police Department","2022-01-09","I-75 and Edgewood Ave Se","(O) No Injury","Dark-Lighted","On Roadway - Non-Intersection","Sideswipe-Same Direction","I-75","Wet","20:30:00","[""Unknown"",""Lap and Shoulder Belt Used""]","Rain",0,33.754384,-84.378361,"Atlanta","FULTON","[""Motor Vehicle in Motion"",""Motor Vehicle in Motion""]","Changed Lanes Improperly","[""Motor Vehicle in Motion"",""Motor Vehicle in Motion""]"
0,0,"Atlanta Police Department","2022-01-09","N Highland Ave Ne and Los Angeles Ave Ne","(O) No Injury","Daylight","On Roadway - Roadway Intersection","Angle Crash","Los Angeles Ave Ne","Dry","08:56:00","[""Lap and Shoulder Belt Used"",""Lap and Shoulder Belt Used""]","Clear",0,33.783861,-84.35466,"Atlanta","FULTON","[""Motor Vehicle in Motion"",""Motor Vehicle in Motion""]","Misjudged Clearance","[""Motor Vehicle in Motion"",""Motor Vehicle in Motion""]"
0,0,"Atlanta Police Department","2022-01-09","Howell Mill Rd Nw and Chattahoochee Ave Nw","(O) No Injury","Daylight","On Roadway - Non-Intersection","Angle Crash","Chattahoochee Ave Nw","Dry","11:00:00","[""Lap and Shoulder Belt Used"",""Lap and Shoulder Belt Used""]","Cloudy",0,33.799598,-84.416011,"Atlanta","FULTON","[""Motor Vehicle in Motion"",""Motor Vehicle in Motion""]","Changed Lanes Improperly","[""Motor Vehicle in Motion"",""Motor Vehicle in Motion""]"
0,0,"Atlanta Police Department","2022-01-09","I-75 N and Ralph David Abernathy","(O) No Injury","Daylight","On Roadway - Non-Intersection","Sideswipe-Same Direction","Ralph David Abernathy","Dry","09:30:00","[""Lap and Shoulder Belt Used"",""Lap and Shoulder Belt Used""]","Cloudy",0,33.741919,-84.391712,"Atlanta","FULTON","[""Motor Vehicle in Motion"",""Motor Vehicle in Motion""]","Changed Lanes Improperly","[""Motor Vehicle in Motion"",""Motor Vehicle in Motion""]"
0,0,"Gsp Post 00","2022-01-09","Decatur Street and Peachtree Center Avenue","(O) No Injury","Dark-Lighted","On Roadway - Non-Intersection","Angle Crash","Peachtree Center Avenue","Wet","20:05:00","[""Unknown"",""Unknown"",""Lap and Shoulder Belt Used""]","Rain",0,33.753101,-84.387656,"Atlanta","FULTON","[""Motor Vehicle in Motion"",""Motor Vehicle in Motion""]","[""Disregard Stop Sign/Signal"",""Failure to Yield"",""Reckless Driving""]","[""Other - Fixed Object"",""Motor Vehicle in Motion""]"
0,0,"Atlanta Police Department","2022-01-09","None and I-75","(C) Possible Injury / Complaint","Dark-Not Lighted","On Roadway - Non-Intersection","Rear End","I-75","Wet","21:00:00","[""Lap and Shoulder Belt Used"",""Lap and Shoulder Belt Used""]","Rain",0,33.774424,-84.39047,"Atlanta","FULTON","[""Motor Vehicle in Motion"",""Motor Vehicle in Motion""]","[""Too Fast for Conditions"",""Following Too Close""]","[""Motor Vehicle in Motion"",""Motor Vehicle in Motion""]"
0,0,"Atlanta Police Department","2022-01-09","None and I-20","(O) No Injury","Dark-Lighted","Entrance/Exit Ramp","Rear End","I-20","Wet","19:38:00","[""None Used"",""None Used"",""None Used""]","Clear",0,33.742674,-84.403911,"Atlanta","FULTON","[""Motor Vehicle in Motion"",""Motor Vehicle in Motion"",""Motor Vehicle in Motion""]",,"[""Motor Vehicle in Motion"",""Motor Vehicle in Motion"",""Motor Vehicle in Motion""]"
0,0,"Atlanta Police Department","2022-01-09","I-20 E and Hamilton E Holmes Dr Nw","(C) Possible Injury / Complaint","Dark-Lighted","On Roadway - Non-Intersection","Rear End","Hamilton E Holmes Dr Nw","Wet","20:00:00","[""Unknown"",""Unknown"",""Unknown"",""Unknown"",""Unknown"",""Unknown""]","Rain",0,33.758398,-84.469167,"Atlanta","FULTON","[""Motor Vehicle in Motion"",""Motor Vehicle in Motion""]","[""Too Fast for Conditions"",""Following Too Close""]","[""Motor Vehicle in Motion"",""Motor Vehicle in Motion""]"
0,0,"Atlanta Police Department","2022-01-09","I-75 Hov Lane and Howell Mill Rd Nw","(O) No Injury","Daylight","On Roadway - Non-Intersection","Rear End","I-75 Hov Lane","Dry","15:00:00","[""Unknown"",""Unknown""]","Cloudy",0,33.805151,-84.413326,"Atlanta","FULTON","[""Motor Vehicle in Motion"",""Motor Vehicle in Motion""]","Following Too Close","[""Motor Vehicle in Motion"",""Motor Vehicle in Motion""]"
0,0,"Atlanta Police Department","2022-01-09","Hill St Se and Woodward Ave Se","(O) No Injury","Dark-Lighted","On Roadway - Roadway Intersection","Angle Crash","Hill St Se","Dry","04:01:00","[""Unknown"",""Unknown""]","Clear",0,33.745662,-84.379301,"Atlanta","FULTON","[""Motor Vehicle in Motion"",""Motor Vehicle in Motion""]","Failure to Yield","[""Motor Vehicle in Motion"",""Motor Vehicle in Motion""]"
0,0,"Atlanta Police Department","2022-01-09","Corley St Ne and Highland Ave Ne","(O) No Injury","Daylight","On Roadway - Non-Intersection","Sideswipe-Same Direction","Highland Ave Ne","Dry","12:00:00","[""Unknown"",""Unknown""]","Clear",0,33.761328,-84.366276,"Atlanta","FULTON","[""Motor Vehicle in Motion"",""Motor Vehicle in Motion""]","Improper Turn","[""Motor Vehicle in Motion"",""Motor Vehicle in Motion""]"
0,0,"Gsp Post 00","2022-01-09","I-20 East and Glenwood Ave","(O) No Injury","Dark-Not Lighted","On Roadway - Non-Intersection","Rear End","I-20 East","Wet","17:41:00","[""Lap and Shoulder Belt Used"",""Lap and Shoulder Belt Used""]","Rain",0,33.741425,-84.33016,"Atlanta","DEKALB","[""Motor Vehicle in Motion"",""Motor Vehicle in Motion""]","Following Too Close","[""Motor Vehicle in Motion"",""Motor Vehicle in Motion""]"
0,0,"Atlanta Police Department","2022-01-09","Courtland St Ne and Andrew Young International Blvd Ne","(C) Possible Injury / Complaint","Dark-Lighted","On Roadway - In Crosswalk","Not a Collision with Motor Vehicle","Andrew Young International Blvd Ne","Wet","18:56:00","[""Lap and Shoulder Belt Used"",""None Used""]","Cloudy",0,33.759644,-84.384199,"Atlanta","FULTON","[""Motor Vehicle in Motion"",""Motor Vehicle in Motion""]","Disregard Police - Traffic Control","Motor Vehicle in Motion"
0,0,"Atlanta Police Department","2022-01-09","I-75 Hov Lane and Edgewood Ave Se","(O) No Injury","Dark-Lighted","On Roadway - Non-Intersection","Sideswipe-Same Direction","Edgewood Ave Se","Dry","01:12:00","[""Unknown"",""Unknown""]","Clear",0,33.754375,-84.378516,"Atlanta","FULTON","[""Motor Vehicle in Motion"",""Motor Vehicle in Motion""]","Changed Lanes Improperly","[""Motor Vehicle in Motion"",""Motor Vehicle in Motion""]"
0,0,"Atlanta Police Department","2022-01-09","None and I-75 Hov Lane","(O) No Injury","Daylight","On Roadway - Managed Lane (HOV, HOT, Reversible)","Rear End","I-75 Hov Lane","Dry","13:00:00","[""Lap and Shoulder Belt Used"",""Lap and Shoulder Belt Used"",""Lap and Shoulder Belt Used""]","Clear",0,33.771654,-84.390053,"Atlanta","FULTON","[""Motor Vehicle in Motion"",""Motor Vehicle in Motion"",""Motor Vehicle in Motion""]","Following Too Close","[""Motor Vehicle in Motion"",""Motor Vehicle in Motion"",""Motor Vehicle in Motion""]"
0,0,"Atlanta Police Department","2022-01-09","I-75 S and I-75 Exit 249A","(O) No Injury","Dark-Lighted","On Roadway - Non-Intersection","Not a Collision with Motor Vehicle","I-75 Exit 249A","Wet","22:31:00","None Used","Cloudy",0,33.765663,-84.386225,"Atlanta","FULTON","Motor Vehicle in Motion",,"Motor Vehicle in Motion"
0,0,"Atlanta Police Department","2022-01-09","Piedmont Rd Ne and Piedmont Cir Ne","(O) No Injury","Dark-Lighted","On Roadway - Roadway Intersection","Angle Crash","Piedmont Rd Ne","Dry","00:10:00","[""Lap and Shoulder Belt Used"",""Lap and Shoulder Belt Used"",""Lap and Shoulder Belt Used""]","Clear",0,33.808195,-84.365897,"Atlanta","FULTON","[""Motor Vehicle in Motion"",""Motor Vehicle in Motion""]","[""Under the Influence (U.I.)"",""Improper Turn""]","[""Motor Vehicle in Motion"",""Motor Vehicle in Motion""]"
0,0,"Atlanta Police Department","2022-01-09","Lenox Rd Ne and Peachtree Rd Ne","(O) No Injury","Dark-Lighted","On Roadway - Driveway Intersection","Rear End","Peachtree Rd Ne","Dry","23:00:00","[""Lap and Shoulder Belt Used"",""Lap and Shoulder Belt Used""]","Clear",0,33.850539,-84.362005,"Atlanta","FULTON","[""Motor Vehicle in Motion"",""Motor Vehicle in Motion""]",,"[""Motor Vehicle in Motion"",""Motor Vehicle in Motion""]"
0,0,"Atlanta Police Department","2022-01-09","Ted Turner and Ivan Allen Jr Blvd Nw","(O) No Injury","Dark-Lighted","On Roadway - Roadway Intersection","Sideswipe-Same Direction","Ted Turner","Wet","19:39:00","[""Unknown"",""Unknown"",""Unknown"",""Unknown"",""Unknown"",""Unknown"",""Unknown""]","Rain",0,33.764663,-84.388973,"Atlanta","FULTON","[""Motor Vehicle in Motion"",""Motor Vehicle in Motion""]","Changed Lanes Improperly","[""Motor Vehicle in Motion"",""Motor Vehicle in Motion""]"
0,0,"Atlanta Police Department","2022-01-09","None and I-20","(C) Possible Injury / Complaint","Dark-Lighted","Off Roadway","Angle Crash","I-20","Dry","02:00:00","[""Unknown"",""Lap and Shoulder Belt Used""]","Clear",0,33.750096,-84.451968,"Atlanta","FULTON","[""Motor Vehicle in Motion"",""Parked Motor Vehicle""]","[""Driver Condition"",""Under the Influence (U.I.)""]","[""Motor Vehicle in Motion"",""Parked Motor Vehicle""]"
0,0,"Atlanta Police Department","2022-01-09","Irwin St Ne and Boulevard Ne","(C) Possible Injury / Complaint","Dark-Lighted","On Roadway - Roadway Intersection","Rear End","Irwin St Ne","Wet","20:23:00","[""Unknown"",""Lap and Shoulder Belt Used"",""Lap and Shoulder Belt Used""]","Rain",0,33.757644,-84.372109,"Atlanta","FULTON","[""Motor Vehicle in Motion"",""Motor Vehicle in Motion""]",,"[""Motor Vehicle in Motion"",""Motor Vehicle in Motion""]"
0,0,"Emory Police Department","2022-01-09","Linden Ave and W Peachtree St","(O) No Injury","Dark-Lighted","On Roadway - Non-Intersection","Rear End","W Peachtree St","Wet","19:30:00","[""Lap and Shoulder Belt Used"",""Lap and Shoulder Belt Used"",""Lap and Shoulder Belt Used""]","Rain",0,33.769404,-84.387442,"Atlanta","FULTON","[""Motor Vehicle in Motion"",""Motor Vehicle in Motion""]","Changed Lanes Improperly","[""Motor Vehicle in Motion"",""Motor Vehicle in Motion""]"
0,0,"Atlanta Police Department","2022-01-09","None and Alison Ct Sw","(O) No Injury","Dark-Lighted","Off Roadway - Sidewalk","Not a Collision with Motor Vehicle","Alison Ct Sw","Water (standing or moving)","19:32:00","Unknown","Clear",0,33.700525,-84.451624,"Atlanta","FULTON","Other Non-Collision","[""Too Fast for Conditions"",""Driver Lost Control""]","Tree"
0,0,"Atlanta Police Department","2022-01-09","Lenox Rd Ne and Woodland Ave Ne","(C) Possible Injury / Complaint","Dark-Not Lighted","On Roadway - Roadway Intersection","Angle Crash","Lenox Rd Ne","Water (standing or moving)","19:00:00","[""Lap and Shoulder Belt Used"",""Lap and Shoulder Belt Used"",""Lap and Shoulder Belt Used"",""Lap and Shoulder Belt Used"",""Lap and Shoulder Belt Used""]","Rain",0,33.814554,-84.351793,"Atlanta","FULTON","[""Motor Vehicle in Motion"",""Motor Vehicle in Motion""]",,"[""Motor Vehicle in Motion"",""Motor Vehicle in Motion""]"
0,0,"Atlanta Police Department","2022-01-09","Ga-13 N and Peachtree St Ne","(O) No Injury","Dark-Lighted","On Roadway - Roadway Intersection","Angle Crash","Peachtree St Ne","Dry","01:50:00","[""Unknown"",""Unknown"",""Unknown""]","Clear",0,33.798245,-84.390462,"Atlanta","FULTON","[""Motor Vehicle in Motion"",""Motor Vehicle in Motion""]","Failure to Yield","[""Motor Vehicle in Motion"",""Motor Vehicle in Motion""]"
0,0,"Atlanta Police Department","2022-01-09","None and I-75","(O) No Injury","Daylight","On Roadway - Non-Intersection","Angle Crash","I-75","Dry","13:00:00","[""Lap and Shoulder Belt Used"",""Lap and Shoulder Belt Used"",""Lap and Shoulder Belt Used"",""Lap and Shoulder Belt Used""]","Clear",0,33.772827,-84.390351,"Atlanta","FULTON","[""Motor Vehicle in Motion"",""Motor Vehicle in Motion""]",,"[""Motor Vehicle in Motion"",""Motor Vehicle in Motion""]"
0,0,"Atlanta Police Department","2022-01-09","Sylvan Rd Sw and Langford Pkwy","(C) Possible Injury / Complaint","Daylight","Median","Not a Collision with Motor Vehicle","Langford Pkwy","Water (standing or moving)","15:30:00","Lap and Shoulder Belt Used","Rain",0,33.697713,-84.41842,"Atlanta","FULTON","Motor Vehicle in Motion","Driver Lost Control","Motor Vehicle in Motion"
0,0,"Atlanta Police Department","2022-01-09","None and I-75","(O) No Injury","Daylight","On Roadway - Non-Intersection","Head On","I-75","Dry","15:02:00","[""Unknown"",""Unknown"",""Unknown"",""Unknown""]","Rain",0,33.766576,-84.3873,"Atlanta","FULTON","[""Motor Vehicle in Motion"",""Motor Vehicle in Motion"",""Motor Vehicle in Motion""]","Following Too Close","[""Motor Vehicle in Motion"",""Motor Vehicle in Motion"",""Motor Vehicle in Motion""]"
0,0,"Atlanta Police Department","2022-01-09","Euclid Ave and Euclid Ave Ne","(O) No Injury","Daylight","On Roadway - Non-Intersection","Rear End","Euclid Ave Ne","Dry","14:15:00",,"Clear",0,33.764863,-84.349903,"Atlanta","FULTON","[""Motor Vehicle in Motion"",""Motor Vehicle in Motion""]","Misjudged Clearance","[""Motor Vehicle in Motion"",""Motor Vehicle in Motion""]"
0,0,"Atlanta Police Department","2022-01-09","Spring St Nw and North Ave Nw","(O) No Injury","Daylight","On Roadway - Driveway Intersection","Angle Crash","North Ave Nw","Dry","11:15:00","[""Unknown"",""Unknown""]","Clear",0,33.771241,-84.389079,"Atlanta","FULTON","[""Motor Vehicle in Motion"",""Motor Vehicle in Motion""]","Failure to Yield","[""Motor Vehicle in Motion"",""Motor Vehicle in Motion""]"
0,0,"Atlanta Police Department","2022-01-09","None and I-75","(C) Possible Injury / Complaint","Daylight","On Roadway - Non-Intersection","Rear End","I-75","Dry","13:00:00","[""Unknown"",""Unknown"",""Unknown"",""Unknown"",""Unknown""]","Clear",0,33.745307,-84.389432,"Atlanta","FULTON","[""Motor Vehicle in Motion"",""Motor Vehicle in Motion"",""Motor Vehicle in Motion""]","Following Too Close","[""Motor Vehicle in Motion"",""Motor Vehicle in Motion"",""Motor Vehicle in Motion""]"
0,0,"Atlanta Police Department","2022-01-09","None and N Highland Ave Ne","(O) No Injury","Daylight","On Roadway - Roadway Intersection","Angle Crash","N Highland Ave Ne","Oil","16:00:00","[""Lap and Shoulder Belt Used"",""Lap and Shoulder Belt Used""]","Cloudy",0,33.796753,-84.350074,"Atlanta","FULTON","[""Motor Vehicle in Motion"",""Motor Vehicle in Motion""]",,"[""Motor Vehicle in Motion"",""Motor Vehicle in Motion""]"
0,0,"Atlanta Police Department","2022-01-09","None and I-75","(C) Possible Injury / Complaint","Dark-Lighted","On Roadway - Non-Intersection","Angle Crash","I-75","Wet","23:30:00","[""Unknown"",""Unknown"",""Unknown"",""Unknown"",""Unknown""]","Rain",0,33.748912,-84.383927,"Atlanta","FULTON","[""Motor Vehicle in Motion"",""Motor Vehicle in Motion""]","Changed Lanes Improperly","[""Motor Vehicle in Motion"",""Motor Vehicle in Motion""]"
0,0,"Dekalb Co Police Department","2022-01-09","Glenwood Ave and Fayetteville Rd","(O) No Injury","Dusk","On Roadway - Non-Intersection","Rear End","Glenwood Ave","Wet","17:34:00","[""Unknown"",""Lap and Shoulder Belt Used"",""Child Restraint System (Properly Used)""]","Clear",0,33.740063,-84.311205,"Atlanta","DEKALB","[""Motor Vehicle in Motion"",""Motor Vehicle in Motion""]","Following Too Close","Motor Vehicle in Motion"
0,0,"Atlanta Police Department","2022-01-09","None and I-75","(O) No Injury","Daylight","On Roadway - Non-Intersection","Rear End","I-75","Wet","17:00:00","[""Unknown"",""Unknown""]","Rain",0,33.742011,-84.392003,"Atlanta","FULTON","[""Motor Vehicle in Motion"",""Motor Vehicle in Motion""]","Following Too Close","Motor Vehicle in Motion"
0,0,"Atlanta Police Department","2022-01-09","Moury Ave Sw and Villages At Carver","(O) No Injury","Daylight","On Roadway - Roadway Intersection","Head On","Moury Ave Sw","Dry","15:00:00","[""None Used"",""None Used""]","Clear",0,33.71649,-84.39254,"Atlanta","FULTON","[""Motor Vehicle in Motion"",""Motor Vehicle in Motion""]",,"[""Motor Vehicle in Motion"",""Motor Vehicle in Motion""]"
0,0,"Atlanta Police Department","2022-01-09","Fort St Ne and Edgewood Ave Se","(O) No Injury","Dark-Lighted","On Roadway - Roadway Intersection","Angle Crash","Edgewood Ave Se","Dry","00:10:00","[""Lap and Shoulder Belt Used"",""Lap and Shoulder Belt Used"",""Lap and Shoulder Belt Used"",""Lap and Shoulder Belt Used""]","Clear",0,33.754368,-84.378004,"Atlanta","FULTON","[""Motor Vehicle in Motion"",""Motor Vehicle in Motion""]","[""Inattentive or Other Distraction (Distracted)"",""Misjudged Clearance""]","[""Motor Vehicle in Motion"",""Motor Vehicle in Motion""]"
0,0,"Atlanta Police Department","2022-01-09","I-75 and I-85 N","(O) No Injury","Dark-Lighted","On Roadway - Non-Intersection","Rear End","I-75","Water (standing or moving)","16:20:00","[""Lap and Shoulder Belt Used"",""Lap and Shoulder Belt Used"",""Lap and Shoulder Belt Used""]","Rain",0,33.796186,-84.39346,"Atlanta","FULTON","[""Motor Vehicle in Motion"",""Motor Vehicle in Motion""]","Following Too Close","[""Motor Vehicle in Motion"",""Motor Vehicle in Motion""]"
0,0,"Atlanta Police Department","2022-01-09","North Ave Ne and Piedmont Ave Ne","(O) No Injury","Dark-Lighted","On Roadway - Non-Intersection","Sideswipe-Same Direction","Piedmont Ave Ne","Water (standing or moving)","18:38:00","[""Unknown"",""Lap and Shoulder Belt Used"",""Child Restraint System (Properly Used)""]","Clear",0,33.77128,-84.381893,"Atlanta","FULTON","[""Motor Vehicle in Motion"",""Motor Vehicle in Motion""]","Following Too Close","Motor Vehicle in Motion"