"# Serious Injuries","# Visible Injuries","Agency Name (Crash Level) ","Date","Intersection Name (from Crash Report)","KABCO Severity","Light Conditions (Crash Level)","Location at Impact (Crash Level) ","Manner of Collision (Crash Level) ","Roadway (From Crash Report)","Surface Condition (Crash Level) ","Time","Safety Equipment (Crash Level) ","Weather Conditions (Crash Level)","# of Fatalities per Crash","Latitude","Longitude","Geolocated City","Geolocated County","First Harmful Event (Unit Order)","Operator/Pedestrian Contrib Factor (excl None, Other, No Contrib Factors)","Most Harmful Event (Crash Level)"
0,0,"Gsp Post 00","2022-01-10","I-7585 North and Fulton Street","(C) Possible Injury / Complaint","Daylight","On Roadway - Non-Intersection","Rear End","I-7585 North","Dry","16:47:00","[""Unknown"",""Unknown""]","Clear",0,33.729077,-84.392803,"Atlanta","FULTON","[""Motor Vehicle in Motion"",""Motor Vehicle in Motion""]","Following Too Close","[""Motor Vehicle in Motion"",""Motor Vehicle in Motion""]"
0,0,"Gsp Post 00","2022-01-10","I-20 and I-285Sb","(O) No Injury","Dark-Not Lighted","On Roadway - Non-Intersection","Rear End","I-285Sb","Dry","19:19:00","[""Lap and Shoulder Belt Used"",""Lap and Shoulder Belt Used"",""Lap and Shoulder Belt Used"",""Lap and Shoulder Belt Used""]","Clear",0,33.765008,-84.493853,"Atlanta","FULTON","[""Motor Vehicle in Motion"",""Motor Vehicle in Motion"",""Motor Vehicle in Motion""]","Following Too Close","[""Motor Vehicle in Motion"",""Motor Vehicle in Motion"",""Motor Vehicle in Motion""]"
0,0,"Gsp Post 00","2022-01-10","14Th St and I-7585 North","(O) No Injury","Daylight","On Roadway - Non-Intersection","Rear End","I-7585 North","Dry","12:31:00","[""Lap and Shoulder Belt Used"",""Lap and Shoulder Belt Used"",""Lap and Shoulder Belt Used"",""Lap and Shoulder Belt Used""]","Clear",0,33.787964,-84.390818,"Atlanta","FULTON","[""Motor Vehicle in Motion"",""Motor Vehicle in Motion""]","Following Too Close","[""Motor Vehicle in Motion"",""Motor Vehicle in Motion""]"
0,0,"Gsp Post 00","2022-01-10","I-7585 Nb and Irwin Street Ne","(O) No Injury","Daylight","On Roadway - Non-Intersection","Rear End","I-7585 Nb","Dry","14:50:00","[""Lap and Shoulder Belt Used"",""Lap and Shoulder Belt Used""]","Clear",0,33.756704,-84.378301,"Atlanta","FULTON","[""Motor Vehicle in Motion"",""Motor Vehicle in Motion""]","[""Other Interior Distraction (Distracted)"",""Following Too Close""]","[""Motor Vehicle in Motion"",""Motor Vehicle in Motion""]"
0,0,"Gsp Post 00","2022-01-10","I-20 West and Joseph E. Lowery","(O) No Injury","Daylight","On Roadway - Non-Intersection","Sideswipe-Same Direction","I-20 West","Dry","14:29:00","[""Lap and Shoulder Belt Used"",""Lap and Shoulder Belt Used""]","Clear",0,33.742136,-84.421065,"Atlanta","FULTON","[""Motor Vehicle in Motion"",""Motor Vehicle in Motion""]","Failure to Yield","[""Motor Vehicle in Motion"",""Motor Vehicle in Motion""]"
0,0,"Atlanta Police Department","2022-01-10","Stratford Rd Ne and Peachtree Rd Ne","(O) No Injury","Daylight","On Roadway - Non-Intersection","Angle Crash","Peachtree Rd Ne","Dry","10:45:00","[""Lap and Shoulder Belt Used"",""Lap and Shoulder Belt Used""]","Clear",0,33.848759,-84.366099,"Atlanta","FULTON","[""Motor Vehicle in Motion"",""Motor Vehicle in Motion""]","Changed Lanes Improperly","[""Motor Vehicle in Motion"",""Motor Vehicle in Motion""]"
0,0,"Gsp Post 00","2022-01-10","Armour Dr and Ga 13 North","(O) No Injury","Dark-Lighted","On Roadway - Non-Intersection","Rear End","Ga 13 North","Dry","18:39:00","[""Lap and Shoulder Belt Used"",""Lap and Shoulder Belt Used""]","Clear",0,33.810915,-84.371373,"Atlanta","FULTON","[""Motor Vehicle in Motion"",""Motor Vehicle in Motion""]","Following Too Close","[""Motor Vehicle in Motion"",""Motor Vehicle in Motion""]"
0,0,"Atlanta Police Department","2022-01-10","Willard Ave Sw and Ralph David Abernathy Blvd Sw","(O) No Injury","Daylight","On Roadway - Roadway Intersection","Sideswipe-Opposite Direction","Willard Ave Sw","Dry","16:30:00","[""Lap and Shoulder Belt Used"",""Booster Seat (Properly Used)"",""Lap and Shoulder Belt Used"",""Lap and Shoulder Belt Used"",""Lap and Shoulder Belt Used"",""Lap and Shoulder Belt Used""]","Clear",0,33.742348,-84.436664,"Atlanta","FULTON","[""Motor Vehicle in Motion"",""Motor Vehicle in Motion""]","Misjudged Clearance","[""Motor Vehicle in Motion"",""Motor Vehicle in Motion""]"
0,1,"Atlanta Police Department","2022-01-10","Bolton Rd Nw and Donald Lee Hollowell Pkwy Nw","(B) Suspected Minor/Visible Injury","Dark-Lighted","On Roadway - In Crosswalk","Not a Collision with Motor Vehicle","Bolton Rd Nw","Dry","18:30:00","[""Unknown"",""None Used""]","Clear",0,33.787814,-84.494398,"Atlanta","FULTON","[""Motor Vehicle in Motion"",""Pedal-Cycle""]","Disregard Stop Sign/Signal","[""Motor Vehicle in Motion"",""Pedal-Cycle""]"
0,0,"Gsp Post 00","2022-01-10","I-285 and I-20 Eb","(O) No Injury","Daylight","On Roadway - Non-Intersection","Sideswipe-Same Direction","I-20 Eb","Dry","12:43:00","[""Lap and Shoulder Belt Used"",""Lap and Shoulder Belt Used""]","Clear",0,33.761156,-84.493556,"Atlanta","FULTON","[""Motor Vehicle in Motion"",""Motor Vehicle in Motion""]",,"[""Motor Vehicle in Motion"",""Motor Vehicle in Motion""]"
0,0,"Gsp Post 00","2022-01-10","I-7585 N and Edgewood Avenue","(C) Possible Injury / Complaint","Daylight","On Roadway - Non-Intersection","Rear End","I-7585 N","Dry","10:58:00","[""Lap and Shoulder Belt Used"",""Lap and Shoulder Belt Used"",""Lap and Shoulder Belt Used"",""Lap and Shoulder Belt Used""]","Clear",0,33.751648,-84.37988,"Atlanta","FULTON","[""Motor Vehicle in Motion"",""Motor Vehicle in Motion""]","Following Too Close","[""Motor Vehicle in Motion"",""Motor Vehicle in Motion""]"
0,0,"Atlanta Police Department","2022-01-10","Lee St Sw and Park St Sw","(O) No Injury","Dark-Lighted","On Roadway - Non-Intersection","Angle Crash","Lee St Sw","Dry","00:16:00","Lap and Shoulder Belt Used","Clear",0,33.742353,-84.41406,"Atlanta","FULTON","[""Motor Vehicle in Motion"",""Motor Vehicle in Motion""]",,"[""Motor Vehicle in Motion"",""Motor Vehicle in Motion""]"
0,0,"Dekalb Co Police Department","2022-01-10","Eastland Rd and Moreland Ave","(O) No Injury","Daylight","On Roadway - Roadway Intersection","Sideswipe-Same Direction","Moreland Ave","Dry","16:45:00","[""Unknown"",""Unknown"",""Unknown"",""Unknown""]","Clear",0,33.719687,-84.349492,"Atlanta","FULTON","[""Motor Vehicle in Motion"",""Motor Vehicle in Motion""]","Misjudged Clearance","[""Motor Vehicle in Motion"",""Motor Vehicle in Motion""]"
0,0,"Atlanta Police Department","2022-01-10","I-75 N and Mt Paran Rd Nw","(O) No Injury","Daylight","On Roadway - Driveway Intersection","Angle Crash","Mt Paran Rd Nw","Dry","13:25:00","[""None Used"",""None Used""]","Clear",0,33.865293,-84.439217,"Atlanta","FULTON","[""Motor Vehicle in Motion"",""Motor Vehicle in Motion""]",,"[""Motor Vehicle in Motion"",""Motor Vehicle in Motion""]"
0,0,"Atlanta Police Department","2022-01-10","Piedmont Rd Ne and Piedmont Cir Ne","(O) No Injury","Daylight","On Roadway - Roadway Intersection","Angle Crash","Piedmont Cir Ne","Dry","09:35:00","[""Lap and Shoulder Belt Used"",""Lap and Shoulder Belt Used""]","Clear",0,33.808059,-84.365922,"Atlanta","FULTON","[""Motor Vehicle in Motion"",""Motor Vehicle in Motion""]","Failure to Yield","[""Motor Vehicle in Motion"",""Motor Vehicle in Motion""]"
0,0,"Gsp Post 00","2022-01-10","I-7585 Northbound and Ralph David Abernathy Boulevar","(O) No Injury","Daylight","On Roadway - Non-Intersection","Sideswipe-Same Direction","I-7585 Northbound","Dry","13:07:00","[""Lap and Shoulder Belt Used"",""Lap and Shoulder Belt Used""]","Clear",0,33.741894,-84.392006,"Atlanta","FULTON","[""Motor Vehicle in Motion"",""Motor Vehicle in Motion""]",,"[""Motor Vehicle in Motion"",""Motor Vehicle in Motion""]"
0,0,"Gsp Post 00","2022-01-10","I-7585 North and 14Th St Overpass","(O) No Injury","Dark-Lighted","On Roadway - Non-Intersection","Rear End","I-7585 North","Dry","18:21:00","[""Lap and Shoulder Belt Used"",""Lap and Shoulder Belt Used"",""Lap and Shoulder Belt Used""]","Clear",0,33.789555,-84.390812,"Atlanta","FULTON","[""Motor Vehicle in Motion"",""Motor Vehicle in Motion"",""Motor Vehicle in Motion""]","Following Too Close","[""Motor Vehicle in Motion"",""Motor Vehicle in Motion"",""Motor Vehicle in Motion""]"
0,0,"Atlanta Police Department","2022-01-10","Longcourte Dr Nw and W Paces Ferry Rd Nw","(C) Possible Injury / Complaint","Daylight","On Roadway - Roadway Intersection","Rear End","Longcourte Dr Nw","Dry","09:25:00","[""None Used"",""None Used""]","Clear",0,33.850036,-84.42719,"Atlanta","FULTON","[""Motor Vehicle in Motion"",""Motor Vehicle in Motion""]","Following Too Close","[""Motor Vehicle in Motion"",""Motor Vehicle in Motion""]"
0,0,"Atlanta Police Department","2022-01-10","Avon Ave Sw and Graymont Dr Sw","(C) Possible Injury / Complaint","Daylight","On Roadway - Non-Intersection","Head On","Graymont Dr Sw","Dry","16:43:00","[""Unknown"",""Unknown""]","Clear",0,33.72145,-84.43654,"Atlanta","FULTON","[""Motor Vehicle in Motion"",""Motor Vehicle in Motion""]",,"[""Motor Vehicle in Motion"",""Motor Vehicle in Motion""]"
0,0,"Gsp Post 00","2022-01-10","I-20 and I-285 South","(C) Possible Injury / Complaint","Dusk","On Roadway - Non-Intersection","Rear End","I-285 South","Dry","18:25:00","[""Lap and Shoulder Belt Used"",""Lap and Shoulder Belt Used""]","Clear",0,33.769307,-84.495161,"Atlanta","FULTON","[""Motor Vehicle in Motion"",""Motor Vehicle in Motion""]","Following Too Close","[""Motor Vehicle in Motion"",""Motor Vehicle in Motion""]"
0,0,"Atlanta Police Department","2022-01-10","Piedmont Rd Ne and Sidney Marcus Blvd Ne","(O) No Injury","Daylight","On Roadway - Roadway Intersection","Rear End","Piedmont Rd Ne","Dry","10:50:00","[""Lap and Shoulder Belt Used"",""Lap and Shoulder Belt Used""]","Clear",0,33.825914,-84.36714,"Atlanta","FULTON","[""Motor Vehicle in Motion"",""Motor Vehicle in Motion""]","Following Too Close","[""Motor Vehicle in Motion"",""Motor Vehicle in Motion""]"
0,1,"Atlanta Police Department","2022-01-10","Piedmont Ave Ne and John Wesley Dobbs Ave Ne","(B) Suspected Minor/Visible Injury","Dusk","On Roadway - In Crosswalk","Not a Collision with Motor Vehicle","Piedmont Ave Ne","Dry","06:20:00","[""Shoulder Belt Only Used"",""None Used""]","Clear",0,33.757094,-84.382228,"Atlanta","FULTON","[""Motor Vehicle in Motion"",""Motor Vehicle in Motion""]","Failure to Yield","Motor Vehicle in Motion"
0,0,"Atlanta Police Department","2022-01-10","Wieuca Rd Ne and Peachtree Rd Ne","(O) No Injury","Daylight","On Roadway - Non-Intersection","Rear End","Peachtree Rd Ne","Dry","16:10:00","[""None Used"",""Shoulder Belt Only Used""]","Clear",0,33.853412,-84.359895,"Atlanta","FULTON","[""Motor Vehicle in Motion"",""Motor Vehicle in Motion""]","Following Too Close","[""Motor Vehicle in Motion"",""Motor Vehicle in Motion""]"
0,0,"Gsp Post 00","2022-01-10","I-85 South and Marta Overpass","(O) No Injury","Daylight","On Roadway - Non-Intersection","Rear End","I-85 South","Dry","16:33:00","[""Lap and Shoulder Belt Used"",""Lap and Shoulder Belt Used""]","Clear",0,33.802038,-84.387292,"Atlanta","FULTON","[""Motor Vehicle in Motion"",""Motor Vehicle in Motion""]","Following Too Close","[""Motor Vehicle in Motion"",""Motor Vehicle in Motion""]"
0,0,"Atlanta Police Department","2022-01-10","Club Dr Ne Rd and Peachtree Rd Ne","(O) No Injury","Daylight","On Roadway - Roadway Intersection","Rear End","Peachtree Rd Ne","Dry","08:20:00","[""None Used"",""None Used""]","Clear",0,33.857281,-84.348842,"Atlanta","FULTON","[""Motor Vehicle in Motion"",""Motor Vehicle in Motion""]",,"[""Motor Vehicle in Motion"",""Motor Vehicle in Motion""]"
0,0,"Gsp Post 00","2022-01-10","Ga-400 and I-85 South","(O) No Injury","Daylight","On Roadway - Non-Intersection","Rear End","I-85 South","Dry","17:23:00","[""Lap and Shoulder Belt Used"",""Lap and Shoulder Belt Used""]","Clear",0,33.805889,-84.38195,"Atlanta","FULTON","[""Motor Vehicle in Motion"",""Motor Vehicle in Motion""]","Following Too Close","[""Motor Vehicle in Motion"",""Motor Vehicle in Motion""]"
0,0,"Gsp Post 00","2022-01-10","Hollowell Pkwy and I-285 Southbound","(O) No Injury","Daylight","On Roadway - Non-Intersection","Rear End","I-285 Southbound","Dry","15:15:00","[""Lap and Shoulder Belt Used"",""Lap and Shoulder Belt Used""]","Clear",0,33.790098,-84.49053,"Atlanta","FULTON","[""Motor Vehicle in Motion"",""Motor Vehicle in Motion""]","[""Other Interior Distraction (Distracted)"",""Following Too Close""]","[""Motor Vehicle in Motion"",""Motor Vehicle in Motion""]"
0,0,"Atlanta Police Department","2022-01-11","Smith St Sw and University Ave Sw","(C) Possible Injury / Complaint","Dark-Lighted","On Roadway - Non-Intersection","Angle Crash","University Ave Sw","Dry","19:35:00","[""Unknown"",""Unknown""]","Clear",0,33.722141,-84.400976,"Atlanta","FULTON","[""Motor Vehicle in Motion"",""Motor Vehicle in Motion""]","Failure to Yield","Motor Vehicle in Motion"
0,0,"Atlanta Police Department","2022-01-11","Defoor Ave Nw and Howell Mill Rd Nw","(O) No Injury","Daylight","On Roadway - Roadway Intersection","Angle Crash","Defoor Ave Nw","Dry","11:30:00","[""Unknown"",""Lap and Shoulder Belt Used""]","Clear",0,33.800467,-84.415932,"Atlanta","FULTON","[""Motor Vehicle in Motion"",""Motor Vehicle in Motion""]","Improper Passing","[""Motor Vehicle in Motion"",""Motor Vehicle in Motion""]"
0,0,"Atlanta Police Department","2022-01-11","Cone St Nw and Walton St Nw","(O) No Injury","Daylight","On Roadway - Non-Intersection","Rear End","Walton St Nw","Dry","18:00:00","[""Unknown"",""Unknown""]","Clear",0,33.757016,-84.391308,"Atlanta","FULTON","[""Motor Vehicle in Motion"",""Motor Vehicle in Motion""]",,"[""Motor Vehicle in Motion"",""Motor Vehicle in Motion""]"
0,0,"Atlanta Police Department","2022-01-11","Oak St Sw and Dunn St Sw","(O) No Injury","Dark-Lighted","On Roadway - Roadway Intersection","Sideswipe-Same Direction","Dunn St Sw","Dry","19:00:00","[""Unknown"",""Lap and Shoulder Belt Used""]","Clear",0,33.740674,-84.416496,"Atlanta","FULTON","[""Motor Vehicle in Motion"",""Motor Vehicle in Motion""]","Misjudged Clearance","[""Motor Vehicle in Motion"",""Motor Vehicle in Motion""]"
0,0,"Gsp Post 00","2022-01-11","Peactree Rd and Ga-13 North","(O) No Injury","Daylight","On Roadway - Non-Intersection","Rear End","Ga-13 North","Dry","17:23:00","[""Lap and Shoulder Belt Used"",""Lap and Shoulder Belt Used"",""Lap and Shoulder Belt Used"",""Lap and Shoulder Belt Used""]","Clear",0,33.811,-84.371113,"Atlanta","FULTON","[""Motor Vehicle in Motion"",""Motor Vehicle in Motion"",""Motor Vehicle in Motion"",""Motor Vehicle in Motion""]","Following Too Close","[""Motor Vehicle in Motion"",""Motor Vehicle in Motion"",""Motor Vehicle in Motion"",""Motor Vehicle in Motion""]"
0,0,"Atlanta Police Department","2022-01-11","Buford Hwy Ne and Lenox Pointe Ne","(O) No Injury","Daylight","On Roadway - Non-Intersection","Rear End","Buford Hwy Ne","Dry","12:05:00","[""Lap and Shoulder Belt Used"",""Lap and Shoulder Belt Used""]","Clear",0,33.825068,-84.354568,"Atlanta","FULTON","[""Motor Vehicle in Motion"",""Motor Vehicle in Motion""]","Following Too Close","[""Motor Vehicle in Motion"",""Motor Vehicle in Motion""]"
0,0,"Atlanta Police Department","2022-01-11","Monroe Dr Ne and Piedmont Ave Ne","(O) No Injury","Dark-Lighted","Off Roadway - Sidewalk","Not a Collision with Motor Vehicle","Piedmont Ave Ne","Dry","05:42:00","Unknown","Clear",0,33.796694,-84.369369,"Atlanta","FULTON","Other Non-Collision",,"Utility Pole"
0,0,"Gsp Post 00","2022-01-11","I-7585 S and Andrew Young International Blv","(O) No Injury","Daylight","On Roadway - Non-Intersection","Sideswipe-Same Direction","I-7585 S","Dry","17:30:00","[""Unknown"",""Lap and Shoulder Belt Used""]","Clear",0,33.760269,-84.380146,"Atlanta","FULTON","[""Motor Vehicle in Motion"",""Motor Vehicle in Motion""]","Changed Lanes Improperly","[""Motor Vehicle in Motion"",""Motor Vehicle in Motion""]"
0,0,"Atlanta Police Department","2022-01-11","Piedmont Rd Ne and E Paces Ferry Rd Ne","(O) No Injury","Daylight","On Roadway - Roadway Intersection","Angle Crash","E Paces Ferry Rd Ne","Dry","13:53:00","[""Lap and Shoulder Belt Used"",""Lap and Shoulder Belt Used""]","Clear",0,33.839461,-84.369264,"Atlanta","FULTON","[""Motor Vehicle in Motion"",""Motor Vehicle in Motion""]","Disregard Other Traffic Control","[""Motor Vehicle in Motion"",""Motor Vehicle in Motion""]"
0,0,"Atlanta Police Department","2022-01-11","Oak St Sw and Joseph E Lowery Blvd Sw","(O) No Injury","Dark-Lighted","On Roadway - Non-Intersection","Angle Crash","Joseph E Lowery Blvd Sw","Dry","19:30:00","[""Unknown"",""Unknown""]","Clear",0,33.740456,-84.41763,"Atlanta","FULTON","[""Motor Vehicle in Motion"",""Motor Vehicle in Motion""]","Improper Turn","[""Motor Vehicle in Motion"",""Motor Vehicle in Motion""]"
0,0,"Atlanta Police Department","2022-01-11","10Th St Ne and W Peachtree St Nw","(O) No Injury","Daylight","On Roadway - Non-Intersection","Sideswipe-Same Direction","W Peachtree St Nw","Dry","15:00:00","[""Lap and Shoulder Belt Used"",""Lap and Shoulder Belt Used""]","Clear",0,33.781479,-84.387797,"Atlanta","FULTON","[""Motor Vehicle in Motion"",""Motor Vehicle in Motion""]","[""Changed Lanes Improperly"",""Following Too Close""]","[""Motor Vehicle in Motion"",""Motor Vehicle in Motion""]"
0,0,"Atlanta Police Department","2022-01-11","I-75 S and Peachtree St Ne","(O) No Injury","Daylight","On Roadway - Non-Intersection","Rear End","Peachtree St Ne","Dry","08:00:00","[""Lap and Shoulder Belt Used"",""Lap and Shoulder Belt Used""]","Clear",0,33.765126,-84.385581,"Atlanta","FULTON","[""Motor Vehicle in Motion"",""Motor Vehicle in Motion""]","Following Too Close","[""Motor Vehicle in Motion"",""Motor Vehicle in Motion""]"
0,0,"Atlanta Police Department","2022-01-11","Queen Rd and Marietta Blvd Nw","(O) No Injury","Daylight","On Roadway - Driveway Intersection","Angle Crash","Marietta Blvd Nw","Dry","16:11:00","[""Unknown"",""Unknown""]","Clear",0,33.820032,-84.452647,"Atlanta","FULTON","[""Motor Vehicle in Motion"",""Motor Vehicle in Motion""]","Failure to Yield","[""Motor Vehicle in Motion"",""Motor Vehicle in Motion""]"
0,0,"Atlanta Police Department","2022-01-11","Lenox Rd Ne and Canter Rd Ne","(C) Possible Injury / Complaint","Dark-Not Lighted","Off Roadway","Sideswipe-Opposite Direction","Lenox Rd Ne","Dry","16:00:00","[""Lap and Shoulder Belt Used"",""Lap and Shoulder Belt Used""]","Clear",0,33.841555,-84.358101,"Atlanta","FULTON","[""Impact Attenuate"",""Impact Attenuate""]","Improper Turn","[""Impact Attenuate"",""Impact Attenuate""]"
0,0,"Atlanta Police Department","2022-01-11","Custer Way Se and Custer Ave Se","(O) No Injury","Daylight","On Roadway - Non-Intersection","Angle Crash","Custer Ave Se","Dry","15:00:00","Unknown","Clear",0,33.715741,-84.353108,"Atlanta","FULTON","[""Motor Vehicle in Motion"",""Motor Vehicle in Motion""]",,"[""Motor Vehicle in Motion"",""Motor Vehicle in Motion""]"
0,0,"Atlanta Police Department","2022-01-11","Hall St Sw and Lawton St Sw","(C) Possible Injury / Complaint","Daylight","On Roadway - Roadway Intersection","Head On","Hall St Sw","Dry","08:50:00","[""Unknown"",""Unknown""]","Clear",0,33.73172,-84.42476,"Atlanta","FULTON","[""Motor Vehicle in Motion"",""Motor Vehicle in Motion""]","Disregard Other Traffic Control","[""Motor Vehicle in Motion"",""Motor Vehicle in Motion""]"
0,0,"Atlanta Police Department","2022-01-11","Sheridan Rd Ne and Cheshire Bridge Rd Ne","(O) No Injury","Daylight","On Roadway - Non-Intersection","Sideswipe-Same Direction","Cheshire Bridge Rd Ne","Dry","10:09:00","[""Lap and Shoulder Belt Used"",""Lap and Shoulder Belt Used""]","Clear",0,33.819575,-84.351313,"Atlanta","FULTON","[""Motor Vehicle in Motion"",""Motor Vehicle in Motion""]","Misjudged Clearance","[""Motor Vehicle in Motion"",""Motor Vehicle in Motion""]"
0,0,"Atlanta Police Department","2022-01-11","Piedmont Rd Ne and Peachtree Rd Ne","(O) No Injury","Daylight","On Roadway - Non-Intersection","Rear End","Piedmont Rd Ne","Dry","13:00:00","[""Unknown"",""Lap and Shoulder Belt Used""]","Clear",0,33.843719,-84.371383,"Atlanta","FULTON","[""Motor Vehicle in Motion"",""Motor Vehicle in Motion""]","Following Too Close","[""Motor Vehicle in Motion"",""Motor Vehicle in Motion""]"
0,0,"Atlanta Police Department","2022-01-11","None and I-75","(O) No Injury","Dark-Lighted","On Roadway - Non-Intersection","Sideswipe-Same Direction","I-75","Dry","00:40:00","[""Unknown"",""Unknown""]","Clear",0,33.790647,-84.390876,"Atlanta","FULTON","[""Motor Vehicle in Motion"",""Motor Vehicle in Motion""]","Changed Lanes Improperly","[""Motor Vehicle in Motion"",""Motor Vehicle in Motion""]"
0,0,"Atlanta Police Department","2022-01-11","None and Rawson St Sw Rp","(O) No Injury","Daylight","On Roadway - Driveway Intersection","Angle Crash","Rawson St Sw Rp","Dry","13:50:00","[""Lap and Shoulder Belt Used"",""Lap and Shoulder Belt Used""]","Clear",0,33.744678,-84.3976,"Atlanta","FULTON","[""Motor Vehicle in Motion"",""Motor Vehicle in Motion""]",,"[""Motor Vehicle in Motion"",""Motor Vehicle in Motion""]"
0,0,"Atlanta Police Department","2022-01-11","None and Northside Pkwy Nw","(C) Possible Injury / Complaint","Daylight","On Roadway - Driveway Intersection","Angle Crash","Northside Pkwy Nw","Dry","17:04:00","[""Unknown"",""Unknown""]","Clear",0,33.850373,-84.430307,"Atlanta","FULTON","[""Motor Vehicle in Motion"",""Motor Vehicle in Motion""]","Failure to Yield","[""Motor Vehicle in Motion"",""Motor Vehicle in Motion""]"
0,0,"Atlanta Police Department","2022-01-11","Roswell Rd Ne and Rickenbacker Dr Ne","(C) Possible Injury / Complaint","Daylight","On Roadway - Non-Intersection","Sideswipe-Opposite Direction","Roswell Rd Ne","Dry","17:00:00","[""Unknown"",""Unknown""]","Clear",0,33.870086,-84.381074,"Atlanta","FULTON","[""Motor Vehicle in Motion"",""Motor Vehicle in Motion""]","Failure to Yield","[""Motor Vehicle in Motion"",""Motor Vehicle in Motion""]"
0,0,"Atlanta Police Department","2022-01-11","Ponce De Leon Ave Ne and Ponce City Market North Ne","(O) No Injury","Daylight","On Roadway - Roadway Intersection","Angle Crash","Ponce De Leon Ave Ne","Dry","13:59:00","[""Unknown"",""Unknown"",""Unknown"",""Unknown"",""Lap and Shoulder Belt Used""]","Clear",0,33.773445,-84.366842,"Atlanta","FULTON","[""Motor Vehicle in Motion"",""Motor Vehicle in Motion""]","Improper Turn","[""Motor Vehicle in Motion"",""Motor Vehicle in Motion""]"
0,0,"Atlanta Police Department","2022-01-11","I-85 S and 17Th St Nw","(O) No Injury","Daylight","On Roadway - Non-Intersection","Rear End","17Th St Nw","Dry","06:40:00","[""Lap and Shoulder Belt Used"",""Lap and Shoulder Belt Used""]","Clear",0,33.791739,-84.391004,"Atlanta","FULTON","[""Motor Vehicle in Motion"",""Motor Vehicle in Motion""]","Following Too Close","[""Motor Vehicle in Motion"",""Motor Vehicle in Motion""]"
0,0,"Atlanta Police Department","2022-01-11","George St Se and Martin Luther King Jr Dr Se","(O) No Injury","Daylight","On Roadway - Roadway Intersection","Angle Crash","Martin Luther King Jr Dr Se","Dry","14:19:00","Lap and Shoulder Belt Used","Clear",0,33.747436,-84.375718,"Atlanta","FULTON","[""Motor Vehicle in Motion"",""Parked Motor Vehicle""]",,"[""Motor Vehicle in Motion"",""Parked Motor Vehicle""]"
0,0,"Atlanta Police Department","2022-01-11","I-285 and Langford Pkwy","(O) No Injury","Dark-Lighted","On Roadway - Non-Intersection","Angle Crash","I-285","Dry","20:00:00","[""Unknown"",""Unknown"",""Unknown""]","Clear",0,33.689915,-84.499928,"Atlanta","FULTON","[""Motor Vehicle in Motion"",""Motor Vehicle in Motion"",""Motor Vehicle in Motion""]","Changed Lanes Improperly","[""Motor Vehicle in Motion"",""Motor Vehicle in Motion"",""Motor Vehicle in Motion""]"
0,0,"Atlanta Police Department","2022-01-11","I-75 N and University Ave Sw","(C) Possible Injury / Complaint","Daylight","On Roadway - Roadway Intersection","Angle Crash","University Ave Sw","Dry","16:30:00","[""Unknown"",""Unknown"",""Unknown""]","Clear",0,33.721908,-84.394123,"Atlanta","FULTON","[""Motor Vehicle in Motion"",""Motor Vehicle in Motion""]","Failure to Yield","[""Motor Vehicle in Motion"",""Motor Vehicle in Motion""]"
0,1,"Gsp Post 00","2022-01-11","I-75 North and 10Th Street","(B) Suspected Minor/Visible Injury","Daylight","On Roadway - Non-Intersection","Rear End","I-75 North","Dry","17:20:00","[""Lap and Shoulder Belt Used"",""Lap and Shoulder Belt Used""]","Cloudy",0,33.777445,-84.390734,"Atlanta","FULTON","[""Motor Vehicle in Motion"",""Motor Vehicle in Motion""]","Following Too Close","[""Motor Vehicle in Motion"",""Motor Vehicle in Motion""]"
0,0,"Atlanta Police Department","2022-01-11","None and I-75","(O) No Injury","Daylight","On Roadway - Non-Intersection","Rear End","I-75","Dry","09:00:00","[""Lap and Shoulder Belt Used"",""Lap and Shoulder Belt Used""]","Clear",0,33.748441,-84.384382,"Atlanta","FULTON","[""Motor Vehicle in Motion"",""Motor Vehicle in Motion""]","[""Following Too Close"",""Inattentive or Other Distraction (Distracted)""]","[""Motor Vehicle in Motion"",""Motor Vehicle in Motion""]"
0,0,"Atlanta Police Department","2022-01-11","Exit 243 and Fair Dr Sw","(O) No Injury","Dark-Lighted","On Roadway - Non-Intersection","Angle Crash","Fair Dr Sw","Dry","19:00:00","[""Lap and Shoulder Belt Used"",""Lap and Shoulder Belt Used""]","Clear",0,33.703227,-84.404306,"Atlanta","FULTON","[""Motor Vehicle in Motion"",""Motor Vehicle in Motion""]","Driver Lost Control","[""Motor Vehicle in Motion"",""Motor Vehicle in Motion""]"
0,0,"Atlanta Police Department","2022-01-11","Capitol Ave Se and Memorial Dr Sw","(O) No Injury","Dark-Lighted","On Roadway - Non-Intersection","Rear End","Memorial Dr Sw","Dry","18:30:00","[""None Used"",""None Used""]","Clear",0,33.74692,-84.388423,"Atlanta","FULTON","[""Motor Vehicle in Motion"",""Motor Vehicle in Motion""]",,"[""Motor Vehicle in Motion"",""Motor Vehicle in Motion""]"