"# Serious Injuries","# Visible Injuries","Agency Name (Crash Level) ","Date","Intersection Name (from Crash Report)","KABCO Severity","Light Conditions (Crash Level)","Location at Impact (Crash Level) ","Manner of Collision (Crash Level) ","Roadway (From Crash Report)","Surface Condition (Crash Level) ","Time","Safety Equipment (Crash Level) ","Weather Conditions (Crash Level)","# of Fatalities per Crash","Latitude","Longitude","Geolocated City","Geolocated County","First Harmful Event (Unit Order)","Operator/Pedestrian Contrib Factor (excl None, Other, No Contrib Factors)","Most Harmful Event (Crash Level)"
0,2,"Atlanta Police Department","2022-01-15","Georgia Ave Se and Hank Aaron Dr Se","(B) Suspected Minor/Visible Injury","Dark-Lighted","On Roadway - Non-Intersection","Rear End","Hank Aaron Dr Se","Dry","19:20:00","[""None Used"",""None Used"",""None Used""]","Clear",0,33.736852,-84.387855,"Atlanta","FULTON","[""Motor Vehicle in Motion"",""Motor Vehicle in Motion""]",,"[""Motor Vehicle in Motion"",""Motor Vehicle in Motion""]"
0,0,"Atlanta Police Department","2022-01-15","Spring St Nw and Linden Ave Nw","(O) No Injury","Dark-Lighted","On Roadway - Managed Lane (HOV, HOT, Reversible)","Angle Crash","Spring St Nw","Dry","19:53:00","[""Unknown"",""Unknown""]","Clear",0,33.769675,-84.388878,"Atlanta","FULTON","[""Motor Vehicle in Motion"",""Motor Vehicle in Motion""]",,"[""Motor Vehicle in Motion"",""Motor Vehicle in Motion""]"
0,0,"Atlanta Police Department","2022-01-15","Peachtree Rd Ne and Lindbergh Dr Ne","(O) No Injury","Dark-Lighted","On Roadway - Roadway Intersection","Angle Crash","Lindbergh Dr Ne","Dry","18:00:00","[""Unknown"",""Unknown"",""Unknown""]","Clear",0,33.822828,-84.387332,"Atlanta","FULTON","[""Motor Vehicle in Motion"",""Motor Vehicle in Motion""]","Disregard Other Traffic Control","[""Motor Vehicle in Motion"",""Motor Vehicle in Motion""]"
0,0,"Atlanta Police Department","2022-01-15","None and Exit 85 Rp","(C) Possible Injury / Complaint","Daylight","Off Roadway","Not a Collision with Motor Vehicle","Exit 85 Rp","Dry","11:30:00","Lap and Shoulder Belt Used","Clear",0,33.798685,-84.395714,"Atlanta","FULTON","Motor Vehicle in Motion","Driver Lost Control","Motor Vehicle in Motion"
0,0,"Atlanta Police Department","2022-01-15","None and I-20","(O) No Injury","Daylight","On Roadway - Non-Intersection","Sideswipe-Same Direction","I-20","Dry","14:00:00","[""Unknown"",""Unknown""]","Clear",0,33.742131,-84.404547,"Atlanta","FULTON","[""Motor Vehicle in Motion"",""Motor Vehicle in Motion""]","Changed Lanes Improperly","[""Motor Vehicle in Motion"",""Motor Vehicle in Motion""]"
0,0,"Atlanta Police Department","2022-01-15","Jesse Hill Jr Dr Ne and John Wesley Dobbs Ave Ne","(O) No Injury","Daylight","On Roadway - Roadway Intersection","Angle Crash","John Wesley Dobbs Ave Ne","Dry","10:30:00","[""Unknown"",""Unknown"",""Unknown""]","Cloudy",0,33.75742,-84.380197,"Atlanta","FULTON","[""Motor Vehicle in Motion"",""Motor Vehicle in Motion""]","[""Disregard Stop Sign/Signal"",""Disregard Stop Sign/Signal""]","[""Motor Vehicle in Motion"",""Motor Vehicle in Motion""]"
0,0,"Atlanta Police Department","2022-01-15","Waters Rd Sw and Mt Zion Rd Sw","(O) No Injury","Daylight","On Roadway - Non-Intersection","Sideswipe-Same Direction","Mt Zion Rd Sw","Dry","11:29:00","[""Lap and Shoulder Belt Used"",""Lap and Shoulder Belt Used"",""Lap and Shoulder Belt Used""]","Cloudy",0,33.672904,-84.395064,"Atlanta","FULTON","[""Motor Vehicle in Motion"",""Motor Vehicle in Motion""]","Improper Passing","[""Motor Vehicle in Motion"",""Motor Vehicle in Motion""]"
0,0,"Atlanta Police Department","2022-01-15","I-20 E and Martin Luther King Jr Dr Sw","(O) No Injury","Dark-Lighted","On Roadway - Driveway Intersection","Rear End","Martin Luther King Jr Dr Sw","Dry","02:00:00","[""Unknown"",""Unknown""]","Clear",0,33.750898,-84.445035,"Atlanta","FULTON","[""Motor Vehicle in Motion"",""Motor Vehicle in Motion""]","Following Too Close","[""Motor Vehicle in Motion"",""Motor Vehicle in Motion""]"
0,0,"Atlanta Police Department","2022-01-15","Daniel Ave Se and Memorial Dr Se","(O) No Injury","Dark-Lighted","On Roadway - Driveway Intersection","Angle","Memorial Dr Se","Wet","20:40:00","[""Unknown"",""Unknown""]","Rain",0,33.74715,-84.29979,"Atlanta","DEKALB","[""Motor Vehicle in Motion"",""Motor Vehicle in Motion""]","Failure to Yield","[""Motor Vehicle in Motion"",""Motor Vehicle in Motion""]"
0,0,"Atlanta Police Department","2022-01-15","Lenox Rd Ne and Buford Hwy Ne","(O) No Injury","Dark-Lighted","On Roadway - Driveway Intersection","Head On","Lenox Rd Ne","Dry","02:30:00","[""Unknown"",""Lap and Shoulder Belt Used""]","Clear",0,33.82568,-84.352848,"Atlanta","FULTON","[""Motor Vehicle in Motion"",""Motor Vehicle in Motion""]","[""Reckless Driving"",""Failure to Yield"",""Changed Lanes Improperly""]","Motor Vehicle in Motion"
0,0,"Atlanta Police Department","2022-01-15","North Ave Ne and Central Park Pl Ne","(C) Possible Injury / Complaint","Daylight","Off Roadway","Not a Collision with Motor Vehicle","North Ave Ne","Dry","07:11:00","Lap and Shoulder Belt Used","Clear",0,33.77123,-84.377459,"Atlanta","FULTON","Other Non-Collision","Inattentive or Other Distraction (Distracted)","Utility Pole"
0,0,"Atlanta Police Department","2022-01-15","Trinity Ave Sw and Peachtree St Sw","(O) No Injury","Dawn","On Roadway - Roadway Intersection","Angle Crash","Peachtree St Sw","Dry","03:00:00","[""Lap and Shoulder Belt Used"",""Lap and Shoulder Belt Used"",""Lap and Shoulder Belt Used"",""Lap and Shoulder Belt Used"",""Lap and Shoulder Belt Used""]","Clear",0,33.749838,-84.39388,"Atlanta","FULTON","[""Motor Vehicle in Motion"",""Motor Vehicle in Motion""]","[""Failure to Yield"",""Inattentive or Other Distraction (Distracted)""]","[""Motor Vehicle in Motion"",""Motor Vehicle in Motion""]"
0,0,"Atlanta Police Department","2022-01-15","None and I-75","(O) No Injury","Dark-Lighted","On Roadway - Non-Intersection","Sideswipe-Same Direction","I-75","Dry","18:43:00","[""Unknown"",""Unknown""]","Cloudy",0,33.774976,-84.390584,"Atlanta","FULTON","[""Motor Vehicle in Motion"",""Motor Vehicle in Motion""]","Following Too Close","[""Motor Vehicle in Motion"",""Motor Vehicle in Motion""]"
0,0,"Atlanta Police Department","2022-01-15","I-20 and Moreland Ave Se","(O) No Injury","Dark-Lighted","On Roadway - Non-Intersection","Sideswipe-Same Direction","I-20","Dry","00:32:00","[""Unknown"",""Unknown"",""Unknown""]","Clear",0,33.745583,-84.348747,"Atlanta","DEKALB","[""Motor Vehicle in Motion"",""Motor Vehicle in Motion""]","Changed Lanes Improperly","[""Motor Vehicle in Motion"",""Motor Vehicle in Motion""]"
0,0,"Atlanta Police Department","2022-01-15","None and Joseph E Lowery Blvd Nw","(O) No Injury","Dark-Lighted","On Roadway - Roadway Intersection","Angle Crash","Joseph E Lowery Blvd Nw","Dry","02:50:00","[""Unknown"",""Unknown"",""Unknown"",""Unknown"",""Unknown""]","Clear",0,33.77874,-84.417342,"Atlanta","FULTON","[""Other Non-Collision"",""Other Non-Collision""]","Improper Turn","[""Motor Vehicle in Motion"",""Motor Vehicle in Motion""]"
0,0,"Atlanta Police Department","2022-01-15","Ellis St Ne and Courtland St Ne","(C) Possible Injury / Complaint","Dark-Lighted","On Roadway - Roadway Intersection","Angle Crash","Ellis St Ne","Dry","20:20:00","[""Unknown"",""Unknown""]","Rain",0,33.758392,-84.384196,"Atlanta","FULTON","[""Motor Vehicle in Motion"",""Motor Vehicle in Motion""]","Disregard Other Traffic Control","[""Motor Vehicle in Motion"",""Motor Vehicle in Motion""]"
0,0,"Atlanta Police Department","2022-01-15","I-75 and Ellis St Ne","(O) No Injury","Dark-Lighted","On Shoulder","Sideswipe-Same Direction","I-75","Dry","05:00:00","[""Unknown"",""Unknown"",""Unknown""]","Clear",0,33.759465,-84.378857,"Atlanta","FULTON","[""Highway Traffic Sign Post"",""Motor Vehicle in Motion""]","Changed Lanes Improperly","[""Motor Vehicle in Motion"",""Highway Traffic Sign Post""]"
0,0,"Atlanta Police Department","2022-01-15","Roxboro Rd Ne and E Roxboro Rd Ne","(C) Possible Injury / Complaint","Dark-Not Lighted","Off Roadway","Rear End","E Roxboro Rd Ne","Dry","19:00:00","[""Lap and Shoulder Belt Used"",""Lap and Shoulder Belt Used"",""Lap and Shoulder Belt Used"",""Lap and Shoulder Belt Used"",""Lap and Shoulder Belt Used"",""Shoulder Belt Only Used""]","Clear",0,33.848454,-84.351619,"Atlanta","FULTON","[""Impact Attenuate"",""Impact Attenuate"",""Impact Attenuate""]","Following Too Close","[""Impact Attenuate"",""Impact Attenuate"",""Impact Attenuate""]"
0,0,"Atlanta Police Department","2022-01-15","Oliver St Nw and Joseph E Boone Blvd Nw","(O) No Injury","Dark-Lighted","On Roadway - Non-Intersection","Angle Crash","Joseph E Boone Blvd Nw","Dry","03:10:00","[""Lap and Shoulder Belt Used"",""Lap and Shoulder Belt Used"",""Lap and Shoulder Belt Used"",""Lap and Shoulder Belt Used"",""Lap and Shoulder Belt Used""]","Clear",0,33.76347,-84.415708,"Atlanta","FULTON","[""Motor Vehicle in Motion"",""Motor Vehicle in Motion""]","[""Misjudged Clearance"",""Occupant Distraction (Distracted)""]","[""Motor Vehicle in Motion"",""Motor Vehicle in Motion""]"
0,0,"Atlanta Police Department","2022-01-15","Piedmont Rd Ne and Piedmont Cir Ne","(O) No Injury","Dawn","On Roadway - Driveway Intersection","Angle Crash","Piedmont Cir Ne","Ice/Frost","16:45:00","[""Lap and Shoulder Belt Used"",""Lap and Shoulder Belt Used""]","Clear",0,33.808172,-84.365901,"Atlanta","FULTON","[""Motor Vehicle in Motion"",""Motor Vehicle in Motion""]","Failure to Yield","[""Motor Vehicle in Motion"",""Motor Vehicle in Motion""]"
0,0,"Atlanta Police Department","2022-01-15","None and Martin Luther King Jr Dr Sw","(O) No Injury","Dark-Lighted","Off Roadway - Sidewalk","Not a Collision with Motor Vehicle","Martin Luther King Jr Dr Sw","Dry","06:49:00","Unknown","Clear",0,33.749984,-84.453546,"Atlanta","FULTON","Other Non-Collision",,"Fence"
0,0,"Atlanta Police Department","2022-01-15","Ellis St Ne and John Lewis Freedom Pkwy Ne","(C) Possible Injury / Complaint","Daylight","On Roadway - Roadway Intersection","Rear End","Ellis St Ne","Dry","09:19:00","[""Lap and Shoulder Belt Used"",""Lap and Shoulder Belt Used"",""Lap and Shoulder Belt Used"",""Lap and Shoulder Belt Used""]","Cloudy",0,33.759358,-84.378296,"Atlanta","FULTON","[""Motor Vehicle in Motion"",""Motor Vehicle in Motion""]","Driver Condition","[""Motor Vehicle in Motion"",""Motor Vehicle in Motion""]"
0,0,"Atlanta Police Department","2022-01-15","Buford Hwy Ne and Sidney Marcus Blvd Ne","(C) Possible Injury / Complaint","Daylight","Entrance/Exit Ramp","Rear End","Sidney Marcus Blvd Ne","Dry","18:35:00","[""Lap and Shoulder Belt Used"",""Lap and Shoulder Belt Used"",""Shoulder Belt Only Used""]","Clear",0,33.824726,-84.355504,"Atlanta","FULTON","[""Impact Attenuate"",""Impact Attenuate""]","Following Too Close","[""Impact Attenuate"",""Impact Attenuate""]"
0,0,"Atlanta Police Department","2022-01-15","I-85 North and Ga 400 North Ramp","(O) No Injury","Daylight","On Roadway - Non-Intersection","Rear End","I-85 North","Dry","16:20:00","[""Unknown"",""Unknown""]","Clear",0,33.81037,-84.374205,"Atlanta","FULTON","[""Motor Vehicle in Motion"",""Motor Vehicle in Motion""]","Following Too Close","[""Motor Vehicle in Motion"",""Motor Vehicle in Motion""]"
0,0,"Atlanta Police Department","2022-01-15","Lenox Rd Ne and Pine Heights Dr Ne","(O) No Injury","Dark-Lighted","Off Roadway","Rear End","Lenox Rd Ne","Dry","19:42:00","[""Lap and Shoulder Belt Used"",""Lap and Shoulder Belt Used""]","Clear",0,33.828592,-84.354813,"Atlanta","FULTON","[""Impact Attenuate"",""Impact Attenuate""]","Following Too Close","[""Impact Attenuate"",""Impact Attenuate""]"
0,0,"Atlanta Police Department","2022-01-15","Langston Dr Sw and Metropolitan Pkwy Sw","(O) No Injury","Daylight","On Roadway - Roadway Intersection","Sideswipe-Same Direction","Metropolitan Pkwy Sw","Dry","14:30:00","[""Lap and Shoulder Belt Used"",""Lap and Shoulder Belt Used""]","Cloudy",0,33.695168,-84.408139,"Atlanta","FULTON","[""Motor Vehicle in Motion"",""Motor Vehicle in Motion""]","Changed Lanes Improperly","[""Motor Vehicle in Motion"",""Motor Vehicle in Motion""]"
0,0,"Atlanta Police Department","2022-01-15","W Wieuca Rd Ne and Lake Forrest Dr Nw","(O) No Injury","Dark-Lighted","On Roadway - Roadway Intersection","Angle Crash","Lake Forrest Dr Nw","Wet","20:18:00","[""Unknown"",""Unknown""]","Rain",0,33.877044,-84.387409,"Atlanta","FULTON","[""Motor Vehicle in Motion"",""Motor Vehicle in Motion""]","Disregard Stop Sign/Signal","[""Motor Vehicle in Motion"",""Motor Vehicle in Motion""]"
0,0,"Atlanta Police Department","2022-01-15","Fulton St Sw and Hank Aaron Dr Se","(O) No Injury","Daylight","On Roadway - Driveway Intersection","Angle Crash","Fulton St Sw","Dry","14:27:00","[""None Used"",""Unknown"",""Unknown"",""Unknown""]","Clear",0,33.741874,-84.3878,"Atlanta","FULTON","[""Motor Vehicle in Motion"",""Motor Vehicle in Motion""]",,"[""Motor Vehicle in Motion"",""Motor Vehicle in Motion""]"
0,0,"Atlanta Police Department","2022-01-15","I-75 and Andrew Young International Blvd Ne","(O) No Injury","Dawn","On Roadway - Roadway Intersection","Rear End","I-75","Dry","17:30:00","[""Unknown"",""Unknown""]","Clear",0,33.760025,-84.379173,"Atlanta","FULTON","[""Motor Vehicle in Motion"",""Motor Vehicle in Motion""]","[""Following Too Close"",""Other Interior Distraction (Distracted)""]","[""Motor Vehicle in Motion"",""Motor Vehicle in Motion""]"
0,0,"Atlanta Police Department","2022-01-15","Waddell St Ne and Dekalb Ave Ne","(O) No Injury","Daylight","On Roadway - Driveway Intersection","Sideswipe-Same Direction","Dekalb Ave Ne","Dry","16:00:00","[""None Used"",""None Used""]","Clear",0,33.753744,-84.362666,"Atlanta","FULTON","[""Motor Vehicle in Motion"",""Motor Vehicle in Motion""]",,"[""Motor Vehicle in Motion"",""Motor Vehicle in Motion""]"
0,0,"Atlanta Police Department","2022-01-15","Miami Cir Ne and Piedmont Rd Ne","(O) No Injury","Dark-Lighted","On Roadway - Managed Lane (HOV, HOT, Reversible)","Rear End","Piedmont Rd Ne","Water (standing or moving)","23:19:00","[""Unknown"",""Unknown""]","Rain",0,33.827932,-84.367259,"Atlanta","FULTON","[""Motor Vehicle in Motion"",""Motor Vehicle in Motion""]","Following Too Close","[""Motor Vehicle in Motion"",""Motor Vehicle in Motion""]"
0,0,"Atlanta Police Department","2022-01-15","Hemlock Cir Se and Glenwood Ave Se","(O) No Injury","Dark-Not Lighted","On Roadway - Roadway Intersection","Head On","Hemlock Cir Se","Water (standing or moving)","21:50:00","[""Unknown"",""Unknown""]","Rain",0,33.740429,-84.351276,"Atlanta","FULTON","[""Motor Vehicle in Motion"",""Motor Vehicle in Motion""]","Improper Passing","[""Motor Vehicle in Motion"",""Motor Vehicle in Motion""]"
0,0,"Atlanta Police Department","2022-01-15","None and I-75","(O) No Injury","Dark-Lighted","On Roadway - Non-Intersection","Sideswipe-Same Direction","I-75","Dry","00:30:00","[""Lap and Shoulder Belt Used"",""Lap and Shoulder Belt Used"",""Lap and Shoulder Belt Used""]","Clear",0,33.865878,-84.440185,"Atlanta","FULTON","[""Motor Vehicle in Motion"",""Motor Vehicle in Motion""]",,"[""Motor Vehicle in Motion"",""Motor Vehicle in Motion""]"
0,0,"Atlanta Police Department","2022-01-15","Alpine Rd Ne and Piedmont Rd Ne","(O) No Injury","Dark-Lighted","On Roadway - Non-Intersection","Angle Crash","Piedmont Rd Ne","Wet","20:35:00","[""Unknown"",""Lap and Shoulder Belt Used""]","Rain",0,33.829173,-84.367671,"Atlanta","FULTON","[""Motor Vehicle in Motion"",""Motor Vehicle in Motion""]","Following Too Close","[""Motor Vehicle in Motion"",""Motor Vehicle in Motion""]"
0,0,"Atlanta Police Department","2022-01-15","Pharr Rd Nw and Pharr Court North Nw","(C) Possible Injury / Complaint","Dark-Lighted","On Roadway - Roadway Intersection","Sideswipe-Same Direction","Pharr Court North Nw","Dry","03:26:00","[""Unknown"",""Lap and Shoulder Belt Used""]","Clear",0,33.836705,-84.385131,"Atlanta","FULTON","[""Motor Vehicle in Motion"",""Motor Vehicle in Motion""]","Disregard Other Traffic Control","Motor Vehicle in Motion"
0,0,"Atlanta Police Department","2022-01-15","Lenox Rd Ne and Buford Hwy Ne","(O) No Injury","Dark-Lighted","On Roadway - Roadway Intersection","Rear End","Lenox Rd Ne","Dry","18:41:00","[""Unknown"",""Unknown""]","Clear",0,33.825566,-84.352754,"Atlanta","FULTON","[""Motor Vehicle in Motion"",""Motor Vehicle in Motion""]","Following Too Close","[""Motor Vehicle in Motion"",""Motor Vehicle in Motion""]"
0,0,"Atlanta Police Department","2022-01-15","Paines Ave Nw and Joseph E Boone Blvd Nw","(C) Possible Injury / Complaint","Dark-Lighted","On Roadway - Roadway Intersection","Sideswipe-Same Direction","Joseph E Boone Blvd Nw","Dry","06:00:00","[""Unknown"",""Unknown""]","Clear",0,33.763463,-84.414713,"Atlanta","FULTON","[""Motor Vehicle in Motion"",""Parked Motor Vehicle""]","Improper Passing","[""Motor Vehicle in Motion"",""Parked Motor Vehicle""]"
0,0,"Atlanta Police Department","2022-01-15","I-75 and John Wesley Dobbs Ave Ne","(O) No Injury","Dark-Lighted","On Roadway - Non-Intersection","Sideswipe-Same Direction","I-75","Dry","18:00:00","[""Unknown"",""Unknown"",""Unknown""]","Cloudy",0,33.757607,-84.378832,"Atlanta","FULTON","[""Motor Vehicle in Motion"",""Motor Vehicle in Motion"",""Motor Vehicle in Motion""]","[""Changed Lanes Improperly"",""Changed Lanes Improperly""]","[""Motor Vehicle in Motion"",""Motor Vehicle in Motion"",""Motor Vehicle in Motion""]"
0,0,"Gsp Post 00","2022-01-15","Washington St and Memorial Drive","(O) No Injury","Dark-Lighted","On Roadway - Roadway Intersection","Head On","Memorial Drive","Wet","21:20:00","[""Lap and Shoulder Belt Used"",""Lap and Shoulder Belt Used"",""Lap and Shoulder Belt Used"",""Lap and Shoulder Belt Used"",""None Used""]","Rain",0,33.747013,-84.390836,"Atlanta","FULTON","[""Motor Vehicle in Motion"",""Motor Vehicle in Motion"",""Motor Vehicle in Motion""]","Disregard Other Traffic Control","[""Motor Vehicle in Motion"",""Motor Vehicle in Motion"",""Motor Vehicle in Motion""]"
0,0,"Atlanta Police Department","2022-01-15","Langford Pkwy and Star Mist Dr Sw","(O) No Injury","Daylight","On Roadway - Non-Intersection","Rear End","Langford Pkwy","Dry","14:01:00","[""Unknown"",""Unknown""]","Cloudy",0,33.693857,-84.487964,"Atlanta","FULTON","[""Motor Vehicle in Motion"",""Motor Vehicle in Motion""]","Following Too Close","[""Motor Vehicle in Motion"",""Motor Vehicle in Motion""]"
0,1,"Atlanta Police Department","2022-01-15","I-75 85 Sb and University Ave Sw","(B) Suspected Minor/Visible Injury","Daylight","Median","Not a Collision with Motor Vehicle","I-75 85 Sb","Dry","16:34:00","Lap and Shoulder Belt Used","Clear",0,33.722284,-84.394898,"Atlanta","FULTON","Median Barrier",,"Median Barrier"
0,0,"Atlanta Police Department","2022-01-15","I-285 N and Martin Luther King Jr Dr Sw","(O) No Injury","Dark-Not Lighted","On Roadway - Non-Intersection","Rear End","Martin Luther King Jr Dr Sw","Dry","03:00:00","[""Unknown"",""Lap and Shoulder Belt Used"",""Unknown""]","Clear",0,33.75342,-84.495107,"Atlanta","FULTON","[""Motor Vehicle in Motion"",""Motor Vehicle in Motion""]","Aggressive Driving","[""Motor Vehicle in Motion"",""Motor Vehicle in Motion""]"
0,0,"Atlanta Police Department","2022-01-15","None and I-85 Exit 86 Rp","(O) No Injury","Dark-Lighted","Entrance/Exit Ramp","Not a Collision with Motor Vehicle","I-85 Exit 86 Rp","Dry","05:01:00","Unknown","Cloudy",0,33.807336,-84.379414,"Atlanta","FULTON","Median Barrier","Driver Lost Control","Median Barrier"
0,2,"Atlanta Police Department","2022-01-15","Hogan Rd Sw and Stone Hogan Conn Sw","(B) Suspected Minor/Visible Injury","Dark-Lighted","On Roadway - Non-Intersection","Head On","Stone Hogan Conn Sw","Water (standing or moving)","20:41:00","[""Unknown"",""Unknown"",""Unknown"",""Unknown""]","Rain",0,33.67822,-84.495017,"Atlanta","FULTON","[""Motor Vehicle in Motion"",""Motor Vehicle in Motion""]","Too Fast for Conditions","[""Motor Vehicle in Motion"",""Motor Vehicle in Motion""]"
0,0,"Atlanta Police Department","2022-01-15","Ellis St Ne and Piedmont Ave Ne","(O) No Injury","Dark-Lighted","On Roadway - Non-Intersection","Sideswipe-Same Direction","Piedmont Ave Ne","Dry","19:00:00","[""Unknown"",""Unknown""]","Clear",0,33.758055,-84.382213,"Atlanta","FULTON","[""Motor Vehicle in Motion"",""Motor Vehicle in Motion""]","Changed Lanes Improperly","[""Motor Vehicle in Motion"",""Motor Vehicle in Motion""]"
0,0,"Atlanta Police Department","2022-01-15","None and I-75","(O) No Injury","Dark-Not Lighted","On Roadway - Non-Intersection","Rear End","I-75","Other","21:00:00","[""Unknown"",""Unknown""]","Rain",0,33.750141,-84.382132,"Atlanta","FULTON","[""Motor Vehicle in Motion"",""Motor Vehicle in Motion""]",,"[""Motor Vehicle in Motion"",""Motor Vehicle in Motion""]"
0,0,"Atlanta Police Department","2022-01-15","I-75 N and Edgewood Ave Se","(O) No Injury","Daylight","On Roadway - Non-Intersection","Sideswipe-Same Direction","Edgewood Ave Se","Dry","16:00:00","[""Unknown"",""Unknown"",""Unknown""]","Clear",0,33.754371,-84.378356,"Atlanta","FULTON","[""Motor Vehicle in Motion"",""Motor Vehicle in Motion""]","Changed Lanes Improperly","[""Motor Vehicle in Motion"",""Motor Vehicle in Motion""]"
0,0,"Atlanta Police Department","2022-01-15","Marietta St Nw and Peachtree St Nw","(O) No Injury","Dark-Lighted","On Roadway - Roadway Intersection","Angle Crash","Peachtree St Nw","Dry","18:00:00","[""Unknown"",""Unknown"",""Unknown"",""Unknown""]","Clear",0,33.754483,-84.390046,"Atlanta","FULTON","[""Motor Vehicle in Motion"",""Motor Vehicle in Motion""]","Improper Turn","[""Motor Vehicle in Motion"",""Motor Vehicle in Motion""]"
0,0,"Atlanta Police Department","2022-01-15","None and I-20","(C) Possible Injury / Complaint","Daylight","On Roadway - Non-Intersection","Rear End","I-20","Dry","15:12:00","[""Lap and Shoulder Belt Used"",""Lap and Shoulder Belt Used"",""Lap and Shoulder Belt Used""]","Cloudy",0,33.764758,-84.49328,"Atlanta","FULTON","[""Motor Vehicle in Motion"",""Motor Vehicle in Motion""]","Following Too Close","[""Motor Vehicle in Motion"",""Motor Vehicle in Motion""]"
0,0,"Atlanta Police Department","2022-01-15","Lenox Rd Ne and Buford Hwy Ne","(O) No Injury","Daylight","Off Roadway","Sideswipe-Same Direction","Buford Hwy Ne","Dry","16:04:00","[""Lap and Shoulder Belt Used"",""Lap and Shoulder Belt Used""]","Clear",0,33.825415,-84.35325,"Atlanta","FULTON","[""Impact Attenuate"",""Impact Attenuate""]","Changed Lanes Improperly","[""Impact Attenuate"",""Impact Attenuate""]"
0,0,"Atlanta Police Department","2022-01-15","Beckwith St Sw and Joseph E Lowery Blvd Sw","(O) No Injury","Daylight","On Roadway - Roadway Intersection","Angle Crash","Beckwith St Sw","Dry","16:00:00","[""Unknown"",""Unknown"",""Unknown"",""Unknown""]","Clear",0,33.752205,-84.417545,"Atlanta","FULTON","[""Motor Vehicle in Motion"",""Motor Vehicle in Motion""]","[""Not Visible (Object, Person, or Vehicle)"",""Failure to Yield""]","[""Motor Vehicle in Motion"",""Motor Vehicle in Motion""]"
0,0,"Atlanta Police Department","2022-01-15","None and I-75","(C) Possible Injury / Complaint","Dark-Lighted","On Roadway - Non-Intersection","Sideswipe-Same Direction","I-75","Dry","05:30:00","[""Unknown"",""Unknown""]","Clear",0,33.745431,-84.389802,"Atlanta","FULTON","[""Motor Vehicle in Motion"",""Motor Vehicle in Motion""]",,"[""Motor Vehicle in Motion"",""Motor Vehicle in Motion""]"
0,0,"Atlanta Police Department","2022-01-15","I-285 N and Martin Luther King Jr Dr Sw","(C) Possible Injury / Complaint","Dark-Not Lighted","On Roadway - Roadway Intersection","Head On","Martin Luther King Jr Dr Sw","Dry","17:00:00","[""Lap and Shoulder Belt Used"",""Lap and Shoulder Belt Used"",""Lap and Shoulder Belt Used"",""Lap and Shoulder Belt Used""]","Clear",0,33.752909,-84.493904,"Atlanta","FULTON","[""Motor Vehicle in Motion"",""Motor Vehicle in Motion""]","Failure to Yield","[""Motor Vehicle in Motion"",""Motor Vehicle in Motion""]"
0,0,"Atlanta Police Department","2022-01-15","Grant St Sw and Metropolitan Pkwy Sw","(C) Possible Injury / Complaint","Dark-Lighted","On Roadway - Roadway Intersection","Angle Crash","Metropolitan Pkwy Sw","Dry","22:42:00","[""Unknown"",""Unknown"",""Unknown"",""Unknown""]","Clear",0,33.703384,-84.408073,"Atlanta","FULTON","[""Motor Vehicle in Motion"",""Motor Vehicle in Motion""]","Failure to Yield","[""Motor Vehicle in Motion"",""Motor Vehicle in Motion""]"
0,0,"Atlanta Police Department","2022-01-15","Collier Rd Nw and Peachtree Rd Ne","(O) No Injury","Dark-Lighted","On Roadway - Non-Intersection","Sideswipe-Same Direction","Peachtree Rd Ne","Dry","18:40:00","[""Unknown"",""Lap and Shoulder Belt Used""]","Cloudy",0,33.807387,-84.393791,"Atlanta","FULTON","[""Motor Vehicle in Motion"",""Motor Vehicle in Motion""]","Improper Turn","[""Motor Vehicle in Motion"",""Motor Vehicle in Motion""]"
0,0,"Atlanta Police Department","2022-01-15","Boulevard Ne and John Lewis Freedom Pkwy Ne","(O) No Injury","Dark-Not Lighted","Off Roadway","Sideswipe-Same Direction","Boulevard Ne","Dry","20:00:00","[""None Used"",""None Used""]","Clear",0,33.760098,-84.372046,"Atlanta","FULTON","[""Motor Vehicle in Motion"",""Motor Vehicle in Motion""]",,"[""Motor Vehicle in Motion"",""Motor Vehicle in Motion""]"
0,0,"Atlanta Police Department","2022-01-16","None and I-285","(O) No Injury","Dark-Not Lighted","Off Roadway","Not a Collision with Motor Vehicle","I-285","Water (standing or moving)","03:15:00","[""Lap and Shoulder Belt Used"",""Lap and Shoulder Belt Used""]","Rain",0,33.74991,-84.496847,"Atlanta","FULTON","Other Non-Collision","Driver Lost Control","Fire/Explosion"
0,0,"Atlanta Police Department","2022-01-16","Lanier Blvd Ne and N Virginia Ave Ne","(O) No Injury","Dark-Lighted","Off Roadway","Not a Collision with Motor Vehicle","Lanier Blvd Ne","Water (standing or moving)","21:15:00","Unknown","Cloudy",0,33.784897,-84.350632,"Atlanta","FULTON","Utility Pole","[""Driver Lost Control"",""Under the Influence (U.I.)""]","Utility Pole"
0,0,"Atlanta Police Department","2022-01-16","None and Exit 61B Rp","(O) No Injury","Daylight","On Roadway - Non-Intersection","Rear End","Exit 61B Rp","Wet","14:35:00","[""Unknown"",""Lap and Shoulder Belt Used""]","Snow",0,33.740108,-84.329384,"Atlanta","DEKALB","[""Motor Vehicle in Motion"",""Motor Vehicle in Motion""]","Too Fast for Conditions","[""Motor Vehicle in Motion"",""Motor Vehicle in Motion""]"