"# Serious Injuries","# Visible Injuries","Agency Name (Crash Level) ","Date","Intersection Name (from Crash Report)","KABCO Severity","Light Conditions (Crash Level)","Location at Impact (Crash Level) ","Manner of Collision (Crash Level) ","Roadway (From Crash Report)","Surface Condition (Crash Level) ","Time","Safety Equipment (Crash Level) ","Weather Conditions (Crash Level)","# of Fatalities per Crash","Latitude","Longitude","Geolocated City","Geolocated County","First Harmful Event (Unit Order)","Operator/Pedestrian Contrib Factor (excl None, Other, No Contrib Factors)","Most Harmful Event (Crash Level)"
0,0,"Atlanta Police Department","2022-01-16","Mt Paran Rd Nw and Mt Paran Pkwy Nw","(O) No Injury","Daylight","Off Roadway","Not a Collision with Motor Vehicle","Mt Paran Rd Nw","Wet","14:14:00","Unknown","Snow",0,33.871627,-84.418687,"Atlanta","FULTON","Other - Fixed Object","Too Fast for Conditions","Other - Fixed Object"
0,0,"Atlanta Police Department","2022-01-16","None and I-20 Rp","(O) No Injury","Dark-Lighted","On Roadway - Non-Intersection","Sideswipe-Same Direction","I-20 Rp","Wet","04:15:00","[""Unknown"",""Unknown""]","Rain",0,33.755154,-84.46642,"Atlanta","FULTON","[""Motor Vehicle in Motion"",""Motor Vehicle in Motion""]","Improper Passing","[""Motor Vehicle in Motion"",""Motor Vehicle in Motion""]"
0,0,"Gsp Post 00","2022-01-16","Lenox Rd Ne and Ga Highway 400 Nb","(O) No Injury","Daylight","On Shoulder","Not a Collision with Motor Vehicle","Ga Highway 400 Nb","Snow","14:33:00","Lap and Shoulder Belt Used","Snow",0,33.869038,-84.366193,"Atlanta","FULTON","Other Non-Collision","Driver Lost Control","Median Barrier"
0,0,"Atlanta Police Department","2022-01-16","Piedmont Ave Ne and E Morningside Dr Ne","(O) No Injury","Dark-Lighted","On Roadway - Non-Intersection","Rear End","Piedmont Ave Ne","Dry","20:00:00","Lap and Shoulder Belt Used","Cloudy",0,33.79862,-84.368108,"Atlanta","FULTON","[""Motor Vehicle in Motion"",""Motor Vehicle in Motion""]",,"[""Motor Vehicle in Motion"",""Motor Vehicle in Motion""]"
0,0,"Atlanta Police Department","2022-01-16","Exit 249D and Williams St Nw","(O) No Injury","Dark-Lighted","On Shoulder","Sideswipe-Same Direction","Williams St Nw","Wet","01:15:00","Unknown","Rain",0,33.771856,-84.390652,"Atlanta","FULTON","[""Parked Motor Vehicle"",""Motor Vehicle in Motion""]","Too Fast for Conditions","[""Motor Vehicle in Motion"",""Motor Vehicle in Motion""]"
0,0,"Atlanta Police Department","2022-01-16","Dogwood Dr Nw and Harwell Rd Nw","(O) No Injury","Dark-Not Lighted","Off Roadway","Not a Collision with Motor Vehicle","Harwell Rd Nw","Wet","07:00:00","Unknown","Rain",0,33.780146,-84.49497,"Atlanta","FULTON","Ditch","Driver Lost Control","Ditch"
0,0,"Atlanta Police Department","2022-01-16","None and I-20","(O) No Injury","Daylight","On Roadway - Non-Intersection","Angle Crash","I-20","Water (standing or moving)","09:30:00","[""Unknown"",""Unknown""]","Rain",0,33.742444,-84.421821,"Atlanta","FULTON","[""Motor Vehicle in Motion"",""Motor Vehicle in Motion""]","[""Improper Passing"",""Following Too Close""]","[""Motor Vehicle in Motion"",""Motor Vehicle in Motion""]"
0,0,"Atlanta Police Department","2022-01-16","North Ave Nw and W Peachtree St Nw","(O) No Injury","Dark-Lighted","On Roadway - Roadway Intersection","Rear End","W Peachtree St Nw","Wet","18:15:00","[""Unknown"",""Unknown"",""Unknown""]","Cloudy",0,33.771267,-84.387435,"Atlanta","FULTON","[""Motor Vehicle in Motion"",""Motor Vehicle in Motion""]","Too Fast for Conditions","[""Motor Vehicle in Motion"",""Motor Vehicle in Motion""]"
0,0,"Atlanta Police Department","2022-01-16","I-20 and Bill Kennedy Way Se","(C) Possible Injury / Complaint","Dark-Lighted","On Roadway - Roadway Intersection","Not a Collision with Motor Vehicle","I-20","Wet","03:31:00","[""Unknown"",""Unknown"",""Unknown""]","Rain",0,33.743418,-84.358666,"Atlanta","FULTON","Other Non-Collision","Too Fast for Conditions","Fire/Explosion"
0,0,"Atlanta Police Department","2022-01-16","Highland Ave Ne and Glen Iris Dr Ne","(O) No Injury","Daylight","On Roadway - Roadway Intersection","Angle Crash","Glen Iris Dr Ne","Ice/Frost","14:00:00","[""Unknown"",""Unknown"",""Unknown""]","Snow",0,33.761313,-84.367842,"Atlanta","FULTON","[""Motor Vehicle in Motion"",""Motor Vehicle in Motion""]","Disregard Other Traffic Control","[""Motor Vehicle in Motion"",""Motor Vehicle in Motion""]"
0,0,"Atlanta Police Department","2022-01-16","None and I-20","(C) Possible Injury / Complaint","Dark-Not Lighted","On Roadway - Non-Intersection","Rear End","I-20","Wet","04:10:00","[""Unknown"",""Lap and Shoulder Belt Used"",""Lap and Shoulder Belt Used""]","Rain",0,33.757213,-84.4691,"Atlanta","FULTON","[""Motor Vehicle in Motion"",""Motor Vehicle in Motion"",""Motor Vehicle in Motion""]","[""Too Fast for Conditions"",""Following Too Close""]","[""Motor Vehicle in Motion"",""Motor Vehicle in Motion"",""Motor Vehicle in Motion""]"
0,0,"Atlanta Police Department","2022-01-16","None and I-75","(O) No Injury","Daylight","On Roadway - Managed Lane (HOV, HOT, Reversible)","Angle Crash","I-75","Water (standing or moving)","10:16:00","[""Lap and Shoulder Belt Used"",""Lap and Shoulder Belt Used"",""Lap and Shoulder Belt Used""]","Rain",0,33.742052,-84.392,"Atlanta","FULTON","[""Motor Vehicle in Motion"",""Motor Vehicle in Motion""]","[""Changed Lanes Improperly"",""Too Fast for Conditions""]","[""Motor Vehicle in Motion"",""Motor Vehicle in Motion""]"
0,0,"Atlanta Police Department","2022-01-16","Custer Ave Se and Moreland Ave Se","(O) No Injury","Daylight","On Roadway - Non-Intersection","Sideswipe-Same Direction","Moreland Ave Se","Wet","11:50:00","[""Lap and Shoulder Belt Used"",""Lap and Shoulder Belt Used""]","Snow",0,33.71679,-84.349515,"Atlanta","FULTON","[""Motor Vehicle in Motion"",""Motor Vehicle in Motion""]","Improper Turn","[""Motor Vehicle in Motion"",""Motor Vehicle in Motion""]"
0,0,"Gsp Post 00","2022-01-16","I-75 North and Moores Mill Road","(O) No Injury","Dark-Lighted","Off Roadway","Not a Collision with Motor Vehicle","I-75 North","Wet","05:10:00","Lap and Shoulder Belt Used","Rain",0,33.830408,-84.425701,"Atlanta","FULTON","Tree",,"Tree"
0,0,"Atlanta Police Department","2022-01-16","None and I-75","(O) No Injury","Dark-Lighted","On Roadway - Non-Intersection","Sideswipe-Same Direction","I-75","Wet","00:54:00","[""Unknown"",""Unknown"",""Unknown""]","Rain",0,33.771635,-84.390432,"Atlanta","FULTON","[""Motor Vehicle in Motion"",""Motor Vehicle in Motion""]","Too Fast for Conditions","[""Motor Vehicle in Motion"",""Motor Vehicle in Motion""]"
0,0,"Atlanta Police Department","2022-01-16","None and I-85","(O) No Injury","Dark-Lighted","On Roadway - Non-Intersection","Angle Crash","I-85","Wet","03:01:00","[""Unknown"",""None Used"",""None Used""]","Rain",0,33.791354,-84.390982,"Atlanta","FULTON","[""Motor Vehicle in Motion"",""Motor Vehicle in Motion"",""Motor Vehicle in Motion""]",,"[""Motor Vehicle in Motion"",""Motor Vehicle in Motion""]"
0,0,"Atlanta Police Department","2022-01-16","None and I-85","(O) No Injury","Dark-Not Lighted","On Roadway - Non-Intersection","Angle Crash","I-85","Wet","03:50:00","[""Unknown"",""Lap and Shoulder Belt Used""]","Rain",0,33.684191,-84.407715,"Atlanta","FULTON","[""Motor Vehicle in Motion"",""Motor Vehicle in Motion""]","Following Too Close","[""Motor Vehicle in Motion"",""Motor Vehicle in Motion""]"
0,0,"Atlanta Police Department","2022-01-16","None and I-285","(O) No Injury","Dark-Lighted","On Roadway - Non-Intersection","Sideswipe-Opposite Direction","I-285","Water (standing or moving)","01:16:00","[""None Used"",""Lap and Shoulder Belt Used""]","Rain",0,33.695536,-84.50004,"Atlanta","FULTON","[""Motor Vehicle in Motion"",""Motor Vehicle in Motion""]","Wrong Side of Road","[""Motor Vehicle in Motion"",""Motor Vehicle in Motion""]"
0,0,"Atlanta Police Department","2022-01-16","Lindridge Dr Ne and Lindbergh Dr Ne","(C) Possible Injury / Complaint","Daylight","On Roadway - Roadway Intersection","Head On","Lindbergh Dr Ne","Snow","09:50:00","[""Lap and Shoulder Belt Used"",""Lap and Shoulder Belt Used""]","Sleet",0,33.820241,-84.356929,"Atlanta","FULTON","[""Motor Vehicle in Motion"",""Motor Vehicle in Motion""]","[""Too Fast for Conditions"",""Driver Lost Control""]","[""Motor Vehicle in Motion"",""Motor Vehicle in Motion""]"
0,0,"Atlanta Police Department","2022-01-16","None and 75 85 Sb Expy Nw   Williams St Nw Rp","(O) No Injury","Dark-Not Lighted","On Roadway - Non-Intersection","Sideswipe-Same Direction","75 85 Sb Expy Nw   Williams St Nw Rp","Wet","23:01:00","[""Unknown"",""Unknown""]","Rain",0,33.740382,-84.374863,"Atlanta","FULTON","[""Motor Vehicle in Motion"",""Motor Vehicle in Motion""]","Driver Lost Control","[""Motor Vehicle in Motion"",""Motor Vehicle in Motion""]"
0,0,"Atlanta Police Department","2022-01-16","Morosgo Dr Ne and Cosmopolitan Dr Ne","(O) No Injury","Daylight","On Roadway - Non-Intersection","Sideswipe-Same Direction","Morosgo Dr Ne","Ice/Frost","12:30:00","[""Lap and Shoulder Belt Used"",""Lap and Shoulder Belt Used""]","Other",0,33.822379,-84.361071,"Atlanta","FULTON","[""Motor Vehicle in Motion"",""Motor Vehicle in Motion""]","Changed Lanes Improperly","[""Motor Vehicle in Motion"",""Motor Vehicle in Motion""]"
0,0,"Emory Police Department","2022-01-16","None and Haygood Dr","(O) No Injury","Dawn","Off Roadway","Not a Collision with Motor Vehicle","Haygood Dr","Wet","00:00:00","Unknown","Rain",0,33.79304,-84.316859,"Atlanta","DEKALB","Fence",,"Fence"
0,1,"Atlanta Police Department","2022-01-16","None and I-75","(B) Suspected Minor/Visible Injury","Dark-Not Lighted","On Roadway - Roadway Intersection","Sideswipe-Same Direction","I-75","Water (standing or moving)","05:30:00","[""Lap and Shoulder Belt Used"",""Lap and Shoulder Belt Used""]","Rain",0,33.74803,-84.386031,"Atlanta","FULTON","[""Motor Vehicle in Motion"",""Motor Vehicle in Motion""]","[""Too Fast for Conditions"",""Changed Lanes Improperly""]","[""Motor Vehicle in Motion"",""Motor Vehicle in Motion""]"
0,0,"Atlanta Police Department","2022-01-16","I-75 S and I-75 Exit 250","(O) No Injury","Dark-Lighted","On Roadway - Non-Intersection","Angle Crash","I-75 Exit 250","Water (standing or moving)","18:35:00","[""Lap and Shoulder Belt Used"",""Lap and Shoulder Belt Used"",""Lap and Shoulder Belt Used""]","Cloudy",0,33.796204,-84.394772,"Atlanta","FULTON","[""Motor Vehicle in Motion"",""Motor Vehicle in Motion"",""Motor Vehicle in Motion""]","Changed Lanes Improperly","[""Motor Vehicle in Motion"",""Motor Vehicle in Motion"",""Motor Vehicle in Motion""]"
0,0,"Atlanta Police Department","2022-01-16","Fairburn Rd Sw and Campbellton Rd Sw","(O) No Injury","Daylight","On Roadway - Non-Intersection","Rear End","Campbellton Rd Sw","Wet","14:30:00","[""Unknown"",""Unknown"",""Unknown""]","Other",0,33.690617,-84.511415,"Atlanta","FULTON","[""Motor Vehicle in Motion"",""Motor Vehicle in Motion""]","Following Too Close","[""Motor Vehicle in Motion"",""Motor Vehicle in Motion""]"
0,0,"Atlanta Police Department","2022-01-16","Pryor Rd Sw and Claire Dr Sw","(O) No Injury","Daylight","On Roadway - Non-Intersection","Not a Collision with Motor Vehicle","Pryor Rd Sw","Wet","10:30:00","Unknown","Other",0,33.708873,-84.39342,"Atlanta","FULTON","Other Non-Collision",,"Guard Rail Fence"
0,0,"Atlanta Police Department","2022-01-16","Lee St Sw and Poole Pl Sw","(O) No Injury","Dark-Lighted","On Roadway - Non-Intersection","Angle Crash","Lee St Sw","Wet","21:00:00","[""Unknown"",""Lap and Shoulder Belt Used""]","Sleet",0,33.739073,-84.414055,"Atlanta","FULTON","[""Motor Vehicle in Motion"",""Motor Vehicle in Motion""]","Aggressive Driving","[""Motor Vehicle in Motion"",""Motor Vehicle in Motion""]"
0,0,"Atlanta Police Department","2022-01-16","Miami Cir Ne and Piedmont Rd Ne","(O) No Injury","Daylight","On Roadway - Non-Intersection","Rear End","Piedmont Rd Ne","Wet","12:58:00","[""Lap and Shoulder Belt Used"",""Lap and Shoulder Belt Used"",""Lap and Shoulder Belt Used""]","Snow",0,33.828237,-84.367363,"Atlanta","FULTON","[""Motor Vehicle in Motion"",""Motor Vehicle in Motion""]","Following Too Close","[""Motor Vehicle in Motion"",""Motor Vehicle in Motion""]"
0,0,"Atlanta Police Department","2022-01-16","None and Exit 51B Rp","(C) Possible Injury / Complaint","Dark-Lighted","Off Roadway","Not a Collision with Motor Vehicle","Exit 51B Rp","Water (standing or moving)","23:25:00","[""Unknown"",""Unknown""]","Rain",0,33.763265,-84.491298,"Atlanta","FULTON","Ditch","Too Fast for Conditions","Ditch"
0,0,"Atlanta Police Department","2022-01-16","None and Cascade Rd Sw","(C) Possible Injury / Complaint","Daylight","On Roadway - Non-Intersection","Not a Collision with Motor Vehicle","Cascade Rd Sw","Ice/Frost","08:50:00","Lap and Shoulder Belt Used","Rain",0,33.721235,-84.454695,"Atlanta","FULTON","Other Non-Collision","Wrong Side of Road","Utility Pole"
0,0,"Atlanta Police Department","2022-01-16","None and I-20","(C) Possible Injury / Complaint","Daylight","On Roadway - Non-Intersection","Not a Collision with Motor Vehicle","I-20","Water (standing or moving)","13:05:00","Shoulder Belt Only Used","Rain",0,33.743562,-84.358559,"Atlanta","FULTON","Other Non-Collision","Too Fast for Conditions","Median Barrier"
0,0,"Atlanta Police Department","2022-01-16","Baker St Nw and Centennial Olympic Park Dr Nw","(O) No Injury","Daylight","On Roadway - Non-Intersection","Not a Collision with Motor Vehicle","Centennial Olympic Park Dr Nw","Water (standing or moving)","11:00:00","Shoulder Belt Only Used","Rain",0,33.761877,-84.392035,"Atlanta","FULTON","Other Non-Collision",,"Utility Pole"
0,1,"Atlanta Police Department","2022-01-16","Pine St Ne and Courtland St Ne","(B) Suspected Minor/Visible Injury","Dark-Lighted","On Roadway - Managed Lane (HOV, HOT, Reversible)","Rear End","Courtland St Ne","Water (standing or moving)","02:40:00","[""Unknown"",""Lap and Shoulder Belt Used"",""Lap and Shoulder Belt Used""]","Rain",0,33.767465,-84.384046,"Atlanta","FULTON","[""Motor Vehicle in Motion"",""Motor Vehicle in Motion""]","Following Too Close","[""Motor Vehicle in Motion"",""Motor Vehicle in Motion""]"
0,0,"Atlanta Police Department","2022-01-16","I-75 and Auburn Ave Ne","(O) No Injury","Dark-Not Lighted","On Roadway - Non-Intersection","Rear End","I-75","Wet","02:15:00","[""Unknown"",""Unknown""]","Rain",0,33.755493,-84.378226,"Atlanta","FULTON","[""Motor Vehicle in Motion"",""Motor Vehicle in Motion""]","Following Too Close","Motor Vehicle in Motion"
0,0,"Atlanta Police Department","2022-01-16","None and I-20","(O) No Injury","Daylight","On Roadway - Non-Intersection","Angle Crash","I-20","Wet","14:30:00","[""Unknown"",""Unknown"",""Unknown""]","Snow",0,33.744663,-84.389359,"Atlanta","FULTON","[""Motor Vehicle in Motion"",""Motor Vehicle in Motion""]","Too Fast for Conditions","[""Motor Vehicle in Motion"",""Motor Vehicle in Motion""]"
0,0,"Atlanta Police Department","2022-01-16","Peachtree St Ne and Ponce De Leon Ave Ne","(O) No Injury","Daylight","On Roadway - Roadway Intersection","Angle Crash","Ponce De Leon Ave Ne","Water (standing or moving)","14:50:00","[""Lap and Shoulder Belt Used"",""Lap and Shoulder Belt Used""]","Sleet",0,33.772241,-84.384912,"Atlanta","FULTON","[""Motor Vehicle in Motion"",""Motor Vehicle in Motion""]","Improper Turn","[""Motor Vehicle in Motion"",""Motor Vehicle in Motion""]"
0,0,"Atlanta Police Department","2022-01-16","None and I-20","(O) No Injury","Dark-Lighted","On Roadway - Non-Intersection","Rear End","I-20","Water (standing or moving)","04:00:00","Lap and Shoulder Belt Used","Rain",0,33.752437,-84.460323,"Atlanta","FULTON","[""Motor Vehicle in Motion"",""Parked Motor Vehicle""]",,"[""Motor Vehicle in Motion"",""Parked Motor Vehicle""]"
0,0,"Atlanta Police Department","2022-01-16","Greenwood Ave Ne and N Highland Ave Ne","(O) No Injury","Dark-Lighted","Off Roadway","Not a Collision with Motor Vehicle","N Highland Ave Ne","Wet","00:30:00","Unknown","Rain",0,33.776711,-84.352502,"Atlanta","FULTON","Other - Fixed Object","Under the Influence (U.I.)","Other - Fixed Object"
0,0,"Atlanta Police Department","2022-01-16","None and I-20","(O) No Injury","Dark-Lighted","On Roadway - Non-Intersection","Rear End","I-20","Water (standing or moving)","04:03:00","[""Unknown"",""Unknown""]","Rain",0,33.726708,-84.324095,"Atlanta","DEKALB","[""Motor Vehicle in Motion"",""Motor Vehicle in Motion""]",,"[""Motor Vehicle in Motion"",""Parked Motor Vehicle""]"
0,0,"Atlanta Police Department","2022-01-16","None and I-285","(O) No Injury","Dark-Not Lighted","On Roadway - Roundabout","Sideswipe-Same Direction","I-285","Water (standing or moving)","03:22:00","[""Unknown"",""Unknown""]","Rain",0,33.802167,-84.490461,"Atlanta","FULTON","[""Other Non-Collision"",""Other Non-Collision""]","Too Fast for Conditions","[""Motor Vehicle in Motion"",""Motor Vehicle in Motion""]"
0,0,"Atlanta Police Department","2022-01-16","North Ave Ne and John Lewis Freedom Pkwy Ne","(O) No Injury","Daylight","On Roadway - Roadway Intersection","Sideswipe-Same Direction","John Lewis Freedom Pkwy Ne","Water (standing or moving)","15:30:00","[""Lap and Shoulder Belt Used"",""Lap and Shoulder Belt Used""]","Rain",0,33.770943,-84.359391,"Atlanta","FULTON","[""Motor Vehicle in Motion"",""Motor Vehicle in Motion""]",,"[""Motor Vehicle in Motion"",""Motor Vehicle in Motion""]"
0,0,"Atlanta Police Department","2022-01-16","North Ave Nw and Northside Dr Nw","(O) No Injury","Daylight","On Roadway - Non-Intersection","Rear End","Northside Dr Nw","Wet","11:35:00","[""Unknown"",""Unknown""]","Sleet",0,33.769588,-84.40472,"Atlanta","FULTON","[""Motor Vehicle in Motion"",""Motor Vehicle in Motion""]","Too Fast for Conditions","[""Motor Vehicle in Motion"",""Motor Vehicle in Motion""]"
0,0,"Atlanta Police Department","2022-01-16","I-20 W and Bill Kennedy Way Se","(O) No Injury","Dark-Lighted","On Roadway - Roadway Intersection","Not a Collision with Motor Vehicle","Bill Kennedy Way Se","Water (standing or moving)","00:12:00","Unknown","Rain",0,33.743786,-84.358217,"Atlanta","FULTON","Other Non-Collision","Too Fast for Conditions","Guard Rail Fence"
0,0,"Atlanta Police Department","2022-01-16","North Ave Nw and Northside Dr Nw","(O) No Injury","Dark-Lighted","On Roadway - Roadway Intersection","Sideswipe-Same Direction","Northside Dr Nw","Water (standing or moving)","02:00:00","[""Unknown"",""Unknown""]","Rain",0,33.770255,-84.404776,"Atlanta","FULTON","[""Railway Train/Street Car"",""Railway Train/Street Car""]","Improper Passing","[""Motor Vehicle in Motion"",""Motor Vehicle in Motion""]"
0,0,"Atlanta Police Department","2022-01-16","None and Westwood Ave Sw","(O) No Injury","Daylight","On Roadway - Non-Intersection","Angle Crash","Westwood Ave Sw","Wet","11:42:00","Unknown","Snow",0,33.73859,-84.44451,"Atlanta","FULTON","[""Motor Vehicle in Motion"",""Motor Vehicle in Motion""]",,"[""Motor Vehicle in Motion"",""Motor Vehicle in Motion""]"
0,0,"Atlanta Police Department","2022-01-16","10Th St Ne and Juniper St Ne","(C) Possible Injury / Complaint","Dark-Lighted","On Roadway - In Crosswalk","Not a Collision with Motor Vehicle","Juniper St Ne","Wet","23:56:00","[""Lap and Shoulder Belt Used"",""None Used""]","Clear",0,33.78175,-84.382465,"Atlanta","FULTON","[""Motor Vehicle in Motion"",""Motor Vehicle in Motion""]","Disregard Stop Sign/Signal","Motor Vehicle in Motion"
1,0,"Atlanta Police Department","2022-01-16","I-20 and Fairfield Pl Nw","(K) Fatal Injury","Dark-Lighted","On Roadway - Non-Intersection","Head On","I-20","Water (standing or moving)","01:20:00","[""None Used"",""Lap and Shoulder Belt Used"",""Lap and Shoulder Belt Used"",""Lap and Shoulder Belt Used""]","Rain",1,33.75314,-84.462703,"Atlanta","FULTON","[""Motor Vehicle in Motion"",""Motor Vehicle in Motion"",""Motor Vehicle in Motion""]","[""Under the Influence (U.I.)"",""Wrong Side of Road""]","[""Motor Vehicle in Motion"",""Motor Vehicle in Motion"",""Motor Vehicle in Motion""]"
0,0,"Atlanta Police Department","2022-01-16","Bolton Rd Nw and Parrott Ave Nw","(C) Possible Injury / Complaint","Daylight","On Roadway - Non-Intersection","Not a Collision with Motor Vehicle","Bolton Rd Nw","Water (standing or moving)","17:00:00","[""Unknown"",""Unknown""]","Snow",0,33.801958,-84.486599,"Atlanta","FULTON","Other Non-Collision","Too Fast for Conditions","Utility Pole"
0,0,"Atlanta Police Department","2022-01-16","Coca Cola Pl Se and Edgewood Ave Se","(O) No Injury","Dark-Lighted","On Roadway - Non-Intersection","Rear End","Edgewood Ave Se","Water (standing or moving)","03:30:00","Unknown","Rain",0,33.754442,-84.382026,"Atlanta","FULTON","[""Motor Vehicle in Motion"",""Motor Vehicle in Motion""]",,"[""Motor Vehicle in Motion"",""Motor Vehicle in Motion""]"
0,0,"Atlanta Police Department","2022-01-16","14Th St Nw and Fowler St Nw","(O) No Injury","Dark-Lighted","Off Roadway - Sidewalk","Not a Collision with Motor Vehicle","Fowler St Nw","Wet","03:00:00","Lap and Shoulder Belt Used","Rain",0,33.786632,-84.39325,"Atlanta","FULTON","Other Non-Collision","Driver Lost Control","Fence"
0,0,"Atlanta Police Department","2022-01-16","Oak Dr Sw and Latona Dr Sw","(O) No Injury","Daylight","On Roadway - Roadway Intersection","Angle Crash","Latona Dr Sw","Dry","19:30:00","Unknown","Snow",0,33.669013,-84.395595,"Atlanta","FULTON","[""Motor Vehicle in Motion"",""Parked Motor Vehicle""]",,"[""Motor Vehicle in Motion"",""Parked Motor Vehicle""]"
0,0,"Atlanta Police Department","2022-01-16","Mcdonough Blvd Se and University Ave Sw","(O) No Injury","Dark-Not Lighted","Off Roadway - Sidewalk","Not a Collision with Motor Vehicle","University Ave Sw","Wet","00:00:00","Unknown","Rain",0,33.721663,-84.388574,"Atlanta","FULTON","Other Non-Collision","Driver Condition","Utility Pole"
0,0,"Atlanta Police Department","2022-01-16","None and I-20 Rp","(O) No Injury","Dark-Lighted","Entrance/Exit Ramp","Not a Collision with Motor Vehicle","I-20 Rp","Wet","19:00:00","Unknown","Clear",0,33.744881,-84.347983,"Atlanta","DEKALB","Other Non-Collision","Driver Lost Control","Guard Rail Fence"
0,1,"Atlanta Police Department","2022-01-16","None and I-75","(B) Suspected Minor/Visible Injury","Dark-Lighted","On Roadway - Non-Intersection","Rear End","I-75","Wet","04:15:00","[""Unknown"",""Lap and Shoulder Belt Used""]","Rain",0,33.797161,-84.3954,"Atlanta","FULTON","[""Motor Vehicle in Motion"",""Motor Vehicle in Motion""]","Following Too Close","Motor Vehicle in Motion"
0,0,"Atlanta Police Department","2022-01-16","7Th St Ne and Peachtree St Ne","(O) No Injury","Dark-Lighted","On Roadway - Roadway Intersection","Angle Crash","Peachtree St Ne","Wet","02:47:00","[""Lap and Shoulder Belt Used"",""Lap and Shoulder Belt Used""]","Rain",0,33.77853,-84.384306,"Atlanta","FULTON","[""Motor Vehicle in Motion"",""Motor Vehicle in Motion""]","Improper Turn","[""Motor Vehicle in Motion"",""Motor Vehicle in Motion""]"
0,0,"Atlanta Police Department","2022-01-16","Sawtell Ave Se and Jonesboro Rd Se","(O) No Injury","Dark-Lighted","Off Roadway - Sidewalk","Not a Collision with Motor Vehicle","Sawtell Ave Se","Wet","01:15:00","Lap and Shoulder Belt Used","Rain",0,33.705027,-84.378597,"Atlanta","FULTON","Other - Fixed Object","Too Fast for Conditions","Other - Fixed Object"
0,1,"Atlanta Police Department","2022-01-17","None and Ga-13","(B) Suspected Minor/Visible Injury","Dark-Lighted","Entrance/Exit Ramp","Not a Collision with Motor Vehicle","Ga-13","Dry","19:30:00","Unknown","Clear",0,33.811922,-84.364797,"Atlanta","FULTON","Motor Vehicle in Motion","[""Reckless Driving"",""Under the Influence (U.I.)"",""Driver Lost Control"",""Too Fast for Conditions""]","Motor Vehicle in Motion"
0,0,"Atlanta Police Department","2022-01-17","North Ave Nw and Williams St Nw","(O) No Injury","Dark-Lighted","On Roadway - Roadway Intersection","Angle Crash","Williams St Nw","Dry","22:00:00","[""Lap and Shoulder Belt Used"",""Lap and Shoulder Belt Used""]","Clear",0,33.771495,-84.390677,"Atlanta","FULTON","[""Motor Vehicle in Motion"",""Motor Vehicle in Motion""]","Disregard Stop Sign/Signal","[""Motor Vehicle in Motion"",""Motor Vehicle in Motion""]"
0,0,"Atlanta Police Department","2022-01-17","Mt Gilead Rd Sw and Greenbriar Pkwy Sw","(O) No Injury","Dark-Lighted","On Roadway - Non-Intersection","Rear End","Greenbriar Pkwy Sw","Dry","19:00:00","[""Lap and Shoulder Belt Used"",""Lap and Shoulder Belt Used""]","Clear",0,33.692366,-84.490398,"Atlanta","FULTON","[""Motor Vehicle in Motion"",""Motor Vehicle in Motion""]",,"[""Motor Vehicle in Motion"",""Motor Vehicle in Motion""]"
0,0,"Atlanta Police Department","2022-01-17","Schoen St Se and Richmond Ave Se","(O) No Injury","Daylight","On Roadway - Roadway Intersection","Not a Collision with Motor Vehicle","Schoen St Se","Dry","17:49:00","[""Unknown"",""Unknown""]","Clear",0,33.704983,-84.374315,"Atlanta","FULTON","Motor Vehicle in Motion","[""Disregard Police - Evasion"",""Aggressive Driving"",""Disregard Other Traffic Control"",""Exceeding Speed Limit""]","Motor Vehicle in Motion"
0,0,"Atlanta Police Department","2022-01-17","Piedmont Rd Ne and Peachtree Rd Ne","(O) No Injury","Daylight","On Roadway - Non-Intersection","Angle Crash","Piedmont Rd Ne","Dry","17:30:00","[""Unknown"",""Unknown""]","Clear",0,33.843716,-84.371388,"Atlanta","FULTON","[""Motor Vehicle in Motion"",""Motor Vehicle in Motion""]","[""Failure to Yield"",""Misjudged Clearance""]","[""Motor Vehicle in Motion"",""Motor Vehicle in Motion""]"
0,0,"Atlanta Police Department","2022-01-17","White St Nw and Howell Mill Rd Nw","(C) Possible Injury / Complaint","Daylight","On Roadway - Roadway Intersection","Rear End","White St Nw","Dry","15:00:00","[""Unknown"",""Unknown"",""Unknown"",""Unknown""]","Cloudy",0,33.801436,-84.41555,"Atlanta","FULTON","[""Motor Vehicle in Motion"",""Motor Vehicle in Motion"",""Motor Vehicle in Motion""]","Following Too Close","[""Motor Vehicle in Motion"",""Motor Vehicle in Motion"",""Motor Vehicle in Motion""]"
0,0,"Atlanta Police Department","2022-01-17","Ashley Ave Ne and Ralph Mcgill Blvd Ne","(O) No Injury","Daylight","On Roadway - Non-Intersection","Sideswipe-Same Direction","Ralph Mcgill Blvd Ne","Dry","10:59:00","Lap and Shoulder Belt Used","Cloudy",0,33.766376,-84.363164,"Atlanta","FULTON","[""Motor Vehicle in Motion"",""Motor Vehicle in Motion""]","Improper Backing","[""Motor Vehicle in Motion"",""Motor Vehicle in Motion""]"