"# Serious Injuries","# Visible Injuries","Agency Name (Crash Level) ","Date","Intersection Name (from Crash Report)","KABCO Severity","Light Conditions (Crash Level)","Location at Impact (Crash Level) ","Manner of Collision (Crash Level) ","Roadway (From Crash Report)","Surface Condition (Crash Level) ","Time","Safety Equipment (Crash Level) ","Weather Conditions (Crash Level)","# of Fatalities per Crash","Latitude","Longitude","Geolocated City","Geolocated County","First Harmful Event (Unit Order)","Operator/Pedestrian Contrib Factor (excl None, Other, No Contrib Factors)","Most Harmful Event (Crash Level)"
0,0,"Atlanta Police Department","2022-01-17","Main St Ne and Piedmont Rd Ne","(O) No Injury","Daylight","On Roadway - Roadway Intersection","Sideswipe-Same Direction","Piedmont Rd Ne","Dry","08:30:00","[""Lap and Shoulder Belt Used"",""Unknown"",""Lap and Shoulder Belt Used""]","Cloudy",0,33.822413,-84.367353,"Atlanta","FULTON","[""Motor Vehicle in Motion"",""Motor Vehicle in Motion""]","Changed Lanes Improperly","[""Motor Vehicle in Motion"",""Motor Vehicle in Motion""]"
0,0,"Atlanta Police Department","2022-01-17","10Th St Nw and Hampton St Nw","(O) No Injury","Daylight","On Roadway - Railroad Crossing","Rear End","10Th St Nw","Dry","12:50:00","[""Lap and Shoulder Belt Used"",""Lap and Shoulder Belt Used""]","Clear",0,33.781551,-84.407086,"Atlanta","FULTON","[""Motor Vehicle in Motion"",""Motor Vehicle in Motion""]","Following Too Close","[""Motor Vehicle in Motion"",""Motor Vehicle in Motion""]"
0,0,"Atlanta Police Department","2022-01-17","I-75 and Exit 249D","(O) No Injury","Dark-Lighted","Off Roadway","Not a Collision with Motor Vehicle","I-75","Other","00:05:00","Lap and Shoulder Belt Used","Cloudy",0,33.766961,-84.388526,"Atlanta","FULTON","Other - Fixed Object","Driver Lost Control","Other - Fixed Object"
0,0,"Atlanta Police Department","2022-01-17","None and I-85 Exit 85 Rp","(C) Possible Injury / Complaint","Daylight","On Roadway - Non-Intersection","Rear End","I-85 Exit 85 Rp","Dry","14:50:00","[""Unknown"",""Unknown"",""Unknown"",""Unknown""]","Cloudy",0,33.799949,-84.391312,"Atlanta","FULTON","[""Motor Vehicle in Motion"",""Motor Vehicle in Motion""]","Following Too Close","[""Motor Vehicle in Motion"",""Motor Vehicle in Motion""]"
0,0,"Atlanta Police Department","2022-01-17","None and I-75","(O) No Injury","Daylight","On Roadway - Managed Lane (HOV, HOT, Reversible)","Rear End","I-75","Dry","17:00:00","[""Unknown"",""Unknown""]","Clear",0,33.720783,-84.395592,"Atlanta","FULTON","[""Motor Vehicle in Motion"",""Motor Vehicle in Motion""]","Following Too Close","[""Motor Vehicle in Motion"",""Motor Vehicle in Motion""]"
0,0,"Atlanta Police Department","2022-01-17","Monroe Dr Ne and Cumberland Rd Ne","(O) No Injury","Daylight","On Roadway - Non-Intersection","Sideswipe-Same Direction","Monroe Dr Ne","Dry","15:20:00","[""Unknown"",""Unknown""]","Cloudy",0,33.79632,-84.368325,"Atlanta","FULTON","[""Motor Vehicle in Motion"",""Motor Vehicle in Motion""]","Changed Lanes Improperly","[""Motor Vehicle in Motion"",""Motor Vehicle in Motion""]"
0,0,"Atlanta Police Department","2022-01-17","Ga-13 N and Peachtree St Ne","(C) Possible Injury / Complaint","Daylight","On Roadway - Roadway Intersection","Rear End","Peachtree St Ne","Dry","16:30:00","[""Lap and Shoulder Belt Used"",""Lap and Shoulder Belt Used"",""Lap and Shoulder Belt Used""]","Clear",0,33.798083,-84.390587,"Atlanta","FULTON","[""Motor Vehicle in Motion"",""Motor Vehicle in Motion""]","Following Too Close","[""Motor Vehicle in Motion"",""Motor Vehicle in Motion""]"
0,0,"Atlanta Police Department","2022-01-17","Camp Creek Pkwy Sw and Princeton Lakes Pkwy","(C) Possible Injury / Complaint","Daylight","On Roadway - Roadway Intersection","Rear End","Camp Creek Pkwy Sw","Dry","16:14:00","[""Lap and Shoulder Belt Used"",""Lap and Shoulder Belt Used""]","Cloudy",0,33.655718,-84.512864,"Atlanta","FULTON","[""Motor Vehicle in Motion"",""Motor Vehicle in Motion""]","Following Too Close","[""Motor Vehicle in Motion"",""Motor Vehicle in Motion""]"
0,0,"Atlanta Police Department","2022-01-17","Garson Dr Ne and Lindbergh Pl Ne","(O) No Injury","Dark-Lighted","Off Roadway","Not a Collision with Motor Vehicle","Garson Dr Ne","Dry","04:30:00","Unknown","Cloudy",0,33.818655,-84.370426,"Atlanta","FULTON","Utility Pole","Reckless Driving","Utility Pole"
0,0,"Atlanta Police Department","2022-01-17","I-75 and Northside Dr","(O) No Injury","Daylight","Off Roadway","Not a Collision with Motor Vehicle","I-75","Dry","10:30:00","[""Shoulder Belt Only Used"",""Child Restraint System (Properly Used)""]","Cloudy",0,33.804185,-84.410698,"Atlanta","FULTON","Other - Fixed Object","Driver Lost Control","Other - Fixed Object"
0,0,"Atlanta Police Department","2022-01-17","I-75 and Exit 249C","(O) No Injury","Daylight","On Roadway - Non-Intersection","Rear End","I-75","Wet","15:25:00","[""Unknown"",""Unknown""]","Cloudy",0,33.769342,-84.390569,"Atlanta","FULTON","[""Motor Vehicle in Motion"",""Motor Vehicle in Motion""]","Too Fast for Conditions","[""Motor Vehicle in Motion"",""Motor Vehicle in Motion""]"
0,0,"Atlanta Police Department","2022-01-17","None and Lofton Rd Nw","(O) No Injury","Daylight","On Roadway - Non-Intersection","Sideswipe-Same Direction","Lofton Rd Nw","Dry","13:30:00","Unknown","Clear",0,33.799662,-84.399579,"Atlanta","FULTON","[""Parked Motor Vehicle"",""Motor Vehicle in Motion""]","Misjudged Clearance","[""Parked Motor Vehicle"",""Motor Vehicle in Motion""]"
0,0,"Atlanta Police Department","2022-01-17","I-75 and Exit 249D","(O) No Injury","Dark-Lighted","On Roadway - Non-Intersection","Rear End","I-75","Dry","21:00:00","[""Lap and Shoulder Belt Used"",""Lap and Shoulder Belt Used""]","Clear",0,33.774424,-84.39047,"Atlanta","FULTON","[""Motor Vehicle in Motion"",""Motor Vehicle in Motion""]","Following Too Close","[""Motor Vehicle in Motion"",""Motor Vehicle in Motion""]"
0,0,"Atlanta Police Department","2022-01-17","None and Moreland Ave Se","(O) No Injury","Daylight","On Roadway - Driveway Intersection","Angle Crash","Moreland Ave Se","Dry","17:00:00","[""Lap and Shoulder Belt Used"",""Lap and Shoulder Belt Used""]","Cloudy",0,33.746788,-84.349217,"Atlanta","FULTON","[""Motor Vehicle in Motion"",""Motor Vehicle in Motion""]","Failure to Yield","[""Motor Vehicle in Motion"",""Motor Vehicle in Motion""]"
0,0,"Atlanta Police Department","2022-01-17","None and I-75 Exit 243 Rp","(O) No Injury","Dark-Lighted","On Roadway - Non-Intersection","Sideswipe-Same Direction","I-75 Exit 243 Rp","Dry","18:23:00","[""Lap and Shoulder Belt Used"",""Lap and Shoulder Belt Used"",""Lap and Shoulder Belt Used"",""Lap and Shoulder Belt Used"",""Lap and Shoulder Belt Used""]","Clear",0,33.704062,-84.404088,"Atlanta","FULTON","[""Motor Vehicle in Motion"",""Motor Vehicle in Motion""]","Changed Lanes Improperly","[""Motor Vehicle in Motion"",""Motor Vehicle in Motion""]"
0,0,"Atlanta Police Department","2022-01-17","None and I-285","(C) Possible Injury / Complaint","Daylight","On Roadway - Non-Intersection","Sideswipe-Same Direction","I-285","Dry","14:55:00","[""Unknown"",""Unknown""]","Cloudy",0,33.652131,-84.366963,"Atlanta","FULTON","[""Cargo/Equipment Loss or Shift"",""Motor Vehicle in Motion""]","Following Too Close","[""Motor Vehicle in Motion"",""Motor Vehicle in Motion""]"
0,0,"Atlanta Police Department","2022-01-17","Bolling Way Ne and Peachtree Rd Ne","(O) No Injury","Daylight","On Roadway - Non-Intersection","Sideswipe-Same Direction","Peachtree Rd Ne","Dry","10:45:00","[""Unknown"",""Lap and Shoulder Belt Used""]","Cloudy",0,33.840086,-84.378854,"Atlanta","FULTON","[""Motor Vehicle in Motion"",""Motor Vehicle in Motion""]","Changed Lanes Improperly","[""Motor Vehicle in Motion"",""Motor Vehicle in Motion""]"
0,0,"Atlanta Police Department","2022-01-17","Defoor Ave Nw and Springer St Nw","(O) No Injury","Dark-Lighted","On Roadway - Driveway Intersection","Sideswipe-Opposite Direction","Springer St Nw","Dry","13:00:00","[""Lap and Shoulder Belt Used"",""Lap and Shoulder Belt Used""]","Clear",0,33.800467,-84.41723,"Atlanta","FULTON","[""Motor Vehicle in Motion"",""Motor Vehicle in Motion""]","Failure to Yield","[""Motor Vehicle in Motion"",""Motor Vehicle in Motion""]"
0,0,"Atlanta Police Department","2022-01-17","Virginia Ave Ne and Atlanta Beltline Eastside","(O) No Injury","Daylight","On Roadway - Non-Intersection","Angle Crash","Virginia Ave Ne","Dry","17:45:00","[""Unknown"",""Unknown""]","Clear",0,33.781069,-84.368001,"Atlanta","FULTON","[""Motor Vehicle in Motion"",""Motor Vehicle in Motion""]","Misjudged Clearance","[""Motor Vehicle in Motion"",""Motor Vehicle in Motion""]"
0,0,"Atlanta Police Department","2022-01-17","Monroe Dr Ne and Cumberland Rd Ne","(O) No Injury","Daylight","Off Roadway","Not a Collision with Motor Vehicle","Cumberland Rd Ne","Dry","15:00:00","Unknown","Cloudy",0,33.796207,-84.368226,"Atlanta","FULTON","Curb","Too Fast for Conditions","Curb"
0,0,"Atlanta Police Department","2022-01-17","Northgate Dr Nw and Northside Pkwy Nw","(O) No Injury","Daylight","On Roadway - Roadway Intersection","Rear End","Northside Pkwy Nw","Dry","14:40:00","[""Unknown"",""Unknown"",""Unknown"",""Child Restraint System (Properly Used)"",""Unknown""]","Cloudy",0,33.8652,-84.451534,"Atlanta","FULTON","[""Motor Vehicle in Motion"",""Motor Vehicle in Motion""]","Following Too Close","[""Motor Vehicle in Motion"",""Motor Vehicle in Motion""]"
1,3,"Atlanta Police Department","2022-01-17","15Th St Ne and Piedmont Ave Ne","(A) Suspected Serious Injury","Dark-Lighted","Off Roadway - Sidewalk","Not a Collision with Motor Vehicle","Piedmont Ave Ne","Wet","00:43:00","[""Lap and Shoulder Belt Used"",""Lap and Shoulder Belt Used"",""Lap and Shoulder Belt Used"",""Lap Belt Only Used"",""Lap and Shoulder Belt Used""]","Clear",0,33.788251,-84.377478,"Atlanta","FULTON","Other Non-Collision","[""Changed Lanes Improperly"",""Reckless Driving"",""Under the Influence (U.I.)""]","Fire/Explosion"
0,0,"Atlanta Police Department","2022-01-17","None and I-285","(O) No Injury","Dark-Lighted","Entrance/Exit Ramp","Rear End","I-285","Dry","22:30:00","[""Unknown"",""Lap and Shoulder Belt Used""]","Clear",0,33.652169,-84.366202,"Atlanta","FULTON","[""Motor Vehicle in Motion"",""Motor Vehicle in Motion""]","Following Too Close","[""Motor Vehicle in Motion"",""Motor Vehicle in Motion""]"
0,0,"Atlanta Police Department","2022-01-17","I-75 and Arthur Langford Pkwy","(O) No Injury","Dark-Not Lighted","On Roadway - Non-Intersection","Angle Crash","I-75","Dry","18:21:00","[""Unknown"",""Unknown""]","Clear",0,33.701424,-84.404528,"Atlanta","FULTON","[""Motor Vehicle in Motion"",""Motor Vehicle in Motion""]",,"[""Motor Vehicle in Motion"",""Motor Vehicle in Motion""]"
0,0,"Atlanta Police Department","2022-01-17","Forrest St Nw and Howell Mill Rd Nw","(O) No Injury","Dark-Lighted","On Roadway - Roadway Intersection","Rear End","Forrest St Nw","Dry","18:00:00","[""Unknown"",""Unknown""]","Clear",0,33.796114,-84.415853,"Atlanta","FULTON","[""Motor Vehicle in Motion"",""Motor Vehicle in Motion""]","Following Too Close","[""Motor Vehicle in Motion"",""Motor Vehicle in Motion""]"
0,0,"Atlanta Police Department","2022-01-17","10Th St Nw and Northside Dr Nw","(O) No Injury","Dark-Lighted","On Roadway - Non-Intersection","Angle Crash","10Th St Nw","Dry","19:00:00","[""Unknown"",""Unknown""]","Clear",0,33.781554,-84.407476,"Atlanta","FULTON","[""Motor Vehicle in Motion"",""Motor Vehicle in Motion""]","Improper Backing","[""Motor Vehicle in Motion"",""Motor Vehicle in Motion""]"
0,0,"Atlanta Police Department","2022-01-17","Larkin St Sw and Northside Dr Sw","(O) No Injury","Dark-Lighted","Off Roadway","Not a Collision with Motor Vehicle","Northside Dr Sw","Wet","00:06:00","Lap and Shoulder Belt Used","Cloudy",0,33.747674,-84.405391,"Atlanta","FULTON","Fence","Inattentive or Other Distraction (Distracted)","Fence"
0,0,"Atlanta Police Department","2022-01-17","Leona St Nw and Bellemeade Ave Nw","(O) No Injury","Daylight","On Roadway - Driveway Intersection","Angle Crash","Bellemeade Ave Nw","Dry","17:38:00","[""Unknown"",""Unknown""]","Cloudy",0,33.800299,-84.408709,"Atlanta","FULTON","[""Motor Vehicle in Motion"",""Motor Vehicle in Motion""]","Failure to Yield","[""Motor Vehicle in Motion"",""Motor Vehicle in Motion""]"
0,0,"Atlanta Police Department","2022-01-17","10Th St Nw and Howell Mill Rd Nw","(O) No Injury","Daylight","On Roadway - Roadway Intersection","Angle Crash","Howell Mill Rd Nw","Dry","09:05:00","[""Lap and Shoulder Belt Used"",""Lap and Shoulder Belt Used""]","Cloudy",0,33.781584,-84.411154,"Atlanta","FULTON","[""Motor Vehicle in Motion"",""Motor Vehicle in Motion""]",,"[""Motor Vehicle in Motion"",""Motor Vehicle in Motion""]"
0,0,"Atlanta Police Department","2022-01-17","Fairburn Rd Sw and Campbellton Rd Sw","(O) No Injury","Daylight","On Roadway - Non-Intersection","Angle Crash","Campbellton Rd Sw","Dry","14:30:00","[""Unknown"",""Lap and Shoulder Belt Used""]","Clear",0,33.690559,-84.511046,"Atlanta","FULTON","[""Motor Vehicle in Motion"",""Motor Vehicle in Motion""]","Failure to Yield","[""Motor Vehicle in Motion"",""Motor Vehicle in Motion""]"
0,1,"Atlanta Police Department","2022-01-17","None and I-75","(B) Suspected Minor/Visible Injury","Daylight","On Roadway - Non-Intersection","Angle Crash","I-75","Dry","11:54:00","[""Unknown"",""Unknown"",""Unknown"",""Unknown"",""Unknown""]","Clear",0,33.750446,-84.38176,"Atlanta","FULTON","[""Motor Vehicle in Motion"",""Motor Vehicle in Motion"",""Motor Vehicle in Motion"",""Motor Vehicle in Motion""]","Following Too Close","[""Motor Vehicle in Motion"",""Motor Vehicle in Motion"",""Motor Vehicle in Motion"",""Motor Vehicle in Motion""]"
0,0,"Atlanta Police Department","2022-01-17","None and I-75","(C) Possible Injury / Complaint","Daylight","On Roadway - Non-Intersection","Rear End","I-75","Dry","01:40:00","[""Lap and Shoulder Belt Used"",""Lap and Shoulder Belt Used""]","Clear",0,33.768787,-84.390443,"Atlanta","FULTON","[""Motor Vehicle in Motion"",""Motor Vehicle in Motion""]","Following Too Close","[""Motor Vehicle in Motion"",""Motor Vehicle in Motion""]"
0,0,"Atlanta Police Department","2022-01-17","I-20 W and Flat Shoals Rd Se","(O) No Injury","Dark-Lighted","On Roadway - Roadway Intersection","Sideswipe-Same Direction","Flat Shoals Rd Se","Dry","22:15:00","[""Unknown"",""Lap and Shoulder Belt Used""]","Clear",0,33.726635,-84.323691,"Atlanta","DEKALB","[""Motor Vehicle in Motion"",""Motor Vehicle in Motion""]","Changed Lanes Improperly","[""Motor Vehicle in Motion"",""Motor Vehicle in Motion""]"
0,0,"Atlanta Police Department","2022-01-18","Lenox Rd Ne and Piedmont Rd Ne","(O) No Injury","Daylight","On Roadway - Driveway Intersection","Angle Crash","Piedmont Rd Ne","Dry","14:35:00","[""Lap and Shoulder Belt Used"",""Lap and Shoulder Belt Used""]","Clear",0,33.84881,-84.374993,"Atlanta","FULTON","[""Motor Vehicle in Motion"",""Motor Vehicle in Motion""]","Changed Lanes Improperly","[""Motor Vehicle in Motion"",""Motor Vehicle in Motion""]"
0,0,"Atlanta Police Department","2022-01-18","Fort St Ne and John Lewis Freedom Pkwy Ne","(C) Possible Injury / Complaint","Dark-Lighted","Off Roadway","Not a Collision with Motor Vehicle","Fort St Ne","Dry","01:35:00","Unknown","Clear",0,33.759659,-84.378482,"Atlanta","FULTON","Motor Vehicle in Motion","[""Driver Lost Control"",""Under the Influence (U.I.)"",""Reckless Driving""]","Motor Vehicle in Motion"
0,0,"Atlanta Police Department","2022-01-18","4Th Ave Se and Hosea L Williams Dr Ne","(O) No Injury","Daylight","On Roadway - Roadway Intersection","Angle Crash","Hosea L Williams Dr Ne","Dry","15:00:00","[""Unknown"",""Unknown""]","Clear",0,33.75102,-84.306677,"Atlanta","DEKALB","[""Motor Vehicle in Motion"",""Motor Vehicle in Motion""]","Disregard Stop Sign/Signal","[""Motor Vehicle in Motion"",""Motor Vehicle in Motion""]"
0,0,"Atlanta Police Department","2022-01-18","Roy St Sw and Moton Ave Sw","(O) No Injury","Daylight","On Roadway - Driveway Intersection","Angle Crash","Moton Ave Sw","Dry","13:20:00","[""Unknown"",""Lap and Shoulder Belt Used""]","Clear",0,33.724184,-84.39671,"Atlanta","FULTON","[""Motor Vehicle in Motion"",""Motor Vehicle in Motion""]","Improper Passing","[""Motor Vehicle in Motion"",""Motor Vehicle in Motion""]"
0,0,"Atlanta Police Department","2022-01-18","I-75 and Spring St Nw","(O) No Injury","Dark-Lighted","On Roadway - Non-Intersection","Rear End","I-75","Dry","19:21:00","[""Unknown"",""Unknown"",""Unknown"",""Unknown"",""Unknown""]","Clear",0,33.767025,-84.388025,"Atlanta","FULTON","[""Motor Vehicle in Motion"",""Motor Vehicle in Motion"",""Motor Vehicle in Motion"",""Motor Vehicle in Motion""]","Changed Lanes Improperly","[""Motor Vehicle in Motion"",""Motor Vehicle in Motion"",""Motor Vehicle in Motion"",""Motor Vehicle in Motion""]"
0,0,"Atlanta Police Department","2022-01-18","Lakewood Ave and Langford Pkwy Wb","(C) Possible Injury / Complaint","Dark-Lighted","On Roadway - Roadway Intersection","Angle Crash","Langford Pkwy Wb","Dry","20:44:00","Lap and Shoulder Belt Used","Clear",0,33.697903,-84.421039,"Atlanta","FULTON","[""Motor Vehicle in Motion"",""Motor Vehicle in Motion""]","Changed Lanes Improperly","Motor Vehicle in Motion"
0,0,"Atlanta Police Department","2022-01-18","Spring St Nw and Peachtree St Ne","(O) No Injury","Daylight","On Roadway - Roadway Intersection","Angle Crash","Peachtree St Ne","Dry","12:25:00","[""Lap and Shoulder Belt Used"",""Lap and Shoulder Belt Used""]","Clear",0,33.797164,-84.388735,"Atlanta","FULTON","[""Motor Vehicle in Motion"",""Motor Vehicle in Motion""]",,"[""Motor Vehicle in Motion"",""Motor Vehicle in Motion""]"
0,0,"Atlanta Police Department","2022-01-18","14Th St Nw and Williams St Nw","(O) No Injury","Daylight","On Roadway - Managed Lane (HOV, HOT, Reversible)","Angle Crash","Williams St Nw","Dry","17:36:00","[""Unknown"",""Unknown""]","Clear",0,33.786698,-84.390415,"Atlanta","FULTON","[""Motor Vehicle in Motion"",""Motor Vehicle in Motion""]","Changed Lanes Improperly","[""Motor Vehicle in Motion"",""Motor Vehicle in Motion""]"
0,0,"Atlanta Police Department","2022-01-18","Maxwell Dr Sw and Connally Dr Sw","(O) No Injury","Daylight","On Roadway - Non-Intersection","Sideswipe-Opposite Direction","Maxwell Dr Sw","Dry","11:08:00","[""Unknown"",""Unknown"",""Lap and Shoulder Belt Used""]","Clear",0,33.694394,-84.482993,"Atlanta","FULTON","[""Motor Vehicle in Motion"",""Motor Vehicle in Motion""]","[""Aggressive Driving"",""Changed Lanes Improperly""]","[""Motor Vehicle in Motion"",""Motor Vehicle in Motion""]"
0,0,"Atlanta Police Department","2022-01-18","I-75N and Fulton St Sw","(O) No Injury","Dark-Lighted","On Roadway - Non-Intersection","Sideswipe-Same Direction","I-75N","Dry","18:15:00","[""Lap and Shoulder Belt Used"",""Lap and Shoulder Belt Used""]","Clear",0,33.742393,-84.391966,"Atlanta","FULTON","[""Motor Vehicle in Motion"",""Motor Vehicle in Motion""]","Changed Lanes Improperly","[""Motor Vehicle in Motion"",""Motor Vehicle in Motion""]"
0,0,"Atlanta Police Department","2022-01-18","Monroe Dr Ne and Westminister Dr Ne","(C) Possible Injury / Complaint","Dark-Lighted","On Roadway - Non-Intersection","Not a Collision with Motor Vehicle","Monroe Dr Ne","Dry","01:30:00","Unknown","Clear",0,33.794221,-84.367278,"Atlanta","FULTON","Other Non-Collision","Inattentive or Other Distraction (Distracted)","Utility Pole"
0,0,"Atlanta Police Department","2022-01-18","Abner Pl Nw and Abner Ter Nw","(C) Possible Injury / Complaint","Daylight","On Roadway - Driveway Intersection","Angle Crash","Abner Ter Nw","Dry","17:15:00","[""Lap and Shoulder Belt Used"",""Lap and Shoulder Belt Used"",""Lap and Shoulder Belt Used""]","Clear",0,33.802162,-84.462091,"Atlanta","FULTON","[""Motor Vehicle in Motion"",""Motor Vehicle in Motion""]","[""Changed Lanes Improperly"",""Reckless Driving""]","[""Motor Vehicle in Motion"",""Motor Vehicle in Motion""]"
0,0,"Atlanta Police Department","2022-01-18","I-75 and Cleveland Ave Sw","(C) Possible Injury / Complaint","Dark-Lighted","On Roadway - Non-Intersection","Rear End","I-75","Dry","21:00:00","[""Lap and Shoulder Belt Used"",""Lap and Shoulder Belt Used""]","Clear",0,33.685089,-84.39862,"Atlanta","FULTON","[""Motor Vehicle in Motion"",""Motor Vehicle in Motion""]","Following Too Close","[""Motor Vehicle in Motion"",""Motor Vehicle in Motion""]"
0,0,"Atlanta Police Department","2022-01-18","North Ave Nw and Spring St Nw","(O) No Injury","Daylight","On Roadway - Driveway Intersection","Angle Crash","Spring St Nw","Dry","13:45:00","[""Lap and Shoulder Belt Used"",""Lap and Shoulder Belt Used""]","Clear",0,33.771239,-84.388812,"Atlanta","FULTON","[""Motor Vehicle in Motion"",""Motor Vehicle in Motion""]","[""Changed Lanes Improperly"",""Changed Lanes Improperly""]","[""Motor Vehicle in Motion"",""Motor Vehicle in Motion""]"
0,0,"Atlanta Police Department","2022-01-18","Abbott St Sw and Palmetto Ave Sw","(O) No Injury","Daylight","On Roadway - Non-Intersection","Angle Crash","Palmetto Ave Sw","Dry","06:00:00","Unknown","Clear",0,33.751809,-84.419803,"Atlanta","FULTON","[""Motor Vehicle in Motion"",""Parked Motor Vehicle""]",,"[""Motor Vehicle in Motion"",""Parked Motor Vehicle""]"
0,0,"Atlanta Police Department","2022-01-18","14Th St Ne and Peachtree St Ne","(O) No Injury","Daylight","On Roadway - In Crosswalk","Rear End","Peachtree St Ne","Dry","08:07:00","[""Lap and Shoulder Belt Used"",""Lap and Shoulder Belt Used""]","Clear",0,33.786576,-84.383117,"Atlanta","FULTON","[""Motor Vehicle in Motion"",""Motor Vehicle in Motion""]","Following Too Close","[""Motor Vehicle in Motion"",""Motor Vehicle in Motion""]"
0,0,"Atlanta Police Department","2022-01-18","Forrest Park Rd Se and S River Industrial Blvd Se","(O) No Injury","Daylight","On Roadway - Non-Intersection","Angle Crash","Forrest Park Rd Se","Dry","08:00:00","[""Lap and Shoulder Belt Used"",""Child Restraint System (Properly Used)"",""Child Restraint System (Properly Used)"",""Lap and Shoulder Belt Used""]","Clear",0,33.6832,-84.357885,"Atlanta","FULTON","[""Motor Vehicle in Motion"",""Motor Vehicle in Motion""]","Improper Passing","[""Motor Vehicle in Motion"",""Motor Vehicle in Motion""]"
0,0,"Atlanta Police Department","2022-01-18","None and I-285","(O) No Injury","Dark-Lighted","Entrance/Exit Ramp","Sideswipe-Same Direction","I-285","Dry","21:10:00","[""Lap and Shoulder Belt Used"",""Lap and Shoulder Belt Used""]","Clear",0,33.782622,-84.495979,"Atlanta","FULTON","[""Motor Vehicle in Motion"",""Motor Vehicle in Motion""]","Failure to Yield","[""Motor Vehicle in Motion"",""Motor Vehicle in Motion""]"
0,0,"Atlanta Police Department","2022-01-18","Williams St Nw and Andrew Young International Blvd Nw","(O) No Injury","Daylight","On Roadway - Roadway Intersection","Angle Crash","Williams St Nw","Dry","13:09:00","[""Lap and Shoulder Belt Used"",""Lap and Shoulder Belt Used""]","Clear",0,33.759775,-84.390564,"Atlanta","FULTON","[""Motor Vehicle in Motion"",""Motor Vehicle in Motion""]","Changed Lanes Improperly","[""Motor Vehicle in Motion"",""Motor Vehicle in Motion""]"
1,0,"Atlanta Police Department","2022-01-18","Bent Creek Way Sw and Campbellton Rd Sw","(A) Suspected Serious Injury","Dark-Lighted","On Roadway - Roadway Intersection","Angle Crash","Campbellton Rd Sw","Dry","20:17:00","[""Unknown"",""Lap and Shoulder Belt Used""]","Clear",0,33.703856,-84.466652,"Atlanta","FULTON","[""Motor Vehicle in Motion"",""Motor Vehicle in Motion""]","Improper Passing","[""Motor Vehicle in Motion"",""Motor Vehicle in Motion""]"
0,0,"Atlanta Police Department","2022-01-18","Boulevard Ne and Ralph Mcgill Blvd Ne","(O) No Injury","Dark-Lighted","Off Roadway - Sidewalk","Not a Collision with Motor Vehicle","Ralph Mcgill Blvd Ne","Dry","21:12:00","Unknown","Clear",0,33.76484,-84.371944,"Atlanta","FULTON","Other Non-Collision",,"Utility Pole"
1,0,"Atlanta Police Department","2022-01-18","Alison Ct Sw and Delowe Dr Sw","(A) Suspected Serious Injury","Dark-Lighted","On Roadway - Roadway Intersection","Not a Collision with Motor Vehicle","Delowe Dr Sw","Dry","06:45:00","Unknown","Clear",0,33.700214,-84.45736,"Atlanta","FULTON","[""Pedestrian"",""Motor Vehicle in Motion""]",,"Motor Vehicle in Motion"
0,0,"Atlanta Police Department","2022-01-18","Roswell Rd Ne and Peachtree Rd Ne","(O) No Injury","Daylight","On Roadway - Non-Intersection","Sideswipe-Same Direction","Peachtree Rd Ne","Dry","07:00:00","[""Lap and Shoulder Belt Used"",""Lap and Shoulder Belt Used"",""Lap and Shoulder Belt Used"",""Lap and Shoulder Belt Used""]","Clear",0,33.839803,-84.379346,"Atlanta","FULTON","[""Motor Vehicle in Motion"",""Motor Vehicle in Motion""]","Vision Obscured","[""Motor Vehicle in Motion"",""Motor Vehicle in Motion""]"
0,0,"Atlanta Police Department","2022-01-18","I-75 N and Andrew Young International Blvd","(O) No Injury","Dark-Lighted","On Roadway - Non-Intersection","Sideswipe-Same Direction","I-75 N","Dry","17:45:00","[""Unknown"",""Unknown""]","Clear",0,33.754029,-84.378439,"Atlanta","FULTON","[""Motor Vehicle in Motion"",""Motor Vehicle in Motion""]","Changed Lanes Improperly","[""Motor Vehicle in Motion"",""Motor Vehicle in Motion""]"
0,0,"Atlanta Police Department","2022-01-18","I-20 W and Boulevard Se","(C) Possible Injury / Complaint","Daylight","On Roadway - Non-Intersection","Rear End","I-20 W","Dry","07:46:00","[""Unknown"",""Lap and Shoulder Belt Used""]","Clear",0,33.743459,-84.367383,"Atlanta","FULTON","[""Motor Vehicle in Motion"",""Motor Vehicle in Motion""]","Following Too Close","Motor Vehicle in Motion"
0,0,"Atlanta Police Department","2022-01-18","Arden Rd Nw and W Paces Ferry Rd Nw","(O) No Injury","Daylight","On Roadway - Roadway Intersection","Angle Crash","Arden Rd Nw","Dry","12:25:00","[""Lap and Shoulder Belt Used"",""Lap and Shoulder Belt Used""]","Clear",0,33.844204,-84.396646,"Atlanta","FULTON","[""Motor Vehicle in Motion"",""Motor Vehicle in Motion""]","Failure to Yield","[""Other - Fixed Object"",""Motor Vehicle in Motion""]"