"# Serious Injuries","# Visible Injuries","Agency Name (Crash Level) ","Date","Intersection Name (from Crash Report)","KABCO Severity","Light Conditions (Crash Level)","Location at Impact (Crash Level) ","Manner of Collision (Crash Level) ","Roadway (From Crash Report)","Surface Condition (Crash Level) ","Time","Safety Equipment (Crash Level) ","Weather Conditions (Crash Level)","# of Fatalities per Crash","Latitude","Longitude","Geolocated City","Geolocated County","First Harmful Event (Unit Order)","Operator/Pedestrian Contrib Factor (excl None, Other, No Contrib Factors)","Most Harmful Event (Crash Level)"
0,0,"Atlanta Police Department","2022-02-01","Piedmont Rd Ne and Tower Place Dr Ne","(O) No Injury","Daylight","On Roadway - Non-Intersection","Rear End","Piedmont Rd Ne","Dry","10:30:00","[""Lap and Shoulder Belt Used"",""Lap and Shoulder Belt Used""]","Clear",0,33.846996,-84.373039,"Atlanta","FULTON","[""Motor Vehicle in Motion"",""Motor Vehicle in Motion""]","Following Too Close","[""Motor Vehicle in Motion"",""Motor Vehicle in Motion""]"
0,0,"Atlanta Police Department","2022-02-01","None and Fairburn Rd Sw","(C) Possible Injury / Complaint","Daylight","On Roadway - Non-Intersection","Rear End","Fairburn Rd Sw","Dry","16:40:00","[""Lap and Shoulder Belt Used"",""Booster Seat (Properly Used)"",""Lap and Shoulder Belt Used"",""Lap and Shoulder Belt Used"",""Lap and Shoulder Belt Used"",""Lap and Shoulder Belt Used""]","Clear",0,33.737355,-84.510244,"Atlanta","FULTON","[""Motor Vehicle in Motion"",""Motor Vehicle in Motion"",""Motor Vehicle in Motion""]",,"[""Motor Vehicle in Motion"",""Motor Vehicle in Motion"",""Motor Vehicle in Motion""]"
0,0,"Atlanta Police Department","2022-02-01","Jackson St Ne and Edgewood Ave Se","(C) Possible Injury / Complaint","Dark-Lighted","On Roadway - Roadway Intersection","Sideswipe-Opposite Direction","Edgewood Ave Se","Dry","17:04:00","[""Lap and Shoulder Belt Used"",""Lap and Shoulder Belt Used""]","Clear",0,33.754337,-84.374356,"Atlanta","FULTON","[""Motor Vehicle in Motion"",""Motor Vehicle in Motion""]","Following Too Close","[""Motor Vehicle in Motion"",""Motor Vehicle in Motion""]"
0,0,"Gsp Post 00","2022-02-01","I-20 West and Boulevard Overpass","(O) No Injury","Daylight","On Roadway - Non-Intersection","Rear End","I-20 West","Dry","08:24:00","[""Lap and Shoulder Belt Used"",""Lap and Shoulder Belt Used""]","Clear",0,33.743442,-84.368094,"Atlanta","FULTON","[""Motor Vehicle in Motion"",""Motor Vehicle in Motion""]","Following Too Close","[""Motor Vehicle in Motion"",""Motor Vehicle in Motion""]"
0,0,"Atlanta Police Department","2022-02-01","Coronet Way Nw and Marietta Blvd Nw","(O) No Injury","Daylight","On Roadway - Roadway Intersection","Rear End","Coronet Way Nw","Dry","19:24:00","[""Lap and Shoulder Belt Used"",""Lap and Shoulder Belt Used""]","Clear",0,33.817069,-84.447277,"Atlanta","FULTON","[""Motor Vehicle in Motion"",""Motor Vehicle in Motion""]",,"[""Motor Vehicle in Motion"",""Motor Vehicle in Motion""]"
0,0,"Gsp Post 00","2022-02-01","I-75 Nb and Howell Mill Road Exit Ramp","(O) No Injury","Daylight","Entrance/Exit Ramp","Sideswipe-Same Direction","I-75 Nb","Dry","12:40:00","[""Lap and Shoulder Belt Used"",""Lap and Shoulder Belt Used""]","Clear",0,33.805362,-84.412683,"Atlanta","FULTON","[""Motor Vehicle in Motion"",""Motor Vehicle in Motion""]","Changed Lanes Improperly","[""Motor Vehicle in Motion"",""Motor Vehicle in Motion""]"
0,0,"Gsp Post 00","2022-02-01","I-7585 N and 14Th Street","(O) No Injury","Daylight","On Roadway - Non-Intersection","Rear End","I-7585 N","Dry","16:25:00","[""Lap and Shoulder Belt Used"",""Lap and Shoulder Belt Used"",""Lap and Shoulder Belt Used""]","Clear",0,33.786844,-84.390822,"Atlanta","FULTON","[""Motor Vehicle in Motion"",""Motor Vehicle in Motion"",""Motor Vehicle in Motion""]","Following Too Close","[""Motor Vehicle in Motion"",""Motor Vehicle in Motion"",""Motor Vehicle in Motion""]"
0,0,"Atlanta Police Department","2022-02-01","7Th St Ne and W Peachtree St Nw","(O) No Injury","Daylight","On Roadway - Managed Lane (HOV, HOT, Reversible)","Angle Crash","W Peachtree St Nw","Dry","16:24:00","[""Unknown"",""Unknown""]","Clear",0,33.77849,-84.387286,"Atlanta","FULTON","[""Motor Vehicle in Motion"",""Motor Vehicle in Motion""]","Changed Lanes Improperly","[""Motor Vehicle in Motion"",""Motor Vehicle in Motion""]"
0,0,"Atlanta Police Department","2022-02-01","Candler Rd Se and Memorial Dr Se","(O) No Injury","Dawn","On Roadway - Non-Intersection","Rear End","Memorial Dr Se","Dry","18:30:00","[""Unknown"",""Unknown""]","Clear",0,33.747058,-84.292623,"Atlanta","DEKALB","[""Motor Vehicle in Motion"",""Motor Vehicle in Motion""]","Following Too Close","[""Motor Vehicle in Motion"",""Motor Vehicle in Motion""]"
0,0,"Gsp Post 00","2022-02-01","None and I-7585 Nb","(O) No Injury","Daylight","On Roadway - Non-Intersection","Sideswipe-Same Direction","I-7585 Nb","Dry","11:43:00","[""Lap and Shoulder Belt Used"",""Lap and Shoulder Belt Used""]","Clear",0,33.760142,-84.37924,"Atlanta","FULTON","[""Motor Vehicle in Motion"",""Motor Vehicle in Motion""]",,"[""Motor Vehicle in Motion"",""Motor Vehicle in Motion""]"
0,0,"Gsp Post 00","2022-02-01","I-20 West and Moreland Ave","(O) No Injury","Daylight","On Roadway - Non-Intersection","Rear End","I-20 West","Dry","08:12:00","[""Lap and Shoulder Belt Used"",""Lap and Shoulder Belt Used""]","Clear",0,33.745652,-84.346537,"Atlanta","DEKALB","[""Motor Vehicle in Motion"",""Motor Vehicle in Motion""]","Following Too Close","[""Motor Vehicle in Motion"",""Motor Vehicle in Motion""]"
0,0,"Atlanta Police Department","2022-02-01","Sheridan Rd Ne and Cheshire Bridge Rd Ne","(O) No Injury","Daylight","On Roadway - Non-Intersection","Rear End","Cheshire Bridge Rd Ne","Dry","08:55:00","[""Unknown"",""Shoulder Belt Only Used""]","Clear",0,33.820614,-84.351386,"Atlanta","FULTON","[""Motor Vehicle in Motion"",""Motor Vehicle in Motion""]","Changed Lanes Improperly","[""Motor Vehicle in Motion"",""Motor Vehicle in Motion""]"
0,0,"Dekalb Co Police Department","2022-02-01","Flat Shoals Rd and Fayetteville Rd","(C) Possible Injury / Complaint","Dark-Lighted","On Roadway - Non-Intersection","Rear End","Flat Shoals Rd","Dry","10:45:00","[""Lap and Shoulder Belt Used"",""Lap and Shoulder Belt Used"",""Unknown""]","Clear",0,33.725833,-84.322394,"Atlanta","DEKALB","[""Motor Vehicle in Motion"",""Motor Vehicle in Motion""]",,"[""Motor Vehicle in Motion"",""Motor Vehicle in Motion""]"
0,0,"Gsp Post 00","2022-02-01","Interstate 285 North and Martin Luther King Jr Drive","(O) No Injury","Daylight","On Roadway - Non-Intersection","Sideswipe-Same Direction","Interstate 285 North","Dry","10:30:00","[""Lap and Shoulder Belt Used"",""Lap and Shoulder Belt Used""]","Clear",0,33.745375,-84.498455,"Atlanta","FULTON","[""Motor Vehicle in Motion"",""Motor Vehicle in Motion""]","Changed Lanes Improperly","[""Motor Vehicle in Motion"",""Motor Vehicle in Motion""]"
0,0,"Gsp Post 00","2022-02-01","Capitol  Avenue and I-7585 Nb Entrance Ramp","(O) No Injury","Daylight","Entrance/Exit Ramp","Rear End","I-7585 Nb Entrance Ramp","Dry","14:47:00","[""Lap and Shoulder Belt Used"",""Lap and Shoulder Belt Used""]","Clear",0,33.754374,-84.378362,"Atlanta","FULTON","[""Motor Vehicle in Motion"",""Motor Vehicle in Motion""]","Following Too Close","[""Motor Vehicle in Motion"",""Motor Vehicle in Motion""]"
0,0,"Atlanta Police Department","2022-02-01","Sylvan Rd Sw and Langford Pkwy","(O) No Injury","Daylight","Entrance/Exit Ramp","Angle Crash","Langford Pkwy","Dry","17:00:00","[""Lap and Shoulder Belt Used"",""Lap and Shoulder Belt Used""]","Clear",0,33.697713,-84.418316,"Atlanta","FULTON","[""Motor Vehicle in Motion"",""Motor Vehicle in Motion""]","Failure to Yield","[""Motor Vehicle in Motion"",""Motor Vehicle in Motion""]"
0,0,"Atlanta Police Department","2022-02-01","Ted Turner Dr Nw and W Peachtree Pl Nw","(O) No Injury","Daylight","On Roadway - Non-Intersection","Angle Crash","Ted Turner Dr Nw","Dry","07:18:00","[""Lap and Shoulder Belt Used"",""Lap and Shoulder Belt Used"",""Lap and Shoulder Belt Used""]","Clear",0,33.763759,-84.389007,"Atlanta","FULTON","[""Motor Vehicle in Motion"",""Motor Vehicle in Motion""]","Improper Turn","[""Motor Vehicle in Motion"",""Motor Vehicle in Motion""]"
0,0,"Atlanta Police Department","2022-02-01","16Th St Nw and Northside Dr Nw","(C) Possible Injury / Complaint","Dark-Lighted","On Roadway - Roadway Intersection","Angle Crash","16Th St Nw","Dry","20:38:00","[""Unknown"",""Unknown"",""Unknown""]","Clear",0,33.787592,-84.40752,"Atlanta","FULTON","[""Motor Vehicle in Motion"",""Motor Vehicle in Motion""]","Failure to Yield","[""Motor Vehicle in Motion"",""Motor Vehicle in Motion""]"
0,0,"Atlanta Police Department","2022-02-01","Bolton Rd Nw and Northwest Dr Nw","(O) No Injury","Dark-Not Lighted","On Roadway - Roadway Intersection","Rear End","Bolton Rd Nw","Dry","19:24:00","[""Lap and Shoulder Belt Used"",""Lap and Shoulder Belt Used""]","Clear",0,33.801081,-84.487504,"Atlanta","FULTON","[""Motor Vehicle in Motion"",""Motor Vehicle in Motion""]","Occupant Distraction (Distracted)","[""Motor Vehicle in Motion"",""Motor Vehicle in Motion""]"
0,0,"Atlanta Police Department","2022-02-01","Baker St Ne and Peachtree Center Ave Ne","(O) No Injury","Daylight","On Roadway - Non-Intersection","Sideswipe-Same Direction","Peachtree Center Ave Ne","Dry","11:15:00","[""Unknown"",""Unknown""]","Cloudy",0,33.761618,-84.386028,"Atlanta","FULTON","[""Motor Vehicle in Motion"",""Motor Vehicle in Motion""]","Improper Turn","[""Motor Vehicle in Motion"",""Motor Vehicle in Motion""]"
0,0,"Atlanta Police Department","2022-02-01","Peachtree Rd Ne and Around Lenox Rd Ne","(O) No Injury","Dark-Lighted","On Roadway - Non-Intersection","Sideswipe-Same Direction","Peachtree Rd Ne","Dry","22:39:00","[""Lap and Shoulder Belt Used"",""Lap and Shoulder Belt Used""]","Clear",0,33.848859,-84.365887,"Atlanta","FULTON","[""Motor Vehicle in Motion"",""Motor Vehicle in Motion""]","Under the Influence (U.I.)","[""Motor Vehicle in Motion"",""Motor Vehicle in Motion""]"
0,0,"Gsp Post 00","2022-02-01","I-75 Nb and Northside Pkwy","(O) No Injury","Daylight","On Roadway - Non-Intersection","Rear End","I-75 Nb","Dry","17:21:00","[""Lap and Shoulder Belt Used"",""Lap and Shoulder Belt Used""]","Clear",0,33.864501,-84.438972,"Atlanta","FULTON","[""Motor Vehicle in Motion"",""Motor Vehicle in Motion""]","Following Too Close","[""Motor Vehicle in Motion"",""Motor Vehicle in Motion""]"
0,1,"Gsp Post 00","2022-02-01","Metropolitan Parkway and Whitehall Street Westbound","(B) Suspected Minor/Visible Injury","Dark-Lighted","Off Roadway","Not a Collision with Motor Vehicle","Whitehall Street Westbound","Dry","01:00:00","None Used","Clear",0,33.742266,-84.407869,"Atlanta","FULTON","[""Other Non-Collision"",""Motor Vehicle in Motion"",""Parked Motor Vehicle"",""Parked Motor Vehicle""]","[""Too Fast for Conditions"",""Reckless Driving"",""Disregard Police - Evasion""]","[""Parked Motor Vehicle"",""Parked Motor Vehicle"",""Motor Vehicle in Motion"",""Parked Motor Vehicle""]"
0,0,"Gsp Post 00","2022-02-01","17Th St and I-7585 Nb","(O) No Injury","Daylight","On Roadway - Non-Intersection","Rear End","I-7585 Nb","Wet","16:44:00","[""Lap and Shoulder Belt Used"",""Lap and Shoulder Belt Used""]","Rain",0,33.796253,-84.393684,"Atlanta","FULTON","[""Motor Vehicle in Motion"",""Motor Vehicle in Motion""]","Following Too Close","[""Motor Vehicle in Motion"",""Motor Vehicle in Motion""]"
0,0,"Atlanta Police Department","2022-02-01","Simpson St Nw and Ted Turner Dr Nw","(O) No Injury","Daylight","On Roadway - Roadway Intersection","Angle Crash","Simpson St Nw","Dry","12:10:00","[""Lap and Shoulder Belt Used"",""Lap and Shoulder Belt Used"",""Lap and Shoulder Belt Used""]","Clear",0,33.76332,-84.389029,"Atlanta","FULTON","[""Motor Vehicle in Motion"",""Motor Vehicle in Motion""]","Improper Turn","[""Motor Vehicle in Motion"",""Motor Vehicle in Motion""]"
0,0,"Atlanta Police Department","2022-02-01","Ira St Sw and Ralph David Abernathy Blvd Sw","(C) Possible Injury / Complaint","Daylight","On Roadway - Roadway Intersection","Angle Crash","Ralph David Abernathy Blvd Sw","Dry","14:30:00","[""Unknown"",""Unknown""]","Clear",0,33.736985,-84.399945,"Atlanta","FULTON","[""Motor Vehicle in Motion"",""Motor Vehicle in Motion""]","Failure to Yield","Motor Vehicle in Motion"
0,0,"Gsp Post 00","2022-02-01","14Th St and I-7585 Sb","(C) Possible Injury / Complaint","Daylight","On Roadway - Non-Intersection","Rear End","I-7585 Sb","Dry","12:15:00","[""Lap and Shoulder Belt Used"",""Lap and Shoulder Belt Used"",""Lap and Shoulder Belt Used""]","Clear",0,33.782931,-84.391223,"Atlanta","FULTON","[""Motor Vehicle in Motion"",""Motor Vehicle in Motion""]","Following Too Close","[""Motor Vehicle in Motion"",""Motor Vehicle in Motion""]"
0,0,"Atlanta Police Department","2022-02-01","Devin Pl Ne and Peachtree Hills Ave Ne","(O) No Injury","Daylight","On Roadway - Non-Intersection","Rear End","Peachtree Hills Ave Ne","Ice/Frost","08:35:00","[""Unknown"",""Unknown""]","Clear",0,33.817897,-84.378162,"Atlanta","FULTON","[""Motor Vehicle in Motion"",""Motor Vehicle in Motion""]","Driver Lost Control","[""Motor Vehicle in Motion"",""Motor Vehicle in Motion""]"
0,1,"Atlanta Police Department","2022-02-01","None and Bolton Rd Nw","(B) Suspected Minor/Visible Injury","Daylight","On Shoulder","Not a Collision with Motor Vehicle","Bolton Rd Nw","Dry","09:50:00","Lap and Shoulder Belt Used","Clear",0,33.771362,-84.508196,"Atlanta","FULTON","Mail Box",,"Mail Box"
0,0,"Gsp Post 00","2022-02-01","Mm256 and I-75Nb","(O) No Injury","Dark-Not Lighted","On Roadway - Non-Intersection","Rear End","I-75Nb","Dry","18:40:00","[""Lap and Shoulder Belt Used"",""Lap and Shoulder Belt Used""]","Clear",0,33.869906,-84.442981,"Atlanta","FULTON","[""Motor Vehicle in Motion"",""Motor Vehicle in Motion""]","Following Too Close","[""Motor Vehicle in Motion"",""Motor Vehicle in Motion""]"
0,0,"Gsp Post 00","2022-02-01","Memorial Drive and Washington Street","(O) No Injury","Daylight","On Roadway - Non-Intersection","Sideswipe-Same Direction","Memorial Drive","Dry","09:10:00","[""Lap and Shoulder Belt Used"",""Lap and Shoulder Belt Used""]","Clear",0,33.746918,-84.390286,"Atlanta","FULTON","[""Motor Vehicle in Motion"",""Motor Vehicle in Motion""]","Changed Lanes Improperly","[""Motor Vehicle in Motion"",""Motor Vehicle in Motion""]"
0,0,"Atlanta Police Department","2022-02-01","Sylvan Road and Langford Pkwy","(O) No Injury","Dark-Lighted","On Roadway - Non-Intersection","Sideswipe-Same Direction","Langford Pkwy","Dry","01:30:00","[""Unknown"",""Unknown"",""Unknown""]","Clear",0,33.697502,-84.415477,"Atlanta","FULTON","[""Motor Vehicle in Motion"",""Motor Vehicle in Motion""]",,"Motor Vehicle in Motion"
0,0,"Atlanta Police Department","2022-02-01","Blake Ave Se and Glenwood Ave Se","(O) No Injury","Daylight","On Roadway - Roadway Intersection","Angle Crash","Glenwood Ave Se","Dry","14:40:00","[""Lap and Shoulder Belt Used"",""Lap and Shoulder Belt Used""]","Clear",0,33.74008,-84.338335,"Atlanta","DEKALB","[""Motor Vehicle in Motion"",""Motor Vehicle in Motion""]",,"[""Motor Vehicle in Motion"",""Motor Vehicle in Motion""]"
0,1,"Gsp Post 00","2022-02-01","I-75 N and I-85 S","(B) Suspected Minor/Visible Injury","Daylight","On Roadway - Non-Intersection","Rear End","I-85 S","Dry","16:50:00","[""Unknown"",""Lap and Shoulder Belt Used"",""Lap and Shoulder Belt Used"",""Lap and Shoulder Belt Used"",""Lap and Shoulder Belt Used""]","Clear",0,33.804606,-84.383503,"Atlanta","FULTON","[""Motor Vehicle in Motion"",""Motor Vehicle in Motion"",""Motor Vehicle in Motion"",""Motor Vehicle in Motion"",""Motor Vehicle in Motion""]","Following Too Close","[""Motor Vehicle in Motion"",""Motor Vehicle in Motion"",""Motor Vehicle in Motion"",""Motor Vehicle in Motion"",""Motor Vehicle in Motion""]"
0,0,"Atlanta Police Department","2022-02-01","14Th St Nw and Spring St Nw","(O) No Injury","Daylight","On Roadway - Non-Intersection","Angle Crash","Spring St Nw","Dry","09:10:00","[""Lap and Shoulder Belt Used"",""Lap and Shoulder Belt Used""]","Clear",0,33.786653,-84.389247,"Atlanta","FULTON","[""Motor Vehicle in Motion"",""Motor Vehicle in Motion""]","No Signal/Improper Signal","[""Motor Vehicle in Motion"",""Motor Vehicle in Motion""]"
0,0,"Atlanta Police Department","2022-02-01","10Th St Ne and Monroe Dr Ne","(O) No Injury","Daylight","On Roadway - Non-Intersection","Rear End","10Th St Ne","Dry","08:27:00","[""Lap and Shoulder Belt Used"",""Lap and Shoulder Belt Used""]","Clear",0,33.781764,-84.368678,"Atlanta","FULTON","[""Motor Vehicle in Motion"",""Motor Vehicle in Motion""]","Following Too Close","[""Motor Vehicle in Motion"",""Motor Vehicle in Motion""]"
0,0,"Gsp Post 00","2022-02-01","Piedmont Road and Interstate 7585 Northbound","(O) No Injury","Daylight","On Roadway - Non-Intersection","Rear End","Interstate 7585 Northbound","Dry","16:20:00","[""Lap and Shoulder Belt Used"",""Lap and Shoulder Belt Used"",""Lap and Shoulder Belt Used"",""Lap and Shoulder Belt Used""]","Clear",0,33.764941,-84.385185,"Atlanta","FULTON","[""Motor Vehicle in Motion"",""Motor Vehicle in Motion"",""Motor Vehicle in Motion"",""Motor Vehicle in Motion""]","Following Too Close","[""Motor Vehicle in Motion"",""Motor Vehicle in Motion"",""Motor Vehicle in Motion"",""Motor Vehicle in Motion""]"
0,0,"Atlanta Police Department","2022-02-01","Lee St Sw and Westview Dr Sw","(O) No Injury","Daylight","On Roadway - Roadway Intersection","Angle Crash","Westview Dr Sw","Dry","09:00:00","[""Unknown"",""Unknown""]","Clear",0,33.743877,-84.413304,"Atlanta","FULTON","[""Motor Vehicle in Motion"",""Motor Vehicle in Motion""]","Failure to Yield","[""Motor Vehicle in Motion"",""Motor Vehicle in Motion""]"
0,0,"Atlanta Police Department","2022-02-01","Western Ave Nw and Northside Dr Nw","(O) No Injury","Daylight","On Roadway - Roadway Intersection","Angle Crash","Northside Dr Nw","Dry","17:30:00","[""Unknown"",""Unknown""]","Clear",0,33.764903,-84.403956,"Atlanta","FULTON","[""Motor Vehicle in Motion"",""Motor Vehicle in Motion""]","Failure to Yield","[""Motor Vehicle in Motion"",""Motor Vehicle in Motion""]"
0,0,"Atlanta Police Department","2022-02-01","Moreland Ave Se and Boulevard Dr Ne","(C) Possible Injury / Complaint","Daylight","On Roadway - Roadway Intersection","Angle Crash","Boulevard Dr Ne","Dry","17:10:00","[""Lap and Shoulder Belt Used"",""Lap and Shoulder Belt Used""]","Clear",0,33.753524,-84.349209,"Atlanta","FULTON","[""Motor Vehicle in Motion"",""Motor Vehicle in Motion""]",,"[""Motor Vehicle in Motion"",""Motor Vehicle in Motion""]"
0,0,"Atlanta Police Department","2022-02-01","Central Ave Sw and Peachtree Center Ave Se","(O) No Injury","Daylight","On Roadway - Non-Intersection","Angle Crash","Central Ave Sw","Dry","14:20:00","[""Unknown"",""Unknown""]","Clear",0,33.753107,-84.387617,"Atlanta","FULTON","[""Motor Vehicle in Motion"",""Motor Vehicle in Motion""]","Changed Lanes Improperly","[""Motor Vehicle in Motion"",""Motor Vehicle in Motion""]"
0,0,"Atlanta Police Department","2022-02-01","I-85 S and Armour Dr Ne","(C) Possible Injury / Complaint","Daylight","On Roadway - Roadway Intersection","Sideswipe-Opposite Direction","Armour Dr Ne","Dry","09:45:00","[""Unknown"",""Lap and Shoulder Belt Used""]","Clear",0,33.811453,-84.371657,"Atlanta","FULTON","[""Motor Vehicle in Motion"",""Motor Vehicle in Motion""]","Changed Lanes Improperly","[""Motor Vehicle in Motion"",""Motor Vehicle in Motion""]"
0,0,"Gsp Post 00","2022-02-01","I-20 and I-7585 Nb","(O) No Injury","Daylight","On Roadway - Non-Intersection","Sideswipe-Same Direction","I-7585 Nb","Dry","13:46:00","[""Lap and Shoulder Belt Used"",""Lap and Shoulder Belt Used"",""Lap and Shoulder Belt Used""]","Clear",0,33.748357,-84.385302,"Atlanta","FULTON","[""Motor Vehicle in Motion"",""Motor Vehicle in Motion""]","Changed Lanes Improperly","[""Motor Vehicle in Motion"",""Motor Vehicle in Motion""]"
0,0,"Gsp Post 00","2022-02-01","I-7585 Northbound and Ralph David Abernathy Boulevar","(O) No Injury","Daylight","On Roadway - Non-Intersection","Rear End","I-7585 Northbound","Dry","09:40:00","[""Lap and Shoulder Belt Used"",""Lap and Shoulder Belt Used""]","Clear",0,33.745098,-84.389775,"Atlanta","FULTON","[""Motor Vehicle in Motion"",""Motor Vehicle in Motion""]","Following Too Close","[""Motor Vehicle in Motion"",""Motor Vehicle in Motion""]"
0,0,"Atlanta Police Department","2022-02-01","10Th St Nw and Williams St Nw","(O) No Injury","Dark-Lighted","On Roadway - Non-Intersection","Rear End","10Th St Nw","Dry","20:00:00","[""Unknown"",""Lap and Shoulder Belt Used"",""Lap and Shoulder Belt Used""]","Clear",0,33.781567,-84.39046,"Atlanta","FULTON","[""Motor Vehicle in Motion"",""Motor Vehicle in Motion""]","Following Too Close","[""Motor Vehicle in Motion"",""Motor Vehicle in Motion""]"
0,0,"Atlanta Police Department","2022-02-02","Moreland Ave Ne and E John Lewis Freedom Pkwy Ne","(O) No Injury","Daylight","On Roadway - Roadway Intersection","Rear End","Moreland Ave Ne","Dry","08:38:00","[""Lap and Shoulder Belt Used"",""Lap and Shoulder Belt Used"",""Lap and Shoulder Belt Used"",""Lap and Shoulder Belt Used""]","Cloudy",0,33.770014,-84.349028,"Atlanta","FULTON","[""Motor Vehicle in Motion"",""Motor Vehicle in Motion""]",,"[""Motor Vehicle in Motion"",""Motor Vehicle in Motion""]"
0,0,"Atlanta Police Department","2022-02-02","None and Jonesboro Rd Se","(C) Possible Injury / Complaint","Daylight","On Roadway - Roadway Intersection","Head On","Jonesboro Rd Se","Dry","09:47:00","[""Lap and Shoulder Belt Used"",""Lap and Shoulder Belt Used""]","Clear",0,33.651078,-84.366749,"Atlanta","FULTON","[""Motor Vehicle in Motion"",""Motor Vehicle in Motion""]","Failure to Yield","[""Motor Vehicle in Motion"",""Motor Vehicle in Motion""]"
0,0,"Atlanta Police Department","2022-02-02","Moreland Ave Ne and E John Lewis Freedom Pkwy Ne","(O) No Injury","Daylight","On Roadway - Roadway Intersection","Not a Collision with Motor Vehicle","E John Lewis Freedom Pkwy Ne","Other","10:00:00","[""Unknown"",""None Used""]","Clear",0,33.770014,-84.349028,"Atlanta","FULTON","[""Motor Vehicle in Motion"",""Motor Vehicle in Motion""]","Changed Lanes Improperly","[""Motor Vehicle in Motion"",""Motor Vehicle in Motion""]"
0,0,"Atlanta Police Department","2022-02-02","Lynhurst Dr Sw and Martin Luther King Jr Dr Sw","(C) Possible Injury / Complaint","Daylight","On Roadway - Non-Intersection","Angle Crash","Martin Luther King Jr Dr Sw","Dry","14:23:00","[""Lap and Shoulder Belt Used"",""Lap and Shoulder Belt Used"",""Lap and Shoulder Belt Used""]","Cloudy",0,33.751895,-84.487408,"Atlanta","FULTON","[""Motor Vehicle in Motion"",""Motor Vehicle in Motion""]","Vision Obscured","[""Motor Vehicle in Motion"",""Motor Vehicle in Motion""]"
0,1,"Atlanta Police Department","2022-02-02","None and John Lewis Freedom Pkwy Ne","(B) Suspected Minor/Visible Injury","Dark-Not Lighted","Off Roadway","Not a Collision with Motor Vehicle","John Lewis Freedom Pkwy Ne","Dry","00:38:00","[""Lap and Shoulder Belt Used"",""Lap and Shoulder Belt Used""]","Clear",0,33.760469,-84.369599,"Atlanta","FULTON","Motor Vehicle in Motion","Too Fast for Conditions","Motor Vehicle in Motion"
0,0,"Atlanta Police Department","2022-02-02","Sterwart Pl and Cleveland Ave Sw","(C) Possible Injury / Complaint","Daylight","On Roadway - Driveway Intersection","Rear End","Sterwart Pl","Dry","12:20:00","[""Unknown"",""Unknown""]","Clear",0,33.681264,-84.405796,"Atlanta","FULTON","[""Motor Vehicle in Motion"",""Motor Vehicle in Motion""]","Following Too Close","[""Motor Vehicle in Motion"",""Motor Vehicle in Motion""]"
0,0,"Atlanta Police Department","2022-02-02","Hilliard St Se and Edgewood Ave Se","(C) Possible Injury / Complaint","Daylight","On Roadway - Roadway Intersection","Angle Crash","Edgewood Ave Se","Dry","15:39:00","[""Unknown"",""Lap and Shoulder Belt Used""]","Cloudy",0,33.75437,-84.376576,"Atlanta","FULTON","[""Motor Vehicle in Motion"",""Motor Vehicle in Motion""]",,"[""Motor Vehicle in Motion"",""Railway Train/Street Car""]"
0,0,"Atlanta Police Department","2022-02-02","Armour Dr Ne and Monroe Dr Ne","(O) No Injury","Dark-Lighted","On Roadway - Non-Intersection","Rear End","Monroe Dr Ne","Wet","19:00:00","[""Unknown"",""Unknown""]","Rain",0,33.810632,-84.370881,"Atlanta","FULTON","[""Motor Vehicle in Motion"",""Motor Vehicle in Motion""]","Following Too Close","[""Motor Vehicle in Motion"",""Motor Vehicle in Motion""]"
0,0,"Atlanta Police Department","2022-02-02","Piedmont Rd Ne and Lindbergh Dr Ne","(O) No Injury","Dark-Lighted","On Roadway - Roadway Intersection","Angle Crash","Piedmont Rd Ne","Dry","05:00:00","[""Lap and Shoulder Belt Used"",""Lap and Shoulder Belt Used""]","Clear",0,33.82144,-84.367455,"Atlanta","FULTON","[""Motor Vehicle in Motion"",""Motor Vehicle in Motion""]","Disregard Stop Sign/Signal","[""Motor Vehicle in Motion"",""Motor Vehicle in Motion""]"
0,0,"Atlanta Police Department","2022-02-02","Piedmont Rd Ne and Lindbergh Dr Ne","(O) No Injury","Daylight","On Roadway - Non-Intersection","Angle Crash","Piedmont Rd Ne","Dry","13:18:00","[""Lap and Shoulder Belt Used"",""Lap and Shoulder Belt Used""]","Clear",0,33.821505,-84.367456,"Atlanta","FULTON","[""Motor Vehicle in Motion"",""Motor Vehicle in Motion""]","Changed Lanes Improperly","[""Motor Vehicle in Motion"",""Motor Vehicle in Motion""]"
0,0,"Atlanta Police Department","2022-02-02","14Th St Ne and W Peachtree St Nw","(O) No Injury","Daylight","On Roadway - Non-Intersection","Angle Crash","14Th St Ne","Dry","10:30:00","[""Unknown"",""Unknown""]","Clear",0,33.786614,-84.387808,"Atlanta","FULTON","[""Motor Vehicle in Motion"",""Motor Vehicle in Motion""]","Failure to Yield","[""Motor Vehicle in Motion"",""Motor Vehicle in Motion""]"
0,0,"Atlanta Police Department","2022-02-02","None and Chattahoochee Ave Nw","(O) No Injury","Daylight","On Roadway - Roadway Intersection","Sideswipe-Same Direction","Chattahoochee Ave Nw","Dry","11:30:00","[""Unknown"",""Shoulder Belt Only Used""]","Cloudy",0,33.8104,-84.438742,"Atlanta","FULTON","[""Other Object (Not Fixed)"",""Other Object (Not Fixed)""]","Changed Lanes Improperly","[""Other Object (Not Fixed)"",""Other Object (Not Fixed)""]"