"# Serious Injuries","# Visible Injuries","Agency Name (Crash Level) ","Date","Intersection Name (from Crash Report)","KABCO Severity","Light Conditions (Crash Level)","Location at Impact (Crash Level) ","Manner of Collision (Crash Level) ","Roadway (From Crash Report)","Surface Condition (Crash Level) ","Time","Safety Equipment (Crash Level) ","Weather Conditions (Crash Level)","# of Fatalities per Crash","Latitude","Longitude","Geolocated City","Geolocated County","First Harmful Event (Unit Order)","Operator/Pedestrian Contrib Factor (excl None, Other, No Contrib Factors)","Most Harmful Event (Crash Level)"
0,0,"Atlanta Police Department","2022-02-04","4Th St Ne and Juniper St Ne","(O) No Injury","Dark-Lighted","Off Roadway","Sideswipe-Opposite Direction","4Th St Ne","Dry","08:00:00","Unknown","Clear",0,33.774816,-84.383077,"Atlanta","FULTON","[""Motor Vehicle in Motion"",""Motor Vehicle in Motion""]","Misjudged Clearance","Motor Vehicle in Motion"
0,0,"Atlanta Police Department","2022-02-04","I-75 and Ralph David Abernathy Blvd Sw","(O) No Injury","Daylight","Entrance/Exit Ramp","Sideswipe-Same Direction","I-75","Dry","18:00:00","[""None Used"",""None Used""]","Clear",0,33.735877,-84.392187,"Atlanta","FULTON","[""Motor Vehicle in Motion"",""Motor Vehicle in Motion""]",,"[""Motor Vehicle in Motion"",""Motor Vehicle in Motion""]"
0,0,"Atlanta Police Department","2022-02-04","I-285 and Bolton Rd Nw","(O) No Injury","Dark-Not Lighted","On Shoulder","Not a Collision with Motor Vehicle","I-285","Water (standing or moving)","00:17:00","Lap and Shoulder Belt Used","Rain",0,33.79948,-84.488289,"Atlanta","FULTON","Other Non-Collision","Driver Lost Control","Guard Rail Fence"
0,1,"Gsp Post 00","2022-02-04","I-85 S and I-75 S","(B) Suspected Minor/Visible Injury","Dark-Lighted","On Roadway - Non-Intersection","Rear End","I-75 S","Wet","06:30:00","[""Lap and Shoulder Belt Used"",""Lap and Shoulder Belt Used"",""Lap and Shoulder Belt Used""]","Rain",0,33.693336,-84.403833,"Atlanta","FULTON","[""Motor Vehicle in Motion"",""Motor Vehicle in Motion"",""Motor Vehicle in Motion""]","Following Too Close","[""Motor Vehicle in Motion"",""Motor Vehicle in Motion"",""Motor Vehicle in Motion""]"
0,0,"Atlanta Police Department","2022-02-04","Lambert Dr Ne and Piedmont Rd Ne","(O) No Injury","Dark-Lighted","On Roadway - Roadway Intersection","Rear End","Piedmont Rd Ne","Dry","23:30:00","[""Unknown"",""Unknown""]","Clear",0,33.811808,-84.366695,"Atlanta","FULTON","[""Motor Vehicle in Motion"",""Motor Vehicle in Motion""]","Following Too Close","Motor Vehicle in Motion"
0,0,"Atlanta Police Department","2022-02-04","10Th St Nw and Williams St Nw","(C) Possible Injury / Complaint","Daylight","On Roadway - Roadway Intersection","Sideswipe-Same Direction","Williams St Nw","Water (standing or moving)","07:30:00","[""Lap and Shoulder Belt Used"",""Lap and Shoulder Belt Used"",""Lap and Shoulder Belt Used""]","Rain",0,33.781468,-84.390581,"Atlanta","FULTON","[""Motor Vehicle in Motion"",""Motor Vehicle in Motion""]","Changed Lanes Improperly","[""Motor Vehicle in Motion"",""Motor Vehicle in Motion""]"
0,0,"Atlanta Police Department","2022-02-04","Harbin Rd Sw and Landrum Dr Sw","(C) Possible Injury / Complaint","Daylight","On Roadway - Roadway Intersection","Angle Crash","Harbin Rd Sw","Wet","07:45:00","[""Unknown"",""Unknown"",""Unknown"",""Unknown""]","Rain",0,33.706301,-84.481675,"Atlanta","FULTON","[""Motor Vehicle in Motion"",""Motor Vehicle in Motion""]","Disregard Stop Sign/Signal","[""Motor Vehicle in Motion"",""Motor Vehicle in Motion""]"
0,0,"Gsp Post 00","2022-02-04","I-285 and I-20 East","(C) Possible Injury / Complaint","Daylight","On Roadway - Non-Intersection","Rear End","I-20 East","Wet","15:19:00","[""Lap and Shoulder Belt Used"",""Lap and Shoulder Belt Used""]","Cloudy",0,33.765875,-84.497144,"Atlanta","FULTON","[""Motor Vehicle in Motion"",""Motor Vehicle in Motion""]","Following Too Close","[""Motor Vehicle in Motion"",""Motor Vehicle in Motion""]"
0,0,"Gsp Post 00","2022-02-04","Ga-166 and I-7585 S","(O) No Injury","Dark-Lighted","On Roadway - Non-Intersection","Rear End","I-7585 S","Wet","06:20:00","[""Lap and Shoulder Belt Used"",""Lap and Shoulder Belt Used"",""Lap and Shoulder Belt Used""]","Rain",0,33.693769,-84.40413,"Atlanta","FULTON","[""Motor Vehicle in Motion"",""Motor Vehicle in Motion""]","Following Too Close","[""Motor Vehicle in Motion"",""Motor Vehicle in Motion""]"
0,0,"Gsp Post 00","2022-02-04","I-7585 South and Martin Luther King Junior Driv","(C) Possible Injury / Complaint","Daylight","On Roadway - Non-Intersection","Rear End","I-7585 South","Wet","10:39:00","[""Unknown"",""Lap and Shoulder Belt Used""]","Cloudy",0,33.750467,-84.381734,"Atlanta","FULTON","[""Motor Vehicle in Motion"",""Motor Vehicle in Motion""]","Following Too Close","[""Motor Vehicle in Motion"",""Motor Vehicle in Motion""]"
0,0,"Atlanta Police Department","2022-02-04","None and Forsyth St Sw Rp","(C) Possible Injury / Complaint","Dark-Lighted","On Roadway - Non-Intersection","Angle Crash","Forsyth St Sw Rp","Dry","19:00:00","[""Unknown"",""Unknown"",""Unknown""]","Clear",0,33.748882,-84.396476,"Atlanta","FULTON","[""Motor Vehicle in Motion"",""Motor Vehicle in Motion""]","Misjudged Clearance","[""Motor Vehicle in Motion"",""Motor Vehicle in Motion""]"
0,0,"Gsp Post 00","2022-02-04","I-285 and I-20 East","(O) No Injury","Daylight","On Roadway - Non-Intersection","Rear End","I-20 East","Wet","15:19:00","[""Lap and Shoulder Belt Used"",""Lap Belt Only Used""]","Cloudy",0,33.766115,-84.500059,"Atlanta","FULTON","[""Motor Vehicle in Motion"",""Motor Vehicle in Motion""]","Following Too Close","[""Motor Vehicle in Motion"",""Motor Vehicle in Motion""]"
0,0,"Gsp Post 00","2022-02-04","I-20 Ramp and I-7585 Northbound","(O) No Injury","Daylight","On Roadway - Non-Intersection","Rear End","I-7585 Northbound","Wet","14:38:00","[""Lap and Shoulder Belt Used"",""Lap and Shoulder Belt Used"",""Lap and Shoulder Belt Used""]","Cloudy",0,33.741252,-84.391576,"Atlanta","FULTON","[""Motor Vehicle in Motion"",""Motor Vehicle in Motion""]","Following Too Close","[""Motor Vehicle in Motion"",""Motor Vehicle in Motion""]"
0,0,"Atlanta Police Department","2022-02-04","Shelby Pl Se and Gilbert St Se","(O) No Injury","Dark-Not Lighted","On Roadway - Non-Intersection","Angle Crash","Gilbert St Se","Dry","17:40:00","Unknown","Clear",0,33.72364,-84.350716,"Atlanta","FULTON","[""Motor Vehicle in Motion"",""Parked Motor Vehicle""]","Improper Backing","Parked Motor Vehicle"
0,0,"Gsp Post 00","2022-02-04","I-20 and I-7585 South","(O) No Injury","Daylight","On Roadway - Non-Intersection","Rear End","I-7585 South","Dry","12:20:00","[""Lap and Shoulder Belt Used"",""Lap and Shoulder Belt Used"",""Lap and Shoulder Belt Used"",""Lap and Shoulder Belt Used""]","Cloudy",0,33.745098,-84.389775,"Atlanta","FULTON","[""Other Non-Collision"",""Motor Vehicle in Motion""]","Following Too Close","[""Motor Vehicle in Motion"",""Motor Vehicle in Motion""]"
0,0,"Atlanta Police Department","2022-02-04","I-75 and Exit 249C","(O) No Injury","Dark-Lighted","Median","Not a Collision with Motor Vehicle","I-75","Wet","01:37:00","[""Unknown"",""Unknown""]","Rain",0,33.768771,-84.390437,"Atlanta","FULTON","Median Barrier",,"Median Barrier"
0,0,"Atlanta Police Department","2022-02-04","Golf Cir Ne and Montgomery Ferry Dr Ne","(C) Possible Injury / Complaint","Dark-Lighted","On Roadway - Roadway Intersection","Rear End","Montgomery Ferry Dr Ne","Dry","19:39:00","[""Lap and Shoulder Belt Used"",""Lap and Shoulder Belt Used""]","Clear",0,33.800453,-84.375194,"Atlanta","FULTON","[""Motor Vehicle in Motion"",""Motor Vehicle in Motion""]","Following Too Close","[""Motor Vehicle in Motion"",""Motor Vehicle in Motion""]"
0,0,"Gsp Post 00","2022-02-04","I-20 and I-7585 North","(C) Possible Injury / Complaint","Daylight","On Roadway - Non-Intersection","Rear End","I-7585 North","Dry","13:45:00","[""Unknown"",""Unknown""]","Cloudy",0,33.741328,-84.391568,"Atlanta","FULTON","[""Motor Vehicle in Motion"",""Motor Vehicle in Motion""]","Following Too Close","[""Motor Vehicle in Motion"",""Motor Vehicle in Motion""]"
0,0,"Atlanta Police Department","2022-02-04","Jackson St Ne and John Wesley Dobbs Ave Ne","(O) No Injury","Daylight","On Roadway - Driveway Intersection","Sideswipe-Same Direction","Jackson St Ne","Dry","16:00:00","Lap and Shoulder Belt Used","Cloudy",0,33.758369,-84.374324,"Atlanta","FULTON","[""Motor Vehicle in Motion"",""Parked Motor Vehicle""]","Inattentive or Other Distraction (Distracted)","[""Motor Vehicle in Motion"",""Parked Motor Vehicle""]"
0,0,"Atlanta Police Department","2022-02-04","Stillwood Dr Ne and N Virginia Ave Ne","(O) No Injury","Dark-Lighted","On Roadway - Non-Intersection","Angle Crash","Stillwood Dr Ne","Dry","09:15:00","[""Unknown"",""Unknown""]","Clear",0,33.783838,-84.349456,"Atlanta","FULTON","[""Motor Vehicle in Motion"",""Motor Vehicle in Motion"",""Motor Vehicle in Motion""]","Changed Lanes Improperly","[""Motor Vehicle in Motion"",""Motor Vehicle in Motion"",""Motor Vehicle in Motion""]"
0,0,"Atlanta Police Department","2022-02-04","14Th St Ne and Peachtree St Ne","(O) No Injury","Daylight","On Roadway - Roadway Intersection","Sideswipe-Same Direction","14Th St Ne","Dry","15:53:00","[""Unknown"",""Unknown"",""Unknown"",""Unknown""]","Clear",0,33.786576,-84.383117,"Atlanta","FULTON","[""Motor Vehicle in Motion"",""Motor Vehicle in Motion""]",,"[""Motor Vehicle in Motion"",""Motor Vehicle in Motion""]"
0,0,"Atlanta Police Department","2022-02-04","None and Exit 51A Rp","(C) Possible Injury / Complaint","Dark-Not Lighted","On Shoulder","Angle Crash","Exit 51A Rp","Dry","22:00:00","[""Unknown"",""Lap and Shoulder Belt Used""]","Clear",0,33.761849,-84.487573,"Atlanta","FULTON","[""Parked Motor Vehicle"",""Motor Vehicle in Motion""]","Changed Lanes Improperly","[""Parked Motor Vehicle"",""Motor Vehicle in Motion""]"
0,0,"Gsp Post 00","2022-02-04","I-285 Northbound and Hollowell Parkway","(O) No Injury","Daylight","On Roadway - Non-Intersection","Sideswipe-Same Direction","I-285 Northbound","Dry","16:21:00","[""Lap and Shoulder Belt Used"",""Lap and Shoulder Belt Used""]","Cloudy",0,33.774549,-84.496102,"Atlanta","FULTON","[""Motor Vehicle in Motion"",""Motor Vehicle in Motion""]",,"[""Motor Vehicle in Motion"",""Motor Vehicle in Motion""]"
0,0,"Atlanta Police Department","2022-02-04","Lee St Sw and W Whitehall St Sw","(C) Possible Injury / Complaint","Daylight","On Roadway - Roadway Intersection","Angle Crash","Lee St Sw","Dry","15:59:00","[""Unknown"",""Unknown""]","Cloudy",0,33.732128,-84.413728,"Atlanta","FULTON","[""Motor Vehicle in Motion"",""Motor Vehicle in Motion""]",,"[""Motor Vehicle in Motion"",""Motor Vehicle in Motion""]"
0,0,"Gsp Post 00","2022-02-04","I-75 S and 14Th Street","(O) No Injury","Daylight","On Roadway - Non-Intersection","Sideswipe-Same Direction","I-75 S","Dry","13:10:00","[""Lap and Shoulder Belt Used"",""Lap and Shoulder Belt Used""]","Clear",0,33.787119,-84.391155,"Atlanta","FULTON","[""Motor Vehicle in Motion"",""Motor Vehicle in Motion""]","Changed Lanes Improperly","[""Motor Vehicle in Motion"",""Motor Vehicle in Motion""]"
0,0,"Atlanta Police Department","2022-02-04","Roswell Rd Ne and W Paces Ferry Rd Nw","(O) No Injury","Dark-Lighted","On Roadway - Roadway Intersection","Head On","W Paces Ferry Rd Nw","Dry","19:00:00","[""Unknown"",""Unknown""]","Clear",0,33.839381,-84.379878,"Atlanta","FULTON","[""Motor Vehicle in Motion"",""Motor Vehicle in Motion""]","Disregard Other Traffic Control","[""Motor Vehicle in Motion"",""Motor Vehicle in Motion""]"
0,0,"Gsp Post 00","2022-02-04","Ga-400 N and Sidney Marcus Blvd","(C) Possible Injury / Complaint","Dark-Not Lighted","On Roadway - Non-Intersection","Not a Collision with Motor Vehicle","Ga-400 N","Wet","06:59:00","[""Lap and Shoulder Belt Used"",""Lap and Shoulder Belt Used""]","Rain",0,33.823647,-84.359214,"Atlanta","FULTON","Other Non-Collision","Driver Lost Control","Guard Rail Fence"
0,2,"Atlanta Police Department","2022-02-04","Atlanta Ave Se and Hank Aaron Dr Se","(B) Suspected Minor/Visible Injury","Daylight","On Roadway - Non-Intersection","Sideswipe-Same Direction","Hank Aaron Dr Se","Dry","15:44:00","[""Unknown"",""Unknown"",""Unknown"",""Unknown""]","Cloudy",0,33.730551,-84.387958,"Atlanta","FULTON","[""Motor Vehicle in Motion"",""Motor Vehicle in Motion"",""Motor Vehicle in Motion""]","Changed Lanes Improperly","[""Motor Vehicle in Motion"",""Motor Vehicle in Motion"",""Motor Vehicle in Motion""]"
0,1,"Atlanta Police Department","2022-02-04","I-75 and Exit 249C","(B) Suspected Minor/Visible Injury","Dark-Lighted","Median","Not a Collision with Motor Vehicle","I-75","Wet","03:14:00","[""Lap and Shoulder Belt Used"",""Lap and Shoulder Belt Used""]","Rain",0,33.768438,-84.390291,"Atlanta","FULTON","Median Barrier","[""Under the Influence (U.I.)"",""Driver Condition"",""Too Fast for Conditions""]","Median Barrier"
0,0,"Gsp Post 00","2022-02-04","I-75 S and Howell Mill Rd","(O) No Injury","Daylight","On Roadway - Non-Intersection","Sideswipe-Same Direction","I-75 S","Dry","10:00:00","[""Lap and Shoulder Belt Used"",""Lap and Shoulder Belt Used""]","Rain",0,33.781504,-84.390851,"Atlanta","FULTON","[""Motor Vehicle in Motion"",""Motor Vehicle in Motion""]","Changed Lanes Improperly","[""Motor Vehicle in Motion"",""Motor Vehicle in Motion""]"
0,0,"Atlanta Police Department","2022-02-04","E Lake Blvd Se and Glenwood Ave Se","(O) No Injury","Daylight","On Roadway - Roadway Intersection","Angle Crash","Glenwood Ave Se","Water (standing or moving)","08:10:00","[""Unknown"",""Unknown""]","Cloudy",0,33.740136,-84.31374,"Atlanta","DEKALB","[""Motor Vehicle in Motion"",""Motor Vehicle in Motion""]","Disregard Stop Sign/Signal","[""Motor Vehicle in Motion"",""Motor Vehicle in Motion""]"
0,0,"Gsp Post 00","2022-02-04","Interstate 7585 South and Martin Luther King Jr Drive Ov","(O) No Injury","Dark-Lighted","On Roadway - Non-Intersection","Rear End","Interstate 7585 South","Dry","18:35:00","[""Lap and Shoulder Belt Used"",""Lap and Shoulder Belt Used"",""Lap and Shoulder Belt Used"",""Lap and Shoulder Belt Used""]","Clear",0,33.750752,-84.381393,"Atlanta","FULTON","[""Motor Vehicle in Motion"",""Motor Vehicle in Motion""]","Following Too Close","[""Motor Vehicle in Motion"",""Motor Vehicle in Motion""]"
0,0,"Gsp Post 00","2022-02-04","None and I-7585Sb Courtland St Ne","(O) No Injury","Daylight","On Roadway - Non-Intersection","Sideswipe-Same Direction","I-7585Sb Courtland St Ne","Wet","13:36:00","[""Lap and Shoulder Belt Used"",""Lap and Shoulder Belt Used"",""Lap and Shoulder Belt Used"",""Lap Belt Only Used"",""Lap and Shoulder Belt Used"",""Lap and Shoulder Belt Used"",""Lap and Shoulder Belt Used""]","Cloudy",0,33.764355,-84.384478,"Atlanta","FULTON","[""Motor Vehicle in Motion"",""Motor Vehicle in Motion"",""Motor Vehicle in Motion""]","Following Too Close","[""Motor Vehicle in Motion"",""Motor Vehicle in Motion"",""Motor Vehicle in Motion""]"
0,2,"Gsp Post 00","2022-02-04","I-85 S and I-75 S","(B) Suspected Minor/Visible Injury","Dark-Lighted","On Roadway - Non-Intersection","Rear End","I-75 S","Wet","06:30:00","[""Lap and Shoulder Belt Used"",""Lap and Shoulder Belt Used"",""Lap and Shoulder Belt Used"",""Lap and Shoulder Belt Used"",""Lap and Shoulder Belt Used"",""Lap and Shoulder Belt Used""]","Rain",0,33.693296,-84.403806,"Atlanta","FULTON","[""Motor Vehicle in Motion"",""Motor Vehicle in Motion"",""Motor Vehicle in Motion""]","Following Too Close","[""Motor Vehicle in Motion"",""Motor Vehicle in Motion"",""Motor Vehicle in Motion""]"
0,0,"Atlanta Police Department","2022-02-04","Lee St Sw and White Oak Ave Sw","(O) No Injury","Daylight","On Roadway - Roadway Intersection","Rear End","White Oak Ave Sw","Wet","11:39:00","[""Unknown"",""Unknown""]","Cloudy",0,33.7241,-84.421101,"Atlanta","FULTON","[""Motor Vehicle in Motion"",""Motor Vehicle in Motion""]","Following Too Close","[""Motor Vehicle in Motion"",""Motor Vehicle in Motion""]"
0,0,"Gsp Post 00","2022-02-04","I-85 Nb and Armour Dr","(O) No Injury","Daylight","On Roadway - Non-Intersection","Rear End","I-85 Nb","Dry","16:30:00","[""Unknown"",""Lap and Shoulder Belt Used""]","Clear",0,33.813054,-84.366488,"Atlanta","FULTON","[""Motor Vehicle in Motion"",""Motor Vehicle in Motion""]","Following Too Close","[""Motor Vehicle in Motion"",""Motor Vehicle in Motion""]"
0,1,"Atlanta Police Department","2022-02-04","Sheridan Rd Ne and Cheshire Bridge Rd Ne","(B) Suspected Minor/Visible Injury","Dark-Lighted","Off Roadway","Angle Crash","Cheshire Bridge Rd Ne","Dry","21:20:00","[""Lap and Shoulder Belt Used"",""Unknown""]","Clear",0,33.82041,-84.351336,"Atlanta","FULTON","[""Impact Attenuate"",""Impact Attenuate""]","Failure to Yield","[""Impact Attenuate"",""Impact Attenuate""]"
0,2,"Gsp Post 00","2022-02-04","I-85 S and I-75 S","(B) Suspected Minor/Visible Injury","Dark-Lighted","On Roadway - Non-Intersection","Rear End","I-75 S","Wet","06:30:00","[""Lap and Shoulder Belt Used"",""Lap and Shoulder Belt Used"",""Lap and Shoulder Belt Used"",""Lap and Shoulder Belt Used"",""Lap and Shoulder Belt Used"",""Lap and Shoulder Belt Used"",""Lap and Shoulder Belt Used""]","Rain",0,33.693604,-84.404013,"Atlanta","FULTON","[""Motor Vehicle in Motion"",""Motor Vehicle in Motion""]","Following Too Close","[""Motor Vehicle in Motion"",""Motor Vehicle in Motion""]"
0,0,"Atlanta Police Department","2022-02-04","North Ave Ne and John Lewis Freedom Pkwy Ne","(O) No Injury","Daylight","On Roadway - Driveway Intersection","Head On","North Ave Ne","Dry","17:15:00","[""None Used"",""None Used""]","Clear",0,33.771093,-84.359529,"Atlanta","FULTON","[""Motor Vehicle in Motion"",""Motor Vehicle in Motion""]",,"[""Motor Vehicle in Motion"",""Motor Vehicle in Motion""]"
0,0,"Atlanta Police Department","2022-02-04","None and I-20","(O) No Injury","Dark-Lighted","On Shoulder","Angle Crash","I-20","Dry","22:02:00","Unknown","Clear",0,33.760697,-84.484677,"Atlanta","FULTON","[""Parked Motor Vehicle"",""Parked Motor Vehicle""]","Improper Passing","[""Parked Motor Vehicle"",""Parked Motor Vehicle""]"
0,0,"Atlanta Police Department","2022-02-04","Waddell St Ne and Dekalb Ave Ne","(C) Possible Injury / Complaint","Daylight","On Roadway - Roadway Intersection","Sideswipe-Same Direction","Dekalb Ave Ne","Wet","11:01:00","[""Lap and Shoulder Belt Used"",""Lap and Shoulder Belt Used""]","Clear",0,33.753744,-84.362666,"Atlanta","FULTON","[""Motor Vehicle in Motion"",""Motor Vehicle in Motion""]","[""Changed Lanes Improperly"",""Changed Lanes Improperly""]","[""Motor Vehicle in Motion"",""Motor Vehicle in Motion""]"
0,0,"Gsp Post 00","2022-02-04","I-7585 Sb and Martin Luther King Rd","(O) No Injury","Daylight","On Roadway - Non-Intersection","Rear End","I-7585 Sb","Wet","11:36:00","[""Lap and Shoulder Belt Used"",""Lap and Shoulder Belt Used""]","Cloudy",0,33.748357,-84.385302,"Atlanta","FULTON","[""Motor Vehicle in Motion"",""Motor Vehicle in Motion""]","Following Too Close","[""Motor Vehicle in Motion"",""Motor Vehicle in Motion""]"
0,0,"Atlanta Police Department","2022-02-04","Cleveland Ave Sw and Old Hapeville Rd Sw","(O) No Injury","Daylight","On Roadway - Roadway Intersection","Sideswipe-Same Direction","Cleveland Ave Sw","Dry","15:52:00","[""Lap and Shoulder Belt Used"",""Lap and Shoulder Belt Used""]","Clear",0,33.681118,-84.393503,"Atlanta","FULTON","[""Motor Vehicle in Motion"",""Motor Vehicle in Motion""]","Changed Lanes Improperly","[""Motor Vehicle in Motion"",""Motor Vehicle in Motion""]"
0,0,"Atlanta Police Department","2022-02-04","Druid Pl Ne and Moreland Ave Ne","(O) No Injury","Daylight","Off Roadway","Angle Crash","Moreland Ave Ne","Dry","13:00:00","[""None Used"",""Lap and Shoulder Belt Used""]","Cloudy",0,33.768901,-84.349022,"Atlanta","FULTON","[""Motor Vehicle in Motion"",""Motor Vehicle in Motion""]","Misjudged Clearance","[""Motor Vehicle in Motion"",""Motor Vehicle in Motion""]"
0,0,"Atlanta Police Department","2022-02-04","14Th St Ne and Crescent Ave Ne","(O) No Injury","Daylight","On Roadway - Roadway Intersection","Sideswipe-Same Direction","14Th St Ne","Water (standing or moving)","13:30:00","[""Lap and Shoulder Belt Used"",""None Used""]","Cloudy",0,33.786653,-84.384285,"Atlanta","FULTON","[""Motor Vehicle in Motion"",""Parked Motor Vehicle""]","Changed Lanes Improperly","[""Motor Vehicle in Motion"",""Parked Motor Vehicle""]"
0,0,"Gsp Post 00","2022-02-04","I-7585 Sb and Piedmont Ave","(C) Possible Injury / Complaint","Daylight","On Roadway - Non-Intersection","Rear End","I-7585 Sb","Dry","13:50:00","[""Lap and Shoulder Belt Used"",""Lap and Shoulder Belt Used"",""Lap and Shoulder Belt Used"",""Lap and Shoulder Belt Used"",""Child Restraint System (Properly Used)"",""None Used"",""Lap and Shoulder Belt Used"",""Lap and Shoulder Belt Used"",""Lap and Shoulder Belt Used""]","Cloudy",0,33.763622,-84.383722,"Atlanta","FULTON","[""Motor Vehicle in Motion"",""Motor Vehicle in Motion"",""Motor Vehicle in Motion"",""Motor Vehicle in Motion"",""Motor Vehicle in Motion"",""Motor Vehicle in Motion""]","[""Changed Lanes Improperly"",""Following Too Close""]","[""Motor Vehicle in Motion"",""Motor Vehicle in Motion"",""Motor Vehicle in Motion"",""Motor Vehicle in Motion"",""Motor Vehicle in Motion"",""Motor Vehicle in Motion""]"
0,0,"Atlanta Police Department","2022-02-04","Linden Ave Ne and Peachtree St Ne","(C) Possible Injury / Complaint","Daylight","On Roadway - In Crosswalk","Not a Collision with Motor Vehicle","Peachtree St Ne","Dry","16:45:00","[""Lap and Shoulder Belt Used"",""None Used""]","Clear",0,33.769788,-84.385143,"Atlanta","FULTON","[""Motor Vehicle in Motion"",""Pedestrian""]",,"Motor Vehicle in Motion"
0,0,"Atlanta Police Department","2022-02-05","None and I-20","(C) Possible Injury / Complaint","Dark-Lighted","On Roadway - Non-Intersection","Rear End","I-20","Dry","00:55:00","Lap and Shoulder Belt Used","Clear",0,33.755048,-84.466297,"Atlanta","FULTON","[""Motor Vehicle in Motion"",""Motor Vehicle in Motion""]","Following Too Close","[""Motor Vehicle in Motion"",""Motor Vehicle in Motion""]"
0,0,"Atlanta Police Department","2022-02-05","Ozburn Rd Nw and Avalon Park Apartments","(O) No Injury","Daylight","On Roadway - Driveway Intersection","Angle Crash","Ozburn Rd Nw","Dry","13:45:00","[""Lap and Shoulder Belt Used"",""Unknown""]","Clear",0,33.776244,-84.476021,"Atlanta","FULTON","[""Motor Vehicle in Motion"",""Motor Vehicle in Motion""]","Failure to Yield","[""Motor Vehicle in Motion"",""Motor Vehicle in Motion""]"
0,0,"Atlanta Police Department","2022-02-05","10Th St Nw and Northside Dr Nw","(O) No Injury","Daylight","On Roadway - Roadway Intersection","Rear End","10Th St Nw","Dry","19:05:00","[""Unknown"",""Unknown""]","Clear",0,33.781553,-84.407476,"Atlanta","FULTON","[""Motor Vehicle in Motion"",""Motor Vehicle in Motion""]","Changed Lanes Improperly","[""Motor Vehicle in Motion"",""Motor Vehicle in Motion""]"
0,0,"Atlanta Police Department","2022-02-05","Peachtree Rd Ne and Peachtree Park Dr Ne","(O) No Injury","Dark-Lighted","On Roadway - Non-Intersection","Angle Crash","Peachtree Rd Ne","Dry","15:00:00","[""Unknown"",""Unknown""]","Clear",0,33.812294,-84.392271,"Atlanta","FULTON","[""Motor Vehicle in Motion"",""Motor Vehicle in Motion""]",,"[""Motor Vehicle in Motion"",""Motor Vehicle in Motion""]"
0,0,"Atlanta Police Department","2022-02-05","I-285 N and Martin Luther King Jr Dr Sw","(C) Possible Injury / Complaint","Daylight","On Roadway - Roadway Intersection","Head On","Martin Luther King Jr Dr Sw","Dry","20:30:00","[""Lap and Shoulder Belt Used"",""Lap and Shoulder Belt Used"",""Lap and Shoulder Belt Used"",""Lap and Shoulder Belt Used"",""Lap and Shoulder Belt Used""]","Clear",0,33.753516,-84.495334,"Atlanta","FULTON","[""Motor Vehicle in Motion"",""Motor Vehicle in Motion""]","Failure to Yield","[""Motor Vehicle in Motion"",""Motor Vehicle in Motion""]"
0,0,"Atlanta Police Department","2022-02-05","None and I-75","(O) No Injury","Daylight","On Roadway - Non-Intersection","Rear End","I-75","Dry","09:25:00","[""Unknown"",""Lap and Shoulder Belt Used"",""Lap and Shoulder Belt Used"",""Lap and Shoulder Belt Used"",""Child Restraint System (Properly Used)""]","Clear",0,33.794412,-84.393596,"Atlanta","FULTON","[""Motor Vehicle in Motion"",""Motor Vehicle in Motion""]","Following Too Close","[""Motor Vehicle in Motion"",""Motor Vehicle in Motion""]"
0,0,"Atlanta Police Department","2022-02-05","Huff Rd Nw and Marietta Blvd Nw","(O) No Injury","Dark-Lighted","On Roadway - Roadway Intersection","Sideswipe-Same Direction","Huff Rd Nw","Dry","21:32:00","[""Unknown"",""Unknown"",""Unknown""]","Clear",0,33.788482,-84.428242,"Atlanta","FULTON","[""Motor Vehicle in Motion"",""Motor Vehicle in Motion""]","Aggressive Driving","[""Motor Vehicle in Motion"",""Motor Vehicle in Motion""]"
0,1,"Atlanta Police Department","2022-02-05","Conley Rd Se and Jonesboro Rd Se","(B) Suspected Minor/Visible Injury","Dark-Lighted","On Roadway - Non-Intersection","Angle Crash","Jonesboro Rd Se","Dry","23:12:00","[""Lap and Shoulder Belt Used"",""Lap and Shoulder Belt Used"",""Child Restraint System (Properly Used)""]","Clear",0,33.649586,-84.366055,"Atlanta","FULTON","[""Motor Vehicle in Motion"",""Motor Vehicle in Motion""]","Failure to Yield","[""Motor Vehicle in Motion"",""Motor Vehicle in Motion""]"
0,0,"Atlanta Police Department","2022-02-05","Spelman Ln Sw and Northside Dr Sw","(O) No Injury","Dark-Lighted","On Roadway - Roadway Intersection","Angle Crash","Northside Dr Sw","Dry","21:35:00","[""Unknown"",""Unknown""]","Clear",0,33.744333,-84.408359,"Atlanta","FULTON","[""Motor Vehicle in Motion"",""Motor Vehicle in Motion""]","Improper Passing","[""Motor Vehicle in Motion"",""Motor Vehicle in Motion""]"
0,0,"Atlanta Police Department","2022-02-05","75 South and Deering Rd Nw","(C) Possible Injury / Complaint","Dark-Lighted","On Roadway - Non-Intersection","Rear End","75 South","Dry","18:40:00","[""Unknown"",""Unknown"",""Unknown"",""Unknown"",""Unknown"",""Unknown""]","Clear",0,33.797939,-84.395834,"Atlanta","FULTON","[""Motor Vehicle in Motion"",""Motor Vehicle in Motion"",""Motor Vehicle in Motion"",""Motor Vehicle in Motion"",""Motor Vehicle in Motion""]",,"[""Other Object (Not Fixed)"",""Cargo/Equipment Lost or Shift"",""Cargo/Equipment Lost or Shift"",""Cargo/Equipment Lost or Shift"",""Cargo/Equipment Lost or Shift""]"