"# Serious Injuries","# Visible Injuries","Agency Name (Crash Level) ","Date","Intersection Name (from Crash Report)","KABCO Severity","Light Conditions (Crash Level)","Location at Impact (Crash Level) ","Manner of Collision (Crash Level) ","Roadway (From Crash Report)","Surface Condition (Crash Level) ","Time","Safety Equipment (Crash Level) ","Weather Conditions (Crash Level)","# of Fatalities per Crash","Latitude","Longitude","Geolocated City","Geolocated County","First Harmful Event (Unit Order)","Operator/Pedestrian Contrib Factor (excl None, Other, No Contrib Factors)","Most Harmful Event (Crash Level)"
0,0,"Atlanta Police Department","2022-02-05","None and I-85","(O) No Injury","Dark-Lighted","On Roadway - Non-Intersection","Rear End","I-85","Dry","21:39:00","[""Lap and Shoulder Belt Used"",""Lap and Shoulder Belt Used""]","Clear",0,33.806945,-84.380215,"Atlanta","FULTON","[""Motor Vehicle in Motion"",""Motor Vehicle in Motion""]","Following Too Close","[""Motor Vehicle in Motion"",""Motor Vehicle in Motion""]"
0,0,"Atlanta Police Department","2022-02-05","Bolton Rd Nw and Marietta Blvd Nw","(O) No Injury","Daylight","On Roadway - Roadway Intersection","Rear End","Bolton Rd Nw","Dry","15:54:00","[""Lap and Shoulder Belt Used"",""Lap and Shoulder Belt Used"",""Lap and Shoulder Belt Used""]","Clear",0,33.821246,-84.454624,"Atlanta","FULTON","[""Motor Vehicle in Motion"",""Motor Vehicle in Motion""]","Improper Backing","[""Motor Vehicle in Motion"",""Motor Vehicle in Motion""]"
0,0,"Atlanta Police Department","2022-02-05","Faith Ave Se and Moreland Ave Se","(O) No Injury","Daylight","On Roadway - Non-Intersection","Angle Crash","Moreland Ave Se","Dry","17:00:00","[""Unknown"",""Unknown""]","Clear",0,33.743408,-84.349235,"Atlanta","FULTON","[""Motor Vehicle in Motion"",""Motor Vehicle in Motion""]","Improper Turn","[""Motor Vehicle in Motion"",""Motor Vehicle in Motion""]"
0,0,"Atlanta Police Department","2022-02-05","None and Monroe Dr Ne","(C) Possible Injury / Complaint","Dark-Lighted","On Roadway - Non-Intersection","Not a Collision with Motor Vehicle","Monroe Dr Ne","Dry","03:11:00","Lap and Shoulder Belt Used","Clear",0,33.810881,-84.369504,"Atlanta","FULTON","Other Non-Collision","Too Fast for Conditions","Utility Pole"
0,0,"Atlanta Police Department","2022-02-05","None and I-75","(C) Possible Injury / Complaint","Daylight","On Shoulder","Angle Crash","I-75","Dry","11:20:00","[""Lap and Shoulder Belt Used"",""Lap and Shoulder Belt Used""]","Clear",0,33.711301,-84.401766,"Atlanta","FULTON","[""Motor Vehicle in Motion"",""Parked Motor Vehicle""]",,"[""Motor Vehicle in Motion"",""Parked Motor Vehicle""]"
0,0,"Atlanta Police Department","2022-02-05","I-75 S and University Ave Sw","(O) No Injury","Dark-Lighted","On Roadway - Roadway Intersection","Sideswipe-Same Direction","University Ave Sw","Dry","18:42:00","[""Unknown"",""Unknown"",""Unknown""]","Clear",0,33.722018,-84.395463,"Atlanta","FULTON","[""Motor Vehicle in Motion"",""Motor Vehicle in Motion""]","[""Improper Passing"",""Changed Lanes Improperly""]","[""Motor Vehicle in Motion"",""Motor Vehicle in Motion""]"
0,0,"Atlanta Police Department","2022-02-05","N Fulton Dr Ne and E Paces Ferry Rd Ne","(C) Possible Injury / Complaint","Dark-Not Lighted","On Roadway - Non-Intersection","Head On","N Fulton Dr Ne","Dry","01:50:00","[""Unknown"",""Unknown"",""Unknown""]","Clear",0,33.838786,-84.377899,"Atlanta","FULTON","[""Motor Vehicle in Motion"",""Motor Vehicle in Motion""]","Other Activity - Mobile Device (Distracted)","[""Motor Vehicle in Motion"",""Motor Vehicle in Motion""]"
0,0,"Atlanta Police Department","2022-02-05","Baker St Ne and Courtland St Ne","(O) No Injury","Daylight","On Roadway - Roadway Intersection","Angle Crash","Baker St Ne","Dry","10:55:00","[""Unknown"",""Unknown"",""Unknown""]","Clear",0,33.762204,-84.384155,"Atlanta","FULTON","[""Motor Vehicle in Motion"",""Motor Vehicle in Motion""]","Failure to Yield","[""Motor Vehicle in Motion"",""Motor Vehicle in Motion""]"
0,0,"Atlanta Police Department","2022-02-05","None and Joseph E Lowery Blvd Sw Rp","(O) No Injury","Daylight","Entrance/Exit Ramp","Sideswipe-Same Direction","Joseph E Lowery Blvd Sw Rp","Dry","11:45:00","[""Lap and Shoulder Belt Used"",""Lap and Shoulder Belt Used""]","Clear",0,33.741505,-84.414396,"Atlanta","FULTON","[""Motor Vehicle in Motion"",""Motor Vehicle in Motion""]","Changed Lanes Improperly","[""Motor Vehicle in Motion"",""Motor Vehicle in Motion""]"
0,0,"Atlanta Police Department","2022-02-05","14Th St Nw and Northside Dr Nw","(O) No Injury","Dark-Not Lighted","On Roadway - Roadway Intersection","Sideswipe-Same Direction","14Th St Nw","Dry","23:20:00","[""Unknown"",""Unknown""]","Clear",0,33.786224,-84.407445,"Atlanta","FULTON","[""Motor Vehicle in Motion"",""Motor Vehicle in Motion""]","Changed Lanes Improperly","[""Motor Vehicle in Motion"",""Motor Vehicle in Motion""]"
0,0,"Atlanta Police Department","2022-02-05","10Th St Nw and Howell Mill Rd Nw","(O) No Injury","Dark-Lighted","On Roadway - Non-Intersection","Sideswipe-Same Direction","Howell Mill Rd Nw","Dry","20:44:00","[""Unknown"",""Unknown"",""Unknown"",""Unknown"",""Unknown""]","Clear",0,33.781699,-84.411211,"Atlanta","FULTON","[""Motor Vehicle in Motion"",""Motor Vehicle in Motion""]","Changed Lanes Improperly","[""Motor Vehicle in Motion"",""Motor Vehicle in Motion""]"
0,0,"Atlanta Police Department","2022-02-05","Verdant Dr Sw and Continental Colony Pkwy Sw","(O) No Injury","Dark-Lighted","On Roadway - Non-Intersection","Rear End","Continental Colony Pkwy Sw","Dry","22:00:00","Unknown","Clear",0,33.684747,-84.492549,"Atlanta","FULTON","[""Motor Vehicle in Motion"",""Parked Motor Vehicle"",""Parked Motor Vehicle""]","Improper Backing","[""Motor Vehicle in Motion"",""Parked Motor Vehicle"",""Parked Motor Vehicle""]"
0,0,"Atlanta Police Department","2022-02-05","Forsyth St Nw and Williams St Nw","(O) No Injury","Daylight","On Roadway - Roadway Intersection","Sideswipe-Same Direction","Forsyth St Nw","Dry","10:30:00","Unknown","Clear",0,33.757252,-84.388443,"Atlanta","FULTON","[""Motor Vehicle in Motion"",""Motor Vehicle in Motion""]","Changed Lanes Improperly","[""Motor Vehicle in Motion"",""Motor Vehicle in Motion""]"
0,0,"Atlanta Police Department","2022-02-05","Collier Rd Nw and Collier Commons Way Nw","(O) No Injury","Daylight","On Roadway - Non-Intersection","Rear End","Collier Rd Nw","Dry","17:00:00","Unknown","Clear",0,33.809832,-84.40891,"Atlanta","FULTON","[""Motor Vehicle in Motion"",""Motor Vehicle in Motion""]",,"[""Motor Vehicle in Motion"",""Motor Vehicle in Motion""]"
0,0,"Atlanta Police Department","2022-02-05","I-85 N and Exit 86","(C) Possible Injury / Complaint","Daylight","On Roadway - Non-Intersection","Rear End","I-85 N","Dry","14:42:00","[""Unknown"",""Unknown""]","Clear",0,33.807756,-84.379122,"Atlanta","FULTON","[""Motor Vehicle in Motion"",""Motor Vehicle in Motion""]","Following Too Close","[""Motor Vehicle in Motion"",""Motor Vehicle in Motion""]"
0,0,"Atlanta Police Department","2022-02-05","19Th St Nw and Spring St Nw","(O) No Injury","Daylight","On Roadway - Non-Intersection","Sideswipe-Same Direction","Spring St Nw","Dry","12:30:00","[""Unknown"",""Lap and Shoulder Belt Used"",""Child Restraint System (Properly Used)""]","Clear",0,33.794615,-84.389099,"Atlanta","FULTON","[""Motor Vehicle in Motion"",""Motor Vehicle in Motion""]","Changed Lanes Improperly","[""Motor Vehicle in Motion"",""Motor Vehicle in Motion""]"
0,0,"Atlanta Police Department","2022-02-05","I-20 E and W Lake Ave Sw","(O) No Injury","Dark-Lighted","On Roadway - Roadway Intersection","Sideswipe-Same Direction","W Lake Ave Sw","Dry","22:48:00","[""Unknown"",""Lap Belt Only Used""]","Clear",0,33.750155,-84.444157,"Atlanta","FULTON","[""Motor Vehicle in Motion"",""Motor Vehicle in Motion""]","Changed Lanes Improperly","[""Motor Vehicle in Motion"",""Motor Vehicle in Motion""]"
0,0,"Atlanta Police Department","2022-02-05","28Th St Nw and Ardmore Cir Nw","(O) No Injury","Daylight","On Roadway - Non-Intersection","Sideswipe-Opposite Direction","28Th St Nw","Dry","07:49:00","Unknown","Clear",0,33.804984,-84.398365,"Atlanta","FULTON","[""Motor Vehicle in Motion"",""Motor Vehicle in Motion""]","Driver Lost Control","[""Motor Vehicle in Motion"",""Motor Vehicle in Motion""]"
0,1,"Atlanta Police Department","2022-02-05","I-75 and Howell Mill Rd","(B) Suspected Minor/Visible Injury","Daylight","On Roadway - Non-Intersection","Angle Crash","I-75","Dry","08:30:00","[""Unknown"",""Unknown"",""Unknown"",""Unknown"",""Unknown"",""Unknown""]","Clear",0,33.808286,-84.417692,"Atlanta","FULTON","[""Motor Vehicle in Motion"",""Motor Vehicle in Motion"",""Motor Vehicle in Motion"",""Motor Vehicle in Motion""]","Following Too Close","[""Motor Vehicle in Motion"",""Motor Vehicle in Motion"",""Motor Vehicle in Motion"",""Motor Vehicle in Motion""]"
0,0,"Atlanta Police Department","2022-02-05","Fair St Sw and Peters St Sw","(O) No Injury","Daylight","On Roadway - Non-Intersection","Rear End","Peters St Sw","Dry","08:45:00","[""Unknown"",""Unknown""]","Clear",0,33.747973,-84.401172,"Atlanta","FULTON","[""Motor Vehicle in Motion"",""Motor Vehicle in Motion""]","Following Too Close","[""Motor Vehicle in Motion"",""Motor Vehicle in Motion""]"
0,1,"Atlanta Police Department","2022-02-05","None and Langford Pkwy Rp","(K) Fatal Injury","Dark-Lighted","Off Roadway","Not a Collision with Motor Vehicle","Langford Pkwy Rp","Dry","03:55:00","[""Unknown"",""Unknown""]","Clear",1,33.695237,-84.406062,"Atlanta","FULTON","Guard Rail Face","Driver Lost Control","Fire/Explosion"
0,0,"Atlanta Police Department","2022-02-05","Moreland Ave Ne and Mclendon Ave Ne","(O) No Injury","Dark-Lighted","On Roadway - Roadway Intersection","Angle Crash","Mclendon Ave Ne","Dry","19:51:00","[""Unknown"",""Lap and Shoulder Belt Used""]","Clear",0,33.764983,-84.349224,"Atlanta","FULTON","[""Motor Vehicle in Motion"",""Motor Vehicle in Motion""]","Reckless Driving","[""Motor Vehicle in Motion"",""Motor Vehicle in Motion""]"
0,0,"Atlanta Police Department","2022-02-05","W Peachtree St Nw and Ivan Allen Jr Blvd Ne","(O) No Injury","Dark-Lighted","On Roadway - Managed Lane (HOV, HOT, Reversible)","Rear End","Ivan Allen Jr Blvd Ne","Dry","00:01:00","[""Lap and Shoulder Belt Used"",""Lap and Shoulder Belt Used""]","Clear",0,33.765074,-84.387514,"Atlanta","FULTON","[""Motor Vehicle in Motion"",""Motor Vehicle in Motion""]","Following Too Close","[""Motor Vehicle in Motion"",""Motor Vehicle in Motion""]"
0,0,"Atlanta Police Department","2022-02-05","None and Waters Rd Sw","(O) No Injury","Daylight","Off Roadway","Rear End","Waters Rd Sw","Dry","12:12:00","Unknown","Clear",0,33.671774,-84.396302,"Atlanta","FULTON","[""Motor Vehicle in Motion"",""Parked Motor Vehicle""]","Improper Backing","Parked Motor Vehicle"
0,0,"Atlanta Police Department","2022-02-05","3Rd St Nw and 10Th St Nw","(O) No Injury","Daylight","On Roadway - Roadway Intersection","Rear End","10Th St Nw","Dry","14:40:00","[""Unknown"",""Unknown""]","Clear",0,33.781571,-84.410567,"Atlanta","FULTON","[""Motor Vehicle in Motion"",""Motor Vehicle in Motion""]","Following Too Close","[""Motor Vehicle in Motion"",""Motor Vehicle in Motion""]"
0,0,"Atlanta Police Department","2022-02-05","Moreland Ave Se and Constitution Rd Se","(O) No Injury","Dark-Lighted","On Roadway - Roadway Intersection","Sideswipe-Same Direction","Moreland Ave Se","Dry","02:54:00","[""Unknown"",""Lap and Shoulder Belt Used""]","Clear",0,33.692056,-84.349427,"Atlanta","FULTON","[""Motor Vehicle in Motion"",""Motor Vehicle in Motion""]","[""Changed Lanes Improperly"",""Disregard Other Traffic Control""]","[""Motor Vehicle in Motion"",""Motor Vehicle in Motion""]"
0,0,"Atlanta Police Department","2022-02-05","Ga-400 and Lenox Rd Ne","(O) No Injury","Daylight","On Roadway - Non-Intersection","Rear End","Ga-400","Dry","12:22:00","[""Lap and Shoulder Belt Used"",""Lap and Shoulder Belt Used"",""Lap and Shoulder Belt Used""]","Clear",0,33.851764,-84.369536,"Atlanta","FULTON","[""Motor Vehicle in Motion"",""Motor Vehicle in Motion""]","Following Too Close","[""Motor Vehicle in Motion"",""Motor Vehicle in Motion""]"
0,0,"Atlanta Police Department","2022-02-05","10Th St Ne and Monroe Dr Ne","(O) No Injury","Daylight","On Roadway - Roadway Intersection","Rear End","Monroe Dr Ne","Dry","14:12:00","[""Unknown"",""Unknown""]","Clear",0,33.781827,-84.368658,"Atlanta","FULTON","[""Motor Vehicle in Motion"",""Motor Vehicle in Motion""]",,"[""Motor Vehicle in Motion"",""Motor Vehicle in Motion""]"
0,1,"Atlanta Police Department","2022-02-05","Peachtree St Ne and John Portman Blvd Ne","(B) Suspected Minor/Visible Injury","Dark-Lighted","On Roadway - Non-Intersection","Not a Collision with Motor Vehicle","Peachtree St Ne","Dry","23:46:00","[""Unknown"",""Unknown""]","Clear",0,33.761343,-84.387555,"Atlanta","FULTON","[""Pedestrian"",""Pedestrian""]","Reckless Driving","Pedestrian"
0,0,"Atlanta Police Department","2022-02-05","Simmons St Nw and Donald Lee Hollowell Pkwy Nw","(O) No Injury","Dark-Lighted","On Roadway - Non-Intersection","Sideswipe-Same Direction","Simmons St Nw","Dry","03:19:00","Unknown","Clear",0,33.772416,-84.420201,"Atlanta","FULTON","[""Motor Vehicle in Motion"",""Motor Vehicle in Motion""]","Aggressive Driving","[""Motor Vehicle in Motion"",""Motor Vehicle in Motion""]"
0,0,"Atlanta Police Department","2022-02-05","None and Briarcliff Rd Ne","(C) Possible Injury / Complaint","Daylight","On Roadway - Non-Intersection","Rear End","Briarcliff Rd Ne","Dry","14:37:00","[""Unknown"",""Unknown"",""Unknown""]","Clear",0,33.773959,-84.348981,"Atlanta","FULTON","[""Motor Vehicle in Motion"",""Motor Vehicle in Motion""]",,"[""Motor Vehicle in Motion"",""Motor Vehicle in Motion""]"
0,0,"Atlanta Police Department","2022-02-05","None and I-75","(O) No Injury","Daylight","On Roadway - Non-Intersection","Sideswipe-Same Direction","I-75","Dry","12:40:00","[""Unknown"",""Unknown""]","Clear",0,33.716891,-84.398498,"Atlanta","FULTON","[""Motor Vehicle in Motion"",""Motor Vehicle in Motion""]","[""Misjudged Clearance"",""Changed Lanes Improperly""]","[""Motor Vehicle in Motion"",""Motor Vehicle in Motion""]"
0,0,"Atlanta Police Department","2022-02-05","Auburn Ave Ne and I-75 Hov Lane","(C) Possible Injury / Complaint","Dark-Lighted","On Roadway - Managed Lane (HOV, HOT, Reversible)","Sideswipe-Same Direction","I-75 Hov Lane","Dry","21:01:00","[""Unknown"",""Unknown"",""Unknown"",""Unknown""]","Clear",0,33.755828,-84.378552,"Atlanta","FULTON","[""Motor Vehicle in Motion"",""Motor Vehicle in Motion""]",,"[""Motor Vehicle in Motion"",""Motor Vehicle in Motion""]"
0,0,"Atlanta Police Department","2022-02-05","None and I-75","(O) No Injury","Dark-Lighted","On Roadway - Non-Intersection","Rear End","I-75","Dry","18:49:00","[""Lap and Shoulder Belt Used"",""Lap and Shoulder Belt Used"",""Lap and Shoulder Belt Used"",""Lap and Shoulder Belt Used"",""Lap and Shoulder Belt Used"",""Lap and Shoulder Belt Used""]","Clear",0,33.790755,-84.390883,"Atlanta","FULTON","[""Motor Vehicle in Motion"",""Motor Vehicle in Motion""]","Following Too Close","[""Motor Vehicle in Motion"",""Motor Vehicle in Motion""]"
1,0,"Atlanta Police Department","2022-02-05","I-75 S and Cleveland Avenue","(A) Suspected Serious Injury","Dark-Lighted","On Roadway - Non-Intersection","Angle Crash","I-75 S","Dry","19:59:00","[""Unknown"",""Bicycle Helmet"",""Lap and Shoulder Belt Used"",""Lap and Shoulder Belt Used""]","Clear",0,33.67654,-84.397948,"Atlanta","FULTON","[""Motor Vehicle in Motion"",""Motor Vehicle in Motion"",""Motor Vehicle in Motion""]","Changed Lanes Improperly","[""Motor Vehicle in Motion"",""Motor Vehicle in Motion"",""Motor Vehicle in Motion""]"
0,0,"Atlanta Police Department","2022-02-05","14Th St Nw and Hemphill Ave Nw","(O) No Injury","Dark-Lighted","On Roadway - Non-Intersection","Sideswipe-Same Direction","14Th St Nw","Dry","00:50:00","[""Unknown"",""Unknown"",""Unknown""]","Clear",0,33.786227,-84.407162,"Atlanta","FULTON","[""Motor Vehicle in Motion"",""Motor Vehicle in Motion""]","Changed Lanes Improperly","[""Motor Vehicle in Motion"",""Motor Vehicle in Motion""]"
0,0,"Atlanta Police Department","2022-02-05","Courtland St Ne and Renaissance Pkwy Ne","(O) No Injury","Daylight","On Roadway - Roadway Intersection","Angle Crash","Renaissance Pkwy Ne","Dry","12:03:00","[""Unknown"",""Lap and Shoulder Belt Used""]","Clear",0,33.768611,-84.384078,"Atlanta","FULTON","[""Motor Vehicle in Motion"",""Motor Vehicle in Motion""]",,"[""Motor Vehicle in Motion"",""Motor Vehicle in Motion""]"
0,0,"Atlanta Police Department","2022-02-05","Waters Rd Sw and Mt Zion Rd Sw","(C) Possible Injury / Complaint","Daylight","On Roadway - Roadway Intersection","Angle Crash","Mt Zion Rd Sw","Dry","10:00:00","[""Unknown"",""Unknown"",""Child Restraint System (Properly Used)""]","Clear",0,33.672913,-84.395816,"Atlanta","FULTON","[""Motor Vehicle in Motion"",""Motor Vehicle in Motion""]","[""Driver Lost Control"",""Failure to Yield""]","[""Motor Vehicle in Motion"",""Motor Vehicle in Motion""]"
0,0,"Atlanta Police Department","2022-02-05","Boulevard Se and Carroll St Se","(C) Possible Injury / Complaint","Dark-Lighted","Off Roadway - Sidewalk","Not a Collision with Motor Vehicle","Boulevard Se","Dry","06:06:00","Lap and Shoulder Belt Used","Clear",0,33.747761,-84.368077,"Atlanta","FULTON","Other Non-Collision","Driver Lost Control","Tree"
0,0,"Atlanta Police Department","2022-02-05","Pine St Ne and W Peachtree St Nw","(O) No Injury","Daylight","On Roadway - Roadway Intersection","Angle Crash","W Peachtree St Nw","Dry","08:41:00","[""Lap and Shoulder Belt Used"",""None Used"",""None Used"",""Lap and Shoulder Belt Used""]","Clear",0,33.767312,-84.387456,"Atlanta","FULTON","[""Motor Vehicle in Motion"",""Motor Vehicle in Motion""]","Improper Turn","[""Motor Vehicle in Motion"",""Motor Vehicle in Motion""]"
0,0,"Atlanta Police Department","2022-02-05","Courtland St Ne and John Portman Blvd Ne","(O) No Injury","Daylight","On Roadway - Roadway Intersection","Angle Crash","Courtland St Ne","Dry","17:00:00","[""Unknown"",""Unknown""]","Clear",0,33.761157,-84.384173,"Atlanta","FULTON","[""Motor Vehicle in Motion"",""Motor Vehicle in Motion""]",,"[""Motor Vehicle in Motion"",""Motor Vehicle in Motion""]"
0,0,"Atlanta Police Department","2022-02-05","W Lake Ave Sw and Martin Luther King Jr Dr Nw","(O) No Injury","Dark-Lighted","On Roadway - Roadway Intersection","Angle Crash","W Lake Ave Sw","Dry","05:30:00","[""Lap and Shoulder Belt Used"",""Lap and Shoulder Belt Used""]","Clear",0,33.751062,-84.443917,"Atlanta","FULTON","[""Motor Vehicle in Motion"",""Motor Vehicle in Motion""]","Disregard Other Traffic Control","[""Motor Vehicle in Motion"",""Motor Vehicle in Motion""]"
0,0,"Atlanta Police Department","2022-02-05","Defoor Cir Nw and Chattahoochee Ave Nw","(O) No Injury","Dark-Lighted","On Roadway - Roadway Intersection","Angle Crash","Defoor Cir Nw","Dry","17:50:00","[""Lap and Shoulder Belt Used"",""Lap and Shoulder Belt Used""]","Clear",0,33.800362,-84.420439,"Atlanta","FULTON","[""Motor Vehicle in Motion"",""Motor Vehicle in Motion""]","Failure to Yield","[""Motor Vehicle in Motion"",""Motor Vehicle in Motion""]"
0,0,"Atlanta Police Department","2022-02-05","Gresham Ave Se and Portland Ave Se","(C) Possible Injury / Complaint","Dark-Lighted","On Roadway - Non-Intersection","Sideswipe-Opposite Direction","Portland Ave Se","Dry","23:00:00","Unknown","Clear",0,33.73905,-84.346355,"Atlanta","DEKALB","[""Parked Motor Vehicle"",""Motor Vehicle in Motion""]","Under the Influence (U.I.)","[""Motor Vehicle in Motion"",""Motor Vehicle in Motion""]"
0,0,"Atlanta Police Department","2022-02-05","Trinity Ave Sw and Memorial Dr Sw","(O) No Injury","Daylight","On Roadway - Roadway Intersection","Angle Crash","Memorial Dr Sw","Dry","09:00:00","[""Lap and Shoulder Belt Used"",""Lap and Shoulder Belt Used""]","Clear",0,33.746918,-84.389246,"Atlanta","FULTON","[""Motor Vehicle in Motion"",""Motor Vehicle in Motion""]","Improper Turn","[""Motor Vehicle in Motion"",""Motor Vehicle in Motion""]"
0,0,"Atlanta Police Department","2022-02-05","Monroe Dr Ne and Greenwood Ave Ne","(O) No Injury","Dark-Not Lighted","Off Roadway - Sidewalk","Not a Collision with Motor Vehicle","Monroe Dr Ne","Dry","22:30:00","Unknown","Clear",0,33.776333,-84.370465,"Atlanta","FULTON","Other Post/ Pole Support","Driver Lost Control","Other Post / Pole Support"
0,0,"Atlanta Police Department","2022-02-05","None and Boulevard Ne","(O) No Injury","Daylight","On Roadway - Non-Intersection","Sideswipe-Same Direction","Boulevard Ne","Dry","17:09:00","[""Unknown"",""Unknown"",""Unknown"",""Unknown""]","Clear",0,33.773629,-84.371034,"Atlanta","FULTON","[""Motor Vehicle in Motion"",""Motor Vehicle in Motion""]",,"[""Motor Vehicle in Motion"",""Motor Vehicle in Motion""]"
0,0,"Atlanta Police Department","2022-02-05","Lenox Rd Ne and Buford Hwy Ne","(C) Possible Injury / Complaint","Daylight","On Roadway - Roadway Intersection","Rear End","Buford Hwy Ne","Dry","14:40:00","[""Unknown"",""Lap and Shoulder Belt Used"",""Lap and Shoulder Belt Used""]","Clear",0,33.825541,-84.352863,"Atlanta","FULTON","[""Motor Vehicle in Motion"",""Motor Vehicle in Motion""]","Following Too Close","[""Motor Vehicle in Motion"",""Motor Vehicle in Motion""]"
0,0,"Atlanta Police Department","2022-02-05","I-75 and Deering Rd Nw","(O) No Injury","Daylight","On Roadway - Non-Intersection","Sideswipe-Same Direction","I-75","Dry","14:00:00","[""Unknown"",""Unknown""]","Clear",0,33.79882,-84.39635,"Atlanta","FULTON","[""Motor Vehicle in Motion"",""Motor Vehicle in Motion""]","Changed Lanes Improperly","[""Motor Vehicle in Motion"",""Motor Vehicle in Motion""]"
0,0,"Atlanta Police Department","2022-02-05","None and I-75","(O) No Injury","Daylight","On Roadway - Non-Intersection","Angle Crash","I-75","Dry","14:00:00","[""Lap and Shoulder Belt Used"",""Lap and Shoulder Belt Used"",""Unknown"",""Unknown"",""Unknown"",""Unknown""]","Clear",0,33.865192,-84.439926,"Atlanta","FULTON","[""Motor Vehicle in Motion"",""Motor Vehicle in Motion"",""Motor Vehicle in Motion""]",,"[""Motor Vehicle in Motion"",""Motor Vehicle in Motion"",""Motor Vehicle in Motion""]"
0,0,"Atlanta Police Department","2022-02-05","None and I-75","(O) No Injury","Daylight","On Roadway - Non-Intersection","Rear End","I-75","Dry","13:45:00","[""Lap and Shoulder Belt Used"",""Lap and Shoulder Belt Used""]","Clear",0,33.744268,-84.391107,"Atlanta","FULTON","[""Motor Vehicle in Motion"",""Motor Vehicle in Motion""]","Following Too Close","[""Motor Vehicle in Motion"",""Motor Vehicle in Motion""]"
0,0,"Atlanta Police Department","2022-02-05","Margaret Pl Nw and Hollywood Rd Nw","(O) No Injury","Daylight","On Roadway - Non-Intersection","Rear End","Hollywood Rd Nw","Dry","16:28:00","[""Lap and Shoulder Belt Used"",""Lap and Shoulder Belt Used"",""Lap and Shoulder Belt Used""]","Clear",0,33.777557,-84.451086,"Atlanta","FULTON","[""Motor Vehicle in Motion"",""Motor Vehicle in Motion""]","Changed Lanes Improperly","[""Motor Vehicle in Motion"",""Motor Vehicle in Motion""]"
0,0,"Atlanta Police Department","2022-02-05","I-20 and Moreland Ave Se","(O) No Injury","Dark-Lighted","On Roadway - Non-Intersection","Not a Collision with Motor Vehicle","I-20","Dry","04:50:00","Unknown","Clear",0,33.74531,-84.348908,"Atlanta","DEKALB","Motor Vehicle in Motion",,"Motor Vehicle in Motion"
0,0,"Atlanta Police Department","2022-02-05","None and I-75 Hov Lane","(C) Possible Injury / Complaint","Daylight","On Roadway - Non-Intersection","Rear End","I-75 Hov Lane","Dry","12:50:00","[""Lap and Shoulder Belt Used"",""Child Restraint System (Properly Used)"",""Lap and Shoulder Belt Used"",""Lap and Shoulder Belt Used"",""Lap and Shoulder Belt Used"",""Lap and Shoulder Belt Used""]","Clear",0,33.738793,-84.391742,"Atlanta","FULTON","[""Motor Vehicle in Motion"",""Motor Vehicle in Motion"",""Motor Vehicle in Motion""]","Following Too Close","[""Motor Vehicle in Motion"",""Motor Vehicle in Motion"",""Motor Vehicle in Motion""]"
0,0,"Atlanta Police Department","2022-02-05","West End Ave Sw and Joseph E Lowery Blvd Sw","(C) Possible Injury / Complaint","Dark-Lighted","On Roadway - Non-Intersection","Sideswipe-Same Direction","Joseph E Lowery Blvd Sw","Dry","20:09:00","[""Lap and Shoulder Belt Used"",""None Used"",""Lap and Shoulder Belt Used""]","Clear",0,33.744165,-84.417563,"Atlanta","FULTON","[""Motor Vehicle in Motion"",""Motor Vehicle in Motion""]","Changed Lanes Improperly","[""Motor Vehicle in Motion"",""Motor Vehicle in Motion""]"
0,0,"Atlanta Police Department","2022-02-05","Ira St Sw and University Ave Sw","(O) No Injury","Daylight","On Roadway - Roadway Intersection","Angle Crash","Ira St Sw","Dry","15:30:00","[""Unknown"",""Unknown""]","Clear",0,33.722136,-84.400036,"Atlanta","FULTON","[""Motor Vehicle in Motion"",""Motor Vehicle in Motion""]","Failure to Yield","[""Motor Vehicle in Motion"",""Motor Vehicle in Motion""]"
0,0,"Atlanta Police Department","2022-02-05","I-75 and Exit 245","(O) No Injury","Dark-Not Lighted","On Roadway - Non-Intersection","Sideswipe-Same Direction","I-75","Dry","18:57:00","[""Lap and Shoulder Belt Used"",""Lap and Shoulder Belt Used""]","Clear",0,33.745099,-84.389779,"Atlanta","FULTON","[""Motor Vehicle in Motion"",""Motor Vehicle in Motion""]","Changed Lanes Improperly","[""Motor Vehicle in Motion"",""Motor Vehicle in Motion""]"
0,0,"Atlanta Police Department","2022-02-05","Luckie St Nw and Ted Turner Dr Nw","(C) Possible Injury / Complaint","Daylight","On Roadway - Roadway Intersection","Head On","Ted Turner Dr Nw","Dry","17:00:00","[""Unknown"",""Unknown""]","Other",0,33.758392,-84.390668,"Atlanta","FULTON","[""Motor Vehicle in Motion"",""Motor Vehicle in Motion""]","Disregard Stop Sign/Signal","[""Motor Vehicle in Motion"",""Motor Vehicle in Motion""]"