"# Serious Injuries","# Visible Injuries","Agency Name (Crash Level) ","Date","Intersection Name (from Crash Report)","KABCO Severity","Light Conditions (Crash Level)","Location at Impact (Crash Level) ","Manner of Collision (Crash Level) ","Roadway (From Crash Report)","Surface Condition (Crash Level) ","Time","Safety Equipment (Crash Level) ","Weather Conditions (Crash Level)","# of Fatalities per Crash","Latitude","Longitude","Geolocated City","Geolocated County","First Harmful Event (Unit Order)","Operator/Pedestrian Contrib Factor (excl None, Other, No Contrib Factors)","Most Harmful Event (Crash Level)"
0,0,"Atlanta Police Department","2022-02-05","Euclid Ave Ne and Moreland Ave Ne","(O) No Injury","Daylight","On Roadway - Driveway Intersection","Rear End","Moreland Ave Ne","Dry","17:00:00","[""None Used"",""None Used"",""None Used""]","Clear",0,33.764954,-84.349224,"Atlanta","FULTON","[""Motor Vehicle in Motion"",""Motor Vehicle in Motion""]",,"[""Motor Vehicle in Motion"",""Motor Vehicle in Motion""]"
0,0,"Gsp Post 00","2022-02-05","Edgewood Ave and I-7585 South","(O) No Injury","Dark-Lighted","On Roadway - Non-Intersection","Rear End","I-7585 South","Dry","20:58:00","[""Lap and Shoulder Belt Used"",""Unknown""]","Clear",0,33.749528,-84.382877,"Atlanta","FULTON","[""Motor Vehicle in Motion"",""Motor Vehicle in Motion""]","Following Too Close","[""Motor Vehicle in Motion"",""Motor Vehicle in Motion""]"
0,0,"Atlanta Police Department","2022-02-05","Lenox Rd Ne and Johnson Rd Ne","(O) No Injury","Dark-Lighted","On Roadway - Roadway Intersection","Sideswipe-Opposite Direction","Lenox Rd Ne","Dry","10:20:00","[""Lap and Shoulder Belt Used"",""Lap and Shoulder Belt Used""]","Clear",0,33.797804,-84.34974,"Atlanta","FULTON","[""Motor Vehicle in Motion"",""Motor Vehicle in Motion""]",,"[""Motor Vehicle in Motion"",""Motor Vehicle in Motion""]"
0,0,"Atlanta Police Department","2022-02-05","Peachtree Rd Ne and Peachtree Park Dr Ne","(O) No Injury","Daylight","On Roadway - Non-Intersection","Sideswipe-Same Direction","Peachtree Rd Ne","Dry","15:00:00","[""Unknown"",""Unknown""]","Clear",0,33.812207,-84.392249,"Atlanta","FULTON","[""Motor Vehicle in Motion"",""Motor Vehicle in Motion""]",,"[""Motor Vehicle in Motion"",""Motor Vehicle in Motion""]"
0,0,"Atlanta Police Department","2022-02-05","Metropolitan Pkwy Sw and Ralph David Abernathy Blvd Sw","(O) No Injury","Daylight","On Roadway - Managed Lane (HOV, HOT, Reversible)","Sideswipe-Same Direction","Ralph David Abernathy Blvd Sw","Dry","17:30:00","[""None Used"",""None Used""]","Clear",0,33.73823,-84.408184,"Atlanta","FULTON","[""Motor Vehicle in Motion"",""Motor Vehicle in Motion""]",,"[""Motor Vehicle in Motion"",""Motor Vehicle in Motion""]"
0,0,"Atlanta Police Department","2022-02-05","Joyce St Sw and Abbott St Sw","(O) No Injury","Dark-Not Lighted","Off Roadway","Not a Collision with Motor Vehicle","Joyce St Sw","Dry","03:36:00","Lap Belt Only Used","Clear",0,33.748392,-84.419626,"Atlanta","FULTON","Utility Pole","[""Wrong Side of Road"",""Reckless Driving"",""Failure to Yield"",""Disregard Police - Traffic Control""]","Utility Pole"
0,0,"Atlanta Police Department","2022-02-05","None and I-85","(O) No Injury","Dark-Lighted","On Roadway - Non-Intersection","Sideswipe-Same Direction","I-85","Dry","17:12:00","[""Lap and Shoulder Belt Used"",""Lap and Shoulder Belt Used""]","Clear",0,33.798414,-84.392633,"Atlanta","FULTON","[""Motor Vehicle in Motion"",""Motor Vehicle in Motion""]","Changed Lanes Improperly","[""Motor Vehicle in Motion"",""Motor Vehicle in Motion""]"
0,0,"Atlanta Police Department","2022-02-05","I-75 N and Langford Pkwy Wb","(O) No Injury","Daylight","On Roadway - Non-Intersection","Rear End","Langford Pkwy Wb","Dry","14:20:00","[""Lap and Shoulder Belt Used"",""Lap and Shoulder Belt Used"",""Lap and Shoulder Belt Used"",""Lap and Shoulder Belt Used"",""Child Restraint System (Properly Used)"",""Child Restraint System (Properly Used)"",""Child Restraint System (Properly Used)""]","Clear",0,33.697045,-84.404724,"Atlanta","FULTON","[""Motor Vehicle in Motion"",""Motor Vehicle in Motion""]","[""Following Too Close"",""Changed Lanes Improperly""]","[""Motor Vehicle in Motion"",""Motor Vehicle in Motion""]"
0,0,"Atlanta Police Department","2022-02-05","Amb Dr Nw and Northside Dr Nw","(O) No Injury","Dark-Lighted","On Roadway - Roadway Intersection","Sideswipe-Same Direction","Amb Dr Nw","Water (standing or moving)","19:14:00","[""Lap and Shoulder Belt Used"",""Lap and Shoulder Belt Used"",""Lap and Shoulder Belt Used""]","Rain",0,33.754592,-84.402819,"Atlanta","FULTON","[""Motor Vehicle in Motion"",""Motor Vehicle in Motion""]","[""Under the Influence (U.I.)"",""Aggressive Driving""]","[""Motor Vehicle in Motion"",""Motor Vehicle in Motion""]"
0,0,"Atlanta Police Department","2022-02-05","Fairburn Rd Sw and Campbellton Rd Sw","(O) No Injury","Daylight","On Roadway - Roadway Intersection","Rear End","Fairburn Rd Sw","Dry","16:00:00","[""Lap and Shoulder Belt Used"",""Lap and Shoulder Belt Used""]","Clear",0,33.690617,-84.511415,"Atlanta","FULTON","[""Motor Vehicle in Motion"",""Motor Vehicle in Motion""]","Following Too Close","[""Motor Vehicle in Motion"",""Motor Vehicle in Motion""]"
1,0,"Atlanta Police Department","2022-02-05","Jonesboro Rd Se and Mcwilliams Rd Se","(A) Suspected Serious Injury","Dark-Lighted","On Roadway - Roadway Intersection","Angle Crash","Mcwilliams Rd Se","Dry","17:52:00","[""Lap and Shoulder Belt Used"",""Lap and Shoulder Belt Used"",""Lap and Shoulder Belt Used"",""Lap and Shoulder Belt Used""]","Clear",0,33.688724,-84.364015,"Atlanta","FULTON","[""Motor Vehicle in Motion"",""Motor Vehicle in Motion""]","[""Disregard Stop Sign/Signal"",""Disregard Stop Sign/Signal""]","[""Motor Vehicle in Motion"",""Motor Vehicle in Motion""]"
0,0,"Atlanta Police Department","2022-02-05","I-75 N and Auburn Ave Ne","(O) No Injury","Dark-Not Lighted","On Roadway - Managed Lane (HOV, HOT, Reversible)","Rear End","Auburn Ave Ne","Dry","22:00:00","[""Lap and Shoulder Belt Used"",""Lap and Shoulder Belt Used"",""Lap and Shoulder Belt Used"",""Lap and Shoulder Belt Used""]","Clear",0,33.755522,-84.378235,"Atlanta","FULTON","[""Motor Vehicle in Motion"",""Motor Vehicle in Motion""]","Following Too Close","[""Motor Vehicle in Motion"",""Motor Vehicle in Motion""]"
0,2,"Atlanta Police Department","2022-02-05","Bolton Rd Nw and Martin Luther King Jr Dr Sw","(B) Suspected Minor/Visible Injury","Daylight","Off Roadway","Not a Collision with Motor Vehicle","Martin Luther King Jr Dr Sw","Dry","12:35:00","[""Lap and Shoulder Belt Used"",""Lap and Shoulder Belt Used""]","Clear",0,33.765888,-84.511116,"Atlanta","FULTON","Guard Rail Face",,"Guard Rail End"
0,0,"Atlanta Police Department","2022-02-05","None and I-85","(C) Possible Injury / Complaint","Daylight","On Roadway - Non-Intersection","Rear End","I-85","Dry","14:20:00","[""Unknown"",""Lap and Shoulder Belt Used"",""Lap and Shoulder Belt Used"",""Lap and Shoulder Belt Used""]","Clear",0,33.807025,-84.380112,"Atlanta","FULTON","[""Motor Vehicle in Motion"",""Motor Vehicle in Motion"",""Motor Vehicle in Motion""]","Following Too Close","[""Motor Vehicle in Motion"",""Motor Vehicle in Motion"",""Motor Vehicle in Motion""]"
0,0,"Atlanta Police Department","2022-02-05","Piedmont Rd Ne and Peachtree Rd Ne","(O) No Injury","Dark-Lighted","On Roadway - Roadway Intersection","Rear End","Piedmont Rd Ne","Dry","03:53:00","[""Lap and Shoulder Belt Used"",""Lap and Shoulder Belt Used""]","Clear",0,33.843735,-84.371356,"Atlanta","FULTON","[""Motor Vehicle in Motion"",""Motor Vehicle in Motion""]","Following Too Close","[""Motor Vehicle in Motion"",""Motor Vehicle in Motion""]"
0,0,"Atlanta Police Department","2022-02-05","Westview Dr Sw and Joseph E Lowery Blvd Sw","(C) Possible Injury / Complaint","Dark-Lighted","Off Roadway - Sidewalk","Not a Collision with Motor Vehicle","Westview Dr Sw","Dry","02:50:00","[""Unknown"",""Unknown""]","Clear",0,33.746604,-84.417568,"Atlanta","FULTON","Other - Fixed Object","Reaction to Object or Animal","Other - Fixed Object"
0,0,"Atlanta Police Department","2022-02-05","Delmont Dr Ne and Peachtree Rd Ne","(O) No Injury","Daylight","On Roadway - Driveway Intersection","Angle Crash","Delmont Dr Ne","Dry","14:10:00","[""Unknown"",""Booster Seat (Properly Used)"",""Unknown"",""Unknown"",""Unknown"",""Unknown"",""Unknown""]","Clear",0,33.833622,-84.383227,"Atlanta","FULTON","[""Motor Vehicle in Motion"",""Motor Vehicle in Motion""]","Failure to Yield","[""Motor Vehicle in Motion"",""Motor Vehicle in Motion""]"
0,0,"Atlanta Police Department","2022-02-05","None and I-85","(C) Possible Injury / Complaint","Dark-Lighted","On Roadway - Non-Intersection","Rear End","I-85","Dry","19:20:00","[""Lap and Shoulder Belt Used"",""Unknown"",""Unknown"",""Lap and Shoulder Belt Used"",""Lap and Shoulder Belt Used""]","Clear",0,33.806859,-84.380323,"Atlanta","FULTON","[""Motor Vehicle in Motion"",""Motor Vehicle in Motion"",""Motor Vehicle in Motion""]","[""Following Too Close"",""Other Activity - Mobile Device (Distracted)""]","[""Motor Vehicle in Motion"",""Motor Vehicle in Motion"",""Motor Vehicle in Motion""]"
0,1,"Gsp Post 00","2022-02-05","14Th Street and Northside Drive","(B) Suspected Minor/Visible Injury","Dark-Not Lighted","On Roadway - Roadway Intersection","Angle Crash","14Th Street","Dry","00:25:00","[""None Used"",""Lap and Shoulder Belt Used"",""Lap and Shoulder Belt Used""]","Clear",0,33.786224,-84.407445,"Atlanta","FULTON","[""Motor Vehicle in Motion"",""Motor Vehicle in Motion""]","Under the Influence (U.I.)","[""Motor Vehicle in Motion"",""Motor Vehicle in Motion""]"
0,0,"Atlanta Police Department","2022-02-05","Pharr Rd Ne and Piedmont Rd Ne","(O) No Injury","Dark-Lighted","On Roadway - Non-Intersection","Sideswipe-Same Direction","Pharr Rd Ne","Dry","22:39:00","[""Unknown"",""Unknown"",""Unknown"",""Unknown"",""Unknown""]","Clear",0,33.837009,-84.368084,"Atlanta","FULTON","[""Motor Vehicle in Motion"",""Motor Vehicle in Motion""]","Changed Lanes Improperly","[""Motor Vehicle in Motion"",""Motor Vehicle in Motion""]"
0,0,"Atlanta Police Department","2022-02-05","None and I-75","(C) Possible Injury / Complaint","Dark-Lighted","On Roadway - Managed Lane (HOV, HOT, Reversible)","Sideswipe-Same Direction","I-75","Dry","17:50:00","[""Unknown"",""Unknown""]","Clear",0,33.704371,-84.404042,"Atlanta","FULTON","[""Motor Vehicle in Motion"",""Motor Vehicle in Motion""]","Changed Lanes Improperly","[""Motor Vehicle in Motion"",""Motor Vehicle in Motion""]"
0,0,"Atlanta Police Department","2022-02-05","Thurmond St Nw and Northside Dr Nw","(O) No Injury","Daylight","On Roadway - Non-Intersection","Sideswipe-Same Direction","Northside Dr Nw","Dry","11:55:00","[""Unknown"",""Unknown""]","Clear",0,33.760665,-84.402752,"Atlanta","FULTON","[""Motor Vehicle in Motion"",""Motor Vehicle in Motion""]","Changed Lanes Improperly","[""Motor Vehicle in Motion"",""Motor Vehicle in Motion""]"
0,0,"Atlanta Police Department","2022-02-05","Collier Rd Nw and Peachtree Rd Ne","(O) No Injury","Daylight","On Roadway - Roadway Intersection","Rear End","Collier Rd Nw","Dry","09:00:00","[""Unknown"",""Unknown"",""Unknown""]","Clear",0,33.806696,-84.39389,"Atlanta","FULTON","[""Motor Vehicle in Motion"",""Motor Vehicle in Motion""]","Following Too Close","[""Motor Vehicle in Motion"",""Motor Vehicle in Motion""]"
0,0,"Atlanta Police Department","2022-02-05","Scad Way Nw and Spring St Nw","(O) No Injury","Dark-Lighted","On Roadway - Roadway Intersection","Not a Collision with Motor Vehicle","Scad Way Nw","Dry","02:45:00","Unknown","Clear",0,33.793284,-84.389145,"Atlanta","FULTON","Other Non-Collision","[""Under the Influence (U.I.)"",""Exceeding Speed Limit"",""Reckless Driving""]","Tree"
0,0,"Atlanta Police Department","2022-02-05","None and Ga-400","(O) No Injury","Dark-Lighted","On Roadway - Non-Intersection","Rear End","Ga-400","Dry","21:19:00","[""Lap and Shoulder Belt Used"",""Lap and Shoulder Belt Used""]","Rain",0,33.83119,-84.360262,"Atlanta","FULTON","[""Motor Vehicle in Motion"",""Motor Vehicle in Motion""]","Following Too Close","[""Motor Vehicle in Motion"",""Motor Vehicle in Motion""]"
0,0,"Atlanta Police Department","2022-02-05","Coca Cola Pl Se and Jesse Hill Jr Dr Se","(O) No Injury","Daylight","On Roadway - Non-Intersection","Sideswipe-Same Direction","Coca Cola Pl Se","Dry","14:20:00","[""Lap and Shoulder Belt Used"",""Lap and Shoulder Belt Used"",""Lap and Shoulder Belt Used""]","Clear",0,33.753437,-84.380697,"Atlanta","FULTON","[""Motor Vehicle in Motion"",""Motor Vehicle in Motion""]","Improper Passing","[""Motor Vehicle in Motion"",""Motor Vehicle in Motion""]"
0,0,"Atlanta Police Department","2022-02-05","3Rd St Nw and 10Th St Nw","(O) No Injury","Daylight","On Roadway - Roadway Intersection","Rear End","10Th St Nw","Dry","14:29:00","[""Unknown"",""Unknown""]","Clear",0,33.781571,-84.410511,"Atlanta","FULTON","[""Motor Vehicle in Motion"",""Motor Vehicle in Motion""]","Following Too Close","[""Motor Vehicle in Motion"",""Motor Vehicle in Motion""]"
0,0,"Atlanta Police Department","2022-02-05","North Ave Ne and Piedmont Ave Ne","(O) No Injury","Daylight","On Roadway - Roadway Intersection","Rear End","Piedmont Ave Ne","Dry","08:50:00","[""Lap and Shoulder Belt Used"",""Lap and Shoulder Belt Used""]","Clear",0,33.77128,-84.381893,"Atlanta","FULTON","[""Motor Vehicle in Motion"",""Motor Vehicle in Motion""]","Following Too Close","[""Motor Vehicle in Motion"",""Motor Vehicle in Motion""]"
0,0,"Atlanta Police Department","2022-02-05","I-75 and Mt  Paran Rd Nw","(O) No Injury","Daylight","On Roadway - Non-Intersection","Rear End","I-75","Dry","12:30:00","[""Lap and Shoulder Belt Used"",""Lap and Shoulder Belt Used""]","Clear",0,33.868788,-84.442386,"Atlanta","FULTON","[""Motor Vehicle in Motion"",""Motor Vehicle in Motion""]","Following Too Close","[""Motor Vehicle in Motion"",""Motor Vehicle in Motion""]"
0,0,"Atlanta Police Department","2022-02-05","I-85 and 17Th St Nw","(O) No Injury","Dark-Lighted","On Roadway - Non-Intersection","Sideswipe-Same Direction","I-85","Dry","00:27:00","[""Unknown"",""Unknown""]","Clear",0,33.79171,-84.391092,"Atlanta","FULTON","[""Motor Vehicle in Motion"",""Motor Vehicle in Motion""]","[""Driver Condition"",""Changed Lanes Improperly""]","[""Motor Vehicle in Motion"",""Motor Vehicle in Motion""]"
0,0,"Atlanta Police Department","2022-02-05","Auburn Ave Ne and Courtland St Ne","(O) No Injury","Dark-Lighted","On Shoulder","Sideswipe-Same Direction","Courtland St Ne","Dry","22:30:00","Unknown","Clear",0,33.755323,-84.384271,"Atlanta","FULTON","[""Motor Vehicle in Motion"",""Parked Motor Vehicle""]",,"[""Motor Vehicle in Motion"",""Parked Motor Vehicle""]"
0,0,"Atlanta Police Department","2022-02-05","10Th St Ne and Peachtree St Ne","(O) No Injury","Dawn","On Roadway - Roadway Intersection","Sideswipe-Same Direction","10Th St Ne","Dry","20:00:00","Lap and Shoulder Belt Used","Clear",0,33.781705,-84.383996,"Atlanta","FULTON","[""Motor Vehicle in Motion"",""Motor Vehicle in Motion""]","Changed Lanes Improperly","[""Motor Vehicle in Motion"",""Motor Vehicle in Motion""]"
0,0,"Atlanta Police Department","2022-02-05","I-20 E and Lee St Sw","(O) No Injury","Daylight","On Roadway - Non-Intersection","Rear End","Lee St Sw","Dry","12:00:00","[""Unknown"",""Unknown""]","Clear",0,33.741426,-84.41407,"Atlanta","FULTON","[""Motor Vehicle in Motion"",""Motor Vehicle in Motion""]","Following Too Close","[""Motor Vehicle in Motion"",""Motor Vehicle in Motion""]"
0,0,"Atlanta Police Department","2022-02-05","None and I-75","(O) No Injury","Daylight","On Roadway - Non-Intersection","Angle Crash","I-75","Wet","08:38:00","[""Lap and Shoulder Belt Used"",""Lap and Shoulder Belt Used""]","Clear",0,33.744595,-84.390244,"Atlanta","FULTON","[""Work Zone/Maintenance Equipment"",""Motor Vehicle in Motion""]","Too Fast for Conditions","[""Motor Vehicle in Motion"",""Motor Vehicle in Motion""]"
0,0,"Atlanta Police Department","2022-02-05","None and I-75","(O) No Injury","Dark-Lighted","On Roadway - Non-Intersection","Rear End","I-75","Dry","20:10:00","[""Lap and Shoulder Belt Used"",""Lap and Shoulder Belt Used""]","Clear",0,33.790702,-84.390879,"Atlanta","FULTON","[""Motor Vehicle in Motion"",""Motor Vehicle in Motion""]","Following Too Close","[""Motor Vehicle in Motion"",""Motor Vehicle in Motion""]"
0,0,"Gsp Post 00","2022-02-05","None and I-20Wb East Of I-75Nb","(C) Possible Injury / Complaint","Daylight","On Roadway - Non-Intersection","Rear End","I-20Wb East Of I-75Nb","Dry","12:24:00","[""Unknown"",""Lap and Shoulder Belt Used"",""Lap and Shoulder Belt Used"",""Lap and Shoulder Belt Used""]","Clear",0,33.744601,-84.388545,"Atlanta","FULTON","[""Motor Vehicle in Motion"",""Motor Vehicle in Motion"",""Motor Vehicle in Motion""]",,"[""Motor Vehicle in Motion"",""Motor Vehicle in Motion"",""Motor Vehicle in Motion""]"
0,0,"Atlanta Police Department","2022-02-05","Piedmont Ave Ne and Baker-Highland Conn Ne","(C) Possible Injury / Complaint","Daylight","On Roadway - Managed Lane (HOV, HOT, Reversible)","Head On","Piedmont Ave Ne","Dry","18:00:00","[""Unknown"",""Lap and Shoulder Belt Used"",""Lap and Shoulder Belt Used"",""Lap and Shoulder Belt Used""]","Clear",0,33.762204,-84.3821,"Atlanta","FULTON","[""Motor Vehicle in Motion"",""Motor Vehicle in Motion""]","Disregard Other Traffic Control","[""Motor Vehicle in Motion"",""Motor Vehicle in Motion""]"
0,0,"Atlanta Police Department","2022-02-06","Pine St Ne and Peachtree St Ne","(O) No Injury","Dark-Not Lighted","On Roadway - Roadway Intersection","Rear End","Peachtree St Ne","Dry","21:49:00","[""Unknown"",""Unknown""]","Clear",0,33.744263,-84.365935,"Atlanta","FULTON","[""Motor Vehicle in Motion"",""Motor Vehicle in Motion""]","Following Too Close","[""Motor Vehicle in Motion"",""Motor Vehicle in Motion""]"
1,0,"Atlanta Police Department","2022-02-06","Boulder Park Dr Sw and Martin Luther King Jr Dr Sw","(A) Suspected Serious Injury","Dark-Lighted","On Roadway - Roadway Intersection","Rear End","Boulder Park Dr Sw","Dry","18:40:00","[""Lap and Shoulder Belt Used"",""Lap and Shoulder Belt Used""]","Clear",0,33.751332,-84.490457,"Atlanta","FULTON","[""Motor Vehicle in Motion"",""Motor Vehicle in Motion""]","Following Too Close","[""Motor Vehicle in Motion"",""Motor Vehicle in Motion""]"
0,0,"Atlanta Police Department","2022-02-06","Commodore Dr Nw and Donald Lee Hollowell Pkwy Nw","(O) No Injury","Daylight","On Roadway - Roadway Intersection","Rear End","Donald Lee Hollowell Pkwy Nw","Dry","13:20:00","[""Unknown"",""Unknown"",""Unknown""]","Clear",0,33.776742,-84.459099,"Atlanta","FULTON","[""Motor Vehicle in Motion"",""Motor Vehicle in Motion""]","Changed Lanes Improperly","[""Motor Vehicle in Motion"",""Motor Vehicle in Motion""]"
0,0,"Atlanta Police Department","2022-02-06","Custer Ave Se and Moreland Ave Se","(O) No Injury","Dark-Lighted","On Roadway - Roadway Intersection","Angle Crash","Moreland Ave Se","Dry","14:40:00","[""Lap and Shoulder Belt Used"",""Lap and Shoulder Belt Used""]","Clear",0,33.715483,-84.349526,"Atlanta","FULTON","[""Motor Vehicle in Motion"",""Motor Vehicle in Motion""]",,"[""Motor Vehicle in Motion"",""Motor Vehicle in Motion""]"
0,2,"Atlanta Police Department","2022-02-06","None and I-85","(B) Suspected Minor/Visible Injury","Dark-Lighted","On Roadway - Non-Intersection","Rear End","I-85","Dry","03:15:00","[""Unknown"",""Unknown"",""Unknown"",""Unknown"",""Unknown""]","Clear",0,33.802654,-84.386313,"Atlanta","FULTON","[""Motor Vehicle in Motion"",""Motor Vehicle in Motion"",""Motor Vehicle in Motion""]","[""Following Too Close"",""Following Too Close""]","[""Motor Vehicle in Motion"",""Motor Vehicle in Motion"",""Motor Vehicle in Motion""]"
0,0,"Atlanta Police Department","2022-02-06","None and I-75","(C) Possible Injury / Complaint","Daylight","On Roadway - Non-Intersection","Rear End","I-75","Dry","18:31:00","[""Lap and Shoulder Belt Used"",""Lap and Shoulder Belt Used"",""Lap and Shoulder Belt Used"",""Lap and Shoulder Belt Used""]","Clear",0,33.765371,-84.385179,"Atlanta","FULTON","[""Motor Vehicle in Motion"",""Motor Vehicle in Motion"",""Motor Vehicle in Motion""]","[""Following Too Close"",""Following Too Close""]","[""Motor Vehicle in Motion"",""Motor Vehicle in Motion"",""Motor Vehicle in Motion""]"
0,0,"Atlanta Police Department","2022-02-06","Rhodes St Nw and Electric Ave Nw","(O) No Injury","Daylight","On Roadway - Driveway Intersection","Angle Crash","Rhodes St Nw","Dry","01:00:00","[""None Used"",""None Used"",""None Used"",""None Used"",""None Used""]","Clear",0,33.756848,-84.404335,"Atlanta","FULTON","[""Motor Vehicle in Motion"",""Motor Vehicle in Motion""]","Disregard Stop Sign/Signal","[""Motor Vehicle in Motion"",""Motor Vehicle in Motion""]"
0,0,"Atlanta Police Department","2022-02-06","Spelman Ln Sw and Northside Dr Sw","(O) No Injury","Dark-Not Lighted","On Roadway - Roadway Intersection","Sideswipe-Same Direction","Northside Dr Sw","Dry","01:30:00","[""Unknown"",""Unknown"",""Unknown"",""Lap and Shoulder Belt Used""]","Clear",0,33.744188,-84.408372,"Atlanta","FULTON","[""Motor Vehicle in Motion"",""Motor Vehicle in Motion""]","Failure to Yield","[""Motor Vehicle in Motion"",""Motor Vehicle in Motion""]"
0,0,"Atlanta Police Department","2022-02-06","Davis St Nw and Buford Hwy Nw","(C) Possible Injury / Complaint","Dark-Lighted","On Roadway - Driveway Intersection","Rear End","Buford Hwy Nw","Dry","00:00:00","[""Unknown"",""Unknown""]","Clear",0,33.825506,-84.352996,"Atlanta","FULTON","[""Motor Vehicle in Motion"",""Motor Vehicle in Motion""]","Changed Lanes Improperly","[""Motor Vehicle in Motion"",""Motor Vehicle in Motion""]"
0,0,"Atlanta Police Department","2022-02-06","Rhodes Ctr Nw and Peachtree St Nw","(O) No Injury","Dark-Lighted","On Roadway - Non-Intersection","Sideswipe-Same Direction","Peachtree St Nw","Dry","21:45:00","[""None Used"",""None Used""]","Clear",0,33.795694,-84.387734,"Atlanta","FULTON","[""Motor Vehicle in Motion"",""Motor Vehicle in Motion""]",,"Motor Vehicle in Motion"
0,0,"Atlanta Police Department","2022-02-06","Lindbergh Dr Ne and Cheshire Bridge Rd Ne","(C) Possible Injury / Complaint","Dark-Lighted","On Roadway - Non-Intersection","Head On","Cheshire Bridge Rd Ne","Dry","04:00:00","[""None Used"",""Lap and Shoulder Belt Used"",""Lap and Shoulder Belt Used"",""Lap and Shoulder Belt Used"",""Lap and Shoulder Belt Used"",""Lap and Shoulder Belt Used"",""Lap and Shoulder Belt Used"",""Lap and Shoulder Belt Used"",""Lap and Shoulder Belt Used""]","Clear",0,33.818751,-84.351528,"Atlanta","FULTON","[""Motor Vehicle in Motion"",""Motor Vehicle in Motion"",""Motor Vehicle in Motion"",""Motor Vehicle in Motion"",""Motor Vehicle in Motion"",""Motor Vehicle in Motion"",""Motor Vehicle in Motion""]","[""Disregard Other Traffic Control"",""Disregard Stop Sign/Signal"",""Changed Lanes Improperly"",""Aggressive Driving""]","[""Motor Vehicle in Motion"",""Motor Vehicle in Motion"",""Motor Vehicle in Motion"",""Motor Vehicle in Motion"",""Motor Vehicle in Motion"",""Motor Vehicle in Motion"",""Motor Vehicle in Motion""]"
0,0,"Atlanta Police Department","2022-02-06","Baker St Ne and Peachtree Center Ave Ne","(O) No Injury","Dark-Lighted","On Roadway - Non-Intersection","Rear End","Peachtree Center Ave Ne","Dry","06:30:00","Lap and Shoulder Belt Used","Clear",0,33.761684,-84.386027,"Atlanta","FULTON","[""Motor Vehicle in Motion"",""Motor Vehicle in Motion""]","Following Too Close","[""Motor Vehicle in Motion"",""Motor Vehicle in Motion""]"
0,0,"Atlanta Police Department","2022-02-06","Palmetto Ave Sw and Joseph E Lowery Blvd Sw","(C) Possible Injury / Complaint","Dark-Lighted","On Roadway - Non-Intersection","Angle Crash","Joseph E Lowery Blvd Sw","Dry","05:40:00","[""Unknown"",""Lap and Shoulder Belt Used""]","Clear",0,33.751662,-84.417543,"Atlanta","FULTON","[""Motor Vehicle in Motion"",""Motor Vehicle in Motion""]","[""Reckless Driving"",""Under the Influence (U.I.)"",""Wrong Side of Road""]","[""Motor Vehicle in Motion"",""Motor Vehicle in Motion""]"
0,0,"Atlanta Police Department","2022-02-06","Baker St Ne and Peachtree Center Ave Ne","(C) Possible Injury / Complaint","Dark-Lighted","On Roadway - Roadway Intersection","Not a Collision with Motor Vehicle","Peachtree Center Ave Ne","Dry","03:50:00","[""Unknown"",""Unknown"",""Unknown""]","Clear",0,33.762213,-84.386017,"Atlanta","FULTON","Other Non-Collision","Driver Lost Control","Tree"
0,0,"Atlanta Police Department","2022-02-06","None and Moreland Ave Se","(O) No Injury","Dark-Not Lighted","On Roadway - Roadway Intersection","Rear End","Moreland Ave Se","Dry","21:55:00","[""Lap and Shoulder Belt Used"",""Lap and Shoulder Belt Used""]","Clear",0,33.713739,-84.349527,"Atlanta","FULTON","[""Motor Vehicle in Motion"",""Motor Vehicle in Motion""]","Following Too Close","[""Motor Vehicle in Motion"",""Motor Vehicle in Motion""]"
0,0,"Atlanta Police Department","2022-02-06","Ga-13 and Plasters Ave Ne","(O) No Injury","Dark-Not Lighted","On Roadway - Managed Lane (HOV, HOT, Reversible)","Rear End","Ga-13","Dry","22:47:00","[""Unknown"",""Unknown""]","Clear",0,33.809573,-84.37528,"Atlanta","FULTON","[""Motor Vehicle in Motion"",""Motor Vehicle in Motion""]","Following Too Close","[""Motor Vehicle in Motion"",""Motor Vehicle in Motion""]"
0,0,"Atlanta Police Department","2022-02-06","Exit 1A and Sidney Marcus Blvd Ne","(O) No Injury","Dark-Lighted","On Roadway - Roadway Intersection","Angle Crash","Sidney Marcus Blvd Ne","Dry","17:45:00","[""Lap and Shoulder Belt Used"",""Lap and Shoulder Belt Used""]","Clear",0,33.82547,-84.360598,"Atlanta","FULTON","[""Motor Vehicle in Motion"",""Motor Vehicle in Motion""]","Improper Turn","[""Motor Vehicle in Motion"",""Motor Vehicle in Motion""]"
0,0,"Atlanta Police Department","2022-02-06","I-85 and Ga-400 S","(C) Possible Injury / Complaint","Daylight","On Roadway - Non-Intersection","Rear End","I-85","Dry","16:41:00","[""Lap and Shoulder Belt Used"",""Lap and Shoulder Belt Used"",""Lap and Shoulder Belt Used""]","Clear",0,33.819278,-84.361741,"Atlanta","FULTON","[""Motor Vehicle in Motion"",""Motor Vehicle in Motion""]","Following Too Close","[""Motor Vehicle in Motion"",""Motor Vehicle in Motion""]"