"# Serious Injuries","# Visible Injuries","Agency Name (Crash Level) ","Date","Intersection Name (from Crash Report)","KABCO Severity","Light Conditions (Crash Level)","Location at Impact (Crash Level) ","Manner of Collision (Crash Level) ","Roadway (From Crash Report)","Surface Condition (Crash Level) ","Time","Safety Equipment (Crash Level) ","Weather Conditions (Crash Level)","# of Fatalities per Crash","Latitude","Longitude","Geolocated City","Geolocated County","First Harmful Event (Unit Order)","Operator/Pedestrian Contrib Factor (excl None, Other, No Contrib Factors)","Most Harmful Event (Crash Level)"
0,0,"Gsp Post 00","2022-02-07","I-7585 Nb and Martin Luther King Jr Drive","(O) No Injury","Daylight","On Roadway - Non-Intersection","Sideswipe-Same Direction","I-7585 Nb","Dry","09:38:00","[""Lap and Shoulder Belt Used"",""Lap and Shoulder Belt Used""]","Clear",0,33.748446,-84.384371,"Atlanta","FULTON","[""Motor Vehicle in Motion"",""Motor Vehicle in Motion""]","Changed Lanes Improperly","[""Motor Vehicle in Motion"",""Motor Vehicle in Motion""]"
0,0,"Atlanta Police Department","2022-02-07","Commercial Ave Nw and Donald Lee Hollowell Pkwy Nw","(O) No Injury","Daylight","On Roadway - Non-Intersection","Sideswipe-Same Direction","Donald Lee Hollowell Pkwy Nw","Dry","07:40:00","[""Unknown"",""Unknown""]","Cloudy",0,33.775238,-84.470734,"Atlanta","FULTON","[""Motor Vehicle in Motion"",""Motor Vehicle in Motion""]","Changed Lanes Improperly","Motor Vehicle in Motion"
0,0,"Atlanta Police Department","2022-02-07","Ga-13 N and 19Th St Nw","(O) No Injury","Daylight","On Roadway - Roadway Intersection","Angle Crash","19Th St Nw","Dry","16:50:00","[""Lap and Shoulder Belt Used"",""Lap and Shoulder Belt Used""]","Clear",0,33.794785,-84.388036,"Atlanta","FULTON","[""Motor Vehicle in Motion"",""Motor Vehicle in Motion""]","Changed Lanes Improperly","[""Motor Vehicle in Motion"",""Motor Vehicle in Motion""]"
0,0,"Atlanta Police Department","2022-02-07","Fulton St Sw and Mcdaniel St Sw","(O) No Injury","Dark-Lighted","Off Roadway - Sidewalk","Not a Collision with Motor Vehicle","Mcdaniel St Sw","Dry","05:00:00","Unknown","Clear",0,33.741806,-84.40303,"Atlanta","FULTON","Other Post/ Pole Support",,"Other Post / Pole Support"
0,0,"Atlanta Police Department","2022-02-07","Buford Hwy Ne and Sidney Marcus Blvd Ne","(O) No Injury","Dark-Lighted","On Roadway - Roadway Intersection","Sideswipe-Same Direction","Buford Hwy Ne","Dry","17:00:00","[""Unknown"",""Unknown""]","Clear",0,33.82414,-84.356194,"Atlanta","FULTON","[""Motor Vehicle in Motion"",""Motor Vehicle in Motion""]","Changed Lanes Improperly","[""Motor Vehicle in Motion"",""Motor Vehicle in Motion""]"
0,0,"Atlanta Police Department","2022-02-07","9Th St Nw and Howell Mill Rd Nw","(O) No Injury","Daylight","On Roadway - Roadway Intersection","Angle Crash","Howell Mill Rd Nw","Dry","13:40:00","[""Unknown"",""Unknown""]","Cloudy",0,33.780616,-84.410688,"Atlanta","FULTON","[""Motor Vehicle in Motion"",""Motor Vehicle in Motion""]","Failure to Yield","[""Motor Vehicle in Motion"",""Motor Vehicle in Motion""]"
0,0,"Atlanta Police Department","2022-02-07","18Th St Nw and W Peachtree St Ne","(C) Possible Injury / Complaint","Dark-Lighted","On Roadway - Roadway Intersection","Rear End","18Th St Nw","Dry","21:45:00","[""Lap and Shoulder Belt Used"",""Bicycle Helmet""]","Clear",0,33.793243,-84.387758,"Atlanta","FULTON","[""Motor Vehicle in Motion"",""Motor Vehicle in Motion""]","Following Too Close","[""Motor Vehicle in Motion"",""Motor Vehicle in Motion""]"
0,0,"Atlanta Police Department","2022-02-08","Marietta St Nw and Northside Dr Nw","(C) Possible Injury / Complaint","Dark-Lighted","On Roadway - Roadway Intersection","Angle Crash","Northside Dr Nw","Dry","17:45:00","[""Unknown"",""Unknown"",""Unknown""]","Clear",0,33.775856,-84.407012,"Atlanta","FULTON","[""Motor Vehicle in Motion"",""Motor Vehicle in Motion""]","Failure to Yield","[""Motor Vehicle in Motion"",""Motor Vehicle in Motion""]"
0,0,"Atlanta Police Department","2022-02-08","Cascade Rd Sw and Lynhurst Dr Sw","(O) No Injury","Dawn","On Roadway - Roadway Intersection","Rear End","Lynhurst Dr Sw","Dry","06:55:00","[""Lap and Shoulder Belt Used"",""Lap and Shoulder Belt Used""]","Cloudy",0,33.719892,-84.488035,"Atlanta","FULTON","[""Motor Vehicle in Motion"",""Motor Vehicle in Motion""]",,"[""Motor Vehicle in Motion"",""Motor Vehicle in Motion""]"
0,0,"Atlanta Police Department","2022-02-08","17Th St Ne and W Peachtree St Ne","(C) Possible Injury / Complaint","Dark-Lighted","On Roadway - Roadway Intersection","Not a Collision with Motor Vehicle","17Th St Ne","Dry","18:56:00","[""Lap and Shoulder Belt Used"",""Bicycle Helmet""]","Clear",0,33.791773,-84.387746,"Atlanta","FULTON","[""Motor Vehicle in Motion"",""Pedal-Cycle""]","Following Too Close","[""Motor Vehicle in Motion"",""Pedal-Cycle""]"
0,0,"Atlanta Police Department","2022-02-08","Boulevard Se and Gartrell St Se","(O) No Injury","Daylight","On Roadway - Roadway Intersection","Angle Crash","Boulevard Se","Dry","11:55:00","[""Lap and Shoulder Belt Used"",""Lap and Shoulder Belt Used"",""Lap and Shoulder Belt Used""]","Clear",0,33.752918,-84.371708,"Atlanta","FULTON","[""Motor Vehicle in Motion"",""Motor Vehicle in Motion""]","Improper Turn","[""Motor Vehicle in Motion"",""Motor Vehicle in Motion""]"
0,0,"Gsp Post 00","2022-02-08","Edgewood Ave and I-7585 North","(O) No Injury","Daylight","On Roadway - Non-Intersection","Sideswipe-Same Direction","I-7585 North","Dry","08:33:00","[""Lap and Shoulder Belt Used"",""Lap and Shoulder Belt Used""]","Clear",0,33.751068,-84.380542,"Atlanta","FULTON","[""Motor Vehicle in Motion"",""Motor Vehicle in Motion""]",,"[""Motor Vehicle in Motion"",""Motor Vehicle in Motion""]"
0,0,"Atlanta Police Department","2022-02-08","Bonaventure Ave Ne and Ponce De Leon Ave Ne","(O) No Injury","Daylight","On Roadway - Roadway Intersection","Angle Crash","Bonaventure Ave Ne","Dry","17:01:00","[""Lap and Shoulder Belt Used"",""Lap and Shoulder Belt Used""]","Clear",0,33.773807,-84.360956,"Atlanta","FULTON","[""Motor Vehicle in Motion"",""Motor Vehicle in Motion""]","Improper Turn","[""Motor Vehicle in Motion"",""Motor Vehicle in Motion""]"
0,0,"Atlanta Police Department","2022-02-08","Main St Nw and Bolton Rd Nw","(C) Possible Injury / Complaint","Daylight","On Roadway - Non-Intersection","Rear End","Bolton Rd Nw","Dry","11:10:00","[""Unknown"",""Unknown""]","Clear",0,33.812719,-84.471985,"Atlanta","FULTON","[""Motor Vehicle in Motion"",""Motor Vehicle in Motion""]",,"[""Motor Vehicle in Motion"",""Motor Vehicle in Motion""]"
0,0,"Atlanta Police Department","2022-02-08","Lee St Sw and Park St Sw","(O) No Injury","Daylight","On Roadway - Roadway Intersection","Sideswipe-Same Direction","Park St Sw","Dry","14:50:00","[""None Used"",""None Used""]","Clear",0,33.741825,-84.414025,"Atlanta","FULTON","[""Motor Vehicle in Motion"",""Motor Vehicle in Motion""]",,"[""Motor Vehicle in Motion"",""Motor Vehicle in Motion""]"
0,0,"Atlanta Police Department","2022-02-08","Oak Dr Se and Browns Mill Rd Se","(O) No Injury","Daylight","On Roadway - Roadway Intersection","Sideswipe-Opposite Direction","Oak Dr Se","Dry","16:30:00","[""Shoulder Belt Only Used"",""Shoulder Belt Only Used""]","Clear",0,33.667402,-84.380244,"Atlanta","FULTON","[""Motor Vehicle in Motion"",""Motor Vehicle in Motion""]","Driver Lost Control","[""Motor Vehicle in Motion"",""Motor Vehicle in Motion""]"
0,0,"Atlanta Police Department","2022-02-08","I-20 and Boulevard Se","(O) No Injury","Dark-Lighted","On Roadway - Non-Intersection","Rear End","I-20","Dry","01:00:00","[""Unknown"",""Lap and Shoulder Belt Used""]","Clear",0,33.743441,-84.368333,"Atlanta","FULTON","[""Motor Vehicle in Motion"",""Motor Vehicle in Motion""]","Following Too Close","[""Motor Vehicle in Motion"",""Motor Vehicle in Motion""]"
0,0,"Gsp Post 00","2022-02-08","I-20 and I-7585 N","(C) Possible Injury / Complaint","Daylight","On Roadway - Non-Intersection","Rear End","I-7585 N","Dry","16:50:00","[""Lap and Shoulder Belt Used"",""Lap and Shoulder Belt Used""]","Clear",0,33.737057,-84.391854,"Atlanta","FULTON","[""Motor Vehicle in Motion"",""Motor Vehicle in Motion""]","Following Too Close","[""Motor Vehicle in Motion"",""Motor Vehicle in Motion""]"
0,0,"Atlanta Police Department","2022-02-08","Browns Mill Rd Se and Southside Industrial Pkwy Se","(O) No Injury","Daylight","On Roadway - Non-Intersection","Sideswipe-Same Direction","Browns Mill Rd Se","Dry","13:01:00","[""Unknown"",""Unknown"",""Unknown""]","Clear",0,33.653115,-84.3933,"Atlanta","FULTON","[""Motor Vehicle in Motion"",""Motor Vehicle in Motion""]",,"[""Motor Vehicle in Motion"",""Motor Vehicle in Motion""]"
0,0,"Atlanta Police Department","2022-02-08","None and Northside Pkwy Nw","(O) No Injury","Dark-Lighted","On Roadway - Non-Intersection","Sideswipe-Same Direction","Northside Pkwy Nw","Dry","20:22:00","[""Unknown"",""Unknown""]","Clear",0,33.863817,-84.444467,"Atlanta","FULTON","[""Motor Vehicle in Motion"",""Motor Vehicle in Motion""]","Improper Passing","[""Motor Vehicle in Motion"",""Motor Vehicle in Motion""]"
0,0,"Atlanta Police Department","2022-02-08","I-20 and Hill St Se","(O) No Injury","Dark-Lighted","On Roadway - Non-Intersection","Sideswipe-Same Direction","I-20","Dry","21:38:00","[""Unknown"",""Lap and Shoulder Belt Used""]","Clear",0,33.743504,-84.379064,"Atlanta","FULTON","[""Motor Vehicle in Motion"",""Motor Vehicle in Motion""]","Changed Lanes Improperly","[""Motor Vehicle in Motion"",""Motor Vehicle in Motion""]"
0,0,"Atlanta Police Department","2022-02-08","Pine St Nw and Spring St Nw","(C) Possible Injury / Complaint","Daylight","On Roadway - Non-Intersection","Sideswipe-Same Direction","Spring St Nw","Dry","10:24:00","[""Unknown"",""Unknown"",""Unknown""]","Clear",0,33.768756,-84.388894,"Atlanta","FULTON","[""Motor Vehicle in Motion"",""Motor Vehicle in Motion""]","Changed Lanes Improperly","[""Motor Vehicle in Motion"",""Motor Vehicle in Motion""]"
0,0,"Gsp Post 00","2022-02-08","I-7585 Nb and Peachtree St","(O) No Injury","Daylight","On Roadway - Non-Intersection","Sideswipe-Same Direction","I-7585 Nb","Dry","07:00:00","[""Unknown"",""Lap and Shoulder Belt Used""]","Clear",0,33.765704,-84.385691,"Atlanta","FULTON","[""Motor Vehicle in Motion"",""Motor Vehicle in Motion""]","Changed Lanes Improperly","[""Motor Vehicle in Motion"",""Motor Vehicle in Motion""]"
0,0,"Atlanta Police Department","2022-02-08","Wells St Sw and Northside Dr Sw","(O) No Injury","Dark-Lighted","On Roadway - Roadway Intersection","Angle Crash","Northside Dr Sw","Dry","19:14:00","[""Unknown"",""Unknown"",""Unknown""]","Clear",0,33.739274,-84.408203,"Atlanta","FULTON","[""Motor Vehicle in Motion"",""Motor Vehicle in Motion""]","Failure to Yield","[""Motor Vehicle in Motion"",""Motor Vehicle in Motion""]"
0,0,"Atlanta Police Department","2022-02-08","11Th St Nw and Northside Dr Nw","(O) No Injury","Daylight","On Roadway - Non-Intersection","Angle Crash","11Th St Nw","Dry","14:00:00","[""None Used"",""None Used"",""None Used"",""None Used""]","Clear",0,33.783004,-84.407468,"Atlanta","FULTON","[""Motor Vehicle in Motion"",""Motor Vehicle in Motion""]","Failure to Yield","[""Motor Vehicle in Motion"",""Motor Vehicle in Motion""]"
0,0,"Atlanta Police Department","2022-02-08","St Charles Ave Ne and Bonaventure Ave Ne","(O) No Injury","Daylight","On Roadway - Roadway Intersection","Angle Crash","Bonaventure Ave Ne","Dry","07:00:00","[""Unknown"",""Unknown""]","Clear",0,33.775424,-84.360977,"Atlanta","FULTON","[""Motor Vehicle in Motion"",""Motor Vehicle in Motion""]","Disregard Other Traffic Control","[""Motor Vehicle in Motion"",""Motor Vehicle in Motion""]"
0,0,"Atlanta Police Department","2022-02-08","St Charles Pl Ne and N Highland Ave Ne","(O) No Injury","Daylight","On Roadway - Roadway Intersection","Angle Crash","N Highland Ave Ne","Dry","12:56:00","[""Lap and Shoulder Belt Used"",""Lap and Shoulder Belt Used""]","Clear",0,33.775421,-84.352499,"Atlanta","FULTON","[""Motor Vehicle in Motion"",""Motor Vehicle in Motion""]","Disregard Police - Traffic Control","[""Motor Vehicle in Motion"",""Motor Vehicle in Motion""]"
0,0,"Atlanta Police Department","2022-02-08","Parsons St Sw and Joseph E Lowery Blvd Sw","(O) No Injury","Daylight","On Roadway - Roadway Intersection","Angle Crash","Parsons St Sw","Dry","17:50:00","[""Lap and Shoulder Belt Used"",""Lap and Shoulder Belt Used""]","Clear",0,33.751094,-84.417542,"Atlanta","FULTON","[""Motor Vehicle in Motion"",""Motor Vehicle in Motion""]",,"[""Motor Vehicle in Motion"",""Motor Vehicle in Motion""]"
0,0,"Atlanta Police Department","2022-02-08","Pryor St Sw and Memorial Dr Sw","(O) No Injury","Daylight","On Roadway - Non-Intersection","Angle Crash","Pryor St Sw","Dry","08:21:00","[""Lap and Shoulder Belt Used"",""Lap and Shoulder Belt Used""]","Clear",0,33.74702,-84.394401,"Atlanta","FULTON","[""Motor Vehicle in Motion"",""Motor Vehicle in Motion""]","[""Changed Lanes Improperly"",""Changed Lanes Improperly""]","[""Motor Vehicle in Motion"",""Motor Vehicle in Motion""]"
0,0,"Atlanta Police Department","2022-02-08","Ethel St Nw and Northside Dr Nw","(O) No Injury","Dark-Lighted","On Roadway - Non-Intersection","Angle Crash","Northside Dr Nw","Dry","18:20:00","[""None Used"",""None Used""]","Clear",0,33.784693,-84.407456,"Atlanta","FULTON","[""Motor Vehicle in Motion"",""Motor Vehicle in Motion""]",,"[""Motor Vehicle in Motion"",""Motor Vehicle in Motion""]"
0,0,"Atlanta Police Department","2022-02-08","Bolton Rd Nw and Browntown Rd Nw","(C) Possible Injury / Complaint","Daylight","On Roadway - Roadway Intersection","Angle Crash","Bolton Rd Nw","Dry","16:00:00","[""Unknown"",""Unknown"",""Unknown""]","Clear",0,33.804461,-84.483059,"Atlanta","FULTON","[""Motor Vehicle in Motion"",""Motor Vehicle in Motion""]",,"[""Motor Vehicle in Motion"",""Motor Vehicle in Motion""]"
0,0,"Atlanta Police Department","2022-02-08","Sylvan Rd Sw and Gennessee Ave Sw","(C) Possible Injury / Complaint","Daylight","On Roadway - Roadway Intersection","Sideswipe-Same Direction","Sylvan Rd Sw","Dry","15:00:00","[""Unknown"",""Unknown"",""Unknown"",""Unknown""]","Clear",0,33.716546,-84.418125,"Atlanta","FULTON","[""Motor Vehicle in Motion"",""Motor Vehicle in Motion"",""Motor Vehicle in Motion""]","Disregard Police - Evasion","[""Motor Vehicle in Motion"",""Motor Vehicle in Motion"",""Motor Vehicle in Motion""]"
0,0,"Atlanta Police Department","2022-02-08","Sanford Dr Nw and Perry Blvd Nw","(O) No Injury","Daylight","On Roadway - Roadway Intersection","Rear End","Perry Blvd Nw","Dry","16:48:00","[""Lap and Shoulder Belt Used"",""Lap and Shoulder Belt Used""]","Clear",0,33.795357,-84.450521,"Atlanta","FULTON","[""Motor Vehicle in Motion"",""Motor Vehicle in Motion""]","Following Too Close","[""Motor Vehicle in Motion"",""Motor Vehicle in Motion""]"
0,0,"Atlanta Police Department","2022-02-08","Baker St Ne and Courtland St Ne","(O) No Injury","Daylight","On Roadway - Roadway Intersection","Sideswipe-Same Direction","Courtland St Ne","Dry","18:06:00","[""Lap and Shoulder Belt Used"",""Lap and Shoulder Belt Used""]","Clear",0,33.762204,-84.384155,"Atlanta","FULTON","[""Motor Vehicle in Motion"",""Motor Vehicle in Motion""]",,"[""Motor Vehicle in Motion"",""Motor Vehicle in Motion""]"
0,0,"Atlanta Police Department","2022-02-08","Bolton Rd Nw and Donald Lee Hollowell Pkwy Nw","(O) No Injury","Daylight","On Roadway - Roadway Intersection","Angle Crash","Bolton Rd Nw","Dry","12:05:00","[""Lap and Shoulder Belt Used"",""Lap and Shoulder Belt Used""]","Clear",0,33.787834,-84.494419,"Atlanta","FULTON","[""Motor Vehicle in Motion"",""Motor Vehicle in Motion""]",,"[""Motor Vehicle in Motion"",""Motor Vehicle in Motion""]"
0,0,"Gsp Post 00","2022-02-08","University Avenue and I-7585 Northbound","(C) Possible Injury / Complaint","Daylight","On Roadway - Non-Intersection","Sideswipe-Same Direction","I-7585 Northbound","Dry","17:21:00","[""Lap and Shoulder Belt Used"",""Lap and Shoulder Belt Used"",""Lap and Shoulder Belt Used"",""Lap and Shoulder Belt Used"",""Unknown""]","Clear",0,33.723607,-84.393852,"Atlanta","FULTON","[""Motor Vehicle in Motion"",""Motor Vehicle in Motion"",""Motor Vehicle in Motion""]","[""Following Too Close"",""Changed Lanes Improperly""]","[""Motor Vehicle in Motion"",""Motor Vehicle in Motion"",""Motor Vehicle in Motion""]"
0,0,"Gsp Post 00","2022-02-08","I-75Nb and I-85Sb","(O) No Injury","Dark-Lighted","On Roadway - Non-Intersection","Rear End","I-85Sb","Dry","18:42:00","[""Lap and Shoulder Belt Used"",""Lap and Shoulder Belt Used"",""Lap and Shoulder Belt Used""]","Clear",0,33.792341,-84.392206,"Atlanta","FULTON","[""Motor Vehicle in Motion"",""Motor Vehicle in Motion"",""Motor Vehicle in Motion""]","Following Too Close","[""Motor Vehicle in Motion"",""Motor Vehicle in Motion"",""Motor Vehicle in Motion""]"
0,0,"Atlanta Police Department","2022-02-08","Park Pl Ne and John Wesley Dobbs Ave Ne","(C) Possible Injury / Complaint","Daylight","On Roadway - Roadway Intersection","Rear End","John Wesley Dobbs Ave Ne","Dry","14:13:00","[""Unknown"",""Unknown""]","Clear",0,33.757153,-84.387576,"Atlanta","FULTON","[""Motor Vehicle in Motion"",""Motor Vehicle in Motion""]","Following Too Close","[""Motor Vehicle in Motion"",""Motor Vehicle in Motion""]"
0,0,"Atlanta Police Department","2022-02-08","Grant Dr Sw and Kimberly Rd Sw","(O) No Injury","Dark-Lighted","On Roadway - Non-Intersection","Not a Collision with Motor Vehicle","Grant Dr Sw","Dry","12:06:00","[""Lap and Shoulder Belt Used"",""Lap and Shoulder Belt Used""]","Clear",0,33.704786,-84.522105,"Atlanta","FULTON","[""Motor Vehicle in Motion"",""Parked Motor Vehicle""]","Changed Lanes Improperly","[""Motor Vehicle in Motion"",""Parked Motor Vehicle""]"
0,0,"Atlanta Police Department","2022-02-08","14Th St Nw and Spring St Nw","(C) Possible Injury / Complaint","Daylight","On Roadway - Roadway Intersection","Angle Crash","Spring St Nw","Dry","08:19:00","[""Lap and Shoulder Belt Used"",""Lap and Shoulder Belt Used""]","Clear",0,33.786593,-84.389246,"Atlanta","FULTON","[""Motor Vehicle in Motion"",""Motor Vehicle in Motion""]","Failure to Yield","[""Motor Vehicle in Motion"",""Motor Vehicle in Motion""]"
0,0,"Atlanta Police Department","2022-02-08","Lenox Rd Ne and Cheshire Bridge Rd Ne","(O) No Injury","Daylight","On Roadway - Roadway Intersection","Rear End","Lenox Rd Ne","Dry","11:44:00","[""Lap and Shoulder Belt Used"",""Lap and Shoulder Belt Used""]","Clear",0,33.816835,-84.352217,"Atlanta","FULTON","[""Motor Vehicle in Motion"",""Motor Vehicle in Motion""]","Following Too Close","[""Motor Vehicle in Motion"",""Motor Vehicle in Motion""]"
0,0,"Gsp Post 00","2022-02-08","I-285 and I-20 East","(O) No Injury","Daylight","On Roadway - Non-Intersection","Rear End","I-20 East","Dry","12:16:00","[""Lap and Shoulder Belt Used"",""Lap and Shoulder Belt Used""]","Clear",0,33.765008,-84.493853,"Atlanta","FULTON","[""Motor Vehicle in Motion"",""Motor Vehicle in Motion""]","Following Too Close","[""Motor Vehicle in Motion"",""Motor Vehicle in Motion""]"
0,0,"Atlanta Police Department","2022-02-08","Huff Rd Nw and Howell Mill Rd Nw","(O) No Injury","Daylight","On Roadway - Roadway Intersection","Rear End","Howell Mill Rd Nw","Dry","09:40:00","[""Lap and Shoulder Belt Used"",""Lap and Shoulder Belt Used""]","Clear",0,33.786797,-84.411707,"Atlanta","FULTON","[""Motor Vehicle in Motion"",""Parked Motor Vehicle""]","Following Too Close","[""Motor Vehicle in Motion"",""Parked Motor Vehicle""]"
0,0,"Atlanta Police Department","2022-02-08","None and I-20","(O) No Injury","Dark-Lighted","On Roadway - Non-Intersection","Rear End","I-20","Dry","20:00:00","[""None Used"",""None Used""]","Clear",0,33.745042,-84.390633,"Atlanta","FULTON","[""Motor Vehicle in Motion"",""Motor Vehicle in Motion""]",,"[""Motor Vehicle in Motion"",""Motor Vehicle in Motion""]"
0,0,"Atlanta Police Department","2022-02-08","Monroe Dr Ne and Piedmont Ave Ne","(O) No Injury","Daylight","On Roadway - Non-Intersection","Sideswipe-Same Direction","Monroe Dr Ne","Dry","12:56:00","[""Unknown"",""Unknown""]","Clear",0,33.796835,-84.368771,"Atlanta","FULTON","[""Motor Vehicle in Motion"",""Motor Vehicle in Motion""]","Under the Influence (U.I.)","[""Motor Vehicle in Motion"",""Motor Vehicle in Motion""]"
0,1,"Gsp Post 00","2022-02-08","I-20 West and Moreland Avenue","(B) Suspected Minor/Visible Injury","Daylight","On Roadway - Non-Intersection","Sideswipe-Same Direction","I-20 West","Dry","08:58:00","[""Lap and Shoulder Belt Used"",""Lap and Shoulder Belt Used"",""Lap and Shoulder Belt Used""]","Clear",0,33.745002,-84.352417,"Atlanta","FULTON","[""Motor Vehicle in Motion"",""Motor Vehicle in Motion""]","Changed Lanes Improperly","[""Median Barrier"",""Motor Vehicle in Motion""]"
0,0,"Gsp Post 00","2022-02-08","I-285 North and Martin Luther King Jr","(O) No Injury","Daylight","On Roadway - Non-Intersection","Sideswipe-Same Direction","I-285 North","Dry","13:21:00","[""Lap and Shoulder Belt Used"",""Lap and Shoulder Belt Used"",""Lap and Shoulder Belt Used""]","Clear",0,33.765008,-84.493853,"Atlanta","FULTON","[""Motor Vehicle in Motion"",""Motor Vehicle in Motion""]","Changed Lanes Improperly","[""Motor Vehicle in Motion"",""Motor Vehicle in Motion""]"
0,0,"Gsp Post 00","2022-02-08","I-85 S and 17Th St","(C) Possible Injury / Complaint","Daylight","On Roadway - Non-Intersection","Rear End","I-85 S","Dry","13:40:00","[""Lap and Shoulder Belt Used"",""Lap and Shoulder Belt Used"",""Child Restraint System (Properly Used)"",""Lap and Shoulder Belt Used"",""Child Restraint System (Properly Used)"",""Lap and Shoulder Belt Used"",""Lap and Shoulder Belt Used""]","Clear",0,33.79007,-84.391675,"Atlanta","FULTON","[""Motor Vehicle in Motion"",""Motor Vehicle in Motion"",""Motor Vehicle in Motion""]","Following Too Close","[""Motor Vehicle in Motion"",""Motor Vehicle in Motion"",""Motor Vehicle in Motion""]"
0,0,"Gsp Post 00","2022-02-08","Trintiy Avneue and Washington Street","(C) Possible Injury / Complaint","Daylight","On Roadway - Roadway Intersection","Angle Crash","Washington Street","Dry","09:10:00","[""Lap and Shoulder Belt Used"",""Lap and Shoulder Belt Used""]","Clear",0,33.747807,-84.390194,"Atlanta","FULTON","[""Motor Vehicle in Motion"",""Motor Vehicle in Motion""]","Disregard Other Traffic Control","[""Impact Attenuate"",""Impact Attenuate""]"
0,0,"Atlanta Police Department","2022-02-08","Stratford Rd Ne and Peachtree Rd Ne","(O) No Injury","Dark-Lighted","On Roadway - Non-Intersection","Sideswipe-Same Direction","Peachtree Rd Ne","Dry","21:42:00","[""Unknown"",""Lap and Shoulder Belt Used""]","Clear",0,33.84865,-84.366291,"Atlanta","FULTON","[""Motor Vehicle in Motion"",""Motor Vehicle in Motion""]",,"Motor Vehicle in Motion"
0,0,"Atlanta Police Department","2022-02-08","None and Langford Pkwy","(C) Possible Injury / Complaint","Daylight","On Roadway - Non-Intersection","Angle Crash","Langford Pkwy","Dry","09:30:00","[""Lap and Shoulder Belt Used"",""Lap and Shoulder Belt Used""]","Clear",0,33.698978,-84.458491,"East Point","FULTON","[""Motor Vehicle in Motion"",""Motor Vehicle in Motion""]","Reckless Driving","[""Motor Vehicle in Motion"",""Motor Vehicle in Motion""]"
0,0,"Atlanta Police Department","2022-02-08","Cleveland Ave Sw and Metropolitan Pkwy Sw","(O) No Injury","Daylight","On Roadway - Non-Intersection","Sideswipe-Same Direction","Cleveland Ave Sw","Dry","11:45:00","[""Unknown"",""Unknown""]","Clear",0,33.681291,-84.407904,"Atlanta","FULTON","[""Motor Vehicle in Motion"",""Motor Vehicle in Motion""]","Changed Lanes Improperly","[""Motor Vehicle in Motion"",""Motor Vehicle in Motion""]"
0,1,"Atlanta Police Department","2022-02-08","Coca Cola Pl Se and Edgewood Ave Se","(B) Suspected Minor/Visible Injury","Dark-Lighted","On Roadway - Roadway Intersection","Rear End","Edgewood Ave Se","Dry","23:00:00","[""Lap and Shoulder Belt Used"",""Lap and Shoulder Belt Used""]","Clear",0,33.754443,-84.382102,"Atlanta","FULTON","[""Motor Vehicle in Motion"",""Motor Vehicle in Motion""]","[""Following Too Close"",""Under the Influence (U.I.)""]","[""Motor Vehicle in Motion"",""Motor Vehicle in Motion""]"
0,0,"Gsp Post 00","2022-02-08","I-20 East and Maynard Terrace","(O) No Injury","Daylight","On Roadway - Non-Intersection","Rear End","I-20 East","Dry","17:44:00","[""Lap and Shoulder Belt Used"",""Lap and Shoulder Belt Used""]","Clear",0,33.744718,-84.334228,"Atlanta","DEKALB","[""Motor Vehicle in Motion"",""Motor Vehicle in Motion""]","Following Too Close","[""Motor Vehicle in Motion"",""Motor Vehicle in Motion""]"
0,0,"Atlanta Police Department","2022-02-08","Exit 60A and Moreland Ave Se","(C) Possible Injury / Complaint","Daylight","On Roadway - Roadway Intersection","Sideswipe-Same Direction","Moreland Ave Se","Dry","16:40:00","[""Lap and Shoulder Belt Used"",""Lap and Shoulder Belt Used""]","Clear",0,33.744479,-84.349236,"Atlanta","FULTON","[""Motor Vehicle in Motion"",""Motor Vehicle in Motion""]",,"[""Motor Vehicle in Motion"",""Motor Vehicle in Motion""]"
0,0,"Atlanta Police Department","2022-02-08","Wall St Se and Central Ave Sw","(O) No Injury","Dark-Lighted","On Roadway - Roadway Intersection","Angle Crash","Wall St Se","Dry","19:00:00","[""Unknown"",""Unknown"",""Lap and Shoulder Belt Used""]","Clear",0,33.752594,-84.388307,"Atlanta","FULTON","[""Motor Vehicle in Motion"",""Motor Vehicle in Motion""]","Improper Turn","[""Motor Vehicle in Motion"",""Motor Vehicle in Motion""]"
0,0,"Atlanta Police Department","2022-02-08","Pine Meadow Rd Nw and Northside Pkwy Nw","(O) No Injury","Daylight","On Roadway - Non-Intersection","Not a Collision with Motor Vehicle","Northside Pkwy Nw","Dry","11:30:00","[""Lap and Shoulder Belt Used"",""Lap and Shoulder Belt Used"",""Lap and Shoulder Belt Used""]","Clear",0,33.843964,-84.424601,"Atlanta","FULTON","[""Motor Vehicle in Motion"",""Motor Vehicle in Motion""]",,"[""Motor Vehicle in Motion"",""Motor Vehicle in Motion""]"
0,0,"Gsp Post 00","2022-02-08","I-85S and Piedmont Rd","(O) No Injury","Daylight","On Roadway - Non-Intersection","Sideswipe-Same Direction","I-85S","Dry","11:30:00","[""Lap and Shoulder Belt Used"",""Lap and Shoulder Belt Used""]","Clear",0,33.814414,-84.365499,"Atlanta","FULTON","[""Motor Vehicle in Motion"",""Motor Vehicle in Motion""]","Changed Lanes Improperly","[""Motor Vehicle in Motion"",""Motor Vehicle in Motion""]"