"# Serious Injuries","# Visible Injuries","Agency Name (Crash Level) ","Date","Intersection Name (from Crash Report)","KABCO Severity","Light Conditions (Crash Level)","Location at Impact (Crash Level) ","Manner of Collision (Crash Level) ","Roadway (From Crash Report)","Surface Condition (Crash Level) ","Time","Safety Equipment (Crash Level) ","Weather Conditions (Crash Level)","# of Fatalities per Crash","Latitude","Longitude","Geolocated City","Geolocated County","First Harmful Event (Unit Order)","Operator/Pedestrian Contrib Factor (excl None, Other, No Contrib Factors)","Most Harmful Event (Crash Level)"
0,0,"Atlanta Police Department","2022-02-11","North Ave Ne and Peachtree St Ne","(C) Possible Injury / Complaint","Dark-Lighted","On Roadway - Roadway Intersection","Rear End","Peachtree St Ne","Dry","20:14:00","[""Unknown"",""Unknown"",""Unknown"",""Unknown""]","Clear",0,33.771185,-84.385007,"Atlanta","FULTON","[""Motor Vehicle in Motion"",""Motor Vehicle in Motion""]","Improper Backing","[""Motor Vehicle in Motion"",""Motor Vehicle in Motion""]"
0,0,"Atlanta Police Department","2022-02-11","North Ave Ne and Linwood Ave Ne","(O) No Injury","Dark-Not Lighted","On Roadway - Non-Intersection","Angle Crash","Linwood Ave Ne","Dry","19:30:00","[""None Used"",""None Used""]","Clear",0,33.771082,-84.357346,"Atlanta","FULTON","[""Motor Vehicle in Motion"",""Motor Vehicle in Motion""]",,"[""Motor Vehicle in Motion"",""Motor Vehicle in Motion""]"
0,0,"Atlanta Police Department","2022-02-11","Grant St Sw and Metropolitan Pkwy Sw","(O) No Injury","Daylight","On Roadway - Non-Intersection","Rear End","Metropolitan Pkwy Sw","Dry","12:00:00","Unknown","Clear",0,33.703012,-84.408076,"Atlanta","FULTON","[""Motor Vehicle in Motion"",""Motor Vehicle in Motion""]","[""Changed Lanes Improperly"",""Following Too Close""]","[""Motor Vehicle in Motion"",""Motor Vehicle in Motion""]"
0,0,"Atlanta Police Department","2022-02-11","North Ave Ne and Peachtree St Ne","(O) No Injury","Dark-Lighted","On Roadway - Roadway Intersection","Sideswipe-Opposite Direction","Peachtree St Ne","Dry","22:30:00","[""Lap and Shoulder Belt Used"",""Lap and Shoulder Belt Used""]","Clear",0,33.771286,-84.384966,"Atlanta","FULTON","[""Motor Vehicle in Motion"",""Motor Vehicle in Motion""]","Misjudged Clearance","[""Motor Vehicle in Motion"",""Motor Vehicle in Motion""]"
0,0,"Atlanta Police Department","2022-02-11","Bolling Way and Peachtree Rd Ne","(O) No Injury","Daylight","On Roadway - Roadway Intersection","Angle","Peachtree Rd Ne","Dry","10:30:00","[""Unknown"",""Unknown""]","Clear",0,33.837613,-84.381175,"Atlanta","FULTON","[""Motor Vehicle in Motion"",""Motor Vehicle in Motion""]","Disregard Other Traffic Control","[""Motor Vehicle in Motion"",""Motor Vehicle in Motion""]"
0,0,"Atlanta Police Department","2022-02-11","Altaview Dr Se and Springside Dr Se","(O) No Injury","Daylight","On Roadway - Non-Intersection","Angle Crash","Springside Dr Se","Dry","10:00:00","[""Unknown"",""Unknown"",""Unknown"",""Unknown""]","Clear",0,33.676191,-84.383042,"Atlanta","FULTON","[""Motor Vehicle in Motion"",""Parked Motor Vehicle""]","Misjudged Clearance","[""Motor Vehicle in Motion"",""Parked Motor Vehicle""]"
0,0,"Atlanta Police Department","2022-02-11","Oak St Sw and W Whitehall St Sw","(O) No Injury","Daylight","Off Roadway","Not a Collision with Motor Vehicle","W Whitehall St Sw","Dry","11:30:00","Unknown","Clear",0,33.740613,-84.412081,"Atlanta","FULTON","Utility Pole","Driver Lost Control","Utility Pole"
0,0,"Gsp Post 00","2022-02-11","Euclid Avenue and Moreland Avenue","(O) No Injury","Dawn","On Roadway - Non-Intersection","Angle Crash","Euclid Avenue","Dry","23:40:00","[""None Used"",""Lap and Shoulder Belt Used""]","Clear",0,33.764926,-84.349821,"Atlanta","FULTON","[""Motor Vehicle in Motion"",""Motor Vehicle in Motion""]","[""Disregard Police - Evasion"",""Reckless Driving"",""Exceeding Speed Limit""]","[""Motor Vehicle in Motion"",""Motor Vehicle in Motion""]"
0,0,"Gsp Post 00","2022-02-11","Armour Drive and Georgia 13 Southbound","(O) No Injury","Daylight","On Roadway - Non-Intersection","Rear End","Georgia 13 Southbound","Dry","18:30:00","[""Lap and Shoulder Belt Used"",""Lap and Shoulder Belt Used""]","Clear",0,33.807812,-84.377347,"Atlanta","FULTON","[""Motor Vehicle in Motion"",""Motor Vehicle in Motion""]","Following Too Close","[""Motor Vehicle in Motion"",""Motor Vehicle in Motion""]"
0,0,"Gsp Post 00","2022-02-11","I-85 South and Cheshire Bridge Rd","(O) No Injury","Daylight","On Roadway - Non-Intersection","Rear End","I-85 South","Dry","08:02:00","[""Lap and Shoulder Belt Used"",""Lap and Shoulder Belt Used""]","Clear",0,33.823324,-84.355434,"Atlanta","FULTON","[""Motor Vehicle in Motion"",""Motor Vehicle in Motion""]","Following Too Close","[""Motor Vehicle in Motion"",""Motor Vehicle in Motion""]"
0,0,"Gsp Post 00","2022-02-11","Ga 166 Overpass and I-7585 Southbound","(C) Possible Injury / Complaint","Daylight","On Roadway - Non-Intersection","Angle Crash","I-7585 Southbound","Dry","12:17:00","[""Unknown"",""Lap and Shoulder Belt Used"",""Lap and Shoulder Belt Used"",""Lap and Shoulder Belt Used"",""Lap and Shoulder Belt Used"",""Lap and Shoulder Belt Used"",""Lap and Shoulder Belt Used"",""Lap and Shoulder Belt Used"",""Booster Seat (Properly Used)"",""Lap and Shoulder Belt Used""]","Clear",0,33.696679,-84.405101,"Atlanta","FULTON","[""Motor Vehicle in Motion"",""Motor Vehicle in Motion"",""Motor Vehicle in Motion"",""Motor Vehicle in Motion"",""Motor Vehicle in Motion"",""Motor Vehicle in Motion""]","Changed Lanes Improperly","[""Motor Vehicle in Motion"",""Motor Vehicle in Motion"",""Motor Vehicle in Motion"",""Motor Vehicle in Motion"",""Motor Vehicle in Motion"",""Motor Vehicle in Motion""]"
0,0,"Emory Police Department","2022-02-11","Clifton Rd and Fishburne Dr","(O) No Injury","Daylight","On Roadway - Non-Intersection","Rear End","Clifton Rd","Dry","00:00:00","[""Unknown"",""Unknown""]","Clear",0,33.790554,-84.320939,"Atlanta","DEKALB","[""Motor Vehicle in Motion"",""Motor Vehicle in Motion""]","Other Exterior Distraction (Distracted)","[""Motor Vehicle in Motion"",""Motor Vehicle in Motion""]"
0,0,"Gsp Post 00","2022-02-11","I-85 N and Peachtree Road","(O) No Injury","Dusk","On Roadway - Non-Intersection","Sideswipe-Same Direction","I-85 N","Dry","17:33:00","[""Lap and Shoulder Belt Used"",""Lap and Shoulder Belt Used""]","Clear",0,33.804177,-84.383781,"Atlanta","FULTON","[""Motor Vehicle in Motion"",""Motor Vehicle in Motion""]","Following Too Close","[""Motor Vehicle in Motion"",""Motor Vehicle in Motion""]"
0,0,"Atlanta Police Department","2022-02-11","Wood St Nw and Donald Lee Hollowell Pkwy Nw","(O) No Injury","Dark-Lighted","On Roadway - Non-Intersection","Sideswipe-Same Direction","Donald Lee Hollowell Pkwy Nw","Dry","21:08:00","[""Unknown"",""Unknown""]","Clear",0,33.776564,-84.457579,"Atlanta","FULTON","[""Motor Vehicle in Motion"",""Motor Vehicle in Motion""]",,"[""Motor Vehicle in Motion"",""Motor Vehicle in Motion""]"
0,0,"Atlanta Police Department","2022-02-11","Fulton Industrial Blvd Nw and Donald Lee Hollowell Pkwy Nw","(O) No Injury","Daylight","On Roadway - Roadway Intersection","Rear End","Donald Lee Hollowell Pkwy Nw","Dry","16:03:00","[""Lap and Shoulder Belt Used"",""Lap and Shoulder Belt Used""]","Clear",0,33.7896,-84.495937,"Atlanta","FULTON","[""Motor Vehicle in Motion"",""Motor Vehicle in Motion""]","Following Too Close","[""Motor Vehicle in Motion"",""Motor Vehicle in Motion""]"
0,0,"Atlanta Police Department","2022-02-11","North Ave Nw and Northside Dr Nw","(O) No Injury","Daylight","On Roadway - Roadway Intersection","Angle Crash","Northside Dr Nw","Dry","11:30:00","[""Unknown"",""Unknown""]","Clear",0,33.770004,-84.404676,"Atlanta","FULTON","[""Motor Vehicle in Motion"",""Motor Vehicle in Motion""]","Improper Turn","[""Motor Vehicle in Motion"",""Motor Vehicle in Motion""]"
0,0,"Gsp Post 00","2022-02-11","14Th Street and Interstate 7585 Northbound","(C) Possible Injury / Complaint","Daylight","On Roadway - Non-Intersection","Rear End","Interstate 7585 Northbound","Dry","15:40:00","[""Lap and Shoulder Belt Used"",""Lap and Shoulder Belt Used""]","Clear",0,33.785945,-84.390825,"Atlanta","FULTON","[""Motor Vehicle in Motion"",""Motor Vehicle in Motion""]","Following Too Close","[""Motor Vehicle in Motion"",""Motor Vehicle in Motion""]"
0,0,"Atlanta Police Department","2022-02-11","Brannen Rd Se and Fayetteville Rd Se","(O) No Injury","Dark-Lighted","On Roadway - Roadway Intersection","Sideswipe-Opposite Direction","Fayetteville Rd Se","Dry","18:55:00","[""Unknown"",""Lap and Shoulder Belt Used""]","Clear",0,33.719359,-84.330076,"Atlanta","DEKALB","[""Motor Vehicle in Motion"",""Motor Vehicle in Motion""]","Changed Lanes Improperly","Motor Vehicle in Motion"
0,0,"Atlanta Police Department","2022-02-11","16Th St Ne and Peachtree St Ne","(O) No Injury","Daylight","On Roadway - Railroad Crossing","Rear End","16Th St Ne","Dry","09:52:00","[""Lap and Shoulder Belt Used"",""Lap and Shoulder Belt Used""]","Clear",0,33.790746,-84.385019,"Atlanta","FULTON","[""Motor Vehicle in Motion"",""Motor Vehicle in Motion""]","Improper Backing","[""Motor Vehicle in Motion"",""Motor Vehicle in Motion""]"
0,0,"Gsp Post 00","2022-02-11","I-7585 North and Edgewood Avenue","(O) No Injury","Daylight","On Roadway - Non-Intersection","Rear End","I-7585 North","Dry","14:45:00","[""Lap and Shoulder Belt Used"",""Lap and Shoulder Belt Used"",""Lap and Shoulder Belt Used""]","Clear",0,33.751277,-84.379493,"Atlanta","FULTON","[""Motor Vehicle in Motion"",""Motor Vehicle in Motion""]","Following Too Close","[""Motor Vehicle in Motion"",""Motor Vehicle in Motion""]"
0,0,"Atlanta Police Department","2022-02-11","Lee St Sw and Beecher St Sw","(O) No Injury","Daylight","On Roadway - Non-Intersection","Rear End","Lee St Sw","Dry","09:15:00","[""Unknown"",""Unknown""]","Clear",0,33.733347,-84.41414,"Atlanta","FULTON","[""Motor Vehicle in Motion"",""Motor Vehicle in Motion""]","Following Too Close","[""Motor Vehicle in Motion"",""Motor Vehicle in Motion""]"
0,0,"Atlanta Police Department","2022-02-11","7Th St Ne and Juniper St Ne","(O) No Injury","Dark-Lighted","On Roadway - Non-Intersection","Sideswipe-Same Direction","Juniper St Ne","Dry","18:13:00","[""Unknown"",""Unknown""]","Clear",0,33.778344,-84.382744,"Atlanta","FULTON","[""Motor Vehicle in Motion"",""Motor Vehicle in Motion""]","[""Changed Lanes Improperly"",""Other Activity - Mobile Device (Distracted)""]","[""Motor Vehicle in Motion"",""Motor Vehicle in Motion""]"
0,0,"Atlanta Police Department","2022-02-11","None and I-285","(O) No Injury","Dark-Lighted","On Roadway - Non-Intersection","Sideswipe-Same Direction","I-285","Dry","23:00:00","[""Unknown"",""Lap and Shoulder Belt Used""]","Clear",0,33.749799,-84.496892,"Atlanta","FULTON","[""Motor Vehicle in Motion"",""Motor Vehicle in Motion""]","Changed Lanes Improperly","[""Motor Vehicle in Motion"",""Motor Vehicle in Motion""]"
0,0,"Atlanta Police Department","2022-02-11","Brook Ave Nw and Hollywood Rd Nw","(O) No Injury","Daylight","On Roadway - Non-Intersection","Rear End","Brook Ave Nw","Dry","14:05:00","[""Unknown"",""Unknown""]","Clear",0,33.785207,-84.46126,"Atlanta","FULTON","[""Motor Vehicle in Motion"",""Motor Vehicle in Motion""]","Following Too Close","[""Motor Vehicle in Motion"",""Motor Vehicle in Motion""]"
0,0,"Gsp Post 00","2022-02-11","I-7585 Northbound and Memorial Drive // Capitol Aven","(C) Possible Injury / Complaint","Daylight","On Roadway - Non-Intersection","Rear End","I-7585 Northbound","Dry","16:40:00","[""Lap and Shoulder Belt Used"",""Lap and Shoulder Belt Used"",""Lap and Shoulder Belt Used""]","Clear",0,33.745605,-84.389051,"Atlanta","FULTON","[""Motor Vehicle in Motion"",""Motor Vehicle in Motion""]","[""Following Too Close"",""Inattentive or Other Distraction (Distracted)""]","[""Motor Vehicle in Motion"",""Motor Vehicle in Motion""]"
0,1,"Gsp Post 00","2022-02-11","Euclid Ave Ne and Moreland Ave Ne","(B) Suspected Minor/Visible Injury","Dark-Lighted","On Roadway - Non-Intersection","Angle Crash","Euclid Ave Ne","Dry","23:40:00","None Used","Clear",0,33.764955,-84.349224,"Atlanta","FULTON","[""Parked Motor Vehicle"",""Motor Vehicle in Motion"",""Parked Motor Vehicle""]","[""Disregard Police - Evasion"",""Reckless Driving""]","[""Parked Motor Vehicle"",""Motor Vehicle in Motion"",""Parked Motor Vehicle""]"
0,0,"Gsp Post 00","2022-02-11","I-285 Nb and Cascade Road","(O) No Injury","Daylight","On Roadway - Non-Intersection","Not a Collision with Motor Vehicle","I-285 Nb","Dry","14:18:00","Lap and Shoulder Belt Used","Clear",0,33.723014,-84.502567,"South Fulton","FULTON","Other Object (Not Fixed)",,"Impact Attenuate"
0,0,"Atlanta Police Department","2022-02-11","Flowers Pl Nw and Mayson Turner Rd Nw","(O) No Injury","Daylight","On Roadway - Non-Intersection","Head On","Mayson Turner Rd Nw","Dry","13:45:00","[""Lap and Shoulder Belt Used"",""Lap and Shoulder Belt Used"",""Lap and Shoulder Belt Used"",""Lap and Shoulder Belt Used"",""Lap and Shoulder Belt Used"",""Lap and Shoulder Belt Used""]","Clear",0,33.762007,-84.42181,"Atlanta","FULTON","[""Motor Vehicle in Motion"",""Motor Vehicle in Motion""]",,"[""Motor Vehicle in Motion"",""Motor Vehicle in Motion""]"
0,0,"Atlanta Police Department","2022-02-11","Langford Pkwy and Metropolitan Pkwy Sw","(O) No Injury","Daylight","Off Roadway - Sidewalk","Not a Collision with Motor Vehicle","Metropolitan Pkwy Sw","Dry","11:20:00","[""Unknown"",""Unknown"",""Unknown""]","Clear",0,33.696614,-84.408122,"Atlanta","FULTON","Bridge Overhead Structure","Driver Lost Control","Bridge Overhead Structure"
0,0,"Atlanta Police Department","2022-02-11","Monroe Dr Ne and Ansley Forest Dr","(O) No Injury","Daylight","On Roadway - Driveway Intersection","Angle Crash","Monroe Dr Ne","Dry","12:30:00","[""Unknown"",""Lap and Shoulder Belt Used""]","Clear",0,33.799816,-84.371106,"Atlanta","FULTON","[""Motor Vehicle in Motion"",""Motor Vehicle in Motion""]","Failure to Yield","[""Motor Vehicle in Motion"",""Motor Vehicle in Motion""]"
0,0,"Atlanta Police Department","2022-02-11","Commodore Dr Nw and Donald Lee Hollowell Pkwy Nw","(C) Possible Injury / Complaint","Daylight","On Roadway - Roadway Intersection","Rear End","Donald Lee Hollowell Pkwy Nw","Dry","16:38:00","[""Lap and Shoulder Belt Used"",""Lap and Shoulder Belt Used"",""Child Restraint System (Properly Used)""]","Clear",0,33.776716,-84.458932,"Atlanta","FULTON","[""Motor Vehicle in Motion"",""Motor Vehicle in Motion""]","Following Too Close","[""Motor Vehicle in Motion"",""Motor Vehicle in Motion""]"
0,0,"Atlanta Police Department","2022-02-11","Peachtree Rd Ne and Peachtree Battle Ave Nw","(O) No Injury","Daylight","On Roadway - Non-Intersection","Sideswipe-Same Direction","Peachtree Rd Ne","Dry","17:00:00","[""Lap and Shoulder Belt Used"",""Lap and Shoulder Belt Used""]","Clear",0,33.819206,-84.388618,"Atlanta","FULTON","[""Motor Vehicle in Motion"",""Motor Vehicle in Motion""]","Changed Lanes Improperly","[""Motor Vehicle in Motion"",""Motor Vehicle in Motion""]"
0,0,"Atlanta Police Department","2022-02-11","None and Ga-13","(O) No Injury","Dark-Lighted","Off Roadway","Not a Collision with Motor Vehicle","Ga-13","Dry","03:11:00","Lap and Shoulder Belt Used","Clear",0,33.807809,-84.377161,"Atlanta","FULTON","Guard Rail Face","Driver Lost Control","Guard Rail Fence"
0,0,"Atlanta Police Department","2022-02-11","Macon Dr Se and Lakewood Ave Sw","(C) Possible Injury / Complaint","Daylight","On Roadway - Roadway Intersection","Angle Crash","Macon Dr Se","Dry","16:53:00","[""Lap and Shoulder Belt Used"",""Lap and Shoulder Belt Used"",""Lap and Shoulder Belt Used"",""Lap and Shoulder Belt Used""]","Clear",0,33.699357,-84.392054,"Atlanta","FULTON","[""Motor Vehicle in Motion"",""Motor Vehicle in Motion""]","[""Failure to Yield"",""Misjudged Clearance""]","[""Motor Vehicle in Motion"",""Motor Vehicle in Motion""]"
0,0,"Atlanta Police Department","2022-02-11","Cone St Nw and Carnegie Way Nw","(O) No Injury","Dark-Lighted","On Roadway - Roadway Intersection","Sideswipe-Same Direction","Cone St Nw","Dry","23:30:00","[""Unknown"",""Unknown""]","Clear",0,33.758729,-84.388893,"Atlanta","FULTON","[""Motor Vehicle in Motion"",""Motor Vehicle in Motion""]","Failure to Yield","[""Motor Vehicle in Motion"",""Motor Vehicle in Motion""]"
0,0,"Atlanta Police Department","2022-02-11","Peachtree St Sw and Martin Luther King Jr Dr Sw","(O) No Injury","Daylight","On Roadway - Roadway Intersection","Sideswipe-Same Direction","Martin Luther King Jr Dr Sw","Dry","20:10:00","[""Unknown"",""Unknown""]","Clear",0,33.752014,-84.392045,"Atlanta","FULTON","[""Motor Vehicle in Motion"",""Motor Vehicle in Motion""]","Improper Turn","[""Motor Vehicle in Motion"",""Motor Vehicle in Motion""]"
0,0,"Atlanta Police Department","2022-02-11","None and Langford Pkwy Exit 5A Rp","(O) No Injury","Daylight","On Roadway - Non-Intersection","Not a Collision with Motor Vehicle","Langford Pkwy Exit 5A Rp","Dry","11:30:00","Unknown","Clear",0,33.690034,-84.496712,"Atlanta","FULTON","Motor Vehicle in Motion",,"Motor Vehicle in Motion"
0,0,"Gsp Post 00","2022-02-11","Mm10 and Interstate 285 Sb","(O) No Injury","Daylight","On Roadway - Non-Intersection","Rear End","Interstate 285 Sb","Dry","13:35:00","[""Unknown"",""Lap and Shoulder Belt Used""]","Clear",0,33.771255,-84.495808,"Atlanta","FULTON","[""Motor Vehicle in Motion"",""Motor Vehicle in Motion""]","Following Too Close","[""Motor Vehicle in Motion"",""Motor Vehicle in Motion""]"
0,0,"Atlanta Police Department","2022-02-11","None and Huber St Nw","(C) Possible Injury / Complaint","Daylight","On Roadway - Roadway Intersection","Angle Crash","Huber St Nw","Dry","11:30:00","[""Lap and Shoulder Belt Used"",""Lap and Shoulder Belt Used"",""Lap and Shoulder Belt Used"",""Lap and Shoulder Belt Used""]","Clear",0,33.800418,-84.424497,"Atlanta","FULTON","[""Other Object (Not Fixed)"",""Other Object (Not Fixed)""]","Following Too Close","[""Other Object (Not Fixed)"",""Other Object (Not Fixed)""]"
0,0,"Atlanta Police Department","2022-02-11","Mitchell St Sw and Northside Dr Sw","(C) Possible Injury / Complaint","Daylight","On Roadway - Roadway Intersection","Angle Crash","Mitchell St Sw","Dry","14:20:00","[""Unknown"",""Unknown"",""Unknown""]","Clear",0,33.753874,-84.402811,"Atlanta","FULTON","[""Motor Vehicle in Motion"",""Motor Vehicle in Motion""]","Failure to Yield","[""Motor Vehicle in Motion"",""Motor Vehicle in Motion""]"
0,1,"Gsp Post 00","2022-02-11","10Th St and I-75I-85Sb","(B) Suspected Minor/Visible Injury","Daylight","On Roadway - Non-Intersection","Rear End","I-75I-85Sb","Dry","10:10:00","[""Lap and Shoulder Belt Used"",""Lap and Shoulder Belt Used"",""Lap and Shoulder Belt Used""]","Clear",0,33.780079,-84.391216,"Atlanta","FULTON","[""Motor Vehicle in Motion"",""Motor Vehicle in Motion"",""Motor Vehicle in Motion""]","Following Too Close","[""Motor Vehicle in Motion"",""Motor Vehicle in Motion"",""Motor Vehicle in Motion""]"
0,0,"Gsp Post 00","2022-02-11","I-7585 Northbound and Courtland Street Overpaass","(O) No Injury","Dark-Lighted","On Roadway - Non-Intersection","Rear End","I-7585 Northbound","Dry","19:02:00","[""Lap and Shoulder Belt Used"",""Lap and Shoulder Belt Used""]","Clear",0,33.782912,-84.391223,"Atlanta","FULTON","[""Motor Vehicle in Motion"",""Motor Vehicle in Motion""]","Following Too Close","[""Motor Vehicle in Motion"",""Motor Vehicle in Motion""]"
0,0,"Gsp Post 00","2022-02-11","I-285 Nb and Donald Lee Hollowell Pkwy","(C) Possible Injury / Complaint","Daylight","On Roadway - Non-Intersection","Rear End","I-285 Nb","Dry","17:30:00","[""Lap and Shoulder Belt Used"",""Lap and Shoulder Belt Used""]","Clear",0,33.790997,-84.489519,"Atlanta","FULTON","[""Motor Vehicle in Motion"",""Motor Vehicle in Motion""]","Following Too Close","[""Motor Vehicle in Motion"",""Motor Vehicle in Motion""]"
0,0,"Gsp Post 00","2022-02-11","Ga-400 and I-85 South","(O) No Injury","Daylight","On Roadway - Non-Intersection","Sideswipe-Same Direction","I-85 South","Dry","09:58:00","[""Unknown"",""Lap and Shoulder Belt Used""]","Clear",0,33.814145,-84.36587,"Atlanta","FULTON","[""Motor Vehicle in Motion"",""Motor Vehicle in Motion""]","Changed Lanes Improperly","[""Motor Vehicle in Motion"",""Median Barrier""]"
0,0,"Atlanta Police Department","2022-02-11","None and I-75","(O) No Injury","Dark-Lighted","On Roadway - Non-Intersection","Rear End","I-75","Dry","20:51:00","[""Unknown"",""Unknown""]","Clear",0,33.770471,-84.39009,"Atlanta","FULTON","[""Motor Vehicle in Motion"",""Motor Vehicle in Motion""]","Following Too Close","[""Motor Vehicle in Motion"",""Motor Vehicle in Motion""]"
0,0,"Atlanta Police Department","2022-02-11","Peachtree St Ne and Peachtree Center Ave Ne","(O) No Injury","Daylight","On Roadway - Roadway Intersection","Angle Crash","Peachtree Center Ave Ne","Dry","11:30:00","[""Lap and Shoulder Belt Used"",""Lap and Shoulder Belt Used""]","Clear",0,33.76409,-84.385967,"Atlanta","FULTON","[""Motor Vehicle in Motion"",""Motor Vehicle in Motion""]","Changed Lanes Improperly","[""Motor Vehicle in Motion"",""Motor Vehicle in Motion""]"
0,0,"Gsp Post 00","2022-02-11","I-7585 S and 10Th Street","(O) No Injury","Daylight","On Roadway - Non-Intersection","Sideswipe-Same Direction","I-7585 S","Dry","14:17:00","[""Lap and Shoulder Belt Used"",""Lap and Shoulder Belt Used""]","Clear",0,33.778626,-84.391214,"Atlanta","FULTON","[""Motor Vehicle in Motion"",""Motor Vehicle in Motion""]",,"[""Motor Vehicle in Motion"",""Motor Vehicle in Motion""]"
0,0,"Gsp Post 00","2022-02-11","Sidney Marcus Blvd and Georgia 400 Northbound","(O) No Injury","Daylight","On Roadway - Non-Intersection","Rear End","Georgia 400 Northbound","Dry","14:30:00","[""Lap and Shoulder Belt Used"",""Lap and Shoulder Belt Used""]","Clear",0,33.831968,-84.359829,"Atlanta","FULTON","[""Motor Vehicle in Motion"",""Motor Vehicle in Motion""]","Following Too Close","[""Motor Vehicle in Motion"",""Motor Vehicle in Motion""]"
0,0,"Gsp Post 00","2022-02-11","7585 North and Langford Pkwy","(O) No Injury","Dark-Lighted","On Roadway - Non-Intersection","Sideswipe-Same Direction","7585 North","Dry","06:25:00","[""Lap and Shoulder Belt Used"",""Lap and Shoulder Belt Used""]","Clear",0,33.700494,-84.40397,"Atlanta","FULTON","[""Motor Vehicle in Motion"",""Motor Vehicle in Motion""]","Changed Lanes Improperly","[""Motor Vehicle in Motion"",""Motor Vehicle in Motion""]"
0,0,"Gsp Post 00","2022-02-11","I-7585 Nb and Andrew Young International Bou","(O) No Injury","Daylight","On Roadway - Non-Intersection","Sideswipe-Same Direction","I-7585 Nb","Dry","17:17:00","[""Lap and Shoulder Belt Used"",""Lap and Shoulder Belt Used""]","Clear",0,33.758413,-84.378496,"Atlanta","FULTON","[""Motor Vehicle in Motion"",""Motor Vehicle in Motion""]","Changed Lanes Improperly","[""Motor Vehicle in Motion"",""Motor Vehicle in Motion""]"
0,0,"Atlanta Police Department","2022-02-11","Travis St Nw and Northside Dr Nw","Unknown","Dark-Lighted","Off Roadway - Sidewalk","Not a Collision with Motor Vehicle","Travis St Nw","Dry","23:15:00","Unknown","Clear",0,33.772556,-84.408278,"Atlanta","FULTON","Utility Pole",,"Utility Pole"
0,0,"Atlanta Police Department","2022-02-11","Ollie St Nw and Mayson Turner Rd Nw","(O) No Injury","Daylight","On Roadway - Roadway Intersection","Angle Crash","Mayson Turner Rd Nw","Dry","08:34:00","Lap and Shoulder Belt Used","Clear",0,33.762129,-84.422217,"Atlanta","FULTON","[""Motor Vehicle in Motion"",""Motor Vehicle in Motion""]","Changed Lanes Improperly","[""Motor Vehicle in Motion"",""Motor Vehicle in Motion""]"
0,0,"Gsp Post 00","2022-02-11","Francis Place and D.L. Hollowell Pkwy","(O) No Injury","Daylight","Off Roadway","Not a Collision with Motor Vehicle","Francis Place","Dry","21:26:00","None Used","Clear",0,33.750701,-84.445646,"Atlanta","FULTON","Other - Fixed Object","Disregard Police - Evasion",
0,0,"Atlanta Police Department","2022-02-11","New Jersey Ave Nw and Joseph E Boone Blvd Nw","(C) Possible Injury / Complaint","Dark-Lighted","On Roadway - Non-Intersection","Rear End","Joseph E Boone Blvd Nw","Dry","18:00:00","[""Lap and Shoulder Belt Used"",""Lap and Shoulder Belt Used"",""None Used"",""None Used"",""None Used"",""None Used"",""None Used""]","Clear",0,33.763633,-84.456188,"Atlanta","FULTON","[""Motor Vehicle in Motion"",""Motor Vehicle in Motion""]",,"[""Motor Vehicle in Motion"",""Motor Vehicle in Motion""]"
0,0,"Gsp Post 00","2022-02-11","I-75Nb and Mt.Paran Rd","(O) No Injury","Daylight","On Roadway - Non-Intersection","Sideswipe-Same Direction","I-75Nb","Dry","13:50:00","[""Lap and Shoulder Belt Used"",""Lap and Shoulder Belt Used"",""Lap and Shoulder Belt Used"",""Lap and Shoulder Belt Used""]","Clear",0,33.864884,-84.439655,"Atlanta","FULTON","[""Motor Vehicle in Motion"",""Motor Vehicle in Motion""]","Changed Lanes Improperly","[""Motor Vehicle in Motion"",""Motor Vehicle in Motion""]"
0,0,"Atlanta Police Department","2022-02-11","Cornelia St Se and Edgewood Ave Ne","(O) No Injury","Daylight","On Roadway - Driveway Intersection","Angle Crash","Edgewood Ave Ne","Dry","15:30:00","[""None Used"",""None Used""]","Clear",0,33.754287,-84.367516,"Atlanta","FULTON","[""Motor Vehicle in Motion"",""Motor Vehicle in Motion""]",,"[""Motor Vehicle in Motion"",""Motor Vehicle in Motion""]"
0,0,"Atlanta Police Department","2022-02-11","W Shadowlawn Ave Ne and E Shadowlawn Ave Ne","(O) No Injury","Daylight","On Roadway - Non-Intersection","Sideswipe-Same Direction","E Shadowlawn Ave Ne","Dry","09:41:00","Lap and Shoulder Belt Used","Clear",0,33.840433,-84.374104,"Atlanta","FULTON","[""Motor Vehicle in Motion"",""Parked Motor Vehicle""]","Misjudged Clearance","[""Motor Vehicle in Motion"",""Parked Motor Vehicle""]"
0,0,"Atlanta Police Department","2022-02-11","Lenox Rd Ne and Kingsboro Rd Ne","(O) No Injury","Daylight","Off Roadway","Angle Crash","Lenox Rd Ne","Dry","15:16:00","[""Lap and Shoulder Belt Used"",""Shoulder Belt Only Used""]","Clear",0,33.848282,-84.360404,"Atlanta","FULTON","[""Impact Attenuate"",""Impact Attenuate""]","Failure to Yield","[""Impact Attenuate"",""Impact Attenuate""]"