"# Serious Injuries","# Visible Injuries","Agency Name (Crash Level) ","Date","Intersection Name (from Crash Report)","KABCO Severity","Light Conditions (Crash Level)","Location at Impact (Crash Level) ","Manner of Collision (Crash Level) ","Roadway (From Crash Report)","Surface Condition (Crash Level) ","Time","Safety Equipment (Crash Level) ","Weather Conditions (Crash Level)","# of Fatalities per Crash","Latitude","Longitude","Geolocated City","Geolocated County","First Harmful Event (Unit Order)","Operator/Pedestrian Contrib Factor (excl None, Other, No Contrib Factors)","Most Harmful Event (Crash Level)"
0,0,"Gsp Post 00","2022-02-18","I-20 and I-285 North","(C) Possible Injury / Complaint","Daylight","On Roadway - Non-Intersection","Rear End","I-285 North","Dry","16:11:00","[""Lap and Shoulder Belt Used"",""Lap and Shoulder Belt Used""]","Clear",0,33.762003,-84.492664,"Atlanta","FULTON","[""Motor Vehicle in Motion"",""Motor Vehicle in Motion""]","Following Too Close","[""Motor Vehicle in Motion"",""Motor Vehicle in Motion""]"
0,0,"Atlanta Police Department","2022-02-18","Clifton Rd Ne and Dekalb Ave Ne","(O) No Injury","Dark-Not Lighted","On Roadway - Roadway Intersection","Sideswipe-Same Direction","Dekalb Ave Ne","Dry","20:30:00","[""None Used"",""None Used""]","Clear",0,33.762143,-84.332976,"Atlanta","DEKALB","[""Motor Vehicle in Motion"",""Motor Vehicle in Motion""]",,"[""Motor Vehicle in Motion"",""Motor Vehicle in Motion""]"
0,0,"Atlanta Police Department","2022-02-18","I-20 and Exit 51A","(O) No Injury","Dark-Not Lighted","Off Roadway","Sideswipe-Same Direction","I-20","Water (standing or moving)","00:30:00","[""Unknown"",""Unknown"",""Lap and Shoulder Belt Used"",""Lap and Shoulder Belt Used"",""Lap and Shoulder Belt Used""]","Severe Thunderstorm or Tornadic",0,33.766186,-84.497494,"Atlanta","FULTON","[""Other - Fixed Object"",""Motor Vehicle in Motion"",""Motor Vehicle in Motion""]","[""Driver Lost Control"",""Vision Obscured""]","[""Median Barrier"",""Motor Vehicle in Motion"",""Motor Vehicle in Motion""]"
0,0,"Atlanta Police Department","2022-02-18","None and Jonesboro Rd Se","(C) Possible Injury / Complaint","Daylight","On Roadway - Non-Intersection","Angle Crash","Jonesboro Rd Se","Dry","10:20:00","[""Unknown"",""Unknown"",""Unknown""]","Clear",0,33.651078,-84.366749,"Atlanta","FULTON","[""Motor Vehicle in Motion"",""Motor Vehicle in Motion""]","Failure to Yield","[""Motor Vehicle in Motion"",""Motor Vehicle in Motion""]"
0,0,"Gsp Post 00","2022-02-18","I-20 East and Windsor Street Exit Ramp","(C) Possible Injury / Complaint","Daylight","On Roadway - Non-Intersection","Sideswipe-Same Direction","I-20 East","Dry","19:15:00","[""Lap and Shoulder Belt Used"",""Lap and Shoulder Belt Used""]","Clear",0,33.742918,-84.402896,"Atlanta","FULTON","[""Motor Vehicle in Motion"",""Motor Vehicle in Motion""]","Changed Lanes Improperly","[""Motor Vehicle in Motion"",""Motor Vehicle in Motion""]"
0,0,"Atlanta Police Department","2022-02-18","None and Lake Forrest Ln Ne","(O) No Injury","Dark-Lighted","On Roadway - Non-Intersection","Angle Crash","Lake Forrest Ln Ne","Dry","19:07:00","Unknown","Clear",0,33.874977,-84.383992,"Atlanta","FULTON","[""Motor Vehicle in Motion"",""Motor Vehicle in Motion""]","Improper Backing","[""Motor Vehicle in Motion"",""Motor Vehicle in Motion""]"
0,0,"Atlanta Police Department","2022-02-18","Sylvan Rd Sw and Lakewood Ave","(C) Possible Injury / Complaint","Dark-Lighted","On Roadway - Roadway Intersection","Angle Crash","Lakewood Ave","Dry","21:47:00","[""Bicycle Helmet"",""Bicycle Helmet"",""Lap and Shoulder Belt Used"",""Lap and Shoulder Belt Used""]","Clear",0,33.697254,-84.418306,"Atlanta","FULTON","[""Motor Vehicle in Motion"",""Motor Vehicle in Motion"",""Motor Vehicle in Motion""]","[""Failure to Yield"",""Misjudged Clearance""]","[""Motor Vehicle in Motion"",""Motor Vehicle in Motion"",""Motor Vehicle in Motion""]"
0,0,"Gsp Post 00","2022-02-18","I-20 East and Moreland Avenue","(O) No Injury","Dark-Lighted","On Roadway - Non-Intersection","Rear End","I-20 East","Dry","18:51:00","[""Lap and Shoulder Belt Used"",""Lap and Shoulder Belt Used"",""Lap and Shoulder Belt Used""]","Clear",0,33.744045,-84.354843,"Atlanta","FULTON","[""Motor Vehicle in Motion"",""Motor Vehicle in Motion""]","Following Too Close","[""Motor Vehicle in Motion"",""Motor Vehicle in Motion""]"
0,0,"Atlanta Police Department","2022-02-18","Decatur St Se and Jesse Hill Jr Dr Se","(O) No Injury","Daylight","On Roadway - Non-Intersection","Sideswipe-Same Direction","Jesse Hill Jr Dr Se","Dry","13:39:00","[""Unknown"",""Unknown"",""Unknown""]","Clear",0,33.751114,-84.38372,"Atlanta","FULTON","[""Motor Vehicle in Motion"",""Motor Vehicle in Motion""]","Improper Turn","[""Motor Vehicle in Motion"",""Motor Vehicle in Motion""]"
0,0,"Atlanta Police Department","2022-02-18","Cascade Rd Sw and Fontaine Ave Sw","(O) No Injury","Daylight","Off Roadway - Sidewalk","Not a Collision with Motor Vehicle","Fontaine Ave Sw","Dry","11:55:00","Lap and Shoulder Belt Used","Cloudy",0,33.722561,-84.462722,"Atlanta","FULTON","Other Non-Collision","Driver Lost Control","Fence"
0,0,"Gsp Post 00","2022-02-18","I-285 and I-20 East","(O) No Injury","Daylight","On Roadway - Non-Intersection","Rear End","I-20 East","Dry","13:34:00","[""Lap and Shoulder Belt Used"",""Lap and Shoulder Belt Used""]","Clear",0,33.765599,-84.507334,"Atlanta","FULTON","[""Motor Vehicle in Motion"",""Motor Vehicle in Motion""]","Following Too Close","[""Motor Vehicle in Motion"",""Motor Vehicle in Motion""]"
0,1,"Atlanta Police Department","2022-02-18","I-75 and Exit 249C","(B) Suspected Minor/Visible Injury","Dark-Lighted","Median","Not a Collision with Motor Vehicle","I-75","Wet","02:48:00","[""Unknown"",""Unknown"",""Unknown""]","Rain",0,33.768511,-84.390327,"Atlanta","FULTON","Median Barrier","Too Fast for Conditions","Median Barrier"
0,0,"Atlanta Police Department","2022-02-18","Parkland Dr Ne and Lindbergh Way Ne","(C) Possible Injury / Complaint","Daylight","On Roadway - Roadway Intersection","Angle Crash","Lindbergh Way Ne","Dry","10:45:00","[""Lap and Shoulder Belt Used"",""Lap and Shoulder Belt Used""]","Clear",0,33.820614,-84.365101,"Atlanta","FULTON","[""Motor Vehicle in Motion"",""Motor Vehicle in Motion""]",,"[""Motor Vehicle in Motion"",""Motor Vehicle in Motion""]"
0,0,"Gsp Post 00","2022-02-18","Mlk Jr Dr and I-7585 Conn Sb","(O) No Injury","Daylight","On Roadway - Non-Intersection","Rear End","I-7585 Conn Sb","Dry","13:20:00","[""Lap and Shoulder Belt Used"",""Lap and Shoulder Belt Used""]","Clear",0,33.756467,-84.378608,"Atlanta","FULTON","[""Motor Vehicle in Motion"",""Motor Vehicle in Motion""]","Following Too Close","[""Motor Vehicle in Motion"",""Motor Vehicle in Motion""]"
0,0,"Gsp Post 00","2022-02-18","Buford Hwy Ne and Sydney Marcus Blvd Wb","(O) No Injury","Daylight","On Roadway - Non-Intersection","Sideswipe-Same Direction","Sydney Marcus Blvd Wb","Dry","15:07:00","[""Lap and Shoulder Belt Used"",""Lap and Shoulder Belt Used""]","Clear",0,33.839442,-84.359479,"Atlanta","FULTON","[""Motor Vehicle in Motion"",""Motor Vehicle in Motion""]","Changed Lanes Improperly","[""Motor Vehicle in Motion"",""Motor Vehicle in Motion""]"
0,0,"Atlanta Police Department","2022-02-18","Sky Haven Rd Se and Moreland Ave Se","(O) No Injury","Daylight","On Roadway - Roadway Intersection","Sideswipe-Same Direction","Moreland Ave Se","Dry","12:00:00","[""Lap and Shoulder Belt Used"",""Lap and Shoulder Belt Used""]","Clear",0,33.723834,-84.349456,"Atlanta","FULTON","[""Motor Vehicle in Motion"",""Motor Vehicle in Motion""]",,"[""Motor Vehicle in Motion"",""Motor Vehicle in Motion""]"
0,0,"Atlanta Police Department","2022-02-18","Exit 252B and Howell Mill Rd Nw","(C) Possible Injury / Complaint","Daylight","On Roadway - Non-Intersection","Angle Crash","Howell Mill Rd Nw","Dry","12:00:00","None Used","Clear",0,33.805974,-84.412996,"Atlanta","FULTON","[""Motor Vehicle in Motion"",""Motor Vehicle in Motion""]","Driver Lost Control","[""Motor Vehicle in Motion"",""Motor Vehicle in Motion""]"
0,0,"Gsp Post 00","2022-02-18","10Th St and I-75Si-85S On Ramp","(O) No Injury","Daylight","Off Roadway","Angle Crash","I-75Si-85S On Ramp","Dry","12:50:00","[""Unknown"",""Lap and Shoulder Belt Used"",""Lap and Shoulder Belt Used""]","Clear",0,33.780553,-84.391216,"Atlanta","FULTON","[""Other - Fixed Object"",""Motor Vehicle in Motion"",""Motor Vehicle in Motion""]","[""Changed Lanes Improperly"",""Reaction to Object or Animal""]","[""Motor Vehicle in Motion"",""Motor Vehicle in Motion""]"
0,0,"Atlanta Police Department","2022-02-18","Exit 249C and Pine St Nw","(C) Possible Injury / Complaint","Dark-Lighted","Entrance/Exit Ramp","Rear End","Exit 249C","Wet","03:37:00","[""Unknown"",""Unknown"",""Unknown""]","Rain",0,33.769066,-84.390544,"Atlanta","FULTON","[""Motor Vehicle in Motion"",""Motor Vehicle in Motion""]","Following Too Close","[""Motor Vehicle in Motion"",""Motor Vehicle in Motion""]"
0,0,"Gsp Post 00","2022-02-18","None and 477 Harlan Rd Sw","(O) No Injury","Daylight","On Roadway - Non-Intersection","Sideswipe-Same Direction","477 Harlan Rd Sw","Dry","14:53:00","[""None Used"",""None Used"",""Lap and Shoulder Belt Used""]","Clear",0,33.744473,-84.48144,"Atlanta","FULTON","[""Motor Vehicle in Motion"",""Motor Vehicle in Motion""]","[""Wrong Side of Road"",""Disregard Police - Evasion"",""Exceeding Speed Limit"",""Reckless Driving""]","[""Motor Vehicle in Motion"",""Motor Vehicle in Motion""]"
0,3,"Atlanta Police Department","2022-02-18","Edie Ave Se and United Ave Se","(B) Suspected Minor/Visible Injury","Daylight","Off Roadway","Not a Collision with Motor Vehicle","United Ave Se","Dry","11:21:00","[""None Used"",""None Used"",""None Used""]","Clear",0,33.7275,-84.363295,"Atlanta","FULTON","Tree","Driver Lost Control","Tree"
0,0,"Gsp Post 00","2022-02-18","I-75 Sb and Howell Mill Rd","(O) No Injury","Daylight","On Roadway - Non-Intersection","Rear End","I-75 Sb","Dry","15:55:00","[""Lap and Shoulder Belt Used"",""Lap and Shoulder Belt Used""]","Clear",0,33.806168,-84.415142,"Atlanta","FULTON","[""Motor Vehicle in Motion"",""Motor Vehicle in Motion""]","Following Too Close","[""Motor Vehicle in Motion"",""Motor Vehicle in Motion""]"
0,0,"Atlanta Police Department","2022-02-18","10Th St Ne and W Peachtree St Nw","(O) No Injury","Dark-Lighted","On Roadway - Roadway Intersection","Sideswipe-Same Direction","W Peachtree St Nw","Dry","21:00:00","[""Unknown"",""Unknown"",""Unknown""]","Clear",0,33.781479,-84.387797,"Atlanta","FULTON","[""Motor Vehicle in Motion"",""Motor Vehicle in Motion""]","[""Improper Turn"",""Improper Turn""]","[""Motor Vehicle in Motion"",""Motor Vehicle in Motion""]"
0,0,"Gsp Post 00","2022-02-18","I-285 North and I-20 East Entrance Ramp","(O) No Injury","Daylight","On Roadway - Non-Intersection","Sideswipe-Same Direction","I-285 North","Dry","16:11:00","[""Lap and Shoulder Belt Used"",""Lap and Shoulder Belt Used""]","Clear",0,33.765008,-84.493853,"Atlanta","FULTON","[""Motor Vehicle in Motion"",""Motor Vehicle in Motion""]","Changed Lanes Improperly","[""Motor Vehicle in Motion"",""Motor Vehicle in Motion""]"
0,0,"Gsp Post 00","2022-02-18","I- 7585 North and University Ave","(O) No Injury","Daylight","On Roadway - Non-Intersection","Rear End","I- 7585 North","Dry","17:56:00","[""Lap and Shoulder Belt Used"",""Lap and Shoulder Belt Used""]","Clear",0,33.722767,-84.394217,"Atlanta","FULTON","[""Motor Vehicle in Motion"",""Motor Vehicle in Motion""]","Following Too Close","[""Motor Vehicle in Motion"",""Motor Vehicle in Motion""]"
0,0,"Atlanta Police Department","2022-02-18","Langhorn St Sw and Ralph David Abernathy Blvd Sw","(O) No Injury","Dark-Lighted","On Roadway - Roadway Intersection","Sideswipe-Same Direction","Langhorn St Sw","Dry","19:00:00","[""Lap and Shoulder Belt Used"",""Lap and Shoulder Belt Used""]","Clear",0,33.739026,-84.432405,"Atlanta","FULTON","[""Motor Vehicle in Motion"",""Motor Vehicle in Motion""]","Inattentive or Other Distraction (Distracted)","[""Motor Vehicle in Motion"",""Motor Vehicle in Motion""]"
0,0,"Atlanta Police Department","2022-02-18","Tuckawanna Dr Sw and Benjamin E Mays Dr Sw","(O) No Injury","Dark-Lighted","Off Roadway","Not a Collision with Motor Vehicle","Benjamin E Mays Dr Sw","Wet","03:33:00","Lap and Shoulder Belt Used","Rain",0,33.731893,-84.486029,"Atlanta","FULTON","Motor Vehicle in Motion",,"Motor Vehicle in Motion"
0,0,"Atlanta Police Department","2022-02-18","None and Metropolitan Pkwy Sw Exit 77 Rp","(O) No Injury","Daylight","On Roadway - Roadway Intersection","Angle Crash","Metropolitan Pkwy Sw Exit 77 Rp","Dry","16:20:00","[""Unknown"",""Unknown""]","Clear",0,33.684624,-84.407907,"Atlanta","FULTON","[""Motor Vehicle in Motion"",""Motor Vehicle in Motion""]","Failure to Yield","[""Motor Vehicle in Motion"",""Motor Vehicle in Motion""]"
0,0,"Atlanta Police Department","2022-02-18","I-75 and Martin Luther King Jr Dr Se","(O) No Injury","Dark-Lighted","On Roadway - Non-Intersection","Angle Crash","I-75","Water (standing or moving)","03:00:00","[""Unknown"",""Unknown"",""Unknown""]","Clear",0,33.748359,-84.385297,"Atlanta","FULTON","[""Motor Vehicle in Motion"",""Motor Vehicle in Motion""]","Changed Lanes Improperly","[""Motor Vehicle in Motion"",""Motor Vehicle in Motion""]"
0,0,"Gsp Post 00","2022-02-18","Ga 166 East and Greenbriar Pkwy","(O) No Injury","Daylight","On Roadway - Non-Intersection","Rear End","Ga 166 East","Dry","10:50:00","[""Lap and Shoulder Belt Used"",""Lap and Shoulder Belt Used"",""Lap and Shoulder Belt Used""]","Cloudy",0,33.695294,-84.485758,"Atlanta","FULTON","[""Motor Vehicle in Motion"",""Motor Vehicle in Motion""]","Following Too Close","[""Motor Vehicle in Motion"",""Motor Vehicle in Motion""]"
0,1,"East Point Police Department","2022-02-19","Centre Pkwy and Camp Creek Pkwy","(B) Suspected Minor/Visible Injury","Daylight","On Roadway - Roadway Intersection","Rear End","Camp Creek Pkwy","Dry","17:18:00","[""Unknown"",""Unknown"",""Unknown""]","Clear",0,33.655198,-84.511718,"Atlanta","FULTON","[""Motor Vehicle in Motion"",""Parked Motor Vehicle""]","Following Too Close","[""Motor Vehicle in Motion"",""Parked Motor Vehicle""]"
0,0,"Dekalb Co Police Department","2022-02-19","I 20 and Maynard Ter","(C) Possible Injury / Complaint","Daylight","On Roadway - Non-Intersection","Rear End","I 20","Dry","16:30:00","[""Lap and Shoulder Belt Used"",""Lap and Shoulder Belt Used"",""Lap and Shoulder Belt Used"",""Lap and Shoulder Belt Used""]","Clear",0,33.744669,-84.334765,"Atlanta","DEKALB","[""Motor Vehicle in Motion"",""Motor Vehicle in Motion""]","Following Too Close","Motor Vehicle in Motion"
0,0,"Atlanta Police Department","2022-02-19","I-20 W and Joseph E Lowery Blvd Sw","(C) Possible Injury / Complaint","Daylight","On Roadway - Roadway Intersection","Head On","Joseph E Lowery Blvd Sw","Dry","17:50:00","[""Lap and Shoulder Belt Used"",""Lap and Shoulder Belt Used""]","Clear",0,33.741935,-84.417654,"Atlanta","FULTON","[""Motor Vehicle in Motion"",""Motor Vehicle in Motion""]","Misjudged Clearance","Motor Vehicle in Motion"
0,0,"Atlanta Police Department","2022-02-19","Cleveland Ave Sw and Metropolitan Pkwy Sw","(C) Possible Injury / Complaint","Dark-Lighted","On Roadway - Driveway Intersection","Not a Collision with Motor Vehicle","Cleveland Ave Sw","Dry","21:00:00","Lap and Shoulder Belt Used","Clear",0,33.681274,-84.407712,"Atlanta","FULTON","[""Motor Vehicle in Motion"",""Pedestrian""]",,"Motor Vehicle in Motion"
0,1,"Atlanta Police Department","2022-02-19","Ellsworth Dr Nw and Chattahoochee Ave Nw","(B) Suspected Minor/Visible Injury","Daylight","On Roadway - Driveway Intersection","Angle Crash","Chattahoochee Ave Nw","Dry","09:50:00","[""Lap and Shoulder Belt Used"",""Lap and Shoulder Belt Used"",""Lap and Shoulder Belt Used""]","Clear",0,33.800779,-84.426987,"Atlanta","FULTON","[""Motor Vehicle in Motion"",""Motor Vehicle in Motion"",""Motor Vehicle in Motion""]","Disregard Other Traffic Control","[""Motor Vehicle in Motion"",""Motor Vehicle in Motion"",""Motor Vehicle in Motion""]"
0,0,"Atlanta Police Department","2022-02-19","Ga-400 and Lenox Rd Ne","(O) No Injury","Daylight","Entrance/Exit Ramp","Rear End","Ga-400","Dry","09:50:00","[""Unknown"",""Unknown"",""Unknown""]","Clear",0,33.852257,-84.369639,"Atlanta","FULTON","[""Motor Vehicle in Motion"",""Motor Vehicle in Motion""]","Following Too Close","[""Motor Vehicle in Motion"",""Motor Vehicle in Motion""]"
0,0,"Atlanta Police Department","2022-02-19","North Ave Ne and Bonaventure Ave Ne","(O) No Injury","Dark-Not Lighted","On Roadway - Driveway Intersection","Head On","North Ave Ne","Dry","20:09:00","[""None Used"",""None Used""]","Clear",0,33.771117,-84.361003,"Atlanta","FULTON","[""Motor Vehicle in Motion"",""Motor Vehicle in Motion""]","Changed Lanes Improperly","[""Motor Vehicle in Motion"",""Motor Vehicle in Motion""]"
0,0,"Atlanta Police Department","2022-02-19","I-75 and University Ave Sw","(O) No Injury","Daylight","On Roadway - Non-Intersection","Rear End","I-75","Dry","13:00:00","[""Lap and Shoulder Belt Used"",""Lap and Shoulder Belt Used""]","Clear",0,33.722201,-84.394562,"Atlanta","FULTON","[""Motor Vehicle in Motion"",""Motor Vehicle in Motion""]","Following Too Close","[""Motor Vehicle in Motion"",""Motor Vehicle in Motion""]"
0,0,"Atlanta Police Department","2022-02-19","I-75 N and I-75 Exit 250","(O) No Injury","Dark-Lighted","On Roadway - Non-Intersection","Rear End","I-75 Exit 250","Dry","21:50:00","[""Unknown"",""Unknown"",""Unknown""]","Clear",0,33.777574,-84.390754,"Atlanta","FULTON","[""Motor Vehicle in Motion"",""Motor Vehicle in Motion"",""Motor Vehicle in Motion""]","Changed Lanes Improperly","[""Motor Vehicle in Motion"",""Motor Vehicle in Motion"",""Motor Vehicle in Motion""]"
0,0,"Atlanta Police Department","2022-02-19","Lenox Rd Ne and Peachtree Rd Ne","(O) No Injury","Daylight","On Roadway - Roadway Intersection","Sideswipe-Same Direction","Lenox Rd Ne","Dry","16:54:00","[""Lap and Shoulder Belt Used"",""Lap and Shoulder Belt Used""]","Clear",0,33.850539,-84.362005,"Atlanta","FULTON","[""Motor Vehicle in Motion"",""Motor Vehicle in Motion""]","Changed Lanes Improperly","[""Motor Vehicle in Motion"",""Motor Vehicle in Motion""]"
0,0,"Atlanta Police Department","2022-02-19","Proctor St Nw and James P Brawley Dr Nw","(O) No Injury","Daylight","On Roadway - Non-Intersection","Rear End","James P Brawley Dr Nw","Dry","16:20:00",,"Clear",0,33.765655,-84.412601,"Atlanta","FULTON","[""Motor Vehicle in Motion"",""Parked Motor Vehicle""]",,"[""Motor Vehicle in Motion"",""Parked Motor Vehicle""]"
0,0,"Gsp Post 00","2022-02-19","I-7585Sb and Edgewood Ave","(O) No Injury","Dark-Lighted","On Roadway - Non-Intersection","Rear End","I-7585Sb","Dry","19:43:00","[""Lap and Shoulder Belt Used"",""Lap and Shoulder Belt Used""]","Clear",0,33.751266,-84.380806,"Atlanta","FULTON","[""Motor Vehicle in Motion"",""Motor Vehicle in Motion""]","[""Following Too Close"",""Other Interior Distraction (Distracted)""]","[""Motor Vehicle in Motion"",""Motor Vehicle in Motion""]"
0,0,"Atlanta Police Department","2022-02-19","Sinclair Ave Ne and Seminole Ave Ne","(O) No Injury","Daylight","On Roadway - Non-Intersection","Angle Crash","Seminole Ave Ne","Dry","14:30:00","Unknown","Clear",0,33.767048,-84.350214,"Atlanta","FULTON","[""Motor Vehicle in Motion"",""Motor Vehicle in Motion""]","Improper Backing","[""Motor Vehicle in Motion"",""Motor Vehicle in Motion""]"
0,0,"Atlanta Police Department","2022-02-19","Travis St Nw and Northside Dr Nw","(O) No Injury","Daylight","On Roadway - Non-Intersection","Sideswipe-Same Direction","Northside Dr Nw","Dry","17:55:00","[""Unknown"",""Unknown""]","Clear",0,33.771672,-84.406778,"Atlanta","FULTON","[""Motor Vehicle in Motion"",""Motor Vehicle in Motion""]",,"[""Motor Vehicle in Motion"",""Motor Vehicle in Motion""]"
0,0,"Atlanta Police Department","2022-02-19","None and I-20","(O) No Injury","Daylight","On Roadway - Non-Intersection","Rear End","I-20","Dry","14:00:00","[""Unknown"",""Lap and Shoulder Belt Used""]","Clear",0,33.744917,-84.390124,"Atlanta","FULTON","[""Other Object (Not Fixed)"",""Other Object (Not Fixed)""]","Following Too Close","Other Object (Not Fixed)"
0,0,"Atlanta Police Department","2022-02-19","Piedmont Rd Ne and Habersham Rd Ne","(O) No Injury","Dark-Lighted","On Roadway - Non-Intersection","Rear End","Piedmont Rd Ne","Dry","23:45:00","[""Lap and Shoulder Belt Used"",""Lap and Shoulder Belt Used""]","Clear",0,33.85376,-84.382043,"Atlanta","FULTON","[""Motor Vehicle in Motion"",""Parked Motor Vehicle""]","Following Too Close","[""Motor Vehicle in Motion"",""Parked Motor Vehicle""]"
0,0,"Atlanta Police Department","2022-02-19","I-75 and Martin Luther King Jr Dr Se","(O) No Injury","Daylight","On Roadway - Non-Intersection","Rear End","I-75","Dry","15:30:00","[""Lap and Shoulder Belt Used"",""Lap and Shoulder Belt Used""]","Clear",0,33.747951,-84.385599,"Atlanta","FULTON","[""Motor Vehicle in Motion"",""Motor Vehicle in Motion""]","Following Too Close","[""Motor Vehicle in Motion"",""Motor Vehicle in Motion""]"
0,0,"Atlanta Police Department","2022-02-19","Dunn St Sw and Ralph David Abernathy Blvd Sw","(O) No Injury","Daylight","On Roadway - Non-Intersection","Angle Crash","Ralph David Abernathy Blvd Sw","Dry","09:15:00","[""Unknown"",""Unknown""]","Clear",0,33.738108,-84.416943,"Atlanta","FULTON","[""Motor Vehicle in Motion"",""Motor Vehicle in Motion""]","Changed Lanes Improperly","[""Motor Vehicle in Motion"",""Motor Vehicle in Motion""]"
0,0,"Atlanta Police Department","2022-02-19","Ralph Mcgill Blvd Ne and John Lewis Freedom Pkwy Ne","(C) Possible Injury / Complaint","Daylight","On Roadway - Non-Intersection","Sideswipe-Same Direction","John Lewis Freedom Pkwy Ne","Dry","09:21:00","[""Lap and Shoulder Belt Used"",""Lap and Shoulder Belt Used""]","Clear",0,33.76406,-84.360247,"Atlanta","FULTON","[""Motor Vehicle in Motion"",""Motor Vehicle in Motion""]","Changed Lanes Improperly","[""Motor Vehicle in Motion"",""Motor Vehicle in Motion""]"
0,0,"Atlanta Police Department","2022-02-19","None and Monroe Dr Ne","(O) No Injury","Daylight","On Roadway - Roadway Intersection","Angle Crash","Monroe Dr Ne","Dry","18:00:00","[""Unknown"",""Unknown""]","Clear",0,33.773663,-84.370914,"Atlanta","FULTON","[""Motor Vehicle in Motion"",""Motor Vehicle in Motion""]","Disregard Other Traffic Control","[""Motor Vehicle in Motion"",""Motor Vehicle in Motion""]"
0,0,"Atlanta Police Department","2022-02-19","None and I-75","(O) No Injury","Dark-Lighted","On Roadway - Non-Intersection","Rear End","I-75","Dry","22:25:00","[""Unknown"",""Unknown"",""Unknown"",""Unknown""]","Clear",0,33.763519,-84.38312,"Atlanta","FULTON","[""Motor Vehicle in Motion"",""Motor Vehicle in Motion"",""Motor Vehicle in Motion""]","Following Too Close","[""Motor Vehicle in Motion"",""Motor Vehicle in Motion"",""Motor Vehicle in Motion""]"
0,0,"Atlanta Police Department","2022-02-19","Ethel St Nw and Tumlin St Nw","(O) No Injury","Dark-Lighted","On Roadway - Non-Intersection","Sideswipe-Same Direction","Ethel St Nw","Dry","20:10:00","[""Unknown"",""None Used""]","Clear",0,33.784497,-84.400636,"Atlanta","FULTON","[""Motor Vehicle in Motion"",""Motor Vehicle in Motion""]",,"Motor Vehicle in Motion"
0,0,"Atlanta Police Department","2022-02-19","I-85 S and Plasters Ave Ne","(C) Possible Injury / Complaint","Dark-Lighted","On Roadway - Non-Intersection","Rear End","Plasters Ave Ne","Dry","20:06:00","[""Lap and Shoulder Belt Used"",""Lap and Shoulder Belt Used"",""Lap and Shoulder Belt Used"",""Lap and Shoulder Belt Used""]","Clear",0,33.810777,-84.373961,"Atlanta","FULTON","[""Motor Vehicle in Motion"",""Motor Vehicle in Motion""]","Following Too Close","[""Motor Vehicle in Motion"",""Motor Vehicle in Motion""]"
0,0,"Atlanta Police Department","2022-02-19","Hill St Se and Memorial Dr Se","(O) No Injury","Daylight","On Roadway - Driveway Intersection","Angle Crash","Hill St Se","Dry","14:38:00","[""Lap and Shoulder Belt Used"",""Lap and Shoulder Belt Used""]","Clear",0,33.746467,-84.379292,"Atlanta","FULTON","[""Motor Vehicle in Motion"",""Motor Vehicle in Motion""]","Failure to Yield","[""Motor Vehicle in Motion"",""Motor Vehicle in Motion""]"
0,0,"Atlanta Police Department","2022-02-19","Cascade Rd Sw and Childress Dr Sw","(O) No Injury","Daylight","On Roadway - Roadway Intersection","Rear End","Cascade Rd Sw","Dry","10:25:00","[""Lap and Shoulder Belt Used"",""Lap and Shoulder Belt Used""]","Clear",0,33.720155,-84.490253,"Atlanta","FULTON","[""Motor Vehicle in Motion"",""Motor Vehicle in Motion""]","Following Too Close","[""Motor Vehicle in Motion"",""Motor Vehicle in Motion""]"
0,0,"Atlanta Police Department","2022-02-19","North Ave Ne and Piedmont Ave Ne","(O) No Injury","Dark-Lighted","On Roadway - Roadway Intersection","Angle Crash","Piedmont Ave Ne","Dry","00:00:00","[""Lap and Shoulder Belt Used"",""Lap and Shoulder Belt Used""]","Clear",0,33.77128,-84.381893,"Atlanta","FULTON","[""Motor Vehicle in Motion"",""Motor Vehicle in Motion""]","[""Aggressive Driving"",""Aggressive Driving""]","[""Motor Vehicle in Motion"",""Motor Vehicle in Motion""]"
0,0,"Atlanta Police Department","2022-02-19","I-75 and Spring St Nw","(C) Possible Injury / Complaint","Dark-Lighted","On Roadway - Non-Intersection","Rear End","I-75","Dry","19:14:00","[""Unknown"",""Lap and Shoulder Belt Used"",""Lap and Shoulder Belt Used"",""Lap and Shoulder Belt Used"",""Lap and Shoulder Belt Used"",""Lap and Shoulder Belt Used""]","Clear",0,33.766893,-84.387823,"Atlanta","FULTON","[""Motor Vehicle in Motion"",""Motor Vehicle in Motion""]",,"[""Motor Vehicle in Motion"",""Motor Vehicle in Motion""]"
0,0,"Atlanta Police Department","2022-02-19","10Th St Nw and Williams St Nw","(O) No Injury","Daylight","On Roadway - Roadway Intersection","Sideswipe-Same Direction","Williams St Nw","Dry","17:08:00","[""Lap and Shoulder Belt Used"",""Lap and Shoulder Belt Used"",""Lap and Shoulder Belt Used"",""Lap and Shoulder Belt Used"",""Lap and Shoulder Belt Used"",""Lap and Shoulder Belt Used""]","Clear",0,33.781518,-84.390551,"Atlanta","FULTON","[""Motor Vehicle in Motion"",""Motor Vehicle in Motion""]","Disregard Other Traffic Control","[""Motor Vehicle in Motion"",""Motor Vehicle in Motion""]"
0,0,"Atlanta Police Department","2022-02-19","Boulevard Ne and Auburn Ave Ne","(O) No Injury","Daylight","On Roadway - Roadway Intersection","Angle Crash","Auburn Ave Ne","Dry","15:30:00","Unknown","Clear",0,33.755464,-84.372136,"Atlanta","FULTON","[""Motor Vehicle in Motion"",""Motor Vehicle in Motion""]","Improper Turn","[""Motor Vehicle in Motion"",""Motor Vehicle in Motion""]"