"# Serious Injuries","# Visible Injuries","Agency Name (Crash Level) ","Date","Intersection Name (from Crash Report)","KABCO Severity","Light Conditions (Crash Level)","Location at Impact (Crash Level) ","Manner of Collision (Crash Level) ","Roadway (From Crash Report)","Surface Condition (Crash Level) ","Time","Safety Equipment (Crash Level) ","Weather Conditions (Crash Level)","# of Fatalities per Crash","Latitude","Longitude","Geolocated City","Geolocated County","First Harmful Event (Unit Order)","Operator/Pedestrian Contrib Factor (excl None, Other, No Contrib Factors)","Most Harmful Event (Crash Level)"
0,0,"Atlanta Police Department","2022-02-19","I-85 and Ga-13 N","(O) No Injury","Dark-Lighted","On Roadway - Non-Intersection","Rear End","I-85","Dry","19:45:00","[""Unknown"",""Unknown"",""Unknown"",""Unknown""]","Clear",0,33.822684,-84.357341,"Atlanta","FULTON","[""Motor Vehicle in Motion"",""Motor Vehicle in Motion""]","Following Too Close","[""Motor Vehicle in Motion"",""Motor Vehicle in Motion""]"
0,0,"Atlanta Police Department","2022-02-19","14Th St Nw and Snyder St Nw","(C) Possible Injury / Complaint","Dark-Lighted","On Roadway - Non-Intersection","Angle Crash","14Th St Nw","Dry","21:00:00","[""None Used"",""None Used""]","Clear",0,33.786208,-84.402327,"Atlanta","FULTON","[""Motor Vehicle in Motion"",""Motor Vehicle in Motion""]",,"[""Motor Vehicle in Motion"",""Motor Vehicle in Motion""]"
0,0,"Atlanta Police Department","2022-02-19","None and Ga-13","(O) No Injury","Dark-Lighted","Entrance/Exit Ramp","Rear End","Ga-13","Dry","20:25:00","[""Unknown"",""Lap and Shoulder Belt Used""]","Clear",0,33.811214,-84.370484,"Atlanta","FULTON","[""Motor Vehicle in Motion"",""Motor Vehicle in Motion""]","Reckless Driving","Motor Vehicle in Motion"
0,0,"Atlanta Police Department","2022-02-19","Kipling Cir Se and Thomasville Dr Se","(O) No Injury","Daylight","On Roadway - Non-Intersection","Head On","Thomasville Dr Se","Dry","07:00:00","Unknown","Clear",0,33.697283,-84.356023,"Atlanta","FULTON","[""Motor Vehicle in Motion"",""Motor Vehicle in Motion""]",,"[""Motor Vehicle in Motion"",""Motor Vehicle in Motion""]"
0,0,"Atlanta Police Department","2022-02-19","Collier Rd Nw and Woodland Hills Ave Nw","(O) No Injury","Daylight","On Roadway - Driveway Intersection","Angle Crash","Collier Rd Nw","Ice/Frost","16:00:00","[""Unknown"",""Unknown""]","Clear",0,33.809998,-84.419243,"Atlanta","FULTON","[""Motor Vehicle in Motion"",""Motor Vehicle in Motion""]","Failure to Yield","[""Motor Vehicle in Motion"",""Motor Vehicle in Motion""]"
0,1,"Atlanta Police Department","2022-02-19","North Ave Nw and Joseph E Lowery Blvd Nw","(B) Suspected Minor/Visible Injury","Dark-Lighted","On Roadway - Roadway Intersection","Rear End","North Ave Nw","Dry","17:42:00","[""Unknown"",""Unknown"",""Unknown""]","Clear",0,33.768914,-84.417419,"Atlanta","FULTON","[""Motor Vehicle in Motion"",""Motor Vehicle in Motion"",""Motor Vehicle in Motion""]","Following Too Close","[""Motor Vehicle in Motion"",""Motor Vehicle in Motion"",""Motor Vehicle in Motion""]"
0,1,"Atlanta Police Department","2022-02-19","Boulevard Se and Chamberlain St Se","(B) Suspected Minor/Visible Injury","Dark-Lighted","On Roadway - Non-Intersection","Angle Crash","Boulevard Se","Dry","02:56:00","[""Unknown"",""Unknown"",""Unknown""]","Clear",0,33.753957,-84.37211,"Atlanta","FULTON","[""Motor Vehicle in Motion"",""Motor Vehicle in Motion""]","[""No Signal/Improper Signal"",""Improper Turn""]","[""Motor Vehicle in Motion"",""Motor Vehicle in Motion""]"
0,0,"Atlanta Police Department","2022-02-19","Cleveland Ave Sw and Metropolitan Pkwy Sw","(C) Possible Injury / Complaint","Daylight","On Roadway - Roadway Intersection","Rear End","Cleveland Ave Sw","Dry","17:00:00","[""Lap and Shoulder Belt Used"",""Lap and Shoulder Belt Used"",""Lap and Shoulder Belt Used"",""Lap and Shoulder Belt Used""]","Clear",0,33.681295,-84.408381,"Atlanta","FULTON","[""Motor Vehicle in Motion"",""Motor Vehicle in Motion""]","Following Too Close","[""Motor Vehicle in Motion"",""Motor Vehicle in Motion""]"
0,1,"Atlanta Police Department","2022-02-19","None and I-20 E","(B) Suspected Minor/Visible Injury","Daylight","On Roadway - Non-Intersection","Rear End","I-20 E","Dry","13:47:00","[""Unknown"",""Unknown""]","Clear",0,33.743974,-84.389873,"Atlanta","FULTON","[""Motor Vehicle in Motion"",""Motor Vehicle in Motion""]","Following Too Close","[""Motor Vehicle in Motion"",""Motor Vehicle in Motion""]"
0,0,"Atlanta Police Department","2022-02-19","Sandtown Rd Sw and Westridge Rd Sw","(O) No Injury","Daylight","On Roadway - Non-Intersection","Angle Crash","Westridge Rd Sw","Dry","17:25:00","[""Unknown"",""Lap and Shoulder Belt Used"",""Lap and Shoulder Belt Used""]","Clear",0,33.718137,-84.44686,"Atlanta","FULTON","[""Motor Vehicle in Motion"",""Motor Vehicle in Motion""]","[""Misjudged Clearance"",""Misjudged Clearance""]","[""Motor Vehicle in Motion"",""Motor Vehicle in Motion""]"
0,0,"Atlanta Police Department","2022-02-19","I-20 and Martin Luther King Jr Dr Sw","(O) No Injury","Daylight","On Roadway - Roadway Intersection","Sideswipe-Same Direction","I-20","Dry","14:00:00","[""Unknown"",""Lap Belt Only Used"",""Lap and Shoulder Belt Used"",""Lap and Shoulder Belt Used""]","Clear",0,33.765351,-84.510783,"Atlanta","FULTON","[""Motor Vehicle in Motion"",""Motor Vehicle in Motion""]",,"Motor Vehicle in Motion"
1,0,"Atlanta Police Department","2022-02-19","Clifton Rd Ne and Mclendon Ave Ne","(A) Suspected Serious Injury","Daylight","On Roadway - In Crosswalk","Not a Collision with Motor Vehicle","Mclendon Ave Ne","Dry","16:01:00","Lap and Shoulder Belt Used","Clear",0,33.764834,-84.332997,"Atlanta","DEKALB","[""Motor Vehicle in Motion"",""Motor Vehicle in Motion""]","Failure to Yield","Motor Vehicle in Motion"
0,0,"Atlanta Police Department","2022-02-19","None and I-285","(O) No Injury","Daylight","On Roadway - Non-Intersection","Rear End","I-285","Dry","16:30:00","[""Lap and Shoulder Belt Used"",""Lap and Shoulder Belt Used""]","Clear",0,33.766393,-84.494207,"Atlanta","FULTON","[""Motor Vehicle in Motion"",""Motor Vehicle in Motion""]","Following Too Close","[""Motor Vehicle in Motion"",""Motor Vehicle in Motion""]"
0,0,"Atlanta Police Department","2022-02-19","Macedonia Rd Se and Jonesboro Rd Se","(C) Possible Injury / Complaint","Dark-Lighted","On Roadway - Roadway Intersection","Angle Crash","Jonesboro Rd Se","Dry","19:34:00","[""Lap and Shoulder Belt Used"",""Lap and Shoulder Belt Used"",""Lap and Shoulder Belt Used"",""Lap and Shoulder Belt Used"",""Child Restraint System (Properly Used)"",""Lap and Shoulder Belt Used"",""Lap and Shoulder Belt Used""]","Clear",0,33.663742,-84.37373,"Atlanta","FULTON","[""Motor Vehicle in Motion"",""Motor Vehicle in Motion"",""Motor Vehicle in Motion""]","Failure to Yield","[""Motor Vehicle in Motion"",""Motor Vehicle in Motion"",""Motor Vehicle in Motion""]"
0,0,"Atlanta Police Department","2022-02-19","I-75 85 Sb and Mlk Jr Dr Nw","(O) No Injury","Daylight","On Roadway - Non-Intersection","Rear End","I-75 85 Sb","Dry","13:00:00","[""Unknown"",""Unknown""]","Clear",0,33.75085,-84.381282,"Atlanta","FULTON","[""Motor Vehicle in Motion"",""Motor Vehicle in Motion""]","Following Too Close","[""Motor Vehicle in Motion"",""Motor Vehicle in Motion""]"
0,0,"Atlanta Police Department","2022-02-19","None and I-285","(O) No Injury","Daylight","On Roadway - Non-Intersection","Rear End","I-285","Dry","16:00:00","[""Lap and Shoulder Belt Used"",""Lap and Shoulder Belt Used""]","Clear",0,33.765006,-84.492945,"Atlanta","FULTON","[""Motor Vehicle in Motion"",""Motor Vehicle in Motion""]","Following Too Close","[""Motor Vehicle in Motion"",""Motor Vehicle in Motion""]"
0,0,"Atlanta Police Department","2022-02-19","Delmar Ln Nw and Martin Luther King Jr Dr Sw","(O) No Injury","Daylight","On Roadway - Roadway Intersection","Angle Crash","Martin Luther King Jr Dr Sw","Dry","07:30:00","[""Unknown"",""Lap and Shoulder Belt Used"",""Lap and Shoulder Belt Used""]","Clear",0,33.757351,-84.502066,"Atlanta","FULTON","[""Motor Vehicle in Motion"",""Motor Vehicle in Motion""]","Disregard Stop Sign/Signal","[""Motor Vehicle in Motion"",""Motor Vehicle in Motion""]"
0,0,"Atlanta Police Department","2022-02-19","Forsyth St Sw and Garnett St Sw","(O) No Injury","Dark-Lighted","On Roadway - Managed Lane (HOV, HOT, Reversible)","Sideswipe-Same Direction","Garnett St Sw","Dry","01:00:00","[""Lap and Shoulder Belt Used"",""Lap and Shoulder Belt Used""]","Clear",0,33.749446,-84.396029,"Atlanta","FULTON","[""Motor Vehicle in Motion"",""Motor Vehicle in Motion""]","Improper Passing","[""Motor Vehicle in Motion"",""Motor Vehicle in Motion""]"
0,0,"Atlanta Police Department","2022-02-19","None and I-75","(O) No Injury","Daylight","On Roadway - Non-Intersection","Rear End","I-75","Dry","11:59:00","[""Unknown"",""Unknown"",""Unknown""]","Clear",0,33.793303,-84.392924,"Atlanta","FULTON","[""Motor Vehicle in Motion"",""Motor Vehicle in Motion"",""Motor Vehicle in Motion""]","Following Too Close","[""Motor Vehicle in Motion"",""Motor Vehicle in Motion"",""Motor Vehicle in Motion""]"
0,0,"Atlanta Police Department","2022-02-19","Avon Ave Sw and Westmont Rd Sw","(C) Possible Injury / Complaint","Daylight","On Roadway - Roadway Intersection","Angle Crash","Avon Ave Sw","Dry","17:52:00","[""Unknown"",""Lap and Shoulder Belt Used""]","Cloudy",0,33.722497,-84.437585,"Atlanta","FULTON","[""Motor Vehicle in Motion"",""Motor Vehicle in Motion""]",,"Motor Vehicle in Motion"
0,0,"Atlanta Police Department","2022-02-19","Loghaven Dr Nw and Hamilton E Holmes Dr Nw","(O) No Injury","Dark-Lighted","On Roadway - Roadway Intersection","Rear End","Hamilton E Holmes Dr Nw","Dry","20:00:00","[""Lap and Shoulder Belt Used"",""Lap and Shoulder Belt Used""]","Clear",0,33.760207,-84.469518,"Atlanta","FULTON","[""Motor Vehicle in Motion"",""Motor Vehicle in Motion""]","Following Too Close","[""Motor Vehicle in Motion"",""Motor Vehicle in Motion""]"
0,0,"Atlanta Police Department","2022-02-19","Fair St Sw and Peters St Sw","(O) No Injury","Daylight","On Roadway - Roadway Intersection","Sideswipe-Opposite Direction","Peters St Sw","Dry","17:11:00","[""Lap and Shoulder Belt Used"",""Lap and Shoulder Belt Used""]","Clear",0,33.748015,-84.401127,"Atlanta","FULTON","[""Motor Vehicle in Motion"",""Motor Vehicle in Motion"",""Parked Motor Vehicle"",""Parked Motor Vehicle""]","Disregard Police - Traffic Control","[""Motor Vehicle in Motion"",""Motor Vehicle in Motion"",""Parked Motor Vehicle"",""Parked Motor Vehicle""]"
0,0,"Atlanta Police Department","2022-02-19","Luckie St Nw and Forsyth St Nw","(O) No Injury","Dark-Lighted","On Roadway - Roadway Intersection","Angle Crash","Luckie St Nw","Dry","23:25:00","[""Unknown"",""Unknown""]","Clear",0,33.75679,-84.389034,"Atlanta","FULTON","[""Motor Vehicle in Motion"",""Motor Vehicle in Motion""]","Disregard Other Traffic Control","[""Motor Vehicle in Motion"",""Motor Vehicle in Motion""]"
0,0,"Atlanta Police Department","2022-02-19","Fulton St Sw and Mcdaniel St Sw","(O) No Injury","Daylight","On Roadway - Roadway Intersection","Angle Crash","Mcdaniel St Sw","Dry","12:45:00","[""Lap and Shoulder Belt Used"",""Lap and Shoulder Belt Used""]","Clear",0,33.741556,-84.402936,"Atlanta","FULTON","[""Motor Vehicle in Motion"",""Motor Vehicle in Motion""]","Failure to Yield","[""Motor Vehicle in Motion"",""Motor Vehicle in Motion""]"
0,0,"Atlanta Police Department","2022-02-19","I-75 and I-85 S","(C) Possible Injury / Complaint","Daylight","Median","Not a Collision with Motor Vehicle","I-75","Dry","12:47:00","[""Lap and Shoulder Belt Used"",""Lap and Shoulder Belt Used"",""Booster Seat (Properly Used)"",""Booster Seat (Properly Used)""]","Clear",0,33.694123,-84.404395,"Atlanta","FULTON","Median Barrier","Driver Condition","Median Barrier"
0,0,"Atlanta Police Department","2022-02-19","Boulevard Se and Woodward Ave Se","(O) No Injury","Daylight","On Roadway - Non-Intersection","Rear End","Boulevard Se","Dry","17:00:00","[""Unknown"",""Unknown""]","Clear",0,33.745372,-84.368121,"Atlanta","FULTON","[""Motor Vehicle in Motion"",""Motor Vehicle in Motion""]","Following Too Close","[""Motor Vehicle in Motion"",""Motor Vehicle in Motion""]"
0,1,"Atlanta Police Department","2022-02-19","None and Avon Ave Sw","(B) Suspected Minor/Visible Injury","Dark-Lighted","On Roadway - Non-Intersection","Angle Crash","Avon Ave Sw","Dry","01:20:00","[""Unknown"",""Lap and Shoulder Belt Used""]","Clear",0,33.722332,-84.429577,"Atlanta","FULTON","[""Motor Vehicle in Motion"",""Motor Vehicle in Motion"",""Motor Vehicle in Motion""]","Reckless Driving","[""Motor Vehicle in Motion"",""Motor Vehicle in Motion"",""Motor Vehicle in Motion""]"
0,0,"Atlanta Police Department","2022-02-19","North Ave Nw and Northside Dr Nw","(O) No Injury","Dark-Lighted","On Roadway - Non-Intersection","Sideswipe-Same Direction","Northside Dr Nw","Dry","23:00:00","[""Unknown"",""Unknown"",""Unknown"",""Unknown"",""Unknown""]","Clear",0,33.770125,-84.404638,"Atlanta","FULTON","[""Motor Vehicle in Motion"",""Motor Vehicle in Motion""]","Changed Lanes Improperly","[""Motor Vehicle in Motion"",""Motor Vehicle in Motion""]"
0,0,"Atlanta Police Department","2022-02-19","Piedmont Rd Ne and Lakeshore Dr Ne","(C) Possible Injury / Complaint","Dark-Lighted","On Roadway - Roadway Intersection","Sideswipe-Same Direction","Lakeshore Dr Ne","Dry","19:37:00","[""Lap and Shoulder Belt Used"",""Lap and Shoulder Belt Used"",""Lap and Shoulder Belt Used"",""Lap and Shoulder Belt Used""]","Clear",0,33.815897,-84.366626,"Atlanta","FULTON","[""Motor Vehicle in Motion"",""Motor Vehicle in Motion"",""Motor Vehicle in Motion""]","Following Too Close","[""Motor Vehicle in Motion"",""Motor Vehicle in Motion"",""Motor Vehicle in Motion""]"
0,0,"Atlanta Police Department","2022-02-19","I-20 and Exit 55A","(O) No Injury","Daylight","On Roadway - Non-Intersection","Sideswipe-Same Direction","I-20","Dry","14:15:00","[""Unknown"",""Lap and Shoulder Belt Used""]","Clear",0,33.741866,-84.420225,"Atlanta","FULTON","[""Motor Vehicle in Motion"",""Motor Vehicle in Motion""]",,"[""Motor Vehicle in Motion"",""Motor Vehicle in Motion""]"
0,0,"Atlanta Police Department","2022-02-19","None and I-285 Exit 5A Rp","(C) Possible Injury / Complaint","Daylight","Entrance/Exit Ramp","Rear End","I-285 Exit 5A Rp","Dry","17:19:00","[""Unknown"",""Unknown"",""Unknown""]","Clear",0,33.688896,-84.501783,"Atlanta","FULTON","[""Motor Vehicle in Motion"",""Motor Vehicle in Motion"",""Motor Vehicle in Motion""]",,"[""Motor Vehicle in Motion"",""Motor Vehicle in Motion"",""Motor Vehicle in Motion""]"
0,0,"Atlanta Police Department","2022-02-19","Lenox Rd Ne and Wright Ave Ne","(O) No Injury","Daylight","Off Roadway","Rear End","Lenox Rd Ne","Dry","16:21:00","[""Lap and Shoulder Belt Used"",""Lap and Shoulder Belt Used"",""Lap and Shoulder Belt Used""]","Clear",0,33.846707,-84.35936,"Atlanta","FULTON","[""Impact Attenuate"",""Motor Vehicle in Motion""]","Changed Lanes Improperly","[""Impact Attenuate"",""Motor Vehicle in Motion""]"
0,0,"Atlanta Police Department","2022-02-19","None and I-85","(C) Possible Injury / Complaint","Dark-Lighted","On Roadway - Non-Intersection","Rear End","I-85","Dry","19:30:00","[""Lap and Shoulder Belt Used"",""Lap and Shoulder Belt Used"",""Lap and Shoulder Belt Used"",""Lap and Shoulder Belt Used""]","Clear",0,33.807205,-84.379876,"Atlanta","FULTON","[""Motor Vehicle in Motion"",""Motor Vehicle in Motion""]","Following Too Close","[""Motor Vehicle in Motion"",""Motor Vehicle in Motion""]"
0,0,"Atlanta Police Department","2022-02-19","Monroe Dr Ne and Montgomery Ferry Dr Ne","(C) Possible Injury / Complaint","Dark-Lighted","On Roadway - Non-Intersection","Not a Collision with Motor Vehicle","Monroe Dr Ne","Dry","03:27:00","Unknown","Clear",0,33.801967,-84.372383,"Atlanta","FULTON","Other Non-Collision","Under the Influence (U.I.)","Utility Pole"
0,0,"Atlanta Police Department","2022-02-19","None and Ga-13","(O) No Injury","Dark-Lighted","On Roadway - Non-Intersection","Rear End","Ga-13","Dry","21:10:00","[""Lap and Shoulder Belt Used"",""Lap and Shoulder Belt Used""]","Clear",0,33.804504,-84.382789,"Atlanta","FULTON","[""Motor Vehicle in Motion"",""Motor Vehicle in Motion""]","Following Too Close","[""Motor Vehicle in Motion"",""Motor Vehicle in Motion""]"
0,1,"Atlanta Police Department","2022-02-19","Wall St Se and Peachtree St Ne","(B) Suspected Minor/Visible Injury","Dark-Lighted","On Roadway - Managed Lane (HOV, HOT, Reversible)","Not a Collision with Motor Vehicle","Peachtree St Ne","Dry","00:00:00","[""Lap and Shoulder Belt Used"",""Non-Motorist Lighting""]","Clear",0,33.75369,-84.390272,"Atlanta","FULTON","[""Motor Vehicle in Motion"",""Pedestrian""]","Disregard Other Traffic Control","Motor Vehicle in Motion"
0,0,"Atlanta Police Department","2022-02-19","Exit 12 and I-285 Nb","(C) Possible Injury / Complaint","Daylight","On Roadway - Non-Intersection","Rear End","I-285 Nb","Dry","16:23:00","[""Lap and Shoulder Belt Used"",""Lap and Shoulder Belt Used"",""Lap and Shoulder Belt Used"",""Lap and Shoulder Belt Used"",""Lap and Shoulder Belt Used"",""Lap and Shoulder Belt Used""]","Clear",0,33.797235,-84.487465,"Atlanta","FULTON","[""Motor Vehicle in Motion"",""Motor Vehicle in Motion"",""Motor Vehicle in Motion""]","Following Too Close","[""Motor Vehicle in Motion"",""Motor Vehicle in Motion"",""Motor Vehicle in Motion""]"
0,1,"Atlanta Police Department","2022-02-19","I-20 and Exit 53","(B) Suspected Minor/Visible Injury","Dark-Lighted","Off Roadway","Rear End","I-20","Dry","23:45:00","[""Unknown"",""Lap and Shoulder Belt Used"",""Lap and Shoulder Belt Used""]","Clear",0,33.75122,-84.450008,"Atlanta","FULTON","[""Motor Vehicle in Motion"",""Motor Vehicle in Motion""]","[""Following Too Close"",""Failure to Yield"",""Driver Condition"",""Under the Influence (U.I.)""]","[""Motor Vehicle in Motion"",""Motor Vehicle in Motion""]"
1,0,"Atlanta Police Department","2022-02-19","Memorial Dr Se and Holtzclaw St Se","(A) Suspected Serious Injury","Dark-Lighted","On Roadway - Non-Intersection","Angle Crash","Memorial Dr Se","Dry","21:00:00","[""Unknown"",""Unknown"",""Unknown""]","Clear",0,33.746578,-84.357037,"Atlanta","FULTON","[""Motor Vehicle in Motion"",""Motor Vehicle in Motion""]","Changed Lanes Improperly","[""Motor Vehicle in Motion"",""Motor Vehicle in Motion""]"
0,0,"Atlanta Police Department","2022-02-19","Pool Rd and W Wieuca Rd Nw","(O) No Injury","Daylight","On Roadway - Roadway Intersection","Rear End","Pool Rd","Dry","12:30:00","[""Lap and Shoulder Belt Used"",""Lap and Shoulder Belt Used""]","Clear",0,33.873912,-84.395014,"Atlanta","FULTON","[""Motor Vehicle in Motion"",""Motor Vehicle in Motion""]","Misjudged Clearance","[""Motor Vehicle in Motion"",""Motor Vehicle in Motion""]"
0,0,"Atlanta Police Department","2022-02-19","Trinity Ave Sw and Washington St Sw","(O) No Injury","Daylight","On Roadway - Managed Lane (HOV, HOT, Reversible)","Sideswipe-Same Direction","Washington St Sw","Dry","18:00:00","[""Unknown"",""Lap and Shoulder Belt Used""]","Clear",0,33.747806,-84.390194,"Atlanta","FULTON","[""Motor Vehicle in Motion"",""Motor Vehicle in Motion""]","Changed Lanes Improperly","[""Motor Vehicle in Motion"",""Motor Vehicle in Motion""]"
0,0,"Atlanta Police Department","2022-02-19","Berne St Se and Moreland Ave Se","(C) Possible Injury / Complaint","Dark-Lighted","On Roadway - Roadway Intersection","Angle Crash","Moreland Ave Se","Dry","22:40:00","[""Unknown"",""Unknown""]","Clear",0,33.735904,-84.34931,"Atlanta","FULTON","[""Motor Vehicle in Motion"",""Motor Vehicle in Motion""]","Changed Lanes Improperly","[""Motor Vehicle in Motion"",""Fence""]"
0,0,"Atlanta Police Department","2022-02-19","Peachtree Rd Nw and Peachtree Rd Ne","(O) No Injury","Daylight","On Roadway - Driveway Intersection","Sideswipe-Same Direction","Peachtree Rd Ne","Dry","15:45:00","[""Unknown"",""Lap and Shoulder Belt Used""]","Clear",0,33.816462,-84.390139,"Atlanta","FULTON","[""Motor Vehicle in Motion"",""Motor Vehicle in Motion""]","Exceeding Speed Limit","Motor Vehicle in Motion"
0,0,"Atlanta Police Department","2022-02-19","Crane Rd Ne and Lenox Rd Ne","(C) Possible Injury / Complaint","Daylight","On Roadway - Driveway Intersection","Rear End","Lenox Rd Ne","Dry","12:00:00","[""Unknown"",""Unknown"",""Unknown""]","Clear",0,33.839359,-84.358113,"Atlanta","FULTON","[""Motor Vehicle in Motion"",""Motor Vehicle in Motion"",""Motor Vehicle in Motion""]","Too Fast for Conditions","[""Motor Vehicle in Motion"",""Motor Vehicle in Motion"",""Motor Vehicle in Motion""]"
0,0,"Atlanta Police Department","2022-02-19","Howell Mill Rd Nw and Chattahoochee Ave Nw","(O) No Injury","Daylight","On Roadway - Roadway Intersection","Angle Crash","Chattahoochee Ave Nw","Dry","15:50:00","[""Lap and Shoulder Belt Used"",""Lap and Shoulder Belt Used"",""Lap and Shoulder Belt Used"",""Lap and Shoulder Belt Used""]","Clear",0,33.799617,-84.41673,"Atlanta","FULTON","[""Motor Vehicle in Motion"",""Motor Vehicle in Motion""]","Failure to Yield","[""Motor Vehicle in Motion"",""Motor Vehicle in Motion""]"
0,0,"Atlanta Police Department","2022-02-19","Jesse Hill Jr Dr Ne and John Wesley Dobbs Ave Ne","(O) No Injury","Daylight","On Roadway - Non-Intersection","Sideswipe-Same Direction","John Wesley Dobbs Ave Ne","Dry","14:00:00","[""Unknown"",""Unknown"",""Unknown"",""Unknown""]","Clear",0,33.757267,-84.381127,"Atlanta","FULTON","[""Motor Vehicle in Motion"",""Motor Vehicle in Motion""]","Changed Lanes Improperly","[""Motor Vehicle in Motion"",""Motor Vehicle in Motion""]"
0,0,"Atlanta Police Department","2022-02-19","15Th St Ne and Peachtree St Ne","(O) No Injury","Dark-Lighted","On Roadway - Roadway Intersection","Angle Crash","15Th St Ne","Dry","20:53:00","[""Unknown"",""Unknown""]","Clear",0,33.788375,-84.383833,"Atlanta","FULTON","[""Motor Vehicle in Motion"",""Motor Vehicle in Motion""]",,"[""Motor Vehicle in Motion"",""Motor Vehicle in Motion""]"
0,0,"Atlanta Police Department","2022-02-19","Peachtree St Ne and Peachtree St Nw","(O) No Injury","Daylight","On Roadway - Non-Intersection","Sideswipe-Same Direction","Peachtree St Nw","Dry","12:00:00","[""Unknown"",""Unknown"",""Unknown""]","Clear",0,33.757264,-84.387911,"Atlanta","FULTON","[""Motor Vehicle in Motion"",""Motor Vehicle in Motion""]","Changed Lanes Improperly","Motor Vehicle in Motion"
0,0,"Atlanta Police Department","2022-02-19","Baker Rd Nw and Hamilton E Holmes Dr Nw","(O) No Injury","Dark-Lighted","On Roadway - Roadway Intersection","Rear End","Hamilton E Holmes Dr Nw","Dry","00:50:00","[""Lap and Shoulder Belt Used"",""Lap and Shoulder Belt Used""]","Clear",0,33.769043,-84.471856,"Atlanta","FULTON","[""Motor Vehicle in Motion"",""Motor Vehicle in Motion""]","Following Too Close","[""Motor Vehicle in Motion"",""Motor Vehicle in Motion""]"
0,0,"Atlanta Police Department","2022-02-19","Law St Nw and Jefferson St Nw","(O) No Injury","Daylight","On Roadway - Non-Intersection","Rear End","Jefferson St Nw","Dry","07:30:00","Unknown","Clear",0,33.775613,-84.421597,"Atlanta","FULTON","[""Motor Vehicle in Motion"",""Motor Vehicle in Motion""]","Improper Backing","[""Motor Vehicle in Motion"",""Motor Vehicle in Motion""]"
0,0,"Atlanta Police Department","2022-02-19","13Th St Nw and Spring St Nw","(O) No Injury","Dark-Lighted","On Roadway - Non-Intersection","Angle Crash","Spring St Nw","Dry","00:45:00","[""Unknown"",""Unknown""]","Clear",0,33.785754,-84.38923,"Atlanta","FULTON","[""Motor Vehicle in Motion"",""Motor Vehicle in Motion""]","Failure to Yield","[""Motor Vehicle in Motion"",""Motor Vehicle in Motion""]"
0,1,"Atlanta Police Department","2022-02-19","None and I-85","(B) Suspected Minor/Visible Injury","Dark-Lighted","On Roadway - Non-Intersection","Not a Collision with Motor Vehicle","I-85","Dry","01:54:00","[""Unknown"",""Unknown""]","Cloudy",0,33.799633,-84.391203,"Atlanta","FULTON","Motor Vehicle in Motion",,"Motor Vehicle in Motion"
0,0,"Atlanta Police Department","2022-02-19","Bell St Ne and John Wesley Dobbs Ave Ne","(O) No Injury","Daylight","On Roadway - Managed Lane (HOV, HOT, Reversible)","Rear End","John Wesley Dobbs Ave Ne","Dry","15:30:00","[""Lap and Shoulder Belt Used"",""Unknown""]","Clear",0,33.757516,-84.379316,"Atlanta","FULTON","[""Motor Vehicle in Motion"",""Motor Vehicle in Motion""]","Following Too Close","[""Motor Vehicle in Motion"",""Motor Vehicle in Motion""]"
0,0,"Atlanta Police Department","2022-02-19","None and Exit 10A Rp","(O) No Injury","Daylight","On Roadway - Non-Intersection","Angle Crash","Exit 10A Rp","Dry","17:45:00","[""Lap and Shoulder Belt Used"",""Lap and Shoulder Belt Used""]","Clear",0,33.764109,-84.49355,"Atlanta","FULTON","[""Motor Vehicle in Motion"",""Motor Vehicle in Motion""]","Changed Lanes Improperly","[""Motor Vehicle in Motion"",""Motor Vehicle in Motion""]"
0,0,"Atlanta Police Department","2022-02-19","Central Ave Sw and Richardson St Sw","(O) No Injury","Dark-Lighted","On Roadway - Roadway Intersection","Angle Crash","Central Ave Sw","Dry","03:20:00","[""Unknown"",""Unknown"",""Unknown"",""Unknown""]","Clear",0,33.740714,-84.393434,"Atlanta","FULTON","[""Motor Vehicle in Motion"",""Motor Vehicle in Motion""]","Failure to Yield","[""Motor Vehicle in Motion"",""Motor Vehicle in Motion""]"
0,0,"Atlanta Police Department","2022-02-19","Kenilworth Dr Sw and Campbellton Rd Sw","(O) No Injury","Daylight","On Roadway - Non-Intersection","Rear End","Campbellton Rd Sw","Dry","08:20:00","[""Unknown"",""Unknown""]","Clear",0,33.714454,-84.434271,"Atlanta","FULTON","[""Motor Vehicle in Motion"",""Motor Vehicle in Motion""]","Following Too Close","[""Motor Vehicle in Motion"",""Motor Vehicle in Motion""]"
0,0,"Gsp Post 00","2022-02-19","None and I-20 Eastbound  Martin Luther","(C) Possible Injury / Complaint","Daylight","On Roadway - Non-Intersection","Rear End","I-20 Eastbound  Martin Luther","Dry","11:44:00","[""Lap and Shoulder Belt Used"",""Lap and Shoulder Belt Used""]","Clear",0,33.765298,-84.511511,"Atlanta","FULTON","[""Motor Vehicle in Motion"",""Motor Vehicle in Motion""]","Following Too Close","[""Motor Vehicle in Motion"",""Motor Vehicle in Motion""]"