"# Serious Injuries","# Visible Injuries","Agency Name (Crash Level) ","Date","Intersection Name (from Crash Report)","KABCO Severity","Light Conditions (Crash Level)","Location at Impact (Crash Level) ","Manner of Collision (Crash Level) ","Roadway (From Crash Report)","Surface Condition (Crash Level) ","Time","Safety Equipment (Crash Level) ","Weather Conditions (Crash Level)","# of Fatalities per Crash","Latitude","Longitude","Geolocated City","Geolocated County","First Harmful Event (Unit Order)","Operator/Pedestrian Contrib Factor (excl None, Other, No Contrib Factors)","Most Harmful Event (Crash Level)"
0,0,"Atlanta Police Department","2022-02-25","Hill St Se and Memorial Dr Se","(O) No Injury","Daylight","Off Roadway - Sidewalk","Not a Collision with Motor Vehicle","Memorial Dr Se","Dry","12:30:00","[""Unknown"",""Unknown""]","Clear",0,33.746855,-84.37943,"Atlanta","FULTON","[""Motor Vehicle in Motion"",""Pedal-Cycle""]","Failure to Yield","[""Motor Vehicle in Motion"",""Pedal-Cycle""]"
0,0,"Atlanta Police Department","2022-02-25","Sanders Ave Se and Moreland Ave Se","(O) No Injury","Dark-Lighted","On Roadway - Non-Intersection","Rear End","Moreland Ave Se","Dry","00:50:00","[""Unknown"",""Lap and Shoulder Belt Used"",""Lap and Shoulder Belt Used"",""Lap and Shoulder Belt Used"",""Lap and Shoulder Belt Used""]","Clear",0,33.742673,-84.349244,"Atlanta","FULTON","[""Motor Vehicle in Motion"",""Motor Vehicle in Motion""]","[""Following Too Close"",""Changed Lanes Improperly""]","Motor Vehicle in Motion"
0,0,"Gsp Post 00","2022-02-25","10Th St and I-75I-85Nb","(O) No Injury","Dark-Lighted","On Roadway - Non-Intersection","Sideswipe-Same Direction","I-75I-85Nb","Dry","06:10:00","[""Lap and Shoulder Belt Used"",""Lap and Shoulder Belt Used""]","Clear",0,33.782332,-84.390846,"Atlanta","FULTON","[""Motor Vehicle in Motion"",""Motor Vehicle in Motion""]","Changed Lanes Improperly","[""Motor Vehicle in Motion"",""Motor Vehicle in Motion""]"
0,0,"Gsp Post 00","2022-02-25","I-75 N and Peachtree St","(O) No Injury","Daylight","On Roadway - Non-Intersection","Rear End","I-75 N","Dry","15:50:00","[""Lap and Shoulder Belt Used"",""Lap and Shoulder Belt Used"",""Lap and Shoulder Belt Used"",""Lap and Shoulder Belt Used"",""Lap and Shoulder Belt Used""]","Clear",0,33.765395,-84.385209,"Atlanta","FULTON","[""Motor Vehicle in Motion"",""Motor Vehicle in Motion""]","Following Too Close","[""Motor Vehicle in Motion"",""Motor Vehicle in Motion""]"
0,0,"Atlanta Police Department","2022-02-25","I-285 Nb and Donald Lee Hollowell Pkwy Nw","(O) No Injury","Daylight","On Roadway - Non-Intersection","Rear End","I-285 Nb","Dry","20:00:00","[""Lap and Shoulder Belt Used"",""Lap and Shoulder Belt Used""]","Clear",0,33.791789,-84.488871,"Atlanta","FULTON","[""Motor Vehicle in Motion"",""Motor Vehicle in Motion""]","[""Following Too Close"",""Changed Lanes Improperly""]","[""Motor Vehicle in Motion"",""Motor Vehicle in Motion""]"
0,0,"Atlanta Police Department","2022-02-25","6Th St Ne and Juniper St Ne","(C) Possible Injury / Complaint","Daylight","On Roadway - Roadway Intersection","Sideswipe-Same Direction","Juniper St Ne","Wet","09:00:00","[""Unknown"",""Unknown"",""Child Restraint System (Properly Used)""]","Rain",0,33.777234,-84.382848,"Atlanta","FULTON","[""Motor Vehicle in Motion"",""Motor Vehicle in Motion""]","Changed Lanes Improperly","[""Motor Vehicle in Motion"",""Motor Vehicle in Motion""]"
0,0,"Gsp Post 00","2022-02-25","I-85 S and 17Th St","(O) No Injury","Daylight","On Roadway - Non-Intersection","Rear End","I-85 S","Wet","10:00:00","[""Lap and Shoulder Belt Used"",""Lap and Shoulder Belt Used"",""Lap and Shoulder Belt Used"",""Lap and Shoulder Belt Used"",""Child Restraint System (Properly Used)""]","Rain",0,33.7917,-84.391089,"Atlanta","FULTON","[""Motor Vehicle in Motion"",""Motor Vehicle in Motion""]","Following Too Close","[""Motor Vehicle in Motion"",""Motor Vehicle in Motion""]"
0,0,"Gsp Post 00","2022-02-25","10Th St` and I-7585 N","(O) No Injury","Daylight","On Roadway - Non-Intersection","Rear End","I-7585 N","Wet","08:55:00","[""Lap and Shoulder Belt Used"",""Lap and Shoulder Belt Used"",""Lap and Shoulder Belt Used""]","Rain",0,33.781504,-84.390851,"Atlanta","FULTON","[""Motor Vehicle in Motion"",""Motor Vehicle in Motion"",""Motor Vehicle in Motion""]","Following Too Close","[""Motor Vehicle in Motion"",""Motor Vehicle in Motion"",""Motor Vehicle in Motion""]"
0,0,"Gsp Post 00","2022-02-25","Interstate 7585 North and Ralph Mcgill Boulevard Overpas","(O) No Injury","Daylight","On Roadway - Non-Intersection","Sideswipe-Same Direction","Interstate 7585 North","Wet","10:50:00","[""Lap and Shoulder Belt Used"",""Lap and Shoulder Belt Used"",""Lap and Shoulder Belt Used""]","Cloudy",0,33.7651,-84.384835,"Atlanta","FULTON","[""Motor Vehicle in Motion"",""Motor Vehicle in Motion""]","Changed Lanes Improperly","[""Motor Vehicle in Motion"",""Motor Vehicle in Motion""]"
0,0,"Gsp Post 00","2022-02-25","Ga13 and I-85Sb","(O) No Injury","Daylight","On Roadway - Non-Intersection","Sideswipe-Same Direction","I-85Sb","Wet","10:10:00","[""Lap and Shoulder Belt Used"",""Lap and Shoulder Belt Used"",""Lap and Shoulder Belt Used""]","Rain",0,33.798055,-84.393209,"Atlanta","FULTON","[""Motor Vehicle in Motion"",""Motor Vehicle in Motion""]","Changed Lanes Improperly","[""Motor Vehicle in Motion"",""Motor Vehicle in Motion""]"
0,0,"Gsp Post 00","2022-02-25","I-20 Wb and Linkwood Rd","(C) Possible Injury / Complaint","Daylight","On Roadway - Non-Intersection","Rear End","I-20 Wb","Dry","15:54:00","[""Lap and Shoulder Belt Used"",""Lap and Shoulder Belt Used"",""Lap and Shoulder Belt Used"",""Lap and Shoulder Belt Used"",""Lap and Shoulder Belt Used"",""Lap and Shoulder Belt Used"",""Lap and Shoulder Belt Used"",""Lap and Shoulder Belt Used"",""Lap and Shoulder Belt Used"",""Lap and Shoulder Belt Used""]","Clear",0,33.759638,-84.48095,"Atlanta","FULTON","[""Motor Vehicle in Motion"",""Motor Vehicle in Motion"",""Motor Vehicle in Motion"",""Motor Vehicle in Motion"",""Motor Vehicle in Motion""]","[""Following Too Close"",""Following Too Close""]","[""Motor Vehicle in Motion"",""Motor Vehicle in Motion"",""Motor Vehicle in Motion"",""Motor Vehicle in Motion"",""Motor Vehicle in Motion""]"
0,0,"Gsp Post 00","2022-02-25","I-85 S and Cleveland Ave","(C) Possible Injury / Complaint","Daylight","Median","Not a Collision with Motor Vehicle","I-85 S","Wet","09:40:00","Lap and Shoulder Belt Used","Cloudy",0,33.682174,-84.411367,"Atlanta","FULTON","Median Barrier","Driver Lost Control","Median Barrier"
0,0,"Atlanta Police Department","2022-02-25","Buford Hwy Ne and Sidney Marcus Blvd Ne","(O) No Injury","Dark-Lighted","On Roadway - Roadway Intersection","Angle Crash","Sidney Marcus Blvd Ne","Dry","13:45:00","[""None Used"",""None Used""]","Clear",0,33.824122,-84.356217,"Atlanta","FULTON","[""Motor Vehicle in Motion"",""Motor Vehicle in Motion""]","Improper Turn","[""Motor Vehicle in Motion"",""Motor Vehicle in Motion""]"
0,0,"Atlanta Police Department","2022-02-25","Lenox Rd Ne and Lenox Pointe Ne","(C) Possible Injury / Complaint","Dark-Lighted","On Roadway - Non-Intersection","Angle Crash","Lenox Rd Ne","Dry","10:00:00","[""Lap and Shoulder Belt Used"",""Lap and Shoulder Belt Used""]","Clear",0,33.826266,-84.353328,"Atlanta","FULTON","[""Motor Vehicle in Motion"",""Motor Vehicle in Motion""]","Changed Lanes Improperly","[""Motor Vehicle in Motion"",""Motor Vehicle in Motion""]"
0,0,"Atlanta Police Department","2022-02-25","10Th St Ne and Piedmont Ave Ne","(O) No Injury","Daylight","On Roadway - Non-Intersection","Angle Crash","Piedmont Ave Ne","Dry","12:44:00","[""Lap and Shoulder Belt Used"",""Lap and Shoulder Belt Used""]","Clear",0,33.781908,-84.380428,"Atlanta","FULTON","[""Motor Vehicle in Motion"",""Motor Vehicle in Motion""]","Following Too Close","[""Motor Vehicle in Motion"",""Motor Vehicle in Motion""]"
0,0,"Gsp Post 00","2022-02-25","None and I75 North","(O) No Injury","Daylight","On Roadway - Non-Intersection","Rear End","I75 North","Wet","10:53:00","[""Lap and Shoulder Belt Used"",""Lap and Shoulder Belt Used""]","Rain",0,33.731795,-84.390719,"Atlanta","FULTON","[""Motor Vehicle in Motion"",""Motor Vehicle in Motion""]","Following Too Close","[""Motor Vehicle in Motion"",""Motor Vehicle in Motion""]"
0,0,"Atlanta Police Department","2022-02-25","Wieuca Rd Ne and Wieuca Park Dr Ne","(O) No Injury","Daylight","On Roadway - Non-Intersection","Rear End","Wieuca Rd Ne","Dry","16:00:00","[""Unknown"",""Unknown""]","Clear",0,33.864535,-84.370806,"Atlanta","FULTON","[""Motor Vehicle in Motion"",""Motor Vehicle in Motion""]","Following Too Close","[""Motor Vehicle in Motion"",""Motor Vehicle in Motion""]"
0,0,"Atlanta Police Department","2022-02-25","Sharon St Nw and Chappell Rd Nw","(O) No Injury","Daylight","On Roadway - Non-Intersection","Rear End","Chappell Rd Nw","Wet","09:57:00","[""Lap and Shoulder Belt Used"",""Lap and Shoulder Belt Used""]","Clear",0,33.754566,-84.433457,"Atlanta","FULTON","[""Motor Vehicle in Motion"",""Motor Vehicle in Motion""]",,"[""Motor Vehicle in Motion"",""Motor Vehicle in Motion""]"
0,1,"Atlanta Police Department","2022-02-25","Peeples St Sw and Ralph David Abernathy Blvd Sw","(B) Suspected Minor/Visible Injury","Daylight","On Roadway - Roadway Intersection","Angle Crash","Peeples St Sw","Dry","15:01:00","[""Lap and Shoulder Belt Used"",""Lap and Shoulder Belt Used"",""Lap and Shoulder Belt Used"",""Child Restraint System (Properly Used)"",""Lap and Shoulder Belt Used"",""Lap and Shoulder Belt Used""]","Clear",0,33.738016,-84.420474,"Atlanta","FULTON","[""Motor Vehicle in Motion"",""Motor Vehicle in Motion"",""Motor Vehicle in Motion""]",,"[""Motor Vehicle in Motion"",""Motor Vehicle in Motion"",""Motor Vehicle in Motion""]"
0,0,"Atlanta Police Department","2022-02-25","N Eugenia Pl Nw and Donald Lee Hollowell Pkwy Nw","(O) No Injury","Dark-Lighted","On Roadway - Driveway Intersection","Angle Crash","N Eugenia Pl Nw","Dry","01:00:00","[""Lap and Shoulder Belt Used"",""Lap and Shoulder Belt Used""]","Clear",0,33.776698,-84.453091,"Atlanta","FULTON","[""Motor Vehicle in Motion"",""Motor Vehicle in Motion""]","Failure to Yield","[""Motor Vehicle in Motion"",""Motor Vehicle in Motion""]"
0,0,"Atlanta Police Department","2022-02-25","Beecher St Sw and Cascade Ave Sw","(C) Possible Injury / Complaint","Daylight","On Roadway - Driveway Intersection","Angle Crash","Beecher St Sw","Dry","15:42:00","[""Unknown"",""Unknown""]","Clear",0,33.733664,-84.439582,"Atlanta","FULTON","[""Motor Vehicle in Motion"",""Motor Vehicle in Motion""]",,"[""Motor Vehicle in Motion"",""Motor Vehicle in Motion""]"
0,0,"Gsp Post 00","2022-02-25","I-20 West and Mlk Jr Dr.","(O) No Injury","Daylight","On Roadway - Non-Intersection","Rear End","I-20 West","Dry","17:11:00","[""Lap and Shoulder Belt Used"",""Lap and Shoulder Belt Used""]","Clear",0,33.750952,-84.444596,"Atlanta","FULTON","[""Motor Vehicle in Motion"",""Motor Vehicle in Motion""]","Following Too Close","[""Motor Vehicle in Motion"",""Motor Vehicle in Motion""]"
0,0,"Atlanta Police Department","2022-02-25","Oak St Sw and Dunn St Sw","(O) No Injury","Daylight","On Roadway - Non-Intersection","Sideswipe-Same Direction","Dunn St Sw","Wet","08:00:00","[""Lap and Shoulder Belt Used"",""Lap and Shoulder Belt Used""]","Rain",0,33.74049,-84.416516,"Atlanta","FULTON","[""Motor Vehicle in Motion"",""Motor Vehicle in Motion""]",,"[""Motor Vehicle in Motion"",""Motor Vehicle in Motion""]"
0,0,"Gsp Post 00","2022-02-25","Mt Paran Rd and I-75 Northbound","(O) No Injury","Dusk","On Roadway - Non-Intersection","Rear End","I-75 Northbound","Dry","18:15:00","[""Lap and Shoulder Belt Used"",""Lap and Shoulder Belt Used"",""Lap and Shoulder Belt Used""]","Clear",0,33.862537,-84.437219,"Atlanta","FULTON","[""Motor Vehicle in Motion"",""Motor Vehicle in Motion""]","Following Too Close","[""Motor Vehicle in Motion"",""Motor Vehicle in Motion""]"
0,0,"Gsp Post 00","2022-02-25","I-285 and I-20 West","(O) No Injury","Daylight","On Roadway - Non-Intersection","Sideswipe-Same Direction","I-20 West","Dry","16:06:00","[""Unknown"",""Lap and Shoulder Belt Used""]","Clear",0,33.762971,-84.489198,"Atlanta","FULTON","[""Motor Vehicle in Motion"",""Motor Vehicle in Motion""]","Changed Lanes Improperly","[""Motor Vehicle in Motion"",""Motor Vehicle in Motion""]"
0,1,"Gsp Post 00","2022-02-25","Piedmont Road and Lakeshore Drive","(B) Suspected Minor/Visible Injury","Dark-Lighted","On Roadway - Roadway Intersection","Angle Crash","Piedmont Road","Dry","22:25:00","[""Lap and Shoulder Belt Used"",""Lap and Shoulder Belt Used"",""Lap and Shoulder Belt Used"",""Lap and Shoulder Belt Used""]","Clear",0,33.815893,-84.366626,"Atlanta","FULTON","[""Motor Vehicle in Motion"",""Motor Vehicle in Motion""]","Failure to Yield","[""Motor Vehicle in Motion"",""Motor Vehicle in Motion""]"
0,0,"Atlanta Police Department","2022-02-25","Mitchell St Sw and Northside Dr Sw","(C) Possible Injury / Complaint","Daylight","On Roadway - Driveway Intersection","Rear End","Northside Dr Sw","Dry","10:05:00","Lap and Shoulder Belt Used","Cloudy",0,33.753381,-84.402825,"Atlanta","FULTON","[""Motor Vehicle in Motion"",""Motor Vehicle in Motion""]","Following Too Close","[""Motor Vehicle in Motion"",""Motor Vehicle in Motion""]"
0,0,"Atlanta Police Department","2022-02-25","None and Dekalb Ave Ne","(C) Possible Injury / Complaint","Daylight","On Roadway - Non-Intersection","Rear End","Dekalb Ave Ne","Dry","14:10:00","[""Unknown"",""Unknown""]","Cloudy",0,33.760024,-84.349401,"Atlanta","FULTON","[""Motor Vehicle in Motion"",""Motor Vehicle in Motion""]",,"[""Motor Vehicle in Motion"",""Motor Vehicle in Motion""]"
0,0,"Gsp Post 00","2022-02-25","I-20 East and Moreland Avenue","(O) No Injury","Daylight","On Roadway - Non-Intersection","Sideswipe-Same Direction","I-20 East","Dry","15:45:00","[""Lap and Shoulder Belt Used"",""Lap and Shoulder Belt Used"",""Lap and Shoulder Belt Used""]","Clear",0,33.7439,-84.355482,"Atlanta","FULTON","[""Motor Vehicle in Motion"",""Motor Vehicle in Motion""]","Changed Lanes Improperly","[""Motor Vehicle in Motion"",""Motor Vehicle in Motion""]"
0,0,"Gsp Post 00","2022-02-25","I-285 and 166 West","(O) No Injury","Daylight","On Roadway - Non-Intersection","Rear End","166 West","Dry","14:23:00","[""Lap and Shoulder Belt Used"",""Lap and Shoulder Belt Used"",""Lap and Shoulder Belt Used""]","Clear",0,33.690286,-84.495696,"Atlanta","FULTON","[""Motor Vehicle in Motion"",""Motor Vehicle in Motion"",""Motor Vehicle in Motion""]","Following Too Close","[""Motor Vehicle in Motion"",""Motor Vehicle in Motion"",""Motor Vehicle in Motion""]"
0,0,"Gsp Post 00","2022-02-25","Lee St and I-20 West","(O) No Injury","Dark-Not Lighted","On Roadway - Non-Intersection","Rear End","I-20 West","Dry","18:43:00","[""Lap and Shoulder Belt Used"",""Lap and Shoulder Belt Used"",""Child Restraint System (Properly Used)"",""Lap and Shoulder Belt Used""]","Clear",0,33.741425,-84.412316,"Atlanta","FULTON","[""Motor Vehicle in Motion"",""Motor Vehicle in Motion""]","Following Too Close","[""Motor Vehicle in Motion"",""Motor Vehicle in Motion""]"
0,0,"Atlanta Police Department","2022-02-25","Bolton Pl Nw and Marietta Blvd Nw","(O) No Injury","Daylight","On Roadway - Non-Intersection","Rear End","Marietta Blvd Nw","Water (standing or moving)","08:07:00","[""Unknown"",""Unknown""]","Rain",0,33.814447,-84.440757,"Atlanta","FULTON","[""Motor Vehicle in Motion"",""Motor Vehicle in Motion""]","Following Too Close","[""Motor Vehicle in Motion"",""Motor Vehicle in Motion""]"
0,0,"Atlanta Police Department","2022-02-25","Pine St Ne and Peachtree St Ne","(C) Possible Injury / Complaint","Dark-Not Lighted","Entrance/Exit Ramp","Not a Collision with Motor Vehicle","Pine St Ne","Dry","02:07:00","[""Unknown"",""Unknown""]","Clear",0,33.767352,-84.38769,"Atlanta","FULTON","Other Non-Collision","Driver Lost Control","Tree"
0,1,"Fulton Co Sheriff's Office","2022-02-25","I85 Sb and Cleveland Ave Sw","(B) Suspected Minor/Visible Injury","Daylight","On Shoulder","Not a Collision with Motor Vehicle","I85 Sb","Wet","09:30:00","[""Lap and Shoulder Belt Used"",""Child Restraint System (Properly Used)"",""Child Restraint System (Properly Used)""]","Rain",0,33.683601,-84.409574,"Atlanta","FULTON","Guard Rail End","[""Too Fast for Conditions"",""Driver Lost Control""]","Guard Rail End"
0,0,"Atlanta Police Department","2022-02-25","I-20 and Lee St Sw","(O) No Injury","Dark-Lighted","On Roadway - Non-Intersection","Angle Crash","I-20","Dry","21:10:00","[""Unknown"",""Unknown""]","Clear",0,33.741343,-84.414147,"Atlanta","FULTON","[""Motor Vehicle in Motion"",""Motor Vehicle in Motion""]","Improper Turn","[""Motor Vehicle in Motion"",""Motor Vehicle in Motion""]"
0,0,"Atlanta Police Department","2022-02-25","W Wieuca Rd Nw and Powers Ferry Rd Nw","(O) No Injury","Daylight","On Roadway - Roadway Intersection","Rear End","Powers Ferry Rd Nw","Wet","08:00:00","[""Unknown"",""Unknown"",""Child Restraint System (Properly Used)"",""Child Restraint System (Properly Used)"",""Unknown""]","Rain",0,33.87308,-84.396286,"Atlanta","FULTON","[""Motor Vehicle in Motion"",""Motor Vehicle in Motion""]","Too Fast for Conditions","[""Motor Vehicle in Motion"",""Motor Vehicle in Motion""]"
0,0,"Atlanta Police Department","2022-02-25","I-75 and Exit 244","(O) No Injury","Dark-Not Lighted","On Roadway - Non-Intersection","Sideswipe-Same Direction","I-75","Dry","21:30:00","[""Unknown"",""Unknown""]","Clear",0,33.718562,-84.397259,"Atlanta","FULTON","[""Motor Vehicle in Motion"",""Motor Vehicle in Motion""]","Changed Lanes Improperly","[""Motor Vehicle in Motion"",""Motor Vehicle in Motion""]"
0,0,"Gsp Post 00","2022-02-25","I-7585 South and University Ave","(O) No Injury","Daylight","On Roadway - Non-Intersection","Sideswipe-Same Direction","I-7585 South","Dry","13:54:00","[""Lap and Shoulder Belt Used"",""Lap and Shoulder Belt Used""]","Cloudy",0,33.717154,-84.398389,"Atlanta","FULTON","[""Motor Vehicle in Motion"",""Motor Vehicle in Motion""]","Failure to Yield","[""Motor Vehicle in Motion"",""Motor Vehicle in Motion""]"
0,0,"Atlanta Police Department","2022-02-25","Fairburn Rd Nw and Martin Luther King Jr Dr Sw","(O) No Injury","Daylight","On Roadway - Driveway Intersection","Angle Crash","Fairburn Rd Nw","Water (standing or moving)","07:55:00","[""Lap and Shoulder Belt Used"",""Lap and Shoulder Belt Used""]","Rain",0,33.760098,-84.50524,"Atlanta","FULTON","[""Motor Vehicle in Motion"",""Motor Vehicle in Motion""]","Failure to Yield","[""Motor Vehicle in Motion"",""Motor Vehicle in Motion""]"
0,0,"Atlanta Police Department","2022-02-25","Pharr Rd Ne and Piedmont Rd Ne","(C) Possible Injury / Complaint","Dark-Lighted","On Roadway - Roadway Intersection","Angle Crash","Pharr Rd Ne","Dry","18:55:00","[""Lap and Shoulder Belt Used"",""Lap and Shoulder Belt Used"",""Lap and Shoulder Belt Used"",""Lap and Shoulder Belt Used""]","Clear",0,33.836972,-84.368074,"Atlanta","FULTON","[""Motor Vehicle in Motion"",""Motor Vehicle in Motion""]","Disregard Other Traffic Control","[""Motor Vehicle in Motion"",""Motor Vehicle in Motion""]"
0,0,"Gsp Post 00","2022-02-25","Ga 400 and Interstate 85 South","(O) No Injury","Daylight","On Roadway - Non-Intersection","Sideswipe-Same Direction","Interstate 85 South","Dry","17:36:00","[""Unknown"",""Lap and Shoulder Belt Used""]","Clear",0,33.823314,-84.355502,"Atlanta","FULTON","[""Motor Vehicle in Motion"",""Motor Vehicle in Motion""]","Changed Lanes Improperly","[""Motor Vehicle in Motion"",""Motor Vehicle in Motion""]"
0,0,"Atlanta Police Department","2022-02-25","North Ave Ne and Peachtree St Ne","(C) Possible Injury / Complaint","Daylight","On Roadway - Roadway Intersection","Rear End","Peachtree St Ne","Dry","16:00:00","[""Unknown"",""Unknown"",""Unknown"",""Unknown""]","Clear",0,33.771129,-84.385012,"Atlanta","FULTON","[""Motor Vehicle in Motion"",""Motor Vehicle in Motion"",""Motor Vehicle in Motion""]","Following Too Close","[""Motor Vehicle in Motion"",""Motor Vehicle in Motion"",""Motor Vehicle in Motion""]"
0,0,"Atlanta Police Department","2022-02-25","Stratford Rd Ne and Peachtree Rd Ne","(O) No Injury","Dark-Lighted","On Roadway - Roadway Intersection","Angle Crash","Peachtree Rd Ne","Dry","21:46:00","[""Unknown"",""Unknown"",""Unknown""]","Cloudy",0,33.848573,-84.366404,"Atlanta","FULTON","[""Motor Vehicle in Motion"",""Motor Vehicle in Motion""]","Changed Lanes Improperly","[""Motor Vehicle in Motion"",""Motor Vehicle in Motion""]"
0,0,"Gsp Post 00","2022-02-25","17Th Street Overpass and Interstate 7585 North","(O) No Injury","Daylight","On Roadway - Non-Intersection","Rear End","Interstate 7585 North","Dry","15:22:00","[""Lap and Shoulder Belt Used"",""Lap and Shoulder Belt Used""]","Clear",0,33.789443,-84.390813,"Atlanta","FULTON","[""Motor Vehicle in Motion"",""Motor Vehicle in Motion""]","Following Too Close","[""Motor Vehicle in Motion"",""Motor Vehicle in Motion""]"
0,0,"Atlanta Police Department","2022-02-25","None and Bethel Dr Nw","(C) Possible Injury / Complaint","Daylight","On Roadway - Non-Intersection","Angle Crash","Bethel Dr Nw","Dry","10:50:00","[""Unknown"",""None Used""]","Clear",0,33.762477,-84.455923,"Atlanta","FULTON","[""Motor Vehicle in Motion"",""Parked Motor Vehicle""]",,"[""Motor Vehicle in Motion"",""Parked Motor Vehicle""]"
0,1,"Atlanta Police Department","2022-02-25","Pharr Rd Nw and Peachtree Rd Ne","(B) Suspected Minor/Visible Injury","Daylight","On Roadway - Non-Intersection","Rear End","Peachtree Rd Ne","Dry","18:20:00","[""Unknown"",""Unknown"",""Unknown"",""Unknown""]","Clear",0,33.83707,-84.381644,"Atlanta","FULTON","[""Motor Vehicle in Motion"",""Motor Vehicle in Motion""]","Following Too Close","[""Motor Vehicle in Motion"",""Motor Vehicle in Motion""]"
0,0,"Atlanta Police Department","2022-02-25","Central Ave Sw and Lower Alabama St Sw","(O) No Injury","Dark-Lighted","On Roadway - Roadway Intersection","Angle Crash","Central Ave Sw","Dry","22:35:00","[""Unknown"",""Unknown""]","Clear",0,33.752254,-84.388667,"Atlanta","FULTON","[""Motor Vehicle in Motion"",""Motor Vehicle in Motion""]","Changed Lanes Improperly","[""Motor Vehicle in Motion"",""Motor Vehicle in Motion""]"
0,0,"Atlanta Police Department","2022-02-25","Maple Dr Ne and Peachtree Rd Ne","(O) No Injury","Daylight","On Roadway - Roadway Intersection","Sideswipe-Same Direction","Peachtree Rd Ne","Dry","15:10:00","[""Lap and Shoulder Belt Used"",""Lap and Shoulder Belt Used""]","Clear",0,33.843108,-84.372381,"Atlanta","FULTON","[""Motor Vehicle in Motion"",""Motor Vehicle in Motion""]",,"[""Motor Vehicle in Motion"",""Motor Vehicle in Motion""]"
0,0,"Atlanta Police Department","2022-02-25","Monroe Dr Ne and Amsterdam Ave Ne","(C) Possible Injury / Complaint","Daylight","On Roadway - Roadway Intersection","Angle Crash","Monroe Dr Ne","Wet","12:23:00","[""Lap and Shoulder Belt Used"",""Lap and Shoulder Belt Used""]","Rain",0,33.788194,-84.367238,"Atlanta","FULTON","[""Motor Vehicle in Motion"",""Motor Vehicle in Motion""]","Failure to Yield","[""Motor Vehicle in Motion"",""Motor Vehicle in Motion""]"
1,0,"Atlanta Police Department","2022-02-25","Peachtree Rd Ne and Peachtree Ave Ne","(A) Suspected Serious Injury","Dark-Lighted","On Roadway - Non-Intersection","Not a Collision with Motor Vehicle","Peachtree Rd Ne","Dry","19:14:00","[""Lap and Shoulder Belt Used"",""Lap and Shoulder Belt Used"",""None Used""]","Clear",0,33.835799,-84.381993,"Atlanta","FULTON","[""Motor Vehicle in Motion"",""Pedestrian""]",,"Motor Vehicle in Motion"
0,0,"Atlanta Police Department","2022-02-25","Bolton Rd Nw and James Jackson Pkwy Nw","(C) Possible Injury / Complaint","Dark-Lighted","On Roadway - Roadway Intersection","Rear End","James Jackson Pkwy Nw","Dry","20:00:00","[""Lap and Shoulder Belt Used"",""Lap and Shoulder Belt Used"",""Lap and Shoulder Belt Used"",""Lap and Shoulder Belt Used"",""Lap and Shoulder Belt Used""]","Clear",0,33.81104,-84.476489,"Atlanta","FULTON","[""Motor Vehicle in Motion"",""Motor Vehicle in Motion""]","Following Too Close","[""Motor Vehicle in Motion"",""Motor Vehicle in Motion""]"
0,0,"Gsp Post 00","2022-02-25","I-85 Sb and Ga-13 Sb","(C) Possible Injury / Complaint","Daylight","On Roadway - Non-Intersection","Rear End","I-85 Sb","Wet","08:34:00","[""Lap and Shoulder Belt Used"",""Lap and Shoulder Belt Used"",""Lap and Shoulder Belt Used""]","Rain",0,33.803064,-84.385686,"Atlanta","FULTON","[""Motor Vehicle in Motion"",""Motor Vehicle in Motion"",""Motor Vehicle in Motion""]","Following Too Close","[""Motor Vehicle in Motion"",""Motor Vehicle in Motion"",""Motor Vehicle in Motion""]"
0,0,"Atlanta Police Department","2022-02-25","10Th St Ne and Monroe Dr Ne","(O) No Injury","Daylight","On Roadway - Driveway Intersection","Angle Crash","10Th St Ne","Dry","17:30:00","[""Unknown"",""Unknown""]","Clear",0,33.781763,-84.36882,"Atlanta","FULTON","[""Motor Vehicle in Motion"",""Motor Vehicle in Motion""]","Misjudged Clearance","Motor Vehicle in Motion"
0,0,"Atlanta Police Department","2022-02-25","10Th St Ne and Charles Allen Dr Ne","(O) No Injury","Daylight","On Roadway - Non-Intersection","Sideswipe-Same Direction","10Th St Ne","Dry","12:51:00","[""Lap and Shoulder Belt Used"",""Lap and Shoulder Belt Used""]","Cloudy",0,33.781773,-84.372118,"Atlanta","FULTON","[""Motor Vehicle in Motion"",""Motor Vehicle in Motion""]","Changed Lanes Improperly","[""Motor Vehicle in Motion"",""Motor Vehicle in Motion""]"
0,0,"Atlanta Police Department","2022-02-25","Cleveland Ave Sw and Old Hapeville Rd Sw","(C) Possible Injury / Complaint","Dark-Not Lighted","On Roadway - Roadway Intersection","Angle Crash","Cleveland Ave Sw","Dry","20:51:00","[""Unknown"",""Unknown"",""Unknown""]","Clear",0,33.681119,-84.393885,"Atlanta","FULTON","[""Motor Vehicle in Motion"",""Motor Vehicle in Motion""]",,"[""Motor Vehicle in Motion"",""Motor Vehicle in Motion""]"
0,0,"Gsp Post 00","2022-02-25","I-285Nb and Bolton Rd","(C) Possible Injury / Complaint","Dark-Not Lighted","On Roadway - Non-Intersection","Rear End","I-285Nb","Dry","19:30:00","[""Lap and Shoulder Belt Used"",""Lap and Shoulder Belt Used"",""Lap and Shoulder Belt Used"",""Lap and Shoulder Belt Used""]","Clear",0,33.808172,-84.494641,"Atlanta","FULTON","[""Motor Vehicle in Motion"",""Motor Vehicle in Motion""]","Following Too Close","[""Motor Vehicle in Motion"",""Motor Vehicle in Motion""]"