"# Serious Injuries","# Visible Injuries","Agency Name (Crash Level) ","Date","Intersection Name (from Crash Report)","KABCO Severity","Light Conditions (Crash Level)","Location at Impact (Crash Level) ","Manner of Collision (Crash Level) ","Roadway (From Crash Report)","Surface Condition (Crash Level) ","Time","Safety Equipment (Crash Level) ","Weather Conditions (Crash Level)","# of Fatalities per Crash","Latitude","Longitude","Geolocated City","Geolocated County","First Harmful Event (Unit Order)","Operator/Pedestrian Contrib Factor (excl None, Other, No Contrib Factors)","Most Harmful Event (Crash Level)"
0,0,"Gsp Post 00","2022-02-25","Mlk Jr Drive and I-7585 South","(O) No Injury","Daylight","On Roadway - Non-Intersection","Rear End","I-7585 South","Dry","17:20:00","[""Unknown"",""Unknown"",""Unknown""]","Clear",0,33.750631,-84.381533,"Atlanta","FULTON","[""Motor Vehicle in Motion"",""Motor Vehicle in Motion"",""Motor Vehicle in Motion""]","Following Too Close","[""Motor Vehicle in Motion"",""Motor Vehicle in Motion"",""Motor Vehicle in Motion""]"
0,0,"Atlanta Police Department","2022-02-25","North Ave Nw and Centennial Olympic Park Dr Nw","(O) No Injury","Daylight","On Roadway - Roadway Intersection","Sideswipe-Same Direction","Centennial Olympic Park Dr Nw","Water (standing or moving)","10:00:00","[""Lap and Shoulder Belt Used"",""Lap and Shoulder Belt Used""]","Cloudy",0,33.771289,-84.392064,"Atlanta","FULTON","[""Motor Vehicle in Motion"",""Parked Motor Vehicle""]","Improper Passing","[""Motor Vehicle in Motion"",""Parked Motor Vehicle""]"
0,0,"Atlanta Police Department","2022-02-25","I-85 S and Lenox Rd Ne","(O) No Injury","Daylight","On Roadway - Roadway Intersection","Angle Crash","Lenox Rd Ne","Dry","05:00:00","[""Lap and Shoulder Belt Used"",""Lap and Shoulder Belt Used""]","Clear",0,33.823788,-84.352023,"Atlanta","FULTON","[""Motor Vehicle in Motion"",""Motor Vehicle in Motion""]","Disregard Other Traffic Control","[""Motor Vehicle in Motion"",""Motor Vehicle in Motion""]"
0,0,"Atlanta Police Department","2022-02-25","I-75 and Exit 244","(K) Fatal Injury","Dark-Lighted","On Roadway - Non-Intersection","Not a Collision with Motor Vehicle","I-75","Dry","23:28:00","[""Lap and Shoulder Belt Used"",""None Used""]","Clear",1,33.718978,-84.397397,"Atlanta","FULTON","[""Pedestrian"",""Pedestrian""]",,"Motor Vehicle in Motion"
0,0,"Atlanta Police Department","2022-02-25","Piedmont Ave Ne and N Rock Springs Rd Ne","(O) No Injury","Dark-Not Lighted","Off Roadway","Sideswipe-Opposite Direction","Piedmont Ave Ne","Dry","02:52:00","[""Unknown"",""Unknown""]","Clear",0,33.805722,-84.367221,"Atlanta","FULTON","[""Other - Fixed Object"",""Motor Vehicle in Motion""]","Improper Passing","[""Motor Vehicle in Motion"",""Other - Fixed Object""]"
0,0,"Atlanta Police Department","2022-02-25","Barnett St Ne and Greenwood Ave Ne","(C) Possible Injury / Complaint","Dark-Lighted","On Roadway - Roadway Intersection","Not a Collision with Motor Vehicle","Barnett St Ne","Dry","19:10:00","[""Lap and Shoulder Belt Used"",""None Used""]","Clear",0,33.776696,-84.358678,"Atlanta","FULTON","[""Other Object (Not Fixed)"",""Motor Vehicle in Motion""]","[""Disregard Stop Sign/Signal"",""Under the Influence (U.I.)""]","[""Other Object (Not Fixed)"",""Pedal-Cycle""]"
0,0,"Atlanta Police Department","2022-02-25","I-285 Nb and Bolton Rd Nw","(O) No Injury","Daylight","On Roadway - Roadway Intersection","Angle Crash","Bolton Rd Nw","Dry","14:57:00","[""Unknown"",""Lap and Shoulder Belt Used""]","Clear",0,33.800426,-84.487997,"Atlanta","FULTON","[""Motor Vehicle in Motion"",""Motor Vehicle in Motion""]","Failure to Yield","Motor Vehicle in Motion"
0,0,"Atlanta Police Department","2022-02-25","None and Bill Kennedy Way Se","(O) No Injury","Daylight","On Roadway - Roadway Intersection","Not a Collision with Motor Vehicle","Bill Kennedy Way Se","Dry","13:00:00","Lap and Shoulder Belt Used","Clear",0,33.746592,-84.358188,"Atlanta","FULTON","Other Non-Collision","Misjudged Clearance","Utility Pole"
0,0,"Atlanta Police Department","2022-02-25","Virginia Ave Ne and Briarcliff Rd Ne","(C) Possible Injury / Complaint","Daylight","On Roadway - Roadway Intersection","Angle Crash","Virginia Ave Ne","Water (standing or moving)","07:00:00","[""Lap and Shoulder Belt Used"",""Lap and Shoulder Belt Used""]","Cloudy",0,33.778747,-84.345594,"Atlanta","DEKALB","[""Motor Vehicle in Motion"",""Motor Vehicle in Motion""]","Misjudged Clearance","[""Motor Vehicle in Motion"",""Motor Vehicle in Motion""]"
0,0,"Atlanta Police Department","2022-02-25","Northside Dr Nw and Donald Lee Hollowell Pkwy Nw","(O) No Injury","Daylight","On Roadway - Non-Intersection","Sideswipe-Same Direction","Northside Dr Nw","Dry","17:20:00","[""Unknown"",""Unknown"",""Child Restraint System (Properly Used)""]","Clear",0,33.773348,-84.408984,"Atlanta","FULTON","[""Motor Vehicle in Motion"",""Motor Vehicle in Motion""]","Changed Lanes Improperly","[""Motor Vehicle in Motion"",""Motor Vehicle in Motion""]"
0,0,"Atlanta Police Department","2022-02-25","Marietta St Nw and Centennial Olympic Park Dr Nw","(O) No Injury","Daylight","On Roadway - Non-Intersection","Angle Crash","Centennial Olympic Park Dr Nw","Dry","14:50:00","[""Unknown"",""Unknown""]","Clear",0,33.757517,-84.394017,"Atlanta","FULTON","[""Motor Vehicle in Motion"",""Motor Vehicle in Motion""]",,"[""Motor Vehicle in Motion"",""Motor Vehicle in Motion""]"
0,0,"Gsp Post 00","2022-02-25","I-75 North and I-85 South","(O) No Injury","Daylight","On Roadway - Non-Intersection","Rear End","I-85 South","Wet","12:30:00","[""Lap and Shoulder Belt Used"",""Lap and Shoulder Belt Used""]","Cloudy",0,33.795886,-84.393666,"Atlanta","FULTON","[""Motor Vehicle in Motion"",""Motor Vehicle in Motion""]","Following Too Close","[""Motor Vehicle in Motion"",""Motor Vehicle in Motion""]"
0,0,"Gsp Post 00","2022-02-25","Georgia 400 and Interstate 85 South","(C) Possible Injury / Complaint","Daylight","On Roadway - Non-Intersection","Sideswipe-Same Direction","Interstate 85 South","Dry","14:06:00","[""Lap and Shoulder Belt Used"",""Lap and Shoulder Belt Used"",""Lap and Shoulder Belt Used""]","Clear",0,33.813673,-84.366569,"Atlanta","FULTON","[""Motor Vehicle in Motion"",""Motor Vehicle in Motion""]","Changed Lanes Improperly","[""Motor Vehicle in Motion"",""Median Barrier""]"
0,0,"Atlanta Police Department","2022-02-25","Bolton Rd Nw and James Jackson Pkwy Nw","(O) No Injury","Daylight","On Roadway - Roadway Intersection","Rear End","Bolton Rd Nw","Dry","13:08:00","[""Unknown"",""Lap and Shoulder Belt Used""]","Clear",0,33.81096,-84.476477,"Atlanta","FULTON","[""Motor Vehicle in Motion"",""Motor Vehicle in Motion""]","Following Too Close","Motor Vehicle in Motion"
0,0,"Atlanta Police Department","2022-02-25","Memorial Dr Se and Eva Davis Way Se","(C) Possible Injury / Complaint","Daylight","On Roadway - Roadway Intersection","Rear End","Memorial Dr Se","Dry","17:56:00","[""Lap and Shoulder Belt Used"",""Lap and Shoulder Belt Used"",""Lap and Shoulder Belt Used""]","Clear",0,33.747349,-84.31437,"Atlanta","DEKALB","[""Motor Vehicle in Motion"",""Motor Vehicle in Motion""]","[""Following Too Close"",""Following Too Close""]","[""Motor Vehicle in Motion"",""Motor Vehicle in Motion""]"
0,0,"Fulton Co Sheriff's Office","2022-02-25","I8575 Sb and Armour Dr","(C) Possible Injury / Complaint","Daylight","Entrance/Exit Ramp","Rear End","I8575 Sb","Dry","16:34:00","[""Unknown"",""Unknown"",""Unknown""]","Clear",0,33.813889,-84.366245,"Atlanta","FULTON","[""Motor Vehicle in Motion"",""Motor Vehicle in Motion"",""Motor Vehicle in Motion""]","Following Too Close","[""Motor Vehicle in Motion"",""Motor Vehicle in Motion"",""Motor Vehicle in Motion""]"
0,0,"Atlanta Police Department","2022-02-25","Chantilly Dr Ne and Cheshire Bridge Rd Ne","(O) No Injury","Daylight","On Roadway - Roadway Intersection","Sideswipe-Same Direction","Cheshire Bridge Rd Ne","Dry","15:00:00","[""Unknown"",""Unknown""]","Clear",0,33.822798,-84.351709,"Atlanta","FULTON","[""Motor Vehicle in Motion"",""Motor Vehicle in Motion""]","Changed Lanes Improperly","[""Motor Vehicle in Motion"",""Motor Vehicle in Motion""]"
0,0,"Atlanta Police Department","2022-02-25","Brady Ave Nw and Howell Mill Rd Nw","(O) No Injury","Daylight","On Roadway - Non-Intersection","Angle Crash","Brady Ave Nw","Dry","16:32:00","[""Lap and Shoulder Belt Used"",""Lap and Shoulder Belt Used"",""Lap and Shoulder Belt Used""]","Clear",0,33.783739,-84.412482,"Atlanta","FULTON","[""Motor Vehicle in Motion"",""Motor Vehicle in Motion""]","Improper Turn","[""Motor Vehicle in Motion"",""Motor Vehicle in Motion""]"
0,0,"Gsp Post 00","2022-02-25","I-85 S and Armour Dr","(O) No Injury","Daylight","On Roadway - Non-Intersection","Rear End","I-85 S","Dry","16:20:00","[""Lap and Shoulder Belt Used"",""Lap and Shoulder Belt Used""]","Clear",0,33.809871,-84.375958,"Atlanta","FULTON","[""Motor Vehicle in Motion"",""Motor Vehicle in Motion""]","Following Too Close","[""Motor Vehicle in Motion"",""Motor Vehicle in Motion""]"
0,0,"Atlanta Police Department","2022-02-25","Atwood St Sw and Greenwich St Sw","(O) No Injury","Daylight","On Roadway - Non-Intersection","Rear End","Atwood St Sw","Dry","21:45:00","Unknown","Clear",0,33.74347,-84.42882,"Atlanta","FULTON","[""Motor Vehicle in Motion"",""Motor Vehicle in Motion""]","[""Driver Lost Control"",""Under the Influence (U.I.)""]","[""Parked Motor Vehicle"",""Motor Vehicle in Motion""]"
0,0,"Atlanta Police Department","2022-02-26","None and I-75","(O) No Injury","Daylight","On Roadway - Non-Intersection","Angle Crash","I-75","Dry","14:10:00","[""Lap and Shoulder Belt Used"",""Lap and Shoulder Belt Used"",""Lap and Shoulder Belt Used""]","Clear",0,33.808183,-84.417605,"Atlanta","FULTON","[""Motor Vehicle in Motion"",""Motor Vehicle in Motion""]","Changed Lanes Improperly","[""Motor Vehicle in Motion"",""Motor Vehicle in Motion""]"
0,0,"Atlanta Police Department","2022-02-26","W Wesley Rd Nw and Howell Mill Rd Nw","(C) Possible Injury / Complaint","Dark-Lighted","On Roadway - Roadway Intersection","Angle Crash","Howell Mill Rd Nw","Dry","20:08:00","[""Lap and Shoulder Belt Used"",""Lap and Shoulder Belt Used""]","Clear",0,33.828698,-84.415776,"Atlanta","FULTON","[""Motor Vehicle in Motion"",""Motor Vehicle in Motion""]","Improper Turn","[""Motor Vehicle in Motion"",""Motor Vehicle in Motion""]"
0,0,"Atlanta Police Department","2022-02-26","Langford Pkwy and Metropolitan Pkwy Sw","(O) No Injury","Daylight","On Roadway - Roadway Intersection","Sideswipe-Same Direction","Langford Pkwy","Dry","18:30:00","[""None Used"",""None Used""]","Clear",0,33.696559,-84.408105,"Atlanta","FULTON","[""Motor Vehicle in Motion"",""Motor Vehicle in Motion""]",,"[""Motor Vehicle in Motion"",""Motor Vehicle in Motion""]"
0,0,"Atlanta Police Department","2022-02-26","Cleveland Ave Se and Browns Mill Rd Se","(O) No Injury","Daylight","On Roadway - Driveway Intersection","Rear End","Browns Mill Rd Se","Dry","11:02:00","[""Lap and Shoulder Belt Used"",""Lap and Shoulder Belt Used""]","Cloudy",0,33.681047,-84.384314,"Atlanta","FULTON","[""Motor Vehicle in Motion"",""Motor Vehicle in Motion""]","Following Too Close","[""Motor Vehicle in Motion"",""Motor Vehicle in Motion""]"
0,0,"Atlanta Police Department","2022-02-26","Barge Rd Sw and Campbellton Rd Sw","(O) No Injury","Dark-Lighted","On Roadway - Roadway Intersection","Sideswipe-Same Direction","Campbellton Rd Sw","Dry","18:00:00","[""Unknown"",""Unknown""]","Clear",0,33.69019,-84.505824,"Atlanta","FULTON","[""Motor Vehicle in Motion"",""Motor Vehicle in Motion""]","Changed Lanes Improperly","[""Motor Vehicle in Motion"",""Motor Vehicle in Motion""]"
0,0,"Atlanta Police Department","2022-02-26","Hunt St Ne and North Ave Ne","(O) No Injury","Dark-Lighted","Off Roadway","Not a Collision with Motor Vehicle","North Ave Ne","Dry","05:31:00","Unknown","Clear",0,33.771199,-84.374746,"Atlanta","FULTON","Other Non-Collision",,"Utility Pole"
0,0,"Atlanta Police Department","2022-02-26","I-75 N and W Paces Ferry Rd Nw","(O) No Injury","Dark-Lighted","Off Roadway","Sideswipe-Same Direction","W Paces Ferry Rd Nw","Dry","23:56:00","[""Unknown"",""Unknown""]","Clear",0,33.848868,-84.430804,"Atlanta","FULTON","[""Other - Fixed Object"",""Motor Vehicle in Motion""]","Changed Lanes Improperly","[""Motor Vehicle in Motion"",""Other Object (Not Fixed)""]"
0,1,"Atlanta Police Department","2022-02-26","3Rd St Ne and Peachtree St Ne","(B) Suspected Minor/Visible Injury","Dark-Lighted","On Roadway - Roadway Intersection","Angle Crash","Peachtree St Ne","Wet","21:19:00","[""Unknown"",""Unknown""]","Cloudy",0,33.773132,-84.384827,"Atlanta","FULTON","[""Motor Vehicle in Motion"",""Motor Vehicle in Motion""]","[""Changed Lanes Improperly"",""Too Fast for Conditions""]","[""Motor Vehicle in Motion"",""Motor Vehicle in Motion""]"
0,0,"Atlanta Police Department","2022-02-26","Monroe Dr Ne and Buford Hwy Ne","(O) No Injury","Daylight","On Roadway - Non-Intersection","Not a Collision with Motor Vehicle","Buford Hwy Ne","Dry","08:08:00","Unknown","Clear",0,33.825297,-84.353945,"Atlanta","FULTON","Other Non-Collision","[""Driver Condition"",""Wrong Side of Road""]","Fire/Explosion"
0,0,"Atlanta Police Department","2022-02-26","I-75 S and Spring St Nw","(O) No Injury","Dark-Lighted","On Roadway - Non-Intersection","Head On","Spring St Nw","Dry","03:00:00","[""Lap and Shoulder Belt Used"",""Lap and Shoulder Belt Used"",""Lap and Shoulder Belt Used""]","Clear",0,33.769975,-84.390262,"Atlanta","FULTON","[""Motor Vehicle in Motion"",""Motor Vehicle in Motion""]",,"[""Motor Vehicle in Motion"",""Motor Vehicle in Motion""]"
0,0,"Dekalb Co Police Department","2022-02-26","Moreland Ave and Constitution Rd","(C) Possible Injury / Complaint","Daylight","On Roadway - Non-Intersection","Rear End","Moreland Ave","Dry","14:00:00","[""Unknown"",""Unknown"",""Unknown""]","Clear",0,33.69191,-84.349428,"Atlanta","FULTON","[""Motor Vehicle in Motion"",""Motor Vehicle in Motion""]","Following Too Close","[""Motor Vehicle in Motion"",""Motor Vehicle in Motion""]"
0,0,"Atlanta Police Department","2022-02-26","Garson Dr Ne and Piedmont Rd Ne","(O) No Injury","Daylight","On Roadway - Roadway Intersection","Angle Crash","Piedmont Rd Ne","Dry","12:50:00","[""Unknown"",""Unknown""]","Clear",0,33.817684,-84.366954,"Atlanta","FULTON","[""Motor Vehicle in Motion"",""Motor Vehicle in Motion""]","Improper Turn","Motor Vehicle in Motion"
0,0,"Dekalb Co Police Department","2022-02-26","Luckie Ln and Gatewood Rd","(O) No Injury","Dark-Lighted","On Roadway - Non-Intersection","Rear End","Luckie Ln","Dry","22:00:00",,"Clear",0,33.797724,-84.319966,"Atlanta","DEKALB","[""Parked Motor Vehicle"",""Motor Vehicle in Motion""]","Misjudged Clearance","[""Parked Motor Vehicle"",""Motor Vehicle in Motion""]"
0,0,"Atlanta Police Department","2022-02-26","Chicamauga Ave Sw and Martin Luther King Jr Dr Nw","(C) Possible Injury / Complaint","Daylight","On Roadway - Roadway Intersection","Angle Crash","Martin Luther King Jr Dr Nw","Dry","15:14:00","[""None Used"",""Unknown"",""Unknown""]","Clear",0,33.753737,-84.432014,"Atlanta","FULTON","[""Motor Vehicle in Motion"",""Motor Vehicle in Motion"",""Motor Vehicle in Motion""]","[""Disregard Stop Sign/Signal"",""Disregard Stop Sign/Signal""]","[""Motor Vehicle in Motion"",""Motor Vehicle in Motion"",""Motor Vehicle in Motion""]"
0,0,"Atlanta Police Department","2022-02-26","None and I-85 Exit 85 Rp","(O) No Injury","Dark-Lighted","On Roadway - Non-Intersection","Rear End","I-85 Exit 85 Rp","Dry","19:45:00","[""Unknown"",""Lap and Shoulder Belt Used"",""Lap and Shoulder Belt Used""]","Clear",0,33.799866,-84.391453,"Atlanta","FULTON","[""Motor Vehicle in Motion"",""Motor Vehicle in Motion"",""Motor Vehicle in Motion""]","Aggressive Driving","[""Motor Vehicle in Motion"",""Motor Vehicle in Motion""]"
2,0,"Dekalb Co Police Department","2022-02-26","Pluma Dr and Moreland Ave","(A) Suspected Serious Injury","Daylight","On Roadway - Non-Intersection","Angle Crash","Moreland Ave","Dry","18:23:00","[""Lap and Shoulder Belt Used"",""Lap and Shoulder Belt Used"",""Lap and Shoulder Belt Used"",""Lap and Shoulder Belt Used"",""Lap and Shoulder Belt Used"",""Child Restraint System (Properly Used)"",""Child Restraint System (Properly Used)""]","Clear",0,33.696436,-84.34966,"Atlanta","FULTON","[""Motor Vehicle in Motion"",""Motor Vehicle in Motion""]","Failure to Yield","[""Motor Vehicle in Motion"",""Motor Vehicle in Motion""]"
0,0,"Atlanta Police Department","2022-02-26","None and Metropolitan Pkwy Sw Exit 77 Rp","(C) Possible Injury / Complaint","Dark-Not Lighted","Entrance/Exit Ramp","Rear End","Metropolitan Pkwy Sw Exit 77 Rp","Dry","20:30:00","[""Unknown"",""Lap and Shoulder Belt Used"",""Booster Seat (Properly Used)""]","Clear",0,33.684621,-84.407921,"Atlanta","FULTON","[""Motor Vehicle in Motion"",""Motor Vehicle in Motion""]","Following Too Close","[""Motor Vehicle in Motion"",""Motor Vehicle in Motion""]"
0,0,"Atlanta Police Department","2022-02-26","Peachtree Rd Ne and Peachtree Park Dr Ne","(C) Possible Injury / Complaint","Dark-Lighted","On Roadway - Managed Lane (HOV, HOT, Reversible)","Not a Collision with Motor Vehicle","Peachtree Rd Ne","Dry","01:25:00","Unknown","Clear",0,33.812164,-84.392242,"Atlanta","FULTON","[""Pedestrian"",""Motor Vehicle in Motion""]","Failure to Yield","Pedestrian"
0,0,"Atlanta Police Department","2022-02-26","Park Ave Se and Memorial Dr Se","(O) No Injury","Daylight","On Roadway - Non-Intersection","Angle Crash","Park Ave Se","Dry","15:25:00","[""Lap and Shoulder Belt Used"",""Lap and Shoulder Belt Used""]","Clear",0,33.746309,-84.369696,"Atlanta","FULTON","[""Motor Vehicle in Motion"",""Motor Vehicle in Motion""]",,"[""Motor Vehicle in Motion"",""Motor Vehicle in Motion""]"
0,0,"Atlanta Police Department","2022-02-26","None and I-75","(O) No Injury","Daylight","On Roadway - Non-Intersection","Sideswipe-Same Direction","I-75","Dry","09:30:00","[""Unknown"",""Lap and Shoulder Belt Used""]","Clear",0,33.783319,-84.390841,"Atlanta","FULTON","[""Motor Vehicle in Motion"",""Motor Vehicle in Motion""]","Changed Lanes Improperly","[""Motor Vehicle in Motion"",""Motor Vehicle in Motion""]"
0,0,"Atlanta Police Department","2022-02-26","Irwin St Ne and Sampson St Ne","(O) No Injury","Daylight","On Roadway - Roadway Intersection","Angle Crash","Irwin St Ne","Dry","16:00:00","Lap and Shoulder Belt Used","Clear",0,33.757576,-84.365945,"Atlanta","FULTON","[""Motor Vehicle in Motion"",""Motor Vehicle in Motion""]","[""Misjudged Clearance"",""Misjudged Clearance""]","Motor Vehicle in Motion"
0,0,"Atlanta Police Department","2022-02-26","Willis Mill Rd Sw and Campbellton Rd Sw","(C) Possible Injury / Complaint","Daylight","On Roadway - Non-Intersection","Angle Crash","Campbellton Rd Sw","Dry","18:25:00","[""Lap and Shoulder Belt Used"",""Lap and Shoulder Belt Used""]","Clear",0,33.704189,-84.465433,"Atlanta","FULTON","[""Motor Vehicle in Motion"",""Motor Vehicle in Motion""]","Improper Turn","[""Motor Vehicle in Motion"",""Motor Vehicle in Motion""]"
0,0,"Atlanta Police Department","2022-02-26","14Th St Nw and Williams St Nw","(C) Possible Injury / Complaint","Dark-Lighted","On Roadway - Non-Intersection","Angle Crash","Williams St Nw","Dry","06:39:00","[""Lap and Shoulder Belt Used"",""Lap and Shoulder Belt Used""]","Clear",0,33.786313,-84.390551,"Atlanta","FULTON","[""Motor Vehicle in Motion"",""Motor Vehicle in Motion""]","Changed Lanes Improperly","[""Motor Vehicle in Motion"",""Motor Vehicle in Motion""]"
0,0,"Atlanta Police Department","2022-02-26","None and I-75","(C) Possible Injury / Complaint","Dark-Lighted","On Roadway - Non-Intersection","Rear End","I-75","Dry","22:30:00","[""Unknown"",""Lap and Shoulder Belt Used""]","Clear",0,33.74903,-84.383697,"Atlanta","FULTON","[""Motor Vehicle in Motion"",""Motor Vehicle in Motion""]","Inattentive or Other Distraction (Distracted)","[""Motor Vehicle in Motion"",""Motor Vehicle in Motion""]"
0,0,"Atlanta Police Department","2022-02-26","Piedmont Ave Ne and John Wesley Dobbs Ave Ne","(O) No Injury","Dark-Lighted","On Roadway - Non-Intersection","Angle Crash","John Wesley Dobbs Ave Ne","Dry","08:00:00","[""Unknown"",""Unknown"",""Unknown""]","Clear",0,33.757099,-84.382551,"Atlanta","FULTON","[""Motor Vehicle in Motion"",""Motor Vehicle in Motion""]","Improper Backing","[""Motor Vehicle in Motion"",""Motor Vehicle in Motion""]"
0,0,"Atlanta Police Department","2022-02-26","None and Peachtree St Ne Exit 85 Rp","(C) Possible Injury / Complaint","Dark-Lighted","On Roadway - Non-Intersection","Rear End","Peachtree St Ne Exit 85 Rp","Dry","19:42:00","[""Lap and Shoulder Belt Used"",""Lap and Shoulder Belt Used"",""Lap and Shoulder Belt Used""]","Clear",0,33.799328,-84.392254,"Atlanta","FULTON","[""Motor Vehicle in Motion"",""Motor Vehicle in Motion"",""Motor Vehicle in Motion""]","Following Too Close","[""Motor Vehicle in Motion"",""Motor Vehicle in Motion"",""Motor Vehicle in Motion""]"
0,0,"Atlanta Police Department","2022-02-26","None and Capitol Ave Se Rp","(O) No Injury","Daylight","On Roadway - Non-Intersection","Angle Crash","Capitol Ave Se Rp","Dry","16:21:00","[""Lap and Shoulder Belt Used"",""Lap and Shoulder Belt Used""]","Clear",0,33.745191,-84.388159,"Atlanta","FULTON","[""Motor Vehicle in Motion"",""Motor Vehicle in Motion""]",,"[""Motor Vehicle in Motion"",""Motor Vehicle in Motion""]"
1,0,"Atlanta Police Department","2022-02-26","14Th St Nw and Techwood Dr Nw","(A) Suspected Serious Injury","Dark-Lighted","On Roadway - Roadway Intersection","Angle Crash","14Th St Nw","Dry","03:15:00","[""Unknown"",""Motorcycle Helmet"",""Unknown""]","Clear",0,33.786704,-84.391915,"Atlanta","FULTON","[""Motor Vehicle in Motion"",""Motor Vehicle in Motion"",""Motor Vehicle in Motion""]","[""Disregard Stop Sign/Signal"",""Too Fast for Conditions"",""Under the Influence (U.I.)""]","[""Motor Vehicle in Motion"",""Motor Vehicle in Motion"",""Motor Vehicle in Motion""]"
0,0,"Atlanta Police Department","2022-02-26","North Ave Ne and Peachtree St Ne","(O) No Injury","Daylight","On Roadway - Roadway Intersection","Sideswipe-Same Direction","Peachtree St Ne","Dry","12:05:00","[""Lap and Shoulder Belt Used"",""Lap and Shoulder Belt Used"",""Lap and Shoulder Belt Used""]","Clear",0,33.771287,-84.385029,"Atlanta","FULTON","[""Motor Vehicle in Motion"",""Motor Vehicle in Motion""]","Improper Turn","[""Motor Vehicle in Motion"",""Motor Vehicle in Motion""]"
0,1,"Atlanta Police Department","2022-02-26","None and I-85 Rp","(B) Suspected Minor/Visible Injury","Dark-Lighted","On Roadway - Non-Intersection","Rear End","I-85 Rp","Dry","21:30:00","[""Lap and Shoulder Belt Used"",""Lap and Shoulder Belt Used"",""Lap and Shoulder Belt Used""]","Clear",0,33.806765,-84.380188,"Atlanta","FULTON","[""Motor Vehicle in Motion"",""Motor Vehicle in Motion""]","Following Too Close","[""Motor Vehicle in Motion"",""Motor Vehicle in Motion""]"
0,1,"Atlanta Police Department","2022-02-26","Parsons St Sw and Joseph E Lowery Blvd Sw","(B) Suspected Minor/Visible Injury","Dark-Lighted","Off Roadway","Not a Collision with Motor Vehicle","Joseph E Lowery Blvd Sw","Dry","23:35:00","Lap and Shoulder Belt Used","Clear",0,33.750895,-84.417542,"Atlanta","FULTON","Utility Pole","[""Driver Lost Control"",""Under the Influence (U.I.)""]","Utility Pole"
0,0,"Atlanta Police Department","2022-02-26","I-75 and University Ave Sw","(O) No Injury","Dark-Lighted","On Roadway - Non-Intersection","Rear End","I-75","Dry","20:00:00","[""Lap and Shoulder Belt Used"",""Lap and Shoulder Belt Used""]","Clear",0,33.722131,-84.394611,"Atlanta","FULTON","[""Motor Vehicle in Motion"",""Motor Vehicle in Motion""]","Occupant Distraction (Distracted)","[""Motor Vehicle in Motion"",""Motor Vehicle in Motion""]"
0,0,"Atlanta Police Department","2022-02-26","14Th St Nw and Northside Dr Nw","(O) No Injury","Dark-Not Lighted","On Roadway - Roadway Intersection","Angle Crash","Northside Dr Nw","Dry","17:11:00","[""Unknown"",""Unknown"",""Unknown""]","Cloudy",0,33.786224,-84.407445,"Atlanta","FULTON","[""Motor Vehicle in Motion"",""Motor Vehicle in Motion""]","Improper Turn","[""Motor Vehicle in Motion"",""Motor Vehicle in Motion""]"
0,0,"Atlanta Police Department","2022-02-26","None and Empire Blvd Sw","(O) No Injury","Dark-Lighted","On Roadway - Non-Intersection","Sideswipe-Opposite Direction","Empire Blvd Sw","Dry","04:13:00","Unknown","Clear",0,33.67206,-84.393374,"Atlanta","FULTON","[""Motor Vehicle in Motion"",""Parked Motor Vehicle"",""Parked Motor Vehicle""]","[""Wrong Side of Road"",""Wrong Side of Road""]","[""Motor Vehicle in Motion"",""Parked Motor Vehicle"",""Parked Motor Vehicle""]"
0,0,"Atlanta Police Department","2022-02-26","Spring St Nw and North Ave Nw","(O) No Injury","Dark-Lighted","On Roadway - Driveway Intersection","Sideswipe-Opposite Direction","North Ave Nw","Dry","02:57:00","[""Lap and Shoulder Belt Used"",""Lap and Shoulder Belt Used""]","Cloudy",0,33.771239,-84.388836,"Atlanta","FULTON","[""Motor Vehicle in Motion"",""Motor Vehicle in Motion""]","Changed Lanes Improperly","[""Motor Vehicle in Motion"",""Motor Vehicle in Motion""]"
0,0,"Atlanta Police Department","2022-02-26","None and I-75 Rp","(O) No Injury","Dark-Lighted","On Roadway - Non-Intersection","Sideswipe-Same Direction","I-75 Rp","Dry","23:40:00","Lap and Shoulder Belt Used","Clear",0,33.735223,-84.392478,"Atlanta","FULTON","[""Motor Vehicle in Motion"",""Motor Vehicle in Motion""]","Changed Lanes Improperly","[""Motor Vehicle in Motion"",""Motor Vehicle in Motion""]"
0,0,"Atlanta Police Department","2022-02-26","North Ave Ne and Piedmont Ave Ne","(O) No Injury","Dark-Lighted","On Roadway - Driveway Intersection","Angle Crash","Piedmont Ave Ne","Dry","00:15:00","[""Lap and Shoulder Belt Used"",""Lap and Shoulder Belt Used"",""Child Restraint System (Properly Used)"",""Lap and Shoulder Belt Used""]","Cloudy",0,33.77128,-84.381893,"Atlanta","FULTON","[""Motor Vehicle in Motion"",""Motor Vehicle in Motion""]","Changed Lanes Improperly","[""Motor Vehicle in Motion"",""Motor Vehicle in Motion""]"