"# Serious Injuries","# Visible Injuries","Agency Name (Crash Level) ","Date","Intersection Name (from Crash Report)","KABCO Severity","Light Conditions (Crash Level)","Location at Impact (Crash Level) ","Manner of Collision (Crash Level) ","Roadway (From Crash Report)","Surface Condition (Crash Level) ","Time","Safety Equipment (Crash Level) ","Weather Conditions (Crash Level)","# of Fatalities per Crash","Latitude","Longitude","Geolocated City","Geolocated County","First Harmful Event (Unit Order)","Operator/Pedestrian Contrib Factor (excl None, Other, No Contrib Factors)","Most Harmful Event (Crash Level)"
0,0,"Atlanta Police Department","2022-02-26","None and I-75","(C) Possible Injury / Complaint","Dark-Not Lighted","On Roadway - Non-Intersection","Sideswipe-Same Direction","I-75","Dry","02:40:00","[""Unknown"",""Unknown"",""Unknown"",""Unknown"",""Unknown"",""Unknown"",""Unknown""]","Clear",0,33.79786,-84.395795,"Atlanta","FULTON","[""Motor Vehicle in Motion"",""Motor Vehicle in Motion"",""Motor Vehicle in Motion""]","Changed Lanes Improperly","[""Motor Vehicle in Motion"",""Motor Vehicle in Motion"",""Motor Vehicle in Motion""]"
0,0,"Gsp Post 00","2022-02-26","Central Ave and Ralph David","(O) No Injury","Dark-Lighted","On Roadway - Non-Intersection","Sideswipe-Same Direction","Ralph David","Dry","21:06:00","[""None Used"",""Lap and Shoulder Belt Used"",""Lap and Shoulder Belt Used"",""Lap Belt Only Used""]","Clear",0,33.741864,-84.387801,"Atlanta","FULTON","[""Motor Vehicle in Motion"",""Motor Vehicle in Motion""]","[""Reckless Driving"",""Disregard Police - Evasion"",""Disregard Other Traffic Control"",""Under the Influence (U.I.)""]","[""Motor Vehicle in Motion"",""Motor Vehicle in Motion""]"
0,0,"Atlanta Police Department","2022-02-26","None and I-285","(O) No Injury","Dark-Lighted","On Roadway - Non-Intersection","Sideswipe-Same Direction","I-285","Dry","21:35:00","[""Unknown"",""Unknown""]","Clear",0,33.64911,-84.369258,"Atlanta","FULTON","[""Motor Vehicle in Motion"",""Motor Vehicle in Motion""]","Changed Lanes Improperly","[""Motor Vehicle in Motion"",""Guard Rail Fence""]"
0,0,"Atlanta Police Department","2022-02-26","14Th St Nw and Techwood Dr Nw","(O) No Injury","Dark-Lighted","On Roadway - Non-Intersection","Rear End","Techwood Dr Nw","Dry","02:40:00","[""Unknown"",""Unknown"",""Unknown"",""Unknown""]","Clear",0,33.786481,-84.391752,"Atlanta","FULTON","[""Motor Vehicle in Motion"",""Motor Vehicle in Motion"",""Motor Vehicle in Motion""]","Following Too Close","[""Motor Vehicle in Motion"",""Motor Vehicle in Motion"",""Motor Vehicle in Motion""]"
0,0,"Atlanta Police Department","2022-02-26","None and I-85","(O) No Injury","Daylight","On Roadway - Non-Intersection","Sideswipe-Same Direction","I-85","Dry","14:29:00","[""Unknown"",""Lap and Shoulder Belt Used"",""Lap and Shoulder Belt Used""]","Clear",0,33.823849,-84.352301,"Atlanta","FULTON","[""Motor Vehicle in Motion"",""Motor Vehicle in Motion""]",,"[""Motor Vehicle in Motion"",""Motor Vehicle in Motion""]"
0,0,"Atlanta Police Department","2022-02-26","None and Burton Rd Nw Rp","(O) No Injury","Daylight","Entrance/Exit Ramp","Not a Collision with Motor Vehicle","Burton Rd Nw Rp","Dry","11:45:00","Unknown","Clear",0,33.755798,-84.469862,"Atlanta","FULTON","Utility Pole","Misjudged Clearance","Utility Pole"
0,0,"Atlanta Police Department","2022-02-26","Memorial Dr Se and Martin Luther King Jr Dr Se","(O) No Injury","Daylight","On Roadway - Non-Intersection","Sideswipe-Same Direction","Memorial Dr Se","Dry","16:10:00","[""Unknown"",""Unknown""]","Clear",0,33.746892,-84.382666,"Atlanta","FULTON","[""Motor Vehicle in Motion"",""Motor Vehicle in Motion""]",,"Motor Vehicle in Motion"
0,0,"Atlanta Police Department","2022-02-26","Arnold St Ne and North Ave Ne","(C) Possible Injury / Complaint","Daylight","On Roadway - Non-Intersection","Rear End","North Ave Ne","Dry","14:49:00","[""Lap Belt Only Used"",""Lap and Shoulder Belt Used"",""Lap and Shoulder Belt Used"",""Lap and Shoulder Belt Used""]","Clear",0,33.771138,-84.368288,"Atlanta","FULTON","[""Motor Vehicle in Motion"",""Motor Vehicle in Motion""]","Following Too Close","[""Motor Vehicle in Motion"",""Motor Vehicle in Motion""]"
0,0,"Atlanta Police Department","2022-02-26","None and I-85","(O) No Injury","Dark-Lighted","On Roadway - Non-Intersection","Angle Crash","I-85","Dry","23:56:00","[""Unknown"",""Unknown"",""Unknown"",""Unknown""]","Cloudy",0,33.817731,-84.362051,"Atlanta","FULTON","[""Motor Vehicle in Motion"",""Motor Vehicle in Motion""]","Under the Influence (U.I.)","[""Motor Vehicle in Motion"",""Motor Vehicle in Motion""]"
0,0,"Atlanta Police Department","2022-02-26","Caroline St Ne and Seaboard Ave Ne","(O) No Injury","Daylight","On Roadway - Driveway Intersection","Rear End","Caroline St Ne","Dry","14:30:00","[""Unknown"",""Lap and Shoulder Belt Used"",""Child Restraint System (Properly Used)""]","Clear",0,33.758472,-84.348981,"Atlanta","DEKALB","[""Motor Vehicle in Motion"",""Motor Vehicle in Motion""]","Occupant Distraction (Distracted)","[""Motor Vehicle in Motion"",""Motor Vehicle in Motion""]"
0,0,"Atlanta Police Department","2022-02-26","None and I-75","(O) No Injury","Dark-Lighted","On Roadway - Non-Intersection","Sideswipe-Same Direction","I-75","Dry","00:50:00","[""Unknown"",""Unknown""]","Clear",0,33.648299,-84.397386,"Atlanta","FULTON","[""Motor Vehicle in Motion"",""Motor Vehicle in Motion""]","Changed Lanes Improperly","[""Motor Vehicle in Motion"",""Motor Vehicle in Motion""]"
0,0,"Atlanta Police Department","2022-02-26","Sunset Ave Nw and Martin Luther King Jr Dr Nw","(O) No Injury","Daylight","On Roadway - Non-Intersection","Sideswipe-Same Direction","Martin Luther King Jr Dr Nw","Dry","14:55:00","Unknown","Clear",0,33.754693,-84.410579,"Atlanta","FULTON","[""Motor Vehicle in Motion"",""Motor Vehicle in Motion""]","Reckless Driving","Motor Vehicle in Motion"
0,0,"Atlanta Police Department","2022-02-26","Sheridan Rd Ne and Cheshire Bridge Rd Ne","(O) No Injury","Daylight","On Roadway - Non-Intersection","Angle Crash","Cheshire Bridge Rd Ne","Dry","11:20:00","[""Unknown"",""Unknown"",""Unknown"",""Unknown"",""Lap and Shoulder Belt Used"",""Child Restraint System (Properly Used)""]","Clear",0,33.820666,-84.351393,"Atlanta","FULTON","[""Motor Vehicle in Motion"",""Motor Vehicle in Motion""]","Failure to Yield","[""Motor Vehicle in Motion"",""Motor Vehicle in Motion""]"
0,0,"Atlanta Police Department","2022-02-26","None and I-85","(O) No Injury","Daylight","On Roadway - Non-Intersection","Angle Crash","I-85","Dry","09:25:00","[""Unknown"",""Lap and Shoulder Belt Used"",""Lap and Shoulder Belt Used"",""Child Restraint System (Properly Used)"",""Child Restraint System (Properly Used)"",""Lap and Shoulder Belt Used"",""Lap and Shoulder Belt Used""]","Clear",0,33.792779,-84.391665,"Atlanta","FULTON","[""Motor Vehicle in Motion"",""Motor Vehicle in Motion"",""Motor Vehicle in Motion""]","[""Changed Lanes Improperly"",""Changed Lanes Improperly""]","[""Motor Vehicle in Motion"",""Motor Vehicle in Motion"",""Motor Vehicle in Motion""]"
0,0,"Atlanta Police Department","2022-02-26","Mcdonough Blvd Se and University Ave Sw","(O) No Injury","Daylight","On Roadway - Non-Intersection","Rear End","University Ave Sw","Dry","15:20:00","[""Unknown"",""Lap and Shoulder Belt Used"",""Lap and Shoulder Belt Used"",""Lap and Shoulder Belt Used""]","Clear",0,33.720977,-84.390181,"Atlanta","FULTON","[""Motor Vehicle in Motion"",""Motor Vehicle in Motion""]","[""Following Too Close"",""Too Fast for Conditions""]","[""Motor Vehicle in Motion"",""Motor Vehicle in Motion""]"
0,0,"Atlanta Police Department","2022-02-26","None and I-285","(O) No Injury","Daylight","On Roadway - Roadway Intersection","Sideswipe-Same Direction","I-285","Dry","16:49:00","[""Lap and Shoulder Belt Used"",""Lap and Shoulder Belt Used""]","Cloudy",0,33.765855,-84.494063,"Atlanta","FULTON","[""Motor Vehicle in Motion"",""Motor Vehicle in Motion""]",,"[""Motor Vehicle in Motion"",""Motor Vehicle in Motion""]"
0,0,"Atlanta Police Department","2022-02-26","None and I-75","(O) No Injury","Dark-Lighted","On Roadway - Non-Intersection","Rear End","I-75","Dry","05:45:00","[""Unknown"",""Unknown"",""Unknown"",""Unknown""]","Cloudy",0,33.730709,-84.392622,"Atlanta","FULTON","[""Motor Vehicle in Motion"",""Motor Vehicle in Motion""]","[""Under the Influence (U.I.)"",""Following Too Close""]","[""Motor Vehicle in Motion"",""Motor Vehicle in Motion""]"
0,0,"Atlanta Police Department","2022-02-26","Marietta St Nw and Centennial Olympic Park Dr Nw","(O) No Injury","Dark-Lighted","Off Roadway","Not a Collision with Motor Vehicle","Centennial Olympic Park Dr Nw","Dry","22:00:00","Lap and Shoulder Belt Used","Clear",0,33.757896,-84.393502,"Atlanta","FULTON","Other Non-Collision","Improper Backing","Utility Pole"
0,0,"Atlanta Police Department","2022-02-26","Mt Zion Rd Sw and Hapeville Rd Sw","(O) No Injury","Dark-Lighted","On Roadway - Roadway Intersection","Angle Crash","Hapeville Rd Sw","Dry","19:00:00","[""Lap and Shoulder Belt Used"",""Lap and Shoulder Belt Used""]","Clear",0,33.672828,-84.393508,"Atlanta","FULTON","[""Motor Vehicle in Motion"",""Motor Vehicle in Motion""]","[""Disregard Stop Sign/Signal"",""Disregard Stop Sign/Signal""]","[""Motor Vehicle in Motion"",""Motor Vehicle in Motion""]"
0,0,"Atlanta Police Department","2022-02-26","Piedmont Rd Ne and Peachtree Rd Ne","(O) No Injury","Daylight","On Roadway - Roadway Intersection","Sideswipe-Same Direction","Piedmont Rd Ne","Dry","14:00:00","[""Unknown"",""Unknown"",""Unknown""]","Clear",0,33.843998,-84.371516,"Atlanta","FULTON","[""Motor Vehicle in Motion"",""Motor Vehicle in Motion""]","Changed Lanes Improperly","[""Motor Vehicle in Motion"",""Motor Vehicle in Motion""]"
0,0,"Atlanta Police Department","2022-02-26","None and Langford Pkwy","(C) Possible Injury / Complaint","Daylight","On Roadway - Non-Intersection","Not a Collision with Motor Vehicle","Langford Pkwy","Dry","12:20:00","Unknown","Clear",0,33.697677,-84.416967,"Atlanta","FULTON","Other Non-Collision",,"Fire/Explosion"
0,0,"Atlanta Police Department","2022-02-26","None and I-85","(O) No Injury","Dark-Lighted","On Roadway - Managed Lane (HOV, HOT, Reversible)","Rear End","I-85","Dry","19:30:00","[""Lap and Shoulder Belt Used"",""Lap and Shoulder Belt Used""]","Cloudy",0,33.791668,-84.392184,"Atlanta","FULTON","[""Motor Vehicle in Motion"",""Motor Vehicle in Motion""]","Following Too Close","[""Motor Vehicle in Motion"",""Motor Vehicle in Motion""]"
0,0,"Atlanta Police Department","2022-02-26","I-75 S and Peachtree St Ne","(C) Possible Injury / Complaint","Daylight","On Roadway - Non-Intersection","Rear End","Peachtree St Ne","Dry","11:00:00","[""Lap and Shoulder Belt Used"",""Lap Belt Only Used""]","Clear",0,33.769513,-84.390582,"Atlanta","FULTON","[""Motor Vehicle in Motion"",""Parked Motor Vehicle""]","Following Too Close","[""Motor Vehicle in Motion"",""Parked Motor Vehicle""]"
0,0,"Atlanta Police Department","2022-02-26","I-285 E and Jonesboro Rd Se","(O) No Injury","Dark-Lighted","On Roadway - Roadway Intersection","Angle Crash","Jonesboro Rd Se","Dry","00:00:00","[""Unknown"",""Lap and Shoulder Belt Used"",""Lap and Shoulder Belt Used""]","Clear",0,33.651089,-84.366624,"Atlanta","FULTON","[""Motor Vehicle in Motion"",""Motor Vehicle in Motion"",""Motor Vehicle in Motion""]","Improper Turn","[""Motor Vehicle in Motion"",""Motor Vehicle in Motion""]"
0,0,"Atlanta Police Department","2022-02-26","Paces Ferry Rd Nw and River Forest Rd Nw","(O) No Injury","Daylight","On Roadway - Roadway Intersection","Sideswipe-Opposite Direction","Paces Ferry Rd Nw","Dry","16:30:00","[""Unknown"",""Unknown"",""Unknown""]","Cloudy",0,33.857723,-84.45157,"Atlanta","FULTON","[""Motor Vehicle in Motion"",""Motor Vehicle in Motion""]","Improper Turn","[""Motor Vehicle in Motion"",""Motor Vehicle in Motion""]"
0,0,"Atlanta Police Department","2022-02-26","Derry Ave Sw and W Ontario Ave Sw","(C) Possible Injury / Complaint","Daylight","On Roadway - Roadway Intersection","Angle Crash","W Ontario Ave Sw","Dry","16:20:00","[""Lap and Shoulder Belt Used"",""Lap and Shoulder Belt Used"",""Lap and Shoulder Belt Used"",""Lap and Shoulder Belt Used"",""Lap and Shoulder Belt Used"",""Booster Seat (Properly Used)""]","Cloudy",0,33.743613,-84.439696,"Atlanta","FULTON","[""Motor Vehicle in Motion"",""Motor Vehicle in Motion""]",,"[""Motor Vehicle in Motion"",""Motor Vehicle in Motion""]"
0,0,"Atlanta Police Department","2022-02-26","None and I-75","(O) No Injury","Daylight","On Roadway - Non-Intersection","Rear End","I-75","Dry","17:00:00","[""Shoulder Belt Only Used"",""Shoulder Belt Only Used""]","Clear",0,33.801842,-84.403491,"Atlanta","FULTON","[""Motor Vehicle in Motion"",""Motor Vehicle in Motion""]","Following Too Close","[""Motor Vehicle in Motion"",""Motor Vehicle in Motion""]"
0,0,"Atlanta Police Department","2022-02-26","North Ave Ne and W Peachtree St Nw","(C) Possible Injury / Complaint","Daylight","On Roadway - Non-Intersection","Angle Crash","North Ave Ne","Dry","17:45:00","[""Lap and Shoulder Belt Used"",""Lap and Shoulder Belt Used"",""Lap and Shoulder Belt Used""]","Clear",0,33.771302,-84.386325,"Atlanta","FULTON","[""Motor Vehicle in Motion"",""Motor Vehicle in Motion""]","Improper Turn","[""Motor Vehicle in Motion"",""Motor Vehicle in Motion""]"
0,0,"Atlanta Police Department","2022-02-26","Monroe Dr Ne and Rock Springs Rd Ne","(C) Possible Injury / Complaint","Daylight","On Roadway - Roadway Intersection","Angle Crash","Rock Springs Rd Ne","Dry","16:30:00","[""Lap and Shoulder Belt Used"",""Lap and Shoulder Belt Used"",""Lap and Shoulder Belt Used""]","Clear",0,33.805551,-84.374662,"Atlanta","FULTON","[""Motor Vehicle in Motion"",""Motor Vehicle in Motion""]",,"[""Motor Vehicle in Motion"",""Motor Vehicle in Motion""]"
0,0,"Atlanta Police Department","2022-02-26","Roswell Rd Ne and W Wieuca Rd Ne","(O) No Injury","Daylight","On Roadway - Roadway Intersection","Rear End","Roswell Rd Ne","Dry","11:30:00","[""Unknown"",""Unknown"",""Unknown""]","Clear",0,33.876761,-84.379982,"Atlanta","FULTON","[""Motor Vehicle in Motion"",""Motor Vehicle in Motion""]","Following Too Close","[""Motor Vehicle in Motion"",""Motor Vehicle in Motion""]"
0,0,"Atlanta Police Department","2022-02-26","I-75 and 10Th St Nw","(O) No Injury","Daylight","On Roadway - Non-Intersection","Angle Crash","I-75","Dry","12:55:00","[""Lap and Shoulder Belt Used"",""Lap and Shoulder Belt Used""]","Cloudy",0,33.781514,-84.390851,"Atlanta","FULTON","[""Motor Vehicle in Motion"",""Motor Vehicle in Motion""]","Changed Lanes Improperly","[""Motor Vehicle in Motion"",""Motor Vehicle in Motion""]"
0,0,"Atlanta Police Department","2022-02-26","Monroe Dr Ne and Cresthill Ave Ne","(O) No Injury","Daylight","On Roadway - Non-Intersection","Angle Crash","Cresthill Ave Ne","Dry","17:18:00","[""Unknown"",""Unknown"",""Unknown"",""Child Restraint System (Properly Used)""]","Clear",0,33.783763,-84.367855,"Atlanta","FULTON","[""Motor Vehicle in Motion"",""Motor Vehicle in Motion""]",,"[""Motor Vehicle in Motion"",""Motor Vehicle in Motion""]"
0,0,"Atlanta Police Department","2022-02-26","Gilmer St Se and Piedmont Ave Se","(O) No Injury","Daylight","On Roadway - Roadway Intersection","Rear End","Piedmont Ave Se","Dry","14:23:00","[""Unknown"",""Unknown""]","Clear",0,33.752626,-84.38415,"Atlanta","FULTON","[""Motor Vehicle in Motion"",""Motor Vehicle in Motion""]","Following Too Close","[""Motor Vehicle in Motion"",""Motor Vehicle in Motion""]"
0,0,"Atlanta Police Department","2022-02-26","Northside Dr Sw and Martin Luth King Dr Nw","(C) Possible Injury / Complaint","Dark-Lighted","On Roadway - Non-Intersection","Angle Crash","Northside Dr Sw","Dry","15:30:00","[""Unknown"",""Unknown"",""Unknown""]","Clear",0,33.754592,-84.402787,"Atlanta","FULTON","[""Motor Vehicle in Motion"",""Motor Vehicle in Motion"",""Motor Vehicle in Motion""]","Improper Turn","[""Motor Vehicle in Motion"",""Motor Vehicle in Motion"",""Motor Vehicle in Motion""]"
0,0,"Atlanta Police Department","2022-02-26","Sawtell Ave Se and Jonesboro Rd Se","(O) No Injury","Daylight","On Roadway - Non-Intersection","Rear End","Jonesboro Rd Se","Dry","14:39:00","[""Unknown"",""Reflective: Clothing/Backpack/Equipment"",""Unknown""]","Clear",0,33.704926,-84.378511,"Atlanta","FULTON","[""Motor Vehicle in Motion"",""Motor Vehicle in Motion"",""Motor Vehicle in Motion""]",,"[""Motor Vehicle in Motion"",""Motor Vehicle in Motion"",""Motor Vehicle in Motion""]"
0,0,"Atlanta Police Department","2022-02-26","Cleveland Ave Sw and Metropolitan Pkwy Sw","(O) No Injury","Dark-Lighted","On Roadway - Roadway Intersection","Angle Crash","Metropolitan Pkwy Sw","Dry","23:50:00","[""Unknown"",""Unknown"",""Lap and Shoulder Belt Used"",""Lap and Shoulder Belt Used"",""Lap and Shoulder Belt Used""]","Clear",0,33.681273,-84.407711,"Atlanta","FULTON","[""Motor Vehicle in Motion"",""Motor Vehicle in Motion""]","Failure to Yield","[""Motor Vehicle in Motion"",""Motor Vehicle in Motion""]"
0,1,"Atlanta Police Department","2022-02-26","None and Ga-13","(B) Suspected Minor/Visible Injury","Daylight","On Roadway - Non-Intersection","Rear End","Ga-13","Dry","14:00:00","[""Lap and Shoulder Belt Used"",""Lap and Shoulder Belt Used"",""Lap and Shoulder Belt Used"",""Lap and Shoulder Belt Used"",""Lap and Shoulder Belt Used"",""Lap and Shoulder Belt Used""]","Cloudy",0,33.807022,-84.378314,"Atlanta","FULTON","[""Motor Vehicle in Motion"",""Motor Vehicle in Motion"",""Motor Vehicle in Motion""]","Following Too Close","[""Motor Vehicle in Motion"",""Motor Vehicle in Motion"",""Motor Vehicle in Motion""]"
0,0,"Gsp Post 00","2022-02-26","Pearl Street and 780 Memorial Drive","(O) No Injury","Dark-Lighted","Off Roadway","Not a Collision with Motor Vehicle","780 Memorial Drive","Dry","19:12:00","[""None Used"",""None Used""]","Clear",0,33.743494,-84.368144,"Atlanta","FULTON","Curb","[""Reckless Driving"",""Wrong Side of Road"",""Exceeding Speed Limit"",""Disregard Police - Evasion""]","Curb"
0,0,"Atlanta Police Department","2022-02-26","I-75 S and 10Th St Nw","(O) No Injury","Dark-Lighted","On Roadway - Non-Intersection","Rear End","10Th St Nw","Dry","23:00:00","[""Lap and Shoulder Belt Used"",""Lap and Shoulder Belt Used"",""Lap and Shoulder Belt Used""]","Clear",0,33.781547,-84.391206,"Atlanta","FULTON","[""Motor Vehicle in Motion"",""Motor Vehicle in Motion""]","Following Too Close","[""Motor Vehicle in Motion"",""Motor Vehicle in Motion""]"
0,0,"Atlanta Police Department","2022-02-26","None and I-85","(O) No Injury","Daylight","On Roadway - Non-Intersection","Sideswipe-Same Direction","I-85","Dry","13:44:00","[""Unknown"",""Unknown""]","Cloudy",0,33.792447,-84.392254,"Atlanta","FULTON","[""Motor Vehicle in Motion"",""Motor Vehicle in Motion""]","Aggressive Driving","Motor Vehicle in Motion"
0,0,"Atlanta Police Department","2022-02-26","Peachtree St Sw and Upper Alabama St Sw","(C) Possible Injury / Complaint","Dark-Not Lighted","On Roadway - Roadway Intersection","Not a Collision with Motor Vehicle","Peachtree St Sw","Dry","19:20:00","[""Unknown"",""Unknown""]","Clear",0,33.753174,-84.391272,"Atlanta","FULTON","[""Motor Vehicle in Motion"",""Motor Vehicle in Motion""]",,"Pedestrian"
0,0,"Atlanta Police Department","2022-02-26","Spring St Nw and Ivan Allen Jr Blvd Nw","(O) No Injury","Daylight","On Roadway - Managed Lane (HOV, HOT, Reversible)","Sideswipe-Same Direction","Ivan Allen Jr Blvd Nw","Dry","16:00:00","[""Unknown"",""Unknown""]","Cloudy",0,33.764663,-84.388973,"Atlanta","FULTON","[""Motor Vehicle in Motion"",""Motor Vehicle in Motion""]","Disregard Other Traffic Control","[""Motor Vehicle in Motion"",""Motor Vehicle in Motion""]"
0,0,"Atlanta Police Department","2022-02-26","I-75 and Ellis St Ne","(C) Possible Injury / Complaint","Dark-Not Lighted","On Roadway - Non-Intersection","Not a Collision with Motor Vehicle","I-75","Dry","02:00:00","Lap and Shoulder Belt Used","Clear",0,33.759253,-84.378772,"Atlanta","FULTON","Other Non-Collision","[""Aggressive Driving"",""Too Fast for Conditions""]","Over Turn"
0,0,"Atlanta Police Department","2022-02-26","None and I-75","(O) No Injury","Dark-Lighted","On Roadway - Non-Intersection","Rear End","I-75","Dry","19:40:00","[""Unknown"",""Unknown""]","Clear",0,33.788784,-84.391392,"Atlanta","FULTON","[""Motor Vehicle in Motion"",""Motor Vehicle in Motion""]","Changed Lanes Improperly","[""Motor Vehicle in Motion"",""Motor Vehicle in Motion""]"
0,0,"Atlanta Police Department","2022-02-26","Airline St Se and Dekalb Ave Ne","(O) No Injury","Daylight","On Roadway - Roadway Intersection","Angle Crash","Dekalb Ave Ne","Dry","16:45:00","[""Unknown"",""Unknown"",""Unknown""]","Cloudy",0,33.752934,-84.366176,"Atlanta","FULTON","[""Motor Vehicle in Motion"",""Motor Vehicle in Motion""]",,"[""Motor Vehicle in Motion"",""Motor Vehicle in Motion""]"
0,0,"Atlanta Police Department","2022-02-26","Bolton Rd Nw and Northwest Dr Nw","(O) No Injury","Daylight","On Roadway - Roadway Intersection","Rear End","Bolton Rd Nw","Dry","18:00:00","[""Unknown"",""Unknown"",""Unknown""]","Clear",0,33.800508,-84.487953,"Atlanta","FULTON","[""Motor Vehicle in Motion"",""Motor Vehicle in Motion""]","Following Too Close","[""Motor Vehicle in Motion"",""Motor Vehicle in Motion""]"
0,0,"Atlanta Police Department","2022-02-26","Trabert Ave Nw and Northside Dr Nw","(O) No Injury","Daylight","On Roadway - Non-Intersection","Rear End","Northside Dr Nw","Dry","17:38:00","[""Shoulder Belt Only Used"",""Shoulder Belt Only Used"",""Shoulder Belt Only Used""]","Clear",0,33.794486,-84.407853,"Atlanta","FULTON","[""Motor Vehicle in Motion"",""Parked Motor Vehicle""]","Following Too Close","[""Motor Vehicle in Motion"",""Parked Motor Vehicle""]"
0,0,"Atlanta Police Department","2022-02-26","Euclid Ave Ne and Moreland Ave Ne","(O) No Injury","Daylight","On Roadway - Non-Intersection","Angle Crash","Moreland Ave Ne","Dry","18:40:00","[""Unknown"",""Unknown""]","Clear",0,33.765103,-84.349223,"Atlanta","FULTON","[""Motor Vehicle in Motion"",""Motor Vehicle in Motion""]","Misjudged Clearance","[""Motor Vehicle in Motion"",""Motor Vehicle in Motion""]"
0,0,"Atlanta Police Department","2022-02-26","Exit 12 and Donald Lee Hollowell Pkwy Nw","(C) Possible Injury / Complaint","Daylight","On Roadway - Roadway Intersection","Rear End","Donald Lee Hollowell Pkwy Nw","Dry","10:00:00","[""Lap and Shoulder Belt Used"",""Lap and Shoulder Belt Used""]","Clear",0,33.787452,-84.493978,"Atlanta","FULTON","[""Motor Vehicle in Motion"",""Motor Vehicle in Motion""]","Following Too Close","[""Motor Vehicle in Motion"",""Motor Vehicle in Motion""]"
0,0,"Atlanta Police Department","2022-02-26","Sylvan Rd Sw and Deckner Ave Sw","(O) No Injury","Daylight","On Roadway - Roadway Intersection","Not a Collision with Motor Vehicle","Sylvan Rd Sw","Dry","12:08:00","[""Lap and Shoulder Belt Used"",""Lap and Shoulder Belt Used""]","Clear",0,33.714008,-84.418148,"Atlanta","FULTON","Other Non-Collision","Driver Lost Control","Tree"
0,0,"Atlanta Police Department","2022-02-26","Carmia Dr Sw and Camp Creek Pkwy Sw","(C) Possible Injury / Complaint","Dark-Lighted","On Roadway - Roadway Intersection","Rear End","Carmia Dr Sw","Dry","12:33:00","[""Lap and Shoulder Belt Used"",""Lap and Shoulder Belt Used""]","Clear",0,33.654909,-84.510221,"Atlanta","FULTON","[""Motor Vehicle in Motion"",""Parked Motor Vehicle""]","Following Too Close","[""Motor Vehicle in Motion"",""Parked Motor Vehicle""]"
0,0,"Atlanta Police Department","2022-02-26","Sanders Ave Se and Moreland Ave Se","(C) Possible Injury / Complaint","Dark-Lighted","On Roadway - Non-Intersection","Angle Crash","Moreland Ave Se","Dry","22:20:00","[""Unknown"",""Unknown"",""Unknown""]","Clear",0,33.742676,-84.349244,"Atlanta","FULTON","[""Motor Vehicle in Motion"",""Motor Vehicle in Motion"",""Motor Vehicle in Motion""]","Following Too Close","[""Motor Vehicle in Motion"",""Motor Vehicle in Motion"",""Motor Vehicle in Motion""]"
0,0,"Atlanta Police Department","2022-02-26","Roswell Rd Ne and W Wieuca Rd Ne","(O) No Injury","Daylight","On Roadway - Driveway Intersection","Rear End","Roswell Rd Ne","Dry","12:50:00","[""Unknown"",""Unknown""]","Clear",0,33.876931,-84.379904,"Atlanta","FULTON","[""Motor Vehicle in Motion"",""Motor Vehicle in Motion""]","Improper Backing","[""Motor Vehicle in Motion"",""Motor Vehicle in Motion""]"
0,0,"Atlanta Police Department","2022-02-26","I-75 S and Auburn Ave Ne","(O) No Injury","Dark-Lighted","On Roadway - Non-Intersection","Rear End","Auburn Ave Ne","Dry","22:49:00","Unknown","Clear",0,33.755526,-84.378774,"Atlanta","FULTON","[""Motor Vehicle in Motion"",""Parked Motor Vehicle""]","Under the Influence (U.I.)","[""Motor Vehicle in Motion"",""Parked Motor Vehicle""]"
0,0,"Atlanta Police Department","2022-02-26","Peachtree Rd Ne and Around Lenox Rd Ne","(O) No Injury","Daylight","Off Roadway","Rear End","Peachtree Rd Ne","Dry","13:38:00","[""Unknown"",""Unknown"",""Unknown""]","Clear",0,33.848954,-84.365127,"Atlanta","FULTON","[""Motor Vehicle in Motion"",""Motor Vehicle in Motion""]","Following Too Close","[""Motor Vehicle in Motion"",""Motor Vehicle in Motion""]"
0,1,"Atlanta Police Department","2022-02-26","I-285 and I-20 W","(B) Suspected Minor/Visible Injury","Daylight","On Roadway - Non-Intersection","Rear End","I-285","Dry","13:00:00","[""Lap and Shoulder Belt Used"",""Lap and Shoulder Belt Used"",""Lap and Shoulder Belt Used"",""Lap and Shoulder Belt Used""]","Clear",0,33.766584,-84.494269,"Atlanta","FULTON","[""Motor Vehicle in Motion"",""Motor Vehicle in Motion""]","Following Too Close","[""Motor Vehicle in Motion"",""Motor Vehicle in Motion""]"
0,0,"Atlanta Police Department","2022-02-26","Macon Dr Se and Lakewood Ave Sw","(O) No Injury","Daylight","On Roadway - Roadway Intersection","Rear End","Lakewood Ave Sw","Dry","17:20:00","[""Unknown"",""Unknown""]","Clear",0,33.699364,-84.392084,"Atlanta","FULTON","[""Motor Vehicle in Motion"",""Motor Vehicle in Motion""]",,"[""Motor Vehicle in Motion"",""Motor Vehicle in Motion""]"
0,0,"Atlanta Police Department","2022-02-26","Emily Pl Nw and Donald Lee Hollowell Pkwy Nw","(C) Possible Injury / Complaint","Daylight","On Roadway - Roadway Intersection","Rear End","Donald Lee Hollowell Pkwy Nw","Dry","10:40:00","[""Unknown"",""Unknown""]","Clear",0,33.776736,-84.452173,"Atlanta","FULTON","[""Motor Vehicle in Motion"",""Motor Vehicle in Motion""]","Following Too Close","[""Motor Vehicle in Motion"",""Motor Vehicle in Motion""]"