"# Serious Injuries","# Visible Injuries","Agency Name (Crash Level) ","Date","Intersection Name (from Crash Report)","KABCO Severity","Light Conditions (Crash Level)","Location at Impact (Crash Level) ","Manner of Collision (Crash Level) ","Roadway (From Crash Report)","Surface Condition (Crash Level) ","Time","Safety Equipment (Crash Level) ","Weather Conditions (Crash Level)","# of Fatalities per Crash","Latitude","Longitude","Geolocated City","Geolocated County","First Harmful Event (Unit Order)","Operator/Pedestrian Contrib Factor (excl None, Other, No Contrib Factors)","Most Harmful Event (Crash Level)"
0,0,"Atlanta Police Department","2022-02-27","I-75 and Northside Dr","(O) No Injury","Daylight","On Roadway - Non-Intersection","Sideswipe-Same Direction","I-75","Wet","12:30:00","[""Unknown"",""Lap and Shoulder Belt Used""]","Clear",0,33.807029,-84.41634,"Atlanta","FULTON","[""Motor Vehicle in Motion"",""Motor Vehicle in Motion""]","Changed Lanes Improperly","Motor Vehicle in Motion"
1,0,"Atlanta Police Department","2022-02-27","Wood Valley Rd Nw and E Wood Valley Rd Nw","(A) Suspected Serious Injury","Dark-Not Lighted","Off Roadway","Not a Collision with Motor Vehicle","Wood Valley Rd Nw","Dry","01:50:00","Unknown","Clear",0,33.848155,-84.414389,"Atlanta","FULTON","Other - Fixed Object","Other Activity - Mobile Device (Distracted)","Other - Fixed Object"
0,0,"Atlanta Police Department","2022-02-27","I-75 and Howell Mill","(O) No Injury","Daylight","On Roadway - Non-Intersection","Rear End","I-75","Water (standing or moving)","13:00:00","[""Unknown"",""Unknown"",""Unknown"",""Unknown""]","Rain",0,33.808338,-84.417735,"Atlanta","FULTON","[""Motor Vehicle in Motion"",""Motor Vehicle in Motion"",""Motor Vehicle in Motion"",""Motor Vehicle in Motion""]","[""Following Too Close"",""Following Too Close"",""Following Too Close""]","[""Motor Vehicle in Motion"",""Motor Vehicle in Motion"",""Motor Vehicle in Motion"",""Motor Vehicle in Motion""]"
0,0,"Atlanta Police Department","2022-02-27","None and I-285","(O) No Injury","Daylight","Median","Not a Collision with Motor Vehicle","I-285","Water (standing or moving)","12:20:00","Lap and Shoulder Belt Used","Rain",0,33.67864,-84.499275,"Atlanta","FULTON","Other Non-Collision",,"Guard Rail Fence"
0,0,"Atlanta Police Department","2022-02-27","Moton Ave Sw and University Ave Sw","(O) No Injury","Dark-Lighted","Off Roadway","Not a Collision with Motor Vehicle","University Ave Sw","Wet","04:15:00","Unknown","Rain",0,33.722124,-84.39689,"Atlanta","FULTON","Other - Fixed Object",,"Other - Fixed Object"
0,0,"Atlanta Police Department","2022-02-27","Lois St Nw and W Marietta St Nw","(C) Possible Injury / Complaint","Dark-Not Lighted","Off Roadway","Not a Collision with Motor Vehicle","W Marietta St Nw","Water (standing or moving)","04:15:00","None Used","Rain",0,33.78627,-84.432422,"Atlanta","FULTON","Bridge Rail","Driver Lost Control","Bridge Rail"
0,0,"Atlanta Police Department","2022-02-27","Browns Mill Rd Se and Southside Industrial Pkwy Se","(O) No Injury","Dark-Lighted","On Roadway - Roadway Intersection","Rear End","Southside Industrial Pkwy Se","Dry","23:30:00","[""Lap and Shoulder Belt Used"",""Lap and Shoulder Belt Used""]","Clear",0,33.653008,-84.39331,"Atlanta","FULTON","[""Motor Vehicle in Motion"",""Motor Vehicle in Motion""]","Following Too Close","[""Motor Vehicle in Motion"",""Motor Vehicle in Motion""]"
0,0,"Atlanta Police Department","2022-02-27","Dill Ave Sw and Murphy Ave Sw","(O) No Injury","Daylight","On Roadway - Roadway Intersection","Angle Crash","Murphy Ave Sw","Wet","17:10:00","[""Unknown"",""Unknown""]","Cloudy",0,33.718221,-84.424019,"Atlanta","FULTON","[""Motor Vehicle in Motion"",""Motor Vehicle in Motion""]","Failure to Yield","[""Motor Vehicle in Motion"",""Motor Vehicle in Motion""]"
0,0,"Atlanta Police Department","2022-02-27","W Wesley Rd Nw and Habersham Rd Nw","(O) No Injury","Daylight","On Roadway - Roadway Intersection","Angle Crash","W Wesley Rd Nw","Dry","16:00:00","[""Lap and Shoulder Belt Used"",""Lap and Shoulder Belt Used""]","Clear",0,33.828671,-84.394437,"Atlanta","FULTON","[""Motor Vehicle in Motion"",""Motor Vehicle in Motion""]","Disregard Stop Sign/Signal","[""Motor Vehicle in Motion"",""Motor Vehicle in Motion""]"
0,0,"Atlanta Police Department","2022-02-27","None and Exit 1B Rp","(O) No Injury","Dark-Lighted","On Roadway - Non-Intersection","Sideswipe-Same Direction","Exit 1B Rp","Wet","20:00:00","[""Lap and Shoulder Belt Used"",""Lap and Shoulder Belt Used""]","Clear",0,33.830318,-84.360402,"Atlanta","FULTON","[""Motor Vehicle in Motion"",""Motor Vehicle in Motion""]",,"[""Motor Vehicle in Motion"",""Motor Vehicle in Motion""]"
0,0,"Atlanta Police Department","2022-02-27","E Wesley Rd Ne and Piedmont Rd Ne","(O) No Injury","Dark-Lighted","On Roadway - Roadway Intersection","Rear End","Piedmont Rd Ne","Wet","02:25:00","[""Lap and Shoulder Belt Used"",""Lap and Shoulder Belt Used"",""Lap and Shoulder Belt Used"",""Lap and Shoulder Belt Used""]","Rain",0,33.831176,-84.368046,"Atlanta","FULTON","[""Motor Vehicle in Motion"",""Motor Vehicle in Motion""]",,"[""Motor Vehicle in Motion"",""Motor Vehicle in Motion""]"
0,0,"Atlanta Police Department","2022-02-27","Euclid Ave Ne and Moreland Ave Ne","(O) No Injury","Dark-Lighted","On Roadway - Non-Intersection","Sideswipe-Same Direction","Moreland Ave Ne","Dry","00:51:00","[""Unknown"",""Unknown"",""Unknown"",""Unknown""]","Clear",0,33.765023,-84.349224,"Atlanta","FULTON","[""Motor Vehicle in Motion"",""Motor Vehicle in Motion""]","Misjudged Clearance","[""Motor Vehicle in Motion"",""Motor Vehicle in Motion""]"
0,0,"Atlanta Police Department","2022-02-27","I-85 and Cleveland Ave Sw","(O) No Injury","Daylight","On Roadway - Non-Intersection","Angle Crash","I-85","Water (standing or moving)","15:38:00","[""Unknown"",""Unknown""]","Rain",0,33.68134,-84.411495,"Atlanta","FULTON","[""Motor Vehicle in Motion"",""Motor Vehicle in Motion""]",,"[""Motor Vehicle in Motion"",""Motor Vehicle in Motion""]"
0,0,"Atlanta Police Department","2022-02-27","I-85 and Cleveland Ave Sw","(O) No Injury","Dark-Not Lighted","On Roadway - Non-Intersection","Sideswipe-Same Direction","I-85","Dry","20:49:00","[""Unknown"",""Unknown"",""Unknown""]","Clear",0,33.688875,-84.401315,"Atlanta","FULTON","[""Motor Vehicle in Motion"",""Motor Vehicle in Motion""]",,"[""Motor Vehicle in Motion"",""Motor Vehicle in Motion""]"
0,0,"Atlanta Police Department","2022-02-27","Helena Ave Sw and Martin Luther King Jr Dr Sw","(O) No Injury","Daylight","On Roadway - Non-Intersection","Sideswipe-Same Direction","Martin Luther King Jr Dr Sw","Wet","17:30:00","[""Unknown"",""Lap and Shoulder Belt Used""]","Cloudy",0,33.750463,-84.447596,"Atlanta","FULTON","[""Motor Vehicle in Motion"",""Motor Vehicle in Motion""]",,"[""Motor Vehicle in Motion"",""Motor Vehicle in Motion""]"
0,0,"Atlanta Police Department","2022-02-27","Ashley Ave Ne and Ralph Mcgill Blvd Ne","(O) No Injury","Daylight","On Roadway - Non-Intersection","Angle Crash","Ralph Mcgill Blvd Ne","Water (standing or moving)","16:00:00","[""Unknown"",""Unknown""]","Cloudy",0,33.766131,-84.363337,"Atlanta","FULTON","[""Motor Vehicle in Motion"",""Motor Vehicle in Motion""]","Improper Turn","[""Motor Vehicle in Motion"",""Motor Vehicle in Motion""]"
0,0,"Atlanta Police Department","2022-02-27","Hilliard St Se and Edgewood Ave Se","(O) No Injury","Dark-Lighted","Off Roadway","Sideswipe-Opposite Direction","Edgewood Ave Se","Dry","01:53:00","Unknown","Clear",0,33.75437,-84.376576,"Atlanta","FULTON","[""Motor Vehicle in Motion"",""Parked Motor Vehicle""]","Misjudged Clearance","[""Motor Vehicle in Motion"",""Parked Motor Vehicle""]"
0,0,"Atlanta Police Department","2022-02-27","Joseph E Lowery Blvd Nw and Donald Lee Hollowell Pkwy Nw","(O) No Injury","Daylight","On Roadway - Roadway Intersection","Sideswipe-Same Direction","Donald Lee Hollowell Pkwy Nw","Wet","17:01:00","[""Unknown"",""Unknown""]","Cloudy",0,33.773042,-84.417346,"Atlanta","FULTON","[""Motor Vehicle in Motion"",""Motor Vehicle in Motion""]","Aggressive Driving","Motor Vehicle in Motion"
0,0,"Atlanta Police Department","2022-02-27","Fair St Sw and Rosser St Sw","(O) No Injury","Daylight","On Roadway - Roadway Intersection","Angle Crash","Rosser St Sw","Water (standing or moving)","15:30:00","[""Lap and Shoulder Belt Used"",""Lap and Shoulder Belt Used""]","Cloudy",0,33.749151,-84.424345,"Atlanta","FULTON","[""Motor Vehicle in Motion"",""Motor Vehicle in Motion""]","Misjudged Clearance","[""Motor Vehicle in Motion"",""Motor Vehicle in Motion""]"
0,0,"Atlanta Police Department","2022-02-27","7Th St Ne and Myrtle St Ne","(O) No Injury","Dark-Lighted","On Roadway - Roadway Intersection","Sideswipe-Same Direction","7Th St Ne","Dry","10:00:00","Unknown","Clear",0,33.778189,-84.379124,"Atlanta","FULTON","[""Railway Train/Street Car"",""Parked Motor Vehicle""]",,"[""Motor Vehicle in Motion"",""Parked Motor Vehicle""]"
0,0,"Atlanta Police Department","2022-02-27","None and I-75","(O) No Injury","Daylight","On Roadway - Non-Intersection","Rear End","I-75","Water (standing or moving)","07:26:00","[""Unknown"",""Unknown""]","Rain",0,33.753066,-84.378813,"Atlanta","FULTON","[""Motor Vehicle in Motion"",""Motor Vehicle in Motion""]","Following Too Close","[""Motor Vehicle in Motion"",""Motor Vehicle in Motion""]"
0,1,"Atlanta Police Department","2022-02-27","Piedmont Ave Ne and John Portman Blvd Ne","(B) Suspected Minor/Visible Injury","Dark-Lighted","Off Roadway","Not a Collision with Motor Vehicle","Piedmont Ave Ne","Wet","02:11:00","Unknown","Rain",0,33.761348,-84.382121,"Atlanta","FULTON","Curb","Too Fast for Conditions","Curb"
0,0,"Atlanta Police Department","2022-02-27","Hunnicutt St Nw and Centennial Olympic Park Dr Nw","(O) No Injury","Dark-Lighted","On Roadway - Roadway Intersection","Angle Crash","Hunnicutt St Nw","Dry","18:00:00","[""Unknown"",""Unknown"",""Unknown"",""Unknown"",""Unknown"",""Unknown""]","Clear",0,33.766614,-84.391898,"Atlanta","FULTON","[""Motor Vehicle in Motion"",""Motor Vehicle in Motion""]","Improper Turn","[""Motor Vehicle in Motion"",""Motor Vehicle in Motion""]"
0,0,"Atlanta Police Department","2022-02-27","None and I-75","(O) No Injury","Dark-Lighted","On Roadway - Non-Intersection","Sideswipe-Same Direction","I-75","Dry","18:21:00","[""Unknown"",""Unknown""]","Cloudy",0,33.750886,-84.38124,"Atlanta","FULTON","[""Motor Vehicle in Motion"",""Motor Vehicle in Motion""]","[""Changed Lanes Improperly"",""Changed Lanes Improperly""]","[""Motor Vehicle in Motion"",""Motor Vehicle in Motion""]"
1,0,"Atlanta Police Department","2022-02-27","None and Martin Luther King Jr Dr Nw","(A) Suspected Serious Injury","Dark-Lighted","Off Roadway","Not a Collision with Motor Vehicle","Martin Luther King Jr Dr Nw","Wet","04:53:00","Lap and Shoulder Belt Used","Rain",0,33.753648,-84.425546,"Atlanta","FULTON","Motor Vehicle in Motion","[""Too Fast for Conditions"",""Driver Lost Control"",""Failure to Yield""]","Motor Vehicle in Motion"
0,0,"Atlanta Police Department","2022-02-27","Miami Cir Ne and Piedmont Rd Ne","(C) Possible Injury / Complaint","Daylight","On Roadway - Roadway Intersection","Rear End","Piedmont Rd Ne","Wet","11:30:00","[""Unknown"",""Unknown"",""Lap and Shoulder Belt Used""]","Rain",0,33.82801,-84.367265,"Atlanta","FULTON","[""Motor Vehicle in Motion"",""Motor Vehicle in Motion""]","Following Too Close","[""Motor Vehicle in Motion"",""Motor Vehicle in Motion""]"
0,0,"Atlanta Police Department","2022-02-27","10Th St Nw and Atlantic Dr Nw","(C) Possible Injury / Complaint","Dark-Lighted","On Roadway - Non-Intersection","Rear End","10Th St Nw","Water (standing or moving)","09:00:00","[""Lap and Shoulder Belt Used"",""Lap and Shoulder Belt Used""]","Rain",0,33.781518,-84.399152,"Atlanta","FULTON","[""Motor Vehicle in Motion"",""Motor Vehicle in Motion""]","Following Too Close","[""Motor Vehicle in Motion"",""Motor Vehicle in Motion""]"
0,0,"Atlanta Police Department","2022-02-27","I-75 and 14Th St Nw","(O) No Injury","Dark-Lighted","On Roadway - Non-Intersection","Sideswipe-Same Direction","I-75","Wet","20:30:00","Lap and Shoulder Belt Used","Cloudy",0,33.784307,-84.390835,"Atlanta","FULTON","[""Motor Vehicle in Motion"",""Motor Vehicle in Motion""]","Changed Lanes Improperly","[""Motor Vehicle in Motion"",""Motor Vehicle in Motion""]"
0,0,"Atlanta Police Department","2022-02-27","Larchwood Rd Sw and Willis Mill Rd Sw","(O) No Injury","Daylight","On Roadway - Non-Intersection","Angle Crash","Willis Mill Rd Sw","Water (standing or moving)","15:45:00","[""Unknown"",""None Used""]","Rain",0,33.748339,-84.466729,"Atlanta","FULTON","[""Motor Vehicle in Motion"",""Motor Vehicle in Motion""]","Improper Backing","[""Motor Vehicle in Motion"",""Motor Vehicle in Motion""]"
0,0,"Atlanta Police Department","2022-02-27","Piedmont Ave Ne and Ralph Mcgill Blvd Ne","(C) Possible Injury / Complaint","Dark-Lighted","On Roadway - Roadway Intersection","Head On","Piedmont Ave Ne","Wet","04:00:00","[""Unknown"",""Unknown"",""Unknown"",""Unknown""]","Clear",0,33.764217,-84.38207,"Atlanta","FULTON","[""Motor Vehicle in Motion"",""Motor Vehicle in Motion""]","Under the Influence (U.I.)","[""Motor Vehicle in Motion"",""Motor Vehicle in Motion""]"
0,1,"Atlanta Police Department","2022-02-27","W Lake Ave Nw and Joseph E Boone Blvd Nw","(B) Suspected Minor/Visible Injury","Dark-Lighted","Off Roadway - Sidewalk","Not a Collision with Motor Vehicle","W Lake Ave Nw","Dry","20:21:00","[""Unknown"",""Unknown""]","Clear",0,33.764073,-84.441036,"Atlanta","FULTON","Other Non-Collision","Changed Lanes Improperly","Tree"
0,0,"Atlanta Police Department","2022-02-27","Pharr Rd Nw and Peachtree Rd Ne","(O) No Injury","Dark-Lighted","On Roadway - Roadway Intersection","Angle Crash","Pharr Rd Nw","Dry","19:00:00","[""Lap and Shoulder Belt Used"",""Lap and Shoulder Belt Used""]","Clear",0,33.837034,-84.381436,"Atlanta","FULTON","[""Motor Vehicle in Motion"",""Parked Motor Vehicle""]","Failure to Yield","[""Motor Vehicle in Motion"",""Motor Vehicle in Motion""]"
0,0,"Atlanta Police Department","2022-02-27","None and I-20","(O) No Injury","Dark-Lighted","On Roadway - Non-Intersection","Sideswipe-Same Direction","I-20","Dry","21:35:00","Lap and Shoulder Belt Used","Clear",0,33.765818,-84.495675,"Atlanta","FULTON","[""Motor Vehicle in Motion"",""Motor Vehicle in Motion""]","Changed Lanes Improperly","Motor Vehicle in Motion"
0,0,"Atlanta Police Department","2022-02-27","Holly Rd Nw and Joseph E Boone Blvd Nw","(O) No Injury","Dark-Not Lighted","On Roadway - Non-Intersection","Angle Crash","Holly Rd Nw","Dry","22:05:00","[""Unknown"",""Unknown""]","Clear",0,33.763578,-84.437705,"Atlanta","FULTON","[""Motor Vehicle in Motion"",""Parked Motor Vehicle""]","Misjudged Clearance","[""Motor Vehicle in Motion"",""Motor Vehicle in Motion""]"
0,0,"Atlanta Police Department","2022-02-27","None and I-20","(C) Possible Injury / Complaint","Daylight","On Roadway - Non-Intersection","Rear End","I-20","Wet","11:53:00","[""Lap and Shoulder Belt Used"",""Lap and Shoulder Belt Used"",""Lap and Shoulder Belt Used"",""Lap and Shoulder Belt Used"",""Lap and Shoulder Belt Used""]","Rain",0,33.742019,-84.421276,"Atlanta","FULTON","[""Motor Vehicle in Motion"",""Motor Vehicle in Motion""]","Following Too Close","[""Motor Vehicle in Motion"",""Motor Vehicle in Motion""]"
0,3,"Atlanta Police Department","2022-02-27","16Th St Nw and Village St","(B) Suspected Minor/Visible Injury","Dark-Lighted","On Roadway - Managed Lane (HOV, HOT, Reversible)","Angle Crash","Village St","Dry","01:50:00","[""Lap and Shoulder Belt Used"",""Lap and Shoulder Belt Used"",""Lap and Shoulder Belt Used"",""Lap and Shoulder Belt Used""]","Clear",0,33.788746,-84.402774,"Atlanta","FULTON","[""Motor Vehicle in Motion"",""Motor Vehicle in Motion""]",,"[""Motor Vehicle in Motion"",""Motor Vehicle in Motion""]"
0,0,"Atlanta Police Department","2022-02-27","Wylie St Se and Moreland Ave Se","(O) No Injury","Dark-Lighted","On Roadway - Non-Intersection","Angle Crash","Moreland Ave Se","Dry","22:45:00","[""Unknown"",""Unknown""]","Cloudy",0,33.752633,-84.349221,"Atlanta","FULTON","[""Motor Vehicle in Motion"",""Motor Vehicle in Motion""]","Failure to Yield","[""Motor Vehicle in Motion"",""Motor Vehicle in Motion""]"
0,0,"Atlanta Police Department","2022-02-27","None and Ga-13 Rp","(C) Possible Injury / Complaint","Daylight","Entrance/Exit Ramp","Rear End","Ga-13 Rp","Wet","12:30:00","[""Shoulder Belt Only Used"",""Shoulder Belt Only Used""]","Rain",0,33.810403,-84.373027,"Atlanta","FULTON","[""Motor Vehicle in Motion"",""Motor Vehicle in Motion""]","[""Too Fast for Conditions"",""Following Too Close""]","[""Motor Vehicle in Motion"",""Motor Vehicle in Motion""]"
0,0,"Atlanta Police Department","2022-02-27","Piedmont Rd Ne and Lakeshore Dr Ne","(O) No Injury","Dark-Lighted","On Roadway - Non-Intersection","Rear End","Piedmont Rd Ne","Dry","00:00:00","[""Lap and Shoulder Belt Used"",""Lap and Shoulder Belt Used""]","Clear",0,33.81582,-84.366617,"Atlanta","FULTON","[""Motor Vehicle in Motion"",""Parked Motor Vehicle""]","Following Too Close","[""Motor Vehicle in Motion"",""Parked Motor Vehicle""]"
0,0,"Atlanta Police Department","2022-02-27","Deering Rd Nw and Mecaslin St Nw","(O) No Injury","Dark-Lighted","On Roadway - Managed Lane (HOV, HOT, Reversible)","Sideswipe-Same Direction","Mecaslin St Nw","Water (standing or moving)","05:40:00","Unknown","Rain",0,33.795916,-84.399807,"Atlanta","FULTON","[""Parked Motor Vehicle"",""Motor Vehicle in Motion""]","Driver Lost Control","[""Parked Motor Vehicle"",""Motor Vehicle in Motion""]"
0,0,"Atlanta Police Department","2022-02-27","Ga-400 and Sidney Marcus Blvd Ne","(O) No Injury","Daylight","On Roadway - Non-Intersection","Sideswipe-Same Direction","Ga-400","Wet","17:50:00","[""Lap and Shoulder Belt Used"",""Lap and Shoulder Belt Used""]","Clear",0,33.825935,-84.359834,"Atlanta","FULTON","[""Motor Vehicle in Motion"",""Motor Vehicle in Motion""]",,"[""Motor Vehicle in Motion"",""Motor Vehicle in Motion""]"
0,0,"Atlanta Police Department","2022-02-27","Beverly Rd Ne and Peachtree St Ne","(O) No Injury","Dark-Lighted","On Roadway - Driveway Intersection","Angle Crash","Beverly Rd Ne","Water (standing or moving)","04:07:00","[""Unknown"",""Unknown""]","Cloudy",0,33.796701,-84.387944,"Atlanta","FULTON","[""Motor Vehicle in Motion"",""Motor Vehicle in Motion""]","[""Disregard Other Traffic Control"",""Aggressive Driving""]","[""Motor Vehicle in Motion"",""Motor Vehicle in Motion""]"
0,0,"Atlanta Police Department","2022-02-27","Spring St Nw and Ivan Allen Jr Blvd Nw","(O) No Injury","Dark-Lighted","On Roadway - Roadway Intersection","Angle Crash","Spring St Nw","Dry","21:30:00","[""Unknown"",""Unknown"",""Unknown""]","Clear",0,33.764663,-84.388973,"Atlanta","FULTON","[""Motor Vehicle in Motion"",""Motor Vehicle in Motion""]","Disregard Police - Traffic Control","[""Motor Vehicle in Motion"",""Motor Vehicle in Motion""]"
2,0,"Atlanta Police Department","2022-02-27","None and I-285","(A) Suspected Serious Injury","Dark-Lighted","On Shoulder","Not a Collision with Motor Vehicle","I-285","Dry","18:50:00","[""Lap and Shoulder Belt Used"",""Lap and Shoulder Belt Used""]","Clear",0,33.671113,-84.498396,"Atlanta","FULTON","Other Non-Collision","Driver Lost Control","Median Barrier"
0,0,"Atlanta Police Department","2022-02-27","I-75 and I-75 N","(O) No Injury","Dark-Lighted","On Roadway - Non-Intersection","Angle Crash","I-75","Wet","03:05:00","[""Unknown"",""Unknown"",""Unknown"",""Unknown""]","Rain",0,33.767786,-84.389789,"Atlanta","FULTON","[""Motor Vehicle in Motion"",""Motor Vehicle in Motion"",""Motor Vehicle in Motion"",""Motor Vehicle in Motion""]",,"[""Motor Vehicle in Motion"",""Motor Vehicle in Motion""]"
0,0,"Atlanta Police Department","2022-02-27","None and Forrest Hills Dr Sw","(O) No Injury","Daylight","On Roadway - Non-Intersection","Angle Crash","Forrest Hills Dr Sw","Dry","13:30:00","[""Unknown"",""Unknown""]","Clear",0,33.677852,-84.399319,"Atlanta","FULTON","[""Motor Vehicle in Motion"",""Motor Vehicle in Motion""]","Failure to Yield","[""Motor Vehicle in Motion"",""Motor Vehicle in Motion""]"
0,0,"Gsp Post 00","2022-02-27","Delmar Lane and Brownlee Road","(O) No Injury","Dark-Lighted","Off Roadway","Head On","Delmar Lane","Dry","20:38:00","None Used","Clear",0,33.756708,-84.499487,"Atlanta","FULTON","Other - Fixed Object","[""Reckless Driving"",""Driver Lost Control"",""Disregard Police - Evasion"",""Exceeding Speed Limit""]","Other - Fixed Object"
0,0,"Atlanta Police Department","2022-02-27","Mt Gilead Rd Sw and Pine Cone Dr Sw","(O) No Injury","Daylight","On Roadway - Roadway Intersection","Sideswipe-Opposite Direction","Pine Cone Dr Sw","Wet","13:57:00","[""Lap and Shoulder Belt Used"",""Lap and Shoulder Belt Used""]","Cloudy",0,33.698533,-84.500507,"Atlanta","FULTON","[""Motor Vehicle in Motion"",""Motor Vehicle in Motion""]","Driver Lost Control","[""Motor Vehicle in Motion"",""Motor Vehicle in Motion""]"
0,0,"Atlanta Police Department","2022-02-27","I-20 W and Moreland Ave Se","(O) No Injury","Daylight","On Roadway - Non-Intersection","Angle Crash","Moreland Ave Se","Dry","13:35:00","[""Lap and Shoulder Belt Used"",""Lap and Shoulder Belt Used""]","Clear",0,33.745649,-84.34925,"Atlanta","FULTON","[""Motor Vehicle in Motion"",""Motor Vehicle in Motion""]","Changed Lanes Improperly","[""Motor Vehicle in Motion"",""Motor Vehicle in Motion""]"
0,0,"Atlanta Police Department","2022-02-27","Lee St Sw and White Oak Ave Sw","(O) No Injury","Dark-Not Lighted","On Roadway - Roadway Intersection","Rear End","White Oak Ave Sw","Dry","01:30:00","[""Unknown"",""Unknown"",""Unknown""]","Clear",0,33.7241,-84.421101,"Atlanta","FULTON","[""Motor Vehicle in Motion"",""Motor Vehicle in Motion""]","Following Too Close","[""Motor Vehicle in Motion"",""Motor Vehicle in Motion""]"
0,0,"Atlanta Police Department","2022-02-27","16Th St Ne and Peachtree St Ne","(C) Possible Injury / Complaint","Daylight","On Roadway - Roadway Intersection","Rear End","Peachtree St Ne","Dry","16:00:00","[""Lap and Shoulder Belt Used"",""Lap and Shoulder Belt Used""]","Cloudy",0,33.790596,-84.385113,"Atlanta","FULTON","[""Motor Vehicle in Motion"",""Motor Vehicle in Motion""]","Following Too Close","[""Motor Vehicle in Motion"",""Motor Vehicle in Motion""]"
0,0,"Atlanta Police Department","2022-02-27","Roswell Rd Ne and E Andrews Dr Nw","(O) No Injury","Daylight","On Roadway - Roadway Intersection","Sideswipe-Same Direction","E Andrews Dr Nw","Dry","16:50:00","[""Lap and Shoulder Belt Used"",""Lap and Shoulder Belt Used""]","Clear",0,33.843659,-84.379295,"Atlanta","FULTON","[""Motor Vehicle in Motion"",""Motor Vehicle in Motion""]","Changed Lanes Improperly","[""Motor Vehicle in Motion"",""Motor Vehicle in Motion""]"
0,0,"Gsp Post 00","2022-02-27","I-20 West and Langhorn St","(C) Possible Injury / Complaint","Daylight","On Shoulder","Rear End","I-20 West","Wet","18:37:00","[""Lap and Shoulder Belt Used"",""Lap and Shoulder Belt Used"",""Lap and Shoulder Belt Used"",""Lap and Shoulder Belt Used""]","Rain",0,33.74355,-84.423978,"Atlanta","FULTON","[""Guard Rail Face"",""Motor Vehicle in Motion"",""Other Object (Not Fixed)""]","[""Changed Lanes Improperly"",""Reckless Driving"",""Disregard Police - Evasion"",""Driver Lost Control""]","[""Guard Rail Fence"",""Motor Vehicle in Motion"",""Impact Attenuate""]"
0,0,"Atlanta Police Department","2022-02-27","Ellis St Ne and John Lewis Freedom Pkwy Ne","(O) No Injury","Daylight","On Roadway - Roadway Intersection","Rear End","Ellis St Ne","Water (standing or moving)","07:00:00","[""Lap and Shoulder Belt Used"",""Lap and Shoulder Belt Used""]","Rain",0,33.759189,-84.378261,"Atlanta","FULTON","[""Motor Vehicle in Motion"",""Motor Vehicle in Motion""]",,"[""Motor Vehicle in Motion"",""Motor Vehicle in Motion""]"
0,0,"Atlanta Police Department","2022-02-27","Marietta Blvd Nw and Chattahoochee Ave Nw","(O) No Injury","Daylight","On Roadway - Roadway Intersection","Rear End","Marietta Blvd Nw","Wet","17:00:00","[""Lap and Shoulder Belt Used"",""Lap and Shoulder Belt Used""]","Clear",0,33.810405,-84.438743,"Atlanta","FULTON","[""Motor Vehicle in Motion"",""Motor Vehicle in Motion""]","[""Too Fast for Conditions"",""Following Too Close""]","[""Motor Vehicle in Motion"",""Motor Vehicle in Motion""]"
0,0,"Atlanta Police Department","2022-02-27","Marietta Blvd Nw and Chattahoochee Ave Nw","(O) No Injury","Dark-Lighted","On Roadway - Non-Intersection","Head On","Marietta Blvd Nw","Wet","19:44:00","[""Lap and Shoulder Belt Used"",""Lap and Shoulder Belt Used"",""Lap and Shoulder Belt Used"",""Child Restraint System (Properly Used)"",""Lap and Shoulder Belt Used""]","Clear",0,33.810405,-84.438743,"Atlanta","FULTON","[""Motor Vehicle in Motion"",""Motor Vehicle in Motion""]",,"[""Motor Vehicle in Motion"",""Motor Vehicle in Motion""]"
0,0,"Atlanta Police Department","2022-02-27","Faith Ave Se and Moreland Ave Se","(O) No Injury","Daylight","On Roadway - Roadway Intersection","Angle","Moreland Ave Se","Wet","14:12:00","[""Lap and Shoulder Belt Used"",""Lap and Shoulder Belt Used""]","Rain",0,33.743314,-84.349235,"Atlanta","FULTON","[""Motor Vehicle in Motion"",""Motor Vehicle in Motion""]",,"[""Motor Vehicle in Motion"",""Motor Vehicle in Motion""]"
0,0,"Atlanta Police Department","2022-02-27","Peters St Sw and Walker St Sw","(O) No Injury","Dark-Not Lighted","On Roadway - Non-Intersection","Rear End","Walker St Sw","Dry","02:59:00","[""Unknown"",""Unknown""]","Cloudy",0,33.745757,-84.403637,"Atlanta","FULTON","[""Motor Vehicle in Motion"",""Motor Vehicle in Motion""]","Following Too Close","[""Motor Vehicle in Motion"",""Motor Vehicle in Motion""]"
0,0,"Atlanta Police Department","2022-02-27","14Th St Nw and Northside Dr Nw","(O) No Injury","Dark-Lighted","On Roadway - Managed Lane (HOV, HOT, Reversible)","Angle Crash","14Th St Nw","Dry","01:10:00","[""Lap and Shoulder Belt Used"",""Lap and Shoulder Belt Used"",""Lap and Shoulder Belt Used""]","Clear",0,33.786224,-84.407445,"Atlanta","FULTON","[""Motor Vehicle in Motion"",""Motor Vehicle in Motion"",""Motor Vehicle in Motion""]","Aggressive Driving","[""Motor Vehicle in Motion"",""Motor Vehicle in Motion"",""Motor Vehicle in Motion""]"