"# Serious Injuries","# Visible Injuries","Agency Name (Crash Level) ","Date","Intersection Name (from Crash Report)","KABCO Severity","Light Conditions (Crash Level)","Location at Impact (Crash Level) ","Manner of Collision (Crash Level) ","Roadway (From Crash Report)","Surface Condition (Crash Level) ","Time","Safety Equipment (Crash Level) ","Weather Conditions (Crash Level)","# of Fatalities per Crash","Latitude","Longitude","Geolocated City","Geolocated County","First Harmful Event (Unit Order)","Operator/Pedestrian Contrib Factor (excl None, Other, No Contrib Factors)","Most Harmful Event (Crash Level)"
0,0,"Gsp Post 00","2022-03-04","Monroe Drive and State Route 13 North","(C) Possible Injury / Complaint","Daylight","On Roadway - Non-Intersection","Rear End","State Route 13 North","Dry","08:39:00","[""Lap and Shoulder Belt Used"",""Lap and Shoulder Belt Used""]","Clear",0,33.807131,-84.377982,"Atlanta","FULTON","[""Motor Vehicle in Motion"",""Motor Vehicle in Motion""]","Following Too Close","[""Motor Vehicle in Motion"",""Motor Vehicle in Motion""]"
0,0,"Atlanta Police Department","2022-03-04","Conley Rd Se and Jonesboro Rd Se","(K) Fatal Injury","Dark-Not Lighted","On Roadway - Non-Intersection","Not a Collision with Motor Vehicle","Jonesboro Rd Se","Dry","20:30:00","[""Unknown"",""None Used""]","Clear",1,33.648709,-84.365687,"Atlanta","FULTON","[""Motor Vehicle in Motion"",""Motor Vehicle in Motion""]",,"Pedestrian"
0,0,"Atlanta Police Department","2022-03-04","Rockwood Ave Nw and Hamilton E Holmes Dr Nw","(O) No Injury","Daylight","On Roadway - Roadway Intersection","Not a Collision with Motor Vehicle","Hamilton E Holmes Dr Nw","Dry","18:03:00","Lap and Shoulder Belt Used","Clear",0,33.77464,-84.473663,"Atlanta","FULTON","Other Non-Collision",,"Other - Fixed Object"
0,0,"Atlanta Police Department","2022-03-04","14Th St Ne and W Peachtree St Nw","(O) No Injury","Daylight","On Roadway - Non-Intersection","Angle Crash","14Th St Ne","Dry","07:00:00","[""Unknown"",""Unknown""]","Clear",0,33.786574,-84.387433,"Atlanta","FULTON","[""Motor Vehicle in Motion"",""Motor Vehicle in Motion""]","Improper Turn","[""Motor Vehicle in Motion"",""Motor Vehicle in Motion""]"
0,0,"Gsp Post 00","2022-03-04","I-285 Sb and Donald Lee Hollowell Pkwy","(C) Possible Injury / Complaint","Daylight","On Roadway - Non-Intersection","Sideswipe-Same Direction","I-285 Sb","Dry","08:35:00","[""Lap and Shoulder Belt Used"",""Lap and Shoulder Belt Used""]","Clear",0,33.790863,-84.489899,"Atlanta","FULTON","[""Motor Vehicle in Motion"",""Motor Vehicle in Motion""]","Changed Lanes Improperly","[""Motor Vehicle in Motion"",""Motor Vehicle in Motion""]"
0,1,"Gsp Post 00","2022-03-04","I-20 Wb and Linkwood Rd Nw","(B) Suspected Minor/Visible Injury","Daylight","On Roadway - Non-Intersection","Sideswipe-Same Direction","I-20 Wb","Dry","11:40:00","[""Lap and Shoulder Belt Used"",""Lap and Shoulder Belt Used""]","Clear",0,33.759831,-84.482153,"Atlanta","FULTON","[""Motor Vehicle in Motion"",""Motor Vehicle in Motion""]","Changed Lanes Improperly","[""Motor Vehicle in Motion"",""Motor Vehicle in Motion""]"
0,0,"Gsp Post 00","2022-03-04","I-7585 Northbound and Univeristy Avenue On Ramp","(O) No Injury","Daylight","On Roadway - Non-Intersection","Angle Crash","I-7585 Northbound","Dry","16:39:00","[""Lap and Shoulder Belt Used"",""Lap and Shoulder Belt Used"",""Lap and Shoulder Belt Used""]","Clear",0,33.722833,-84.394182,"Atlanta","FULTON","[""Motor Vehicle in Motion"",""Motor Vehicle in Motion""]","Changed Lanes Improperly","[""Motor Vehicle in Motion"",""Motor Vehicle in Motion""]"
0,0,"Atlanta Police Department","2022-03-04","Courtland St Ne and Edgewood Ave Se","(O) No Injury","Daylight","On Roadway - Roadway Intersection","Sideswipe-Same Direction","Edgewood Ave Se","Dry","10:50:00","[""Unknown"",""Unknown"",""Unknown""]","Clear",0,33.754464,-84.384297,"Atlanta","FULTON","[""Motor Vehicle in Motion"",""Motor Vehicle in Motion""]","[""Changed Lanes Improperly"",""Changed Lanes Improperly""]","[""Motor Vehicle in Motion"",""Motor Vehicle in Motion""]"
0,0,"Atlanta Police Department","2022-03-04","Conley Rd Se and Jonesboro Rd Se","(O) No Injury","Dusk","On Roadway - Roadway Intersection","Sideswipe-Opposite Direction","Jonesboro Rd Se","Dry","21:30:00","[""Lap and Shoulder Belt Used"",""Lap and Shoulder Belt Used"",""Lap and Shoulder Belt Used""]","Clear",0,33.648943,-84.365785,"Atlanta","FULTON","[""Motor Vehicle in Motion"",""Motor Vehicle in Motion""]","Improper Turn","[""Motor Vehicle in Motion"",""Motor Vehicle in Motion""]"
0,0,"Gsp Post 00","2022-03-04","I-85 S and Armour Drive","(O) No Injury","Daylight","On Roadway - Non-Intersection","Rear End","I-85 S","Dry","09:08:00","[""Lap and Shoulder Belt Used"",""Lap and Shoulder Belt Used"",""Lap and Shoulder Belt Used""]","Clear",0,33.808506,-84.378418,"Atlanta","FULTON","[""Motor Vehicle in Motion"",""Motor Vehicle in Motion"",""Motor Vehicle in Motion""]","Following Too Close","[""Motor Vehicle in Motion"",""Motor Vehicle in Motion"",""Motor Vehicle in Motion""]"
0,0,"Atlanta Police Department","2022-03-04","Garson Dr Ne and Piedmont Rd Ne","(O) No Injury","Daylight","On Roadway - Roadway Intersection","Rear End","Piedmont Rd Ne","Dry","17:30:00","[""Lap and Shoulder Belt Used"",""Lap and Shoulder Belt Used""]","Clear",0,33.817684,-84.366954,"Atlanta","FULTON","[""Motor Vehicle in Motion"",""Motor Vehicle in Motion""]","Following Too Close","[""Motor Vehicle in Motion"",""Motor Vehicle in Motion""]"
0,0,"Atlanta Police Department","2022-03-04","None and I-75","(O) No Injury","Daylight","On Roadway - Non-Intersection","Sideswipe-Same Direction","I-75","Dry","07:00:00","[""Unknown"",""Lap and Shoulder Belt Used""]","Clear",0,33.794033,-84.393367,"Atlanta","FULTON","[""Motor Vehicle in Motion"",""Motor Vehicle in Motion""]","Changed Lanes Improperly","[""Motor Vehicle in Motion"",""Motor Vehicle in Motion""]"
0,0,"Atlanta Police Department","2022-03-04","Peters St Sw and Northside Dr Sw","(O) No Injury","Daylight","On Roadway - Non-Intersection","Sideswipe-Same Direction","Northside Dr Sw","Dry","09:00:00","Lap and Shoulder Belt Used","Clear",0,33.742783,-84.408296,"Atlanta","FULTON","[""Motor Vehicle in Motion"",""Parked Motor Vehicle""]",,"[""Motor Vehicle in Motion"",""Parked Motor Vehicle""]"
0,0,"Gsp Post 00","2022-03-04","Northwest Dr and Glenlocke Cir Nw","(O) No Injury","Dark-Not Lighted","Off Roadway","Not a Collision with Motor Vehicle","Northwest Dr","Dry","00:00:00","Lap and Shoulder Belt Used","Clear",0,33.79628,-84.485247,"Atlanta","FULTON","Tree","Disregard Police - Evasion","Tree"
0,0,"Dekalb Co Police Department","2022-03-04","Emory Dr and N Decatur Rd","(O) No Injury","Daylight","On Roadway - Roadway Intersection","Sideswipe-Same Direction","N Decatur Rd","Dry","11:50:00","[""Lap and Shoulder Belt Used"",""Lap and Shoulder Belt Used""]","Cloudy",0,33.788645,-84.321616,"Atlanta","DEKALB","[""Motor Vehicle in Motion"",""Motor Vehicle in Motion""]","Changed Lanes Improperly","[""Motor Vehicle in Motion"",""Motor Vehicle in Motion""]"
0,0,"Atlanta Police Department","2022-03-04","Barnett St Ne and Ponce De Leon Ave Ne","(O) No Injury","Daylight","On Roadway - Non-Intersection","Rear End","Ponce De Leon Ave Ne","Dry","09:50:00","[""Lap and Shoulder Belt Used"",""Lap and Shoulder Belt Used"",""Unknown""]","Clear",0,33.773814,-84.35915,"Atlanta","FULTON","[""Motor Vehicle in Motion"",""Motor Vehicle in Motion"",""Motor Vehicle in Motion""]","Following Too Close","[""Motor Vehicle in Motion"",""Motor Vehicle in Motion"",""Motor Vehicle in Motion""]"
0,0,"Atlanta Police Department","2022-03-04","Howell Mill Rd Nw and Moores Mill Rd Nw","(O) No Injury","Dark-Lighted","On Roadway - Roadway Intersection","Rear End","Moores Mill Rd Nw","Dry","18:46:00","[""Lap and Shoulder Belt Used"",""Lap and Shoulder Belt Used"",""Lap and Shoulder Belt Used""]","Clear",0,33.837341,-84.420214,"Atlanta","FULTON","[""Motor Vehicle in Motion"",""Motor Vehicle in Motion""]","Following Too Close","[""Motor Vehicle in Motion"",""Motor Vehicle in Motion""]"
0,0,"Atlanta Police Department","2022-03-04","Bellview Ave Nw and Donald Lee Hollowell Pkwy Nw","(C) Possible Injury / Complaint","Daylight","On Roadway - Non-Intersection","Sideswipe-Same Direction","Donald Lee Hollowell Pkwy Nw","Dry","08:15:00","[""Unknown"",""Unknown""]","Clear",0,33.775321,-84.471323,"Atlanta","FULTON","[""Motor Vehicle in Motion"",""Motor Vehicle in Motion""]","[""Misjudged Clearance"",""Under the Influence (U.I.)""]","[""Motor Vehicle in Motion"",""Motor Vehicle in Motion""]"
0,0,"Atlanta Police Department","2022-03-04","Karland Dr Nw and Roswell Rd Ne","(C) Possible Injury / Complaint","Daylight","On Roadway - Roadway Intersection","Angle Crash","Roswell Rd Ne","Dry","17:35:00","[""Lap and Shoulder Belt Used"",""Lap and Shoulder Belt Used""]","Clear",0,33.849853,-84.382907,"Atlanta","FULTON","[""Motor Vehicle in Motion"",""Motor Vehicle in Motion""]","Failure to Yield","[""Motor Vehicle in Motion"",""Motor Vehicle in Motion""]"
0,0,"Atlanta Police Department","2022-03-04","Markham St Sw and Northside Dr Sw","(O) No Injury","Daylight","On Roadway - Non-Intersection","Rear End","Northside Dr Sw","Dry","17:09:00","[""Unknown"",""Unknown""]","Clear",0,33.7524,-84.402846,"Atlanta","FULTON","[""Motor Vehicle in Motion"",""Motor Vehicle in Motion""]",,"[""Motor Vehicle in Motion"",""Motor Vehicle in Motion""]"
0,0,"Atlanta Police Department","2022-03-04","Boulevard Ne and North Ave Ne","(O) No Injury","Daylight","On Roadway - Roadway Intersection","Angle Crash","North Ave Ne","Dry","16:45:00","[""Lap and Shoulder Belt Used"",""Lap and Shoulder Belt Used""]","Clear",0,33.771176,-84.371756,"Atlanta","FULTON","[""Motor Vehicle in Motion"",""Motor Vehicle in Motion""]","[""Disregard Stop Sign/Signal"",""Disregard Other Traffic Control""]","[""Motor Vehicle in Motion"",""Motor Vehicle in Motion""]"
0,1,"Atlanta Police Department","2022-03-04","Bolton Rd Nw and Marietta Rd Nw","(B) Suspected Minor/Visible Injury","Daylight","On Roadway - Non-Intersection","Rear End","Bolton Rd Nw","Dry","13:10:00","[""Lap and Shoulder Belt Used"",""Lap and Shoulder Belt Used""]","Clear",0,33.819377,-84.461825,"Atlanta","FULTON","[""Motor Vehicle in Motion"",""Motor Vehicle in Motion""]","Following Too Close","[""Motor Vehicle in Motion"",""Motor Vehicle in Motion""]"
0,0,"Gsp Post 00","2022-03-04","14Th St and I-7585 S","(C) Possible Injury / Complaint","Daylight","On Roadway - Non-Intersection","Rear End","I-7585 S","Dry","16:10:00","[""Lap and Shoulder Belt Used"",""Lap and Shoulder Belt Used""]","Clear",0,33.783675,-84.39121,"Atlanta","FULTON","[""Motor Vehicle in Motion"",""Motor Vehicle in Motion""]","Following Too Close","[""Motor Vehicle in Motion"",""Motor Vehicle in Motion""]"
0,0,"Atlanta Police Department","2022-03-04","Mayson Turner Rd Nw and Martin Luther King Jr Dr Nw","(O) No Injury","Daylight","On Roadway - Non-Intersection","Angle Crash","Mayson Turner Rd Nw","Dry","20:10:00","[""Lap and Shoulder Belt Used"",""Lap and Shoulder Belt Used""]","Clear",0,33.754719,-84.415326,"Atlanta","FULTON","[""Motor Vehicle in Motion"",""Motor Vehicle in Motion""]","Failure to Yield","[""Motor Vehicle in Motion"",""Motor Vehicle in Motion""]"
0,0,"Atlanta Police Department","2022-03-04","N Eugenia Pl Nw and Donald Lee Hollowell Pkwy Nw","(O) No Injury","Dark-Lighted","On Roadway - Roadway Intersection","Sideswipe-Same Direction","Donald Lee Hollowell Pkwy Nw","Dry","19:08:00","[""Lap and Shoulder Belt Used"",""Lap and Shoulder Belt Used""]","Clear",0,33.776699,-84.453057,"Atlanta","FULTON","[""Motor Vehicle in Motion"",""Motor Vehicle in Motion""]","Inattentive or Other Distraction (Distracted)","[""Motor Vehicle in Motion"",""Motor Vehicle in Motion""]"
0,0,"Atlanta Police Department","2022-03-04","Barnett St Ne and Ponce De Leon Ave Ne","(O) No Injury","Daylight","On Roadway - Non-Intersection","Angle Crash","Barnett St Ne","Dry","17:30:00","[""None Used"",""None Used""]","Clear",0,33.773821,-84.358756,"Atlanta","FULTON","[""Motor Vehicle in Motion"",""Motor Vehicle in Motion""]",,"[""Motor Vehicle in Motion"",""Motor Vehicle in Motion""]"
0,0,"Atlanta Police Department","2022-03-04","Hampton St Nw and Marietta St Nw","(O) No Injury","Daylight","On Roadway - Roadway Intersection","Angle Crash","Hampton St Nw","Dry","16:23:00","[""Unknown"",""Unknown""]","Clear",0,33.77715,-84.408162,"Atlanta","FULTON","[""Motor Vehicle in Motion"",""Motor Vehicle in Motion""]","Failure to Yield","[""Motor Vehicle in Motion"",""Motor Vehicle in Motion""]"
0,0,"Atlanta Police Department","2022-03-04","I-285 Sb and Bolton Rd Nw","(C) Possible Injury / Complaint","Dark-Not Lighted","On Roadway - Non-Intersection","Sideswipe-Same Direction","I-285 Sb","Dry","21:36:00","[""Lap and Shoulder Belt Used"",""Lap and Shoulder Belt Used""]","Clear",0,33.808432,-84.49511,"Atlanta","FULTON","[""Motor Vehicle in Motion"",""Motor Vehicle in Motion""]","Changed Lanes Improperly","[""Motor Vehicle in Motion"",""Motor Vehicle in Motion""]"
0,0,"Atlanta Police Department","2022-03-04","None and I-75","(C) Possible Injury / Complaint","Dark-Lighted","On Roadway - Non-Intersection","Rear End","I-75","Dry","21:03:00","[""Lap and Shoulder Belt Used"",""Lap and Shoulder Belt Used"",""Lap and Shoulder Belt Used"",""Lap and Shoulder Belt Used"",""Lap and Shoulder Belt Used""]","Fog",0,33.748922,-84.383906,"Atlanta","FULTON","[""Motor Vehicle in Motion"",""Motor Vehicle in Motion"",""Motor Vehicle in Motion"",""Motor Vehicle in Motion""]","Too Fast for Conditions","[""Motor Vehicle in Motion"",""Motor Vehicle in Motion"",""Motor Vehicle in Motion"",""Motor Vehicle in Motion""]"
0,0,"Atlanta Police Department","2022-03-04","Boulevard Ne and John Lewis Freedom Pkwy Ne","(O) No Injury","Dark-Lighted","On Roadway - Roadway Intersection","Angle Crash","Boulevard Ne","Dry","00:00:00","[""Unknown"",""Lap and Shoulder Belt Used""]","Clear",0,33.760229,-84.372045,"Atlanta","FULTON","[""Motor Vehicle in Motion"",""Motor Vehicle in Motion""]",,"[""Motor Vehicle in Motion"",""Motor Vehicle in Motion""]"
0,0,"Atlanta Police Department","2022-03-04","Buford Hwy Ne and Sidney Marcus Blvd Ne","(C) Possible Injury / Complaint","Daylight","On Roadway - Roadway Intersection","Rear End","Buford Hwy Ne","Dry","13:42:00","[""Unknown"",""Unknown""]","Clear",0,33.824506,-84.355692,"Atlanta","FULTON","[""Motor Vehicle in Motion"",""Motor Vehicle in Motion""]","Following Too Close","[""Motor Vehicle in Motion"",""Motor Vehicle in Motion""]"
0,0,"Atlanta Police Department","2022-03-04","None and I-85","(K) Fatal Injury","Dark-Lighted","On Roadway - Non-Intersection","Rear End","I-85","Dry","03:48:00","[""Lap and Shoulder Belt Used"",""Lap and Shoulder Belt Used"",""Lap and Shoulder Belt Used"",""Lap and Shoulder Belt Used"",""Lap and Shoulder Belt Used""]","Clear",3,33.806129,-84.381206,"Atlanta","FULTON","[""Motor Vehicle in Motion"",""Motor Vehicle in Motion""]","[""Following Too Close"",""Driver Condition""]","[""Motor Vehicle in Motion"",""Motor Vehicle in Motion""]"
0,0,"Atlanta Police Department","2022-03-04","None and I-75","(O) No Injury","Dark-Lighted","On Roadway - Non-Intersection","Rear End","I-75","Dry","21:00:00","[""Unknown"",""Lap and Shoulder Belt Used"",""Lap and Shoulder Belt Used"",""Lap and Shoulder Belt Used""]","Clear",0,33.692473,-84.402753,"Atlanta","FULTON","[""Motor Vehicle in Motion"",""Motor Vehicle in Motion"",""Motor Vehicle in Motion""]","Aggressive Driving","[""Motor Vehicle in Motion"",""Motor Vehicle in Motion"",""Motor Vehicle in Motion""]"
0,0,"Gsp Post 00","2022-03-04","Mm252 and I-75 Sb","(O) No Injury","Daylight","On Roadway - Non-Intersection","Sideswipe-Same Direction","I-75 Sb","Dry","18:29:00","[""Lap and Shoulder Belt Used"",""Lap and Shoulder Belt Used"",""Lap and Shoulder Belt Used"",""Lap and Shoulder Belt Used""]","Clear",0,33.801823,-84.405278,"Atlanta","FULTON","[""Motor Vehicle in Motion"",""Motor Vehicle in Motion""]",,"[""Motor Vehicle in Motion"",""Motor Vehicle in Motion""]"
0,0,"Atlanta Police Department","2022-03-04","Avalon Pl Ne and Lanier Blvd Ne","(O) No Injury","Daylight","On Roadway - Non-Intersection","Angle Crash","Lanier Blvd Ne","Dry","08:45:00","[""Shoulder Belt Only Used"",""Shoulder Belt Only Used""]","Clear",0,33.79197,-84.351623,"Atlanta","FULTON","[""Motor Vehicle in Motion"",""Motor Vehicle in Motion""]","Improper Backing","[""Motor Vehicle in Motion"",""Motor Vehicle in Motion""]"
0,0,"Atlanta Police Department","2022-03-04","Pine St Ne and Courtland St Ne","(O) No Injury","Dark-Lighted","On Roadway - Roadway Intersection","Sideswipe-Same Direction","Pine St Ne","Dry","23:11:00","[""Lap and Shoulder Belt Used"",""Lap and Shoulder Belt Used"",""Lap and Shoulder Belt Used""]","Clear",0,33.767467,-84.384083,"Atlanta","FULTON","[""Motor Vehicle in Motion"",""Motor Vehicle in Motion""]","Misjudged Clearance","[""Motor Vehicle in Motion"",""Motor Vehicle in Motion""]"
0,0,"Atlanta Police Department","2022-03-04","Barge Rd Sw and Campbellton Rd Sw","(C) Possible Injury / Complaint","Dark-Lighted","On Roadway - Roadway Intersection","Head On","Campbellton Rd Sw","Dry","20:44:00","[""Unknown"",""Unknown"",""Unknown""]","Clear",0,33.690146,-84.506246,"Atlanta","FULTON","[""Motor Vehicle in Motion"",""Motor Vehicle in Motion""]","Failure to Yield","[""Motor Vehicle in Motion"",""Motor Vehicle in Motion""]"
0,0,"Atlanta Police Department","2022-03-04","Pine St Ne and Courtland St Ne","(C) Possible Injury / Complaint","Dark-Not Lighted","On Roadway - Roadway Intersection","Angle Crash","Pine St Ne","Dry","00:30:00","[""Lap and Shoulder Belt Used"",""Lap and Shoulder Belt Used"",""Lap and Shoulder Belt Used""]","Clear",0,33.767471,-84.384054,"Atlanta","FULTON","[""Motor Vehicle in Motion"",""Motor Vehicle in Motion""]","Disregard Other Traffic Control","[""Motor Vehicle in Motion"",""Motor Vehicle in Motion""]"
0,0,"Atlanta Police Department","2022-03-04","Kennesaw Ave Ne and Ponce De Leon Ave Ne","(O) No Injury","Daylight","On Roadway - Non-Intersection","Angle Crash","Ponce De Leon Ave Ne","Dry","15:00:00","[""Unknown"",""Unknown""]","Clear",0,33.773859,-84.370005,"Atlanta","FULTON","[""Motor Vehicle in Motion"",""Motor Vehicle in Motion""]","Misjudged Clearance","[""Motor Vehicle in Motion"",""Motor Vehicle in Motion""]"
0,0,"Atlanta Police Department","2022-03-04","Westview Dr Sw and Langhorn St Sw","(O) No Injury","Dark-Lighted","Entrance/Exit Ramp","Sideswipe-Same Direction","Langhorn St Sw","Dry","21:00:00","[""Unknown"",""Unknown""]","Clear",0,33.746945,-84.429884,"Atlanta","FULTON","[""Other Non-Collision"",""Parked Motor Vehicle""]","Aggressive Driving","[""Other Non-Collision"",""Curb""]"
0,0,"Atlanta Police Department","2022-03-04","I-75 and Deering Rd Nw","(C) Possible Injury / Complaint","Daylight","On Roadway - Non-Intersection","Angle Crash","I-75","Dry","05:39:00","[""Lap and Shoulder Belt Used"",""Lap and Shoulder Belt Used""]","Clear",0,33.797163,-84.395401,"Atlanta","FULTON","[""Motor Vehicle in Motion"",""Motor Vehicle in Motion""]","[""Changed Lanes Improperly"",""Reckless Driving"",""Under the Influence (U.I.)"",""Wrong Side of Road""]","[""Motor Vehicle in Motion"",""Motor Vehicle in Motion""]"
0,0,"Atlanta Police Department","2022-03-04","Boulevard Ne and John Lewis Freedom Pkwy Ne","(O) No Injury","Daylight","On Roadway - Non-Intersection","Rear End","John Lewis Freedom Pkwy Ne","Dry","19:06:00","Lap and Shoulder Belt Used","Clear",0,33.760096,-84.372454,"Atlanta","FULTON","[""Motor Vehicle in Motion"",""Motor Vehicle in Motion""]","Following Too Close","[""Motor Vehicle in Motion"",""Motor Vehicle in Motion""]"
0,0,"Atlanta Police Department","2022-03-04","Mt Gilead Rd Sw and Campbellton Rd Sw","(C) Possible Injury / Complaint","Daylight","On Roadway - Roadway Intersection","Rear End","Campbellton Rd Sw","Dry","11:00:00","[""Lap and Shoulder Belt Used"",""Lap and Shoulder Belt Used"",""Lap and Shoulder Belt Used""]","Clear",0,33.692616,-84.49058,"Atlanta","FULTON","[""Motor Vehicle in Motion"",""Motor Vehicle in Motion""]","Following Too Close","[""Motor Vehicle in Motion"",""Motor Vehicle in Motion""]"
0,0,"Atlanta Police Department","2022-03-04","None and I-75","(C) Possible Injury / Complaint","Dark-Lighted","On Roadway - Non-Intersection","Rear End","I-75","Dry","21:13:00","[""Unknown"",""Unknown"",""Unknown"",""Unknown"",""Unknown"",""Unknown""]","Clear",0,33.68377,-84.398943,"Atlanta","FULTON","[""Motor Vehicle in Motion"",""Motor Vehicle in Motion""]","Following Too Close","[""Motor Vehicle in Motion"",""Motor Vehicle in Motion""]"
0,1,"Atlanta Police Department","2022-03-04","I-20 W and Boulevard Se","(B) Suspected Minor/Visible Injury","Daylight","On Roadway - Driveway Intersection","Not a Collision with Motor Vehicle","Boulevard Se","Dry","08:18:00","Motorcycle Helmet","Clear",0,33.744301,-84.368147,"Atlanta","FULTON","Motor Vehicle in Motion","[""Exceeding Speed Limit"",""Too Fast for Conditions"",""Vision Obscured""]","Motor Vehicle in Motion"
0,0,"Atlanta Police Department","2022-03-04","Hall St Nw and Donald Lee Hollowell Pkwy Nw","(O) No Injury","Daylight","On Roadway - Roadway Intersection","Angle Crash","Hall St Nw","Dry","17:23:00","[""Unknown"",""Unknown""]","Clear",0,33.776292,-84.465965,"Atlanta","FULTON","[""Motor Vehicle in Motion"",""Motor Vehicle in Motion""]","[""Failure to Yield"",""Not Visible (Object, Person, or Vehicle)""]","[""Motor Vehicle in Motion"",""Motor Vehicle in Motion""]"
0,0,"Atlanta Police Department","2022-03-04","Pharr Rd Ne and Piedmont Rd Ne","(C) Possible Injury / Complaint","Dark-Lighted","On Roadway - Roadway Intersection","Rear End","Pharr Rd Ne","Dry","18:40:00","[""Unknown"",""Lap and Shoulder Belt Used"",""Lap and Shoulder Belt Used""]","Clear",0,33.836985,-84.368236,"Atlanta","FULTON","[""Motor Vehicle in Motion"",""Motor Vehicle in Motion"",""Motor Vehicle in Motion""]","[""Following Too Close"",""Following Too Close""]","[""Motor Vehicle in Motion"",""Motor Vehicle in Motion"",""Motor Vehicle in Motion""]"
0,1,"Atlanta Police Department","2022-03-04","None and Alison Ct Sw","(B) Suspected Minor/Visible Injury","Daylight","On Roadway - Non-Intersection","Sideswipe-Same Direction","Alison Ct Sw","Dry","16:56:00","[""Unknown"",""Unknown"",""Unknown""]","Clear",0,33.700583,-84.451751,"Atlanta","FULTON","[""Motor Vehicle in Motion"",""Motor Vehicle in Motion""]","Too Fast for Conditions","[""Motor Vehicle in Motion"",""Motor Vehicle in Motion""]"
0,0,"Atlanta Police Department","2022-03-04","None and I-75 Rp","(C) Possible Injury / Complaint","Dark-Lighted","On Roadway - Non-Intersection","Rear End","I-75 Rp","Dry","19:59:00","[""Unknown"",""Unknown""]","Clear",0,33.732862,-84.391909,"Atlanta","FULTON","[""Motor Vehicle in Motion"",""Motor Vehicle in Motion""]","Following Too Close","[""Motor Vehicle in Motion"",""Motor Vehicle in Motion""]"
0,0,"Atlanta Police Department","2022-03-04","Hamilton Blvd Sw and Browns Mill Rd Se","(O) No Injury","Daylight","On Roadway - Roadway Intersection","Sideswipe-Same Direction","Hamilton Blvd Sw","Dry","17:39:00","[""Unknown"",""Unknown""]","Clear",0,33.661925,-84.383438,"Atlanta","FULTON","[""Motor Vehicle in Motion"",""Motor Vehicle in Motion""]","[""Improper Passing"",""Improper Turn""]","[""Motor Vehicle in Motion"",""Motor Vehicle in Motion""]"
0,0,"Gsp Post 00","2022-03-04","Sr 13 North and Monroe Drive","(O) No Injury","Daylight","On Roadway - Non-Intersection","Rear End","Sr 13 North","Dry","08:39:00","[""Lap and Shoulder Belt Used"",""Lap and Shoulder Belt Used""]","Cloudy",0,33.809695,-84.374847,"Atlanta","FULTON","[""Motor Vehicle in Motion"",""Motor Vehicle in Motion""]","Following Too Close","[""Motor Vehicle in Motion"",""Motor Vehicle in Motion""]"
0,0,"Atlanta Police Department","2022-03-04","Boulevard Ne and Highland Ave Ne","(O) No Injury","Daylight","Off Roadway","Not a Collision with Motor Vehicle","Highland Ave Ne","Dry","17:20:00","Lap and Shoulder Belt Used","Clear",0,33.761358,-84.372027,"Atlanta","FULTON","Curb","Driver Lost Control","Curb"
0,0,"Atlanta Police Department","2022-03-04","None and I-85","(O) No Injury","Dark-Lighted","On Roadway - Non-Intersection","Rear End","I-85","Dry","22:00:00","[""Unknown"",""Unknown""]","Clear",0,33.822624,-84.357502,"Atlanta","FULTON","[""Motor Vehicle in Motion"",""Motor Vehicle in Motion""]",,"[""Motor Vehicle in Motion"",""Motor Vehicle in Motion""]"
0,0,"Atlanta Police Department","2022-03-04","None and I-285","(O) No Injury","Dark-Not Lighted","On Roadway - Non-Intersection","Rear End","I-285","Dry","20:00:00","[""Unknown"",""Lap and Shoulder Belt Used""]","Clear",0,33.663492,-84.350621,"Atlanta","FULTON","[""Motor Vehicle in Motion"",""Motor Vehicle in Motion""]","Aggressive Driving","[""Motor Vehicle in Motion"",""Motor Vehicle in Motion""]"
0,0,"Atlanta Police Department","2022-03-04","Jesse Hill Jr Dr Ne and John Wesley Dobbs Ave Ne","(C) Possible Injury / Complaint","Daylight","On Roadway - Non-Intersection","Sideswipe-Same Direction","John Wesley Dobbs Ave Ne","Dry","14:21:00","[""Unknown"",""Unknown"",""Unknown""]","Clear",0,33.757426,-84.380203,"Atlanta","FULTON","[""Motor Vehicle in Motion"",""Motor Vehicle in Motion""]","[""Changed Lanes Improperly"",""Inattentive or Other Distraction (Distracted)""]","[""Motor Vehicle in Motion"",""Motor Vehicle in Motion""]"
0,0,"Gsp Post 00","2022-03-04","I-75 N and North Avenue","(O) No Injury","Daylight","On Roadway - Non-Intersection","Sideswipe-Same Direction","I-75 N","Dry","17:00:00","[""Lap and Shoulder Belt Used"",""Lap and Shoulder Belt Used""]","Clear",0,33.77287,-84.390011,"Atlanta","FULTON","[""Motor Vehicle in Motion"",""Motor Vehicle in Motion""]",,"[""Motor Vehicle in Motion"",""Motor Vehicle in Motion""]"
0,0,"Gsp Post 00","2022-03-04","14Th St and I-7585N","(O) No Injury","Daylight","On Roadway - Non-Intersection","Rear End","I-7585N","Dry","08:30:00","[""Unknown"",""Lap and Shoulder Belt Used""]","Clear",0,33.789608,-84.390812,"Atlanta","FULTON","[""Motor Vehicle in Motion"",""Motor Vehicle in Motion""]","Following Too Close","[""Motor Vehicle in Motion"",""Motor Vehicle in Motion""]"
0,0,"Atlanta Police Department","2022-03-04","I-75 N and Howell Mill Rd Nw","(O) No Injury","Daylight","On Roadway - Roadway Intersection","Rear End","Howell Mill Rd Nw","Dry","15:25:00","[""Lap and Shoulder Belt Used"",""Lap and Shoulder Belt Used""]","Clear",0,33.80536,-84.413239,"Atlanta","FULTON","[""Motor Vehicle in Motion"",""Motor Vehicle in Motion""]","Following Too Close","[""Motor Vehicle in Motion"",""Motor Vehicle in Motion""]"