"# Serious Injuries","# Visible Injuries","Agency Name (Crash Level) ","Date","Intersection Name (from Crash Report)","KABCO Severity","Light Conditions (Crash Level)","Location at Impact (Crash Level) ","Manner of Collision (Crash Level) ","Roadway (From Crash Report)","Surface Condition (Crash Level) ","Time","Safety Equipment (Crash Level) ","Weather Conditions (Crash Level)","# of Fatalities per Crash","Latitude","Longitude","Geolocated City","Geolocated County","First Harmful Event (Unit Order)","Operator/Pedestrian Contrib Factor (excl None, Other, No Contrib Factors)","Most Harmful Event (Crash Level)"
0,0,"Gsp Post 00","2022-03-04","Pryor Rd and I-7585 N","(O) No Injury","Daylight","On Roadway - Non-Intersection","Rear End","I-7585 N","Dry","11:59:00","[""Lap and Shoulder Belt Used"",""Lap and Shoulder Belt Used""]","Clear",0,33.741894,-84.392006,"Atlanta","FULTON","[""Motor Vehicle in Motion"",""Motor Vehicle in Motion""]","Following Too Close","[""Motor Vehicle in Motion"",""Motor Vehicle in Motion""]"
0,0,"Gsp Post 00","2022-03-04","University Avenue and I-7585 Northbound","(C) Possible Injury / Complaint","Dark-Lighted","On Roadway - Non-Intersection","Rear End","I-7585 Northbound","Dry","19:10:00","[""Lap and Shoulder Belt Used"",""Lap and Shoulder Belt Used"",""Lap and Shoulder Belt Used"",""Lap and Shoulder Belt Used"",""Lap and Shoulder Belt Used""]","Clear",0,33.721393,-84.395148,"Atlanta","FULTON","[""Motor Vehicle in Motion"",""Motor Vehicle in Motion""]","Following Too Close","[""Motor Vehicle in Motion"",""Motor Vehicle in Motion""]"
0,0,"Atlanta Police Department","2022-03-04","Inman Cir Ne and The Prado Ne","(O) No Injury","Dark-Lighted","On Roadway - Roadway Intersection","Not a Collision with Motor Vehicle","The Prado Ne","Dry","23:30:00","Lap and Shoulder Belt Used","Clear",0,33.795042,-84.380221,"Atlanta","FULTON","Other Non-Collision","Too Fast for Conditions","Over Turn"
0,0,"Atlanta Police Department","2022-03-04","Fulton St Sw and Mcdaniel St Sw","(O) No Injury","Daylight","On Roadway - Driveway Intersection","Sideswipe-Same Direction","Mcdaniel St Sw","Dry","11:00:00","[""Lap and Shoulder Belt Used"",""Lap and Shoulder Belt Used""]","Clear",0,33.741556,-84.402936,"Atlanta","FULTON","[""Motor Vehicle in Motion"",""Motor Vehicle in Motion""]",,"[""Motor Vehicle in Motion"",""Motor Vehicle in Motion""]"
0,0,"Atlanta Police Department","2022-03-04","Joseph E Boone Blvd Nw and Joseph E Lowery Blvd Nw","(O) No Injury","Daylight","Off Roadway","Angle Crash","Joseph E Boone Blvd Nw","Dry","12:36:00","Unknown","Clear",0,33.763486,-84.417749,"Atlanta","FULTON","[""Parked Motor Vehicle"",""Parked Motor Vehicle""]","Improper Backing","[""Motor Vehicle in Motion"",""Motor Vehicle in Motion""]"
0,0,"Atlanta Police Department","2022-03-04","New Town Cir Se and Mcdonough Blvd Se","(O) No Injury","Daylight","On Roadway - Driveway Intersection","Sideswipe-Opposite Direction","New Town Cir Se","Dry","18:30:00","[""Lap and Shoulder Belt Used"",""Lap and Shoulder Belt Used""]","Clear",0,33.709004,-84.359575,"Atlanta","FULTON","[""Motor Vehicle in Motion"",""Motor Vehicle in Motion""]",,"[""Motor Vehicle in Motion"",""Motor Vehicle in Motion""]"
0,0,"Gsp Post 00","2022-03-04","I-85 S and Peachtree St","(O) No Injury","Daylight","On Roadway - Non-Intersection","Sideswipe-Same Direction","I-85 S","Dry","14:50:00","[""Lap and Shoulder Belt Used"",""Lap and Shoulder Belt Used"",""Lap and Shoulder Belt Used"",""Child Restraint System (Properly Used)"",""Lap and Shoulder Belt Used""]","Clear",0,33.803557,-84.384968,"Atlanta","FULTON","[""Motor Vehicle in Motion"",""Motor Vehicle in Motion""]","Changed Lanes Improperly","[""Motor Vehicle in Motion"",""Motor Vehicle in Motion""]"
0,0,"Gsp Post 00","2022-03-04","5Th St and I-7585 Nb","(C) Possible Injury / Complaint","Daylight","On Roadway - Non-Intersection","Rear End","I-7585 Nb","Dry","07:45:00","[""Lap and Shoulder Belt Used"",""Lap and Shoulder Belt Used""]","Clear",0,33.777026,-84.390665,"Atlanta","FULTON","[""Motor Vehicle in Motion"",""Motor Vehicle in Motion""]","Following Too Close","[""Motor Vehicle in Motion"",""Motor Vehicle in Motion""]"
0,0,"Atlanta Police Department","2022-03-04","None and Whitewater Creek Rd Nw","(O) No Injury","Daylight","On Roadway - Non-Intersection","Sideswipe-Opposite Direction","Whitewater Creek Rd Nw","Dry","14:49:00","Unknown","Clear",0,33.872411,-84.43724,"Atlanta","FULTON","[""Motor Vehicle in Motion"",""Parked Motor Vehicle""]","Misjudged Clearance","Parked Motor Vehicle"
0,0,"Atlanta Police Department","2022-03-04","I-85 and Exit 87","(O) No Injury","Dark-Lighted","On Roadway - Non-Intersection","Rear End","I-85","Dry","03:45:00","Lap and Shoulder Belt Used","Clear",0,33.816589,-84.362887,"Atlanta","FULTON","[""Parked Motor Vehicle"",""Motor Vehicle in Motion""]","[""Reckless Driving"",""Following Too Close"",""Under the Influence (U.I.)""]","[""Parked Motor Vehicle"",""Motor Vehicle in Motion""]"
0,0,"South Fulton Police Department","2022-03-04","I285 Sb and Cascade Rd Sw","(C) Possible Injury / Complaint","Dawn","On Roadway - Roadway Intersection","Sideswipe-Same Direction","I285 Sb","Dry","20:52:00","[""Unknown"",""Unknown"",""Unknown"",""Unknown"",""Unknown"",""Unknown""]","Clear",0,33.722019,-84.502564,"Atlanta","FULTON","[""Motor Vehicle in Motion"",""Motor Vehicle in Motion""]","Changed Lanes Improperly","[""Motor Vehicle in Motion"",""Motor Vehicle in Motion""]"
0,0,"Atlanta Police Department","2022-03-04","None and Bernina Ave Ne","(O) No Injury","Daylight","Off Roadway","Rear End","Bernina Ave Ne","Dry","16:30:00","None Used","Clear",0,33.764038,-84.358144,"Atlanta","FULTON","[""Motor Vehicle in Motion"",""Motor Vehicle in Motion""]",,"[""Motor Vehicle in Motion"",""Motor Vehicle in Motion""]"
0,0,"Atlanta Police Department","2022-03-04","Palisades Rd Ne and Peachtree Rd Ne","(C) Possible Injury / Complaint","Daylight","On Roadway - Roadway Intersection","Angle Crash","Peachtree Rd Ne","Dry","15:39:00","[""Lap and Shoulder Belt Used"",""Lap and Shoulder Belt Used"",""Lap and Shoulder Belt Used""]","Clear",0,33.804861,-84.393654,"Atlanta","FULTON","[""Motor Vehicle in Motion"",""Motor Vehicle in Motion"",""Motor Vehicle in Motion""]","Failure to Yield","[""Motor Vehicle in Motion"",""Motor Vehicle in Motion"",""Motor Vehicle in Motion""]"
0,0,"Atlanta Police Department","2022-03-04","Morgan St Ne and Boulevard Ne","(O) No Injury","Daylight","On Roadway - Non-Intersection","Sideswipe-Same Direction","Boulevard Ne","Dry","10:38:00","Unknown","Clear",0,33.768948,-84.371863,"Atlanta","FULTON","[""Motor Vehicle in Motion"",""Parked Motor Vehicle""]",,"[""Motor Vehicle in Motion"",""Parked Motor Vehicle""]"
0,1,"Atlanta Police Department","2022-03-04","None and I-85","(B) Suspected Minor/Visible Injury","Dark-Not Lighted","On Roadway - Non-Intersection","Rear End","I-85","Dry","21:37:00","[""Unknown"",""Lap and Shoulder Belt Used""]","Clear",0,33.79058,-84.390875,"Atlanta","FULTON","[""Motor Vehicle in Motion"",""Motor Vehicle in Motion""]","Following Too Close","Motor Vehicle in Motion"
0,0,"Atlanta Police Department","2022-03-04","Fairburn Rd Sw and Campbellton Rd Sw","(O) No Injury","Daylight","On Roadway - Non-Intersection","Angle Crash","Campbellton Rd Sw","Dry","08:17:00","[""Lap and Shoulder Belt Used"",""Lap and Shoulder Belt Used""]","Clear",0,33.69054,-84.510943,"Atlanta","FULTON","[""Motor Vehicle in Motion"",""Motor Vehicle in Motion""]","Failure to Yield","[""Motor Vehicle in Motion"",""Motor Vehicle in Motion""]"
0,0,"Gsp Post 00","2022-03-04","I-75Sb and Northside Dr","(O) No Injury","Dawn","On Roadway - Non-Intersection","Rear End","I-75Sb","Dry","06:30:00","[""Lap and Shoulder Belt Used"",""Lap and Shoulder Belt Used""]","Clear",0,33.80514,-84.413304,"Atlanta","FULTON","[""Motor Vehicle in Motion"",""Motor Vehicle in Motion""]","Following Too Close","[""Motor Vehicle in Motion"",""Motor Vehicle in Motion""]"
0,0,"Gsp Post 00","2022-03-04","University Avenue and I-7585 Northbound","(O) No Injury","Dark-Lighted","On Roadway - Non-Intersection","Sideswipe-Same Direction","I-7585 Northbound","Dry","19:44:00","[""Unknown"",""Lap and Shoulder Belt Used"",""Lap and Shoulder Belt Used""]","Clear",0,33.724459,-84.393667,"Atlanta","FULTON","[""Motor Vehicle in Motion"",""Motor Vehicle in Motion"",""Motor Vehicle in Motion""]","[""Following Too Close"",""Too Fast for Conditions""]","[""Motor Vehicle in Motion"",""Motor Vehicle in Motion"",""Motor Vehicle in Motion""]"
0,0,"Atlanta Police Department","2022-03-04","Boulevard Se and Memorial Dr Se","(O) No Injury","Daylight","On Roadway - Roadway Intersection","Rear End","Boulevard Se","Dry","08:30:00","[""Unknown"",""Unknown""]","Clear",0,33.746695,-84.368096,"Atlanta","FULTON","[""Motor Vehicle in Motion"",""Motor Vehicle in Motion""]","Following Too Close","[""Motor Vehicle in Motion"",""Motor Vehicle in Motion""]"
0,0,"Atlanta Police Department","2022-03-04","Kenilworth Dr Sw and Campbellton Rd Sw","(C) Possible Injury / Complaint","Dark-Lighted","On Roadway - Roadway Intersection","Rear End","Campbellton Rd Sw","Dry","20:06:00","[""Lap and Shoulder Belt Used"",""Lap and Shoulder Belt Used"",""Lap and Shoulder Belt Used"",""Lap and Shoulder Belt Used"",""Lap and Shoulder Belt Used"",""Lap and Shoulder Belt Used"",""Lap and Shoulder Belt Used"",""Lap and Shoulder Belt Used"",""Lap and Shoulder Belt Used""]","Clear",0,33.714494,-84.434176,"Atlanta","FULTON","[""Motor Vehicle in Motion"",""Motor Vehicle in Motion"",""Motor Vehicle in Motion""]",,"[""Motor Vehicle in Motion"",""Motor Vehicle in Motion"",""Motor Vehicle in Motion""]"
0,0,"Gsp Post 00","2022-03-04","I-75 N and 14Th St","(O) No Injury","Dark-Lighted","On Roadway - Non-Intersection","Angle Crash","I-75 N","Dry","19:20:00","[""Lap and Shoulder Belt Used"",""Lap and Shoulder Belt Used"",""Lap and Shoulder Belt Used""]","Clear",0,33.789493,-84.390812,"Atlanta","FULTON","[""Motor Vehicle in Motion"",""Motor Vehicle in Motion""]","Following Too Close","[""Motor Vehicle in Motion"",""Motor Vehicle in Motion""]"
0,0,"Atlanta Police Department","2022-03-04","John Portman Blvd Ne and Peachtree Center Ave Ne","(O) No Injury","Daylight","On Roadway - Roadway Intersection","Angle Crash","John Portman Blvd Ne","Dry","12:31:00","[""Lap and Shoulder Belt Used"",""Lap and Shoulder Belt Used""]","Clear",0,33.760954,-84.386041,"Atlanta","FULTON","[""Motor Vehicle in Motion"",""Motor Vehicle in Motion""]","Not Visible (Object, Person, or Vehicle)","[""Motor Vehicle in Motion"",""Motor Vehicle in Motion""]"
0,0,"Atlanta Police Department","2022-03-04","Middleton Rd Nw and Martin Luther King Jr Dr Sw","(O) No Injury","Daylight","On Roadway - Roadway Intersection","Rear End","Martin Luther King Jr Dr Sw","Dry","16:03:00","Unknown","Clear",0,33.751611,-84.490978,"Atlanta","FULTON","[""Motor Vehicle in Motion"",""Motor Vehicle in Motion""]","Following Too Close","[""Motor Vehicle in Motion"",""Motor Vehicle in Motion""]"
0,0,"Gsp Post 00","2022-03-04","Ga 13 S and Peachtree St","(O) No Injury","Daylight","Median","Not a Collision with Motor Vehicle","Ga 13 S","Dry","13:00:00","[""Lap and Shoulder Belt Used"",""Lap and Shoulder Belt Used""]","Clear",0,33.807957,-84.377178,"Atlanta","FULTON","Median Barrier","Following Too Close","Median Barrier"
0,0,"Atlanta Police Department","2022-03-04","Monroe Dr Ne and Piedmont Ave Ne","(C) Possible Injury / Complaint","Daylight","On Roadway - Non-Intersection","Rear End","Monroe Dr Ne","Dry","19:00:00","[""Lap and Shoulder Belt Used"",""Lap and Shoulder Belt Used""]","Clear",0,33.797387,-84.369228,"Atlanta","FULTON","[""Motor Vehicle in Motion"",""Motor Vehicle in Motion""]",,"[""Motor Vehicle in Motion"",""Motor Vehicle in Motion""]"
0,0,"Atlanta Police Department","2022-03-04","Boulevard Ne and North Ave Ne","(O) No Injury","Dark-Not Lighted","On Roadway - Roadway Intersection","Angle Crash","North Ave Ne","Dry","19:40:00","[""Lap and Shoulder Belt Used"",""Lap and Shoulder Belt Used""]","Clear",0,33.771176,-84.371756,"Atlanta","FULTON","[""Motor Vehicle in Motion"",""Motor Vehicle in Motion""]","Failure to Yield","[""Motor Vehicle in Motion"",""Motor Vehicle in Motion""]"
0,0,"Atlanta Police Department","2022-03-04","Griffin St Nw and Meldrum St Nw","(O) No Injury","Dark-Lighted","Off Roadway - Sidewalk","Not a Collision with Motor Vehicle","Meldrum St Nw","Dry","19:00:00","[""Unknown"",""Unknown""]","Clear",0,33.769147,-84.411271,"Atlanta","FULTON","Motor Vehicle in Motion","Driver Lost Control","Motor Vehicle in Motion"
0,0,"Atlanta Police Department","2022-03-04","7Th St Ne and Charles Allen Dr Ne","(O) No Injury","Daylight","On Roadway - Driveway Intersection","Angle Crash","Charles Allen Dr Ne","Dry","11:19:00","[""Shoulder Belt Only Used"",""Shoulder Belt Only Used""]","Clear",0,33.778381,-84.37277,"Atlanta","FULTON","[""Motor Vehicle in Motion"",""Motor Vehicle in Motion"",""Parked Motor Vehicle""]","Failure to Yield","[""Motor Vehicle in Motion"",""Motor Vehicle in Motion"",""Parked Motor Vehicle""]"
0,0,"Atlanta Police Department","2022-03-04","Euclid Ave Ne and Moreland Ave Ne","(C) Possible Injury / Complaint","Dark-Lighted","On Roadway - Non-Intersection","Rear End","Moreland Ave Ne","Dry","22:15:00","[""Unknown"",""Lap and Shoulder Belt Used"",""Lap and Shoulder Belt Used"",""Lap and Shoulder Belt Used"",""Lap and Shoulder Belt Used"",""Lap and Shoulder Belt Used"",""Lap and Shoulder Belt Used"",""Lap and Shoulder Belt Used"",""Lap and Shoulder Belt Used"",""Lap and Shoulder Belt Used"",""Lap and Shoulder Belt Used""]","Clear",0,33.764599,-84.34923,"Atlanta","FULTON","[""Motor Vehicle in Motion"",""Motor Vehicle in Motion"",""Motor Vehicle in Motion"",""Motor Vehicle in Motion"",""Motor Vehicle in Motion"",""Motor Vehicle in Motion""]","Following Too Close","[""Motor Vehicle in Motion"",""Motor Vehicle in Motion"",""Motor Vehicle in Motion"",""Motor Vehicle in Motion"",""Motor Vehicle in Motion"",""Motor Vehicle in Motion""]"
0,0,"Atlanta Police Department","2022-03-04","Tennelle St Se and Savannah St Se","(O) No Injury","Dark-Lighted","On Roadway - Non-Intersection","Sideswipe-Opposite Direction","Savannah St Se","Dry","03:30:00","[""Unknown"",""Unknown""]","Clear",0,33.750604,-84.367365,"Atlanta","FULTON","[""Motor Vehicle in Motion"",""Motor Vehicle in Motion"",""Motor Vehicle in Motion""]","[""Improper Backing"",""Under the Influence (U.I.)""]","[""Motor Vehicle in Motion"",""Motor Vehicle in Motion"",""Motor Vehicle in Motion""]"
0,0,"Gsp Post 00","2022-03-04","I-20 West and Hill Street","(O) No Injury","Daylight","On Roadway - Non-Intersection","Rear End","I-20 West","Dry","14:35:00","[""Unknown"",""Lap and Shoulder Belt Used""]","Clear",0,33.743442,-84.368094,"Atlanta","FULTON","[""Motor Vehicle in Motion"",""Motor Vehicle in Motion""]","Following Too Close","[""Motor Vehicle in Motion"",""Motor Vehicle in Motion""]"
0,0,"Gsp Post 00","2022-03-04","Edgewood Ave and I-7585 North","(C) Possible Injury / Complaint","Daylight","On Roadway - Non-Intersection","Rear End","I-7585 North","Dry","08:35:00","[""Lap and Shoulder Belt Used"",""Lap and Shoulder Belt Used"",""Unknown""]","Clear",0,33.753137,-84.378776,"Atlanta","FULTON","[""Motor Vehicle in Motion"",""Motor Vehicle in Motion"",""Motor Vehicle in Motion""]","[""Other Activity - Mobile Device (Distracted)"",""Following Too Close""]","[""Motor Vehicle in Motion"",""Motor Vehicle in Motion"",""Motor Vehicle in Motion""]"
0,0,"Atlanta Police Department","2022-03-04","Decatur St Se and Peachtree St Ne","(O) No Injury","Dark-Lighted","On Roadway - Roadway Intersection","Sideswipe-Same Direction","Decatur St Se","Dry","21:44:00","[""Unknown"",""Unknown""]","Clear",0,33.754309,-84.389753,"Atlanta","FULTON","[""Motor Vehicle in Motion"",""Motor Vehicle in Motion""]","[""Changed Lanes Improperly"",""Changed Lanes Improperly""]","[""Motor Vehicle in Motion"",""Motor Vehicle in Motion""]"
0,0,"Atlanta Police Department","2022-03-04","Adamsville Dr Sw and Martin Luther King Jr Dr Sw","(O) No Injury","Dark-Lighted","On Roadway - Non-Intersection","Rear End","Martin Luther King Jr Dr Sw","Dry","20:05:00","[""Unknown"",""Unknown""]","Clear",0,33.761627,-84.507696,"Atlanta","FULTON","[""Motor Vehicle in Motion"",""Motor Vehicle in Motion""]","Following Too Close","[""Motor Vehicle in Motion"",""Motor Vehicle in Motion""]"
0,0,"Atlanta Police Department","2022-03-04","Antone St Nw and Holmes St Nw","(O) No Injury","Daylight","On Roadway - Non-Intersection","Angle Crash","Holmes St Nw","Dry","17:20:00","[""Shoulder Belt Only Used"",""Shoulder Belt Only Used""]","Clear",0,33.799265,-84.408456,"Atlanta","FULTON","[""Motor Vehicle in Motion"",""Motor Vehicle in Motion""]",,"[""Motor Vehicle in Motion"",""Motor Vehicle in Motion""]"
0,3,"Atlanta Police Department","2022-03-04","Peachtree Rd Ne and Peachtree Valley Rd Ne","(B) Suspected Minor/Visible Injury","Daylight","On Roadway - Roadway Intersection","Angle Crash","Peachtree Rd Ne","Dry","17:31:00","[""Lap and Shoulder Belt Used"",""Lap and Shoulder Belt Used"",""Lap and Shoulder Belt Used"",""Lap and Shoulder Belt Used""]","Clear",0,33.811074,-84.392458,"Atlanta","FULTON","[""Motor Vehicle in Motion"",""Motor Vehicle in Motion""]","Changed Lanes Improperly","[""Motor Vehicle in Motion"",""Motor Vehicle in Motion""]"
0,1,"Gsp Post 00","2022-03-04","5Th St and I-75 I-85 North","(B) Suspected Minor/Visible Injury","Dark-Lighted","On Roadway - Non-Intersection","Rear End","I-75 I-85 North","Dry","18:40:00","[""Lap and Shoulder Belt Used"",""Lap and Shoulder Belt Used"",""Lap and Shoulder Belt Used"",""Lap and Shoulder Belt Used""]","Clear",0,33.778942,-84.390857,"Atlanta","FULTON","[""Motor Vehicle in Motion"",""Motor Vehicle in Motion""]","Following Too Close","[""Motor Vehicle in Motion"",""Motor Vehicle in Motion""]"
0,0,"Atlanta Police Department","2022-03-04","Irby Ave Nw and Roswell Rd Ne","(O) No Injury","Daylight","On Roadway - Roadway Intersection","Angle Crash","Roswell Rd Ne","Dry","14:44:00","[""Lap and Shoulder Belt Used"",""Lap and Shoulder Belt Used""]","Clear",0,33.84123,-84.379111,"Atlanta","FULTON","[""Motor Vehicle in Motion"",""Motor Vehicle in Motion""]","Failure to Yield","[""Motor Vehicle in Motion"",""Motor Vehicle in Motion""]"
0,0,"Atlanta Police Department","2022-03-04","None and Mcwilliams Rd Se","(O) No Injury","Daylight","On Roadway - Roadway Intersection","Angle Crash","Mcwilliams Rd Se","Dry","13:30:00","[""Lap and Shoulder Belt Used"",""Lap and Shoulder Belt Used""]","Clear",0,33.688728,-84.361182,"Atlanta","FULTON","[""Motor Vehicle in Motion"",""Motor Vehicle in Motion""]",,"[""Motor Vehicle in Motion"",""Motor Vehicle in Motion""]"
0,0,"Gsp Post 00","2022-03-04","Boulevard and I-20 West","(C) Possible Injury / Complaint","Daylight","On Roadway - Non-Intersection","Rear End","I-20 West","Dry","18:05:00","[""Lap and Shoulder Belt Used"",""Lap and Shoulder Belt Used""]","Clear",0,33.743462,-84.365755,"Atlanta","FULTON","[""Motor Vehicle in Motion"",""Motor Vehicle in Motion""]","Following Too Close","[""Motor Vehicle in Motion"",""Motor Vehicle in Motion""]"
0,0,"Atlanta Police Department","2022-03-04","Joseph E Lowery Blvd Sw and Ralph David Abernathy Blvd Sw","(O) No Injury","Dark-Lighted","On Roadway - Roadway Intersection","Sideswipe-Same Direction","Joseph E Lowery Blvd Sw","Dry","19:15:00","[""Lap and Shoulder Belt Used"",""Lap and Shoulder Belt Used""]","Clear",0,33.738003,-84.417716,"Atlanta","FULTON","[""Motor Vehicle in Motion"",""Motor Vehicle in Motion""]","Disregard Police - Traffic Control","[""Motor Vehicle in Motion"",""Motor Vehicle in Motion""]"
0,0,"Gsp Post 00","2022-03-04","I-85 S and Cheshire Bridge Rd","(O) No Injury","Dark-Lighted","On Roadway - Non-Intersection","Sideswipe-Same Direction","I-85 S","Dry","19:00:00","[""Lap and Shoulder Belt Used"",""Lap and Shoulder Belt Used""]","Clear",0,33.822683,-84.357345,"Atlanta","FULTON","[""Motor Vehicle in Motion"",""Motor Vehicle in Motion""]",,"[""Motor Vehicle in Motion"",""Motor Vehicle in Motion""]"
0,0,"Atlanta Police Department","2022-03-04","Fulton St Sw and Mcdaniel St Sw","(O) No Injury","Dark-Lighted","On Roadway - Non-Intersection","Angle Crash","Fulton St Sw","Dry","20:15:00","[""Unknown"",""Unknown"",""Unknown""]","Clear",0,33.741532,-84.403091,"Atlanta","FULTON","[""Motor Vehicle in Motion"",""Motor Vehicle in Motion""]",,"[""Motor Vehicle in Motion"",""Motor Vehicle in Motion""]"
0,0,"Gsp Post 00","2022-03-04","Dodson Dr and Ga-166 Wb","(O) No Injury","Daylight","On Roadway - Non-Intersection","Rear End","Ga-166 Wb","Dry","08:51:00","[""Lap and Shoulder Belt Used"",""Lap and Shoulder Belt Used""]","Clear",0,33.690116,-84.499936,"Atlanta","FULTON","[""Motor Vehicle in Motion"",""Motor Vehicle in Motion""]","Following Too Close","[""Motor Vehicle in Motion"",""Motor Vehicle in Motion""]"
0,0,"Gsp Post 00","2022-03-04","17Th St and I-75I-85Sb","(O) No Injury","Dark-Lighted","On Roadway - Non-Intersection","Rear End","I-75I-85Sb","Dry","20:20:00","[""Lap and Shoulder Belt Used"",""Unknown"",""Lap and Shoulder Belt Used""]","Clear",0,33.788745,-84.391383,"Atlanta","FULTON","[""Motor Vehicle in Motion"",""Motor Vehicle in Motion"",""Motor Vehicle in Motion""]","Following Too Close","[""Motor Vehicle in Motion"",""Motor Vehicle in Motion"",""Motor Vehicle in Motion""]"
0,0,"Gsp Post 00","2022-03-04","Interstate  75 and Interstate 85 South","(O) No Injury","Daylight","On Roadway - Non-Intersection","Rear End","Interstate 85 South","Dry","12:19:00","[""Lap and Shoulder Belt Used"",""Lap and Shoulder Belt Used""]","Clear",0,33.798625,-84.392807,"Atlanta","FULTON","[""Motor Vehicle in Motion"",""Motor Vehicle in Motion""]","Following Too Close","[""Motor Vehicle in Motion"",""Motor Vehicle in Motion""]"
0,0,"Gsp Post 00","2022-03-04","I-20 West and H. E. Holmes","(O) No Injury","Daylight","On Roadway - Non-Intersection","Not a Collision with Motor Vehicle","I-20 West","Dry","14:42:00","[""Unknown"",""Lap and Shoulder Belt Used""]","Clear",0,33.751758,-84.458027,"Atlanta","FULTON","[""Cargo/Equipment Loss or Shift"",""Other Object (Not Fixed)""]",,"[""Cargo/Equipment Lost or Shift"",""Impact Attenuate""]"
0,0,"Atlanta Police Department","2022-03-04","Argonne Ave Ne and Ponce De Leon Ave Ne","(O) No Injury","Daylight","On Roadway - Roadway Intersection","Angle Crash","Argonne Ave Ne","Dry","12:53:00","[""Lap and Shoulder Belt Used"",""Unknown""]","Clear",0,33.772554,-84.37771,"Atlanta","FULTON","[""Motor Vehicle in Motion"",""Motor Vehicle in Motion""]",,"[""Motor Vehicle in Motion"",""Motor Vehicle in Motion""]"
0,0,"Atlanta Police Department","2022-03-04","Jefferson St Nw and Joseph E Lowery Blvd Nw","(O) No Injury","Daylight","On Roadway - Roadway Intersection","Angle Crash","Joseph E Lowery Blvd Nw","Dry","14:00:00","[""Unknown"",""Unknown""]","Clear",0,33.775624,-84.417361,"Atlanta","FULTON","[""Motor Vehicle in Motion"",""Motor Vehicle in Motion""]",,"[""Motor Vehicle in Motion"",""Motor Vehicle in Motion""]"
0,0,"Atlanta Police Department","2022-03-04","Boulevard Ne and Ponce De Leon Ave Ne","(C) Possible Injury / Complaint","Daylight","On Roadway - Driveway Intersection","Angle Crash","Boulevard Ne","Dry","12:39:00","[""Lap and Shoulder Belt Used"",""Lap and Shoulder Belt Used""]","Clear",0,33.773489,-84.371014,"Atlanta","FULTON","[""Motor Vehicle in Motion"",""Motor Vehicle in Motion""]","Failure to Yield","[""Motor Vehicle in Motion"",""Motor Vehicle in Motion""]"
0,0,"Atlanta Police Department","2022-03-04","Hardee St Ne and Moreland Ave Ne","(O) No Injury","Dark-Lighted","On Roadway - Roadway Intersection","Sideswipe-Same Direction","Hardee St Ne","Dry","12:00:00","[""Unknown"",""Lap and Shoulder Belt Used""]","Clear",0,33.755404,-84.349187,"Atlanta","FULTON","[""Motor Vehicle in Motion"",""Motor Vehicle in Motion""]","Aggressive Driving","Motor Vehicle in Motion"
0,0,"Gsp Post 00","2022-03-04","I-85 S and Armour Drive","(O) No Injury","Daylight","On Roadway - Non-Intersection","Rear End","I-85 S","Dry","10:24:00","[""Lap and Shoulder Belt Used"",""Lap and Shoulder Belt Used""]","Clear",0,33.800594,-84.389965,"Atlanta","FULTON","[""Motor Vehicle in Motion"",""Motor Vehicle in Motion""]","Following Too Close","[""Motor Vehicle in Motion"",""Motor Vehicle in Motion""]"
0,1,"Atlanta Police Department","2022-03-04","Roswell Rd Nw and Blackland Rd Nw","(B) Suspected Minor/Visible Injury","Dark-Lighted","Off Roadway - Sidewalk","Not a Collision with Motor Vehicle","Blackland Rd Nw","Dry","03:45:00","[""Lap and Shoulder Belt Used"",""Lap and Shoulder Belt Used""]","Clear",0,33.854455,-84.382866,"Atlanta","FULTON","Other Non-Collision","[""Under the Influence (U.I.)"",""Aggressive Driving"",""Reckless Driving"",""Failure to Yield""]","Utility Pole"
0,0,"Gsp Post 00","2022-03-04","Mm252 and I-75Sb","(C) Possible Injury / Complaint","Daylight","On Roadway - Non-Intersection","Rear End","I-75Sb","Dry","17:00:00","[""Lap and Shoulder Belt Used"",""Lap and Shoulder Belt Used"",""Lap and Shoulder Belt Used"",""Lap and Shoulder Belt Used""]","Clear",0,33.802057,-84.405593,"Atlanta","FULTON","[""Motor Vehicle in Motion"",""Motor Vehicle in Motion""]","Following Too Close","[""Motor Vehicle in Motion"",""Motor Vehicle in Motion""]"
0,0,"Gsp Post 00","2022-03-04","5Th St and I-75 I-85 North","(O) No Injury","Dark-Lighted","On Roadway - Non-Intersection","Rear End","I-75 I-85 North","Dry","18:40:00","[""Lap and Shoulder Belt Used"",""Lap and Shoulder Belt Used"",""Lap and Shoulder Belt Used""]","Clear",0,33.778741,-84.39055,"Atlanta","FULTON","[""Motor Vehicle in Motion"",""Motor Vehicle in Motion""]","Following Too Close","[""Motor Vehicle in Motion"",""Motor Vehicle in Motion""]"
0,0,"Atlanta Police Department","2022-03-04","Memorial Dr Se and Moreland Ave Se","(C) Possible Injury / Complaint","Dark-Not Lighted","On Roadway - Roadway Intersection","Rear End","Moreland Ave Se","Dry","00:18:00","[""Lap and Shoulder Belt Used"",""Lap and Shoulder Belt Used""]","Clear",0,33.747596,-84.349124,"Atlanta","DEKALB","[""Motor Vehicle in Motion"",""Motor Vehicle in Motion""]",,"[""Motor Vehicle in Motion"",""Motor Vehicle in Motion""]"