"# Serious Injuries","# Visible Injuries","Agency Name (Crash Level) ","Date","Intersection Name (from Crash Report)","KABCO Severity","Light Conditions (Crash Level)","Location at Impact (Crash Level) ","Manner of Collision (Crash Level) ","Roadway (From Crash Report)","Surface Condition (Crash Level) ","Time","Safety Equipment (Crash Level) ","Weather Conditions (Crash Level)","# of Fatalities per Crash","Latitude","Longitude","Geolocated City","Geolocated County","First Harmful Event (Unit Order)","Operator/Pedestrian Contrib Factor (excl None, Other, No Contrib Factors)","Most Harmful Event (Crash Level)"
0,0,"Atlanta Police Department","2022-03-05","None and I-285","(O) No Injury","Dark-Lighted","On Roadway - Non-Intersection","Rear End","I-285","Dry","19:19:00","[""Unknown"",""Unknown""]","Clear",0,33.764436,-84.493759,"Atlanta","FULTON","[""Motor Vehicle in Motion"",""Motor Vehicle in Motion""]","Following Too Close","[""Motor Vehicle in Motion"",""Motor Vehicle in Motion""]"
0,0,"Atlanta Police Department","2022-03-05","Ellis St Ne and Piedmont Ave Ne","(C) Possible Injury / Complaint","Daylight","On Roadway - Roadway Intersection","Angle Crash","Ellis St Ne","Dry","09:00:00","[""Lap and Shoulder Belt Used"",""Lap and Shoulder Belt Used""]","Clear",0,33.758367,-84.382213,"Atlanta","FULTON","[""Motor Vehicle in Motion"",""Motor Vehicle in Motion""]","Disregard Other Traffic Control","[""Motor Vehicle in Motion"",""Motor Vehicle in Motion""]"
0,0,"Atlanta Police Department","2022-03-05","I-75 and Fulton St Sw","(O) No Injury","Dark-Lighted","On Roadway - Non-Intersection","Sideswipe-Same Direction","I-75","Dry","20:00:00","Lap and Shoulder Belt Used","Clear",0,33.741904,-84.392006,"Atlanta","FULTON","[""Motor Vehicle in Motion"",""Motor Vehicle in Motion""]","Changed Lanes Improperly","[""Motor Vehicle in Motion"",""Motor Vehicle in Motion""]"
0,0,"Atlanta Police Department","2022-03-05","Peachtree St Ne and Ponce De Leon Ave Ne","(O) No Injury","Daylight","On Roadway - Managed Lane (HOV, HOT, Reversible)","Rear End","Peachtree St Ne","Dry","16:59:00","[""Unknown"",""Unknown"",""Unknown"",""Unknown""]","Clear",0,33.772131,-84.384921,"Atlanta","FULTON","[""Motor Vehicle in Motion"",""Motor Vehicle in Motion""]","Following Too Close","[""Motor Vehicle in Motion"",""Motor Vehicle in Motion""]"
0,0,"Atlanta Police Department","2022-03-05","Glenn St Sw and Humphries St Sw","(O) No Injury","Dark-Lighted","On Roadway - Roadway Intersection","Sideswipe-Opposite Direction","Humphries St Sw","Dry","22:30:00","[""Unknown"",""Unknown"",""Unknown""]","Clear",0,33.738076,-84.404381,"Atlanta","FULTON","[""Motor Vehicle in Motion"",""Motor Vehicle in Motion""]","Wrong Side of Road","[""Motor Vehicle in Motion"",""Motor Vehicle in Motion""]"
0,0,"Atlanta Police Department","2022-03-05","11Th St Ne and Peachtree Walk Ne","(O) No Injury","Daylight","On Roadway - Non-Intersection","Sideswipe-Same Direction","11Th St Ne","Dry","14:32:00","[""Unknown"",""Unknown"",""Unknown""]","Clear",0,33.783257,-84.385557,"Atlanta","FULTON","[""Motor Vehicle in Motion"",""Motor Vehicle in Motion""]","Changed Lanes Improperly","[""Motor Vehicle in Motion"",""Motor Vehicle in Motion""]"
0,0,"Atlanta Police Department","2022-03-05","Windsor St Sw and Stephens St Sw","Unknown","Dark-Lighted","On Roadway - Non-Intersection","Sideswipe-Opposite Direction","Windsor St Sw","Dry","19:33:00",,"Clear",0,33.734886,-84.398355,"Atlanta","FULTON","[""Motor Vehicle in Motion"",""Motor Vehicle in Motion""]","Misjudged Clearance","Motor Vehicle in Motion"
0,0,"Atlanta Police Department","2022-03-05","7Th St Ne and Piedmont Ave Ne","(O) No Injury","Dark-Lighted","On Roadway - Managed Lane (HOV, HOT, Reversible)","Sideswipe-Same Direction","Piedmont Ave Ne","Dry","20:48:00","[""Unknown"",""Unknown""]","Clear",0,33.778324,-84.381217,"Atlanta","FULTON","[""Motor Vehicle in Motion"",""Motor Vehicle in Motion""]","Changed Lanes Improperly","[""Motor Vehicle in Motion"",""Motor Vehicle in Motion""]"
0,0,"Atlanta Police Department","2022-03-05","I-75 S and University Ave Sw","(C) Possible Injury / Complaint","Dark-Lighted","On Roadway - Managed Lane (HOV, HOT, Reversible)","Head On","University Ave Sw","Dry","22:25:00","[""Unknown"",""Unknown"",""Unknown"",""Unknown"",""Unknown""]","Clear",0,33.722019,-84.395585,"Atlanta","FULTON","[""Motor Vehicle in Motion"",""Motor Vehicle in Motion""]","Misjudged Clearance","[""Motor Vehicle in Motion"",""Motor Vehicle in Motion""]"
0,0,"Atlanta Police Department","2022-03-05","Woolman Pl Sw and N Inner Loop Rd","(C) Possible Injury / Complaint","Daylight","On Roadway - Roadway Intersection","Rear End","N Inner Loop Rd","Dry","10:09:00","[""Lap and Shoulder Belt Used"",""Lap and Shoulder Belt Used""]","Clear",0,33.657489,-84.427094,"Atlanta","FULTON","[""Motor Vehicle in Motion"",""Motor Vehicle in Motion""]","Inattentive or Other Distraction (Distracted)","[""Motor Vehicle in Motion"",""Motor Vehicle in Motion""]"
0,0,"Atlanta Police Department","2022-03-05","None and I-75-85","(O) No Injury","Dark-Lighted","On Roadway - Non-Intersection","Sideswipe-Same Direction","I-75-85","Dry","23:20:00","[""Unknown"",""Lap and Shoulder Belt Used"",""Lap and Shoulder Belt Used""]","Clear",0,33.725627,-84.393868,"Atlanta","FULTON","[""Motor Vehicle in Motion"",""Motor Vehicle in Motion""]","[""Reckless Driving"",""Changed Lanes Improperly""]","[""Motor Vehicle in Motion"",""Motor Vehicle in Motion""]"
0,0,"Gsp Post 00","2022-03-05","Harwell Road Nw and Donald Lee Hollowell","(C) Possible Injury / Complaint","Daylight","On Roadway - Non-Intersection","Sideswipe-Opposite Direction","Donald Lee Hollowell","Dry","12:14:00","[""None Used"",""Lap and Shoulder Belt Used""]","Clear",0,33.783889,-84.487905,"Atlanta","FULTON","[""Motor Vehicle in Motion"",""Motor Vehicle in Motion""]","[""Changed Lanes Improperly"",""Disregard Police - Evasion"",""Reckless Driving""]","[""Motor Vehicle in Motion"",""Motor Vehicle in Motion""]"
0,0,"Atlanta Police Department","2022-03-05","Brownlee Rd Sw and Boulder Park Dr Sw","(O) No Injury","Daylight","On Roadway - Roadway Intersection","Angle Crash","Boulder Park Dr Sw","Dry","14:40:00","[""Unknown"",""Unknown"",""Unknown""]","Clear",0,33.750814,-84.495201,"Atlanta","FULTON","[""Motor Vehicle in Motion"",""Motor Vehicle in Motion""]","Improper Backing","[""Motor Vehicle in Motion"",""Motor Vehicle in Motion""]"
0,0,"Gsp Post 00","2022-03-05","I-7585 South and Courtland Street","(O) No Injury","Dark-Lighted","On Roadway - Non-Intersection","Sideswipe-Same Direction","I-7585 South","Dry","20:14:00","[""Lap and Shoulder Belt Used"",""Lap and Shoulder Belt Used"",""Lap and Shoulder Belt Used"",""Lap and Shoulder Belt Used""]","Clear",0,33.765171,-84.3855,"Atlanta","FULTON","[""Motor Vehicle in Motion"",""Motor Vehicle in Motion""]","Changed Lanes Improperly","[""Motor Vehicle in Motion"",""Motor Vehicle in Motion""]"
0,1,"Atlanta Police Department","2022-03-05","16Th St Nw and Mecaslin St Nw","(B) Suspected Minor/Visible Injury","Dark-Lighted","On Roadway - Roadway Intersection","Angle Crash","Mecaslin St Nw","Dry","20:17:00","[""Unknown"",""Unknown"",""Unknown"",""Unknown"",""Unknown"",""Unknown""]","Clear",0,33.789078,-84.400035,"Atlanta","FULTON","[""Motor Vehicle in Motion"",""Motor Vehicle in Motion""]","Failure to Yield","[""Motor Vehicle in Motion"",""Motor Vehicle in Motion""]"
0,0,"Atlanta Police Department","2022-03-05","None and I-285","(O) No Injury","Daylight","On Roadway - Non-Intersection","Angle Crash","I-285","Dry","11:15:00","[""Lap and Shoulder Belt Used"",""Lap and Shoulder Belt Used""]","Clear",0,33.648428,-84.370036,"Atlanta","FULTON","[""Motor Vehicle in Motion"",""Motor Vehicle in Motion""]","Changed Lanes Improperly","[""Motor Vehicle in Motion"",""Motor Vehicle in Motion""]"
0,0,"Atlanta Police Department","2022-03-05","Monroe Dr Ne and Cresthill Ave Ne","(O) No Injury","Daylight","On Roadway - Roadway Intersection","Angle Crash","Cresthill Ave Ne","Dry","14:42:00","[""Unknown"",""Unknown"",""Unknown"",""Unknown""]","Clear",0,33.783804,-84.368036,"Atlanta","FULTON","[""Motor Vehicle in Motion"",""Motor Vehicle in Motion""]",,"[""Motor Vehicle in Motion"",""Motor Vehicle in Motion""]"
0,0,"Atlanta Police Department","2022-03-05","I-75 South and John Lewis Freedom Pkwy Ne","(O) No Injury","Daylight","On Roadway - Non-Intersection","Sideswipe-Opposite Direction","John Lewis Freedom Pkwy Ne","Dry","18:35:00","[""Unknown"",""Unknown""]","Clear",0,33.759943,-84.377781,"Atlanta","FULTON","[""Motor Vehicle in Motion"",""Motor Vehicle in Motion""]","Following Too Close","[""Motor Vehicle in Motion"",""Motor Vehicle in Motion""]"
0,0,"Atlanta Police Department","2022-03-05","Mt Zion Rd Se and Browns Mill Rd Se","(O) No Injury","Dark-Lighted","Off Roadway","Not a Collision with Motor Vehicle","Mt Zion Rd Se","Dry","03:19:00","Unknown","Clear",0,33.673305,-84.383668,"Atlanta","FULTON","Other Non-Collision","Driver Lost Control","Utility Pole"
0,0,"Atlanta Police Department","2022-03-05","I-20 E and Martin Luther King Jr Dr Sw","(O) No Injury","Dark-Not Lighted","On Roadway - Roadway Intersection","Sideswipe-Same Direction","Martin Luther King Jr Dr Sw","Dry","20:40:00","Lap and Shoulder Belt Used","Clear",0,33.76525,-84.510631,"Atlanta","FULTON","[""Motor Vehicle in Motion"",""Motor Vehicle in Motion""]","Inattentive or Other Distraction (Distracted)","[""Motor Vehicle in Motion"",""Motor Vehicle in Motion""]"
1,1,"Atlanta Police Department","2022-03-05","North Ave Ne and Argonne Ave Ne","(A) Suspected Serious Injury","Dark-Lighted","On Roadway - Roadway Intersection","Rear End","Argonne Ave Ne","Dry","01:24:00","[""Lap and Shoulder Belt Used"",""Lap and Shoulder Belt Used"",""Lap and Shoulder Belt Used"",""Lap and Shoulder Belt Used"",""None Used""]","Clear",0,33.771284,-84.377771,"Atlanta","FULTON","[""Motor Vehicle in Motion"",""Motor Vehicle in Motion"",""Motor Vehicle in Motion"",""Pedal-Cycle""]",,"[""Motor Vehicle in Motion"",""Motor Vehicle in Motion"",""Motor Vehicle in Motion"",""Pedal-Cycle""]"
0,0,"Atlanta Police Department","2022-03-05","Courtland St Ne and Andrew Young International Blvd Ne","(O) No Injury","Dawn","On Roadway - Roadway Intersection","Sideswipe-Same Direction","Andrew Young International Blvd Ne","Dry","21:00:00","[""Lap and Shoulder Belt Used"",""Unknown""]","Clear",0,33.759644,-84.384199,"Atlanta","FULTON","[""Motor Vehicle in Motion"",""Motor Vehicle in Motion""]","Changed Lanes Improperly","[""Motor Vehicle in Motion"",""Motor Vehicle in Motion""]"
0,0,"Gsp Post 00","2022-03-05","Ga 400 South and Sydney Marcus","(O) No Injury","Dark-Lighted","Off Roadway","Sideswipe-Opposite Direction","Ga 400 South","Dry","21:20:00","[""Lap and Shoulder Belt Used"",""Lap and Shoulder Belt Used""]","Clear",0,33.820684,-84.361178,"Atlanta","FULTON","[""Other - Fixed Object"",""Motor Vehicle in Motion""]","[""Disregard Police - Evasion"",""Reckless Driving""]","[""Other - Fixed Object"",""Motor Vehicle in Motion""]"
0,0,"Atlanta Police Department","2022-03-05","Hutchens Rd Se and Jonesboro Rd Se","(C) Possible Injury / Complaint","Dark-Lighted","On Roadway - Non-Intersection","Angle Crash","Jonesboro Rd Se","Dry","23:49:00","[""Lap and Shoulder Belt Used"",""Lap and Shoulder Belt Used"",""Lap and Shoulder Belt Used""]","Clear",0,33.672581,-84.372121,"Atlanta","FULTON","[""Motor Vehicle in Motion"",""Motor Vehicle in Motion"",""Motor Vehicle in Motion""]","[""Under the Influence (U.I.)"",""Improper Turn""]","[""Motor Vehicle in Motion"",""Motor Vehicle in Motion"",""Motor Vehicle in Motion""]"
0,0,"Atlanta Police Department","2022-03-05","None and I-75","(C) Possible Injury / Complaint","Dark-Lighted","On Roadway - Non-Intersection","Rear End","I-75","Dry","04:45:00","[""Unknown"",""Unknown"",""Unknown"",""Unknown""]","Cloudy",0,33.726334,-84.393846,"Atlanta","FULTON","[""Motor Vehicle in Motion"",""Motor Vehicle in Motion"",""Other Object (Not Fixed)""]","Driver Lost Control","[""Motor Vehicle in Motion"",""Motor Vehicle in Motion"",""Other Object (Not Fixed)""]"
0,0,"Atlanta Police Department","2022-03-05","10Th St Nw and Williams St Nw","(O) No Injury","Daylight","On Roadway - Roadway Intersection","Angle Crash","Williams St Nw","Dry","09:32:00","[""Lap and Shoulder Belt Used"",""Lap and Shoulder Belt Used""]","Clear",0,33.78152,-84.390553,"Atlanta","FULTON","[""Motor Vehicle in Motion"",""Motor Vehicle in Motion""]","Failure to Yield","[""Motor Vehicle in Motion"",""Motor Vehicle in Motion""]"
0,0,"Atlanta Police Department","2022-03-05","I-20 and Park St Sw","(O) No Injury","Dark-Lighted","On Roadway - Non-Intersection","Sideswipe-Same Direction","I-20","Dry","22:26:00","[""Unknown"",""Unknown""]","Clear",0,33.741247,-84.412952,"Atlanta","FULTON","[""Motor Vehicle in Motion"",""Motor Vehicle in Motion""]","Changed Lanes Improperly","[""Motor Vehicle in Motion"",""Motor Vehicle in Motion""]"
0,0,"Atlanta Police Department","2022-03-05","Lee St Sw and Ralph David Abernathy Blvd Sw","(O) No Injury","Daylight","On Roadway - Roadway Intersection","Angle Crash","Lee St Sw","Dry","07:59:00","[""Unknown"",""Unknown"",""Unknown""]","Clear",0,33.738246,-84.414093,"Atlanta","FULTON","[""Motor Vehicle in Motion"",""Motor Vehicle in Motion""]","Improper Turn","[""Motor Vehicle in Motion"",""Motor Vehicle in Motion""]"
0,0,"Atlanta Police Department","2022-03-05","Langford Pkwy and Lakewood Ave Sw","(O) No Injury","Daylight","On Roadway - Non-Intersection","Rear End","Langford Pkwy","Dry","15:53:00","[""Lap and Shoulder Belt Used"",""Lap and Shoulder Belt Used""]","Clear",0,33.696618,-84.410941,"Atlanta","FULTON","[""Motor Vehicle in Motion"",""Motor Vehicle in Motion""]","[""Under the Influence (U.I.)"",""Changed Lanes Improperly""]","[""Motor Vehicle in Motion"",""Motor Vehicle in Motion""]"
1,0,"Atlanta Police Department","2022-03-05","Harwell Rd Nw and Martin Luther King Jr Dr Sw","(A) Suspected Serious Injury","Dark-Lighted","On Roadway - Roadway Intersection","Angle Crash","Martin Luther King Jr Dr Sw","Dry","20:36:00","[""Unknown"",""Unknown"",""Unknown""]","Clear",0,33.752441,-84.492774,"Atlanta","FULTON","[""Motor Vehicle in Motion"",""Motor Vehicle in Motion""]","Failure to Yield","[""Motor Vehicle in Motion"",""Motor Vehicle in Motion""]"
0,0,"Atlanta Police Department","2022-03-05","None and Metropolitan Pkwy Sw","(C) Possible Injury / Complaint","Daylight","On Roadway - Driveway Intersection","Angle Crash","Metropolitan Pkwy Sw","Dry","14:08:00","[""Lap and Shoulder Belt Used"",""Lap and Shoulder Belt Used""]","Clear",0,33.701737,-84.40809,"Atlanta","FULTON","[""Motor Vehicle in Motion"",""Motor Vehicle in Motion""]","Improper Turn","[""Motor Vehicle in Motion"",""Motor Vehicle in Motion""]"
0,0,"Atlanta Police Department","2022-03-05","Oakland Ave Se and Woodward Ave Se","(O) No Injury","Daylight","On Roadway - Non-Intersection","Sideswipe-Same Direction","Oakland Ave Se","Dry","20:00:00","Unknown","Clear",0,33.745907,-84.374871,"Atlanta","FULTON","[""Motor Vehicle in Motion"",""Motor Vehicle in Motion""]","Following Too Close","Motor Vehicle in Motion"
0,0,"Atlanta Police Department","2022-03-05","Phipps Dr and Lenox Rd Ne","(C) Possible Injury / Complaint","Daylight","On Roadway - Roadway Intersection","Angle Crash","Lenox Rd Ne","Dry","12:50:00","[""None Used"",""None Used""]","Clear",0,33.851807,-84.363566,"Atlanta","FULTON","[""Motor Vehicle in Motion"",""Motor Vehicle in Motion""]","Disregard Stop Sign/Signal","[""Motor Vehicle in Motion"",""Motor Vehicle in Motion""]"
0,0,"Atlanta Police Department","2022-03-05","Spring St Nw and Peachtree St Ne","(O) No Injury","Dark-Lighted","On Roadway - Roadway Intersection","Sideswipe-Same Direction","Peachtree St Ne","Dry","00:15:00","[""Unknown"",""Unknown""]","Clear",0,33.797248,-84.388989,"Atlanta","FULTON","[""Motor Vehicle in Motion"",""Motor Vehicle in Motion""]",,"[""Motor Vehicle in Motion"",""Motor Vehicle in Motion""]"
0,0,"Atlanta Police Department","2022-03-05","I-75 and Exit 248D","(O) No Injury","Dark-Not Lighted","On Roadway - Roadway Intersection","Sideswipe-Same Direction","I-75","Dry","19:45:00","[""Unknown"",""Unknown"",""Unknown""]","Clear",0,33.760858,-84.380619,"Atlanta","FULTON","[""Motor Vehicle in Motion"",""Motor Vehicle in Motion""]","[""Wrong Side of Road"",""Aggressive Driving"",""Reckless Driving""]","[""Motor Vehicle in Motion"",""Motor Vehicle in Motion""]"
0,4,"Atlanta Police Department","2022-03-05","Pharr Rd Ne and Piedmont Rd Ne","(B) Suspected Minor/Visible Injury","Dark-Lighted","On Roadway - Roadway Intersection","Angle Crash","Piedmont Rd Ne","Dry","18:30:00","[""Lap and Shoulder Belt Used"",""Lap and Shoulder Belt Used"",""Lap and Shoulder Belt Used"",""Lap and Shoulder Belt Used""]","Clear",0,33.836983,-84.368079,"Atlanta","FULTON","[""Motor Vehicle in Motion"",""Motor Vehicle in Motion""]","Disregard Other Traffic Control","[""Motor Vehicle in Motion"",""Motor Vehicle in Motion""]"
0,0,"Atlanta Police Department","2022-03-05","10Th St Nw and Williams St Nw","(O) No Injury","Dark-Not Lighted","On Roadway - Non-Intersection","Rear End","Williams St Nw","Dry","02:00:00","[""Unknown"",""Unknown""]","Clear",0,33.781518,-84.390551,"Atlanta","FULTON","[""Motor Vehicle in Motion"",""Motor Vehicle in Motion""]",,"[""Motor Vehicle in Motion"",""Motor Vehicle in Motion""]"
0,0,"Atlanta Police Department","2022-03-05","None and John Lewis Freedom Pkwy Ne","(O) No Injury","Daylight","On Roadway - Non-Intersection","Angle Crash","John Lewis Freedom Pkwy Ne","Dry","17:15:00","[""Lap and Shoulder Belt Used"",""Unknown"",""Lap and Shoulder Belt Used"",""Lap and Shoulder Belt Used"",""Child Restraint System (Properly Used)"",""Unknown"",""Child Restraint System (Properly Used)""]","Clear",0,33.760097,-84.372888,"Atlanta","FULTON","[""Motor Vehicle in Motion"",""Motor Vehicle in Motion""]","Changed Lanes Improperly","[""Motor Vehicle in Motion"",""Motor Vehicle in Motion""]"
0,0,"Atlanta Police Department","2022-03-05","I-75 N and Fulton St Sw","(C) Possible Injury / Complaint","Daylight","On Roadway - Non-Intersection","Rear End","Fulton St Sw","Dry","16:10:00","[""Unknown"",""Unknown""]","Clear",0,33.741952,-84.391559,"Atlanta","FULTON","[""Motor Vehicle in Motion"",""Motor Vehicle in Motion""]","Following Too Close","[""Motor Vehicle in Motion"",""Motor Vehicle in Motion""]"
0,0,"Atlanta Police Department","2022-03-05","None and I-20","(C) Possible Injury / Complaint","Dark-Lighted","On Roadway - Non-Intersection","Rear End","I-20","Dry","03:30:00","[""Unknown"",""Unknown""]","Clear",0,33.762023,-84.487282,"Atlanta","FULTON","[""Motor Vehicle in Motion"",""Motor Vehicle in Motion""]",,"[""Motor Vehicle in Motion"",""Motor Vehicle in Motion""]"
0,0,"Gsp Post 00","2022-03-05","Capitol Sq and Washington St","(O) No Injury","Dark-Lighted","Off Roadway","Head On","Capitol Sq","Dry","03:04:00","Unknown","Clear",0,33.748877,-84.389259,"Atlanta","FULTON","Other - Fixed Object","Under the Influence (U.I.)","Other - Fixed Object"
0,0,"Atlanta Police Department","2022-03-05","None and Exit 51A Exit 10A Rp","(O) No Injury","Daylight","Entrance/Exit Ramp","Not a Collision with Motor Vehicle","Exit 51A Exit 10A Rp","Dry","12:15:00","Lap and Shoulder Belt Used","Clear",0,33.761944,-84.49171,"Atlanta","FULTON","Guard Rail End",,"Guard Rail End"
0,0,"Atlanta Police Department","2022-03-05","None and I-75","(C) Possible Injury / Complaint","Dark-Lighted","On Roadway - Non-Intersection","Sideswipe-Same Direction","I-75","Dry","01:44:00","[""Unknown"",""Lap and Shoulder Belt Used""]","Clear",0,33.705004,-84.403627,"Atlanta","FULTON","[""Motor Vehicle in Motion"",""Parked Motor Vehicle""]","[""Disregard Police - Traffic Control"",""Improper Passing""]","[""Motor Vehicle in Motion"",""Parked Motor Vehicle""]"
0,0,"Atlanta Police Department","2022-03-05","I-75 and Exit 244","(C) Possible Injury / Complaint","Daylight","On Roadway - Non-Intersection","Angle Crash","I-75","Dry","13:59:00","[""Lap and Shoulder Belt Used"",""Lap and Shoulder Belt Used"",""Lap and Shoulder Belt Used"",""Lap and Shoulder Belt Used"",""Lap and Shoulder Belt Used""]","Clear",0,33.72449,-84.394001,"Atlanta","FULTON","[""Motor Vehicle in Motion"",""Motor Vehicle in Motion"",""Motor Vehicle in Motion""]","Changed Lanes Improperly","[""Motor Vehicle in Motion"",""Motor Vehicle in Motion"",""Motor Vehicle in Motion""]"
0,0,"Atlanta Police Department","2022-03-05","State St Nw and North Ave Nw","(O) No Injury","Dark-Lighted","On Roadway - Roadway Intersection","Rear End","North Ave Nw","Dry","19:47:00","[""Unknown"",""Unknown""]","Clear",0,33.771231,-84.398993,"Atlanta","FULTON","[""Motor Vehicle in Motion"",""Motor Vehicle in Motion""]","Following Too Close","[""Motor Vehicle in Motion"",""Motor Vehicle in Motion""]"
0,0,"Atlanta Police Department","2022-03-05","Roswell Rd Nw and Blackland Rd Nw","(O) No Injury","Dark-Lighted","On Roadway - Roadway Intersection","Sideswipe-Same Direction","Blackland Rd Nw","Dry","23:00:00","[""Lap and Shoulder Belt Used"",""Lap and Shoulder Belt Used""]","Clear",0,33.854369,-84.382668,"Atlanta","FULTON","[""Motor Vehicle in Motion"",""Motor Vehicle in Motion""]","Improper Passing","[""Motor Vehicle in Motion"",""Motor Vehicle in Motion""]"
0,0,"Atlanta Police Department","2022-03-05","10Th St Nw and Fowler St Nw","(O) No Injury","Daylight","On Roadway - Non-Intersection","Rear End","10Th St Nw","Dry","10:30:00","[""Lap and Shoulder Belt Used"",""Child Restraint System (Properly Used)"",""Lap and Shoulder Belt Used""]","Clear",0,33.781504,-84.393556,"Atlanta","FULTON","[""Motor Vehicle in Motion"",""Motor Vehicle in Motion""]","Following Too Close","[""Motor Vehicle in Motion"",""Motor Vehicle in Motion""]"
0,1,"Atlanta Police Department","2022-03-05","None and Ga-13","(B) Suspected Minor/Visible Injury","Daylight","Entrance/Exit Ramp","Rear End","Ga-13","Dry","16:05:00","[""Lap and Shoulder Belt Used"",""Lap and Shoulder Belt Used"",""Lap and Shoulder Belt Used""]","Clear",0,33.800282,-84.390575,"Atlanta","FULTON","[""Motor Vehicle in Motion"",""Motor Vehicle in Motion""]","Following Too Close","[""Motor Vehicle in Motion"",""Motor Vehicle in Motion""]"
0,0,"Atlanta Police Department","2022-03-05","None and I-285","(O) No Injury","Dark-Not Lighted","On Roadway - Roadway Intersection","Rear End","I-285","Dry","01:34:00","[""Lap and Shoulder Belt Used"",""Lap and Shoulder Belt Used"",""Lap and Shoulder Belt Used""]","Clear",0,33.720088,-84.502496,"Atlanta","FULTON","[""Motor Vehicle in Motion"",""Motor Vehicle in Motion""]",,"[""Motor Vehicle in Motion"",""Motor Vehicle in Motion""]"
0,0,"Atlanta Police Department","2022-03-05","I-20 and Exit 51A","(O) No Injury","Dark-Lighted","On Roadway - Roadway Intersection","Sideswipe-Same Direction","I-20","Dry","21:00:00","[""Unknown"",""Lap and Shoulder Belt Used""]","Clear",0,33.760155,-84.484861,"Atlanta","FULTON","[""Motor Vehicle in Motion"",""Motor Vehicle in Motion""]","Changed Lanes Improperly","[""Motor Vehicle in Motion"",""Motor Vehicle in Motion""]"
0,0,"Gsp Post 00","2022-03-05","None and Ramp From I-7585 South To I-","(C) Possible Injury / Complaint","Dark-Lighted","Entrance/Exit Ramp","Sideswipe-Same Direction","Ramp From I-7585 South To I-","Dry","23:57:00","[""Lap and Shoulder Belt Used"",""Lap and Shoulder Belt Used""]","Clear",0,33.747833,-84.386855,"Atlanta","FULTON","[""Motor Vehicle in Motion"",""Motor Vehicle in Motion""]","[""Reckless Driving"",""Disregard Police - Evasion""]","[""Motor Vehicle in Motion"",""Motor Vehicle in Motion""]"
0,0,"Atlanta Police Department","2022-03-05","None and I-75","(O) No Injury","Dark-Lighted","On Roadway - Non-Intersection","Sideswipe-Same Direction","I-75","Dry","01:49:00","[""Unknown"",""Unknown""]","Clear",0,33.717909,-84.397646,"Atlanta","FULTON","[""Motor Vehicle in Motion"",""Motor Vehicle in Motion""]","Changed Lanes Improperly","[""Motor Vehicle in Motion"",""Motor Vehicle in Motion""]"
0,0,"Atlanta Police Department","2022-03-05","Cain St Ne and Boulevard Ne","(C) Possible Injury / Complaint","Daylight","On Roadway - Roadway Intersection","Angle Crash","Cain St Ne","Dry","12:38:00","[""Lap and Shoulder Belt Used"",""Lap and Shoulder Belt Used"",""Lap and Shoulder Belt Used""]","Clear",0,33.759527,-84.372089,"Atlanta","FULTON","[""Motor Vehicle in Motion"",""Motor Vehicle in Motion""]","Failure to Yield","[""Motor Vehicle in Motion"",""Motor Vehicle in Motion""]"
0,0,"Atlanta Police Department","2022-03-05","I-20 and Capitol Ave Se","(O) No Injury","Dark-Not Lighted","On Roadway - Non-Intersection","Rear End","I-20","Dry","19:57:00","[""Unknown"",""Unknown""]","Clear",0,33.744219,-84.387765,"Atlanta","FULTON","[""Motor Vehicle in Motion"",""Motor Vehicle in Motion""]",,"[""Motor Vehicle in Motion"",""Motor Vehicle in Motion""]"
0,0,"Atlanta Police Department","2022-03-05","Exit 1A and Sidney Marcus Blvd Ne","(O) No Injury","Daylight","On Roadway - Non-Intersection","Sideswipe-Same Direction","Sidney Marcus Blvd Ne","Dry","18:00:00","[""Lap and Shoulder Belt Used"",""Lap and Shoulder Belt Used""]","Clear",0,33.825589,-84.361032,"Atlanta","FULTON","[""Motor Vehicle in Motion"",""Motor Vehicle in Motion""]",,"[""Motor Vehicle in Motion"",""Motor Vehicle in Motion""]"
0,0,"Atlanta Police Department","2022-03-05","Campbellton Rd Sw and Southwood Blvd Sw","(C) Possible Injury / Complaint","Dark-Lighted","On Roadway - Roadway Intersection","Angle Crash","Southwood Blvd Sw","Dry","18:52:00","[""Unknown"",""Unknown""]","Clear",0,33.693589,-84.518855,"Atlanta","FULTON","[""Motor Vehicle in Motion"",""Motor Vehicle in Motion""]","Failure to Yield","[""Motor Vehicle in Motion"",""Motor Vehicle in Motion""]"
2,0,"Atlanta Police Department","2022-03-05","None and I-75 85 Nb Expy Nw  I75 Nb","(A) Suspected Serious Injury","Dark-Lighted","On Roadway - Non-Intersection","Not a Collision with Motor Vehicle","I-75 85 Nb Expy Nw  I75 Nb","Dry","03:25:00","[""Lap and Shoulder Belt Used"",""Lap and Shoulder Belt Used""]","Clear",0,33.800497,-84.397613,"Atlanta","FULTON","Other Non-Collision","Too Fast for Conditions","Over Turn"