"# Serious Injuries","# Visible Injuries","Agency Name (Crash Level) ","Date","Intersection Name (from Crash Report)","KABCO Severity","Light Conditions (Crash Level)","Location at Impact (Crash Level) ","Manner of Collision (Crash Level) ","Roadway (From Crash Report)","Surface Condition (Crash Level) ","Time","Safety Equipment (Crash Level) ","Weather Conditions (Crash Level)","# of Fatalities per Crash","Latitude","Longitude","Geolocated City","Geolocated County","First Harmful Event (Unit Order)","Operator/Pedestrian Contrib Factor (excl None, Other, No Contrib Factors)","Most Harmful Event (Crash Level)"
1,0,"Atlanta Police Department","2022-03-06","I-75 and Exit 242","(A) Suspected Serious Injury","Dark-Lighted","On Roadway - Non-Intersection","Sideswipe-Opposite Direction","I-75","Dry","00:59:00","[""Lap and Shoulder Belt Used"",""Lap and Shoulder Belt Used""]","Clear",0,33.693936,-84.403837,"Atlanta","FULTON","[""Motor Vehicle in Motion"",""Motor Vehicle in Motion""]","Changed Lanes Improperly","[""Motor Vehicle in Motion"",""Motor Vehicle in Motion""]"
0,0,"Atlanta Police Department","2022-03-06","None and I-85","(C) Possible Injury / Complaint","Daylight","On Roadway - Non-Intersection","Rear End","I-85","Dry","14:24:00","[""Lap and Shoulder Belt Used"",""Lap and Shoulder Belt Used""]","Clear",0,33.800304,-84.39051,"Atlanta","FULTON","[""Motor Vehicle in Motion"",""Motor Vehicle in Motion""]","Following Too Close","[""Motor Vehicle in Motion"",""Motor Vehicle in Motion""]"
0,0,"Atlanta Police Department","2022-03-06","I-20 and Joseph E Lowery Blvd Sw","(O) No Injury","Dark-Lighted","Median","Not a Collision with Motor Vehicle","I-20","Dry","05:00:00","Unknown","Clear",0,33.741453,-84.417735,"Atlanta","FULTON","Median Barrier","[""Driver Lost Control"",""Driver Condition""]","Median Barrier"
0,0,"Gsp Post 00","2022-03-06","Lee Street and Park Street","(O) No Injury","Dark-Lighted","Off Roadway","Not a Collision with Motor Vehicle","Park Street","Dry","01:08:00","[""None Used"",""None Used"",""None Used""]","Clear",0,33.741824,-84.413987,"Atlanta","FULTON","Curb","[""Disregard Police - Evasion"",""Driver Lost Control""]","Curb"
0,0,"Atlanta Police Department","2022-03-06","2Nd Ave Se and Memorial Dr Se","(O) No Injury","Daylight","On Roadway - Non-Intersection","Rear End","Memorial Dr Se","Dry","11:00:00","[""Lap and Shoulder Belt Used"",""Child Restraint System (Properly Used)"",""Lap and Shoulder Belt Used""]","Cloudy",0,33.747297,-84.309728,"Atlanta","DEKALB","[""Motor Vehicle in Motion"",""Motor Vehicle in Motion""]","Following Too Close","[""Motor Vehicle in Motion"",""Motor Vehicle in Motion""]"
0,1,"Atlanta Police Department","2022-03-06","Means St Nw and Marietta St Nw","(B) Suspected Minor/Visible Injury","Daylight","On Roadway - Roadway Intersection","Rear End","Marietta St Nw","Dry","12:30:00","[""Lap and Shoulder Belt Used"",""Lap and Shoulder Belt Used""]","Clear",0,33.773143,-84.403232,"Atlanta","FULTON","[""Motor Vehicle in Motion"",""Parked Motor Vehicle""]","Following Too Close","[""Motor Vehicle in Motion"",""Parked Motor Vehicle""]"
0,0,"Atlanta Police Department","2022-03-06","Ellis St Ne and Peachtree St Ne","(O) No Injury","Dark-Lighted","On Roadway - Non-Intersection","Sideswipe-Same Direction","Peachtree St Ne","Dry","23:00:00","[""Unknown"",""Unknown""]","Clear",0,33.7585,-84.387606,"Atlanta","FULTON","[""Motor Vehicle in Motion"",""Motor Vehicle in Motion""]","Following Too Close","[""Motor Vehicle in Motion"",""Motor Vehicle in Motion""]"
0,0,"Atlanta Police Department","2022-03-06","None and I-75","(C) Possible Injury / Complaint","Daylight","On Roadway - Non-Intersection","Rear End","I-75","Dry","11:33:00","[""Lap and Shoulder Belt Used"",""Lap and Shoulder Belt Used"",""Lap and Shoulder Belt Used"",""Lap and Shoulder Belt Used"",""Lap and Shoulder Belt Used"",""Lap and Shoulder Belt Used""]","Clear",0,33.764225,-84.384348,"Atlanta","FULTON","[""Motor Vehicle in Motion"",""Motor Vehicle in Motion"",""Motor Vehicle in Motion"",""Motor Vehicle in Motion""]","Following Too Close","[""Motor Vehicle in Motion"",""Motor Vehicle in Motion"",""Motor Vehicle in Motion"",""Motor Vehicle in Motion""]"
0,0,"Atlanta Police Department","2022-03-06","None and Maynard Ter Se","(C) Possible Injury / Complaint","Daylight","On Roadway - Non-Intersection","Rear End","Maynard Ter Se","Dry","14:45:00","Unknown","Clear",0,33.742808,-84.334848,"Atlanta","DEKALB","[""Motor Vehicle in Motion"",""Parked Motor Vehicle""]","Driver Lost Control","[""Motor Vehicle in Motion"",""Parked Motor Vehicle""]"
0,0,"Atlanta Police Department","2022-03-06","Courtland St Ne and John Portman Blvd Ne","(O) No Injury","Daylight","On Roadway - Roadway Intersection","Angle Crash","Courtland St Ne","Dry","14:35:00","[""Unknown"",""Unknown""]","Cloudy",0,33.760933,-84.384177,"Atlanta","FULTON","[""Motor Vehicle in Motion"",""Motor Vehicle in Motion""]","Improper Turn","[""Motor Vehicle in Motion"",""Motor Vehicle in Motion""]"
0,0,"Gsp Post 00","2022-03-06","West End Avenue and Joseph E Lowery Boulevard","(O) No Injury","Dark-Not Lighted","On Roadway - Non-Intersection","Sideswipe-Same Direction","West End Avenue","Dry","01:09:00","[""None Used"",""None Used"",""None Used"",""Lap and Shoulder Belt Used""]","Clear",0,33.744481,-84.417071,"Atlanta","FULTON","[""Motor Vehicle in Motion"",""Motor Vehicle in Motion""]","Disregard Police - Evasion","[""Motor Vehicle in Motion"",""Motor Vehicle in Motion""]"
0,0,"Atlanta Police Department","2022-03-06","Pryor St Sw and Ridge Ave Sw","(C) Possible Injury / Complaint","Dark-Lighted","On Roadway - Roadway Intersection","Angle Crash","Pryor St Sw","Dry","09:30:00","[""Lap and Shoulder Belt Used"",""Lap and Shoulder Belt Used""]","Clear",0,33.727284,-84.392939,"Atlanta","FULTON","[""Motor Vehicle in Motion"",""Motor Vehicle in Motion""]","Failure to Yield","[""Motor Vehicle in Motion"",""Motor Vehicle in Motion""]"
0,0,"Atlanta Police Department","2022-03-06","Griffin St Nw and Cameron M Alexander Blvd Nw","(C) Possible Injury / Complaint","Daylight","On Roadway - Roadway Intersection","Angle Crash","Cameron M Alexander Blvd Nw","Dry","13:03:00","[""Lap and Shoulder Belt Used"",""Lap and Shoulder Belt Used""]","Clear",0,33.768228,-84.411174,"Atlanta","FULTON","[""Motor Vehicle in Motion"",""Motor Vehicle in Motion""]","[""Disregard Stop Sign/Signal"",""Failure to Yield""]","[""Motor Vehicle in Motion"",""Motor Vehicle in Motion""]"
0,0,"Atlanta Police Department","2022-03-06","Crown Rd Se and Browns Mill Rd Se","(O) No Injury","Daylight","On Roadway - Roadway Intersection","Angle Crash","Crown Rd Se","Dry","13:00:00","[""Unknown"",""Unknown""]","Cloudy",0,33.651796,-84.394167,"Atlanta","FULTON","[""Motor Vehicle in Motion"",""Motor Vehicle in Motion""]","Failure to Yield","[""Motor Vehicle in Motion"",""Motor Vehicle in Motion""]"
0,0,"Atlanta Police Department","2022-03-06","Summit North Dr Ne and Sidney Marcus Blvd Ne","(O) No Injury","Daylight","On Roadway - Roadway Intersection","Rear End","Sidney Marcus Blvd Ne","Dry","16:25:00","[""Lap and Shoulder Belt Used"",""Lap and Shoulder Belt Used""]","Clear",0,33.825707,-84.362457,"Atlanta","FULTON","[""Motor Vehicle in Motion"",""Motor Vehicle in Motion""]","Improper Backing","[""Motor Vehicle in Motion"",""Motor Vehicle in Motion""]"
0,0,"Atlanta Police Department","2022-03-06","10Th St Nw and Williams St Nw","(C) Possible Injury / Complaint","Daylight","On Roadway - Roadway Intersection","Sideswipe-Same Direction","10Th St Nw","Dry","17:49:00","[""Unknown"",""Lap and Shoulder Belt Used"",""Lap and Shoulder Belt Used"",""Lap and Shoulder Belt Used"",""Lap and Shoulder Belt Used""]","Clear",0,33.78153,-84.390562,"Atlanta","FULTON","[""Motor Vehicle in Motion"",""Motor Vehicle in Motion""]","Disregard Other Traffic Control","[""Motor Vehicle in Motion"",""Motor Vehicle in Motion""]"
0,0,"Gsp Post 00","2022-03-06","Fair St and Joseph E Lowrey","(C) Possible Injury / Complaint","Dark-Lighted","On Roadway - Non-Intersection","Rear End","Joseph E Lowrey","Dry","02:35:00","[""Lap and Shoulder Belt Used"",""Lap and Shoulder Belt Used"",""Lap and Shoulder Belt Used""]","Clear",0,33.749071,-84.417544,"Atlanta","FULTON","[""Motor Vehicle in Motion"",""Motor Vehicle in Motion""]","[""Following Too Close"",""Under the Influence (U.I.)""]","[""Motor Vehicle in Motion"",""Motor Vehicle in Motion""]"
0,0,"Atlanta Police Department","2022-03-06","Ethel St Nw and Northside Dr Nw","(C) Possible Injury / Complaint","Daylight","On Roadway - Roadway Intersection","Angle Crash","Ethel St Nw","Dry","11:30:00","[""Lap and Shoulder Belt Used"",""Lap and Shoulder Belt Used"",""Lap and Shoulder Belt Used"",""Lap and Shoulder Belt Used""]","Clear",0,33.784566,-84.407461,"Atlanta","FULTON","[""Motor Vehicle in Motion"",""Motor Vehicle in Motion""]","Improper Turn","[""Motor Vehicle in Motion"",""Motor Vehicle in Motion""]"
0,0,"Atlanta Police Department","2022-03-06","Ethel St Nw and Northside Dr Nw","(O) No Injury","Dark-Lighted","On Roadway - Non-Intersection","Sideswipe-Same Direction","Northside Dr Nw","Dry","04:00:00","[""Unknown"",""Unknown"",""Unknown"",""Unknown""]","Clear",0,33.785202,-84.407452,"Atlanta","FULTON","[""Motor Vehicle in Motion"",""Motor Vehicle in Motion""]",,"[""Motor Vehicle in Motion"",""Motor Vehicle in Motion""]"
0,0,"Atlanta Police Department","2022-03-06","Spring St Nw and Linden Ave Nw","(O) No Injury","Dark-Not Lighted","On Roadway - Roadway Intersection","Angle Crash","Spring St Nw","Dry","21:58:00","[""Unknown"",""Unknown"",""Unknown"",""Unknown""]","Clear",0,33.746843,-84.378463,"Atlanta","FULTON","[""Motor Vehicle in Motion"",""Motor Vehicle in Motion""]","Failure to Yield","[""Motor Vehicle in Motion"",""Motor Vehicle in Motion""]"
0,0,"Atlanta Police Department","2022-03-06","14Th St Nw and Atlantic Dr Nw","(O) No Injury","Daylight","On Roadway - Roadway Intersection","Sideswipe-Opposite Direction","Atlantic Dr Nw","Dry","12:30:00","[""Lap and Shoulder Belt Used"",""Lap and Shoulder Belt Used""]","Clear",0,33.786188,-84.397636,"Atlanta","FULTON","[""Motor Vehicle in Motion"",""Motor Vehicle in Motion""]","Improper Turn","[""Motor Vehicle in Motion"",""Motor Vehicle in Motion""]"
0,0,"Gsp Post 00","2022-03-06","2613 Barge Rd Sw and Greenbriar Parkway","(O) No Injury","Dark-Not Lighted","Off Roadway","Not a Collision with Motor Vehicle","2613 Barge Rd Sw","Dry","22:35:00","[""None Used"",""Lap and Shoulder Belt Used""]","Clear",0,33.682844,-84.506362,"Atlanta","FULTON","Other Non-Collision","[""Reckless Driving"",""Exceeding Speed Limit"",""Disregard Police - Evasion""]","Tree"
0,0,"Gsp Post 00","2022-03-06","James P. Brawley Drive and Joseph E Boone Blvd Nw","(O) No Injury","Dark-Lighted","On Roadway - Non-Intersection","Sideswipe-Opposite Direction","Joseph E Boone Blvd Nw","Dry","22:40:00","[""Unknown"",""Unknown"",""Unknown"",""Unknown"",""Lap and Shoulder Belt Used""]","Clear",0,33.763455,-84.413156,"Atlanta","FULTON","[""Motor Vehicle in Motion"",""Motor Vehicle in Motion""]","Disregard Police - Evasion","[""Motor Vehicle in Motion"",""Motor Vehicle in Motion""]"
0,0,"Atlanta Police Department","2022-03-06","None and I-75","(O) No Injury","Dark-Lighted","On Roadway - Non-Intersection","Rear End","I-75","Dry","20:23:00","[""Lap and Shoulder Belt Used"",""Lap and Shoulder Belt Used""]","Clear",0,33.775841,-84.390784,"Atlanta","FULTON","[""Motor Vehicle in Motion"",""Motor Vehicle in Motion""]","Following Too Close","[""Motor Vehicle in Motion"",""Motor Vehicle in Motion""]"
0,0,"Atlanta Police Department","2022-03-06","None and I-285","(O) No Injury","Dark-Lighted","On Roadway - Managed Lane (HOV, HOT, Reversible)","Sideswipe-Same Direction","I-285","Dry","19:50:00","[""Unknown"",""Lap and Shoulder Belt Used""]","Clear",0,33.767041,-84.493678,"Atlanta","FULTON","[""Motor Vehicle in Motion"",""Motor Vehicle in Motion""]","Changed Lanes Improperly","[""Motor Vehicle in Motion"",""Motor Vehicle in Motion""]"
0,0,"Atlanta Police Department","2022-03-07","Morosgo Dr Ne and Piedmont Rd Ne","(O) No Injury","Daylight","On Roadway - Roadway Intersection","Rear End","Piedmont Rd Ne","Wet","16:42:00","[""Lap and Shoulder Belt Used"",""Lap and Shoulder Belt Used"",""Lap and Shoulder Belt Used""]","Clear",0,33.823405,-84.36728,"Atlanta","FULTON","[""Motor Vehicle in Motion"",""Motor Vehicle in Motion""]","Following Too Close","[""Motor Vehicle in Motion"",""Motor Vehicle in Motion""]"
0,0,"Atlanta Police Department","2022-03-07","Boulevard Se and Gartrell St Se","(C) Possible Injury / Complaint","Daylight","On Roadway - Roadway Intersection","Not a Collision with Motor Vehicle","Gartrell St Se","Dry","13:45:00","[""Unknown"",""Unknown""]","Clear",0,33.752942,-84.371632,"Atlanta","FULTON","[""Motor Vehicle in Motion"",""Motor Vehicle in Motion""]","Failure to Yield","[""Motor Vehicle in Motion"",""Motor Vehicle in Motion""]"
0,0,"Gsp Post 00","2022-03-07","I-20 West and H. E. Holmes","(O) No Injury","Daylight","On Roadway - Non-Intersection","Not a Collision with Motor Vehicle","I-20 West","Dry","16:00:00","[""Lap and Shoulder Belt Used"",""Lap and Shoulder Belt Used"",""Lap and Shoulder Belt Used""]","Cloudy",0,33.752338,-84.459988,"Atlanta","FULTON","[""Cargo/Equipment Loss or Shift"",""Other Object (Not Fixed)""]",,"[""Cargo/Equipment Lost or Shift"",""Impact Attenuate""]"
0,0,"Gsp Post 00","2022-03-07","I-20 Eb and Mlk Jr Dr","(O) No Injury","Daylight","On Roadway - Non-Intersection","Sideswipe-Same Direction","I-20 Eb","Dry","15:50:00","[""Lap and Shoulder Belt Used"",""Lap and Shoulder Belt Used""]","Cloudy",0,33.751033,-84.450868,"Atlanta","FULTON","[""Motor Vehicle in Motion"",""Motor Vehicle in Motion""]","Changed Lanes Improperly","[""Motor Vehicle in Motion"",""Motor Vehicle in Motion""]"
0,0,"Gsp Post 00","2022-03-07","None and I-7585Sb Spring Street Entran","(O) No Injury","Daylight","Entrance/Exit Ramp","Sideswipe-Same Direction","I-7585Sb Spring Street Entran","Dry","12:19:00","[""Lap and Shoulder Belt Used"",""Lap and Shoulder Belt Used"",""Lap and Shoulder Belt Used""]","Cloudy",0,33.76686,-84.388678,"Atlanta","FULTON","[""Motor Vehicle in Motion"",""Motor Vehicle in Motion""]",,"[""Motor Vehicle in Motion"",""Motor Vehicle in Motion""]"
0,0,"Atlanta Police Department","2022-03-07","Lee St Sw and Rose Cir Sw","(C) Possible Injury / Complaint","Dusk","On Roadway - Roadway Intersection","Angle Crash","Lee St Sw","Wet","18:10:00","[""Unknown"",""Unknown"",""Unknown""]","Rain",0,33.730924,-84.414714,"Atlanta","FULTON","[""Motor Vehicle in Motion"",""Motor Vehicle in Motion""]","Failure to Yield","[""Motor Vehicle in Motion"",""Motor Vehicle in Motion""]"
0,0,"Atlanta Police Department","2022-03-07","Cascade Rd Sw and Sandtown Rd Sw","(O) No Injury","Daylight","On Roadway - Non-Intersection","Rear End","Sandtown Rd Sw","Dry","15:00:00","[""Lap and Shoulder Belt Used"",""Lap and Shoulder Belt Used""]","Clear",0,33.721272,-84.456096,"Atlanta","FULTON","[""Motor Vehicle in Motion"",""Motor Vehicle in Motion""]","Following Too Close","[""Motor Vehicle in Motion"",""Motor Vehicle in Motion""]"
0,0,"Atlanta Police Department","2022-03-07","Chappell Rd Nw and Martin Luther King Jr Dr Nw","(C) Possible Injury / Complaint","Daylight","On Roadway - Roadway Intersection","Sideswipe-Same Direction","Chappell Rd Nw","Dry","13:41:00","[""Unknown"",""Unknown"",""Unknown""]","Clear",0,33.753795,-84.433346,"Atlanta","FULTON","[""Motor Vehicle in Motion"",""Motor Vehicle in Motion""]",,"[""Motor Vehicle in Motion"",""Motor Vehicle in Motion""]"
0,0,"Atlanta Police Department","2022-03-07","Edgewood Ave Se and Wm Holmes Borders Sr Dr Ne","(O) No Injury","Dark-Lighted","On Roadway - Non-Intersection","Angle Crash","Edgewood Ave Se","Dry","00:04:00","Lap and Shoulder Belt Used","Clear",0,33.754362,-84.375994,"Atlanta","FULTON","[""Motor Vehicle in Motion"",""Motor Vehicle in Motion""]","Changed Lanes Improperly","[""Motor Vehicle in Motion"",""Motor Vehicle in Motion""]"
0,0,"Atlanta Police Department","2022-03-07","Garson Dr Ne and Piedmont Rd Ne","(O) No Injury","Dark-Lighted","On Roadway - Non-Intersection","Sideswipe-Same Direction","Garson Dr Ne","Dry","20:30:00","[""Unknown"",""Unknown""]","Clear",0,33.817682,-84.366954,"Atlanta","FULTON","[""Motor Vehicle in Motion"",""Motor Vehicle in Motion""]",,"[""Motor Vehicle in Motion"",""Motor Vehicle in Motion""]"
0,0,"Gsp Post 00","2022-03-07","I-285 South and D L Hollowell Pkwy","(O) No Injury","Daylight","On Roadway - Non-Intersection","Rear End","I-285 South","Dry","15:25:00","[""Lap and Shoulder Belt Used"",""Lap and Shoulder Belt Used""]","Cloudy",0,33.794966,-84.487684,"Atlanta","FULTON","[""Motor Vehicle in Motion"",""Motor Vehicle in Motion""]","Changed Lanes Improperly","[""Motor Vehicle in Motion"",""Motor Vehicle in Motion""]"
0,1,"Atlanta Police Department","2022-03-07","Mary St Sw and Hobson St Sw","(B) Suspected Minor/Visible Injury","Dark-Lighted","On Roadway - Driveway Intersection","Sideswipe-Same Direction","Hobson St Sw","Dry","03:29:00","[""Lap and Shoulder Belt Used"",""Lap and Shoulder Belt Used""]","Clear",0,33.72974,-84.406031,"Atlanta","FULTON","[""Parked Motor Vehicle"",""Motor Vehicle in Motion""]","Other Interior Distraction (Distracted)","[""Parked Motor Vehicle"",""Motor Vehicle in Motion""]"
0,0,"Gsp Post 00","2022-03-07","I-85 and I-75 N","(O) No Injury","Daylight","On Roadway - Non-Intersection","Rear End","I-85","Dry","15:00:00","[""Lap and Shoulder Belt Used"",""Lap and Shoulder Belt Used"",""Lap and Shoulder Belt Used""]","Clear",0,33.776646,-84.390968,"Atlanta","FULTON","[""Motor Vehicle in Motion"",""Motor Vehicle in Motion""]","[""Following Too Close"",""Other Activity - Mobile Device (Distracted)""]","[""Motor Vehicle in Motion"",""Motor Vehicle in Motion""]"
0,0,"Gsp Post 00","2022-03-07","I-285 and I-20 East","(O) No Injury","Daylight","On Roadway - Non-Intersection","Rear End","I-20 East","Wet","17:03:00","[""Lap and Shoulder Belt Used"",""Lap and Shoulder Belt Used"",""Lap and Shoulder Belt Used""]","Rain",0,33.766124,-84.499759,"Atlanta","FULTON","[""Motor Vehicle in Motion"",""Motor Vehicle in Motion""]","Following Too Close","[""Motor Vehicle in Motion"",""Motor Vehicle in Motion""]"
0,0,"Atlanta Police Department","2022-03-07","Ivan Allen Jr Blvd Nw and Centennial Olympic Park Dr Nw","(C) Possible Injury / Complaint","Daylight","On Roadway - Roadway Intersection","Rear End","Ivan Allen Jr Blvd Nw","Wet","16:15:00","[""Unknown"",""Unknown""]","Rain",0,33.76459,-84.388978,"Atlanta","FULTON","[""Motor Vehicle in Motion"",""Motor Vehicle in Motion""]","Following Too Close","[""Motor Vehicle in Motion"",""Motor Vehicle in Motion""]"
0,0,"Atlanta Police Department","2022-03-07","10Th St Ne and Myrtle St Ne","(O) No Injury","Dark-Lighted","On Roadway - Non-Intersection","Sideswipe-Same Direction","10Th St Ne","Dry","00:00:00","Unknown","Clear",0,33.781788,-84.379386,"Atlanta","FULTON","[""Motor Vehicle in Motion"",""Motor Vehicle in Motion""]","Following Too Close","[""Motor Vehicle in Motion"",""Motor Vehicle in Motion""]"
0,0,"Atlanta Police Department","2022-03-07","Peachtree Rd Ne and Peachtree Ave Ne","(C) Possible Injury / Complaint","Dark-Lighted","On Roadway - Non-Intersection","Angle Crash","Peachtree Rd Ne","Dry","02:40:00","[""Unknown"",""Unknown"",""Unknown""]","Clear",0,33.835025,-84.38237,"Atlanta","FULTON","[""Motor Vehicle in Motion"",""Motor Vehicle in Motion""]","[""Changed Lanes Improperly"",""Improper Turn""]","[""Motor Vehicle in Motion"",""Motor Vehicle in Motion""]"
0,0,"Atlanta Police Department","2022-03-07","Mt Gilead Rd Sw and Campbellton Rd Sw","(O) No Injury","Dark-Not Lighted","On Roadway - Roadway Intersection","Angle Crash","Mt Gilead Rd Sw","Dry","19:30:00","[""Unknown"",""Unknown""]","Clear",0,33.692569,-84.490579,"Atlanta","FULTON","[""Motor Vehicle in Motion"",""Motor Vehicle in Motion""]","Disregard Other Traffic Control","[""Motor Vehicle in Motion"",""Motor Vehicle in Motion""]"
0,0,"Atlanta Police Department","2022-03-07","Woodland Ave Ne and Cheshire Bridge Rd Ne","(O) No Injury","Daylight","On Roadway - Managed Lane (HOV, HOT, Reversible)","Angle Crash","Cheshire Bridge Rd Ne","Dry","13:00:00","[""Lap and Shoulder Belt Used"",""Lap and Shoulder Belt Used"",""Lap and Shoulder Belt Used""]","Clear",0,33.81521,-84.352925,"Atlanta","FULTON","[""Motor Vehicle in Motion"",""Motor Vehicle in Motion"",""Motor Vehicle in Motion""]",,"[""Motor Vehicle in Motion"",""Motor Vehicle in Motion"",""Motor Vehicle in Motion""]"
0,0,"Atlanta Police Department","2022-03-07","Mitchell St Sw and Northside Dr Sw","(O) No Injury","Daylight","Off Roadway","Angle Crash","Northside Dr Sw","Dry","11:30:00","[""Shoulder Belt Only Used"",""Shoulder Belt Only Used""]","Cloudy",0,33.753607,-84.402818,"Atlanta","FULTON","[""Motor Vehicle in Motion"",""Motor Vehicle in Motion""]","Misjudged Clearance","[""Motor Vehicle in Motion"",""Motor Vehicle in Motion""]"
0,0,"Gsp Post 00","2022-03-07","None and I-75 North Ramp From I-85 Sout","(O) No Injury","Daylight","Entrance/Exit Ramp","Angle Crash","I-75 North Ramp From I-85 Sout","Wet","16:57:00","[""Lap and Shoulder Belt Used"",""Lap and Shoulder Belt Used"",""Child Restraint System (Properly Used)"",""Lap and Shoulder Belt Used""]","Rain",0,33.798463,-84.395734,"Atlanta","FULTON","[""Median Barrier"",""Motor Vehicle in Motion""]","[""Driver Lost Control"",""Too Fast for Conditions""]","[""Median Barrier"",""Motor Vehicle in Motion""]"
0,0,"Atlanta Police Department","2022-03-07","Ted Turner Dr Nw and Andrew Young International Blvd Nw","(C) Possible Injury / Complaint","Dark-Lighted","On Roadway - Roadway Intersection","Angle Crash","Ted Turner Dr Nw","Dry","23:55:00","[""Lap and Shoulder Belt Used"",""Lap and Shoulder Belt Used""]","Clear",0,33.759697,-84.389088,"Atlanta","FULTON","[""Motor Vehicle in Motion"",""Motor Vehicle in Motion""]","Disregard Other Traffic Control","[""Motor Vehicle in Motion"",""Motor Vehicle in Motion""]"
0,0,"Atlanta Police Department","2022-03-07","Sardis Way Nw and Roswell Rd Ne","(O) No Injury","Daylight","On Roadway - Roadway Intersection","Rear End","Roswell Rd Ne","Dry","15:50:00","[""Lap and Shoulder Belt Used"",""Lap and Shoulder Belt Used""]","Clear",0,33.840705,-84.379298,"Atlanta","FULTON","[""Motor Vehicle in Motion"",""Motor Vehicle in Motion""]","Following Too Close","[""Motor Vehicle in Motion"",""Motor Vehicle in Motion""]"
0,0,"Gsp Post 00","2022-03-07","I-285 North and Langford Parkway","(O) No Injury","Daylight","On Roadway - Non-Intersection","Sideswipe-Same Direction","I-285 North","Dry","11:40:00","[""Lap and Shoulder Belt Used"",""Unknown"",""Lap and Shoulder Belt Used"",""Lap and Shoulder Belt Used""]","Cloudy",0,33.675705,-84.498823,"Atlanta","FULTON","[""Motor Vehicle in Motion"",""Motor Vehicle in Motion""]","Changed Lanes Improperly","[""Motor Vehicle in Motion"",""Motor Vehicle in Motion""]"
0,0,"Atlanta Police Department","2022-03-07","Sanders Ave Se and Moreland Ave Se","(O) No Injury","Daylight","On Roadway - Roadway Intersection","Rear End","Moreland Ave Se","Dry","10:00:00","[""Lap and Shoulder Belt Used"",""Lap and Shoulder Belt Used"",""Lap and Shoulder Belt Used""]","Clear",0,33.741928,-84.349251,"Atlanta","FULTON","[""Motor Vehicle in Motion"",""Motor Vehicle in Motion""]","Following Too Close","[""Motor Vehicle in Motion"",""Motor Vehicle in Motion""]"
0,0,"Atlanta Police Department","2022-03-07","Spring St Nw and North Ave Nw","(O) No Injury","Dark-Lighted","On Roadway - Roadway Intersection","Sideswipe-Opposite Direction","North Ave Nw","Wet","22:30:00","[""None Used"",""None Used"",""None Used""]","Cloudy",0,33.771239,-84.388836,"Atlanta","FULTON","[""Motor Vehicle in Motion"",""Motor Vehicle in Motion""]",,"[""Motor Vehicle in Motion"",""Motor Vehicle in Motion""]"
0,0,"Atlanta Police Department","2022-03-07","Marietta Blvd Nw and Donald Lee Hollowell Pkwy Nw","(O) No Injury","Dark-Lighted","On Roadway - Non-Intersection","Rear End","Donald Lee Hollowell Pkwy Nw","Dry","19:40:00","[""Unknown"",""Unknown""]","Rain",0,33.772822,-84.425061,"Atlanta","FULTON","[""Motor Vehicle in Motion"",""Motor Vehicle in Motion""]","Failure to Yield","[""Motor Vehicle in Motion"",""Motor Vehicle in Motion""]"
0,0,"Atlanta Police Department","2022-03-07","Browns Mill Rd Se and Monticello Blvd Se","(O) No Injury","Daylight","On Roadway - Roadway Intersection","Rear End","Browns Mill Rd Se","Water (standing or moving)","17:11:00","[""Lap and Shoulder Belt Used"",""Lap and Shoulder Belt Used""]","Cloudy",0,33.665715,-84.380111,"Atlanta","FULTON","[""Motor Vehicle in Motion"",""Motor Vehicle in Motion""]","Following Too Close","[""Motor Vehicle in Motion"",""Motor Vehicle in Motion""]"
0,0,"Atlanta Police Department","2022-03-07","13Th St Ne and Peachtree St Ne","(O) No Injury","Dark-Not Lighted","On Roadway - Roadway Intersection","Angle Crash","Peachtree St Ne","Water (standing or moving)","17:00:00","[""Lap and Shoulder Belt Used"",""Lap and Shoulder Belt Used""]","Rain",0,33.78545,-84.382994,"Atlanta","FULTON","[""Motor Vehicle in Motion"",""Motor Vehicle in Motion""]",,"[""Motor Vehicle in Motion"",""Motor Vehicle in Motion""]"
0,0,"Atlanta Police Department","2022-03-07","Garson Dr Ne and Piedmont Rd Ne","(O) No Injury","Daylight","On Roadway - Non-Intersection","Rear End","Garson Dr Ne","Wet","16:30:00","[""Unknown"",""Unknown"",""Unknown""]","Rain",0,33.817684,-84.366954,"Atlanta","FULTON","[""Motor Vehicle in Motion"",""Motor Vehicle in Motion"",""Motor Vehicle in Motion""]","Following Too Close","[""Motor Vehicle in Motion"",""Motor Vehicle in Motion"",""Motor Vehicle in Motion""]"
0,0,"Gsp Post 00","2022-03-07","Mlk Jr Dr and I-7585 Nb","(O) No Injury","Daylight","On Roadway - Non-Intersection","Rear End","I-7585 Nb","Wet","16:27:00","[""Lap and Shoulder Belt Used"",""Lap and Shoulder Belt Used""]","Rain",0,33.748171,-84.385085,"Atlanta","FULTON","[""Motor Vehicle in Motion"",""Motor Vehicle in Motion""]","Following Too Close","[""Motor Vehicle in Motion"",""Motor Vehicle in Motion""]"