"# Serious Injuries","# Visible Injuries","Agency Name (Crash Level) ","Date","Intersection Name (from Crash Report)","KABCO Severity","Light Conditions (Crash Level)","Location at Impact (Crash Level) ","Manner of Collision (Crash Level) ","Roadway (From Crash Report)","Surface Condition (Crash Level) ","Time","Safety Equipment (Crash Level) ","Weather Conditions (Crash Level)","# of Fatalities per Crash","Latitude","Longitude","Geolocated City","Geolocated County","First Harmful Event (Unit Order)","Operator/Pedestrian Contrib Factor (excl None, Other, No Contrib Factors)","Most Harmful Event (Crash Level)"
0,0,"Atlanta Police Department","2022-03-10","Northside Pkwy Nw and W Paces Ferry Rd Nw","(O) No Injury","Dark-Lighted","On Roadway - Roadway Intersection","Angle Crash","Northside Pkwy Nw","Dry","08:33:00","[""None Used"",""None Used"",""None Used""]","Clear",0,33.849067,-84.43003,"Atlanta","FULTON","[""Motor Vehicle in Motion"",""Motor Vehicle in Motion"",""Motor Vehicle in Motion""]","Disregard Other Traffic Control","[""Motor Vehicle in Motion"",""Motor Vehicle in Motion"",""Motor Vehicle in Motion""]"
0,0,"Atlanta Police Department","2022-03-10","Delowe Dr Sw and Campbellton Rd Sw","(C) Possible Injury / Complaint","Daylight","On Roadway - Non-Intersection","Angle Crash","Campbellton Rd Sw","Dry","17:08:00","[""Lap and Shoulder Belt Used"",""Lap and Shoulder Belt Used"",""Lap and Shoulder Belt Used"",""Child Restraint System (Properly Used)""]","Clear",0,33.706189,-84.458132,"Atlanta","FULTON","[""Motor Vehicle in Motion"",""Motor Vehicle in Motion""]","Improper Turn","[""Motor Vehicle in Motion"",""Motor Vehicle in Motion""]"
0,0,"Atlanta Police Department","2022-03-10","Baker St Nw and Marietta St Nw","(O) No Injury","Dark-Lighted","On Roadway - Roadway Intersection","Head On","Baker St Nw","Dry","17:00:00","[""Unknown"",""Unknown""]","Clear",0,33.761308,-84.395984,"Atlanta","FULTON","[""Motor Vehicle in Motion"",""Motor Vehicle in Motion""]",,"[""Motor Vehicle in Motion"",""Motor Vehicle in Motion""]"
0,0,"Atlanta Police Department","2022-03-10","None and I-85","(C) Possible Injury / Complaint","Dark-Lighted","On Roadway - Non-Intersection","Rear End","I-85","Dry","22:40:00","[""Unknown"",""Lap and Shoulder Belt Used"",""Lap and Shoulder Belt Used""]","Cloudy",0,33.824247,-84.350343,"Atlanta","FULTON","[""Motor Vehicle in Motion"",""Motor Vehicle in Motion""]","Following Too Close","[""Motor Vehicle in Motion"",""Motor Vehicle in Motion""]"
0,0,"Atlanta Police Department","2022-03-10","Portland Ave Se and Moreland Ave Se","(O) No Injury","Daylight","On Roadway - Non-Intersection","Angle Crash","Moreland Ave Se","Dry","18:07:00","[""Unknown"",""Unknown""]","Clear",0,33.739084,-84.349279,"Atlanta","FULTON","[""Motor Vehicle in Motion"",""Motor Vehicle in Motion""]","Improper Turn","[""Motor Vehicle in Motion"",""Motor Vehicle in Motion""]"
0,0,"Atlanta Police Department","2022-03-10","None and Briarcliff Rd Ne","(O) No Injury","Dark-Lighted","On Roadway - Non-Intersection","Sideswipe-Same Direction","Briarcliff Rd Ne","Dry","19:11:00","[""Unknown"",""Unknown""]","Clear",0,33.773998,-84.348981,"Atlanta","FULTON","[""Motor Vehicle in Motion"",""Motor Vehicle in Motion""]",,"[""Motor Vehicle in Motion"",""Motor Vehicle in Motion""]"
0,0,"Gsp Post 00","2022-03-10","I-20 West and Martin Luther King Jr Dr","(O) No Injury","Daylight","On Roadway - Non-Intersection","Rear End","I-20 West","Dry","16:22:00","[""Lap and Shoulder Belt Used"",""Lap and Shoulder Belt Used""]","Clear",0,33.750952,-84.444596,"Atlanta","FULTON","[""Motor Vehicle in Motion"",""Motor Vehicle in Motion""]","Following Too Close","[""Motor Vehicle in Motion"",""Motor Vehicle in Motion""]"
0,0,"Atlanta Police Department","2022-03-10","Peeples St Sw and Ralph David Abernathy Blvd Sw","(O) No Injury","Daylight","On Roadway - Roadway Intersection","Angle Crash","Ralph David Abernathy Blvd Sw","Dry","08:27:00","[""Unknown"",""Unknown"",""Unknown""]","Clear",0,33.738028,-84.420584,"Atlanta","FULTON","[""Motor Vehicle in Motion"",""Motor Vehicle in Motion""]","Failure to Yield","[""Motor Vehicle in Motion"",""Motor Vehicle in Motion""]"
0,0,"Atlanta Police Department","2022-03-10","Forsyth St Sw and Martin Luther King Jr Dr Sw","(O) No Injury","Dark-Lighted","On Roadway - Non-Intersection","Sideswipe-Same Direction","Forsyth St Sw","Dry","21:50:00","[""Unknown"",""Lap and Shoulder Belt Used""]","Clear",0,33.753116,-84.393175,"Atlanta","FULTON","[""Motor Vehicle in Motion"",""Motor Vehicle in Motion""]","Changed Lanes Improperly","[""Motor Vehicle in Motion"",""Motor Vehicle in Motion""]"
0,0,"Gsp Post 00","2022-03-10","I-75Nb and Mt.Paran Rd","(O) No Injury","Daylight","On Roadway - Non-Intersection","Sideswipe-Same Direction","I-75Nb","Dry","16:54:00","[""Lap and Shoulder Belt Used"",""Lap and Shoulder Belt Used"",""Lap and Shoulder Belt Used""]","Clear",0,33.864884,-84.439655,"Atlanta","FULTON","[""Motor Vehicle in Motion"",""Motor Vehicle in Motion""]","Changed Lanes Improperly","[""Motor Vehicle in Motion"",""Motor Vehicle in Motion""]"
0,0,"Dekalb Co Police Department","2022-03-10","Moreland Ave and Village Creek Lndg","(O) No Injury","Daylight","On Roadway - Non-Intersection","Sideswipe-Opposite Direction","Moreland Ave","Dry","11:06:00","[""Unknown"",""Unknown""]","Clear",0,33.721573,-84.349479,"Atlanta","FULTON","[""Motor Vehicle in Motion"",""Motor Vehicle in Motion""]",,"[""Motor Vehicle in Motion"",""Motor Vehicle in Motion""]"
0,0,"Gsp Post 00","2022-03-10","10Th and I-7585 N","(O) No Injury","Daylight","On Roadway - Non-Intersection","Rear End","I-7585 N","Dry","09:10:00","[""Lap and Shoulder Belt Used"",""Lap and Shoulder Belt Used""]","Clear",0,33.770587,-84.390088,"Atlanta","FULTON","[""Motor Vehicle in Motion"",""Motor Vehicle in Motion""]","Following Too Close","[""Motor Vehicle in Motion"",""Motor Vehicle in Motion""]"
0,0,"Atlanta Police Department","2022-03-10","Mcdaniel St Sw and Northside Dr Sw","(C) Possible Injury / Complaint","Dark-Lighted","On Roadway - Roadway Intersection","Angle Crash","Mcdaniel St Sw","Dry","21:30:00","[""Lap and Shoulder Belt Used"",""None Used""]","Clear",0,33.746299,-84.406565,"Atlanta","FULTON","[""Motor Vehicle in Motion"",""Motor Vehicle in Motion""]","Improper Turn","[""Motor Vehicle in Motion"",""Motor Vehicle in Motion""]"
0,0,"Gsp Post 00","2022-03-10","I-20 and I-285 Nb","(O) No Injury","Daylight","On Roadway - Non-Intersection","Sideswipe-Same Direction","I-285 Nb","Dry","07:34:00","[""Lap and Shoulder Belt Used"",""Lap and Shoulder Belt Used""]","Clear",0,33.767061,-84.493687,"Atlanta","FULTON","[""Motor Vehicle in Motion"",""Motor Vehicle in Motion""]","Changed Lanes Improperly","[""Motor Vehicle in Motion"",""Motor Vehicle in Motion""]"
0,0,"Atlanta Police Department","2022-03-10","Bellview Ave Nw and Donald Lee Hollowell Pkwy Nw","(C) Possible Injury / Complaint","Daylight","On Roadway - Non-Intersection","Angle Crash","Donald Lee Hollowell Pkwy Nw","Dry","16:40:00","[""Unknown"",""Unknown""]","Clear",0,33.775599,-84.472281,"Atlanta","FULTON","[""Motor Vehicle in Motion"",""Motor Vehicle in Motion""]","Failure to Yield","[""Motor Vehicle in Motion"",""Motor Vehicle in Motion""]"
0,0,"Gsp Post 00","2022-03-11","University Avenue and I-7585 Northbound","(O) No Injury","Dark-Lighted","On Roadway - Non-Intersection","Rear End","I-7585 Northbound","Wet","19:55:00","[""Lap and Shoulder Belt Used"",""Lap and Shoulder Belt Used"",""Child Restraint System (Properly Used)"",""Lap and Shoulder Belt Used"",""Lap and Shoulder Belt Used""]","Cloudy",0,33.726334,-84.39347,"Atlanta","FULTON","[""Motor Vehicle in Motion"",""Motor Vehicle in Motion""]","Following Too Close","[""Motor Vehicle in Motion"",""Motor Vehicle in Motion""]"
0,0,"Atlanta Police Department","2022-03-11","Myrtle Dr Sw and Campbellton Rd Sw","(C) Possible Injury / Complaint","Daylight","On Roadway - Roadway Intersection","Angle Crash","Myrtle Dr Sw","Dry","14:51:00","[""Lap and Shoulder Belt Used"",""Lap and Shoulder Belt Used"",""Lap and Shoulder Belt Used"",""None Used"",""Lap and Shoulder Belt Used""]","Cloudy",0,33.707398,-84.455049,"Atlanta","FULTON","[""Motor Vehicle in Motion"",""Motor Vehicle in Motion"",""Motor Vehicle in Motion"",""Parked Motor Vehicle""]",,"[""Motor Vehicle in Motion"",""Motor Vehicle in Motion"",""Motor Vehicle in Motion"",""Parked Motor Vehicle""]"
0,0,"Atlanta Police Department","2022-03-11","S Prado Ne and Piedmont Ave Ne","(O) No Injury","Dark-Lighted","On Roadway - Non-Intersection","Sideswipe-Same Direction","S Prado Ne","Dry","01:19:00","[""Lap and Shoulder Belt Used"",""Lap and Shoulder Belt Used"",""Lap and Shoulder Belt Used"",""Unknown""]","Cloudy",0,33.789341,-84.376248,"Atlanta","FULTON","[""Motor Vehicle in Motion"",""Motor Vehicle in Motion""]","Changed Lanes Improperly","[""Motor Vehicle in Motion"",""Motor Vehicle in Motion""]"
0,0,"Atlanta Police Department","2022-03-11","I-75 and 17Th St Nw","(O) No Injury","Dark-Lighted","On Roadway - Non-Intersection","Not a Collision with Motor Vehicle","I-75","Dry","04:00:00","Unknown","Clear",0,33.791456,-84.392107,"Atlanta","FULTON","Other Object (Not Fixed)",,"Other Object (Not Fixed)"
0,0,"Atlanta Police Department","2022-03-11","Williams St Nw and Ivan Allen Jr Blvd Nw","(O) No Injury","Daylight","On Roadway - Roadway Intersection","Angle Crash","Williams St Nw","Dry","13:00:00","[""Lap and Shoulder Belt Used"",""Lap and Shoulder Belt Used""]","Clear",0,33.764674,-84.390349,"Atlanta","FULTON","[""Motor Vehicle in Motion"",""Motor Vehicle in Motion""]",,"[""Motor Vehicle in Motion"",""Motor Vehicle in Motion""]"
0,0,"Gsp Post 00","2022-03-11","I-85 N and Metropolitan Pkwy","(C) Possible Injury / Complaint","Dawn","On Roadway - Non-Intersection","Angle Crash","I-85 N","Dry","06:07:00","[""Lap and Shoulder Belt Used"",""Lap and Shoulder Belt Used"",""Lap and Shoulder Belt Used""]","Cloudy",0,33.683583,-84.409607,"Atlanta","FULTON","[""Motor Vehicle in Motion"",""Motor Vehicle in Motion""]","Failure to Yield","[""Motor Vehicle in Motion"",""Motor Vehicle in Motion""]"
0,0,"Gsp Post 00","2022-03-11","I-85 Sb and Armour Drive","(O) No Injury","Daylight","On Roadway - Non-Intersection","Rear End","I-85 Sb","Dry","14:10:00","[""Lap and Shoulder Belt Used"",""Lap and Shoulder Belt Used"",""Lap and Shoulder Belt Used""]","Clear",0,33.811106,-84.372762,"Atlanta","FULTON","[""Motor Vehicle in Motion"",""Motor Vehicle in Motion"",""Motor Vehicle in Motion""]","Following Too Close","[""Motor Vehicle in Motion"",""Motor Vehicle in Motion"",""Motor Vehicle in Motion""]"
0,0,"Gsp Post 00","2022-03-11","Ga 280 and Baker Ridge Drive","(O) No Injury","Daylight","On Roadway - Non-Intersection","Rear End","Ga 280","Wet","12:50:00","[""Unknown"",""Lap and Shoulder Belt Used"",""Lap and Shoulder Belt Used""]","Cloudy",0,33.770794,-84.473403,"Atlanta","FULTON","[""Motor Vehicle in Motion"",""Motor Vehicle in Motion"",""Motor Vehicle in Motion""]","Following Too Close","[""Motor Vehicle in Motion"",""Motor Vehicle in Motion"",""Motor Vehicle in Motion""]"
0,0,"Atlanta Police Department","2022-03-11","Forsyth St Sw and Trinity Ave Sw","(O) No Injury","Dark-Lighted","On Roadway - Roadway Intersection","Rear End","Forsyth St Sw","Water (standing or moving)","23:10:00","[""Lap and Shoulder Belt Used"",""Lap and Shoulder Belt Used""]","Rain",0,33.750543,-84.395159,"Atlanta","FULTON","[""Motor Vehicle in Motion"",""Motor Vehicle in Motion""]","Following Too Close","[""Motor Vehicle in Motion"",""Motor Vehicle in Motion""]"
0,0,"Fulton Co Sheriff's Office","2022-03-11","I 85 Sb and Interstate 75","(O) No Injury","Daylight","On Roadway - Non-Intersection","Not a Collision with Motor Vehicle","I 85 Sb","Dry","13:15:00","[""Unknown"",""Lap and Shoulder Belt Used""]","Clear",0,33.801602,-84.388074,"Atlanta","FULTON","[""Motor Vehicle in Motion"",""Motor Vehicle in Motion""]",,"[""Motor Vehicle in Motion"",""Motor Vehicle in Motion""]"
0,0,"Gsp Post 00","2022-03-11","Dodson Drive and Langford Parkway Eastbound","(O) No Injury","Daylight","On Roadway - Non-Intersection","Rear End","Langford Parkway Eastbound","Dry","15:55:00","[""Lap and Shoulder Belt Used"",""Lap and Shoulder Belt Used"",""Lap and Shoulder Belt Used""]","Cloudy",0,33.69808,-84.468267,"East Point","FULTON","[""Motor Vehicle in Motion"",""Motor Vehicle in Motion"",""Motor Vehicle in Motion""]","Following Too Close","[""Motor Vehicle in Motion"",""Motor Vehicle in Motion"",""Motor Vehicle in Motion""]"
0,0,"Atlanta Police Department","2022-03-11","Fox St Nw and Oliver St Nw","(O) No Injury","Dark-Lighted","Off Roadway","Rear End","Fox St Nw","Dry","00:00:00","Lap and Shoulder Belt Used","Cloudy",0,33.772195,-84.415818,"Atlanta","FULTON","[""Parked Motor Vehicle"",""Motor Vehicle in Motion""]","Driver Condition","[""Parked Motor Vehicle"",""Motor Vehicle in Motion""]"
0,0,"Atlanta Police Department","2022-03-11","North Ave Ne and W Peachtree St Nw","(C) Possible Injury / Complaint","Daylight","On Roadway - Roadway Intersection","Rear End","North Ave Ne","Dry","14:17:00","[""Unknown"",""Unknown""]","Cloudy",0,33.771307,-84.386204,"Atlanta","FULTON","[""Motor Vehicle in Motion"",""Motor Vehicle in Motion""]","Following Too Close","[""Motor Vehicle in Motion"",""Motor Vehicle in Motion""]"
0,0,"Atlanta Police Department","2022-03-11","I-75 and John Wesley Dobbs Ave Ne","(C) Possible Injury / Complaint","Dark-Lighted","On Roadway - Non-Intersection","Sideswipe-Same Direction","I-75","Wet","20:30:00","[""Unknown"",""Unknown"",""Unknown""]","Rain",0,33.757983,-84.378938,"Atlanta","FULTON","[""Motor Vehicle in Motion"",""Motor Vehicle in Motion""]","[""Failure to Yield"",""Changed Lanes Improperly""]","[""Motor Vehicle in Motion"",""Motor Vehicle in Motion""]"
0,0,"Atlanta Police Department","2022-03-11","Sawtell Ave Se and Charleston Ave Se","(C) Possible Injury / Complaint","Daylight","On Roadway - Non-Intersection","Rear End","Sawtell Ave Se","Dry","16:20:00","[""Unknown"",""Unknown"",""Unknown"",""Unknown"",""Unknown"",""Unknown"",""Unknown"",""Unknown"",""Unknown"",""Unknown"",""Unknown"",""Unknown"",""Unknown"",""Unknown""]","Cloudy",0,33.70594,-84.377453,"Atlanta","FULTON","[""Motor Vehicle in Motion"",""Motor Vehicle in Motion""]","Following Too Close","[""Motor Vehicle in Motion"",""Motor Vehicle in Motion""]"
0,0,"Atlanta Police Department","2022-03-11","I-75 and Fulton St Sw","(O) No Injury","Daylight","On Roadway - Non-Intersection","Rear End","I-75","Dry","16:10:00","[""Unknown"",""Unknown"",""Unknown""]","Clear",0,33.741001,-84.392047,"Atlanta","FULTON","[""Motor Vehicle in Motion"",""Motor Vehicle in Motion"",""Motor Vehicle in Motion""]",,"[""Motor Vehicle in Motion"",""Motor Vehicle in Motion"",""Motor Vehicle in Motion""]"
0,0,"Atlanta Police Department","2022-03-11","Johnson Rd Nw and N Eugenia Pl Nw","(O) No Injury","Daylight","On Roadway - Roadway Intersection","Angle Crash","N Eugenia Pl Nw","Dry","13:24:00","[""Unknown"",""Unknown""]","Clear",0,33.783539,-84.452113,"Atlanta","FULTON","[""Motor Vehicle in Motion"",""Motor Vehicle in Motion""]","Failure to Yield","Motor Vehicle in Motion"
0,0,"Gsp Post 00","2022-03-11","Fair Dr and I-7585 N","(O) No Injury","Dawn","On Roadway - Non-Intersection","Rear End","I-7585 N","Dry","07:14:00","[""Lap and Shoulder Belt Used"",""Lap and Shoulder Belt Used""]","Cloudy",0,33.707026,-84.403104,"Atlanta","FULTON","[""Motor Vehicle in Motion"",""Motor Vehicle in Motion""]","Improper Backing","[""Motor Vehicle in Motion"",""Motor Vehicle in Motion""]"
0,0,"Atlanta Police Department","2022-03-11","Wimbledon Rd Ne and Windemere Dr Ne","(O) No Injury","Dark-Lighted","On Roadway - Driveway Intersection","Sideswipe-Opposite Direction","Windemere Dr Ne","Dry","02:27:00","[""Unknown"",""Unknown""]","Cloudy",0,33.805182,-84.365036,"Atlanta","FULTON","[""Motor Vehicle in Motion"",""Motor Vehicle in Motion"",""Parked Motor Vehicle""]","Aggressive Driving","[""Motor Vehicle in Motion"",""Parked Motor Vehicle""]"
0,0,"Atlanta Police Department","2022-03-11","I-75 Sb and Northside Dr Sw","(O) No Injury","Dark-Not Lighted","On Roadway - Non-Intersection","Not a Collision with Motor Vehicle","Northside Dr Sw","Water (standing or moving)","23:51:00","[""Unknown"",""Unknown""]","Rain",0,33.750131,-84.403696,"Atlanta","FULTON","Motor Vehicle in Motion",,"Motor Vehicle in Motion"
0,0,"Atlanta Police Department","2022-03-11","4Th St Ne and Peachtree St Ne","(C) Possible Injury / Complaint","Daylight","On Roadway - Roadway Intersection","Angle Crash","Peachtree St Ne","Dry","12:00:00","[""None Used"",""Lap and Shoulder Belt Used""]","Clear",0,33.774907,-84.384654,"Atlanta","FULTON","[""Motor Vehicle in Motion"",""Motor Vehicle in Motion""]","[""Failure to Yield"",""Misjudged Clearance""]","[""Motor Vehicle in Motion"",""Motor Vehicle in Motion""]"
0,0,"Gsp Post 00","2022-03-11","I-20Wb and Martin Luther King Jr Dr Sw","(C) Possible Injury / Complaint","Daylight","On Roadway - Non-Intersection","Sideswipe-Same Direction","I-20Wb","Dry","11:15:00","[""Unknown"",""Lap and Shoulder Belt Used""]","Cloudy",0,33.750796,-84.453154,"Atlanta","FULTON","[""Motor Vehicle in Motion"",""Motor Vehicle in Motion""]",,"[""Motor Vehicle in Motion"",""Median Barrier""]"
0,0,"Atlanta Police Department","2022-03-11","None and Exit 244 Rp","(O) No Injury","Dawn","On Roadway - Non-Intersection","Angle Crash","Exit 244 Rp","Dry","06:00:00","[""Lap and Shoulder Belt Used"",""Lap and Shoulder Belt Used""]","Clear",0,33.720745,-84.395274,"Atlanta","FULTON","[""Motor Vehicle in Motion"",""Motor Vehicle in Motion""]","Improper Backing","[""Motor Vehicle in Motion"",""Motor Vehicle in Motion""]"
0,0,"Gsp Post 00","2022-03-11","I-7585 North and Edgewood Avenue","(O) No Injury","Daylight","On Roadway - Non-Intersection","Sideswipe-Same Direction","I-7585 North","Dry","15:50:00","[""Lap and Shoulder Belt Used"",""Lap and Shoulder Belt Used"",""Lap and Shoulder Belt Used""]","Cloudy",0,33.754374,-84.378362,"Atlanta","FULTON","[""Motor Vehicle in Motion"",""Motor Vehicle in Motion"",""Motor Vehicle in Motion""]","Changed Lanes Improperly","[""Motor Vehicle in Motion"",""Motor Vehicle in Motion"",""Motor Vehicle in Motion""]"
0,0,"Atlanta Police Department","2022-03-11","Thurmond St Nw and Northside Dr Nw","(O) No Injury","Daylight","On Roadway - Non-Intersection","Rear End","Northside Dr Nw","Dry","09:00:00","[""Lap and Shoulder Belt Used"",""Lap and Shoulder Belt Used""]","Cloudy",0,33.761526,-84.402748,"Atlanta","FULTON","[""Motor Vehicle in Motion"",""Motor Vehicle in Motion""]","Following Too Close","[""Motor Vehicle in Motion"",""Motor Vehicle in Motion""]"
0,0,"Atlanta Police Department","2022-03-11","Gennessee Ave Sw and Metropolitan Pkwy Sw","(O) No Injury","Daylight","On Roadway - Driveway Intersection","Rear End","Metropolitan Pkwy Sw","Dry","07:59:00","[""Lap and Shoulder Belt Used"",""Child Restraint System (Properly Used)"",""Lap and Shoulder Belt Used""]","Cloudy",0,33.716121,-84.407888,"Atlanta","FULTON","[""Motor Vehicle in Motion"",""Motor Vehicle in Motion""]","Following Too Close","[""Motor Vehicle in Motion"",""Motor Vehicle in Motion""]"
0,0,"Atlanta Police Department","2022-03-11","Piedmont Rd Ne and Lindbergh Way Ne","(C) Possible Injury / Complaint","Daylight","On Roadway - Non-Intersection","Sideswipe-Same Direction","Piedmont Rd Ne","Dry","11:30:00","[""Unknown"",""Unknown"",""Unknown""]","Cloudy",0,33.820565,-84.367561,"Atlanta","FULTON","[""Motor Vehicle in Motion"",""Motor Vehicle in Motion""]",,"[""Motor Vehicle in Motion"",""Motor Vehicle in Motion""]"
0,0,"Gsp Post 00","2022-03-11","I-285 and I-20 East","(O) No Injury","Daylight","On Roadway - Non-Intersection","Sideswipe-Same Direction","I-20 East","Dry","14:15:00","[""Unknown"",""Lap and Shoulder Belt Used"",""Lap and Shoulder Belt Used""]","Cloudy",0,33.765008,-84.493853,"Atlanta","FULTON","[""Motor Vehicle in Motion"",""Motor Vehicle in Motion""]",,"[""Motor Vehicle in Motion"",""Motor Vehicle in Motion""]"
0,0,"Atlanta Police Department","2022-03-11","Fairview Rd Ne and Ponce De Leon Ave Ne","(C) Possible Injury / Complaint","Daylight","On Roadway - Non-Intersection","Angle Crash","Ponce De Leon Ave Ne","Dry","10:30:00","[""Unknown"",""Unknown"",""Unknown""]","Clear",0,33.773929,-84.337443,"Atlanta","DEKALB","[""Motor Vehicle in Motion"",""Motor Vehicle in Motion""]","Changed Lanes Improperly","[""Motor Vehicle in Motion"",""Motor Vehicle in Motion""]"
0,0,"Atlanta Police Department","2022-03-11","W Whitehall St Sw and Ralph David Abernathy Blvd Sw","(O) No Injury","Dark-Not Lighted","On Roadway - Roadway Intersection","Sideswipe-Same Direction","Ralph David Abernathy Blvd Sw","Dry","16:30:00","[""Lap and Shoulder Belt Used"",""Lap and Shoulder Belt Used""]","Cloudy",0,33.738237,-84.41314,"Atlanta","FULTON","[""Motor Vehicle in Motion"",""Motor Vehicle in Motion""]","Improper Turn","[""Motor Vehicle in Motion"",""Motor Vehicle in Motion""]"
0,0,"Atlanta Police Department","2022-03-11","10Th St Nw and Northside Dr Nw","(C) Possible Injury / Complaint","Daylight","On Roadway - Non-Intersection","Angle Crash","10Th St Nw","Dry","09:55:00","[""Lap and Shoulder Belt Used"",""Lap and Shoulder Belt Used""]","Cloudy",0,33.781562,-84.407908,"Atlanta","FULTON","[""Motor Vehicle in Motion"",""Motor Vehicle in Motion""]","Failure to Yield","[""Motor Vehicle in Motion"",""Motor Vehicle in Motion""]"
0,0,"Atlanta Police Department","2022-03-11","Hightower Rd and Martin Luther King Jr Dr Sw","(O) No Injury","Daylight","On Roadway - Non-Intersection","Sideswipe-Same Direction","Hightower Rd","Dry","15:30:00","[""Unknown"",""Unknown""]","Cloudy",0,33.751881,-84.467451,"Atlanta","FULTON","[""Motor Vehicle in Motion"",""Motor Vehicle in Motion""]","[""Improper Backing"",""Driver Lost Control""]","[""Motor Vehicle in Motion"",""Motor Vehicle in Motion""]"
0,0,"Atlanta Police Department","2022-03-11","None and I-20","(O) No Injury","Dark-Not Lighted","Median","Not a Collision with Motor Vehicle","I-20","Dry","03:45:00","Unknown","Clear",0,33.742528,-84.404206,"Atlanta","FULTON","Median Barrier","Driver Lost Control","Median Barrier"
0,0,"Atlanta Police Department","2022-03-11","Delowe Dr Sw and Campbellton Rd Sw","(O) No Injury","Daylight","On Roadway - Roadway Intersection","Sideswipe-Same Direction","Campbellton Rd Sw","Dry","15:34:00","[""Lap and Shoulder Belt Used"",""Unknown"",""Unknown""]","Clear",0,33.706445,-84.457459,"Atlanta","FULTON","[""Motor Vehicle in Motion"",""Motor Vehicle in Motion""]","Wrong Side of Road","[""Motor Vehicle in Motion"",""Motor Vehicle in Motion""]"
0,0,"Gsp Post 00","2022-03-11","Edgewood and I-7585 Sb","(O) No Injury","Daylight","On Roadway - Non-Intersection","Sideswipe-Same Direction","I-7585 Sb","Dry","16:11:00","[""Unknown"",""Lap and Shoulder Belt Used""]","Clear",0,33.745098,-84.389775,"Atlanta","FULTON","[""Motor Vehicle in Motion"",""Motor Vehicle in Motion""]","Changed Lanes Improperly","[""Motor Vehicle in Motion"",""Motor Vehicle in Motion""]"
0,0,"Atlanta Police Department","2022-03-11","Cascade Ave Sw and Ralph David Abernathy Blvd Sw","(O) No Injury","Dark-Lighted","On Roadway - Roadway Intersection","Rear End","Cascade Ave Sw","Dry","21:17:00","[""Unknown"",""Unknown""]","Clear",0,33.738796,-84.433673,"Atlanta","FULTON","[""Motor Vehicle in Motion"",""Motor Vehicle in Motion""]","Improper Backing","[""Motor Vehicle in Motion"",""Motor Vehicle in Motion""]"
0,1,"Atlanta Police Department","2022-03-11","Hamilton E Holmes Dr Nw and Donald Lee Hollowell Pkwy Nw","(B) Suspected Minor/Visible Injury","Dark-Lighted","On Roadway - Roadway Intersection","Angle Crash","Hamilton E Holmes Dr Nw","Water (standing or moving)","23:35:00","[""Lap and Shoulder Belt Used"",""Lap and Shoulder Belt Used""]","Rain",0,33.776314,-84.47372,"Atlanta","FULTON","[""Motor Vehicle in Motion"",""Motor Vehicle in Motion""]","Disregard Other Traffic Control","[""Motor Vehicle in Motion"",""Motor Vehicle in Motion""]"
0,0,"Atlanta Police Department","2022-03-11","Springside Dr Se and Browns Mill Rd Se","(O) No Injury","Daylight","On Roadway - Roadway Intersection","Sideswipe-Same Direction","Browns Mill Rd Se","Dry","16:33:00","[""Lap and Shoulder Belt Used"",""Lap and Shoulder Belt Used""]","Clear",0,33.676474,-84.384209,"Atlanta","FULTON","[""Motor Vehicle in Motion"",""Motor Vehicle in Motion""]","Improper Turn","[""Motor Vehicle in Motion"",""Motor Vehicle in Motion""]"
0,0,"Atlanta Police Department","2022-03-11","I-75 and Crown Rd Se","(C) Possible Injury / Complaint","Daylight","Entrance/Exit Ramp","Rear End","I-75","Dry","09:45:00","[""Lap and Shoulder Belt Used"",""Lap and Shoulder Belt Used""]","Cloudy",0,33.652982,-84.396285,"Atlanta","FULTON","[""Motor Vehicle in Motion"",""Motor Vehicle in Motion""]","Misjudged Clearance","[""Motor Vehicle in Motion"",""Motor Vehicle in Motion""]"
0,0,"Atlanta Police Department","2022-03-11","Courtland St Ne and John Wesley Dobbs Ave Ne","(O) No Injury","Daylight","On Roadway - Non-Intersection","Sideswipe-Same Direction","Courtland St Ne","Dry","11:00:00","[""Lap and Shoulder Belt Used"",""Lap and Shoulder Belt Used""]","Clear",0,33.757587,-84.384234,"Atlanta","FULTON","[""Motor Vehicle in Motion"",""Motor Vehicle in Motion""]","Changed Lanes Improperly","[""Motor Vehicle in Motion"",""Motor Vehicle in Motion""]"
0,0,"Atlanta Police Department","2022-03-11","Exit 60A and Moreland Ave Se","(O) No Injury","Dark-Lighted","Entrance/Exit Ramp","Rear End","Moreland Ave Se","Dry","19:30:00","[""Unknown"",""Unknown""]","Cloudy",0,33.743947,-84.349235,"Atlanta","FULTON","[""Motor Vehicle in Motion"",""Motor Vehicle in Motion""]","Following Too Close","[""Motor Vehicle in Motion"",""Motor Vehicle in Motion""]"
0,0,"South Fulton Police Department","2022-03-11","I20 Eb and Fulton Industrial Blvd Sw","(C) Possible Injury / Complaint","Daylight","On Roadway - Non-Intersection","Rear End","I20 Eb","Dry","14:48:00","[""Lap and Shoulder Belt Used"",""Lap and Shoulder Belt Used"",""Lap and Shoulder Belt Used"",""Lap and Shoulder Belt Used""]","Cloudy",0,33.765139,-84.513734,"Atlanta","FULTON","[""Motor Vehicle in Motion"",""Motor Vehicle in Motion"",""Motor Vehicle in Motion""]","Following Too Close","[""Motor Vehicle in Motion"",""Motor Vehicle in Motion"",""Motor Vehicle in Motion""]"