"# Serious Injuries","# Visible Injuries","Agency Name (Crash Level) ","Date","Intersection Name (from Crash Report)","KABCO Severity","Light Conditions (Crash Level)","Location at Impact (Crash Level) ","Manner of Collision (Crash Level) ","Roadway (From Crash Report)","Surface Condition (Crash Level) ","Time","Safety Equipment (Crash Level) ","Weather Conditions (Crash Level)","# of Fatalities per Crash","Latitude","Longitude","Geolocated City","Geolocated County","First Harmful Event (Unit Order)","Operator/Pedestrian Contrib Factor (excl None, Other, No Contrib Factors)","Most Harmful Event (Crash Level)"
0,0,"Atlanta Police Department","2022-03-11","Carnegie Way Nw and Ted Turner Dr Nw","(O) No Injury","Daylight","On Roadway - Roadway Intersection","Sideswipe-Same Direction","Ted Turner Dr Nw","Dry","14:40:00","[""Unknown"",""Unknown"",""Unknown""]","Cloudy",0,33.75926,-84.389453,"Atlanta","FULTON","[""Motor Vehicle in Motion"",""Motor Vehicle in Motion""]","Changed Lanes Improperly","[""Motor Vehicle in Motion"",""Motor Vehicle in Motion""]"
0,0,"Atlanta Police Department","2022-03-11","Cedar Ave Nw and Donald Lee Hollowell Pkwy Nw","(O) No Injury","Daylight","On Roadway - Non-Intersection","Sideswipe-Same Direction","Donald Lee Hollowell Pkwy Nw","Dry","13:50:00","[""Unknown"",""Unknown"",""Unknown"",""Unknown"",""Unknown"",""Unknown"",""Unknown"",""Unknown"",""Unknown"",""Unknown"",""Unknown"",""Unknown"",""Unknown"",""Unknown"",""Unknown"",""Unknown"",""Unknown"",""Unknown"",""Unknown"",""Unknown"",""Unknown"",""Unknown"",""Unknown"",""Unknown"",""Unknown"",""Unknown"",""Unknown"",""Unknown"",""Unknown"",""Unknown"",""Unknown"",""Unknown"",""Unknown"",""Unknown"",""Unknown"",""Unknown"",""Unknown"",""Unknown"",""Unknown"",""Unknown"",""Unknown"",""Unknown"",""Unknown""]","Clear",0,33.776684,-84.464841,"Atlanta","FULTON","[""Motor Vehicle in Motion"",""Motor Vehicle in Motion""]","[""Under the Influence (U.I.)"",""Misjudged Clearance""]","[""Motor Vehicle in Motion"",""Motor Vehicle in Motion""]"
0,0,"Atlanta Police Department","2022-03-11","Murphy Ave Sw and Whitehall St Sw","(O) No Injury","Dark-Lighted","On Roadway - Roadway Intersection","Rear End","Whitehall St Sw","Dry","19:01:00","[""Unknown"",""Booster Seat (Properly Used)"",""Lap and Shoulder Belt Used"",""Unknown"",""Lap and Shoulder Belt Used"",""Unknown"",""Unknown""]","Clear",0,33.741268,-84.411015,"Atlanta","FULTON","[""Motor Vehicle in Motion"",""Parked Motor Vehicle""]","Following Too Close","[""Motor Vehicle in Motion"",""Motor Vehicle in Motion""]"
0,0,"Atlanta Police Department","2022-03-11","None and I-20","(O) No Injury","Dark-Lighted","On Roadway - Driveway Intersection","Sideswipe-Same Direction","I-20","Wet","23:45:00","[""Unknown"",""Lap and Shoulder Belt Used""]","Rain",0,33.74106,-84.329785,"Atlanta","DEKALB","[""Motor Vehicle in Motion"",""Motor Vehicle in Motion""]","Changed Lanes Improperly","[""Motor Vehicle in Motion"",""Motor Vehicle in Motion""]"
0,0,"Atlanta Police Department","2022-03-11","Pharr Rd Ne and Old Decatur Rd Ne","(C) Possible Injury / Complaint","Dark-Lighted","On Roadway - Non-Intersection","Angle Crash","Old Decatur Rd Ne","Dry","00:37:00","[""Unknown"",""Unknown"",""Unknown""]","Clear",0,33.837057,-84.373117,"Atlanta","FULTON","[""Motor Vehicle in Motion"",""Motor Vehicle in Motion""]","[""Improper Turn"",""Other Activity - Mobile Device (Distracted)"",""Failure to Yield""]","[""Motor Vehicle in Motion"",""Motor Vehicle in Motion""]"
0,0,"Atlanta Police Department","2022-03-11","Collier Rd Nw and Chattahoochee Ave Nw","(O) No Injury","Dark-Lighted","Off Roadway","Not a Collision with Motor Vehicle","Chattahoochee Ave Nw","Dry","00:00:00","Unknown","Clear",0,33.808137,-84.435318,"Atlanta","FULTON","Utility Pole","Driver Lost Control","Utility Pole"
0,0,"Gsp Post 00","2022-03-11","Ga-166 and I-285 North","(O) No Injury","Daylight","On Roadway - Non-Intersection","Rear End","I-285 North","Dry","09:15:00","[""Lap and Shoulder Belt Used"",""Lap and Shoulder Belt Used""]","Cloudy",0,33.69021,-84.499934,"Atlanta","FULTON","[""Motor Vehicle in Motion"",""Motor Vehicle in Motion""]","Following Too Close","[""Motor Vehicle in Motion"",""Motor Vehicle in Motion""]"
0,0,"Atlanta Police Department","2022-03-11","Memorial Dr Se and Moreland Ave Se","(O) No Injury","Daylight","On Roadway - Non-Intersection","Rear End","Moreland Ave Se","Dry","17:20:00","[""Shoulder Belt Only Used"",""Lap and Shoulder Belt Used""]","Clear",0,33.74733,-84.349215,"Atlanta","FULTON","[""Motor Vehicle in Motion"",""Motor Vehicle in Motion""]","Following Too Close","[""Motor Vehicle in Motion"",""Motor Vehicle in Motion""]"
0,0,"Atlanta Police Department","2022-03-11","Wilson Mill Rd Sw and Wildwood Lake Dr Sw","(O) No Injury","Daylight","On Roadway - Roadway Intersection","Sideswipe-Opposite Direction","Wildwood Lake Dr Sw","Dry","14:21:00","[""Lap and Shoulder Belt Used"",""Lap and Shoulder Belt Used""]","Cloudy",0,33.744512,-84.516878,"Atlanta","FULTON","[""Motor Vehicle in Motion"",""Motor Vehicle in Motion""]",,"[""Motor Vehicle in Motion"",""Motor Vehicle in Motion""]"
0,0,"Gsp Post 00","2022-03-11","Pryor Rd and 7585 North","(O) No Injury","Daylight","On Roadway - Non-Intersection","Rear End","7585 North","Dry","12:10:00","[""Lap Belt Only Used"",""Lap and Shoulder Belt Used""]","Cloudy",0,33.729945,-84.392478,"Atlanta","FULTON","[""Motor Vehicle in Motion"",""Motor Vehicle in Motion""]","Following Too Close","[""Motor Vehicle in Motion"",""Motor Vehicle in Motion""]"
0,0,"Atlanta Police Department","2022-03-11","Northside Dr Sw and Greensferry Ave Sw","(O) No Injury","Daylight","On Roadway - Driveway Intersection","Head On","Greensferry Ave Sw","Dry","15:30:00","[""Lap and Shoulder Belt Used"",""Lap and Shoulder Belt Used""]","Clear",0,33.746272,-84.406582,"Atlanta","FULTON","[""Motor Vehicle in Motion"",""Motor Vehicle in Motion""]","Failure to Yield","[""Motor Vehicle in Motion"",""Motor Vehicle in Motion""]"
0,0,"Atlanta Police Department","2022-03-12","None and Conley Rd Se","(O) No Injury","Daylight","On Roadway - Non-Intersection","Angle Crash","Conley Rd Se","Dry","11:42:00","[""Unknown"",""Lap and Shoulder Belt Used"",""Lap and Shoulder Belt Used""]","Clear",0,33.648558,-84.364311,"Atlanta","FULTON","[""Motor Vehicle in Motion"",""Motor Vehicle in Motion""]","Improper Passing","[""Motor Vehicle in Motion"",""Motor Vehicle in Motion""]"
0,0,"Atlanta Police Department","2022-03-12","Wieuca Rd Ne and Phipps Blvd Ne","(O) No Injury","Daylight","On Roadway - Non-Intersection","Angle Crash","Wieuca Rd Ne","Dry","15:30:00","[""Lap and Shoulder Belt Used"",""Lap and Shoulder Belt Used""]","Clear",0,33.855381,-84.360652,"Atlanta","FULTON","[""Motor Vehicle in Motion"",""Motor Vehicle in Motion""]",,"[""Motor Vehicle in Motion"",""Motor Vehicle in Motion""]"
0,0,"Atlanta Police Department","2022-03-12","Roswell Rd Ne and E Paces Ferry Rd Ne","(O) No Injury","Dark-Lighted","On Roadway - Roadway Intersection","Angle Crash","E Paces Ferry Rd Ne","Dry","05:50:00","[""Unknown"",""Unknown""]","Rain",0,33.839417,-84.37984,"Atlanta","FULTON","[""Motor Vehicle in Motion"",""Motor Vehicle in Motion""]","[""Misjudged Clearance"",""Failure to Yield""]","[""Motor Vehicle in Motion"",""Motor Vehicle in Motion""]"
0,0,"Atlanta Police Department","2022-03-12","Brownlee Rd Nw and Martin Luther King Jr Dr Sw","(C) Possible Injury / Complaint","Daylight","On Roadway - Roadway Intersection","Angle Crash","Brownlee Rd Nw","Dry","17:00:00","[""Unknown"",""Unknown"",""Unknown"",""Unknown""]","Clear",0,33.755743,-84.5002,"Atlanta","FULTON","[""Motor Vehicle in Motion"",""Motor Vehicle in Motion"",""Motor Vehicle in Motion""]","Failure to Yield","[""Motor Vehicle in Motion"",""Motor Vehicle in Motion"",""Motor Vehicle in Motion""]"
0,0,"Atlanta Police Department","2022-03-12","I-75 and Andrew Young International Blvd Ne","(O) No Injury","Dark-Lighted","Off Roadway","Not a Collision with Motor Vehicle","I-75","Wet","05:00:00","Unknown","Rain",0,33.759977,-84.379919,"Atlanta","FULTON","Other - Fixed Object","Driver Lost Control","Other - Fixed Object"
0,0,"Atlanta Police Department","2022-03-12","Peachtree Rd Ne and W Shadowlawn Ave Ne","(C) Possible Injury / Complaint","Dark-Not Lighted","Off Roadway","Angle Crash","Peachtree Rd Ne","Water (standing or moving)","00:00:00","[""Unknown"",""Unknown"",""Unknown"",""Unknown"",""Unknown"",""Unknown""]","Rain",0,33.841499,-84.374809,"Atlanta","FULTON","[""Other - Fixed Object"",""Motor Vehicle in Motion"",""Other - Fixed Object"",""Other - Fixed Object""]","Improper Backing","[""Motor Vehicle in Motion"",""Other - Fixed Object"",""Parked Motor Vehicle"",""Motor Vehicle in Motion""]"
0,0,"Atlanta Police Department","2022-03-12","Pelton Pl Nw and North Ave Nw","(O) No Injury","Daylight","On Roadway - Non-Intersection","Rear End","North Ave Nw","Dry","16:41:00","[""Unknown"",""Unknown"",""Unknown"",""Unknown"",""Unknown"",""Unknown"",""Child Restraint System (Properly Used)""]","Clear",0,33.768526,-84.452698,"Atlanta","FULTON","[""Motor Vehicle in Motion"",""Parked Motor Vehicle""]","Improper Backing","[""Motor Vehicle in Motion"",""Parked Motor Vehicle""]"
0,0,"Atlanta Police Department","2022-03-12","North Ave Ne and Peachtree St Ne","(O) No Injury","Daylight","On Roadway - Roadway Intersection","Angle Crash","Peachtree St Ne","Dry","13:55:00","[""Lap and Shoulder Belt Used"",""Lap and Shoulder Belt Used""]","Clear",0,33.771286,-84.384966,"Atlanta","FULTON","[""Motor Vehicle in Motion"",""Motor Vehicle in Motion""]","[""Changed Lanes Improperly"",""Changed Lanes Improperly""]","[""Motor Vehicle in Motion"",""Motor Vehicle in Motion""]"
0,0,"Atlanta Police Department","2022-03-12","None and I-75","(O) No Injury","Dark-Lighted","On Roadway - Non-Intersection","Rear End","I-75","Dry","23:00:00","[""Unknown"",""Unknown"",""Unknown""]","Clear",0,33.748957,-84.383839,"Atlanta","FULTON","[""Motor Vehicle in Motion"",""Motor Vehicle in Motion""]","Following Too Close","[""Motor Vehicle in Motion"",""Motor Vehicle in Motion""]"
0,0,"Atlanta Police Department","2022-03-12","Neal St Nw and Joseph E Lowery Blvd Nw","(O) No Injury","Daylight","On Roadway - Roadway Intersection","Angle Crash","Neal St Nw","Dry","14:51:00","[""Unknown"",""Unknown""]","Clear",0,33.766384,-84.417447,"Atlanta","FULTON","[""Motor Vehicle in Motion"",""Motor Vehicle in Motion""]","Following Too Close","[""Motor Vehicle in Motion"",""Motor Vehicle in Motion""]"
0,0,"Atlanta Police Department","2022-03-12","None and Ralph Mcgill Blvd Ne","(O) No Injury","Daylight","On Roadway - Non-Intersection","Angle Crash","Ralph Mcgill Blvd Ne","Dry","12:23:00","[""Shoulder Belt Only Used"",""Shoulder Belt Only Used""]","Clear",0,33.764001,-84.374639,"Atlanta","FULTON","[""Motor Vehicle in Motion"",""Motor Vehicle in Motion""]","Improper Turn","[""Motor Vehicle in Motion"",""Motor Vehicle in Motion""]"
0,0,"Atlanta Police Department","2022-03-12","None and I-85","(O) No Injury","Daylight","On Roadway - Managed Lane (HOV, HOT, Reversible)","Rear End","I-85","Dry","11:36:00","[""Lap and Shoulder Belt Used"",""Lap and Shoulder Belt Used"",""Lap and Shoulder Belt Used"",""Lap and Shoulder Belt Used""]","Clear",0,33.791791,-84.391122,"Atlanta","FULTON","[""Motor Vehicle in Motion"",""Motor Vehicle in Motion""]","Following Too Close","[""Motor Vehicle in Motion"",""Motor Vehicle in Motion""]"
0,0,"Atlanta Police Department","2022-03-12","Dill Ave Sw and Murphy Ave Sw","(O) No Injury","Daylight","On Roadway - Roadway Intersection","Angle Crash","Murphy Ave Sw","Dry","12:20:00","[""Lap and Shoulder Belt Used"",""Lap and Shoulder Belt Used"",""Child Restraint System (Properly Used)"",""Lap and Shoulder Belt Used""]","Clear",0,33.718365,-84.424256,"Atlanta","FULTON","[""Motor Vehicle in Motion"",""Motor Vehicle in Motion""]","Failure to Yield","[""Motor Vehicle in Motion"",""Motor Vehicle in Motion""]"
0,0,"Atlanta Police Department","2022-03-12","Piedmont Ave Ne and John Wesley Dobbs Ave Ne","(O) No Injury","Dark-Lighted","On Roadway - Non-Intersection","Angle Crash","Piedmont Ave Ne","Dry","04:30:00","[""None Used"",""Lap Belt Only Used""]","Clear",0,33.757094,-84.382228,"Atlanta","FULTON","[""Motor Vehicle in Motion"",""Motor Vehicle in Motion""]","[""Aggressive Driving"",""Aggressive Driving""]","[""Motor Vehicle in Motion"",""Motor Vehicle in Motion""]"
0,0,"Atlanta Police Department","2022-03-12","25Th St Nw and Peachtree St Ne","(C) Possible Injury / Complaint","Dark-Lighted","On Roadway - Non-Intersection","Sideswipe-Same Direction","Peachtree St Ne","Wet","03:10:00","[""Unknown"",""Lap and Shoulder Belt Used"",""Lap and Shoulder Belt Used""]","Rain",0,33.801181,-84.392754,"Atlanta","FULTON","[""Motor Vehicle in Motion"",""Motor Vehicle in Motion""]",,"Motor Vehicle in Motion"
0,0,"Atlanta Police Department","2022-03-12","4Th St Ne and Juniper St Ne","(O) No Injury","Dark-Lighted","On Roadway - Roadway Intersection","Angle Crash","Juniper St Ne","Wet","01:40:00","[""Motorcycle Helmet"",""Unknown""]","Rain",0,33.774814,-84.383077,"Atlanta","FULTON","[""Motor Vehicle in Motion"",""Motor Vehicle in Motion""]",,"[""Motor Vehicle in Motion"",""Motor Vehicle in Motion""]"
0,0,"Atlanta Police Department","2022-03-12","Monroe Dr Ne and Armour Dr Ne","(O) No Injury","Daylight","On Roadway - Driveway Intersection","Angle Crash","Armour Dr Ne","Water (standing or moving)","10:15:00","[""Unknown"",""Unknown"",""Lap and Shoulder Belt Used""]","Clear",0,33.810624,-84.371335,"Atlanta","FULTON","[""Motor Vehicle in Motion"",""Motor Vehicle in Motion""]","Failure to Yield","[""Motor Vehicle in Motion"",""Motor Vehicle in Motion""]"
0,0,"Atlanta Police Department","2022-03-12","None and I-75","(O) No Injury","Dark-Lighted","On Roadway - Managed Lane (HOV, HOT, Reversible)","Not a Collision with Motor Vehicle","I-75","Wet","01:00:00","[""Lap and Shoulder Belt Used"",""Lap and Shoulder Belt Used""]","Rain",0,33.850063,-84.430839,"Atlanta","FULTON","Motor Vehicle in Motion","[""Too Fast for Conditions"",""Exceeding Speed Limit""]","Motor Vehicle in Motion"
0,0,"Atlanta Police Department","2022-03-12","None and I-75","(O) No Injury","Daylight","On Roadway - Non-Intersection","Rear End","I-75","Dry","12:34:00","[""Unknown"",""Unknown""]","Clear",0,33.765057,-84.385344,"Atlanta","FULTON","[""Motor Vehicle in Motion"",""Motor Vehicle in Motion""]","Following Too Close","[""Motor Vehicle in Motion"",""Motor Vehicle in Motion""]"
0,0,"Atlanta Police Department","2022-03-12","Armor Dr and Monroe Dr Ne","(O) No Injury","Dark-Not Lighted","On Roadway - Non-Intersection","Rear End","Monroe Dr Ne","Dry","22:19:00","[""Unknown"",""Unknown""]","Cloudy",0,33.809888,-84.374029,"Atlanta","FULTON","[""Motor Vehicle in Motion"",""Motor Vehicle in Motion""]","Improper Backing","[""Motor Vehicle in Motion"",""Motor Vehicle in Motion""]"
0,0,"Atlanta Police Department","2022-03-12","Fair St Sw and Northside Dr Sw","(O) No Injury","Daylight","On Roadway - Roadway Intersection","Rear End","Fair St Sw","Dry","14:40:00","[""Unknown"",""Unknown""]","Clear",0,33.748912,-84.404534,"Atlanta","FULTON","[""Motor Vehicle in Motion"",""Motor Vehicle in Motion""]","Following Too Close","[""Motor Vehicle in Motion"",""Motor Vehicle in Motion""]"
0,0,"Atlanta Police Department","2022-03-12","None and Martin Luther King Jr Dr Sw","(O) No Injury","Dark-Lighted","On Roadway - Roadway Intersection","Rear End","Martin Luther King Jr Dr Sw","Dry","20:16:00","[""Lap and Shoulder Belt Used"",""Lap and Shoulder Belt Used""]","Clear",0,33.759175,-84.504976,"Atlanta","FULTON","[""Motor Vehicle in Motion"",""Motor Vehicle in Motion""]",,"[""Motor Vehicle in Motion"",""Motor Vehicle in Motion""]"
0,0,"Atlanta Police Department","2022-03-12","Ga-400 and Sidney Marcus Blvd Ne","(O) No Injury","Daylight","On Roadway - Non-Intersection","Sideswipe-Same Direction","Ga-400","Dry","12:00:00","[""Unknown"",""Lap and Shoulder Belt Used""]","Clear",0,33.825515,-84.359972,"Atlanta","FULTON","[""Motor Vehicle in Motion"",""Motor Vehicle in Motion""]","Changed Lanes Improperly","Motor Vehicle in Motion"
0,0,"Atlanta Police Department","2022-03-12","Oak St Sw and Lee St Sw","(C) Possible Injury / Complaint","Dark-Lighted","On Roadway - Roadway Intersection","Rear End","Lee St Sw","Dry","22:38:00","[""Unknown"",""Unknown"",""Unknown""]","Clear",0,33.740633,-84.414044,"Atlanta","FULTON","[""Motor Vehicle in Motion"",""Motor Vehicle in Motion""]","Following Too Close","[""Motor Vehicle in Motion"",""Motor Vehicle in Motion""]"
0,0,"Gsp Post 00","2022-03-12","Aalto Main Nw and Marietta Boulevard Nw","(C) Possible Injury / Complaint","Daylight","On Roadway - Non-Intersection","Angle Crash","Marietta Boulevard Nw","Dry","14:26:00","[""Lap and Shoulder Belt Used"",""Lap and Shoulder Belt Used"",""Lap and Shoulder Belt Used"",""Lap and Shoulder Belt Used"",""Lap and Shoulder Belt Used"",""Lap and Shoulder Belt Used""]","Clear",0,33.791477,-84.429913,"Atlanta","FULTON","[""Motor Vehicle in Motion"",""Motor Vehicle in Motion""]","Failure to Yield","[""Motor Vehicle in Motion"",""Motor Vehicle in Motion""]"
0,0,"Atlanta Police Department","2022-03-12","None and I-75","(O) No Injury","Dark-Lighted","On Roadway - Non-Intersection","Rear End","I-75","Wet","02:25:00","[""Unknown"",""Unknown"",""Unknown""]","Rain",0,33.763149,-84.382727,"Atlanta","FULTON","[""Motor Vehicle in Motion"",""Motor Vehicle in Motion""]",,"[""Motor Vehicle in Motion"",""Motor Vehicle in Motion""]"
0,0,"Atlanta Police Department","2022-03-12","St Charles Pl Ne and N Highland Ave Ne","(O) No Injury","Daylight","On Roadway - Roadway Intersection","Sideswipe-Opposite Direction","N Highland Ave Ne","Dry","18:30:00","[""Unknown"",""Unknown""]","Clear",0,33.775421,-84.352499,"Atlanta","FULTON","[""Motor Vehicle in Motion"",""Motor Vehicle in Motion""]","Changed Lanes Improperly","[""Motor Vehicle in Motion"",""Motor Vehicle in Motion""]"
0,0,"Atlanta Police Department","2022-03-12","None and I-285","(O) No Injury","Daylight","On Roadway - Non-Intersection","Sideswipe-Same Direction","I-285","Dry","13:44:00","[""Unknown"",""Unknown""]","Clear",0,33.695348,-84.500072,"Atlanta","FULTON","[""Motor Vehicle in Motion"",""Motor Vehicle in Motion""]","[""Changed Lanes Improperly"",""Improper Passing""]","[""Motor Vehicle in Motion"",""Motor Vehicle in Motion""]"
0,0,"Atlanta Police Department","2022-03-12","Lynhurst Dr Sw and Martin Luther King Jr Dr Sw","(O) No Injury","Daylight","On Roadway - Driveway Intersection","Angle Crash","Martin Luther King Jr Dr Sw","Dry","08:03:00","[""Unknown"",""Unknown""]","Cloudy",0,33.752467,-84.486601,"Atlanta","FULTON","[""Motor Vehicle in Motion"",""Motor Vehicle in Motion""]","Failure to Yield","[""Motor Vehicle in Motion"",""Motor Vehicle in Motion""]"
0,1,"Atlanta Police Department","2022-03-12","None and I-75","(B) Suspected Minor/Visible Injury","Daylight","On Roadway - Non-Intersection","Angle Crash","I-75","Dry","15:52:00","[""Unknown"",""Unknown"",""Unknown"",""Unknown"",""Unknown""]","Clear",0,33.727072,-84.393761,"Atlanta","FULTON","[""Motor Vehicle in Motion"",""Motor Vehicle in Motion"",""Motor Vehicle in Motion"",""Motor Vehicle in Motion""]","Changed Lanes Improperly","[""Motor Vehicle in Motion"",""Motor Vehicle in Motion"",""Motor Vehicle in Motion"",""Motor Vehicle in Motion""]"
0,0,"Atlanta Police Department","2022-03-12","Trinity Ave Sw and Washington St Sw","(C) Possible Injury / Complaint","Dark-Lighted","On Roadway - Roadway Intersection","Sideswipe-Same Direction","Washington St Sw","Dry","23:30:00","[""Unknown"",""Unknown"",""Unknown""]","Clear",0,33.747816,-84.390204,"Atlanta","FULTON","[""Motor Vehicle in Motion"",""Motor Vehicle in Motion""]",,"[""Motor Vehicle in Motion"",""Motor Vehicle in Motion""]"
0,0,"Atlanta Police Department","2022-03-12","I-75 and Exit 243","(C) Possible Injury / Complaint","Daylight","On Roadway - Non-Intersection","Sideswipe-Same Direction","I-75","Dry","14:30:00","[""Booster Seat (Improperly Used)"",""Shoulder Belt Only Used"",""Shoulder Belt Only Used"",""Shoulder Belt Only Used""]","Clear",0,33.704699,-84.403992,"Atlanta","FULTON","[""Motor Vehicle in Motion"",""Motor Vehicle in Motion""]",,"[""Motor Vehicle in Motion"",""Motor Vehicle in Motion""]"
0,0,"Atlanta Police Department","2022-03-12","None and Martin Luther King Jr Dr Nw","(O) No Injury","Dark-Not Lighted","On Roadway - Non-Intersection","Sideswipe-Same Direction","Martin Luther King Jr Dr Nw","Dry","23:45:00","Lap and Shoulder Belt Used","Clear",0,33.754725,-84.416521,"Atlanta","FULTON","[""Parked Motor Vehicle"",""Motor Vehicle in Motion""]","Driver Lost Control","[""Parked Motor Vehicle"",""Motor Vehicle in Motion""]"
0,0,"Atlanta Police Department","2022-03-12","None and I-20","(C) Possible Injury / Complaint","Daylight","On Roadway - Non-Intersection","Rear End","I-20","Dry","12:38:00","[""Lap and Shoulder Belt Used"",""Lap and Shoulder Belt Used"",""Child Restraint System (Properly Used)"",""Lap and Shoulder Belt Used"",""Lap and Shoulder Belt Used"",""Lap and Shoulder Belt Used""]","Clear",0,33.765805,-84.504457,"Atlanta","FULTON","[""Motor Vehicle in Motion"",""Motor Vehicle in Motion"",""Motor Vehicle in Motion"",""Motor Vehicle in Motion""]","[""Following Too Close"",""Too Fast for Conditions""]","[""Motor Vehicle in Motion"",""Motor Vehicle in Motion"",""Motor Vehicle in Motion"",""Motor Vehicle in Motion""]"
0,0,"Atlanta Police Department","2022-03-12","None and I-75","(O) No Injury","Dark-Lighted","On Roadway - Non-Intersection","Sideswipe-Same Direction","I-75","Dry","22:12:00","Lap and Shoulder Belt Used","Clear",0,33.765822,-84.386519,"Atlanta","FULTON","[""Motor Vehicle in Motion"",""Motor Vehicle in Motion""]","Aggressive Driving","[""Motor Vehicle in Motion"",""Motor Vehicle in Motion""]"
0,0,"Atlanta Police Department","2022-03-12","None and I-75","(C) Possible Injury / Complaint","Daylight","Entrance/Exit Ramp","Rear End","I-75","Dry","12:30:00","[""Lap and Shoulder Belt Used"",""Lap and Shoulder Belt Used"",""Lap and Shoulder Belt Used"",""Lap and Shoulder Belt Used"",""Lap and Shoulder Belt Used"",""Lap and Shoulder Belt Used"",""Lap and Shoulder Belt Used"",""Lap and Shoulder Belt Used""]","Clear",0,33.801386,-84.402068,"Atlanta","FULTON","[""Motor Vehicle in Motion"",""Motor Vehicle in Motion"",""Motor Vehicle in Motion""]","[""Following Too Close"",""Following Too Close""]","[""Motor Vehicle in Motion"",""Motor Vehicle in Motion"",""Motor Vehicle in Motion""]"
0,0,"Atlanta Police Department","2022-03-12","Irwin St Ne and Hilliard St Ne","(O) No Injury","Daylight","On Roadway - Driveway Intersection","Rear End","Irwin St Ne","Dry","08:00:00","[""Lap and Shoulder Belt Used"",""Lap and Shoulder Belt Used""]","Cloudy",0,33.757701,-84.376359,"Atlanta","FULTON","[""Motor Vehicle in Motion"",""Motor Vehicle in Motion""]","Inattentive or Other Distraction (Distracted)","[""Motor Vehicle in Motion"",""Motor Vehicle in Motion""]"
0,0,"Atlanta Police Department","2022-03-12","Headland Dr Sw and Greenbriar Pkwy Sw","(O) No Injury","Daylight","On Roadway - Roadway Intersection","Angle Crash","Greenbriar Pkwy Sw","Dry","18:26:00","[""Unknown"",""Unknown"",""Unknown""]","Clear",0,33.689614,-84.489044,"Atlanta","FULTON","[""Motor Vehicle in Motion"",""Motor Vehicle in Motion""]","Failure to Yield","[""Motor Vehicle in Motion"",""Motor Vehicle in Motion""]"
0,0,"Atlanta Police Department","2022-03-12","None and I-75","(O) No Injury","Dark-Not Lighted","On Roadway - Roadway Intersection","Angle Crash","I-75","Wet","03:30:00","[""Lap and Shoulder Belt Used"",""Lap and Shoulder Belt Used""]","Rain",0,33.700099,-84.404662,"Atlanta","FULTON","[""Motor Vehicle in Motion"",""Motor Vehicle in Motion""]",,"[""Motor Vehicle in Motion"",""Motor Vehicle in Motion""]"
0,0,"Dekalb Co Police Department","2022-03-12","Howard St and Memorial Dr","(O) No Injury","Dark-Lighted","On Roadway - Non-Intersection","Rear End","Memorial Dr","Dry","21:25:00","[""Unknown"",""Unknown""]","Clear",0,33.747407,-84.323689,"Atlanta","DEKALB","[""Motor Vehicle in Motion"",""Motor Vehicle in Motion""]","Following Too Close","[""Motor Vehicle in Motion"",""Motor Vehicle in Motion""]"
0,0,"Atlanta Police Department","2022-03-12","5Th St Ne and Juniper St Ne","(O) No Injury","Daylight","On Roadway - Roadway Intersection","Sideswipe-Same Direction","Juniper St Ne","Dry","13:00:00","[""Lap and Shoulder Belt Used"",""Lap and Shoulder Belt Used""]","Clear",0,33.776035,-84.382961,"Atlanta","FULTON","[""Motor Vehicle in Motion"",""Motor Vehicle in Motion""]",,"[""Motor Vehicle in Motion"",""Motor Vehicle in Motion""]"
0,0,"Atlanta Police Department","2022-03-12","Linden Ave Ne and Peachtree St Ne","(C) Possible Injury / Complaint","Daylight","On Roadway - Roadway Intersection","Sideswipe-Same Direction","Peachtree St Ne","Dry","13:53:00","[""Lap and Shoulder Belt Used"",""Lap and Shoulder Belt Used"",""Lap and Shoulder Belt Used"",""Lap and Shoulder Belt Used"",""Lap and Shoulder Belt Used"",""Lap and Shoulder Belt Used"",""Lap and Shoulder Belt Used""]","Clear",0,33.76982,-84.385124,"Atlanta","FULTON","[""Motor Vehicle in Motion"",""Motor Vehicle in Motion""]",,"[""Motor Vehicle in Motion"",""Motor Vehicle in Motion""]"
0,0,"Atlanta Police Department","2022-03-12","Roswell Rd Ne and E Andrews Dr Nw","(O) No Injury","Dark-Lighted","On Roadway - Non-Intersection","Angle Crash","Roswell Rd Ne","Wet","01:30:00","[""Lap and Shoulder Belt Used"",""Lap and Shoulder Belt Used"",""Lap and Shoulder Belt Used""]","Rain",0,33.844216,-84.379577,"Atlanta","FULTON","[""Motor Vehicle in Motion"",""Motor Vehicle in Motion""]",,"[""Motor Vehicle in Motion"",""Motor Vehicle in Motion""]"
0,0,"Atlanta Police Department","2022-03-12","Pickens St Se and Moreland Ave Se","(O) No Injury","Dark-Lighted","On Roadway - Roadway Intersection","Head On","Moreland Ave Se","Wet","03:30:00","[""Unknown"",""Lap and Shoulder Belt Used""]","Rain",0,33.735784,-84.349312,"Atlanta","FULTON","[""Motor Vehicle in Motion"",""Motor Vehicle in Motion""]","Changed Lanes Improperly","[""Motor Vehicle in Motion"",""Motor Vehicle in Motion""]"