"# Serious Injuries","# Visible Injuries","Agency Name (Crash Level) ","Date","Intersection Name (from Crash Report)","KABCO Severity","Light Conditions (Crash Level)","Location at Impact (Crash Level) ","Manner of Collision (Crash Level) ","Roadway (From Crash Report)","Surface Condition (Crash Level) ","Time","Safety Equipment (Crash Level) ","Weather Conditions (Crash Level)","# of Fatalities per Crash","Latitude","Longitude","Geolocated City","Geolocated County","First Harmful Event (Unit Order)","Operator/Pedestrian Contrib Factor (excl None, Other, No Contrib Factors)","Most Harmful Event (Crash Level)"
0,0,"Atlanta Police Department","2022-03-12","Decatur St Se and Jackson St Se","(O) No Injury","Daylight","On Roadway - Driveway Intersection","Sideswipe-Opposite Direction","Jackson St Se","Dry","17:20:00","Lap and Shoulder Belt Used","Clear",0,33.750703,-84.373569,"Atlanta","FULTON","[""Motor Vehicle in Motion"",""Motor Vehicle in Motion""]","Improper Turn","Motor Vehicle in Motion"
0,0,"Atlanta Police Department","2022-03-12","Simpson St Nw and Ted Turner Dr Nw","(O) No Injury","Daylight","On Roadway - Roadway Intersection","Angle Crash","Ted Turner Dr Nw","Dry","13:45:00","[""Unknown"",""Unknown"",""Lap and Shoulder Belt Used"",""Child Restraint System (Properly Used)"",""Unknown"",""None Used"",""None Used""]","Clear",0,33.763229,-84.389028,"Atlanta","FULTON","[""Motor Vehicle in Motion"",""Motor Vehicle in Motion""]","Improper Turn","[""Motor Vehicle in Motion"",""Motor Vehicle in Motion""]"
0,0,"Atlanta Police Department","2022-03-12","I-85 and Exit 86","(O) No Injury","Dark-Lighted","On Roadway - Non-Intersection","Rear End","I-85","Dry","17:35:00","[""Lap and Shoulder Belt Used"",""Lap and Shoulder Belt Used""]","Clear",0,33.807216,-84.379861,"Atlanta","FULTON","[""Motor Vehicle in Motion"",""Motor Vehicle in Motion""]",,"[""Motor Vehicle in Motion"",""Motor Vehicle in Motion""]"
0,0,"Atlanta Police Department","2022-03-12","Courtland St Ne and John Wesley Dobbs Ave Ne","(O) No Injury","Daylight","On Roadway - Driveway Intersection","Angle Crash","John Wesley Dobbs Ave Ne","Dry","14:31:00","[""Lap and Shoulder Belt Used"",""Lap and Shoulder Belt Used""]","Clear",0,33.757123,-84.384836,"Atlanta","FULTON","[""Motor Vehicle in Motion"",""Motor Vehicle in Motion""]","Misjudged Clearance","[""Motor Vehicle in Motion"",""Motor Vehicle in Motion""]"
0,0,"Atlanta Police Department","2022-03-12","E Wesley Rd Ne and Piedmont Rd Ne","(O) No Injury","Daylight","On Roadway - Roadway Intersection","Rear End","Piedmont Rd Ne","Dry","12:52:00","[""None Used"",""None Used"",""None Used""]","Clear",0,33.831233,-84.36805,"Atlanta","FULTON","[""Motor Vehicle in Motion"",""Motor Vehicle in Motion""]","Following Too Close","[""Motor Vehicle in Motion"",""Motor Vehicle in Motion""]"
0,0,"Atlanta Police Department","2022-03-12","Glenwood Ave Se and Bill Kennedy Way Se","(O) No Injury","Daylight","On Roadway - Non-Intersection","Sideswipe-Same Direction","Glenwood Ave Se","Dry","13:00:00","[""Lap and Shoulder Belt Used"",""Lap and Shoulder Belt Used""]","Clear",0,33.739776,-84.358704,"Atlanta","FULTON","[""Motor Vehicle in Motion"",""Motor Vehicle in Motion""]",,"[""Motor Vehicle in Motion"",""Motor Vehicle in Motion""]"
0,0,"Atlanta Police Department","2022-03-12","Strong St Nw and North Ave Nw","(O) No Injury","Dark-Lighted","On Roadway - Non-Intersection","Sideswipe-Same Direction","North Ave Nw","Dry","23:30:00","[""Unknown"",""Unknown"",""Unknown""]","Clear",0,33.770007,-84.403317,"Atlanta","FULTON","[""Motor Vehicle in Motion"",""Motor Vehicle in Motion""]",,"[""Motor Vehicle in Motion"",""Motor Vehicle in Motion""]"
0,0,"Atlanta Police Department","2022-03-12","14Th St Nw and Techwood Dr Nw","(O) No Injury","Dark-Lighted","On Roadway - Roadway Intersection","Sideswipe-Same Direction","14Th St Nw","Wet","01:48:00","[""Unknown"",""Unknown"",""Unknown"",""Unknown"",""Unknown"",""Unknown"",""Unknown""]","Rain",0,33.786704,-84.391802,"Atlanta","FULTON","[""Motor Vehicle in Motion"",""Motor Vehicle in Motion"",""Motor Vehicle in Motion""]","Changed Lanes Improperly","[""Motor Vehicle in Motion"",""Motor Vehicle in Motion"",""Motor Vehicle in Motion""]"
0,0,"Atlanta Police Department","2022-03-12","None and I-20","(C) Possible Injury / Complaint","Dark-Lighted","On Roadway - Non-Intersection","Sideswipe-Same Direction","I-20","Dry","19:47:00","[""Unknown"",""Unknown""]","Clear",0,33.743309,-84.377335,"Atlanta","FULTON","[""Motor Vehicle in Motion"",""Motor Vehicle in Motion""]",,"[""Motor Vehicle in Motion"",""Motor Vehicle in Motion""]"
0,0,"Atlanta Police Department","2022-03-12","Defoor Cir Nw and Chattahoochee Ave Nw","(O) No Injury","Dark-Lighted","On Roadway - Managed Lane (HOV, HOT, Reversible)","Sideswipe-Same Direction","Chattahoochee Ave Nw","Water (standing or moving)","01:09:00","[""Unknown"",""Unknown"",""Unknown"",""Unknown""]","Rain",0,33.800362,-84.420439,"Atlanta","FULTON","[""Motor Vehicle in Motion"",""Motor Vehicle in Motion""]",,"[""Motor Vehicle in Motion"",""Motor Vehicle in Motion""]"
1,0,"Atlanta Police Department","2022-03-12","Fairburn Rd Sw and Campbellton Rd Sw","(A) Suspected Serious Injury","Daylight","On Roadway - Non-Intersection","Head On","Campbellton Rd Sw","Dry","17:35:00","[""Unknown"",""Unknown"",""Unknown""]","Clear",0,33.690549,-84.510962,"Atlanta","FULTON","[""Motor Vehicle in Motion"",""Motor Vehicle in Motion""]","Failure to Yield","[""Motor Vehicle in Motion"",""Motor Vehicle in Motion""]"
0,0,"Atlanta Police Department","2022-03-12","17Th St Nw and Market St Nw","(C) Possible Injury / Complaint","Dark-Lighted","On Roadway - Roadway Intersection","Rear End","Market St Nw","Dry","01:00:00","[""Unknown"",""Unknown"",""Unknown"",""Unknown"",""Unknown"",""Unknown"",""Unknown""]","Clear",0,33.791432,-84.395107,"Atlanta","FULTON","[""Motor Vehicle in Motion"",""Motor Vehicle in Motion""]","Occupant Distraction (Distracted)","[""Motor Vehicle in Motion"",""Motor Vehicle in Motion""]"
0,0,"Atlanta Police Department","2022-03-12","None and I-75","(O) No Injury","Daylight","On Roadway - Non-Intersection","Rear End","I-75","Dry","16:38:00","[""Lap and Shoulder Belt Used"",""Lap Belt Only Used""]","Clear",0,33.728127,-84.393158,"Atlanta","FULTON","[""Motor Vehicle in Motion"",""Motor Vehicle in Motion""]","Following Too Close","[""Motor Vehicle in Motion"",""Motor Vehicle in Motion""]"
0,0,"Atlanta Police Department","2022-03-12","Early St Nw and W Paces Ferry Rd Nw","(O) No Injury","Dark-Lighted","On Roadway - Non-Intersection","Not a Collision with Motor Vehicle","W Paces Ferry Rd Nw","Wet","02:05:00","Unknown","Rain",0,33.839743,-84.380939,"Atlanta","FULTON","Other Non-Collision","Reckless Driving","Utility Pole"
0,0,"Atlanta Police Department","2022-03-12","None and I-85","(O) No Injury","Daylight","On Roadway - Non-Intersection","Not a Collision with Motor Vehicle","I-85","Dry","18:30:00","[""Lap and Shoulder Belt Used"",""Lap and Shoulder Belt Used""]","Clear",0,33.685146,-84.404701,"Atlanta","FULTON","Other Non-Collision","Driver Lost Control","Guard Rail Fence"
0,0,"Atlanta Police Department","2022-03-12","Oak St Sw and Joseph E Lowery Blvd Sw","(O) No Injury","Dark-Lighted","On Roadway - Non-Intersection","Sideswipe-Same Direction","Joseph E Lowery Blvd Sw","Dry","18:53:00","[""Lap and Shoulder Belt Used"",""Lap and Shoulder Belt Used""]","Clear",0,33.740459,-84.41763,"Atlanta","FULTON","[""Motor Vehicle in Motion"",""Motor Vehicle in Motion""]",,"[""Motor Vehicle in Motion"",""Motor Vehicle in Motion""]"
0,0,"Atlanta Police Department","2022-03-12","Murphy Ave Sw and Ralph David Abernathy Blvd Sw","(C) Possible Injury / Complaint","Dark-Lighted","On Roadway - Roadway Intersection","Angle Crash","Murphy Ave Sw","Water (standing or moving)","00:15:00","[""Unknown"",""Unknown"",""Unknown"",""Unknown"",""Unknown"",""Unknown"",""Unknown"",""Unknown"",""Unknown"",""Unknown"",""Unknown"",""Unknown""]","Rain",0,33.738225,-84.412408,"Atlanta","FULTON","[""Motor Vehicle in Motion"",""Motor Vehicle in Motion""]","Disregard Stop Sign/Signal","[""Motor Vehicle in Motion"",""Motor Vehicle in Motion""]"
0,0,"Atlanta Police Department","2022-03-12","None and I-75","(O) No Injury","Daylight","On Roadway - Non-Intersection","Rear End","I-75","Dry","16:00:00","[""Unknown"",""Unknown"",""Unknown""]","Clear",0,33.747615,-84.386805,"Atlanta","FULTON","[""Motor Vehicle in Motion"",""Motor Vehicle in Motion"",""Motor Vehicle in Motion""]","Vision Obscured","[""Parked Motor Vehicle"",""Motor Vehicle in Motion""]"
0,0,"Atlanta Police Department","2022-03-12","Grant St Sw and Metropolitan Pkwy Sw","(O) No Injury","Dark-Lighted","On Roadway - Non-Intersection","Sideswipe-Same Direction","Metropolitan Pkwy Sw","Dry","18:30:00","[""Unknown"",""Unknown""]","Clear",0,33.702428,-84.40808,"Atlanta","FULTON","[""Motor Vehicle in Motion"",""Motor Vehicle in Motion""]","Changed Lanes Improperly","[""Motor Vehicle in Motion"",""Motor Vehicle in Motion""]"
0,0,"Atlanta Police Department","2022-03-12","Briarcliff Rd Ne and Ponce De Leon Ave Ne","(O) No Injury","Daylight","On Roadway - Driveway Intersection","Angle Crash","Briarcliff Rd Ne","Dry","10:50:00","[""Unknown"",""Unknown""]","Clear",0,33.773834,-84.348982,"Atlanta","FULTON","[""Motor Vehicle in Motion"",""Motor Vehicle in Motion""]","Failure to Yield","[""Motor Vehicle in Motion"",""Motor Vehicle in Motion""]"
0,0,"Atlanta Police Department","2022-03-12","None and I-75","(O) No Injury","Dark-Not Lighted","Entrance/Exit Ramp","Not a Collision with Motor Vehicle","I-75","Water (standing or moving)","23:20:00","Unknown","Clear",0,33.745366,-84.389886,"Atlanta","FULTON","Median Barrier",,"Median Barrier"
0,0,"Atlanta Police Department","2022-03-12","Beechview Dr Se and Moreland Ave Se","(O) No Injury","Dark-Lighted","On Roadway - Roadway Intersection","Sideswipe-Opposite Direction","Moreland Ave Se","Dry","23:40:00","[""Unknown"",""Unknown""]","Clear",0,33.726375,-84.349411,"Atlanta","FULTON","[""Motor Vehicle in Motion"",""Motor Vehicle in Motion""]","Changed Lanes Improperly","[""Motor Vehicle in Motion"",""Motor Vehicle in Motion""]"
0,0,"Atlanta Police Department","2022-03-12","None and I-75","(O) No Injury","Dark-Lighted","Entrance/Exit Ramp","Sideswipe-Same Direction","I-75","Wet","02:30:00","[""Unknown"",""Unknown""]","Rain",0,33.743913,-84.390852,"Atlanta","FULTON","[""Highway Traffic Sign Post"",""Highway Traffic Sign Post""]","Changed Lanes Improperly","[""Motor Vehicle in Motion"",""Motor Vehicle in Motion""]"
0,0,"Atlanta Police Department","2022-03-12","Fairburn Rd Sw and Mt Gilead Rd Sw","(C) Possible Injury / Complaint","Daylight","On Roadway - Roadway Intersection","Angle Crash","Fairburn Rd Sw","Dry","15:20:00","[""Unknown"",""Unknown""]","Clear",0,33.701638,-84.506245,"Atlanta","FULTON","[""Motor Vehicle in Motion"",""Motor Vehicle in Motion""]","Failure to Yield","[""Motor Vehicle in Motion"",""Motor Vehicle in Motion""]"
0,0,"Atlanta Police Department","2022-03-12","None and I-75","(O) No Injury","Dark-Lighted","On Roadway - Non-Intersection","Not a Collision with Motor Vehicle","I-75","Water (standing or moving)","01:00:00","Unknown","Rain",0,33.848551,-84.431037,"Atlanta","FULTON","Motor Vehicle in Motion",,"Motor Vehicle in Motion"
0,0,"Atlanta Police Department","2022-03-12","Colquitt Ave Ne and N Highland Ave Ne","(O) No Injury","Daylight","On Roadway - Roadway Intersection","Angle Crash","Colquitt Ave Ne","Dry","09:15:00","[""Unknown"",""Lap and Shoulder Belt Used""]","Clear",0,33.766617,-84.35314,"Atlanta","FULTON","[""Motor Vehicle in Motion"",""Motor Vehicle in Motion""]","Misjudged Clearance","[""Motor Vehicle in Motion"",""Motor Vehicle in Motion""]"
0,0,"Atlanta Police Department","2022-03-12","16Th St Nw and Fowler St Nw","(C) Possible Injury / Complaint","Dark-Lighted","On Roadway - Driveway Intersection","Angle Crash","16Th St Nw","Dry","19:03:00","[""Unknown"",""Unknown""]","Clear",0,33.790096,-84.393232,"Atlanta","FULTON","[""Motor Vehicle in Motion"",""Motor Vehicle in Motion""]","Failure to Yield","[""Motor Vehicle in Motion"",""Motor Vehicle in Motion""]"
0,0,"Atlanta Police Department","2022-03-12","Ga-400 and Lenox Rd","(O) No Injury","Daylight","On Roadway - Non-Intersection","Sideswipe-Same Direction","Ga-400","Dry","11:30:00","[""Unknown"",""Unknown""]","Clear",0,33.85719,-84.369723,"Atlanta","FULTON","[""Motor Vehicle in Motion"",""Motor Vehicle in Motion""]","Changed Lanes Improperly","[""Motor Vehicle in Motion"",""Motor Vehicle in Motion""]"
0,0,"Atlanta Police Department","2022-03-12","Boulevard Ne and Highland Ave Ne","(O) No Injury","Daylight","On Roadway - Non-Intersection","Sideswipe-Same Direction","Boulevard Ne","Dry","16:38:00","[""Lap and Shoulder Belt Used"",""Lap and Shoulder Belt Used""]","Clear",0,33.761191,-84.372032,"Atlanta","FULTON","[""Motor Vehicle in Motion"",""Motor Vehicle in Motion""]","Failure to Yield","[""Motor Vehicle in Motion"",""Motor Vehicle in Motion""]"
0,0,"Atlanta Police Department","2022-03-12","Lenox Rd Ne and E Paces Ferry Rd Ne","(C) Possible Injury / Complaint","Daylight","On Roadway - Roadway Intersection","Rear End","Lenox Rd Ne","Dry","16:00:00","[""Unknown"",""Lap and Shoulder Belt Used"",""Lap and Shoulder Belt Used""]","Clear",0,33.845978,-84.358871,"Atlanta","FULTON","[""Motor Vehicle in Motion"",""Motor Vehicle in Motion""]","Following Too Close","[""Motor Vehicle in Motion"",""Motor Vehicle in Motion""]"
0,0,"Atlanta Police Department","2022-03-12","Boulevard Se and Mcdonough Blvd Se","(O) No Injury","Daylight","On Roadway - Non-Intersection","Angle Crash","Boulevard Se","Dry","13:00:00","[""Lap and Shoulder Belt Used"",""Lap and Shoulder Belt Used"",""Lap and Shoulder Belt Used""]","Clear",0,33.714086,-84.368599,"Atlanta","FULTON","[""Motor Vehicle in Motion"",""Motor Vehicle in Motion""]","Changed Lanes Improperly","[""Motor Vehicle in Motion"",""Motor Vehicle in Motion""]"
0,0,"Atlanta Police Department","2022-03-12","I-20 Wb and I-285 Sb","(O) No Injury","Daylight","On Roadway - Non-Intersection","Sideswipe-Same Direction","I-20 Wb","Dry","18:14:00","[""Lap and Shoulder Belt Used"",""Lap and Shoulder Belt Used""]","Clear",0,33.760755,-84.484794,"Atlanta","FULTON","[""Motor Vehicle in Motion"",""Motor Vehicle in Motion""]","Changed Lanes Improperly","[""Motor Vehicle in Motion"",""Motor Vehicle in Motion""]"
0,0,"Atlanta Police Department","2022-03-12","I-85 and Cleveland Avenue","(C) Possible Injury / Complaint","Daylight","On Roadway - Non-Intersection","Rear End","I-85","Dry","16:41:00","[""Lap and Shoulder Belt Used"",""Lap and Shoulder Belt Used""]","Clear",0,33.682471,-84.410975,"Atlanta","FULTON","[""Motor Vehicle in Motion"",""Motor Vehicle in Motion""]","Following Too Close","[""Motor Vehicle in Motion"",""Motor Vehicle in Motion""]"
0,0,"Atlanta Police Department","2022-03-12","Princeton Lakes Pkwy and Princeton Lakes Pkwy Sw","(C) Possible Injury / Complaint","Daylight","On Roadway - Non-Intersection","Sideswipe-Same Direction","Princeton Lakes Pkwy Sw","Dry","16:17:00","[""Lap and Shoulder Belt Used"",""Lap and Shoulder Belt Used""]","Clear",0,33.657125,-84.510917,"Atlanta","FULTON","[""Motor Vehicle in Motion"",""Motor Vehicle in Motion""]","Changed Lanes Improperly","[""Motor Vehicle in Motion"",""Motor Vehicle in Motion""]"
0,0,"Atlanta Police Department","2022-03-12","None and I-75","(O) No Injury","Daylight","On Roadway - Non-Intersection","Rear End","I-75","Dry","16:00:00","[""Lap and Shoulder Belt Used"",""Lap and Shoulder Belt Used""]","Clear",0,33.801302,-84.400273,"Atlanta","FULTON","[""Motor Vehicle in Motion"",""Motor Vehicle in Motion""]","Following Too Close","[""Motor Vehicle in Motion"",""Motor Vehicle in Motion""]"
0,0,"Atlanta Police Department","2022-03-12","None and I-20","(O) No Injury","Dark-Lighted","On Roadway - Non-Intersection","Sideswipe-Opposite Direction","I-20","Water (standing or moving)","04:34:00","[""Lap and Shoulder Belt Used"",""Lap and Shoulder Belt Used""]","Cloudy",0,33.762196,-84.487632,"Atlanta","FULTON","[""Motor Vehicle in Motion"",""Motor Vehicle in Motion""]","[""Changed Lanes Improperly"",""Changed Lanes Improperly""]","[""Motor Vehicle in Motion"",""Motor Vehicle in Motion""]"
0,0,"Atlanta Police Department","2022-03-12","Pine St Nw and Spring St Nw","(O) No Injury","Dark-Lighted","On Roadway - Non-Intersection","Angle Crash","Spring St Nw","Water (standing or moving)","00:05:00","[""Unknown"",""Unknown"",""Unknown"",""Unknown"",""Unknown"",""Unknown"",""Unknown""]","Rain",0,33.768726,-84.388894,"Atlanta","FULTON","[""Motor Vehicle in Motion"",""Motor Vehicle in Motion""]","Failure to Yield","[""Motor Vehicle in Motion"",""Motor Vehicle in Motion""]"
0,0,"Atlanta Police Department","2022-03-12","Pharr Rd Ne and Piedmont Rd Ne","(O) No Injury","Daylight","On Roadway - Roadway Intersection","Angle Crash","Piedmont Rd Ne","Dry","11:10:00","[""Lap and Shoulder Belt Used"",""Lap and Shoulder Belt Used"",""Lap and Shoulder Belt Used"",""Lap and Shoulder Belt Used""]","Clear",0,33.836838,-84.368045,"Atlanta","FULTON","[""Motor Vehicle in Motion"",""Motor Vehicle in Motion"",""Motor Vehicle in Motion"",""Motor Vehicle in Motion""]","Failure to Yield","[""Motor Vehicle in Motion"",""Motor Vehicle in Motion"",""Motor Vehicle in Motion"",""Motor Vehicle in Motion""]"
0,0,"Atlanta Police Department","2022-03-12","Boulevard Ne and Ralph Mcgill Blvd Ne","(C) Possible Injury / Complaint","Dark-Lighted","On Roadway - Roadway Intersection","Head On","Ralph Mcgill Blvd Ne","Dry","23:25:00","[""Unknown"",""Lap and Shoulder Belt Used""]","Clear",0,33.763964,-84.371943,"Atlanta","FULTON","[""Motor Vehicle in Motion"",""Motor Vehicle in Motion""]","[""Reckless Driving"",""Driver Lost Control"",""Aggressive Driving""]","[""Motor Vehicle in Motion"",""Motor Vehicle in Motion""]"
0,0,"Atlanta Police Department","2022-03-12","Pine Tree Rd Ne and Arbor Gates Dr Ne","(O) No Injury","Daylight","On Roadway - Driveway Intersection","Rear End","Pine Tree Rd Ne","Dry","15:59:00","Lap and Shoulder Belt Used","Clear",0,33.825926,-84.358094,"Atlanta","FULTON","[""Motor Vehicle in Motion"",""Motor Vehicle in Motion""]","Following Too Close","[""Motor Vehicle in Motion"",""Motor Vehicle in Motion""]"
0,0,"Atlanta Police Department","2022-03-12","Garibaldi St Sw and Ralph David Abernathy Blvd Sw","(C) Possible Injury / Complaint","Dark-Lighted","Off Roadway","Not a Collision with Motor Vehicle","Garibaldi St Sw","Wet","00:00:00","Lap and Shoulder Belt Used","Rain",0,33.737471,-84.399173,"Atlanta","FULTON","Tree","Inattentive or Other Distraction (Distracted)","Tree"
0,0,"Atlanta Police Department","2022-03-12","I-20 and Exit 60B","(O) No Injury","Dark-Lighted","On Roadway - Non-Intersection","Not a Collision with Motor Vehicle","I-20","Water (standing or moving)","03:45:00","[""Unknown"",""Unknown""]","Rain",0,33.745081,-84.350766,"Atlanta","FULTON","Other Non-Collision",,"Median Barrier"
0,0,"Atlanta Police Department","2022-03-12","Ga-400 and Sidney Marcus Blvd Ne","(O) No Injury","Daylight","On Roadway - Non-Intersection","Sideswipe-Same Direction","Ga-400","Water (standing or moving)","10:17:00","[""Unknown"",""Unknown""]","Clear",0,33.824606,-84.359474,"Atlanta","FULTON","[""Motor Vehicle in Motion"",""Motor Vehicle in Motion""]","Improper Passing","[""Motor Vehicle in Motion"",""Motor Vehicle in Motion""]"
0,0,"Atlanta Police Department","2022-03-12","None and Ga-13","(O) No Injury","Dark-Lighted","On Roadway - Non-Intersection","Rear End","Ga-13","Wet","19:30:00","[""Lap and Shoulder Belt Used"",""Lap and Shoulder Belt Used""]","Clear",0,33.811126,-84.370742,"Atlanta","FULTON","[""Motor Vehicle in Motion"",""Motor Vehicle in Motion""]",,"[""Motor Vehicle in Motion"",""Motor Vehicle in Motion""]"
0,0,"Atlanta Police Department","2022-03-12","I-75 and North Ave Nw","(C) Possible Injury / Complaint","Daylight","On Roadway - Non-Intersection","Rear End","I-75","Water (standing or moving)","08:15:00","[""Unknown"",""Lap and Shoulder Belt Used""]","Rain",0,33.772013,-84.390411,"Atlanta","FULTON","[""Motor Vehicle in Motion"",""Motor Vehicle in Motion""]","Following Too Close","Motor Vehicle in Motion"
0,0,"Atlanta Police Department","2022-03-12","Moreland Ave Ne and Ponce De Leon Ave Ne","(O) No Injury","Dark-Lighted","On Roadway - Roadway Intersection","Angle Crash","Ponce De Leon Ave Ne","Dry","20:45:00","[""Lap and Shoulder Belt Used"",""Lap and Shoulder Belt Used""]","Clear",0,33.773833,-84.348946,"Atlanta","DEKALB","[""Motor Vehicle in Motion"",""Motor Vehicle in Motion""]","Inattentive or Other Distraction (Distracted)","[""Motor Vehicle in Motion"",""Motor Vehicle in Motion""]"
0,0,"Atlanta Police Department","2022-03-12","Lucile Ave Sw and Ralph David Abernathy Blvd Sw","(O) No Injury","Daylight","On Roadway - Non-Intersection","Rear End","Ralph David Abernathy Blvd Sw","Dry","09:25:00","[""Unknown"",""Unknown""]","Cloudy",0,33.743015,-84.437439,"Atlanta","FULTON","[""Motor Vehicle in Motion"",""Motor Vehicle in Motion""]","Following Too Close","[""Motor Vehicle in Motion"",""Motor Vehicle in Motion""]"
0,0,"Atlanta Police Department","2022-03-12","Park Dr Ne and Clemont Dr Ne","(O) No Injury","Dark-Not Lighted","Off Roadway","Not a Collision with Motor Vehicle","Park Dr Ne","Dry","21:10:00","Lap and Shoulder Belt Used","Clear",0,33.782868,-84.363548,"Atlanta","FULTON","Tree","Inattentive or Other Distraction (Distracted)","Tree"
0,0,"Atlanta Police Department","2022-03-12","Exit 252A and Northside Dr Nw","(O) No Injury","Dark-Lighted","On Roadway - Driveway Intersection","Sideswipe-Same Direction","Northside Dr Nw","Dry","19:20:00","[""Unknown"",""Lap and Shoulder Belt Used""]","Clear",0,33.803738,-84.407802,"Atlanta","FULTON","[""Motor Vehicle in Motion"",""Motor Vehicle in Motion""]","Changed Lanes Improperly","[""Motor Vehicle in Motion"",""Motor Vehicle in Motion""]"
0,0,"Atlanta Police Department","2022-03-12","Burbank Dr Nw and Mcclure Ave Nw","(O) No Injury","Daylight","On Roadway - Non-Intersection","Rear End","Burbank Dr Nw","Dry","16:53:00","Unknown","Clear",0,33.760043,-84.429272,"Atlanta","FULTON","[""Parked Motor Vehicle"",""Motor Vehicle in Motion"",""Motor Vehicle in Motion""]","Driver Lost Control","[""Parked Motor Vehicle"",""Motor Vehicle in Motion"",""Motor Vehicle in Motion""]"
0,0,"Atlanta Police Department","2022-03-12","I-285 and Langford Pkwy","(C) Possible Injury / Complaint","Dark-Lighted","On Roadway - Non-Intersection","Rear End","I-285","Dry","11:00:00","[""Unknown"",""Unknown"",""Unknown""]","Clear",0,33.689875,-84.499928,"Atlanta","FULTON","[""Motor Vehicle in Motion"",""Motor Vehicle in Motion""]","Following Too Close","Motor Vehicle in Motion"
0,0,"Atlanta Police Department","2022-03-12","None and Miami Cir Ne","(O) No Injury","Dark-Lighted","On Roadway - Non-Intersection","Sideswipe-Same Direction","Miami Cir Ne","Dry","23:38:00","[""Lap and Shoulder Belt Used"",""Lap and Shoulder Belt Used""]","Clear",0,33.830517,-84.36287,"Atlanta","FULTON","[""Motor Vehicle in Motion"",""Motor Vehicle in Motion""]",,"[""Motor Vehicle in Motion"",""Motor Vehicle in Motion""]"
0,0,"Atlanta Police Department","2022-03-12","None and I-285","(C) Possible Injury / Complaint","Daylight","On Roadway - Non-Intersection","Angle Crash","I-285","Dry","12:00:00","[""Lap and Shoulder Belt Used"",""Lap and Shoulder Belt Used"",""Lap and Shoulder Belt Used"",""Lap and Shoulder Belt Used"",""Lap and Shoulder Belt Used""]","Clear",0,33.709274,-84.498133,"Atlanta","FULTON","[""Motor Vehicle in Motion"",""Motor Vehicle in Motion""]","Following Too Close","[""Motor Vehicle in Motion"",""Motor Vehicle in Motion""]"
0,0,"Atlanta Police Department","2022-03-12","None and I-75","(O) No Injury","Dark-Lighted","On Roadway - Non-Intersection","Not a Collision with Motor Vehicle","I-75","Water (standing or moving)","03:50:00","Unknown","Rain",0,33.847966,-84.430914,"Atlanta","FULTON","Motor Vehicle in Motion",,"Motor Vehicle in Motion"
0,0,"Atlanta Police Department","2022-03-12","Bronner Bros Way Sw and Metropolitan Pkwy Sw","(C) Possible Injury / Complaint","Daylight","On Roadway - Roadway Intersection","Angle Crash","Bronner Bros Way Sw","Dry","17:00:00","[""Unknown"",""Unknown"",""Unknown""]","Clear",0,33.736916,-84.408155,"Atlanta","FULTON","[""Motor Vehicle in Motion"",""Motor Vehicle in Motion""]",,"[""Motor Vehicle in Motion"",""Motor Vehicle in Motion""]"
0,0,"Atlanta Police Department","2022-03-12","Peachtree St Ne and W Peachtree St Nw","(O) No Injury","Dark-Lighted","On Roadway - Roadway Intersection","Sideswipe-Same Direction","Peachtree St Ne","Wet","06:04:00","[""Lap and Shoulder Belt Used"",""Lap and Shoulder Belt Used"",""Lap and Shoulder Belt Used""]","Other",0,33.79453,-84.387635,"Atlanta","FULTON","[""Motor Vehicle in Motion"",""Motor Vehicle in Motion""]","[""Changed Lanes Improperly"",""Changed Lanes Improperly""]","[""Motor Vehicle in Motion"",""Motor Vehicle in Motion""]"
0,0,"Atlanta Police Department","2022-03-12","None and I-85","(O) No Injury","Daylight","On Roadway - Non-Intersection","Rear End","I-85","Dry","20:30:00","[""Lap and Shoulder Belt Used"",""Unknown"",""Lap and Shoulder Belt Used"",""Lap and Shoulder Belt Used"",""Lap and Shoulder Belt Used"",""Lap and Shoulder Belt Used""]","Clear",0,33.806588,-84.380661,"Atlanta","FULTON","[""Motor Vehicle in Motion"",""Motor Vehicle in Motion"",""Motor Vehicle in Motion"",""Motor Vehicle in Motion""]","Following Too Close","[""Motor Vehicle in Motion"",""Motor Vehicle in Motion"",""Motor Vehicle in Motion"",""Motor Vehicle in Motion""]"
0,1,"Atlanta Police Department","2022-03-12","Marietta Blvd Nw and Donald Lee Hollowell Pkwy Nw","(B) Suspected Minor/Visible Injury","Dark-Lighted","On Roadway - Roadway Intersection","Not a Collision with Motor Vehicle","Donald Lee Hollowell Pkwy Nw","Wet","00:59:00","[""Lap and Shoulder Belt Used"",""Unknown"",""Unknown"",""Unknown"",""Unknown"",""Unknown"",""Unknown""]","Rain",0,33.772851,-84.425064,"Atlanta","FULTON","Motor Vehicle in Motion","Misjudged Clearance","Motor Vehicle in Motion"
0,0,"Atlanta Police Department","2022-03-12","None and Martin Luther King Jr Dr Sw","(C) Possible Injury / Complaint","Daylight","On Roadway - Non-Intersection","Angle Crash","Martin Luther King Jr Dr Sw","Dry","17:45:00","[""Lap and Shoulder Belt Used"",""Lap and Shoulder Belt Used""]","Clear",0,33.754018,-84.474698,"Atlanta","FULTON","[""Motor Vehicle in Motion"",""Motor Vehicle in Motion""]","Failure to Yield","[""Motor Vehicle in Motion"",""Motor Vehicle in Motion""]"