"# Serious Injuries","# Visible Injuries","Agency Name (Crash Level) ","Date","Intersection Name (from Crash Report)","KABCO Severity","Light Conditions (Crash Level)","Location at Impact (Crash Level) ","Manner of Collision (Crash Level) ","Roadway (From Crash Report)","Surface Condition (Crash Level) ","Time","Safety Equipment (Crash Level) ","Weather Conditions (Crash Level)","# of Fatalities per Crash","Latitude","Longitude","Geolocated City","Geolocated County","First Harmful Event (Unit Order)","Operator/Pedestrian Contrib Factor (excl None, Other, No Contrib Factors)","Most Harmful Event (Crash Level)"
0,0,"Atlanta Police Department","2022-03-13","None and I-285","(C) Possible Injury / Complaint","Dark-Lighted","On Roadway - Non-Intersection","Rear End","I-285","Dry","20:29:00","[""Lap and Shoulder Belt Used"",""Lap and Shoulder Belt Used"",""Lap and Shoulder Belt Used""]","Clear",0,33.682751,-84.500055,"Atlanta","FULTON","[""Motor Vehicle in Motion"",""Motor Vehicle in Motion""]",,"[""Motor Vehicle in Motion"",""Motor Vehicle in Motion""]"
0,0,"Atlanta Police Department","2022-03-13","Krog St Ne and Dekalb Ave Ne","(O) No Injury","Daylight","On Roadway - Roadway Intersection","Rear End","Krog St Ne","Dry","12:00:00","[""Unknown"",""Lap and Shoulder Belt Used""]","Clear",0,33.753491,-84.363868,"Atlanta","FULTON","[""Motor Vehicle in Motion"",""Motor Vehicle in Motion""]","Following Too Close","[""Motor Vehicle in Motion"",""Motor Vehicle in Motion""]"
0,0,"Atlanta Police Department","2022-03-13","Middleton Rd Nw and Martin Luther King Jr Dr Sw","(O) No Injury","Daylight","On Roadway - Non-Intersection","Sideswipe-Same Direction","Martin Luther King Jr Dr Sw","Dry","14:42:00","[""Lap and Shoulder Belt Used"",""Lap and Shoulder Belt Used"",""Lap and Shoulder Belt Used"",""Lap and Shoulder Belt Used"",""Lap and Shoulder Belt Used"",""Lap and Shoulder Belt Used"",""Lap and Shoulder Belt Used"",""Lap and Shoulder Belt Used""]","Clear",0,33.751823,-84.491349,"Atlanta","FULTON","[""Motor Vehicle in Motion"",""Motor Vehicle in Motion""]",,"[""Motor Vehicle in Motion"",""Motor Vehicle in Motion""]"
0,0,"Atlanta Police Department","2022-03-13","Glenn Ave Nw and Defoors Ferry Rd Nw","(O) No Injury","Daylight","On Roadway - Non-Intersection","Sideswipe-Opposite Direction","Defoors Ferry Rd Nw","Dry","18:25:00","[""Lap and Shoulder Belt Used"",""Lap and Shoulder Belt Used""]","Clear",0,33.812334,-84.425581,"Atlanta","FULTON","[""Motor Vehicle in Motion"",""Motor Vehicle in Motion""]","[""Inattentive or Other Distraction (Distracted)"",""Changed Lanes Improperly""]","[""Motor Vehicle in Motion"",""Motor Vehicle in Motion""]"
0,0,"Atlanta Police Department","2022-03-13","10Th St Ne and Peachtree St Ne","(O) No Injury","Daylight","On Roadway - Non-Intersection","Rear End","10Th St Ne","Dry","16:33:00","[""Lap and Shoulder Belt Used"",""Lap and Shoulder Belt Used""]","Clear",0,33.781704,-84.383921,"Atlanta","FULTON","[""Motor Vehicle in Motion"",""Motor Vehicle in Motion""]","Following Too Close","[""Motor Vehicle in Motion"",""Motor Vehicle in Motion""]"
0,0,"Atlanta Police Department","2022-03-13","Peachtree Rd Ne and Peachtree Valley Rd Ne","(C) Possible Injury / Complaint","Dark-Lighted","On Roadway - Roadway Intersection","Angle Crash","Peachtree Rd Ne","Dry","22:30:00","[""Unknown"",""Lap and Shoulder Belt Used""]","Clear",0,33.81098,-84.392493,"Atlanta","FULTON","[""Motor Vehicle in Motion"",""Motor Vehicle in Motion""]","Changed Lanes Improperly","[""Motor Vehicle in Motion"",""Motor Vehicle in Motion""]"
0,0,"Gsp Post 00","2022-03-13","Estes Drive and Sylvan Road","(C) Possible Injury / Complaint","Dark-Lighted","Off Roadway","Angle Crash","Sylvan Road","Dry","20:38:00","[""None Used"",""Lap and Shoulder Belt Used"",""Lap Belt Only Used""]","Clear",0,33.698636,-84.418326,"Atlanta","FULTON","[""Curb"",""Motor Vehicle in Motion""]","[""Disregard Police - Evasion"",""Reckless Driving"",""Disregard Stop Sign/Signal""]","[""Motor Vehicle in Motion"",""Motor Vehicle in Motion""]"
0,0,"Atlanta Police Department","2022-03-13","Langhorn St Sw and Ralph David Abernathy Blvd Sw","(C) Possible Injury / Complaint","Daylight","On Roadway - Non-Intersection","Sideswipe-Same Direction","Ralph David Abernathy Blvd Sw","Dry","18:54:00","[""Lap and Shoulder Belt Used"",""Lap and Shoulder Belt Used"",""Lap and Shoulder Belt Used"",""Lap and Shoulder Belt Used""]","Clear",0,33.739033,-84.432414,"Atlanta","FULTON","[""Motor Vehicle in Motion"",""Motor Vehicle in Motion""]","[""Improper Turn"",""Improper Turn""]","[""Motor Vehicle in Motion"",""Motor Vehicle in Motion""]"
0,0,"Atlanta Police Department","2022-03-13","Ga-13 and Armour Dr Ne","(C) Possible Injury / Complaint","Dark-Lighted","On Roadway - Managed Lane (HOV, HOT, Reversible)","Rear End","Ga-13","Dry","03:06:00","[""Unknown"",""Unknown"",""Unknown""]","Clear",0,33.810892,-84.371448,"Atlanta","FULTON","[""Motor Vehicle in Motion"",""Motor Vehicle in Motion""]","Following Too Close","[""Motor Vehicle in Motion"",""Motor Vehicle in Motion""]"
0,0,"Atlanta Police Department","2022-03-13","None and I-75","(O) No Injury","Daylight","Entrance/Exit Ramp","Rear End","I-75","Dry","14:30:00","[""Lap and Shoulder Belt Used"",""Lap and Shoulder Belt Used""]","Clear",0,33.744008,-84.390772,"Atlanta","FULTON","[""Motor Vehicle in Motion"",""Motor Vehicle in Motion""]","Following Too Close","[""Motor Vehicle in Motion"",""Motor Vehicle in Motion""]"
0,0,"Atlanta Police Department","2022-03-13","Peachtree Center Ave Ne and John Wesley Dobbs Ave Ne","(C) Possible Injury / Complaint","Dark-Lighted","On Roadway - Roadway Intersection","Sideswipe-Same Direction","John Wesley Dobbs Ave Ne","Dry","00:30:00","[""Unknown"",""Unknown"",""Unknown"",""Unknown"",""Unknown""]","Clear",0,33.757143,-84.386084,"Atlanta","FULTON","[""Railway Train/Street Car"",""Railway Train/Street Car"",""Railway Train/Street Car""]","[""Aggressive Driving"",""Under the Influence (U.I.)"",""Reckless Driving""]","[""Motor Vehicle in Motion"",""Motor Vehicle in Motion"",""Motor Vehicle in Motion""]"
0,0,"Atlanta Police Department","2022-03-13","Windsor St Sw and Eugenia St Sw","(K) Fatal Injury","Dark-Lighted","On Roadway - Roadway Intersection","Not a Collision with Motor Vehicle","Eugenia St Sw","Dry","21:55:00","[""Unknown"",""None Used""]","Clear",1,33.7429,-84.398174,"Atlanta","FULTON","[""Pedestrian"",""Motor Vehicle in Motion""]","Failure to Yield","Pedestrian"
0,0,"Atlanta Police Department","2022-03-13","None and I-285","(O) No Injury","Dark-Lighted","On Roadway - Non-Intersection","Rear End","I-285","Dry","23:10:00","[""Unknown"",""Unknown""]","Clear",0,33.752486,-84.495795,"Atlanta","FULTON","[""Motor Vehicle in Motion"",""Motor Vehicle in Motion""]","Following Too Close","[""Motor Vehicle in Motion"",""Motor Vehicle in Motion""]"
0,0,"Atlanta Police Department","2022-03-13","I-75 and I-75 S","(O) No Injury","Daylight","On Roadway - Non-Intersection","Rear End","I-75","Dry","13:20:00","[""Unknown"",""Lap and Shoulder Belt Used""]","Cloudy",0,33.769685,-84.390585,"Atlanta","FULTON","[""Motor Vehicle in Motion"",""Motor Vehicle in Motion""]","Following Too Close","[""Motor Vehicle in Motion"",""Motor Vehicle in Motion""]"
0,0,"Atlanta Police Department","2022-03-13","6Th St Ne and Peachtree St Ne","(O) No Injury","Dark-Lighted","Off Roadway","Angle Crash","Peachtree St Ne","Dry","01:51:00","[""Lap and Shoulder Belt Used"",""Lap and Shoulder Belt Used""]","Clear",0,33.777356,-84.384417,"Atlanta","FULTON","[""Motor Vehicle in Motion"",""Other - Fixed Object""]","[""Failure to Yield"",""Under the Influence (U.I.)""]","[""Motor Vehicle in Motion"",""Motor Vehicle in Motion""]"
0,0,"Atlanta Police Department","2022-03-13","None and Martin Luther King Jr Dr Sw","(O) No Injury","Dark-Lighted","On Roadway - Non-Intersection","Rear End","Martin Luther King Jr Dr Sw","Dry","21:10:00","[""Unknown"",""Unknown""]","Clear",0,33.754346,-84.497302,"Atlanta","FULTON","[""Motor Vehicle in Motion"",""Motor Vehicle in Motion""]","Following Too Close","[""Motor Vehicle in Motion"",""Motor Vehicle in Motion""]"
0,1,"Atlanta Police Department","2022-03-13","Blanton Ave Sw and Palmetto Ave Sw","(B) Suspected Minor/Visible Injury","Dark-Lighted","Off Roadway","Not a Collision with Motor Vehicle","Blanton Ave Sw","Dry","22:05:00","Lap and Shoulder Belt Used","Clear",0,33.690888,-84.524363,"Atlanta","FULTON","Other Non-Collision","Inattentive or Other Distraction (Distracted)","Utility Pole"
0,0,"Atlanta Police Department","2022-03-13","Krog St Ne and Dekalb Ave Ne","(O) No Injury","Daylight","On Roadway - Roadway Intersection","Sideswipe-Same Direction","Krog St Ne","Dry","18:10:00","[""Unknown"",""Unknown""]","Clear",0,33.753491,-84.363868,"Atlanta","FULTON","[""Motor Vehicle in Motion"",""Motor Vehicle in Motion""]","Driver Lost Control","[""Motor Vehicle in Motion"",""Motor Vehicle in Motion""]"
0,0,"Atlanta Police Department","2022-03-13","John Portman Blvd Nw and Centennial Olympic Park Dr Nw","(C) Possible Injury / Complaint","Daylight","On Roadway - Non-Intersection","Angle Crash","Centennial Olympic Park Dr Nw","Dry","16:48:00","[""Lap and Shoulder Belt Used"",""Lap and Shoulder Belt Used"",""Lap and Shoulder Belt Used"",""Child Restraint System (Properly Used)"",""Lap and Shoulder Belt Used""]","Clear",0,33.760364,-84.392069,"Atlanta","FULTON","[""Motor Vehicle in Motion"",""Motor Vehicle in Motion""]","Changed Lanes Improperly","[""Motor Vehicle in Motion"",""Motor Vehicle in Motion""]"
0,0,"Atlanta Police Department","2022-03-13","Fairburn Rd Nw and Martin Luther King Jr Dr Sw","(O) No Injury","Daylight","On Roadway - Roadway Intersection","Angle Crash","Martin Luther King Jr Dr Sw","Dry","15:30:00","[""Unknown"",""Unknown""]","Clear",0,33.759951,-84.505845,"Atlanta","FULTON","[""Motor Vehicle in Motion"",""Motor Vehicle in Motion""]","Failure to Yield","[""Motor Vehicle in Motion"",""Motor Vehicle in Motion""]"
0,0,"Atlanta Police Department","2022-03-13","None and I-75","(O) No Injury","Daylight","On Roadway - Managed Lane (HOV, HOT, Reversible)","Rear End","I-75","Dry","16:00:00","[""Unknown"",""Lap and Shoulder Belt Used"",""Child Restraint System (Properly Used)"",""Child Restraint System (Properly Used)""]","Clear",0,33.780431,-84.390854,"Atlanta","FULTON","[""Motor Vehicle in Motion"",""Motor Vehicle in Motion""]","Following Too Close","[""Motor Vehicle in Motion"",""Motor Vehicle in Motion""]"
0,0,"Atlanta Police Department","2022-03-13","Deering Rd Nw and Northside Dr Nw","(O) No Injury","Daylight","On Roadway - Roadway Intersection","Not a Collision with Motor Vehicle","Deering Rd Nw","Dry","12:55:00","None Used","Clear",0,33.796154,-84.40746,"Atlanta","FULTON","Other Non-Collision",,"Utility Pole"
0,0,"Atlanta Police Department","2022-03-13","None and Ga-400","(O) No Injury","Daylight","On Roadway - Non-Intersection","Rear End","Ga-400","Dry","15:59:00","[""Shoulder Belt Only Used"",""Shoulder Belt Only Used""]","Clear",0,33.829008,-84.360487,"Atlanta","FULTON","[""Motor Vehicle in Motion"",""Motor Vehicle in Motion""]","Following Too Close","[""Motor Vehicle in Motion"",""Motor Vehicle in Motion""]"
0,0,"Atlanta Police Department","2022-03-13","Lovejoy St Nw and Hunnicutt St Nw","Unknown","Dark-Lighted","Off Roadway","Head On","Lovejoy St Nw","Dry","22:47:00",,"Clear",0,33.76686,-84.393066,"Atlanta","FULTON","[""Parked Motor Vehicle"",""Motor Vehicle in Motion"",""Motor Vehicle in Motion""]","Reckless Driving","[""Parked Motor Vehicle"",""Motor Vehicle in Motion"",""Motor Vehicle in Motion""]"
0,0,"Atlanta Police Department","2022-03-13","I-75 and 14Th St Nw","(O) No Injury","Dark-Not Lighted","On Roadway - Non-Intersection","Angle Crash","I-75","Dry","05:36:00","[""Unknown"",""Lap and Shoulder Belt Used""]","Cloudy",0,33.78668,-84.39116,"Atlanta","FULTON","[""Motor Vehicle in Motion"",""Motor Vehicle in Motion""]","Changed Lanes Improperly","[""Motor Vehicle in Motion"",""Motor Vehicle in Motion""]"
0,0,"Atlanta Police Department","2022-03-13","I-75 and I-75 S","(O) No Injury","Dark-Lighted","On Roadway - Managed Lane (HOV, HOT, Reversible)","Rear End","I-75","Dry","20:30:00","[""Lap and Shoulder Belt Used"",""Lap and Shoulder Belt Used"",""Lap and Shoulder Belt Used""]","Clear",0,33.769567,-84.390584,"Atlanta","FULTON","[""Motor Vehicle in Motion"",""Motor Vehicle in Motion""]","Following Too Close","[""Motor Vehicle in Motion"",""Motor Vehicle in Motion""]"
0,0,"Atlanta Police Department","2022-03-13","Huff Rd Nw and Howell Mill Rd Nw","(O) No Injury","Dark-Lighted","On Roadway - Non-Intersection","Sideswipe-Opposite Direction","Howell Mill Rd Nw","Dry","00:00:00","[""Unknown"",""Unknown""]","Cloudy",0,33.787596,-84.411808,"Atlanta","FULTON","[""Motor Vehicle in Motion"",""Motor Vehicle in Motion""]","Misjudged Clearance","[""Motor Vehicle in Motion"",""Motor Vehicle in Motion""]"
0,0,"Atlanta Police Department","2022-03-13","Hobson St Sw and Fletcher St Sw","(O) No Injury","Dark-Lighted","On Roadway - Roadway Intersection","Angle Crash","Hobson St Sw","Dry","03:50:00","[""Lap and Shoulder Belt Used"",""Lap and Shoulder Belt Used"",""Lap and Shoulder Belt Used""]","Clear",0,33.725704,-84.405448,"Atlanta","FULTON","[""Motor Vehicle in Motion"",""Motor Vehicle in Motion""]","Failure to Yield","[""Motor Vehicle in Motion"",""Motor Vehicle in Motion""]"
0,0,"Atlanta Police Department","2022-03-13","None and Ga-13","(O) No Injury","Daylight","Entrance/Exit Ramp","Rear End","Ga-13","Dry","14:30:00","[""Lap and Shoulder Belt Used"",""Lap and Shoulder Belt Used""]","Clear",0,33.806,-84.380549,"Atlanta","FULTON","[""Motor Vehicle in Motion"",""Motor Vehicle in Motion""]","Following Too Close","[""Motor Vehicle in Motion"",""Motor Vehicle in Motion""]"
0,0,"Atlanta Police Department","2022-03-13","Exit 55A and Lucile Ave Sw","(O) No Injury","Dark-Lighted","On Roadway - Roadway Intersection","Rear End","Lucile Ave Sw","Dry","00:00:00","[""Unknown"",""Unknown""]","Clear",0,33.740693,-84.418482,"Atlanta","FULTON","[""Motor Vehicle in Motion"",""Motor Vehicle in Motion""]","Improper Backing","[""Motor Vehicle in Motion"",""Motor Vehicle in Motion""]"
0,0,"Dekalb Co Police Department","2022-03-13","Moreland Ave and Constitution Rd","(C) Possible Injury / Complaint","Dark-Not Lighted","On Roadway - Roadway Intersection","Angle Crash","Moreland Ave","Dry","00:00:00","[""Unknown"",""Unknown"",""Unknown""]","Clear",0,33.692213,-84.349515,"Atlanta","FULTON","[""Motor Vehicle in Motion"",""Motor Vehicle in Motion""]","[""Driver Condition"",""Driver Lost Control"",""Under the Influence (U.I.)""]","[""Motor Vehicle in Motion"",""Motor Vehicle in Motion""]"
0,0,"Gsp Post 00","2022-03-13","Spring Street and I-7585 Northbound Exit 249D","(O) No Injury","Dark-Lighted","Entrance/Exit Ramp","Not a Collision with Motor Vehicle","I-7585 Northbound Exit 249D","Dry","20:22:00","[""None Used"",""Unknown""]","Clear",0,33.769254,-84.389403,"Atlanta","FULTON","Other - Fixed Object","[""Driver Lost Control"",""Disregard Police - Evasion"",""Reckless Driving"",""Too Fast for Conditions""]","Other - Fixed Object"
0,0,"Atlanta Police Department","2022-03-13","None and I-20","(O) No Injury","Dark-Lighted","On Roadway - Non-Intersection","Rear End","I-20","Dry","03:37:00","[""Unknown"",""Unknown"",""Unknown""]","Clear",0,33.744162,-84.355465,"Atlanta","FULTON","[""Motor Vehicle in Motion"",""Motor Vehicle in Motion""]","Changed Lanes Improperly","[""Motor Vehicle in Motion"",""Motor Vehicle in Motion""]"
0,0,"Gsp Post 00","2022-03-14","5Th St and I-7585 N","(O) No Injury","Daylight","On Roadway - Non-Intersection","Sideswipe-Same Direction","I-7585 N","Dry","07:50:00","[""Lap and Shoulder Belt Used"",""Lap and Shoulder Belt Used""]","Clear",0,33.775927,-84.390431,"Atlanta","FULTON","[""Motor Vehicle in Motion"",""Motor Vehicle in Motion""]","Inattentive or Other Distraction (Distracted)","[""Motor Vehicle in Motion"",""Motor Vehicle in Motion""]"
0,0,"Atlanta Police Department","2022-03-14","I-285 W and Forrest Park Rd Se","(C) Possible Injury / Complaint","Dawn","Off Roadway","Not a Collision with Motor Vehicle","Forrest Park Rd Se","Dry","07:30:00","[""Unknown"",""Unknown""]","Clear",0,33.661634,-84.355772,"Atlanta","FULTON","Tree","Inattentive or Other Distraction (Distracted)","Tree"
0,0,"Gsp Post 00","2022-03-14","I-7585 N and University Ave","(O) No Injury","Daylight","On Roadway - Non-Intersection","Angle Crash","I-7585 N","Dry","16:13:00","[""Lap and Shoulder Belt Used"",""Lap and Shoulder Belt Used""]","Clear",0,33.724473,-84.394004,"Atlanta","FULTON","[""Motor Vehicle in Motion"",""Motor Vehicle in Motion""]","Driver Condition","[""Motor Vehicle in Motion"",""Motor Vehicle in Motion""]"
0,0,"Atlanta Police Department","2022-03-14","Peachtree Rd Ne and Brookwood Valley Cir Ne","(O) No Injury","Daylight","On Roadway - Driveway Intersection","Angle Crash","Peachtree Rd Ne","Dry","03:20:00","[""Lap and Shoulder Belt Used"",""Lap and Shoulder Belt Used"",""Lap and Shoulder Belt Used""]","Clear",0,33.809599,-84.393055,"Atlanta","FULTON","[""Motor Vehicle in Motion"",""Motor Vehicle in Motion""]","Failure to Yield","[""Motor Vehicle in Motion"",""Motor Vehicle in Motion""]"
0,0,"Atlanta Police Department","2022-03-14","Auburn Ave Ne and Courtland St Ne","(O) No Injury","Daylight","On Roadway - Roadway Intersection","Rear End","Courtland St Ne","Dry","14:16:00","[""Unknown"",""Unknown""]","Clear",0,33.755554,-84.384268,"Atlanta","FULTON","[""Motor Vehicle in Motion"",""Motor Vehicle in Motion""]",,"[""Motor Vehicle in Motion"",""Motor Vehicle in Motion""]"
0,0,"Atlanta Police Department","2022-03-14","Lindbergh Dr Ne and Sharondale Dr Ne","(C) Possible Injury / Complaint","Daylight","On Roadway - Roadway Intersection","Angle Crash","Lindbergh Dr Ne","Dry","16:40:00","[""Lap and Shoulder Belt Used"",""Lap and Shoulder Belt Used""]","Clear",0,33.821634,-84.375647,"Atlanta","FULTON","[""Motor Vehicle in Motion"",""Motor Vehicle in Motion""]",,"[""Motor Vehicle in Motion"",""Motor Vehicle in Motion""]"
0,0,"Atlanta Police Department","2022-03-14","8Th St Nw and Hemphill Ave Nw","(O) No Injury","Dark-Lighted","On Roadway - Managed Lane (HOV, HOT, Reversible)","Angle Crash","8Th St Nw","Dry","22:48:00","[""Lap and Shoulder Belt Used"",""Lap and Shoulder Belt Used"",""Lap and Shoulder Belt Used"",""Lap and Shoulder Belt Used"",""Lap and Shoulder Belt Used""]","Clear",0,33.779646,-84.402486,"Atlanta","FULTON","[""Motor Vehicle in Motion"",""Motor Vehicle in Motion"",""Motor Vehicle in Motion""]","Failure to Yield","[""Motor Vehicle in Motion"",""Motor Vehicle in Motion"",""Motor Vehicle in Motion""]"
0,0,"Gsp Post 00","2022-03-14","Pine Street and Interstate 7585 North","(O) No Injury","Daylight","On Roadway - Non-Intersection","Rear End","Interstate 7585 North","Dry","06:41:00","[""Lap and Shoulder Belt Used"",""Lap and Shoulder Belt Used""]","Clear",0,33.761551,-84.38068,"Atlanta","FULTON","[""Motor Vehicle in Motion"",""Motor Vehicle in Motion""]","Following Too Close","[""Motor Vehicle in Motion"",""Motor Vehicle in Motion""]"
0,0,"Atlanta Police Department","2022-03-14","Berne St Se and Woodland Ave Se","(O) No Injury","Daylight","On Roadway - Non-Intersection","Head On","Berne St Se","Dry","09:00:00","Lap and Shoulder Belt Used","Clear",0,33.736176,-84.352262,"Atlanta","FULTON","[""Motor Vehicle in Motion"",""Parked Motor Vehicle""]","[""Parked Improperly"",""Vision Obscured""]","[""Motor Vehicle in Motion"",""Parked Motor Vehicle""]"
0,0,"Atlanta Police Department","2022-03-14","Northside Dr Nw and Bellemeade Ave Nw","(O) No Injury","Daylight","On Roadway - Roadway Intersection","Angle Crash","Northside Dr Nw","Dry","09:41:00","[""Lap and Shoulder Belt Used"",""Lap and Shoulder Belt Used""]","Clear",0,33.800274,-84.407828,"Atlanta","FULTON","[""Motor Vehicle in Motion"",""Motor Vehicle in Motion""]",,"[""Motor Vehicle in Motion"",""Motor Vehicle in Motion""]"
0,0,"Atlanta Police Department","2022-03-14","W Wesley Rd Nw and Moores Mill Rd Nw","(O) No Injury","Daylight","On Roadway - Non-Intersection","Rear End","W Wesley Rd Nw","Dry","07:30:00","[""Lap and Shoulder Belt Used"",""Lap and Shoulder Belt Used""]","Clear",0,33.830588,-84.431344,"Atlanta","FULTON","[""Motor Vehicle in Motion"",""Motor Vehicle in Motion""]","Following Too Close","[""Motor Vehicle in Motion"",""Motor Vehicle in Motion""]"
0,0,"Atlanta Police Department","2022-03-14","Spelman Ln Sw and Northside Dr Sw","(C) Possible Injury / Complaint","Daylight","On Roadway - Roadway Intersection","Angle Crash","Northside Dr Sw","Dry","09:17:00","[""Unknown"",""Unknown"",""Unknown"",""Unknown""]","Clear",0,33.744348,-84.408394,"Atlanta","FULTON","[""Motor Vehicle in Motion"",""Motor Vehicle in Motion""]","Improper Turn","[""Motor Vehicle in Motion"",""Motor Vehicle in Motion""]"
0,0,"Atlanta Police Department","2022-03-14","Ellis St Ne and Piedmont Ave Ne","(O) No Injury","Daylight","On Roadway - Roadway Intersection","Rear End","Piedmont Ave Ne","Dry","19:11:00","[""Lap and Shoulder Belt Used"",""Lap and Shoulder Belt Used""]","Clear",0,33.758354,-84.382208,"Atlanta","FULTON","[""Motor Vehicle in Motion"",""Motor Vehicle in Motion""]","Following Too Close","[""Motor Vehicle in Motion"",""Motor Vehicle in Motion""]"
0,0,"Atlanta Police Department","2022-03-14","None and I-285 Rp","(O) No Injury","Dark-Lighted","On Roadway - Managed Lane (HOV, HOT, Reversible)","Sideswipe-Same Direction","I-285 Rp","Dry","21:45:00","[""Lap and Shoulder Belt Used"",""Lap and Shoulder Belt Used"",""Lap and Shoulder Belt Used"",""Lap and Shoulder Belt Used""]","Clear",0,33.766117,-84.494124,"Atlanta","FULTON","[""Motor Vehicle in Motion"",""Motor Vehicle in Motion""]","[""Changed Lanes Improperly"",""Changed Lanes Improperly""]","[""Motor Vehicle in Motion"",""Motor Vehicle in Motion""]"
0,0,"Atlanta Police Department","2022-03-14","May Ave Se and Flat Shoals Ave Se","(O) No Injury","Dark-Lighted","On Roadway - Non-Intersection","Not a Collision with Motor Vehicle","Flat Shoals Ave Se","Dry","00:00:00","Lap and Shoulder Belt Used","Clear",0,33.739058,-84.34399,"Atlanta","DEKALB","Other Non-Collision",,"Utility Pole"
0,0,"Atlanta Police Department","2022-03-14","None and I-75 Hov Lane","(O) No Injury","Daylight","On Roadway - Managed Lane (HOV, HOT, Reversible)","Sideswipe-Same Direction","I-75 Hov Lane","Dry","17:00:00","[""Unknown"",""Lap and Shoulder Belt Used""]","Clear",0,33.653674,-84.395563,"Atlanta","FULTON","[""Motor Vehicle in Motion"",""Motor Vehicle in Motion""]","[""Misjudged Clearance"",""Changed Lanes Improperly""]","[""Motor Vehicle in Motion"",""Motor Vehicle in Motion""]"
0,0,"Atlanta Police Department","2022-03-14","Peachtree St Ne and John Portman Blvd Nw","(O) No Injury","Daylight","Off Roadway","Not a Collision with Motor Vehicle","John Portman Blvd Nw","Dry","16:30:00","[""Unknown"",""Bicycle Helmet""]","Clear",0,33.760986,-84.387606,"Atlanta","FULTON","[""Motor Vehicle in Motion"",""Impact Attenuate""]",,"[""Motor Vehicle in Motion"",""Motor Vehicle in Motion""]"
0,1,"Atlanta Police Department","2022-03-14","None and I-20","(B) Suspected Minor/Visible Injury","Dark-Lighted","On Roadway - Non-Intersection","Sideswipe-Opposite Direction","I-20","Dry","20:28:00","[""Unknown"",""Unknown"",""Unknown""]","Clear",0,33.743844,-84.401467,"Atlanta","FULTON","[""Motor Vehicle in Motion"",""Motor Vehicle in Motion""]","Changed Lanes Improperly","[""Motor Vehicle in Motion"",""Motor Vehicle in Motion""]"
0,0,"Gsp Post 00","2022-03-14","14Th Street and Interstate 7585 Southbound","(O) No Injury","Daylight","On Roadway - Non-Intersection","Rear End","Interstate 7585 Southbound","Dry","16:10:00","[""Lap and Shoulder Belt Used"",""Lap and Shoulder Belt Used"",""Lap and Shoulder Belt Used"",""Lap and Shoulder Belt Used"",""Child Restraint System (Properly Used)"",""Child Restraint System (Properly Used)""]","Clear",0,33.781758,-84.39085,"Atlanta","FULTON","[""Motor Vehicle in Motion"",""Motor Vehicle in Motion""]","Following Too Close","[""Motor Vehicle in Motion"",""Motor Vehicle in Motion""]"
0,0,"Atlanta Police Department","2022-03-14","Fairburn Rd Nw and Fairlane Cir Nw","(O) No Injury","Daylight","On Roadway - Roadway Intersection","Rear End","Fairburn Rd Nw","Dry","12:48:00","[""Lap and Shoulder Belt Used"",""Lap and Shoulder Belt Used"",""Lap and Shoulder Belt Used"",""Lap and Shoulder Belt Used""]","Clear",0,33.768549,-84.500109,"Atlanta","FULTON","[""Motor Vehicle in Motion"",""Motor Vehicle in Motion""]","Following Too Close","[""Motor Vehicle in Motion"",""Motor Vehicle in Motion""]"
0,0,"Atlanta Police Department","2022-03-14","None and Sardis Way Nw","(O) No Injury","Daylight","On Roadway - Non-Intersection","Rear End","Sardis Way Nw","Dry","17:00:00","[""None Used"",""None Used""]","Clear",0,33.840195,-84.378643,"Atlanta","FULTON","[""Motor Vehicle in Motion"",""Motor Vehicle in Motion""]","Following Too Close","[""Motor Vehicle in Motion"",""Motor Vehicle in Motion""]"
0,0,"Gsp Post 00","2022-03-14","I-85 S and Armour Drive","(O) No Injury","Daylight","On Roadway - Non-Intersection","Sideswipe-Same Direction","I-85 S","Dry","16:54:00","[""Lap and Shoulder Belt Used"",""Lap and Shoulder Belt Used"",""Lap and Shoulder Belt Used""]","Clear",0,33.810174,-84.375289,"Atlanta","FULTON","[""Motor Vehicle in Motion"",""Motor Vehicle in Motion""]","Changed Lanes Improperly","[""Motor Vehicle in Motion"",""Motor Vehicle in Motion""]"
0,0,"Atlanta Police Department","2022-03-14","Highland Ave Ne and Glen Iris Dr Ne","(C) Possible Injury / Complaint","Dark-Lighted","On Roadway - Roadway Intersection","Angle Crash","Glen Iris Dr Ne","Dry","23:30:00","[""Shoulder Belt Only Used"",""None Used""]","Clear",0,33.761326,-84.367847,"Atlanta","FULTON","[""Motor Vehicle in Motion"",""Motor Vehicle in Motion""]","Disregard Stop Sign/Signal","[""Motor Vehicle in Motion"",""Motor Vehicle in Motion""]"
0,0,"Gsp Post 00","2022-03-14","University Avenue and I-7585 Northbound","(C) Possible Injury / Complaint","Daylight","On Roadway - Non-Intersection","Rear End","I-7585 Northbound","Dry","17:34:00","[""Lap and Shoulder Belt Used"",""Lap and Shoulder Belt Used"",""Child Restraint System (Properly Used)"",""Lap and Shoulder Belt Used""]","Clear",0,33.724431,-84.393671,"Atlanta","FULTON","[""Motor Vehicle in Motion"",""Motor Vehicle in Motion""]","Following Too Close","[""Motor Vehicle in Motion"",""Motor Vehicle in Motion""]"