"# Serious Injuries","# Visible Injuries","Agency Name (Crash Level) ","Date","Intersection Name (from Crash Report)","KABCO Severity","Light Conditions (Crash Level)","Location at Impact (Crash Level) ","Manner of Collision (Crash Level) ","Roadway (From Crash Report)","Surface Condition (Crash Level) ","Time","Safety Equipment (Crash Level) ","Weather Conditions (Crash Level)","# of Fatalities per Crash","Latitude","Longitude","Geolocated City","Geolocated County","First Harmful Event (Unit Order)","Operator/Pedestrian Contrib Factor (excl None, Other, No Contrib Factors)","Most Harmful Event (Crash Level)"
0,0,"Atlanta Police Department","2022-03-14","Brantley St Ne and Moreland Ave Ne","(O) No Injury","Daylight","On Roadway - Non-Intersection","Rear End","Moreland Ave Ne","Dry","14:00:00","[""Lap and Shoulder Belt Used"",""Lap and Shoulder Belt Used"",""Lap and Shoulder Belt Used""]","Clear",0,33.757363,-84.349211,"Atlanta","FULTON","[""Motor Vehicle in Motion"",""Motor Vehicle in Motion"",""Motor Vehicle in Motion""]","[""Following Too Close"",""Following Too Close""]","[""Motor Vehicle in Motion"",""Motor Vehicle in Motion"",""Motor Vehicle in Motion""]"
0,1,"Atlanta Police Department","2022-03-14","Commercial Ave Nw and Donald Lee Hollowell Pkwy Nw","(B) Suspected Minor/Visible Injury","Daylight","On Roadway - Roadway Intersection","Angle Crash","Donald Lee Hollowell Pkwy Nw","Dry","14:43:00","[""Unknown"",""Unknown""]","Clear",0,33.775293,-84.471169,"Atlanta","FULTON","[""Motor Vehicle in Motion"",""Motor Vehicle in Motion""]","[""Failure to Yield"",""Improper Turn""]","[""Motor Vehicle in Motion"",""Motor Vehicle in Motion""]"
0,1,"Gsp Post 00","2022-03-14","Lenox Road and Georgia 400 Nb","(B) Suspected Minor/Visible Injury","Daylight","On Roadway - Non-Intersection","Sideswipe-Same Direction","Georgia 400 Nb","Dry","07:55:00","[""Lap and Shoulder Belt Used"",""Lap and Shoulder Belt Used"",""Lap and Shoulder Belt Used"",""Lap and Shoulder Belt Used""]","Clear",0,33.853497,-84.369685,"Atlanta","FULTON","[""Motor Vehicle in Motion"",""Motor Vehicle in Motion""]","[""Changed Lanes Improperly"",""Driver Lost Control""]","[""Motor Vehicle in Motion"",""Motor Vehicle in Motion""]"
0,0,"Atlanta Police Department","2022-03-14","Paces Ferry Rd Nw and Nancy Creek Rd Nw","(O) No Injury","Daylight","On Roadway - Roadway Intersection","Sideswipe-Opposite Direction","Nancy Creek Rd Nw","Dry","09:04:00","[""Lap and Shoulder Belt Used"",""Lap and Shoulder Belt Used""]","Clear",0,33.857129,-84.443826,"Atlanta","FULTON","[""Motor Vehicle in Motion"",""Motor Vehicle in Motion""]","Improper Turn","[""Motor Vehicle in Motion"",""Motor Vehicle in Motion""]"
0,0,"Gsp Post 00","2022-03-14","I-7585 Conn S and Entrance Ramp To I-20 W","(O) No Injury","Daylight","Entrance/Exit Ramp","Sideswipe-Same Direction","I-7585 Conn S","Dry","10:46:00","[""Lap and Shoulder Belt Used"",""Lap and Shoulder Belt Used""]","Clear",0,33.745274,-84.397288,"Atlanta","FULTON","[""Motor Vehicle in Motion"",""Motor Vehicle in Motion""]","[""Failure to Yield"",""Changed Lanes Improperly""]","[""Motor Vehicle in Motion"",""Motor Vehicle in Motion""]"
0,0,"Atlanta Police Department","2022-03-14","None and Stratford Rd Ne","(O) No Injury","Daylight","On Roadway - Non-Intersection","Sideswipe-Opposite Direction","Stratford Rd Ne","Dry","09:00:00","[""Unknown"",""Unknown""]","Clear",0,33.850107,-84.367395,"Atlanta","FULTON","[""Motor Vehicle in Motion"",""Motor Vehicle in Motion""]",,"[""Motor Vehicle in Motion"",""Motor Vehicle in Motion""]"
0,0,"South Fulton Police Department","2022-03-14","Newhalem St Sw and Fairburn Rd Sw","(O) No Injury","Daylight","On Roadway - Roadway Intersection","Angle Crash","Fairburn Rd Sw","Dry","16:23:00","[""Unknown"",""Lap and Shoulder Belt Used""]","Clear",0,33.718957,-84.507986,"South Fulton","FULTON","[""Other/Unknown"",""Motor Vehicle in Motion""]",,"Motor Vehicle in Motion"
0,0,"Atlanta Police Department","2022-03-14","Memorial Dr Se and Moreland Ave Se","(O) No Injury","Daylight","On Roadway - Roadway Intersection","Angle Crash","Memorial Dr Se","Dry","17:00:00","[""Lap and Shoulder Belt Used"",""Lap and Shoulder Belt Used""]","Clear",0,33.747581,-84.349215,"Atlanta","FULTON","[""Motor Vehicle in Motion"",""Motor Vehicle in Motion""]",,"[""Motor Vehicle in Motion"",""Motor Vehicle in Motion""]"
0,0,"Atlanta Police Department","2022-03-14","Eastland Rd Se and Moreland Ave Se","(C) Possible Injury / Complaint","Daylight","On Roadway - Non-Intersection","Sideswipe-Same Direction","Moreland Ave Se","Dry","07:53:00","[""Unknown"",""Lap and Shoulder Belt Used"",""None Used"",""None Used""]","Clear",0,33.720111,-84.349496,"Atlanta","FULTON","[""Motor Vehicle in Motion"",""Motor Vehicle in Motion""]","Misjudged Clearance","[""Motor Vehicle in Motion"",""Motor Vehicle in Motion""]"
0,0,"Gsp Post 00","2022-03-14","7585 North and Edgewoood Ave","(O) No Injury","Daylight","On Roadway - Non-Intersection","Sideswipe-Same Direction","7585 North","Dry","12:46:00","[""Unknown"",""Lap and Shoulder Belt Used""]","Clear",0,33.754374,-84.378362,"Atlanta","FULTON","[""Motor Vehicle in Motion"",""Motor Vehicle in Motion""]",,"[""Motor Vehicle in Motion"",""Motor Vehicle in Motion""]"
0,0,"Atlanta Police Department","2022-03-14","Fulton Ter Se and Chester Ave Se","(O) No Injury","Daylight","On Roadway - Driveway Intersection","Not a Collision with Motor Vehicle","Fulton Ter Se","Dry","17:50:00","Lap and Shoulder Belt Used","Clear",0,33.749014,-84.359179,"Atlanta","FULTON","[""Motor Vehicle in Motion"",""Motor Vehicle in Motion""]","Failure to Yield","Motor Vehicle in Motion"
0,0,"Gsp Post 00","2022-03-14","I-7585 Nb and Edgewood Avenue","(O) No Injury","Daylight","On Roadway - Non-Intersection","Rear End","I-7585 Nb","Dry","07:41:00","[""Lap and Shoulder Belt Used"",""Lap and Shoulder Belt Used"",""Child Restraint System (Properly Used)"",""Child Restraint System (Properly Used)""]","Clear",0,33.750241,-84.381537,"Atlanta","FULTON","[""Motor Vehicle in Motion"",""Motor Vehicle in Motion""]","Following Too Close","[""Motor Vehicle in Motion"",""Motor Vehicle in Motion""]"
0,0,"Atlanta Police Department","2022-03-14","Boulevard Se and Rosalia St Se","(O) No Injury","Daylight","On Roadway - Roadway Intersection","Angle Crash","Rosalia St Se","Dry","15:40:00","[""Lap and Shoulder Belt Used"",""Lap and Shoulder Belt Used""]","Clear",0,33.738864,-84.368177,"Atlanta","FULTON","[""Motor Vehicle in Motion"",""Motor Vehicle in Motion""]",,"[""Motor Vehicle in Motion"",""Motor Vehicle in Motion""]"
0,0,"Gsp Post 00","2022-03-14","None and Ramp To I-7585 From I-20","(O) No Injury","Daylight","On Roadway - Non-Intersection","Sideswipe-Same Direction","Ramp To I-7585 From I-20","Dry","15:35:00","[""Lap and Shoulder Belt Used"",""Lap and Shoulder Belt Used""]","Clear",0,33.745269,-84.389667,"Atlanta","FULTON","[""Motor Vehicle in Motion"",""Motor Vehicle in Motion""]","Improper Passing","[""Motor Vehicle in Motion"",""Motor Vehicle in Motion""]"
0,0,"Atlanta Police Department","2022-03-14","Sheridan Dr Ne and Peachtree Rd Nw","(O) No Injury","Daylight","On Roadway - Roadway Intersection","Angle Crash","Peachtree Rd Nw","Dry","09:00:00","[""Lap and Shoulder Belt Used"",""Lap and Shoulder Belt Used""]","Clear",0,33.833181,-84.383708,"Atlanta","FULTON","[""Motor Vehicle in Motion"",""Motor Vehicle in Motion""]","Changed Lanes Improperly","[""Motor Vehicle in Motion"",""Motor Vehicle in Motion""]"
0,0,"Gsp Post 00","2022-03-14","None and I-20 Entrance Ramp To I-7585","(O) No Injury","Daylight","Entrance/Exit Ramp","Rear End","I-20 Entrance Ramp To I-7585","Dry","15:16:00","[""Lap and Shoulder Belt Used"",""Lap and Shoulder Belt Used"",""Lap and Shoulder Belt Used""]","Clear",0,33.746931,-84.387726,"Atlanta","FULTON","[""Motor Vehicle in Motion"",""Motor Vehicle in Motion""]","Following Too Close","[""Motor Vehicle in Motion"",""Motor Vehicle in Motion""]"
0,0,"Gsp Post 00","2022-03-15","I-85 Northbound and Cleveland Avenue Off Ramp","(O) No Injury","Daylight","On Shoulder","Not a Collision with Motor Vehicle","I-85 Northbound","Wet","18:45:00","[""Lap and Shoulder Belt Used"",""Lap and Shoulder Belt Used""]","Rain",0,33.683528,-84.409709,"Atlanta","FULTON","Median Barrier","Driver Lost Control","Median Barrier"
0,0,"Atlanta Police Department","2022-03-15","Ridgeway Ave Nw and Howell Mill Rd Nw","(O) No Injury","Daylight","On Roadway - Non-Intersection","Angle Crash","Howell Mill Rd Nw","Dry","10:00:00","[""Lap and Shoulder Belt Used"",""Lap and Shoulder Belt Used""]","Clear",0,33.802241,-84.415004,"Atlanta","FULTON","[""Motor Vehicle in Motion"",""Motor Vehicle in Motion""]","Failure to Yield","[""Motor Vehicle in Motion"",""Motor Vehicle in Motion""]"
0,0,"Atlanta Police Department","2022-03-15","Hurt St Ne and Dekalb Ave Ne","(O) No Injury","Daylight","On Roadway - Non-Intersection","Angle Crash","Hurt St Ne","Water (standing or moving)","18:00:00","[""Lap and Shoulder Belt Used"",""Lap and Shoulder Belt Used""]","Cloudy",0,33.756946,-84.353669,"Atlanta","FULTON","[""Motor Vehicle in Motion"",""Motor Vehicle in Motion""]","Improper Turn","[""Motor Vehicle in Motion"",""Motor Vehicle in Motion""]"
0,0,"Gsp Post 00","2022-03-15","North Avenue and Jospeh E. Lowery Blvd","(O) No Injury","Daylight","On Roadway - Non-Intersection","Angle Crash","Jospeh E. Lowery Blvd","Dry","11:10:00","[""Lap and Shoulder Belt Used"",""Lap and Shoulder Belt Used""]","Cloudy",0,33.769074,-84.417418,"Atlanta","FULTON","[""Motor Vehicle in Motion"",""Motor Vehicle in Motion""]",,"[""Motor Vehicle in Motion"",""Motor Vehicle in Motion""]"
0,0,"Atlanta Police Department","2022-03-15","Macon Dr Sw and Cleveland Ave Se","(C) Possible Injury / Complaint","Dusk","On Roadway - Managed Lane (HOV, HOT, Reversible)","Rear End","Cleveland Ave Se","Wet","19:00:00","[""Unknown"",""Unknown""]","Rain",0,33.681106,-84.388565,"Atlanta","FULTON","[""Motor Vehicle in Motion"",""Motor Vehicle in Motion""]","Following Too Close","[""Motor Vehicle in Motion"",""Motor Vehicle in Motion""]"
0,0,"Atlanta Police Department","2022-03-15","10Th St Nw and Williams St Nw","(C) Possible Injury / Complaint","Dark-Lighted","On Roadway - Roadway Intersection","Rear End","10Th St Nw","Dry","11:30:00","[""Lap and Shoulder Belt Used"",""Lap and Shoulder Belt Used"",""Lap and Shoulder Belt Used""]","Clear",0,33.782049,-84.391937,"Atlanta","FULTON","[""Motor Vehicle in Motion"",""Motor Vehicle in Motion"",""Motor Vehicle in Motion""]","Following Too Close","[""Motor Vehicle in Motion"",""Motor Vehicle in Motion"",""Motor Vehicle in Motion""]"
0,0,"Atlanta Police Department","2022-03-15","None and I-75","(O) No Injury","Dark-Lighted","On Roadway - Non-Intersection","Sideswipe-Same Direction","I-75","Dry","05:47:00","[""Unknown"",""Unknown"",""Unknown""]","Clear",0,33.7171,-84.398047,"Atlanta","FULTON","[""Motor Vehicle in Motion"",""Motor Vehicle in Motion"",""Motor Vehicle in Motion""]","[""Changed Lanes Improperly"",""Changed Lanes Improperly""]","[""Motor Vehicle in Motion"",""Motor Vehicle in Motion"",""Motor Vehicle in Motion""]"
0,0,"Gsp Post 00","2022-03-15","I-85Sb and Armour Dr","(O) No Injury","Daylight","On Roadway - Non-Intersection","Rear End","I-85Sb","Wet","18:20:00","[""Lap and Shoulder Belt Used"",""Lap and Shoulder Belt Used""]","Rain",0,33.81123,-84.372405,"Atlanta","FULTON","[""Motor Vehicle in Motion"",""Motor Vehicle in Motion""]","Following Too Close","[""Motor Vehicle in Motion"",""Motor Vehicle in Motion""]"
0,0,"Atlanta Police Department","2022-03-15","I-285 Sb and Donald Lee Hollowell Pkwy Nw","(C) Possible Injury / Complaint","Dark-Lighted","On Roadway - Roadway Intersection","Not a Collision with Motor Vehicle","Donald Lee Hollowell Pkwy Nw","Wet","20:27:00","[""Unknown"",""None Used""]","Rain",0,33.787262,-84.493705,"Atlanta","FULTON","[""Pedestrian"",""Motor Vehicle in Motion""]","Failure to Yield",
0,0,"Atlanta Police Department","2022-03-15","Armand Rd Ne and Lindbergh Dr Ne","(O) No Injury","Daylight","On Roadway - Non-Intersection","Angle Crash","Lindbergh Dr Ne","Dry","13:16:00","[""Lap and Shoulder Belt Used"",""Lap and Shoulder Belt Used"",""Lap and Shoulder Belt Used"",""Lap and Shoulder Belt Used"",""Lap and Shoulder Belt Used""]","Cloudy",0,33.820364,-84.357247,"Atlanta","FULTON","[""Motor Vehicle in Motion"",""Motor Vehicle in Motion""]","Failure to Yield","[""Motor Vehicle in Motion"",""Motor Vehicle in Motion""]"
0,0,"Atlanta Police Department","2022-03-15","Fulton Industrial Blvd Nw and Donald Lee Hollowell Pkwy Nw","(C) Possible Injury / Complaint","Daylight","On Roadway - Roadway Intersection","Angle Crash","Donald Lee Hollowell Pkwy Nw","Dry","11:50:00","[""Lap and Shoulder Belt Used"",""Lap and Shoulder Belt Used""]","Cloudy",0,33.789926,-84.496183,"Atlanta","FULTON","[""Motor Vehicle in Motion"",""Motor Vehicle in Motion""]","Failure to Yield","[""Motor Vehicle in Motion"",""Motor Vehicle in Motion""]"
0,0,"Gsp Post 00","2022-03-15","I-7585 North and University Ave","(O) No Injury","Dark-Lighted","On Roadway - Non-Intersection","Rear End","I-7585 North","Dry","06:38:00","[""Lap and Shoulder Belt Used"",""Lap and Shoulder Belt Used"",""Lap and Shoulder Belt Used""]","Clear",0,33.716543,-84.398276,"Atlanta","FULTON","[""Motor Vehicle in Motion"",""Motor Vehicle in Motion""]","Following Too Close","[""Motor Vehicle in Motion"",""Motor Vehicle in Motion""]"
0,1,"Atlanta Police Department","2022-03-15","College Ave Ne and Rockyford Rd Ne","(B) Suspected Minor/Visible Injury","Daylight","On Roadway - Roadway Intersection","Angle Crash","College Ave Ne","Dry","12:13:00","[""Unknown"",""Unknown"",""Unknown"",""Child Restraint System (Properly Used)""]","Clear",0,33.762445,-84.319578,"Atlanta","DEKALB","[""Motor Vehicle in Motion"",""Motor Vehicle in Motion""]",,"[""Motor Vehicle in Motion"",""Motor Vehicle in Motion""]"
0,0,"Gsp Post 00","2022-03-15","I-7585 Nb and 14Th Street","(O) No Injury","Daylight","On Roadway - Non-Intersection","Sideswipe-Same Direction","I-7585 Nb","Dry","08:10:00","[""Unknown"",""Lap and Shoulder Belt Used""]","Clear",0,33.788641,-84.390815,"Atlanta","FULTON","[""Motor Vehicle in Motion"",""Motor Vehicle in Motion""]",,"[""Motor Vehicle in Motion"",""Motor Vehicle in Motion""]"
0,0,"Atlanta Police Department","2022-03-15","17Th St Nw and Market St Nw","(O) No Injury","Daylight","On Roadway - In Crosswalk","Rear End","Market St Nw","Dry","11:35:00","[""Lap and Shoulder Belt Used"",""Lap and Shoulder Belt Used""]","Clear",0,33.791242,-84.395105,"Atlanta","FULTON","[""Motor Vehicle in Motion"",""Motor Vehicle in Motion""]","Following Too Close","[""Motor Vehicle in Motion"",""Motor Vehicle in Motion""]"
0,0,"Atlanta Police Department","2022-03-15","Briarcliff Rd Ne and Saint Augustine Pl Ne","(O) No Injury","Dark-Lighted","On Roadway - Non-Intersection","Angle Crash","Briarcliff Rd Ne","Dry","21:00:00","[""Lap and Shoulder Belt Used"",""Lap and Shoulder Belt Used""]","Clear",0,33.774288,-84.348979,"Atlanta","FULTON","[""Motor Vehicle in Motion"",""Motor Vehicle in Motion""]",,"[""Motor Vehicle in Motion"",""Motor Vehicle in Motion""]"
0,1,"Atlanta Police Department","2022-03-15","None and I-20 Exit 51A Rp","(B) Suspected Minor/Visible Injury","Dark-Not Lighted","On Roadway - Roadway Intersection","Rear End","I-20 Exit 51A Rp","Water (standing or moving)","20:40:00","[""Unknown"",""Unknown""]","Rain",0,33.760637,-84.484554,"Atlanta","FULTON","[""Motor Vehicle in Motion"",""Motor Vehicle in Motion""]",,"[""Motor Vehicle in Motion"",""Motor Vehicle in Motion""]"
0,0,"Atlanta Police Department","2022-03-15","12Th St Nw and W Peachtree St Nw","(O) No Injury","Daylight","On Roadway - Roadway Intersection","Angle Crash","W Peachtree St Nw","Dry","12:00:00","[""Lap and Shoulder Belt Used"",""Lap and Shoulder Belt Used""]","Clear",0,33.784444,-84.387825,"Atlanta","FULTON","[""Motor Vehicle in Motion"",""Motor Vehicle in Motion""]",,"[""Motor Vehicle in Motion"",""Motor Vehicle in Motion""]"
0,0,"Atlanta Police Department","2022-03-15","I-285 and Exit 7","(O) No Injury","Dark-Not Lighted","On Roadway - Roadway Intersection","Sideswipe-Same Direction","I-285","Wet","22:30:00","[""Unknown"",""Unknown""]","Rain",0,33.71934,-84.502406,"Atlanta","FULTON","[""Motor Vehicle in Motion"",""Motor Vehicle in Motion""]","Changed Lanes Improperly","[""Motor Vehicle in Motion"",""Motor Vehicle in Motion""]"
0,0,"Atlanta Police Department","2022-03-15","Maple Dr Ne and Peachtree Rd Ne","(O) No Injury","Daylight","On Roadway - Roadway Intersection","Rear End","Peachtree Rd Ne","Dry","14:30:00","[""Lap and Shoulder Belt Used"",""Lap and Shoulder Belt Used""]","Cloudy",0,33.843068,-84.372443,"Atlanta","FULTON","[""Motor Vehicle in Motion"",""Motor Vehicle in Motion""]","Following Too Close","[""Motor Vehicle in Motion"",""Motor Vehicle in Motion""]"
0,0,"Gsp Post 00","2022-03-15","Pine Street and 499 Luckie St Nw","(O) No Injury","Daylight","On Roadway - Non-Intersection","Sideswipe-Same Direction","499 Luckie St Nw","Dry","11:22:00","[""None Used"",""Lap and Shoulder Belt Used""]","Clear",0,33.767846,-84.396114,"Atlanta","FULTON","[""Motor Vehicle in Motion"",""Motor Vehicle in Motion""]","[""Exceeding Speed Limit"",""Reckless Driving"",""Disregard Police - Evasion""]","[""Motor Vehicle in Motion"",""Motor Vehicle in Motion""]"
0,0,"Gsp Post 00","2022-03-15","Cascade Rd and I-285 North","(C) Possible Injury / Complaint","Daylight","On Shoulder","Sideswipe-Same Direction","I-285 North","Dry","11:09:00","[""Unknown"",""Lap and Shoulder Belt Used"",""Lap and Shoulder Belt Used""]","Clear",0,33.712894,-84.499821,"Atlanta","FULTON","[""Motor Vehicle in Motion"",""Guard Rail Face""]",,"[""Motor Vehicle in Motion"",""Guard Rail Fence""]"
0,0,"Atlanta Police Department","2022-03-15","Ellis St Ne and Piedmont Ave Ne","(O) No Injury","Dark-Lighted","On Roadway - Roadway Intersection","Sideswipe-Same Direction","Piedmont Ave Ne","Water (standing or moving)","20:20:00","[""Unknown"",""Unknown""]","Rain",0,33.758357,-84.382208,"Atlanta","FULTON","[""Motor Vehicle in Motion"",""Motor Vehicle in Motion""]","Improper Turn","[""Motor Vehicle in Motion"",""Motor Vehicle in Motion""]"
0,0,"Atlanta Police Department","2022-03-15","None and Boulevard Se","(O) No Injury","Daylight","On Roadway - Non-Intersection","Rear End","Boulevard Se","Dry","09:40:00","[""Unknown"",""Lap and Shoulder Belt Used""]","Clear",0,33.741852,-84.368155,"Atlanta","FULTON","[""Motor Vehicle in Motion"",""Motor Vehicle in Motion""]",,"[""Motor Vehicle in Motion"",""Motor Vehicle in Motion""]"
0,0,"Atlanta Police Department","2022-03-15","Ted Turner Dr Nw and John Portman Blvd Nw","(O) No Injury","Daylight","On Roadway - Non-Intersection","Sideswipe-Same Direction","Ted Turner Dr Nw","Water (standing or moving)","16:09:00","[""Unknown"",""Unknown""]","Rain",0,33.761435,-84.389033,"Atlanta","FULTON","[""Motor Vehicle in Motion"",""Motor Vehicle in Motion""]","Changed Lanes Improperly","[""Motor Vehicle in Motion"",""Motor Vehicle in Motion""]"
0,0,"Atlanta Police Department","2022-03-15","10Th St Nw and Spring St Nw","(O) No Injury","Dark-Lighted","On Roadway - Non-Intersection","Sideswipe-Same Direction","Spring St Nw","Wet","21:00:00","[""Lap and Shoulder Belt Used"",""Lap and Shoulder Belt Used"",""Lap and Shoulder Belt Used""]","Rain",0,33.781507,-84.389146,"Atlanta","FULTON","[""Motor Vehicle in Motion"",""Motor Vehicle in Motion""]","Following Too Close","[""Motor Vehicle in Motion"",""Motor Vehicle in Motion""]"
0,0,"Atlanta Police Department","2022-03-15","Bouldercrest Rd Se and Bouldercrest Dr Se","(O) No Injury","Dark-Lighted","On Roadway - Non-Intersection","Sideswipe-Same Direction","Bouldercrest Dr Se","Wet","21:35:00","[""Unknown"",""Unknown"",""Unknown""]","Rain",0,33.718914,-84.329947,"Atlanta","DEKALB","[""Motor Vehicle in Motion"",""Motor Vehicle in Motion""]","Misjudged Clearance","[""Motor Vehicle in Motion"",""Motor Vehicle in Motion""]"
0,0,"Atlanta Police Department","2022-03-15","None and I-20 Exit 51A Rp","(C) Possible Injury / Complaint","Dark-Lighted","Entrance/Exit Ramp","Rear End","I-20 Exit 51A Rp","Wet","21:00:00","[""Unknown"",""Unknown"",""Unknown""]","Rain",0,33.760625,-84.484529,"Atlanta","FULTON","[""Motor Vehicle in Motion"",""Motor Vehicle in Motion"",""Motor Vehicle in Motion""]","[""Following Too Close"",""Following Too Close""]","[""Motor Vehicle in Motion"",""Motor Vehicle in Motion"",""Motor Vehicle in Motion""]"
0,0,"Gsp Post 00","2022-03-15","I-75 N and 14Th Street","(O) No Injury","Daylight","On Roadway - Non-Intersection","Angle Crash","I-75 N","Dry","17:00:00","[""Unknown"",""Lap and Shoulder Belt Used"",""Lap and Shoulder Belt Used""]","Clear",0,33.784383,-84.390834,"Atlanta","FULTON","[""Motor Vehicle in Motion"",""Motor Vehicle in Motion"",""Motor Vehicle in Motion""]","Changed Lanes Improperly","[""Motor Vehicle in Motion"",""Motor Vehicle in Motion"",""Motor Vehicle in Motion""]"
0,0,"Atlanta Police Department","2022-03-15","Colquitt Ave Ne and N Highland Ave Ne","(O) No Injury","Dark-Lighted","On Roadway - Roadway Intersection","Angle Crash","N Highland Ave Ne","Water (standing or moving)","20:30:00","[""None Used"",""None Used""]","Rain",0,33.766617,-84.35314,"Atlanta","FULTON","[""Motor Vehicle in Motion"",""Motor Vehicle in Motion""]","Failure to Yield","[""Motor Vehicle in Motion"",""Motor Vehicle in Motion""]"
0,0,"Gsp Post 00","2022-03-15","Mm256 and I-75 Nb","(C) Possible Injury / Complaint","Daylight","On Roadway - Non-Intersection","Rear End","I-75 Nb","Wet","15:40:00","[""Lap and Shoulder Belt Used"",""Lap and Shoulder Belt Used"",""Lap and Shoulder Belt Used""]","Rain",0,33.863927,-84.438466,"Atlanta","FULTON","[""Motor Vehicle in Motion"",""Motor Vehicle in Motion""]","Changed Lanes Improperly","[""Motor Vehicle in Motion"",""Motor Vehicle in Motion""]"
0,0,"Gsp Post 00","2022-03-15","I-285 Nb and Martin Luther King Jr Drive","(O) No Injury","Dawn","On Roadway - Non-Intersection","Sideswipe-Same Direction","I-285 Nb","Dry","06:38:00","[""Lap and Shoulder Belt Used"",""Lap and Shoulder Belt Used""]","Clear",0,33.73989,-84.500048,"Atlanta","FULTON","[""Motor Vehicle in Motion"",""Motor Vehicle in Motion""]",,"[""Motor Vehicle in Motion"",""Motor Vehicle in Motion""]"
0,0,"Gsp Post 00","2022-03-15","14Th Street and Interstate 7585 North","(O) No Injury","Daylight","On Roadway - Non-Intersection","Rear End","Interstate 7585 North","Dry","10:22:00","[""Lap and Shoulder Belt Used"",""Lap and Shoulder Belt Used""]","Clear",0,33.789475,-84.390813,"Atlanta","FULTON","[""Parked Motor Vehicle"",""Motor Vehicle in Motion""]","Following Too Close","[""Motor Vehicle in Motion"",""Motor Vehicle in Motion""]"
0,0,"Atlanta Police Department","2022-03-15","Piedmont Rd Ne and Sidney Marcus Blvd Ne","(O) No Injury","Dark-Lighted","On Roadway - Roadway Intersection","Sideswipe-Same Direction","Piedmont Rd Ne","Wet","20:37:00","[""Lap and Shoulder Belt Used"",""Lap and Shoulder Belt Used""]","Rain",0,33.825743,-84.367151,"Atlanta","FULTON","[""Motor Vehicle in Motion"",""Motor Vehicle in Motion""]","Changed Lanes Improperly","[""Motor Vehicle in Motion"",""Motor Vehicle in Motion""]"
0,0,"Atlanta Police Department","2022-03-15","12Th St Ne and Piedmont Ave Ne","(O) No Injury","Dark-Lighted","On Roadway - Roadway Intersection","Sideswipe-Same Direction","Piedmont Ave Ne","Wet","20:00:00","[""Lap and Shoulder Belt Used"",""Lap and Shoulder Belt Used""]","Rain",0,33.783358,-84.379536,"Atlanta","FULTON","[""Motor Vehicle in Motion"",""Motor Vehicle in Motion""]","Changed Lanes Improperly","[""Motor Vehicle in Motion"",""Motor Vehicle in Motion""]"
0,0,"Gsp Post 00","2022-03-15","I-7585 North and Memorial Drive","(O) No Injury","Daylight","On Roadway - Non-Intersection","Rear End","I-7585 North","Dry","14:54:00","[""Lap and Shoulder Belt Used"",""Lap and Shoulder Belt Used"",""Lap and Shoulder Belt Used"",""Lap and Shoulder Belt Used"",""Lap and Shoulder Belt Used""]","Cloudy",0,33.74727,-84.386828,"Atlanta","FULTON","[""Motor Vehicle in Motion"",""Motor Vehicle in Motion""]","Following Too Close","[""Motor Vehicle in Motion"",""Motor Vehicle in Motion""]"
0,0,"Gsp Post 00","2022-03-15","5Th Ave and I-75I-85Sb","(O) No Injury","Daylight","On Roadway - Non-Intersection","Rear End","I-75I-85Sb","Wet","15:40:00","[""Lap and Shoulder Belt Used"",""Lap and Shoulder Belt Used""]","Rain",0,33.770892,-84.39049,"Atlanta","FULTON","[""Motor Vehicle in Motion"",""Motor Vehicle in Motion""]","[""Following Too Close"",""Changed Lanes Improperly""]","[""Motor Vehicle in Motion"",""Motor Vehicle in Motion""]"
0,0,"Gsp Post 00","2022-03-15","I-85 S and Peachtree St","(O) No Injury","Daylight","On Roadway - Non-Intersection","Rear End","I-85 S","Wet","14:40:00","[""Lap and Shoulder Belt Used"",""Lap and Shoulder Belt Used"",""Lap and Shoulder Belt Used""]","Cloudy",0,33.798221,-84.393097,"Atlanta","FULTON","[""Motor Vehicle in Motion"",""Motor Vehicle in Motion"",""Motor Vehicle in Motion""]","Following Too Close","[""Motor Vehicle in Motion"",""Motor Vehicle in Motion"",""Motor Vehicle in Motion""]"
0,0,"Atlanta Police Department","2022-03-15","Trinity Ave Sw and Memorial Dr Sw","(O) No Injury","Dark-Lighted","On Roadway - Non-Intersection","Rear End","Memorial Dr Sw","Wet","20:47:00","[""Unknown"",""Lap and Shoulder Belt Used""]","Rain",0,33.746642,-84.388749,"Atlanta","FULTON","[""Motor Vehicle in Motion"",""Motor Vehicle in Motion""]","Following Too Close","[""Motor Vehicle in Motion"",""Motor Vehicle in Motion""]"
0,0,"Gsp Post 00","2022-03-15","I-7585 North and Memorial Drive","(O) No Injury","Daylight","On Roadway - Non-Intersection","Rear End","I-7585 North","Dry","16:06:00","[""Lap and Shoulder Belt Used"",""Lap and Shoulder Belt Used""]","Cloudy",0,33.747961,-84.385577,"Atlanta","FULTON","[""Motor Vehicle in Motion"",""Motor Vehicle in Motion""]","Following Too Close","[""Motor Vehicle in Motion"",""Motor Vehicle in Motion""]"
0,0,"Atlanta Police Department","2022-03-15","Harden St Se and Memorial Dr Se","(O) No Injury","Daylight","On Roadway - Roadway Intersection","Rear End","Memorial Dr Se","Wet","17:21:00","[""Lap and Shoulder Belt Used"",""Lap and Shoulder Belt Used""]","Clear",0,33.746825,-84.377066,"Atlanta","FULTON","[""Motor Vehicle in Motion"",""Motor Vehicle in Motion""]",,"[""Motor Vehicle in Motion"",""Motor Vehicle in Motion""]"