"# Serious Injuries","# Visible Injuries","Agency Name (Crash Level) ","Date","Intersection Name (from Crash Report)","KABCO Severity","Light Conditions (Crash Level)","Location at Impact (Crash Level) ","Manner of Collision (Crash Level) ","Roadway (From Crash Report)","Surface Condition (Crash Level) ","Time","Safety Equipment (Crash Level) ","Weather Conditions (Crash Level)","# of Fatalities per Crash","Latitude","Longitude","Geolocated City","Geolocated County","First Harmful Event (Unit Order)","Operator/Pedestrian Contrib Factor (excl None, Other, No Contrib Factors)","Most Harmful Event (Crash Level)"
0,0,"Atlanta Police Department","2022-03-15","Nathan Rd Sw and Martin Luther King Jr Dr Sw","(O) No Injury","Dark-Not Lighted","On Roadway - Non-Intersection","Sideswipe-Same Direction","Martin Luther King Jr Dr Sw","Wet","20:00:00","[""Unknown"",""Unknown"",""Unknown"",""Unknown""]","Rain",0,33.757851,-84.502847,"Atlanta","FULTON","[""Motor Vehicle in Motion"",""Motor Vehicle in Motion"",""Motor Vehicle in Motion""]","[""Following Too Close"",""Too Fast for Conditions""]","[""Motor Vehicle in Motion"",""Motor Vehicle in Motion"",""Motor Vehicle in Motion""]"
0,0,"Atlanta Police Department","2022-03-15","Fairburn Rd Sw and Benninger Trce Sw","(O) No Injury","Dark-Not Lighted","On Roadway - Non-Intersection","Not a Collision with Motor Vehicle","Fairburn Rd Sw","Wet","20:35:00","[""Unknown"",""Unknown"",""Unknown""]","Rain",0,33.664919,-84.518987,"Atlanta","FULTON","[""Motor Vehicle in Motion"",""Motor Vehicle in Motion""]","Wrong Side of Road","[""Other - Fixed Object"",""Other - Fixed Object""]"
0,1,"Gsp Post 00","2022-03-15","Oliver Street and Joseph E Boone Boulevard Westb","(B) Suspected Minor/Visible Injury","Daylight","On Roadway - Non-Intersection","Not a Collision with Motor Vehicle","Joseph E Boone Boulevard Westb","Dry","11:15:00","Lap and Shoulder Belt Used","Cloudy",0,33.763476,-84.415634,"Atlanta","FULTON","Other Non-Collision","[""Disregard Police - Evasion"",""Reckless Driving"",""Too Fast for Conditions""]","Luminaire Light Support"
0,0,"Gsp Post 00","2022-03-15","I-85S and Peachtree St","(O) No Injury","Daylight","On Roadway - Non-Intersection","Sideswipe-Same Direction","I-85S","Wet","17:40:00","[""Lap and Shoulder Belt Used"",""Lap and Shoulder Belt Used""]","Rain",0,33.795951,-84.393671,"Atlanta","FULTON","[""Motor Vehicle in Motion"",""Motor Vehicle in Motion""]","Changed Lanes Improperly","[""Motor Vehicle in Motion"",""Motor Vehicle in Motion""]"
0,0,"Gsp Post 00","2022-03-15","14Th Street and Interstate 7585 North","(O) No Injury","Daylight","On Roadway - Non-Intersection","Sideswipe-Same Direction","Interstate 7585 North","Dry","10:35:00","[""Lap and Shoulder Belt Used"",""Lap and Shoulder Belt Used""]","Clear",0,33.788342,-84.391195,"Atlanta","FULTON","[""Motor Vehicle in Motion"",""Motor Vehicle in Motion""]","Changed Lanes Improperly","[""Motor Vehicle in Motion"",""Motor Vehicle in Motion""]"
0,0,"Atlanta Police Department","2022-03-16","Northside Pkwy Nw and W Paces Ferry Rd Nw","(O) No Injury","Dark-Lighted","On Roadway - Roadway Intersection","Angle Crash","Northside Pkwy Nw","Wet","19:50:00","[""Unknown"",""Unknown"",""Unknown"",""Unknown""]","Rain",0,33.849067,-84.43003,"Atlanta","FULTON","[""Motor Vehicle in Motion"",""Motor Vehicle in Motion""]","Failure to Yield","[""Motor Vehicle in Motion"",""Motor Vehicle in Motion""]"
0,0,"Atlanta Police Department","2022-03-16","I-285 W and Jonesboro Rd Se","(O) No Injury","Dark-Not Lighted","On Roadway - Non-Intersection","Sideswipe-Same Direction","Jonesboro Rd Se","Water (standing or moving)","21:00:00","[""Lap and Shoulder Belt Used"",""Lap and Shoulder Belt Used""]","Rain",0,33.65216,-84.367195,"Atlanta","FULTON","[""Motor Vehicle in Motion"",""Motor Vehicle in Motion""]","Changed Lanes Improperly","[""Motor Vehicle in Motion"",""Motor Vehicle in Motion""]"
0,0,"Atlanta Police Department","2022-03-16","18Th St Nw and Spring St Nw","(O) No Injury","Daylight","On Roadway - Roadway Intersection","Rear End","18Th St Nw","Dry","16:30:00","[""Lap and Shoulder Belt Used"",""Lap and Shoulder Belt Used""]","Clear",0,33.793316,-84.388947,"Atlanta","FULTON","[""Motor Vehicle in Motion"",""Motor Vehicle in Motion""]","Improper Backing","[""Motor Vehicle in Motion"",""Motor Vehicle in Motion""]"
0,0,"Atlanta Police Department","2022-03-16","Peachtree Rd Ne and Peachtree Battle Ave Nw","(O) No Injury","Daylight","On Roadway - Roadway Intersection","Rear End","Peachtree Rd Ne","Wet","08:44:00","[""Lap and Shoulder Belt Used"",""Lap and Shoulder Belt Used""]","Clear",0,33.819546,-84.388528,"Atlanta","FULTON","[""Motor Vehicle in Motion"",""Motor Vehicle in Motion""]","Following Too Close","[""Motor Vehicle in Motion"",""Motor Vehicle in Motion""]"
0,0,"Atlanta Police Department","2022-03-16","None and I-85","(C) Possible Injury / Complaint","Dark-Lighted","On Roadway - Non-Intersection","Rear End","I-85","Water (standing or moving)","21:08:00","[""Lap and Shoulder Belt Used"",""Lap and Shoulder Belt Used""]","Cloudy",0,33.68426,-84.407454,"Atlanta","FULTON","[""Motor Vehicle in Motion"",""Motor Vehicle in Motion""]","Following Too Close","[""Motor Vehicle in Motion"",""Motor Vehicle in Motion""]"
0,0,"Atlanta Police Department","2022-03-16","None and Burton Rd Nw","(O) No Injury","Daylight","On Roadway - Roadway Intersection","Sideswipe-Same Direction","Burton Rd Nw","Dry","15:00:00","[""Unknown"",""Unknown""]","Clear",0,33.755797,-84.469778,"Atlanta","FULTON","[""Motor Vehicle in Motion"",""Motor Vehicle in Motion""]","Failure to Yield","[""Motor Vehicle in Motion"",""Motor Vehicle in Motion""]"
0,0,"Atlanta Police Department","2022-03-16","4Th St Nw and W Peachtree St Nw","(O) No Injury","Daylight","On Roadway - Non-Intersection","Angle Crash","4Th St Nw","Wet","18:59:00","[""Unknown"",""Unknown""]","Rain",0,33.775102,-84.387321,"Atlanta","FULTON","[""Motor Vehicle in Motion"",""Motor Vehicle in Motion""]","Improper Passing","[""Motor Vehicle in Motion"",""Motor Vehicle in Motion""]"
0,0,"Atlanta Police Department","2022-03-16","11Th St Ne and W Peachtree St Nw","(C) Possible Injury / Complaint","Daylight","Off Roadway - Sidewalk","Angle Crash","11Th St Ne","Water (standing or moving)","11:00:00","[""Lap and Shoulder Belt Used"",""Lap and Shoulder Belt Used"",""Lap and Shoulder Belt Used""]","Cloudy",0,33.783268,-84.3876,"Atlanta","FULTON","[""Motor Vehicle in Motion"",""Parked Motor Vehicle"",""Parked Motor Vehicle"",""Parked Motor Vehicle""]","Driver Lost Control","[""Motor Vehicle in Motion"",""Parked Motor Vehicle"",""Parked Motor Vehicle"",""Parked Motor Vehicle""]"
0,0,"Atlanta Police Department","2022-03-16","Angier Ave Ne and Glen Iris Dr Ne","(C) Possible Injury / Complaint","Daylight","On Roadway - Roadway Intersection","Angle Crash","Angier Ave Ne","Dry","15:40:00","[""Unknown"",""Unknown""]","Cloudy",0,33.766077,-84.367777,"Atlanta","FULTON","[""Motor Vehicle in Motion"",""Motor Vehicle in Motion""]","Disregard Other Traffic Control","[""Motor Vehicle in Motion"",""Motor Vehicle in Motion""]"
0,0,"Atlanta Police Department","2022-03-16","14Th St Nw and Northside Dr Nw","(O) No Injury","Dark-Lighted","On Roadway - Roadway Intersection","Angle Crash","Northside Dr Nw","Water (standing or moving)","20:27:00","[""None Used"",""None Used""]","Rain",0,33.786224,-84.407445,"Atlanta","FULTON","[""Motor Vehicle in Motion"",""Motor Vehicle in Motion""]","Failure to Yield","[""Motor Vehicle in Motion"",""Motor Vehicle in Motion""]"
0,0,"Atlanta Police Department","2022-03-16","Howell Mill Rd Nw and Chattahoochee Ave Nw","(O) No Injury","Daylight","On Roadway - Roadway Intersection","Angle Crash","Chattahoochee Ave Nw","Dry","15:40:00","[""Lap and Shoulder Belt Used"",""Lap and Shoulder Belt Used""]","Cloudy",0,33.799574,-84.416013,"Atlanta","FULTON","[""Motor Vehicle in Motion"",""Motor Vehicle in Motion""]","Misjudged Clearance","[""Motor Vehicle in Motion"",""Motor Vehicle in Motion""]"
0,0,"Atlanta Police Department","2022-03-16","I-75 and Fulton St Sw","(O) No Injury","Daylight","On Roadway - Non-Intersection","Sideswipe-Same Direction","I-75","Water (standing or moving)","10:10:00","[""Lap and Shoulder Belt Used"",""Lap and Shoulder Belt Used""]","Rain",0,33.741904,-84.392006,"Atlanta","FULTON","[""Motor Vehicle in Motion"",""Motor Vehicle in Motion""]","Too Fast for Conditions","[""Motor Vehicle in Motion"",""Motor Vehicle in Motion""]"
0,0,"Atlanta Police Department","2022-03-16","14Th St Nw and W Peachtree St Nw","(C) Possible Injury / Complaint","Daylight","On Roadway - Non-Intersection","Not a Collision with Motor Vehicle","14Th St Nw","Wet","09:30:00","Lap and Shoulder Belt Used","Rain",0,33.785954,-84.390829,"Atlanta","FULTON","Other Non-Collision","Too Fast for Conditions","Median Barrier"
0,0,"Atlanta Police Department","2022-03-16","None and Fulton St Sw","(O) No Injury","Dark-Lighted","On Roadway - Managed Lane (HOV, HOT, Reversible)","Sideswipe-Same Direction","Fulton St Sw","Wet","00:12:00","[""Unknown"",""Unknown""]","Rain",0,33.740905,-84.404492,"Atlanta","FULTON","[""Motor Vehicle in Motion"",""Motor Vehicle in Motion""]",,"[""Motor Vehicle in Motion"",""Motor Vehicle in Motion""]"
0,0,"Atlanta Police Department","2022-03-16","W Wesley Rd Nw and Dawn View Ln Nw","(O) No Injury","Daylight","On Roadway - Non-Intersection","Sideswipe-Same Direction","Dawn View Ln Nw","Dry","10:40:00","Lap and Shoulder Belt Used","Cloudy",0,33.828949,-84.423451,"Atlanta","FULTON","[""Motor Vehicle in Motion"",""Motor Vehicle in Motion""]","Improper Backing","[""Motor Vehicle in Motion"",""Motor Vehicle in Motion""]"
0,0,"Atlanta Police Department","2022-03-16","Fairview Rd Ne and Ponce De Leon Ave Ne","(O) No Injury","Daylight","On Roadway - Roadway Intersection","Sideswipe-Same Direction","Ponce De Leon Ave Ne","Wet","07:31:00","[""Unknown"",""Lap and Shoulder Belt Used""]","Rain",0,33.773924,-84.337229,"Atlanta","DEKALB","[""Motor Vehicle in Motion"",""Motor Vehicle in Motion""]","Failure to Yield","[""Motor Vehicle in Motion"",""Motor Vehicle in Motion""]"
0,0,"Atlanta Police Department","2022-03-16","I-75 N and Fulton St Sw","(O) No Injury","Daylight","On Roadway - Non-Intersection","Rear End","Fulton St Sw","Dry","12:50:00","[""Lap and Shoulder Belt Used"",""Lap and Shoulder Belt Used""]","Cloudy",0,33.741947,-84.391507,"Atlanta","FULTON","[""Motor Vehicle in Motion"",""Motor Vehicle in Motion""]","Following Too Close","[""Motor Vehicle in Motion"",""Motor Vehicle in Motion""]"
0,0,"Atlanta Police Department","2022-03-16","Piedmont Rd Ne and Cheshire Bridge Rd Ne","(O) No Injury","Daylight","On Roadway - Non-Intersection","Angle Crash","Cheshire Bridge Rd Ne","Dry","17:00:00","[""Unknown"",""Unknown""]","Clear",0,33.807966,-84.365271,"Atlanta","FULTON","[""Motor Vehicle in Motion"",""Motor Vehicle in Motion""]","Changed Lanes Improperly","[""Motor Vehicle in Motion"",""Motor Vehicle in Motion""]"
0,0,"Atlanta Police Department","2022-03-16","None and I-75","(O) No Injury","Daylight","On Roadway - Non-Intersection","Rear End","I-75","Wet","08:30:00","[""Lap and Shoulder Belt Used"",""Lap and Shoulder Belt Used""]","Cloudy",0,33.745228,-84.389534,"Atlanta","FULTON","[""Motor Vehicle in Motion"",""Motor Vehicle in Motion""]","Following Too Close","[""Motor Vehicle in Motion"",""Motor Vehicle in Motion""]"
0,0,"Atlanta Police Department","2022-03-16","Forrest Park Rd Se and Constitution Rd Se","(O) No Injury","Daylight","On Roadway - Roadway Intersection","Rear End","Constitution Rd Se","Water (standing or moving)","09:02:00","[""Lap and Shoulder Belt Used"",""Lap and Shoulder Belt Used"",""Lap and Shoulder Belt Used""]","Rain",0,33.693228,-84.36034,"Atlanta","FULTON","[""Motor Vehicle in Motion"",""Motor Vehicle in Motion""]","Improper Backing","[""Motor Vehicle in Motion"",""Motor Vehicle in Motion""]"
0,0,"Atlanta Police Department","2022-03-16","I-20 and Hill St Se","(O) No Injury","Dark-Lighted","On Roadway - Non-Intersection","Sideswipe-Same Direction","I-20","Wet","21:40:00","[""Unknown"",""Lap and Shoulder Belt Used""]","Rain",0,33.743307,-84.379151,"Atlanta","FULTON","[""Motor Vehicle in Motion"",""Motor Vehicle in Motion""]","Changed Lanes Improperly","[""Motor Vehicle in Motion"",""Motor Vehicle in Motion""]"
0,0,"Atlanta Police Department","2022-03-16","None and I-20","(C) Possible Injury / Complaint","Dark-Lighted","On Roadway - Non-Intersection","Sideswipe-Same Direction","I-20","Water (standing or moving)","01:30:00","[""Lap and Shoulder Belt Used"",""None Used"",""Lap and Shoulder Belt Used""]","Rain",0,33.747957,-84.440001,"Atlanta","FULTON","[""Motor Vehicle in Motion"",""Motor Vehicle in Motion""]","Too Fast for Conditions","[""Motor Vehicle in Motion"",""Motor Vehicle in Motion""]"
0,0,"Atlanta Police Department","2022-03-16","I-75 and Edgewood Ave Se","(O) No Injury","Daylight","On Roadway - Non-Intersection","Rear End","I-75","Dry","11:00:00","[""Lap and Shoulder Belt Used"",""Lap and Shoulder Belt Used""]","Clear",0,33.754383,-84.378701,"Atlanta","FULTON","[""Motor Vehicle in Motion"",""Motor Vehicle in Motion""]","Following Too Close","[""Motor Vehicle in Motion"",""Motor Vehicle in Motion""]"
0,0,"Atlanta Police Department","2022-03-16","None and I-75","(C) Possible Injury / Complaint","Daylight","On Roadway - Non-Intersection","Rear End","I-75","Dry","16:32:00","[""Unknown"",""Unknown""]","Cloudy",0,33.831341,-84.426137,"Atlanta","FULTON","[""Motor Vehicle in Motion"",""Motor Vehicle in Motion""]","Following Too Close","[""Motor Vehicle in Motion"",""Motor Vehicle in Motion""]"
0,0,"Atlanta Police Department","2022-03-16","Pharr Rd Ne and Piedmont Rd Ne","(O) No Injury","Daylight","On Roadway - Roadway Intersection","Rear End","Pharr Rd Ne","Dry","15:38:00","[""Lap and Shoulder Belt Used"",""Lap and Shoulder Belt Used""]","Clear",0,33.836979,-84.368254,"Atlanta","FULTON","[""Motor Vehicle in Motion"",""Motor Vehicle in Motion""]","Following Too Close","[""Motor Vehicle in Motion"",""Motor Vehicle in Motion""]"
0,0,"Atlanta Police Department","2022-03-16","I-85 N and 17Th St Nw","(C) Possible Injury / Complaint","Daylight","On Roadway - Non-Intersection","Rear End","17Th St Nw","Water (standing or moving)","11:15:00","[""Lap and Shoulder Belt Used"",""Lap and Shoulder Belt Used""]","Rain",0,33.791144,-84.390939,"Atlanta","FULTON","[""Motor Vehicle in Motion"",""Motor Vehicle in Motion""]","Following Too Close","[""Motor Vehicle in Motion"",""Motor Vehicle in Motion""]"
0,0,"Atlanta Police Department","2022-03-16","None and I-20","(C) Possible Injury / Complaint","Dark-Lighted","On Shoulder","Not a Collision with Motor Vehicle","I-20","Wet","02:15:00","Lap and Shoulder Belt Used","Rain",0,33.741364,-84.411627,"Atlanta","FULTON","Other - Fixed Object","[""Too Fast for Conditions"",""Driver Lost Control""]","Other - Fixed Object"
0,0,"Atlanta Police Department","2022-03-16","None and I-75","(C) Possible Injury / Complaint","Dark-Lighted","On Roadway - Non-Intersection","Sideswipe-Same Direction","I-75","Wet","20:17:00","[""Unknown"",""Unknown"",""Unknown""]","Rain",0,33.750452,-84.381752,"Atlanta","FULTON","[""Motor Vehicle in Motion"",""Motor Vehicle in Motion"",""Motor Vehicle in Motion""]","Aggressive Driving","[""Motor Vehicle in Motion"",""Motor Vehicle in Motion"",""Motor Vehicle in Motion""]"
0,0,"Atlanta Police Department","2022-03-16","Memorial Dr Se and Moreland Ave Se","(O) No Injury","Daylight","On Roadway - Roadway Intersection","Angle Crash","Memorial Dr Se","Dry","15:50:00","[""Lap and Shoulder Belt Used"",""Lap and Shoulder Belt Used""]","Clear",0,33.747581,-84.349215,"Atlanta","FULTON","[""Motor Vehicle in Motion"",""Motor Vehicle in Motion""]",,"[""Motor Vehicle in Motion"",""Motor Vehicle in Motion""]"
0,0,"Atlanta Police Department","2022-03-16","Exit 60A and Moreland Ave Se","(O) No Injury","Dark-Lighted","On Roadway - Non-Intersection","Sideswipe-Same Direction","Moreland Ave Se","Wet","23:12:00","[""Lap and Shoulder Belt Used"",""Lap and Shoulder Belt Used"",""Lap and Shoulder Belt Used"",""None Used""]","Cloudy",0,33.744382,-84.349146,"Atlanta","DEKALB","[""Motor Vehicle in Motion"",""Motor Vehicle in Motion""]","Changed Lanes Improperly","[""Motor Vehicle in Motion"",""Motor Vehicle in Motion""]"
0,0,"Atlanta Police Department","2022-03-16","Hamilton E Holmes Dr Nw and Donald Lee Hollowell Pkwy Nw","(O) No Injury","Daylight","On Roadway - Non-Intersection","Rear End","Donald Lee Hollowell Pkwy Nw","Water (standing or moving)","11:45:00","[""Lap and Shoulder Belt Used"",""Lap and Shoulder Belt Used""]","Cloudy",0,33.776424,-84.473954,"Atlanta","FULTON","[""Motor Vehicle in Motion"",""Motor Vehicle in Motion""]",,"[""Motor Vehicle in Motion"",""Motor Vehicle in Motion""]"
0,0,"Atlanta Police Department","2022-03-16","I-75 and Exit 244","(O) No Injury","Dark-Not Lighted","On Roadway - Roadway Intersection","Sideswipe-Same Direction","I-75","Wet","05:26:00","[""Lap and Shoulder Belt Used"",""Lap and Shoulder Belt Used""]","Rain",0,33.718681,-84.397181,"Atlanta","FULTON","[""Motor Vehicle in Motion"",""Motor Vehicle in Motion""]","Changed Lanes Improperly","[""Motor Vehicle in Motion"",""Motor Vehicle in Motion""]"
0,0,"Atlanta Police Department","2022-03-16","Courtland St Ne and Ralph Mcgill Blvd Ne","(O) No Injury","Daylight","On Roadway - Non-Intersection","Rear End","Ralph Mcgill Blvd Ne","Wet","09:32:00","[""Unknown"",""Lap and Shoulder Belt Used""]","Cloudy",0,33.764375,-84.38413,"Atlanta","FULTON","[""Motor Vehicle in Motion"",""Motor Vehicle in Motion""]","Following Too Close","[""Motor Vehicle in Motion"",""Motor Vehicle in Motion""]"
0,0,"Atlanta Police Department","2022-03-16","I-20 and Bill Kennedy Way Se","(O) No Injury","Dark-Lighted","On Roadway - Roadway Intersection","Rear End","I-20","Water (standing or moving)","02:06:00","[""Unknown"",""Unknown""]","Rain",0,33.743537,-84.357615,"Atlanta","FULTON","[""Motor Vehicle in Motion"",""Motor Vehicle in Motion""]","Following Too Close","Motor Vehicle in Motion"
0,0,"Atlanta Police Department","2022-03-16","None and I-20","(O) No Injury","Daylight","On Roadway - Non-Intersection","Rear End","I-20","Dry","17:30:00","[""Lap and Shoulder Belt Used"",""Lap and Shoulder Belt Used"",""Lap and Shoulder Belt Used""]","Cloudy",0,33.748821,-84.441477,"Atlanta","FULTON","[""Motor Vehicle in Motion"",""Motor Vehicle in Motion"",""Motor Vehicle in Motion""]","Following Too Close","[""Motor Vehicle in Motion"",""Motor Vehicle in Motion"",""Motor Vehicle in Motion""]"
0,0,"Atlanta Police Department","2022-03-16","I-20 Wb and Fairburn Rd Nw","(C) Possible Injury / Complaint","Daylight","On Roadway - Non-Intersection","Rear End","I-20 Wb","Wet","17:46:00","[""Lap and Shoulder Belt Used"",""Lap and Shoulder Belt Used"",""Lap and Shoulder Belt Used""]","Rain",0,33.766309,-84.499957,"Atlanta","FULTON","[""Motor Vehicle in Motion"",""Motor Vehicle in Motion"",""Motor Vehicle in Motion""]","[""Following Too Close"",""Too Fast for Conditions""]","[""Motor Vehicle in Motion"",""Motor Vehicle in Motion"",""Motor Vehicle in Motion""]"
0,0,"Atlanta Police Department","2022-03-16","Buford Hwy Ne and Sidney Marcus Blvd Ne","(C) Possible Injury / Complaint","Daylight","On Roadway - Non-Intersection","Rear End","Sidney Marcus Blvd Ne","Wet","08:25:00","[""Unknown"",""Lap and Shoulder Belt Used"",""Lap and Shoulder Belt Used""]","Rain",0,33.823914,-84.35625,"Atlanta","FULTON","[""Motor Vehicle in Motion"",""Motor Vehicle in Motion"",""Motor Vehicle in Motion""]","Following Too Close","[""Motor Vehicle in Motion"",""Motor Vehicle in Motion"",""Motor Vehicle in Motion""]"
0,0,"Atlanta Police Department","2022-03-16","None and I-75","(O) No Injury","Daylight","On Roadway - Non-Intersection","Rear End","I-75","Dry","16:38:00","[""Lap and Shoulder Belt Used"",""Lap and Shoulder Belt Used""]","Cloudy",0,33.778728,-84.390854,"Atlanta","FULTON","[""Motor Vehicle in Motion"",""Motor Vehicle in Motion""]","Following Too Close","[""Motor Vehicle in Motion"",""Motor Vehicle in Motion""]"
0,0,"Atlanta Police Department","2022-03-16","I-75 and Fulton St Sw","(C) Possible Injury / Complaint","Daylight","Entrance/Exit Ramp","Rear End","I-75","Wet","19:00:00","[""Unknown"",""Unknown"",""Unknown"",""Unknown"",""Unknown"",""Unknown""]","Rain",0,33.741914,-84.392006,"Atlanta","FULTON","[""Motor Vehicle in Motion"",""Motor Vehicle in Motion""]",,"Motor Vehicle in Motion"
0,0,"Atlanta Police Department","2022-03-16","None and I-75","(O) No Injury","Daylight","On Roadway - Non-Intersection","Rear End","I-75","Wet","10:18:00","[""Lap and Shoulder Belt Used"",""Lap and Shoulder Belt Used""]","Cloudy",0,33.750175,-84.381622,"Atlanta","FULTON","[""Motor Vehicle in Motion"",""Motor Vehicle in Motion""]","Following Too Close","[""Motor Vehicle in Motion"",""Motor Vehicle in Motion""]"
0,0,"Atlanta Police Department","2022-03-16","Welcome All Rd Sw and Camp Creek Pkwy Sw","(O) No Injury","Dark-Lighted","On Roadway - Roadway Intersection","Sideswipe-Same Direction","Camp Creek Pkwy Sw","Dry","21:48:00","[""Unknown"",""Unknown""]","Clear",0,33.657125,-84.521728,"East Point","FULTON","[""Motor Vehicle in Motion"",""Motor Vehicle in Motion""]","[""Improper Turn"",""Improper Turn""]","[""Motor Vehicle in Motion"",""Motor Vehicle in Motion""]"
0,0,"Atlanta Police Department","2022-03-16","Ga-13 S and Monroe Dr Ne","(C) Possible Injury / Complaint","Daylight","On Roadway - Roadway Intersection","Rear End","Monroe Dr Ne","Wet","07:23:00","[""Lap and Shoulder Belt Used"",""Lap and Shoulder Belt Used""]","Rain",0,33.811081,-84.368702,"Atlanta","FULTON","[""Motor Vehicle in Motion"",""Motor Vehicle in Motion""]","Following Too Close","[""Motor Vehicle in Motion"",""Motor Vehicle in Motion""]"
0,0,"Atlanta Police Department","2022-03-16","Fort St and Ellis St Ne","(O) No Injury","Dark-Lighted","On Roadway - Roadway Intersection","Head On","Ellis St Ne","Wet","22:20:00","[""Unknown"",""Unknown""]","Clear",0,33.759377,-84.378362,"Atlanta","FULTON","[""Motor Vehicle in Motion"",""Motor Vehicle in Motion""]","Disregard Stop Sign/Signal","[""Motor Vehicle in Motion"",""Motor Vehicle in Motion""]"
0,0,"Atlanta Police Department","2022-03-16","Metropolitan Pkwy Sw and Ralph David Abernathy Blvd Sw","(O) No Injury","Daylight","On Roadway - Roadway Intersection","Sideswipe-Opposite Direction","Ralph David Abernathy Blvd Sw","Wet","16:10:00","[""Unknown"",""Unknown"",""Unknown""]","Cloudy",0,33.738169,-84.408182,"Atlanta","FULTON","[""Motor Vehicle in Motion"",""Motor Vehicle in Motion""]","Wrong Side of Road","[""Motor Vehicle in Motion"",""Motor Vehicle in Motion""]"
0,0,"Atlanta Police Department","2022-03-16","Piedmont Rd Ne and Lakeshore Dr Ne","(C) Possible Injury / Complaint","Dawn","On Roadway - Non-Intersection","Angle Crash","Piedmont Rd Ne","Wet","07:03:00","[""Unknown"",""Lap and Shoulder Belt Used""]","Rain",0,33.816023,-84.366647,"Atlanta","FULTON","[""Motor Vehicle in Motion"",""Motor Vehicle in Motion""]","[""Misjudged Clearance"",""Changed Lanes Improperly""]","[""Motor Vehicle in Motion"",""Motor Vehicle in Motion""]"
0,1,"Atlanta Police Department","2022-03-16","None and I-75","(B) Suspected Minor/Visible Injury","Dark-Lighted","On Roadway - Non-Intersection","Sideswipe-Same Direction","I-75","Wet","20:52:00","[""Unknown"",""Unknown""]","Cloudy",0,33.730851,-84.392174,"Atlanta","FULTON","[""Motor Vehicle in Motion"",""Motor Vehicle in Motion""]","[""Changed Lanes Improperly"",""Changed Lanes Improperly""]","[""Motor Vehicle in Motion"",""Motor Vehicle in Motion""]"
0,0,"Atlanta Police Department","2022-03-16","I-285 and Martin Luther King Jr Dr Sw","(O) No Injury","Daylight","On Roadway - Non-Intersection","Head On","I-285","Dry","16:00:00","[""Lap and Shoulder Belt Used"",""Lap and Shoulder Belt Used"",""Lap and Shoulder Belt Used"",""Lap and Shoulder Belt Used"",""Lap and Shoulder Belt Used"",""Lap and Shoulder Belt Used""]","Clear",0,33.753524,-84.495371,"Atlanta","FULTON","[""Motor Vehicle in Motion"",""Motor Vehicle in Motion"",""Motor Vehicle in Motion"",""Motor Vehicle in Motion""]","Following Too Close","[""Motor Vehicle in Motion"",""Motor Vehicle in Motion"",""Motor Vehicle in Motion"",""Motor Vehicle in Motion""]"
0,0,"Atlanta Police Department","2022-03-16","None and I-20","(O) No Injury","Dark-Lighted","Median","Not a Collision with Motor Vehicle","I-20","Wet","03:20:00","Lap and Shoulder Belt Used","Rain",0,33.74065,-84.32902,"Atlanta","DEKALB","Other Non-Collision",,"Median Barrier"
0,0,"Atlanta Police Department","2022-03-16","Lenox Rd Ne and Peachtree Rd Ne","(C) Possible Injury / Complaint","Daylight","On Roadway - Driveway Intersection","Sideswipe-Same Direction","Lenox Rd Ne","Water (standing or moving)","19:10:00","[""Lap and Shoulder Belt Used"",""Lap and Shoulder Belt Used"",""Lap and Shoulder Belt Used""]","Rain",0,33.850537,-84.362017,"Atlanta","FULTON","[""Motor Vehicle in Motion"",""Motor Vehicle in Motion""]","Changed Lanes Improperly","[""Motor Vehicle in Motion"",""Motor Vehicle in Motion""]"
0,0,"Atlanta Police Department","2022-03-16","Lenox Rd Ne and Vale Clos Ne","(O) No Injury","Daylight","On Roadway - Non-Intersection","Rear End","Lenox Rd Ne","Dry","15:35:00","Lap and Shoulder Belt Used","Clear",0,33.831439,-84.356371,"Atlanta","FULTON","[""Motor Vehicle in Motion"",""Motor Vehicle in Motion""]","Aggressive Driving","[""Motor Vehicle in Motion"",""Motor Vehicle in Motion""]"
0,0,"Atlanta Police Department","2022-03-16","None and I-20","(C) Possible Injury / Complaint","Daylight","Entrance/Exit Ramp","Angle Crash","I-20","Wet","08:03:00","[""Unknown"",""Unknown"",""Unknown"",""Unknown"",""Unknown"",""Child Restraint System (Properly Used)"",""Unknown"",""Unknown""]","Rain",0,33.748887,-84.441917,"Atlanta","FULTON","[""Motor Vehicle in Motion"",""Motor Vehicle in Motion"",""Motor Vehicle in Motion"",""Motor Vehicle in Motion""]","Driver Lost Control","[""Motor Vehicle in Motion"",""Motor Vehicle in Motion"",""Motor Vehicle in Motion"",""Motor Vehicle in Motion""]"
0,0,"Atlanta Police Department","2022-03-16","I-75 and Exit 244","(O) No Injury","Dark-Not Lighted","Entrance/Exit Ramp","Sideswipe-Same Direction","I-75","Water (standing or moving)","02:04:00","[""Unknown"",""Unknown""]","Rain",0,33.719283,-84.39673,"Atlanta","FULTON","[""Motor Vehicle in Motion"",""Motor Vehicle in Motion""]","Changed Lanes Improperly","[""Motor Vehicle in Motion"",""Motor Vehicle in Motion""]"