"# Serious Injuries","# Visible Injuries","Agency Name (Crash Level) ","Date","Intersection Name (from Crash Report)","KABCO Severity","Light Conditions (Crash Level)","Location at Impact (Crash Level) ","Manner of Collision (Crash Level) ","Roadway (From Crash Report)","Surface Condition (Crash Level) ","Time","Safety Equipment (Crash Level) ","Weather Conditions (Crash Level)","# of Fatalities per Crash","Latitude","Longitude","Geolocated City","Geolocated County","First Harmful Event (Unit Order)","Operator/Pedestrian Contrib Factor (excl None, Other, No Contrib Factors)","Most Harmful Event (Crash Level)"
0,0,"Atlanta Police Department","2022-03-16","8Th St Nw and Spring St Nw","(O) No Injury","Dark-Lighted","On Roadway - Roadway Intersection","Angle Crash","8Th St Nw","Wet","07:00:00","[""Lap and Shoulder Belt Used"",""Lap and Shoulder Belt Used""]","Rain",0,33.779542,-84.388816,"Atlanta","FULTON","[""Motor Vehicle in Motion"",""Motor Vehicle in Motion""]","Disregard Stop Sign/Signal","[""Motor Vehicle in Motion"",""Motor Vehicle in Motion""]"
0,0,"Atlanta Police Department","2022-03-16","I-75 S and Howell Mill Rd Nw","(O) No Injury","Daylight","On Roadway - Non-Intersection","Rear End","Howell Mill Rd Nw","Water (standing or moving)","18:43:00","[""Lap and Shoulder Belt Used"",""Lap and Shoulder Belt Used"",""Lap and Shoulder Belt Used""]","Rain",0,33.804846,-84.41345,"Atlanta","FULTON","[""Motor Vehicle in Motion"",""Motor Vehicle in Motion""]","Following Too Close","[""Motor Vehicle in Motion"",""Motor Vehicle in Motion""]"
0,0,"Atlanta Police Department","2022-03-16","North Ave Nw and W Peachtree St Nw","(C) Possible Injury / Complaint","Dark-Lighted","On Roadway - Roadway Intersection","Angle Crash","W Peachtree St Nw","Wet","07:34:00","[""Lap and Shoulder Belt Used"",""Lap and Shoulder Belt Used""]","Rain",0,33.771248,-84.387426,"Atlanta","FULTON","[""Motor Vehicle in Motion"",""Motor Vehicle in Motion""]","Failure to Yield","[""Motor Vehicle in Motion"",""Motor Vehicle in Motion""]"
0,0,"Dekalb Co Police Department","2022-03-16","Haygood Dr and N Decatur Rd","(O) No Injury","Daylight","On Roadway - Roadway Intersection","Sideswipe-Same Direction","N Decatur Rd","Dry","15:30:00","[""Lap and Shoulder Belt Used"",""Lap and Shoulder Belt Used""]","Cloudy",0,33.791983,-84.3147,"Atlanta","DEKALB","[""Motor Vehicle in Motion"",""Motor Vehicle in Motion""]","Changed Lanes Improperly","[""Motor Vehicle in Motion"",""Motor Vehicle in Motion""]"
0,0,"Gsp Post 00","2022-03-16","Andrews Drive and Peachtree Roadd","(O) No Injury","Dark-Not Lighted","Off Roadway","Not a Collision with Motor Vehicle","Peachtree Roadd","Wet","23:09:00","[""Lap and Shoulder Belt Used"",""Lap and Shoulder Belt Used""]","Cloudy",0,33.829969,-84.38702,"Atlanta","FULTON","Curb","[""Under the Influence (U.I.)"",""Too Fast for Conditions""]","Utility Pole"
0,0,"Gsp Post 00","2022-03-16","None and 2100-Blk Piedmoint Rd Ne","(C) Possible Injury / Complaint","Dark-Not Lighted","On Roadway - Non-Intersection","Rear End","2100-Blk Piedmoint Rd Ne","Wet","23:15:00","[""Lap and Shoulder Belt Used"",""None Used"",""None Used""]","Rain",0,33.814795,-84.366587,"Atlanta","FULTON","[""Parked Motor Vehicle"",""Motor Vehicle in Motion""]","Under the Influence (U.I.)","[""Parked Motor Vehicle"",""Motor Vehicle in Motion""]"
0,0,"Atlanta Police Department","2022-03-16","I-75 and Exit 252B","(O) No Injury","Daylight","Entrance/Exit Ramp","Rear End","I-75","Water (standing or moving)","19:30:00","[""Lap and Shoulder Belt Used"",""Lap and Shoulder Belt Used""]","Rain",0,33.803642,-84.410745,"Atlanta","FULTON","[""Motor Vehicle in Motion"",""Motor Vehicle in Motion""]","Following Too Close","[""Motor Vehicle in Motion"",""Motor Vehicle in Motion""]"
0,0,"Atlanta Police Department","2022-03-16","None and I-85","(C) Possible Injury / Complaint","Daylight","On Roadway - Non-Intersection","Rear End","I-85","Dry","15:19:00","Unknown","Cloudy",0,33.792816,-84.39242,"Atlanta","FULTON","[""Motor Vehicle in Motion"",""Motor Vehicle in Motion""]","Following Too Close","[""Motor Vehicle in Motion"",""Motor Vehicle in Motion""]"
0,0,"Gsp Post 00","2022-03-16","None and I-285Nb North Of Bolton Road","(C) Possible Injury / Complaint","Daylight","On Roadway - Non-Intersection","Rear End","I-285Nb North Of Bolton Road","Wet","09:39:00","[""Lap and Shoulder Belt Used"",""Lap and Shoulder Belt Used""]","Cloudy",0,33.805613,-84.492764,"Atlanta","FULTON","[""Motor Vehicle in Motion"",""Motor Vehicle in Motion""]","Following Too Close","[""Motor Vehicle in Motion"",""Motor Vehicle in Motion""]"
0,0,"Atlanta Police Department","2022-03-16","Roswell Rd Ne and Lakemoore Dr Ne","(O) No Injury","Dark-Lighted","On Roadway - Roadway Intersection","Rear End","Roswell Rd Ne","Wet","19:32:00","[""Unknown"",""Unknown""]","Rain",0,33.864971,-84.380779,"Atlanta","FULTON","[""Motor Vehicle in Motion"",""Motor Vehicle in Motion""]","Following Too Close","[""Motor Vehicle in Motion"",""Motor Vehicle in Motion""]"
0,0,"Atlanta Police Department","2022-03-16","I-75 S and Howell Mill Rd Nw","(C) Possible Injury / Complaint","Daylight","On Roadway - Roadway Intersection","Angle Crash","Howell Mill Rd Nw","Wet","07:00:00","[""Lap and Shoulder Belt Used"",""Lap and Shoulder Belt Used""]","Rain",0,33.804877,-84.413445,"Atlanta","FULTON","[""Motor Vehicle in Motion"",""Motor Vehicle in Motion""]","Disregard Other Traffic Control","[""Motor Vehicle in Motion"",""Motor Vehicle in Motion""]"
0,0,"Atlanta Police Department","2022-03-16","I-75 N and Crown Rd Se","(C) Possible Injury / Complaint","Daylight","On Roadway - Non-Intersection","Sideswipe-Same Direction","Crown Rd Se","Dry","08:00:00","[""Unknown"",""Unknown""]","Clear",0,33.652415,-84.396248,"Atlanta","FULTON","[""Motor Vehicle in Motion"",""Motor Vehicle in Motion""]","Changed Lanes Improperly","[""Motor Vehicle in Motion"",""Motor Vehicle in Motion""]"
0,0,"Atlanta Police Department","2022-03-16","None and I-75","(O) No Injury","Dark-Not Lighted","On Roadway - Non-Intersection","Angle Crash","I-75","Dry","21:30:00","[""Lap and Shoulder Belt Used"",""Lap and Shoulder Belt Used""]","Clear",0,33.697894,-84.404508,"Atlanta","FULTON","[""Motor Vehicle in Motion"",""Motor Vehicle in Motion""]","[""Changed Lanes Improperly"",""Changed Lanes Improperly""]","[""Motor Vehicle in Motion"",""Motor Vehicle in Motion""]"
0,0,"Atlanta Police Department","2022-03-16","North Ave Nw and I-75-85 Sb Expy Nw","(O) No Injury","Daylight","On Roadway - Non-Intersection","Rear End","I-75-85 Sb Expy Nw","Dry","13:00:00","[""Lap Belt Only Used"",""Lap Belt Only Used""]","Cloudy",0,33.771372,-84.390453,"Atlanta","FULTON","[""Motor Vehicle in Motion"",""Motor Vehicle in Motion""]","Following Too Close","[""Motor Vehicle in Motion"",""Motor Vehicle in Motion""]"
0,1,"Atlanta Police Department","2022-03-16","Commercial Ave Nw and Donald Lee Hollowell Pkwy Nw","(B) Suspected Minor/Visible Injury","Dark-Lighted","On Roadway - Roadway Intersection","Not a Collision with Motor Vehicle","Donald Lee Hollowell Pkwy Nw","Wet","06:15:00","[""Unknown"",""None Used""]","Rain",0,33.775294,-84.47117,"Atlanta","FULTON","[""Pedestrian"",""Motor Vehicle in Motion""]","Failure to Yield","Pedestrian"
0,0,"Atlanta Police Department","2022-03-16","Deering Rd Nw and Northside Dr Nw","(C) Possible Injury / Complaint","Dark-Lighted","On Roadway - Roadway Intersection","Rear End","Northside Dr Nw","Dry","22:00:00","[""Unknown"",""Unknown""]","Clear",0,33.797113,-84.40785,"Atlanta","FULTON","[""Motor Vehicle in Motion"",""Motor Vehicle in Motion""]","Following Too Close","[""Motor Vehicle in Motion"",""Motor Vehicle in Motion""]"
0,0,"Atlanta Police Department","2022-03-16","6Th St Nw and Etheridge Dr Nw","(C) Possible Injury / Complaint","Daylight","On Roadway - Non-Intersection","Sideswipe-Same Direction","Etheridge Dr Nw","Wet","08:18:00","[""Lap and Shoulder Belt Used"",""Lap and Shoulder Belt Used"",""Lap and Shoulder Belt Used"",""Lap and Shoulder Belt Used"",""Booster Seat (Properly Used)""]","Cloudy",0,33.788011,-84.471874,"Atlanta","FULTON","[""Motor Vehicle in Motion"",""Motor Vehicle in Motion""]","Improper Backing","[""Motor Vehicle in Motion"",""Motor Vehicle in Motion""]"
0,0,"South Fulton Police Department","2022-03-16","I20 Eb and Fulton Industrial Blvd Sw","(O) No Injury","Daylight","On Roadway - Non-Intersection","Rear End","I20 Eb","Dry","14:31:00","[""Lap and Shoulder Belt Used"",""Lap and Shoulder Belt Used""]","Cloudy",0,33.765182,-84.51313,"Atlanta","FULTON","[""Motor Vehicle in Motion"",""Motor Vehicle in Motion""]",,"[""Motor Vehicle in Motion"",""Motor Vehicle in Motion""]"
0,0,"Atlanta Police Department","2022-03-16","None and I-285","(C) Possible Injury / Complaint","Dark-Lighted","On Roadway - Non-Intersection","Sideswipe-Same Direction","I-285","Wet","00:10:00","[""Unknown"",""Unknown""]","Rain",0,33.752131,-84.49594,"Atlanta","FULTON","[""Motor Vehicle in Motion"",""Motor Vehicle in Motion""]","Driver Lost Control","[""Motor Vehicle in Motion"",""Motor Vehicle in Motion""]"
0,0,"Atlanta Police Department","2022-03-16","Pryor Rd Sw and University Ave Sw","(C) Possible Injury / Complaint","Daylight","On Roadway - Roadway Intersection","Rear End","University Ave Sw","Dry","17:00:00","[""Unknown"",""Unknown""]","Clear",0,33.721894,-84.39337,"Atlanta","FULTON","[""Motor Vehicle in Motion"",""Motor Vehicle in Motion""]",,"Motor Vehicle in Motion"
0,0,"Atlanta Police Department","2022-03-16","None and I-75","(O) No Injury","Dark-Lighted","Entrance/Exit Ramp","Rear End","I-75","Water (standing or moving)","21:14:00","[""Unknown"",""Lap and Shoulder Belt Used""]","Cloudy",0,33.755903,-84.378238,"Atlanta","FULTON","[""Motor Vehicle in Motion"",""Motor Vehicle in Motion""]","Following Too Close","[""Motor Vehicle in Motion"",""Motor Vehicle in Motion""]"
0,0,"Atlanta Police Department","2022-03-16","None and I-20","(O) No Injury","Daylight","On Roadway - Non-Intersection","Rear End","I-20","Water (standing or moving)","19:00:00","[""Unknown"",""Unknown"",""Unknown"",""Unknown""]","Rain",0,33.765792,-84.504639,"Atlanta","FULTON","[""Motor Vehicle in Motion"",""Motor Vehicle in Motion"",""Motor Vehicle in Motion"",""Motor Vehicle in Motion""]","Following Too Close","[""Motor Vehicle in Motion"",""Motor Vehicle in Motion"",""Motor Vehicle in Motion"",""Motor Vehicle in Motion""]"
0,0,"Atlanta Police Department","2022-03-16","None and I-85","(C) Possible Injury / Complaint","Dark-Lighted","On Roadway - Non-Intersection","Angle Crash","I-85","Wet","04:50:00","[""Unknown"",""Unknown""]","Rain",0,33.795726,-84.393363,"Atlanta","FULTON","[""Motor Vehicle in Motion"",""Motor Vehicle in Motion""]","[""Driver Lost Control"",""Too Fast for Conditions""]","[""Motor Vehicle in Motion"",""Motor Vehicle in Motion""]"
0,0,"Atlanta Police Department","2022-03-16","Isa Dr Se and Kipling St Se","(C) Possible Injury / Complaint","Daylight","On Roadway - Roadway Intersection","Head On","Kipling St Se","Dry","16:30:00","[""Lap and Shoulder Belt Used"",""Lap and Shoulder Belt Used"",""Lap and Shoulder Belt Used"",""Child Restraint System (Properly Used)"",""Lap and Shoulder Belt Used""]","Cloudy",0,33.700681,-84.350759,"Atlanta","FULTON","[""Motor Vehicle in Motion"",""Motor Vehicle in Motion""]",,"[""Motor Vehicle in Motion"",""Motor Vehicle in Motion""]"
0,0,"Atlanta Police Department","2022-03-16","Ga-400 and Sidney Marcus Blvd Ne","(O) No Injury","Daylight","On Roadway - Roadway Intersection","Rear End","Ga-400","Dry","09:00:00","[""Unknown"",""Unknown""]","Clear",0,33.82538,-84.359933,"Atlanta","FULTON","[""Motor Vehicle in Motion"",""Motor Vehicle in Motion""]",,"[""Motor Vehicle in Motion"",""Motor Vehicle in Motion""]"
0,1,"Atlanta Police Department","2022-03-16","Pryor Rd Sw and University Ave Sw","(B) Suspected Minor/Visible Injury","Daylight","On Roadway - Driveway Intersection","Sideswipe-Opposite Direction","University Ave Sw","Wet","18:18:00","[""Unknown"",""Unknown""]","Rain",0,33.721632,-84.392718,"Atlanta","FULTON","[""Motor Vehicle in Motion"",""Motor Vehicle in Motion""]","[""Improper Turn"",""Improper Turn""]","[""Motor Vehicle in Motion"",""Motor Vehicle in Motion""]"
0,0,"Atlanta Police Department","2022-03-16","Miami Cir Ne and Piedmont Rd Ne","(C) Possible Injury / Complaint","Daylight","On Roadway - Non-Intersection","Rear End","Piedmont Rd Ne","Water (standing or moving)","18:00:00","[""Unknown"",""Unknown"",""Unknown"",""Unknown""]","Rain",0,33.828016,-84.367284,"Atlanta","FULTON","[""Motor Vehicle in Motion"",""Motor Vehicle in Motion""]","Following Too Close","[""Motor Vehicle in Motion"",""Motor Vehicle in Motion""]"
0,0,"Atlanta Police Department","2022-03-16","None and I-75","(O) No Injury","Daylight","On Roadway - Non-Intersection","Sideswipe-Same Direction","I-75","Wet","17:25:00","[""Unknown"",""Unknown""]","Rain",0,33.755279,-84.378243,"Atlanta","FULTON","[""Motor Vehicle in Motion"",""Motor Vehicle in Motion""]","[""Following Too Close"",""Following Too Close""]","[""Motor Vehicle in Motion"",""Motor Vehicle in Motion""]"
0,0,"Atlanta Police Department","2022-03-16","I-75 S and Crown Rd Se","(O) No Injury","Dark-Lighted","On Roadway - Non-Intersection","Sideswipe-Same Direction","Crown Rd Se","Wet","05:50:00","[""Unknown"",""Unknown"",""Unknown""]","Rain",0,33.652994,-84.396352,"Atlanta","FULTON","[""Motor Vehicle in Motion"",""Motor Vehicle in Motion"",""Motor Vehicle in Motion""]","[""Changed Lanes Improperly"",""Under the Influence (U.I.)""]","[""Motor Vehicle in Motion"",""Motor Vehicle in Motion"",""Motor Vehicle in Motion""]"
0,0,"Atlanta Police Department","2022-03-16","28Th St Nw and Peachtree St Ne","(O) No Injury","Daylight","On Roadway - Roadway Intersection","Angle Crash","28Th St Nw","Wet","08:00:00","[""Unknown"",""Lap and Shoulder Belt Used""]","Rain",0,33.80559,-84.393899,"Atlanta","FULTON","[""Motor Vehicle in Motion"",""Motor Vehicle in Motion""]","Failure to Yield","[""Motor Vehicle in Motion"",""Motor Vehicle in Motion""]"
0,0,"Atlanta Police Department","2022-03-16","I-75 Mill and Howell Mill Rd","(O) No Injury","Daylight","Entrance/Exit Ramp","Angle Crash","I-75 Mill","Wet","09:00:00","[""Lap and Shoulder Belt Used"",""Lap and Shoulder Belt Used""]","Rain",0,33.807516,-84.416907,"Atlanta","FULTON","[""Motor Vehicle in Motion"",""Motor Vehicle in Motion""]",,"[""Motor Vehicle in Motion"",""Motor Vehicle in Motion""]"
0,0,"Atlanta Police Department","2022-03-16","Exit 252B and Howell Mill Rd Nw","(O) No Injury","Daylight","On Roadway - Non-Intersection","Rear End","Howell Mill Rd Nw","Dry","14:01:00","[""Unknown"",""Unknown"",""Unknown""]","Cloudy",0,33.805598,-84.413142,"Atlanta","FULTON","[""Motor Vehicle in Motion"",""Motor Vehicle in Motion"",""Motor Vehicle in Motion""]","Following Too Close","[""Motor Vehicle in Motion"",""Motor Vehicle in Motion"",""Motor Vehicle in Motion""]"
0,1,"Atlanta Police Department","2022-03-16","Bolton Rd Nw and Marietta Blvd Nw","(B) Suspected Minor/Visible Injury","Daylight","On Roadway - Non-Intersection","Rear End","Bolton Rd Nw","Wet","08:33:00","[""Lap and Shoulder Belt Used"",""Lap and Shoulder Belt Used"",""Lap and Shoulder Belt Used""]","Cloudy",0,33.821253,-84.455076,"Atlanta","FULTON","[""Motor Vehicle in Motion"",""Motor Vehicle in Motion""]","Following Too Close","[""Motor Vehicle in Motion"",""Motor Vehicle in Motion""]"
0,0,"Atlanta Police Department","2022-03-16","None and I-75","(O) No Injury","Daylight","On Roadway - Non-Intersection","Rear End","I-75","Wet","11:00:00","[""Lap Belt Only Used"",""Lap and Shoulder Belt Used""]","Rain",0,33.864554,-84.439364,"Atlanta","FULTON","[""Motor Vehicle in Motion"",""Motor Vehicle in Motion""]","Following Too Close","[""Motor Vehicle in Motion"",""Motor Vehicle in Motion""]"
0,0,"Atlanta Police Department","2022-03-16","Woodland Ave Ne and Cheshire Bridge Rd Ne","(O) No Injury","Daylight","On Roadway - Roadway Intersection","Angle Crash","Cheshire Bridge Rd Ne","Dry","11:30:00","[""Unknown"",""Unknown""]","Cloudy",0,33.815022,-84.35303,"Atlanta","FULTON","[""Motor Vehicle in Motion"",""Motor Vehicle in Motion""]","Failure to Yield","[""Motor Vehicle in Motion"",""Motor Vehicle in Motion""]"
0,0,"Atlanta Police Department","2022-03-16","Mt Zion Rd Sw and The Terraces Apartment Homes","(O) No Injury","Daylight","On Roadway - Non-Intersection","Rear End","Mt Zion Rd Sw","Dry","11:00:00","[""Unknown"",""Unknown""]","Clear",0,33.672834,-84.390902,"Atlanta","FULTON","[""Motor Vehicle in Motion"",""Motor Vehicle in Motion""]","Improper Backing","[""Motor Vehicle in Motion"",""Motor Vehicle in Motion""]"
0,0,"Atlanta Police Department","2022-03-16","Spelman Ln Sw and Northside Dr Sw","(C) Possible Injury / Complaint","Daylight","On Roadway - Roadway Intersection","Sideswipe-Same Direction","Northside Dr Sw","Dry","16:30:00","[""None Used"",""None Used"",""None Used""]","Cloudy",0,33.744348,-84.408394,"Atlanta","FULTON","[""Motor Vehicle in Motion"",""Motor Vehicle in Motion""]",,"[""Motor Vehicle in Motion"",""Motor Vehicle in Motion""]"
0,0,"Atlanta Police Department","2022-03-16","None and I-20","(O) No Injury","Daylight","On Roadway - Non-Intersection","Angle Crash","I-20","Water (standing or moving)","08:34:00","[""Unknown"",""Unknown"",""Unknown""]","Rain",0,33.750158,-84.44364,"Atlanta","FULTON","[""Motor Vehicle in Motion"",""Motor Vehicle in Motion""]","Changed Lanes Improperly","[""Motor Vehicle in Motion"",""Motor Vehicle in Motion""]"
0,2,"East Point Police Department","2022-03-16","Stone Rd and Ridgeview Dr","(B) Suspected Minor/Visible Injury","Daylight","On Roadway - Roadway Intersection","Angle Crash","Ridgeview Dr","Dry","07:23:00","[""Lap and Shoulder Belt Used"",""Lap and Shoulder Belt Used"",""Lap and Shoulder Belt Used""]","Clear",0,33.669504,-84.492304,"Atlanta","FULTON","[""Motor Vehicle in Motion"",""Motor Vehicle in Motion""]","Failure to Yield","[""Motor Vehicle in Motion"",""Motor Vehicle in Motion""]"
0,0,"Atlanta Police Department","2022-03-16","16Th St Nw and Northside Dr Nw","(O) No Injury","Dark-Lighted","On Roadway - Roadway Intersection","Angle Crash","16Th St Nw","Dry","20:33:00","[""Unknown"",""Unknown""]","Cloudy",0,33.787573,-84.407518,"Atlanta","FULTON","[""Motor Vehicle in Motion"",""Motor Vehicle in Motion""]","Improper Turn","[""Motor Vehicle in Motion"",""Motor Vehicle in Motion""]"
0,1,"Atlanta Police Department","2022-03-16","Florence Pl Nw and Donald Lee Hollowell Pkwy Nw","(B) Suspected Minor/Visible Injury","Daylight","On Roadway - Non-Intersection","Angle Crash","Florence Pl Nw","Wet","11:35:00","[""Unknown"",""Lap and Shoulder Belt Used"",""Lap and Shoulder Belt Used""]","Cloudy",0,33.772398,-84.441119,"Atlanta","FULTON","[""Motor Vehicle in Motion"",""Motor Vehicle in Motion""]","Failure to Yield","[""Motor Vehicle in Motion"",""Motor Vehicle in Motion""]"
0,0,"Atlanta Police Department","2022-03-16","I-20 and Exit 58A","(O) No Injury","Daylight","On Roadway - Non-Intersection","Rear End","I-20","Water (standing or moving)","08:00:00","[""Unknown"",""Unknown""]","Rain",0,33.743496,-84.378645,"Atlanta","FULTON","[""Motor Vehicle in Motion"",""Motor Vehicle in Motion""]",,"[""Motor Vehicle in Motion"",""Motor Vehicle in Motion""]"
0,0,"Atlanta Police Department","2022-03-16","Joseph E Boone Blvd Nw and Joseph E Lowery Blvd Nw","(C) Possible Injury / Complaint","Daylight","On Roadway - Non-Intersection","Sideswipe-Same Direction","Joseph E Boone Blvd Nw","Dry","15:50:00","[""Unknown"",""Unknown"",""Unknown""]","Cloudy",0,33.763485,-84.416842,"Atlanta","FULTON","[""Motor Vehicle in Motion"",""Motor Vehicle in Motion""]","[""Changed Lanes Improperly"",""Improper Turn""]","[""Motor Vehicle in Motion"",""Motor Vehicle in Motion""]"
0,0,"Atlanta Police Department","2022-03-16","Custer Ave Se and Moreland Ave Se","(O) No Injury","Daylight","On Roadway - Non-Intersection","Angle Crash","Moreland Ave Se","Wet","19:00:00","[""Unknown"",""Unknown""]","Rain",0,33.716247,-84.349504,"Atlanta","FULTON","[""Motor Vehicle in Motion"",""Motor Vehicle in Motion""]",,"[""Motor Vehicle in Motion"",""Motor Vehicle in Motion""]"
0,0,"Atlanta Police Department","2022-03-16","Lee St Sw and White St Sw","(O) No Injury","Daylight","On Roadway - Non-Intersection","Rear End","White St Sw","Water (standing or moving)","17:00:00","[""Lap and Shoulder Belt Used"",""Lap and Shoulder Belt Used""]","Clear",0,33.729438,-84.416047,"Atlanta","FULTON","[""Motor Vehicle in Motion"",""Motor Vehicle in Motion""]",,"[""Motor Vehicle in Motion"",""Motor Vehicle in Motion""]"
0,0,"Atlanta Police Department","2022-03-16","Marietta St Nw and Donald Lee Hollowell Pkwy Nw","(O) No Injury","Daylight","On Roadway - Roadway Intersection","Rear End","Donald Lee Hollowell Pkwy Nw","Dry","16:13:00","[""Unknown"",""Unknown""]","Cloudy",0,33.773584,-84.404544,"Atlanta","FULTON","[""Motor Vehicle in Motion"",""Motor Vehicle in Motion""]","Following Too Close","[""Motor Vehicle in Motion"",""Motor Vehicle in Motion""]"
0,0,"Atlanta Police Department","2022-03-16","I-75 and 10Th St Nw","(O) No Injury","Daylight","On Roadway - Non-Intersection","Angle Crash","I-75","Dry","17:26:00","[""Unknown"",""Unknown""]","Cloudy",0,33.781412,-84.391215,"Atlanta","FULTON","[""Motor Vehicle in Motion"",""Motor Vehicle in Motion""]","Changed Lanes Improperly","[""Motor Vehicle in Motion"",""Motor Vehicle in Motion""]"
0,0,"Atlanta Police Department","2022-03-16","I-85 and I-75 N","(O) No Injury","Dark-Lighted","On Roadway - Non-Intersection","Angle Crash","I-85","Wet","22:13:00","[""Lap and Shoulder Belt Used"",""Lap and Shoulder Belt Used""]","Rain",0,33.796144,-84.393406,"Atlanta","FULTON","[""Motor Vehicle in Motion"",""Motor Vehicle in Motion""]","Changed Lanes Improperly","[""Motor Vehicle in Motion"",""Motor Vehicle in Motion""]"
0,0,"Atlanta Police Department","2022-03-16","None and I-75","(O) No Injury","Daylight","On Roadway - Non-Intersection","Angle Crash","I-75","Wet","09:00:00","[""Lap and Shoulder Belt Used"",""Lap and Shoulder Belt Used""]","Rain",0,33.744415,-84.390973,"Atlanta","FULTON","[""Motor Vehicle in Motion"",""Motor Vehicle in Motion""]","Driver Lost Control","[""Motor Vehicle in Motion"",""Motor Vehicle in Motion""]"
0,0,"Atlanta Police Department","2022-03-16","None and Northside Dr Nw","(C) Possible Injury / Complaint","Daylight","On Roadway - Non-Intersection","Rear End","Northside Dr Nw","Dry","16:20:00","[""Shoulder Belt Only Used"",""Shoulder Belt Only Used"",""Shoulder Belt Only Used""]","Clear",0,33.794688,-84.407856,"Atlanta","FULTON","[""Motor Vehicle in Motion"",""Motor Vehicle in Motion"",""Motor Vehicle in Motion""]","Following Too Close","[""Motor Vehicle in Motion"",""Motor Vehicle in Motion"",""Motor Vehicle in Motion""]"
0,0,"Atlanta Police Department","2022-03-16","Spelman Ln Sw and Northside Dr Sw","(O) No Injury","Daylight","On Roadway - Non-Intersection","Rear End","Northside Dr Sw","Dry","17:00:00","[""None Used"",""None Used""]","Clear",0,33.744264,-84.408369,"Atlanta","FULTON","[""Motor Vehicle in Motion"",""Motor Vehicle in Motion""]",,"[""Motor Vehicle in Motion"",""Motor Vehicle in Motion""]"
0,0,"Atlanta Police Department","2022-03-16","Jett St Nw and Northside Dr Nw","(O) No Injury","Daylight","On Roadway - Non-Intersection","Angle Crash","Northside Dr Nw","Wet","12:00:00","[""Unknown"",""Unknown""]","Rain",0,33.767597,-84.404854,"Atlanta","FULTON","[""Motor Vehicle in Motion"",""Motor Vehicle in Motion""]","Failure to Yield","[""Motor Vehicle in Motion"",""Motor Vehicle in Motion""]"
0,0,"Atlanta Police Department","2022-03-16","Magnolia St Nw and Northside Dr Nw","(C) Possible Injury / Complaint","Daylight","On Roadway - Roadway Intersection","Angle Crash","Magnolia St Nw","Wet","19:00:00","Unknown","Cloudy",0,33.758086,-84.402776,"Atlanta","FULTON","[""Motor Vehicle in Motion"",""Motor Vehicle in Motion""]","Disregard Stop Sign/Signal","[""Motor Vehicle in Motion"",""Motor Vehicle in Motion""]"
0,0,"Atlanta Police Department","2022-03-16","Cleburne Ter Ne and Ponce De Leon Ave Ne","(O) No Injury","Dark-Lighted","On Roadway - Roadway Intersection","Rear End","Ponce De Leon Ave Ne","Wet","22:05:00","[""Unknown"",""Lap and Shoulder Belt Used""]","Rain",0,33.773831,-84.353246,"Atlanta","FULTON","[""Motor Vehicle in Motion"",""Motor Vehicle in Motion""]","[""Too Fast for Conditions"",""Following Too Close""]","[""Motor Vehicle in Motion"",""Motor Vehicle in Motion""]"
0,0,"Atlanta Police Department","2022-03-16","I-75 and Exit 244","(O) No Injury","Dark-Lighted","On Roadway - Non-Intersection","Sideswipe-Same Direction","I-75","Wet","21:42:00","[""Unknown"",""Lap and Shoulder Belt Used""]","Clear",0,33.718058,-84.397563,"Atlanta","FULTON","[""Motor Vehicle in Motion"",""Motor Vehicle in Motion""]","Changed Lanes Improperly","[""Motor Vehicle in Motion"",""Motor Vehicle in Motion""]"
0,0,"Atlanta Police Department","2022-03-16","Virginia St and Charlotte Pl Nw","(C) Possible Injury / Complaint","Dark-Lighted","On Roadway - Non-Intersection","Angle Crash","Charlotte Pl Nw","Dry","20:30:00","[""Unknown"",""Lap and Shoulder Belt Used"",""Lap and Shoulder Belt Used"",""Booster Seat (Properly Used)""]","Cloudy",0,33.775766,-84.450903,"Atlanta","FULTON","[""Motor Vehicle in Motion"",""Motor Vehicle in Motion"",""Motor Vehicle in Motion""]","[""Under the Influence (U.I.)"",""Too Fast for Conditions""]","[""Motor Vehicle in Motion"",""Motor Vehicle in Motion"",""Motor Vehicle in Motion""]"
0,0,"Atlanta Police Department","2022-03-16","I-20 and Glenwood Ave Se","(O) No Injury","Dark-Lighted","On Roadway - Non-Intersection","Not a Collision with Motor Vehicle","I-20","Water (standing or moving)","01:00:00","Unknown","Rain",0,33.740366,-84.328751,"Atlanta","DEKALB","Other Non-Collision","Too Fast for Conditions","Median Barrier"
1,0,"Atlanta Police Department","2022-03-16","Steve Porter Way and Tower Place Dr Ne","(A) Suspected Serious Injury","Dark-Not Lighted","On Roadway - Roadway Intersection","Angle Crash","Steve Porter Way","Wet","19:30:00","[""Lap and Shoulder Belt Used"",""Lap and Shoulder Belt Used""]","Rain",0,33.845114,-84.368985,"Atlanta","FULTON","[""Motor Vehicle in Motion"",""Motor Vehicle in Motion""]",,"[""Motor Vehicle in Motion"",""Motor Vehicle in Motion""]"