"# Serious Injuries","# Visible Injuries","Agency Name (Crash Level) ","Date","Intersection Name (from Crash Report)","KABCO Severity","Light Conditions (Crash Level)","Location at Impact (Crash Level) ","Manner of Collision (Crash Level) ","Roadway (From Crash Report)","Surface Condition (Crash Level) ","Time","Safety Equipment (Crash Level) ","Weather Conditions (Crash Level)","# of Fatalities per Crash","Latitude","Longitude","Geolocated City","Geolocated County","First Harmful Event (Unit Order)","Operator/Pedestrian Contrib Factor (excl None, Other, No Contrib Factors)","Most Harmful Event (Crash Level)"
0,0,"Atlanta Police Department","2022-03-16","Piedmont Rd Ne and Peachtree Rd Ne","(O) No Injury","Dark-Lighted","On Roadway - Roadway Intersection","Angle Crash","Piedmont Rd Ne","Other","00:00:00","[""Unknown"",""Shoulder Belt Only Used""]","Cloudy",0,33.843735,-84.371356,"Atlanta","FULTON","[""Motor Vehicle in Motion"",""Motor Vehicle in Motion""]","Failure to Yield","Motor Vehicle in Motion"
0,0,"Gsp Post 00","2022-03-16","Fairburn Road Southbound and Benjamin E. Mays Drive Sw","(O) No Injury","Daylight","On Roadway - Non-Intersection","Sideswipe-Opposite Direction","Fairburn Road Southbound","Wet","17:30:00","[""Unknown"",""Lap and Shoulder Belt Used""]","Cloudy",0,33.740701,-84.510216,"Atlanta","FULTON","[""Motor Vehicle in Motion"",""Motor Vehicle in Motion""]","[""Disregard Police - Evasion"",""Wrong Side of Road""]","[""Motor Vehicle in Motion"",""Motor Vehicle in Motion""]"
0,0,"Atlanta Police Department","2022-03-16","Piedmont Rd Ne and Lindbergh Way Ne","(O) No Injury","Dark-Lighted","On Roadway - Roadway Intersection","Angle Crash","Lindbergh Way Ne","Wet","21:58:00","[""Lap and Shoulder Belt Used"",""Lap and Shoulder Belt Used""]","Clear",0,33.820642,-84.367536,"Atlanta","FULTON","[""Motor Vehicle in Motion"",""Motor Vehicle in Motion""]","Failure to Yield","[""Motor Vehicle in Motion"",""Motor Vehicle in Motion""]"
0,0,"Atlanta Police Department","2022-03-16","None and I-75","(O) No Injury","Dark-Lighted","On Roadway - Non-Intersection","Sideswipe-Same Direction","I-75","Wet","19:00:00","[""Shoulder Belt Only Used"",""Shoulder Belt Only Used""]","Rain",0,33.797155,-84.395396,"Atlanta","FULTON","[""Motor Vehicle in Motion"",""Motor Vehicle in Motion""]","Changed Lanes Improperly","[""Motor Vehicle in Motion"",""Motor Vehicle in Motion""]"
0,0,"Atlanta Police Department","2022-03-17","Peek Rd Nw and Donald Lee Hollowell Pkwy Nw","(O) No Injury","Daylight","On Roadway - Non-Intersection","Rear End","Donald Lee Hollowell Pkwy Nw","Dry","09:10:00","[""Lap and Shoulder Belt Used"",""Lap and Shoulder Belt Used""]","Clear",0,33.778172,-84.477747,"Atlanta","FULTON","[""Motor Vehicle in Motion"",""Motor Vehicle in Motion""]","Following Too Close","[""Motor Vehicle in Motion"",""Motor Vehicle in Motion""]"
0,0,"Atlanta Police Department","2022-03-17","Pryor St Sw and Fulton St Sw","(C) Possible Injury / Complaint","Daylight","On Roadway - Roadway Intersection","Angle Crash","Pryor St Sw","Dry","17:00:00","[""Unknown"",""Unknown"",""Unknown"",""Unknown"",""Unknown""]","Clear",0,33.741946,-84.394509,"Atlanta","FULTON","[""Motor Vehicle in Motion"",""Motor Vehicle in Motion"",""Motor Vehicle in Motion""]","Disregard Stop Sign/Signal","[""Motor Vehicle in Motion"",""Motor Vehicle in Motion"",""Motor Vehicle in Motion""]"
0,0,"Atlanta Police Department","2022-03-17","Sheridan Rd Ne and Cheshire Bridge Rd Ne","(C) Possible Injury / Complaint","Dark-Lighted","On Roadway - Non-Intersection","Angle Crash","Cheshire Bridge Rd Ne","Dry","23:40:00","[""Unknown"",""Unknown"",""Unknown"",""Booster Seat (Properly Used)""]","Clear",0,33.820673,-84.351394,"Atlanta","FULTON","[""Motor Vehicle in Motion"",""Motor Vehicle in Motion""]","Reckless Driving","[""Motor Vehicle in Motion"",""Motor Vehicle in Motion""]"
0,0,"Atlanta Police Department","2022-03-17","Fulton Brg Se and Thomasville Blvd Se","(O) No Injury","Dark-Lighted","On Roadway - Roadway Intersection","Angle Crash","Fulton Brg Se","Dry","23:25:00","Lap and Shoulder Belt Used","Clear",0,33.705801,-84.361234,"Atlanta","FULTON","[""Motor Vehicle in Motion"",""Motor Vehicle in Motion""]","Aggressive Driving","[""Motor Vehicle in Motion"",""Motor Vehicle in Motion""]"
0,0,"Gsp Post 00","2022-03-17","North Ave and I-7585 Conn Nb","(C) Possible Injury / Complaint","Daylight","On Roadway - Non-Intersection","Rear End","I-7585 Conn Nb","Dry","09:51:00","[""Lap and Shoulder Belt Used"",""Lap and Shoulder Belt Used"",""Lap and Shoulder Belt Used"",""Lap and Shoulder Belt Used""]","Clear",0,33.771436,-84.39006,"Atlanta","FULTON","[""Motor Vehicle in Motion"",""Motor Vehicle in Motion"",""Motor Vehicle in Motion""]","Following Too Close","[""Motor Vehicle in Motion"",""Motor Vehicle in Motion"",""Motor Vehicle in Motion""]"
0,0,"Gsp Post 00","2022-03-17","Interstate 20 West and Lee Street Overpass","(O) No Injury","Daylight","On Roadway - Non-Intersection","Not a Collision with Motor Vehicle","Interstate 20 West","Dry","18:50:00","Lap and Shoulder Belt Used","Clear",0,33.741454,-84.412656,"Atlanta","FULTON","Other Object (Not Fixed)",,"Impact Attenuate"
0,0,"Atlanta Police Department","2022-03-17","I-75 and Exit 251","(C) Possible Injury / Complaint","Dark-Lighted","On Roadway - Non-Intersection","Angle Crash","I-75","Dry","21:50:00","[""Lap and Shoulder Belt Used"",""Lap and Shoulder Belt Used""]","Clear",0,33.798067,-84.395909,"Atlanta","FULTON","[""Motor Vehicle in Motion"",""Motor Vehicle in Motion""]","Changed Lanes Improperly","[""Motor Vehicle in Motion"",""Motor Vehicle in Motion""]"
0,0,"Gsp Post 00","2022-03-17","Lee Street and Ralph David Abernathy Blvd Sw","(O) No Injury","Dark-Not Lighted","On Roadway - Non-Intersection","Sideswipe-Same Direction","Ralph David Abernathy Blvd Sw","Dry","23:06:00","[""None Used"",""Unknown"",""Lap and Shoulder Belt Used"",""Lap and Shoulder Belt Used""]","Clear",0,33.738248,-84.414315,"Atlanta","FULTON","[""Motor Vehicle in Motion"",""Motor Vehicle in Motion"",""Motor Vehicle in Motion""]","[""Exceeding Speed Limit"",""Disregard Police - Evasion"",""Reckless Driving""]","[""Motor Vehicle in Motion"",""Motor Vehicle in Motion"",""Motor Vehicle in Motion""]"
0,0,"Atlanta Police Department","2022-03-17","Sandy Creek Rd Nw and Fulton Industrial Blvd Nw","(O) No Injury","Dark-Lighted","On Roadway - Driveway Intersection","Rear End","Fulton Industrial Blvd Nw","Dry","11:27:00","[""Lap and Shoulder Belt Used"",""Lap and Shoulder Belt Used""]","Clear",0,33.783126,-84.507119,"Atlanta","FULTON","[""Motor Vehicle in Motion"",""Motor Vehicle in Motion""]","Following Too Close","[""Motor Vehicle in Motion"",""Motor Vehicle in Motion""]"
0,0,"Atlanta Police Department","2022-03-17","Peachtree Pl Nw and W Peachtree St Nw","(O) No Injury","Daylight","On Roadway - Roadway Intersection","Sideswipe-Same Direction","W Peachtree St Nw","Dry","14:00:00","[""Lap and Shoulder Belt Used"",""Lap and Shoulder Belt Used""]","Clear",0,33.780724,-84.387507,"Atlanta","FULTON","[""Motor Vehicle in Motion"",""Motor Vehicle in Motion""]","[""Improper Passing"",""Improper Passing""]","[""Motor Vehicle in Motion"",""Motor Vehicle in Motion""]"
0,0,"Atlanta Police Department","2022-03-17","Dekalb Ave Ne and Arizona Ave Ne","(O) No Injury","Daylight","On Roadway - Non-Intersection","Rear End","Dekalb Ave Ne","Dry","16:30:00","[""None Used"",""None Used""]","Clear",0,33.761524,-84.330976,"Atlanta","DEKALB","[""Motor Vehicle in Motion"",""Motor Vehicle in Motion""]",,"[""Motor Vehicle in Motion"",""Motor Vehicle in Motion""]"
0,0,"Atlanta Police Department","2022-03-17","Maple Dr Ne and Peachtree Rd Ne","(O) No Injury","Daylight","On Roadway - Roadway Intersection","Rear End","Peachtree Rd Ne","Dry","12:30:00","[""Lap and Shoulder Belt Used"",""Lap and Shoulder Belt Used""]","Clear",0,33.843068,-84.372443,"Atlanta","FULTON","[""Motor Vehicle in Motion"",""Motor Vehicle in Motion""]","Changed Lanes Improperly","[""Motor Vehicle in Motion"",""Motor Vehicle in Motion""]"
0,0,"Gsp Post 00","2022-03-17","Edgewood Ave and I-7585 Conn Nb","(O) No Injury","Dark-Lighted","On Roadway - Non-Intersection","Rear End","I-7585 Conn Nb","Wet","07:07:00","[""Lap and Shoulder Belt Used"",""Lap and Shoulder Belt Used""]","Cloudy",0,33.751802,-84.380189,"Atlanta","FULTON","[""Motor Vehicle in Motion"",""Motor Vehicle in Motion""]","Following Too Close","[""Motor Vehicle in Motion"",""Motor Vehicle in Motion""]"
0,0,"Atlanta Police Department","2022-03-17","N Highland Ave Ne and Ponce De Leon Ave Ne","(O) No Injury","Daylight","On Roadway - Roadway Intersection","Angle Crash","N Highland Ave Ne","Dry","17:55:00","[""Unknown"",""Unknown""]","Clear",0,33.773833,-84.352546,"Atlanta","FULTON","[""Motor Vehicle in Motion"",""Motor Vehicle in Motion""]",,"[""Motor Vehicle in Motion"",""Motor Vehicle in Motion""]"
0,0,"Atlanta Police Department","2022-03-17","None and Donald Lee Hollowell Pkwy Nw","(O) No Injury","Daylight","On Roadway - Roadway Intersection","Sideswipe-Same Direction","Donald Lee Hollowell Pkwy Nw","Dry","13:30:00","[""Lap and Shoulder Belt Used"",""Lap and Shoulder Belt Used"",""Lap and Shoulder Belt Used""]","Clear",0,33.77632,-84.473738,"Atlanta","FULTON","[""Other Object (Not Fixed)"",""Other Object (Not Fixed)""]","Changed Lanes Improperly","[""Other Object (Not Fixed)"",""Other Object (Not Fixed)""]"
0,0,"Atlanta Police Department","2022-03-17","Memorial Dr Se and Dahlgreen St Se","(O) No Injury","Daylight","On Roadway - Roadway Intersection","Angle Crash","Dahlgreen St Se","Dry","18:40:00","[""Unknown"",""Unknown""]","Clear",0,33.747601,-84.345435,"Atlanta","DEKALB","[""Motor Vehicle in Motion"",""Motor Vehicle in Motion""]","Improper Turn","[""Motor Vehicle in Motion"",""Motor Vehicle in Motion""]"
0,0,"Atlanta Police Department","2022-03-17","Oakdale St Nw and Grandview Ave Nw","(O) No Injury","Daylight","On Roadway - Non-Intersection","Sideswipe-Opposite Direction","Grandview Ave Nw","Wet","08:40:00","Unknown","Cloudy",0,33.808587,-84.472936,"Atlanta","FULTON","[""Motor Vehicle in Motion"",""Parked Motor Vehicle""]",,"[""Motor Vehicle in Motion"",""Parked Motor Vehicle""]"
0,2,"Gsp Post 00","2022-03-17","None and I-20 Wb Exit Ramp To Langhorn","(B) Suspected Minor/Visible Injury","Daylight","Entrance/Exit Ramp","Sideswipe-Same Direction","I-20 Wb Exit Ramp To Langhorn","Dry","00:26:00","[""None Used"",""None Used"",""Lap and Shoulder Belt Used"",""Lap and Shoulder Belt Used"",""Lap and Shoulder Belt Used""]","Clear",0,33.746945,-84.429885,"Atlanta","FULTON","[""Motor Vehicle in Motion"",""Motor Vehicle in Motion"",""Motor Vehicle in Motion""]","[""Disregard Police - Evasion"",""Reckless Driving""]","[""Motor Vehicle in Motion"",""Motor Vehicle in Motion"",""Motor Vehicle in Motion""]"
0,0,"Atlanta Police Department","2022-03-17","Slaton Dr Nw and W Paces Ferry Rd Nw","(O) No Injury","Daylight","On Roadway - Roadway Intersection","Rear End","Slaton Dr Nw","Dry","11:17:00","[""None Used"",""None Used""]","Clear",0,33.841667,-84.384592,"Atlanta","FULTON","[""Motor Vehicle in Motion"",""Motor Vehicle in Motion""]","Following Too Close","[""Motor Vehicle in Motion"",""Motor Vehicle in Motion""]"
0,0,"Atlanta Police Department","2022-03-17","Mt Paran Rd Nw and Northside Pkwy Nw","(O) No Injury","Daylight","On Roadway - Driveway Intersection","Rear End","Northside Pkwy Nw","Dry","18:20:00","[""Unknown"",""Unknown""]","Clear",0,33.863404,-84.440045,"Atlanta","FULTON","[""Motor Vehicle in Motion"",""Motor Vehicle in Motion""]","Following Too Close","[""Motor Vehicle in Motion"",""Motor Vehicle in Motion""]"
0,0,"Atlanta Police Department","2022-03-17","None and Howell Mill Rd Nw","(O) No Injury","Daylight","On Roadway - Non-Intersection","Angle Crash","Howell Mill Rd Nw","Dry","17:29:00","[""Lap and Shoulder Belt Used"",""Lap and Shoulder Belt Used"",""Lap and Shoulder Belt Used"",""Lap and Shoulder Belt Used""]","Clear",0,33.803465,-84.414177,"Atlanta","FULTON","[""Motor Vehicle in Motion"",""Motor Vehicle in Motion""]","Failure to Yield","[""Motor Vehicle in Motion"",""Motor Vehicle in Motion""]"
0,0,"Atlanta Police Department","2022-03-17","Peachtree Rd Ne and Peachtree Memorial Dr Nw","(C) Possible Injury / Complaint","Daylight","On Roadway - Non-Intersection","Angle Crash","Peachtree Rd Ne","Dry","09:35:00","[""Unknown"",""Unknown"",""Unknown""]","Clear",0,33.815746,-84.390961,"Atlanta","FULTON","[""Motor Vehicle in Motion"",""Motor Vehicle in Motion""]","Failure to Yield","[""Motor Vehicle in Motion"",""Motor Vehicle in Motion""]"
0,0,"Atlanta Police Department","2022-03-17","None and Joseph E Boone Blvd Nw","(C) Possible Injury / Complaint","Daylight","On Roadway - Non-Intersection","Rear End","Joseph E Boone Blvd Nw","Dry","14:21:00","[""Lap and Shoulder Belt Used"",""Lap and Shoulder Belt Used"",""Lap and Shoulder Belt Used""]","Clear",0,33.763526,-84.425114,"Atlanta","FULTON","[""Motor Vehicle in Motion"",""Motor Vehicle in Motion""]",,"[""Motor Vehicle in Motion"",""Motor Vehicle in Motion""]"
0,0,"Atlanta Police Department","2022-03-17","None and Montgomery Ferry Dr Ne","(O) No Injury","Daylight","On Roadway - Non-Intersection","Rear End","Montgomery Ferry Dr Ne","Dry","13:16:00","[""Lap and Shoulder Belt Used"",""Lap and Shoulder Belt Used""]","Clear",0,33.803081,-84.368436,"Atlanta","FULTON","[""Motor Vehicle in Motion"",""Motor Vehicle in Motion""]","Following Too Close","[""Motor Vehicle in Motion"",""Motor Vehicle in Motion""]"
0,0,"Atlanta Police Department","2022-03-17","I-75 and Northside Dr Nw","(O) No Injury","Daylight","On Roadway - Non-Intersection","Rear End","I-75","Dry","17:00:00","[""Lap and Shoulder Belt Used"",""Lap Belt Only Used""]","Clear",0,33.802986,-84.407589,"Atlanta","FULTON","[""Motor Vehicle in Motion"",""Motor Vehicle in Motion""]","Changed Lanes Improperly","[""Motor Vehicle in Motion"",""Motor Vehicle in Motion""]"
0,0,"Atlanta Police Department","2022-03-17","None and I-75","(C) Possible Injury / Complaint","Dark-Lighted","On Roadway - Non-Intersection","Rear End","I-75","Dry","22:34:00","[""Unknown"",""Unknown"",""Unknown"",""Unknown""]","Clear",0,33.748784,-84.384198,"Atlanta","FULTON","[""Motor Vehicle in Motion"",""Motor Vehicle in Motion"",""Motor Vehicle in Motion""]","Following Too Close","[""Motor Vehicle in Motion"",""Motor Vehicle in Motion"",""Motor Vehicle in Motion""]"
0,0,"Atlanta Police Department","2022-03-17","Western Ave Nw and Northside Dr Nw","(O) No Injury","Daylight","On Roadway - Roadway Intersection","Angle Crash","Northside Dr Nw","Dry","15:20:00","[""Unknown"",""Unknown""]","Clear",0,33.764903,-84.403956,"Atlanta","FULTON","[""Motor Vehicle in Motion"",""Motor Vehicle in Motion""]","Failure to Yield","[""Motor Vehicle in Motion"",""Motor Vehicle in Motion""]"
0,0,"Atlanta Police Department","2022-03-17","Crew St Sw and Atlanta Ave Sw","(O) No Injury","Daylight","On Roadway - Roadway Intersection","Angle Crash","Atlanta Ave Sw","Dry","10:29:00","[""Lap and Shoulder Belt Used"",""Lap and Shoulder Belt Used""]","Clear",0,33.730425,-84.389537,"Atlanta","FULTON","[""Motor Vehicle in Motion"",""Motor Vehicle in Motion""]","Failure to Yield","[""Motor Vehicle in Motion"",""Motor Vehicle in Motion""]"
0,0,"Atlanta Police Department","2022-03-17","Central Ave Sw and Ralph David Abernathy Blvd Sw","(O) No Injury","Dark-Lighted","On Roadway - Driveway Intersection","Angle Crash","Central Ave Sw","Dry","20:50:00","[""Unknown"",""Unknown"",""Unknown"",""Unknown""]","Clear",0,33.736686,-84.393487,"Atlanta","FULTON","[""Motor Vehicle in Motion"",""Motor Vehicle in Motion""]","Changed Lanes Improperly","[""Motor Vehicle in Motion"",""Motor Vehicle in Motion""]"
0,0,"Gsp Post 00","2022-03-17","I-7585 Nb and Fulton Street","(O) No Injury","Daylight","On Roadway - Non-Intersection","Sideswipe-Same Direction","I-7585 Nb","Dry","08:34:00","[""Lap and Shoulder Belt Used"",""Lap and Shoulder Belt Used""]","Clear",0,33.747773,-84.385976,"Atlanta","FULTON","[""Motor Vehicle in Motion"",""Motor Vehicle in Motion""]","[""Failure to Yield"",""Changed Lanes Improperly""]","[""Motor Vehicle in Motion"",""Motor Vehicle in Motion""]"
0,0,"Gsp Post 00","2022-03-17","I-285 Nb and Benjamin E Mays Drive","(O) No Injury","Daylight","On Roadway - Non-Intersection","Rear End","I-285 Nb","Dry","13:00:00","[""Lap and Shoulder Belt Used"",""Lap and Shoulder Belt Used""]","Cloudy",0,33.738981,-84.500313,"Atlanta","FULTON","[""Motor Vehicle in Motion"",""Motor Vehicle in Motion""]","Following Too Close","[""Motor Vehicle in Motion"",""Motor Vehicle in Motion""]"
0,0,"Gsp Post 00","2022-03-17","I-285 Nb and Mlk Jr Dr Sw","(O) No Injury","Daylight","On Roadway - Non-Intersection","Rear End","I-285 Nb","Dry","18:00:00","[""Unknown"",""Lap and Shoulder Belt Used""]","Clear",0,33.749002,-84.497211,"Atlanta","FULTON","[""Motor Vehicle in Motion"",""Motor Vehicle in Motion""]","Changed Lanes Improperly","[""Motor Vehicle in Motion"",""Motor Vehicle in Motion""]"
0,0,"Atlanta Police Department","2022-03-17","Lena St Nw and Joseph E Lowery Blvd Nw","(O) No Injury","Daylight","On Roadway - Non-Intersection","Rear End","Joseph E Lowery Blvd Nw","Dry","11:21:00","[""Lap and Shoulder Belt Used"",""Lap and Shoulder Belt Used"",""Lap and Shoulder Belt Used""]","Clear",0,33.75685,-84.41753,"Atlanta","FULTON","[""Motor Vehicle in Motion"",""Motor Vehicle in Motion""]",,"[""Motor Vehicle in Motion"",""Motor Vehicle in Motion""]"
0,0,"Atlanta Police Department","2022-03-17","14Th St Ne and Piedmont Ave Ne","(O) No Injury","Daylight","On Roadway - Roadway Intersection","Sideswipe-Same Direction","14Th St Ne","Dry","14:41:00","[""Lap and Shoulder Belt Used"",""Lap and Shoulder Belt Used""]","Clear",0,33.786484,-84.378205,"Atlanta","FULTON","[""Motor Vehicle in Motion"",""Motor Vehicle in Motion""]","[""Changed Lanes Improperly"",""Changed Lanes Improperly""]","[""Motor Vehicle in Motion"",""Motor Vehicle in Motion""]"
0,0,"Atlanta Police Department","2022-03-17","Peachtree Center Ave Ne and John Wesley Dobbs Ave Ne","(C) Possible Injury / Complaint","Daylight","On Roadway - Roadway Intersection","Angle Crash","Peachtree Center Ave Ne","Dry","14:48:00","[""Unknown"",""Unknown"",""Unknown""]","Cloudy",0,33.757143,-84.386084,"Atlanta","FULTON","[""Motor Vehicle in Motion"",""Motor Vehicle in Motion""]","Improper Turn","[""Motor Vehicle in Motion"",""Motor Vehicle in Motion""]"
0,0,"Atlanta Police Department","2022-03-17","Peachtree St Ne and Peachtree Pl Ne","(O) No Injury","Daylight","On Roadway - Non-Intersection","Sideswipe-Same Direction","Peachtree Pl Ne","Dry","17:05:00","[""Lap and Shoulder Belt Used"",""Lap and Shoulder Belt Used""]","Clear",0,33.780712,-84.3841,"Atlanta","FULTON","[""Motor Vehicle in Motion"",""Motor Vehicle in Motion""]","Following Too Close","[""Motor Vehicle in Motion"",""Motor Vehicle in Motion""]"
1,0,"Atlanta Police Department","2022-03-17","None and Fairburn Rd Sw","(A) Suspected Serious Injury","Daylight","On Roadway - Non-Intersection","Not a Collision with Motor Vehicle","Fairburn Rd Sw","Dry","15:13:00","[""Unknown"",""None Used""]","Clear",0,33.757683,-84.505494,"Atlanta","FULTON","[""Motor Vehicle in Motion"",""Pedestrian""]","Failure to Yield",
0,0,"Atlanta Police Department","2022-03-17","I-75 S and Ralph Mcgill Blvd Ne","(C) Possible Injury / Complaint","Dark-Lighted","On Roadway - Non-Intersection","Rear End","Ralph Mcgill Blvd Ne","Dry","20:05:00","[""Lap and Shoulder Belt Used"",""Lap Belt Only Used""]","Clear",0,33.764387,-84.38451,"Atlanta","FULTON","[""Motor Vehicle in Motion"",""Motor Vehicle in Motion""]","Following Too Close","[""Motor Vehicle in Motion"",""Motor Vehicle in Motion""]"
0,0,"Atlanta Police Department","2022-03-17","Ellis St Ne and Courtland St Ne","(C) Possible Injury / Complaint","Daylight","On Roadway - Roadway Intersection","Angle Crash","Courtland St Ne","Dry","17:45:00","[""Unknown"",""Unknown""]","Clear",0,33.758399,-84.384204,"Atlanta","FULTON","[""Motor Vehicle in Motion"",""Motor Vehicle in Motion""]","Changed Lanes Improperly","[""Motor Vehicle in Motion"",""Motor Vehicle in Motion""]"
0,0,"Atlanta Police Department","2022-03-17","None and I-20","(O) No Injury","Dark-Not Lighted","On Roadway - Non-Intersection","Sideswipe-Same Direction","I-20","Dry","23:40:00","[""Unknown"",""Unknown""]","Clear",0,33.748698,-84.441641,"Atlanta","FULTON","[""Motor Vehicle in Motion"",""Motor Vehicle in Motion""]","[""Aggressive Driving"",""Changed Lanes Improperly""]","[""Motor Vehicle in Motion"",""Motor Vehicle in Motion""]"
0,0,"Atlanta Police Department","2022-03-17","Miami Cir Ne and Piedmont Rd Ne","(O) No Injury","Daylight","On Roadway - Roadway Intersection","Sideswipe-Same Direction","Piedmont Rd Ne","Dry","16:45:00","[""Lap and Shoulder Belt Used"",""Lap and Shoulder Belt Used""]","Clear",0,33.828131,-84.367326,"Atlanta","FULTON","[""Motor Vehicle in Motion"",""Motor Vehicle in Motion""]",,"[""Motor Vehicle in Motion"",""Motor Vehicle in Motion""]"
0,0,"Gsp Post 00","2022-03-17","I-20Wb and Moreland Avenue","(O) No Injury","Daylight","On Roadway - Non-Intersection","Sideswipe-Same Direction","I-20Wb","Dry","10:13:00","[""Unknown"",""Lap and Shoulder Belt Used""]","Clear",0,33.743554,-84.358641,"Atlanta","FULTON","[""Motor Vehicle in Motion"",""Motor Vehicle in Motion""]","Changed Lanes Improperly","[""Motor Vehicle in Motion"",""Motor Vehicle in Motion""]"
0,0,"Atlanta Police Department","2022-03-17","Travis St Nw and Northside Dr Nw","(O) No Injury","Daylight","On Roadway - Non-Intersection","Sideswipe-Same Direction","Northside Dr Nw","Dry","16:00:00","[""Unknown"",""Unknown"",""Unknown""]","Clear",0,33.77258,-84.408353,"Atlanta","FULTON","[""Motor Vehicle in Motion"",""Motor Vehicle in Motion""]","Changed Lanes Improperly","[""Motor Vehicle in Motion"",""Motor Vehicle in Motion""]"
0,0,"Gsp Post 00","2022-03-17","Hill St and I-20 Wb","(O) No Injury","Daylight","On Roadway - Non-Intersection","Sideswipe-Same Direction","I-20 Wb","Dry","16:24:00","[""Unknown"",""Lap and Shoulder Belt Used""]","Clear",0,33.743492,-84.378421,"Atlanta","FULTON","[""Motor Vehicle in Motion"",""Motor Vehicle in Motion""]","Changed Lanes Improperly","[""Motor Vehicle in Motion"",""Motor Vehicle in Motion""]"
0,0,"Gsp Post 00","2022-03-17","I-7585Nb and Martin Luther King Jr Drive","(O) No Injury","Daylight","On Roadway - Non-Intersection","Rear End","I-7585Nb","Dry","11:45:00","[""Lap and Shoulder Belt Used"",""Lap and Shoulder Belt Used""]","Clear",0,33.747808,-84.38591,"Atlanta","FULTON","[""Motor Vehicle in Motion"",""Motor Vehicle in Motion""]","Following Too Close","[""Motor Vehicle in Motion"",""Motor Vehicle in Motion""]"
0,0,"Gsp Post 00","2022-03-17","I-20 East and Langhorn Pkwy","(K) Fatal Injury","Dark-Lighted","On Roadway - Non-Intersection","Not a Collision with Motor Vehicle","I-20 East","Wet","00:35:00","Unknown","Cloudy",1,33.745788,-84.428723,"Atlanta","FULTON","[""Pedestrian"",""Motor Vehicle in Motion""]","Disregard Police - Evasion","Pedestrian"
0,1,"Atlanta Police Department","2022-03-17","North Ave Ne and Boulevard Ne","(B) Suspected Minor/Visible Injury","Dark-Lighted","On Roadway - Non-Intersection","Angle Crash","Boulevard Ne","Dry","23:00:00","[""Lap and Shoulder Belt Used"",""Motorcycle Helmet""]","Clear",0,33.771395,-84.371743,"Atlanta","FULTON","[""Motor Vehicle in Motion"",""Motor Vehicle in Motion""]","Changed Lanes Improperly","[""Motor Vehicle in Motion"",""Motor Vehicle in Motion""]"
0,0,"Gsp Post 00","2022-03-17","I-85 Sb and Armour Drive","(C) Possible Injury / Complaint","Daylight","On Roadway - Non-Intersection","Rear End","I-85 Sb","Dry","16:05:00","[""Lap and Shoulder Belt Used"",""Lap and Shoulder Belt Used""]","Clear",0,33.801689,-84.387913,"Atlanta","FULTON","[""Motor Vehicle in Motion"",""Motor Vehicle in Motion""]","Changed Lanes Improperly","[""Motor Vehicle in Motion"",""Motor Vehicle in Motion""]"
0,0,"Atlanta Police Department","2022-03-17","St Johns Ave Sw and Metropolitan Pkwy Sw","(C) Possible Injury / Complaint","Daylight","On Roadway - Roadway Intersection","Rear End","Metropolitan Pkwy Sw","Dry","16:55:00","[""Unknown"",""Shoulder Belt Only Used"",""Unknown""]","Clear",0,33.699296,-84.408098,"Atlanta","FULTON","[""Motor Vehicle in Motion"",""Motor Vehicle in Motion"",""Motor Vehicle in Motion""]","Following Too Close","[""Motor Vehicle in Motion"",""Motor Vehicle in Motion"",""Motor Vehicle in Motion""]"
0,1,"Atlanta Police Department","2022-03-17","None and I-285","(B) Suspected Minor/Visible Injury","Dark-Lighted","On Roadway - Non-Intersection","Angle Crash","I-285","Dry","23:38:00","[""Lap and Shoulder Belt Used"",""Lap and Shoulder Belt Used"",""Lap and Shoulder Belt Used""]","Clear",0,33.732647,-84.502225,"Atlanta","FULTON","[""Motor Vehicle in Motion"",""Motor Vehicle in Motion"",""Motor Vehicle in Motion""]",,"[""Motor Vehicle in Motion"",""Motor Vehicle in Motion"",""Motor Vehicle in Motion""]"
0,0,"Gsp Post 00","2022-03-17","I-85 Sb and State Route 400","(O) No Injury","Daylight","On Roadway - Non-Intersection","Rear End","I-85 Sb","Dry","10:57:00","[""Lap and Shoulder Belt Used"",""Lap and Shoulder Belt Used"",""Lap and Shoulder Belt Used"",""Child Restraint System (Properly Used)"",""Lap and Shoulder Belt Used""]","Clear",0,33.819266,-84.361748,"Atlanta","FULTON","[""Motor Vehicle in Motion"",""Motor Vehicle in Motion""]","Following Too Close","[""Motor Vehicle in Motion"",""Motor Vehicle in Motion""]"
0,0,"Atlanta Police Department","2022-03-17","Marietta St Nw and Northside Dr Nw","(O) No Injury","Daylight","On Roadway - Roadway Intersection","Angle Crash","Northside Dr Nw","Dry","11:24:00","[""Unknown"",""Unknown""]","Clear",0,33.775857,-84.407012,"Atlanta","FULTON","[""Motor Vehicle in Motion"",""Motor Vehicle in Motion""]","Disregard Stop Sign/Signal","[""Motor Vehicle in Motion"",""Motor Vehicle in Motion""]"
0,0,"Atlanta Police Department","2022-03-17","Washita Ave Ne and N Highland Ave Ne","(C) Possible Injury / Complaint","Daylight","On Roadway - Roadway Intersection","Angle Crash","Washita Ave Ne","Wet","08:11:00","[""Lap and Shoulder Belt Used"",""Lap and Shoulder Belt Used""]","Clear",0,33.765087,-84.354715,"Atlanta","FULTON","[""Motor Vehicle in Motion"",""Motor Vehicle in Motion""]","Failure to Yield","[""Motor Vehicle in Motion"",""Motor Vehicle in Motion""]"