"# Serious Injuries","# Visible Injuries","Agency Name (Crash Level) ","Date","Intersection Name (from Crash Report)","KABCO Severity","Light Conditions (Crash Level)","Location at Impact (Crash Level) ","Manner of Collision (Crash Level) ","Roadway (From Crash Report)","Surface Condition (Crash Level) ","Time","Safety Equipment (Crash Level) ","Weather Conditions (Crash Level)","# of Fatalities per Crash","Latitude","Longitude","Geolocated City","Geolocated County","First Harmful Event (Unit Order)","Operator/Pedestrian Contrib Factor (excl None, Other, No Contrib Factors)","Most Harmful Event (Crash Level)"
0,0,"Atlanta Police Department","2022-03-20","14Th St Ne and Crescent Ave Ne","(O) No Injury","Dark-Lighted","On Roadway - Roadway Intersection","Rear End","14Th St Ne","Dry","01:04:00","[""Unknown"",""Unknown"",""Unknown""]","Clear",0,33.786653,-84.384285,"Atlanta","FULTON","[""Motor Vehicle in Motion"",""Motor Vehicle in Motion""]","Inattentive or Other Distraction (Distracted)","[""Motor Vehicle in Motion"",""Motor Vehicle in Motion""]"
0,0,"Atlanta Police Department","2022-03-20","Forrest Way Ne and Peachtree Way Ne","(O) No Injury","Daylight","On Roadway - Non-Intersection","Sideswipe-Same Direction","Peachtree Way Ne","Dry","11:25:00","Lap and Shoulder Belt Used","Clear",0,33.826937,-84.379859,"Atlanta","FULTON","[""Motor Vehicle in Motion"",""Motor Vehicle in Motion""]","Changed Lanes Improperly","[""Motor Vehicle in Motion"",""Motor Vehicle in Motion""]"
0,0,"Atlanta Police Department","2022-03-20","I-85 and I-75 N","(O) No Injury","Daylight","On Roadway - Non-Intersection","Rear End","I-85","Dry","16:30:00","[""Unknown"",""Unknown"",""Unknown"",""Unknown""]","Clear",0,33.796024,-84.393677,"Atlanta","FULTON","[""Motor Vehicle in Motion"",""Motor Vehicle in Motion"",""Motor Vehicle in Motion""]","Following Too Close","[""Motor Vehicle in Motion"",""Motor Vehicle in Motion"",""Motor Vehicle in Motion""]"
0,7,"Atlanta Police Department","2022-03-20","14Th St Ne and Piedmont Ave Ne","(B) Suspected Minor/Visible Injury","Dark-Lighted","On Roadway - Managed Lane (HOV, HOT, Reversible)","Sideswipe-Same Direction","14Th St Ne","Dry","00:00:00","[""Unknown"",""Lap and Shoulder Belt Used"",""Lap and Shoulder Belt Used"",""Lap and Shoulder Belt Used"",""Lap and Shoulder Belt Used"",""Lap and Shoulder Belt Used"",""Lap and Shoulder Belt Used"",""Lap and Shoulder Belt Used""]","Clear",0,33.786487,-84.37814,"Atlanta","FULTON","[""Motor Vehicle in Motion"",""Motor Vehicle in Motion"",""Motor Vehicle in Motion"",""Motor Vehicle in Motion""]","Reckless Driving","[""Motor Vehicle in Motion"",""Motor Vehicle in Motion"",""Motor Vehicle in Motion"",""Motor Vehicle in Motion""]"
1,0,"Atlanta Police Department","2022-03-20","None and I-20 Exit 51A Rp","(A) Suspected Serious Injury","Dark-Lighted","Entrance/Exit Ramp","Not a Collision with Motor Vehicle","I-20 Exit 51A Rp","Dry","04:10:00","Unknown","Clear",0,33.760625,-84.484529,"Atlanta","FULTON","Other Non-Collision","Changed Lanes Improperly","Over Turn"
0,0,"Atlanta Police Department","2022-03-20","Piedmont Rd Ne and Lakeshore Dr Ne","(C) Possible Injury / Complaint","Daylight","On Roadway - Roadway Intersection","Rear End","Piedmont Rd Ne","Dry","17:05:00","[""Lap and Shoulder Belt Used"",""Lap and Shoulder Belt Used"",""Lap and Shoulder Belt Used""]","Clear",0,33.815906,-84.366631,"Atlanta","FULTON","[""Motor Vehicle in Motion"",""Motor Vehicle in Motion""]",,"[""Motor Vehicle in Motion"",""Motor Vehicle in Motion""]"
0,0,"Atlanta Police Department","2022-03-21","Perry Blvd Nw and Mary George Ave Nw","(C) Possible Injury / Complaint","Daylight","On Roadway - Non-Intersection","Head On","Perry Blvd Nw","Dry","14:40:00","[""Unknown"",""Unknown""]","Clear",0,33.805933,-84.463832,"Atlanta","FULTON","[""Motor Vehicle in Motion"",""Motor Vehicle in Motion""]","Aggressive Driving","Motor Vehicle in Motion"
0,0,"Atlanta Police Department","2022-03-21","Frederica St Ne and Ponce De Leon Ave Ne","(C) Possible Injury / Complaint","Daylight","On Roadway - Non-Intersection","Rear End","Frederica St Ne","Dry","13:46:00","[""Lap and Shoulder Belt Used"",""Lap and Shoulder Belt Used"",""Lap and Shoulder Belt Used""]","Clear",0,33.77423,-84.355602,"Atlanta","FULTON","[""Motor Vehicle in Motion"",""Motor Vehicle in Motion""]","Following Too Close","[""Motor Vehicle in Motion"",""Motor Vehicle in Motion""]"
0,0,"Gsp Post 00","2022-03-21","Ga-400Nb and Sidney Marcus Blvd","(O) No Injury","Daylight","On Roadway - Non-Intersection","Rear End","Ga-400Nb","Dry","08:10:00","[""Lap and Shoulder Belt Used"",""Lap and Shoulder Belt Used""]","Clear",0,33.83824,-84.359389,"Atlanta","FULTON","[""Motor Vehicle in Motion"",""Motor Vehicle in Motion""]","Following Too Close","[""Motor Vehicle in Motion"",""Motor Vehicle in Motion""]"
0,0,"Gsp Post 00","2022-03-21","I-7585 Sb and Edgewood Aveneue","(O) No Injury","Daylight","On Roadway - Non-Intersection","Sideswipe-Same Direction","I-7585 Sb","Dry","17:15:00","[""Lap and Shoulder Belt Used"",""Lap and Shoulder Belt Used"",""Lap and Shoulder Belt Used""]","Clear",0,33.751781,-84.380211,"Atlanta","FULTON","[""Motor Vehicle in Motion"",""Motor Vehicle in Motion"",""Motor Vehicle in Motion""]",,"[""Motor Vehicle in Motion"",""Motor Vehicle in Motion"",""Motor Vehicle in Motion""]"
0,0,"Gsp Post 00","2022-03-21","I-85N and Piedmont Rd","(O) No Injury","Daylight","On Roadway - Non-Intersection","Rear End","I-85N","Dry","14:20:00","[""Lap and Shoulder Belt Used"",""Lap and Shoulder Belt Used""]","Clear",0,33.810641,-84.373485,"Atlanta","FULTON","[""Motor Vehicle in Motion"",""Motor Vehicle in Motion""]","Following Too Close","[""Motor Vehicle in Motion"",""Motor Vehicle in Motion""]"
0,0,"Gsp Post 00","2022-03-21","Woods Street and Memorial Dr Se","(O) No Injury","Daylight","On Roadway - Roadway Intersection","Rear End","Memorial Dr Se","Dry","16:49:00","[""Motorcycle Helmet"",""Lap and Shoulder Belt Used""]","Clear",0,33.746759,-84.372486,"Atlanta","FULTON","[""Motor Vehicle in Motion"",""Motor Vehicle in Motion""]","Following Too Close","[""Motor Vehicle in Motion"",""Motor Vehicle in Motion""]"
0,0,"Gsp Post 00","2022-03-21","W Paces Ferry Rd and I-75 South Exit 255","(O) No Injury","Daylight","Entrance/Exit Ramp","Rear End","I-75 South Exit 255","Dry","07:24:00","[""Lap and Shoulder Belt Used"",""Lap and Shoulder Belt Used""]","Clear",0,33.849131,-84.431106,"Atlanta","FULTON","[""Motor Vehicle in Motion"",""Motor Vehicle in Motion""]","Following Too Close","[""Motor Vehicle in Motion"",""Motor Vehicle in Motion""]"
0,0,"Atlanta Police Department","2022-03-21","Exit 55A and Park St Sw","(O) No Injury","Daylight","Entrance/Exit Ramp","Sideswipe-Same Direction","Park St Sw","Dry","17:01:00","[""Lap and Shoulder Belt Used"",""Lap and Shoulder Belt Used""]","Clear",0,33.741868,-84.417014,"Atlanta","FULTON","[""Motor Vehicle in Motion"",""Motor Vehicle in Motion""]","Failure to Yield","[""Motor Vehicle in Motion"",""Motor Vehicle in Motion""]"
0,0,"Atlanta Police Department","2022-03-21","14Th St Nw and Spring St Nw","(O) No Injury","Daylight","On Roadway - Roadway Intersection","Sideswipe-Same Direction","14Th St Nw","Dry","18:00:00","[""Unknown"",""Unknown""]","Clear",0,33.786586,-84.389236,"Atlanta","FULTON","[""Motor Vehicle in Motion"",""Motor Vehicle in Motion""]","Changed Lanes Improperly","[""Motor Vehicle in Motion"",""Motor Vehicle in Motion""]"
0,0,"Atlanta Police Department","2022-03-21","Memorial Dr Sw and Capitol Ave Se","(O) No Injury","Daylight","On Roadway - Railroad Crossing","Angle Crash","Capitol Ave Se","Dry","11:17:00","[""Lap and Shoulder Belt Used"",""Unknown""]","Clear",0,33.746831,-84.387738,"Atlanta","FULTON","[""Motor Vehicle in Motion"",""Motor Vehicle in Motion""]","Inattentive or Other Distraction (Distracted)","[""Motor Vehicle in Motion"",""Motor Vehicle in Motion""]"
0,0,"Atlanta Police Department","2022-03-21","None and Boulevard Se","(C) Possible Injury / Complaint","Dark-Lighted","On Roadway - Non-Intersection","Rear End","Boulevard Se","Dry","20:15:00","[""Lap and Shoulder Belt Used"",""Lap and Shoulder Belt Used""]","Clear",0,33.748543,-84.368896,"Atlanta","FULTON","[""Motor Vehicle in Motion"",""Motor Vehicle in Motion""]","Following Too Close","[""Motor Vehicle in Motion"",""Motor Vehicle in Motion""]"
0,0,"Atlanta Police Department","2022-03-21","Currier St Ne and Courtland St Ne","(O) No Injury","Daylight","On Roadway - Roadway Intersection","Angle Crash","Currier St Ne","Dry","10:32:00","[""Lap and Shoulder Belt Used"",""Lap and Shoulder Belt Used"",""Lap and Shoulder Belt Used""]","Clear",0,33.765464,-84.384084,"Atlanta","FULTON","[""Motor Vehicle in Motion"",""Motor Vehicle in Motion""]","Changed Lanes Improperly","[""Motor Vehicle in Motion"",""Motor Vehicle in Motion""]"
0,0,"Atlanta Police Department","2022-03-21","Peachtree Rd Ne and Brookwood Valley Cir Ne","(O) No Injury","Daylight","On Roadway - Roadway Intersection","Angle Crash","Peachtree Rd Ne","Dry","16:15:00","[""Lap and Shoulder Belt Used"",""Lap and Shoulder Belt Used""]","Clear",0,33.810058,-84.392859,"Atlanta","FULTON","[""Motor Vehicle in Motion"",""Motor Vehicle in Motion""]","Disregard Other Traffic Control","[""Motor Vehicle in Motion"",""Motor Vehicle in Motion""]"
0,0,"Atlanta Police Department","2022-03-21","Marietta St Nw and Centennial Olympic Park Dr Nw","(O) No Injury","Daylight","On Roadway - Roadway Intersection","Sideswipe-Same Direction","Marietta St Nw","Dry","13:53:00","[""Unknown"",""Unknown""]","Clear",0,33.758332,-84.393891,"Atlanta","FULTON","[""Motor Vehicle in Motion"",""Motor Vehicle in Motion""]",,"[""Motor Vehicle in Motion"",""Motor Vehicle in Motion""]"
0,0,"Atlanta Police Department","2022-03-21","North Ave Nw and Northside Dr Nw","(O) No Injury","Daylight","On Roadway - Roadway Intersection","Angle Crash","Northside Dr Nw","Dry","16:10:00","[""Unknown"",""Unknown"",""Unknown"",""Lap and Shoulder Belt Used""]","Clear",0,33.770004,-84.404676,"Atlanta","FULTON","[""Motor Vehicle in Motion"",""Motor Vehicle in Motion""]","Failure to Yield","[""Motor Vehicle in Motion"",""Motor Vehicle in Motion""]"
0,0,"Atlanta Police Department","2022-03-21","Hillburn Dr Se and Flat Shoals Rd Se","(C) Possible Injury / Complaint","Daylight","On Roadway - Roadway Intersection","Angle Crash","Flat Shoals Rd Se","Dry","14:20:00","[""Unknown"",""Unknown"",""Unknown""]","Clear",0,33.728722,-84.327156,"Atlanta","DEKALB","[""Motor Vehicle in Motion"",""Motor Vehicle in Motion""]","Failure to Yield","[""Motor Vehicle in Motion"",""Motor Vehicle in Motion""]"
0,0,"Atlanta Police Department","2022-03-21","Exit 254 and Moores Mill Rd Nw","(O) No Injury","Daylight","On Roadway - Managed Lane (HOV, HOT, Reversible)","Sideswipe-Same Direction","Moores Mill Rd Nw","Dry","12:30:00","[""Unknown"",""Unknown""]","Clear",0,33.832129,-84.426111,"Atlanta","FULTON","[""Motor Vehicle in Motion"",""Motor Vehicle in Motion""]","[""Failure to Yield"",""Changed Lanes Improperly""]","[""Motor Vehicle in Motion"",""Motor Vehicle in Motion""]"
0,0,"Gsp Post 00","2022-03-21","I-285 Sb and Collier Drive","(O) No Injury","Daylight","On Roadway - Non-Intersection","Rear End","I-285 Sb","Dry","12:49:00","[""Lap and Shoulder Belt Used"",""Lap and Shoulder Belt Used""]","Clear",0,33.767761,-84.49464,"Atlanta","FULTON","[""Motor Vehicle in Motion"",""Motor Vehicle in Motion""]","Following Too Close","[""Motor Vehicle in Motion"",""Motor Vehicle in Motion""]"
0,0,"Gsp Post 00","2022-03-21","I-85 North and Ga 400 North","(C) Possible Injury / Complaint","Daylight","On Roadway - Non-Intersection","Rear End","Ga 400 North","Dry","08:36:00","[""Lap and Shoulder Belt Used"",""Lap and Shoulder Belt Used""]","Clear",0,33.823818,-84.35925,"Atlanta","FULTON","[""Motor Vehicle in Motion"",""Motor Vehicle in Motion""]","[""Following Too Close"",""Inattentive or Other Distraction (Distracted)""]","[""Motor Vehicle in Motion"",""Motor Vehicle in Motion""]"
0,0,"Gsp Post 00","2022-03-21","17Th St and I-7585N","(O) No Injury","Daylight","On Roadway - Non-Intersection","Rear End","I-7585N","Dry","08:15:00","[""Lap and Shoulder Belt Used"",""Lap and Shoulder Belt Used""]","Clear",0,33.789793,-84.390811,"Atlanta","FULTON","[""Motor Vehicle in Motion"",""Motor Vehicle in Motion""]","Following Too Close","[""Motor Vehicle in Motion"",""Motor Vehicle in Motion""]"
0,0,"Atlanta Police Department","2022-03-21","Piedmont Rd Ne and Mathieson Dr Ne","(O) No Injury","Daylight","On Roadway - Non-Intersection","Rear End","Piedmont Rd Ne","Dry","12:28:00","[""Lap and Shoulder Belt Used"",""Lap and Shoulder Belt Used""]","Clear",0,33.848253,-84.373769,"Atlanta","FULTON","[""Motor Vehicle in Motion"",""Motor Vehicle in Motion""]","Following Too Close","[""Motor Vehicle in Motion"",""Motor Vehicle in Motion""]"
0,0,"Atlanta Police Department","2022-03-21","Butner Rd Sw and Campbellton Rd Sw","(O) No Injury","Dark-Lighted","On Roadway - Roadway Intersection","Head On","Butner Rd Sw","Dry","00:00:00","[""Unknown"",""Unknown""]","Clear",0,33.693579,-84.518842,"Atlanta","FULTON","[""Motor Vehicle in Motion"",""Motor Vehicle in Motion""]","[""Under the Influence (U.I.)"",""Improper Backing""]","[""Motor Vehicle in Motion"",""Motor Vehicle in Motion""]"
0,0,"Atlanta Police Department","2022-03-21","Oak St Sw and Lee St Sw","(C) Possible Injury / Complaint","Daylight","On Roadway - Non-Intersection","Angle Crash","Lee St Sw","Dry","12:24:00","[""Lap and Shoulder Belt Used"",""Lap and Shoulder Belt Used""]","Clear",0,33.741047,-84.414077,"Atlanta","FULTON","[""Motor Vehicle in Motion"",""Motor Vehicle in Motion""]","Improper Turn","[""Motor Vehicle in Motion"",""Motor Vehicle in Motion""]"
1,0,"Atlanta Police Department","2022-03-21","East Ave Ne and Boulevard Ne","(A) Suspected Serious Injury","Daylight","On Roadway - Roadway Intersection","Angle Crash","Boulevard Ne","Dry","13:23:00","[""Unknown"",""Unknown"",""Unknown""]","Clear",0,33.763237,-84.371976,"Atlanta","FULTON","[""Motor Vehicle in Motion"",""Motor Vehicle in Motion""]","Failure to Yield","[""Motor Vehicle in Motion"",""Motor Vehicle in Motion""]"
0,0,"Atlanta Police Department","2022-03-21","Juniper St Ne and Ponce De Leon Ave Ne","(O) No Injury","Daylight","On Roadway - Roadway Intersection","Sideswipe-Same Direction","Juniper St Ne","Dry","14:57:00","[""Unknown"",""Unknown"",""Unknown""]","Clear",0,33.772325,-84.383319,"Atlanta","FULTON","[""Motor Vehicle in Motion"",""Motor Vehicle in Motion""]","[""Changed Lanes Improperly"",""Changed Lanes Improperly""]","[""Motor Vehicle in Motion"",""Motor Vehicle in Motion""]"
0,0,"Gsp Post 00","2022-03-21","I-7585 Northbound and Fair Drive Overpass","(O) No Injury","Daylight","On Roadway - Non-Intersection","Rear End","I-7585 Northbound","Dry","07:43:00","[""Lap and Shoulder Belt Used"",""Lap and Shoulder Belt Used""]","Clear",0,33.703819,-84.403621,"Atlanta","FULTON","[""Motor Vehicle in Motion"",""Motor Vehicle in Motion""]","Following Too Close","[""Motor Vehicle in Motion"",""Motor Vehicle in Motion""]"
0,0,"Atlanta Police Department","2022-03-21","Atwood St Sw and Ralph David Abernathy Blvd Sw","(O) No Injury","Dark-Lighted","On Roadway - Non-Intersection","Not a Collision with Motor Vehicle","Ralph David Abernathy Blvd Sw","Dry","21:37:00","[""Lap and Shoulder Belt Used"",""None Used""]","Clear",0,33.73871,-84.428386,"Atlanta","FULTON","[""Other Object (Not Fixed)"",""Motor Vehicle in Motion""]",,"Motor Vehicle in Motion"
0,0,"Atlanta Police Department","2022-03-21","Northside Dr Nw and Martin Luther King Jr Dr Nw","(O) No Injury","Daylight","On Roadway - Roadway Intersection","Angle Crash","Martin Luther King Jr Dr Nw","Dry","16:30:00","[""None Used"",""None Used""]","Clear",0,33.754613,-84.402819,"Atlanta","FULTON","[""Motor Vehicle in Motion"",""Motor Vehicle in Motion""]",,"[""Motor Vehicle in Motion"",""Motor Vehicle in Motion""]"
0,0,"Atlanta Police Department","2022-03-21","I-75 and Exit 246","(O) No Injury","Daylight","On Roadway - Managed Lane (HOV, HOT, Reversible)","Sideswipe-Same Direction","I-75","Dry","15:15:00","[""None Used"",""Lap and Shoulder Belt Used""]","Clear",0,33.732497,-84.391928,"Atlanta","FULTON","[""Motor Vehicle in Motion"",""Motor Vehicle in Motion""]","Improper Passing","[""Motor Vehicle in Motion"",""Motor Vehicle in Motion""]"
0,0,"Atlanta Police Department","2022-03-21","Larchwood Rd Sw and Martin Luther King Jr Dr Sw","(O) No Injury","Dark-Lighted","Off Roadway","Not a Collision with Motor Vehicle","Martin Luther King Jr Dr Sw","Dry","01:32:00","Unknown","Clear",0,33.750286,-84.456825,"Atlanta","FULTON","Other - Fixed Object","Too Fast for Conditions","Other - Fixed Object"
0,0,"Atlanta Police Department","2022-03-21","North Ave Nw and W Lake Ave Nw","(O) No Injury","Dark-Lighted","On Roadway - Non-Intersection","Sideswipe-Opposite Direction","W Lake Ave Nw","Dry","20:55:00","[""Unknown"",""Unknown"",""Unknown""]","Clear",0,33.767982,-84.441005,"Atlanta","FULTON","[""Motor Vehicle in Motion"",""Motor Vehicle in Motion""]","Changed Lanes Improperly","[""Motor Vehicle in Motion"",""Motor Vehicle in Motion""]"
0,0,"Gsp Post 00","2022-03-21","None and I-85 N Ramp To I-75 N","(O) No Injury","Daylight","On Roadway - Non-Intersection","Sideswipe-Same Direction","I-85 N Ramp To I-75 N","Dry","14:30:00","[""Lap and Shoulder Belt Used"",""Lap and Shoulder Belt Used"",""Lap and Shoulder Belt Used"",""Lap and Shoulder Belt Used""]","Clear",0,33.688557,-84.400066,"Atlanta","FULTON","[""Motor Vehicle in Motion"",""Motor Vehicle in Motion""]","Changed Lanes Improperly","[""Motor Vehicle in Motion"",""Motor Vehicle in Motion""]"
0,0,"Atlanta Police Department","2022-03-21","I-20 E and Joseph E Lowery Blvd Sw","(C) Possible Injury / Complaint","Dark-Lighted","On Roadway - Non-Intersection","Angle Crash","Joseph E Lowery Blvd Sw","Dry","20:30:00","[""Unknown"",""Unknown"",""Unknown""]","Clear",0,33.741105,-84.417615,"Atlanta","FULTON","[""Motor Vehicle in Motion"",""Motor Vehicle in Motion""]","Failure to Yield","[""Motor Vehicle in Motion"",""Motor Vehicle in Motion""]"
0,0,"Atlanta Police Department","2022-03-21","North Ave Ne and John Lewis Freedom Pkwy Ne","(C) Possible Injury / Complaint","Daylight","On Roadway - Roadway Intersection","Rear End","North Ave Ne","Dry","17:00:00","[""Unknown"",""Unknown""]","Clear",0,33.771187,-84.359539,"Atlanta","FULTON","[""Motor Vehicle in Motion"",""Motor Vehicle in Motion""]","Following Too Close","[""Motor Vehicle in Motion"",""Motor Vehicle in Motion""]"
0,0,"Atlanta Police Department","2022-03-21","Thompson Dr Nw and Hemphill School Rd Nw","(O) No Injury","Daylight","On Roadway - Non-Intersection","Sideswipe-Opposite Direction","Hemphill School Rd Nw","Dry","17:00:00","[""Lap and Shoulder Belt Used"",""Child Restraint System (Properly Used)"",""Child Restraint System (Properly Used)"",""Lap and Shoulder Belt Used""]","Clear",0,33.761389,-84.500684,"Atlanta","FULTON","[""Motor Vehicle in Motion"",""Motor Vehicle in Motion""]","Changed Lanes Improperly","[""Motor Vehicle in Motion"",""Motor Vehicle in Motion""]"
0,0,"Atlanta Police Department","2022-03-21","Connell Ave Sw and Metropolitan Pkwy Sw","(C) Possible Injury / Complaint","Dark-Not Lighted","On Roadway - Non-Intersection","Sideswipe-Opposite Direction","Metropolitan Pkwy Sw","Dry","22:21:00","[""Lap and Shoulder Belt Used"",""Lap and Shoulder Belt Used""]","Clear",0,33.683354,-84.407836,"Atlanta","FULTON","[""Motor Vehicle in Motion"",""Motor Vehicle in Motion""]","Wrong Side of Road","[""Motor Vehicle in Motion"",""Motor Vehicle in Motion""]"
0,0,"Gsp Post 00","2022-03-21","Williams St and I-7585 South","(O) No Injury","Daylight","On Roadway - Non-Intersection","Sideswipe-Same Direction","I-7585 South","Dry","07:05:00","[""Unknown"",""Lap and Shoulder Belt Used""]","Clear",0,33.770459,-84.39009,"Atlanta","FULTON","[""Motor Vehicle in Motion"",""Motor Vehicle in Motion""]","Changed Lanes Improperly","[""Motor Vehicle in Motion"",""Motor Vehicle in Motion""]"
0,0,"Atlanta Police Department","2022-03-21","11Th St Nw and Howell Mill Rd Nw","(O) No Injury","Daylight","On Roadway - Managed Lane (HOV, HOT, Reversible)","Sideswipe-Same Direction","Howell Mill Rd Nw","Dry","09:00:00","Unknown","Clear",0,33.783002,-84.411676,"Atlanta","FULTON","[""Motor Vehicle in Motion"",""Motor Vehicle in Motion""]","Disregard Other Traffic Control","[""Parked Motor Vehicle"",""Parked Motor Vehicle""]"
0,0,"Atlanta Police Department","2022-03-21","Lambert St Nw and Northside Dr Nw","(O) No Injury","Daylight","On Roadway - Roadway Intersection","Sideswipe-Same Direction","Northside Dr Nw","Dry","14:40:00","[""Unknown"",""Lap and Shoulder Belt Used""]","Clear",0,33.770403,-84.404702,"Atlanta","FULTON","[""Motor Vehicle in Motion"",""Motor Vehicle in Motion""]","Changed Lanes Improperly","Motor Vehicle in Motion"
0,0,"Atlanta Police Department","2022-03-21","None and I-20","(C) Possible Injury / Complaint","Dark-Not Lighted","On Roadway - Non-Intersection","Rear End","I-20","Dry","22:00:00","[""Unknown"",""Unknown""]","Clear",0,33.759572,-84.481763,"Atlanta","FULTON","[""Motor Vehicle in Motion"",""Motor Vehicle in Motion""]","Following Too Close","[""Motor Vehicle in Motion"",""Motor Vehicle in Motion""]"
0,0,"Atlanta Police Department","2022-03-21","None and I-20","(O) No Injury","Daylight","On Roadway - Non-Intersection","Rear End","I-20","Dry","06:00:00","[""Lap and Shoulder Belt Used"",""Lap and Shoulder Belt Used""]","Clear",0,33.764868,-84.493521,"Atlanta","FULTON","[""Motor Vehicle in Motion"",""Motor Vehicle in Motion""]","[""Changed Lanes Improperly"",""Driver Condition""]","[""Motor Vehicle in Motion"",""Motor Vehicle in Motion""]"
0,0,"Atlanta Police Department","2022-03-21","Tech Pkwy Nw and Northside Dr Nw","(O) No Injury","Dark-Not Lighted","On Roadway - Non-Intersection","Rear End","Northside Dr Nw","Dry","03:00:00","[""Unknown"",""Lap and Shoulder Belt Used""]","Clear",0,33.779271,-84.40733,"Atlanta","FULTON","[""Motor Vehicle in Motion"",""Motor Vehicle in Motion""]","Following Too Close","Tree"
0,0,"Gsp Post 00","2022-03-21","I-285 Sb and Donald Lee Hollowell Parkway","(O) No Injury","Daylight","On Roadway - Non-Intersection","Sideswipe-Same Direction","I-285 Sb","Dry","18:49:00","[""Lap and Shoulder Belt Used"",""Lap and Shoulder Belt Used""]","Clear",0,33.786355,-84.493619,"Atlanta","FULTON","[""Motor Vehicle in Motion"",""Motor Vehicle in Motion""]","Changed Lanes Improperly","[""Motor Vehicle in Motion"",""Motor Vehicle in Motion""]"
0,0,"Gsp Post 00","2022-03-21","Northside Drive and Interstate 75 South","(C) Possible Injury / Complaint","Daylight","On Roadway - Non-Intersection","Angle Crash","Interstate 75 South","Dry","17:50:00","[""Lap and Shoulder Belt Used"",""Lap and Shoulder Belt Used"",""Lap and Shoulder Belt Used""]","Clear",0,33.801825,-84.404486,"Atlanta","FULTON","[""Motor Vehicle in Motion"",""Motor Vehicle in Motion""]","Driver Lost Control","[""Motor Vehicle in Motion"",""Motor Vehicle in Motion""]"
0,0,"Atlanta Police Department","2022-03-21","Peachtree Rd Ne and Peachtree Way Ne","(O) No Injury","Daylight","On Roadway - Non-Intersection","Angle Crash","Peachtree Rd Ne","Dry","12:35:00","[""Lap and Shoulder Belt Used"",""Lap and Shoulder Belt Used"",""Lap and Shoulder Belt Used""]","Clear",0,33.827642,-84.387455,"Atlanta","FULTON","[""Motor Vehicle in Motion"",""Motor Vehicle in Motion""]","Failure to Yield","[""Motor Vehicle in Motion"",""Motor Vehicle in Motion""]"
0,0,"Atlanta Police Department","2022-03-21","North Ave Ne and Piedmont Ave Ne","(O) No Injury","Daylight","On Roadway - Roadway Intersection","Sideswipe-Same Direction","North Ave Ne","Dry","13:33:00","[""Unknown"",""Unknown""]","Clear",0,33.77128,-84.381893,"Atlanta","FULTON","[""Motor Vehicle in Motion"",""Motor Vehicle in Motion""]","Changed Lanes Improperly","[""Motor Vehicle in Motion"",""Motor Vehicle in Motion""]"
0,0,"Atlanta Police Department","2022-03-21","None and Herring Rd Sw","(O) No Injury","Dark-Lighted","On Roadway - Roadway Intersection","Rear End","Herring Rd Sw","Dry","01:00:00","[""Unknown"",""Unknown"",""Unknown""]","Clear",0,33.724857,-84.46301,"Atlanta","FULTON","[""Motor Vehicle in Motion"",""Motor Vehicle in Motion""]","[""Improper Backing"",""Under the Influence (U.I.)""]","[""Motor Vehicle in Motion"",""Motor Vehicle in Motion""]"
0,0,"Gsp Post 00","2022-03-21","I-7585 South and 14Th St Overpass","(O) No Injury","Daylight","On Roadway - Non-Intersection","Rear End","I-7585 South","Dry","10:20:00","[""Lap and Shoulder Belt Used"",""Lap and Shoulder Belt Used"",""Lap and Shoulder Belt Used"",""Child Restraint System (Properly Used)"",""Child Restraint System (Properly Used)""]","Clear",0,33.778207,-84.391178,"Atlanta","FULTON","[""Motor Vehicle in Motion"",""Motor Vehicle in Motion""]","Following Too Close","[""Motor Vehicle in Motion"",""Motor Vehicle in Motion""]"
0,0,"Atlanta Police Department","2022-03-21","Moreland Dr Se and Moreland Ave Se","(O) No Injury","Dark-Lighted","On Roadway - Non-Intersection","Rear End","Moreland Ave Se","Dry","23:18:00","[""Unknown"",""Lap and Shoulder Belt Used""]","Clear",0,33.709408,-84.349548,"Atlanta","FULTON","[""Motor Vehicle in Motion"",""Motor Vehicle in Motion""]",,"[""Motor Vehicle in Motion"",""Motor Vehicle in Motion""]"
0,0,"Atlanta Police Department","2022-03-21","Milton Ave Se and Hank Aaron Dr Se","(O) No Injury","Dark-Lighted","On Shoulder","Sideswipe-Same Direction","Milton Ave Se","Dry","03:49:00","Unknown","Clear",0,33.724711,-84.387081,"Atlanta","FULTON","[""Parked Motor Vehicle"",""Motor Vehicle in Motion""]",,"[""Parked Motor Vehicle"",""Motor Vehicle in Motion""]"
0,0,"Gsp Post 00","2022-03-21","Holmes Dr and I-20 East","(O) No Injury","Daylight","On Roadway - Non-Intersection","Not a Collision with Motor Vehicle","I-20 East","Dry","15:17:00","[""Lap and Shoulder Belt Used"",""Lap and Shoulder Belt Used""]","Clear",0,33.756872,-84.468899,"Atlanta","FULTON","[""Cargo/Equipment Loss or Shift"",""Other Object (Not Fixed)""]",,"[""Cargo/Equipment Lost or Shift"",""Impact Attenuate""]"