"# Serious Injuries","# Visible Injuries","Agency Name (Crash Level) ","Date","Intersection Name (from Crash Report)","KABCO Severity","Light Conditions (Crash Level)","Location at Impact (Crash Level) ","Manner of Collision (Crash Level) ","Roadway (From Crash Report)","Surface Condition (Crash Level) ","Time","Safety Equipment (Crash Level) ","Weather Conditions (Crash Level)","# of Fatalities per Crash","Latitude","Longitude","Geolocated City","Geolocated County","First Harmful Event (Unit Order)","Operator/Pedestrian Contrib Factor (excl None, Other, No Contrib Factors)","Most Harmful Event (Crash Level)"
0,0,"Atlanta Police Department","2022-03-23","17Th St Ne and Peachtree St Ne","(C) Possible Injury / Complaint","Daylight","On Roadway - Roadway Intersection","Sideswipe-Same Direction","Peachtree St Ne","Dry","16:00:00","[""Lap and Shoulder Belt Used"",""Lap and Shoulder Belt Used"",""Lap and Shoulder Belt Used""]","Clear",0,33.792465,-84.386346,"Atlanta","FULTON","[""Motor Vehicle in Motion"",""Motor Vehicle in Motion""]","Failure to Yield","[""Motor Vehicle in Motion"",""Motor Vehicle in Motion""]"
0,0,"Atlanta Police Department","2022-03-23","Grant St Se and Memorial Dr Se","(O) No Injury","Daylight","On Roadway - Roadway Intersection","Sideswipe-Same Direction","Memorial Dr Se","Wet","07:58:00","[""Unknown"",""Unknown""]","Rain",0,33.74682,-84.376656,"Atlanta","FULTON","[""Motor Vehicle in Motion"",""Motor Vehicle in Motion""]","[""Changed Lanes Improperly"",""Changed Lanes Improperly""]","[""Motor Vehicle in Motion"",""Motor Vehicle in Motion""]"
0,0,"Atlanta Police Department","2022-03-23","None and I-75","(O) No Injury","Dark-Lighted","On Roadway - Driveway Intersection","Rear End","I-75","Water (standing or moving)","19:00:00","[""Lap and Shoulder Belt Used"",""Lap and Shoulder Belt Used""]","Clear",0,33.7122,-84.401275,"Atlanta","FULTON","[""Motor Vehicle in Motion"",""Motor Vehicle in Motion""]","Following Too Close","[""Motor Vehicle in Motion"",""Motor Vehicle in Motion""]"
0,0,"Atlanta Police Department","2022-03-23","I-75 and Exit 246","(C) Possible Injury / Complaint","Daylight","On Roadway - Non-Intersection","Rear End","I-75","Dry","14:41:00","[""Unknown"",""Unknown"",""Lap and Shoulder Belt Used"",""Lap and Shoulder Belt Used"",""Lap and Shoulder Belt Used""]","Clear",0,33.733309,-84.391904,"Atlanta","FULTON","[""Motor Vehicle in Motion"",""Motor Vehicle in Motion"",""Motor Vehicle in Motion"",""Motor Vehicle in Motion"",""Motor Vehicle in Motion""]","Following Too Close","[""Motor Vehicle in Motion"",""Motor Vehicle in Motion"",""Motor Vehicle in Motion"",""Motor Vehicle in Motion"",""Motor Vehicle in Motion""]"
0,0,"Atlanta Police Department","2022-03-23","I-75 N and I-75 Exit 249D","(O) No Injury","Daylight","On Roadway - Non-Intersection","Rear End","I-75 Exit 249D","Wet","11:56:00","[""Unknown"",""Unknown""]","Clear",0,33.767372,-84.388515,"Atlanta","FULTON","[""Motor Vehicle in Motion"",""Motor Vehicle in Motion""]","Following Too Close","[""Motor Vehicle in Motion"",""Motor Vehicle in Motion""]"
0,1,"Atlanta Police Department","2022-03-23","None and Lakewood Ave Se","(B) Suspected Minor/Visible Injury","Dark-Lighted","On Roadway - Roadway Intersection","Angle Crash","Lakewood Ave Se","Dry","21:02:00","[""Lap and Shoulder Belt Used"",""Lap and Shoulder Belt Used""]","Clear",0,33.699364,-84.392063,"Atlanta","FULTON","[""Motor Vehicle in Motion"",""Motor Vehicle in Motion""]","Disregard Stop Sign/Signal","[""Motor Vehicle in Motion"",""Motor Vehicle in Motion""]"
0,0,"Atlanta Police Department","2022-03-23","Griffin St Nw and Cameron M Alexander Blvd Nw","(O) No Injury","Daylight","On Roadway - Roadway Intersection","Angle Crash","Griffin St Nw","Water (standing or moving)","07:00:00","Lap and Shoulder Belt Used","Rain",0,33.768222,-84.411166,"Atlanta","FULTON","[""Motor Vehicle in Motion"",""Motor Vehicle in Motion""]","Disregard Stop Sign/Signal","[""Motor Vehicle in Motion"",""Motor Vehicle in Motion""]"
0,0,"Atlanta Police Department","2022-03-23","I-75 and Martin Luther King Jr Dr Se","(O) No Injury","Daylight","On Roadway - Non-Intersection","Rear End","I-75","Wet","11:55:00","[""Lap and Shoulder Belt Used"",""Lap and Shoulder Belt Used""]","Cloudy",0,33.748222,-84.384945,"Atlanta","FULTON","[""Motor Vehicle in Motion"",""Motor Vehicle in Motion""]","Following Too Close","[""Motor Vehicle in Motion"",""Motor Vehicle in Motion""]"
0,0,"Atlanta Police Department","2022-03-23","None and I-75","(O) No Injury","Daylight","On Roadway - Non-Intersection","Rear End","I-75","Dry","13:17:00","[""Unknown"",""Lap and Shoulder Belt Used""]","Clear",0,33.790919,-84.3909,"Atlanta","FULTON","[""Motor Vehicle in Motion"",""Motor Vehicle in Motion""]","Following Too Close","[""Motor Vehicle in Motion"",""Motor Vehicle in Motion""]"
0,0,"Atlanta Police Department","2022-03-23","I-75 S and Howell Mill Rd Nw","(O) No Injury","Daylight","On Roadway - Roadway Intersection","Angle Crash","Howell Mill Rd Nw","Dry","14:15:00","[""Lap and Shoulder Belt Used"",""Lap and Shoulder Belt Used""]","Clear",0,33.804858,-84.413446,"Atlanta","FULTON","[""Motor Vehicle in Motion"",""Motor Vehicle in Motion""]","Failure to Yield","[""Motor Vehicle in Motion"",""Motor Vehicle in Motion""]"
0,0,"Atlanta Police Department","2022-03-23","Broadland Rd Nw and Fairfield Rd Nw","(O) No Injury","Daylight","On Roadway - Non-Intersection","Sideswipe-Same Direction","Fairfield Rd Nw","Dry","13:00:00","Lap and Shoulder Belt Used","Clear",0,33.863661,-84.410513,"Atlanta","FULTON","[""Motor Vehicle in Motion"",""Motor Vehicle in Motion""]",,"[""Motor Vehicle in Motion"",""Motor Vehicle in Motion""]"
0,0,"Atlanta Police Department","2022-03-23","None and I-75","(C) Possible Injury / Complaint","Daylight","On Roadway - Non-Intersection","Sideswipe-Same Direction","I-75","Dry","14:25:00","[""Unknown"",""Unknown""]","Cloudy",0,33.698804,-84.404291,"Atlanta","FULTON","[""Motor Vehicle in Motion"",""Motor Vehicle in Motion""]","Changed Lanes Improperly","Motor Vehicle in Motion"
0,0,"Atlanta Police Department","2022-03-23","None and I-285","(O) No Injury","Daylight","On Roadway - Non-Intersection","Rear End","I-285","Wet","09:48:00","[""Unknown"",""Lap and Shoulder Belt Used""]","Rain",0,33.706494,-84.497532,"Atlanta","FULTON","[""Motor Vehicle in Motion"",""Motor Vehicle in Motion""]","Occupant Distraction (Distracted)","[""Motor Vehicle in Motion"",""Motor Vehicle in Motion""]"
0,0,"Atlanta Police Department","2022-03-23","Marietta St Nw and Northside Dr Nw","(O) No Injury","Dark-Lighted","On Roadway - Roadway Intersection","Angle Crash","Northside Dr Nw","Dry","00:30:00","[""Unknown"",""Unknown"",""Unknown"",""Unknown""]","Clear",0,33.775857,-84.407012,"Atlanta","FULTON","[""Motor Vehicle in Motion"",""Motor Vehicle in Motion""]","Failure to Yield","[""Motor Vehicle in Motion"",""Motor Vehicle in Motion""]"
0,0,"Atlanta Police Department","2022-03-23","Ethel St Nw and Northside Dr Nw","(O) No Injury","Daylight","On Roadway - Roadway Intersection","Angle Crash","Northside Dr Nw","Wet","10:00:00","[""Lap and Shoulder Belt Used"",""Lap and Shoulder Belt Used""]","Rain",0,33.784554,-84.407457,"Atlanta","FULTON","[""Motor Vehicle in Motion"",""Motor Vehicle in Motion""]",,"[""Motor Vehicle in Motion"",""Motor Vehicle in Motion""]"
0,0,"Atlanta Police Department","2022-03-23","I-20 and Moreland Ave Se","(O) No Injury","Daylight","On Roadway - Non-Intersection","Sideswipe-Same Direction","I-20","Wet","06:56:00","[""Unknown"",""Unknown""]","Rain",0,33.745545,-84.34932,"Atlanta","FULTON","[""Motor Vehicle in Motion"",""Motor Vehicle in Motion""]","Changed Lanes Improperly","[""Motor Vehicle in Motion"",""Motor Vehicle in Motion""]"
0,0,"Atlanta Police Department","2022-03-23","Luckie St Nw and Ted Turner Dr Nw","(O) No Injury","Dark-Lighted","On Roadway - Roadway Intersection","Head On","Ted Turner Dr Nw","Dry","16:30:00","[""Unknown"",""Unknown""]","Clear",0,33.758392,-84.390668,"Atlanta","FULTON","[""Motor Vehicle in Motion"",""Motor Vehicle in Motion""]",,"Motor Vehicle in Motion"
0,1,"Atlanta Police Department","2022-03-23","Davis St Nw and Defoor Ave Nw","(B) Suspected Minor/Visible Injury","Dark-Lighted","Off Roadway","Not a Collision with Motor Vehicle","Defoor Ave Nw","Wet","06:20:00","Lap and Shoulder Belt Used","Rain",0,33.804783,-84.423355,"Atlanta","FULTON","Other Non-Collision","Changed Lanes Improperly","Tree"
0,0,"Atlanta Police Department","2022-03-23","Williams St Nw and Ivan Allen Jr Blvd Nw","(O) No Injury","Daylight","On Roadway - Non-Intersection","Rear End","Williams St Nw","Wet","13:33:00","[""Lap and Shoulder Belt Used"",""Lap and Shoulder Belt Used""]","Cloudy",0,33.764674,-84.390349,"Atlanta","FULTON","[""Motor Vehicle in Motion"",""Motor Vehicle in Motion""]",,"[""Motor Vehicle in Motion"",""Motor Vehicle in Motion""]"
0,0,"Atlanta Police Department","2022-03-23","I-20 W and Maynard Ter Se","(O) No Injury","Daylight","On Roadway - Non-Intersection","Angle Crash","Maynard Ter Se","Dry","15:30:00","[""Unknown"",""Unknown"",""Unknown""]","Cloudy",0,33.74519,-84.33404,"Atlanta","DEKALB","[""Motor Vehicle in Motion"",""Motor Vehicle in Motion""]","Improper Turn","[""Motor Vehicle in Motion"",""Motor Vehicle in Motion""]"
0,0,"Atlanta Police Department","2022-03-23","Peachtree Rd Ne and Around Lenox Rd Ne","(O) No Injury","Daylight","On Roadway - Roadway Intersection","Sideswipe-Opposite Direction","Peachtree Rd Ne","Dry","11:29:00","[""Unknown"",""Unknown""]","Cloudy",0,33.848946,-84.364975,"Atlanta","FULTON","[""Motor Vehicle in Motion"",""Motor Vehicle in Motion""]","Disregard Stop Sign/Signal","[""Motor Vehicle in Motion"",""Motor Vehicle in Motion""]"
0,0,"Atlanta Police Department","2022-03-23","Piedmont Ave Ne and John Portman Blvd Ne","(O) No Injury","Daylight","On Roadway - Non-Intersection","Rear End","John Portman Blvd Ne","Dry","17:10:00","[""Unknown"",""Unknown"",""Unknown""]","Cloudy",0,33.76092,-84.382162,"Atlanta","FULTON","[""Motor Vehicle in Motion"",""Motor Vehicle in Motion""]","Following Too Close","[""Motor Vehicle in Motion"",""Motor Vehicle in Motion""]"
0,0,"Atlanta Police Department","2022-03-23","None and I-75","(C) Possible Injury / Complaint","Daylight","On Roadway - Non-Intersection","Rear End","I-75","Dry","17:00:00","[""Lap and Shoulder Belt Used"",""Lap and Shoulder Belt Used"",""Lap and Shoulder Belt Used"",""Lap and Shoulder Belt Used"",""Lap and Shoulder Belt Used""]","Cloudy",0,33.795026,-84.391552,"Atlanta","FULTON","[""Motor Vehicle in Motion"",""Motor Vehicle in Motion"",""Motor Vehicle in Motion"",""Motor Vehicle in Motion"",""Motor Vehicle in Motion""]","Following Too Close","[""Motor Vehicle in Motion"",""Motor Vehicle in Motion"",""Motor Vehicle in Motion"",""Motor Vehicle in Motion"",""Motor Vehicle in Motion""]"
0,0,"Atlanta Police Department","2022-03-23","I-85 N and 17Th St Nw","(O) No Injury","Daylight","On Roadway - Non-Intersection","Rear End","17Th St Nw","Water (standing or moving)","07:30:00","[""Lap and Shoulder Belt Used"",""Lap and Shoulder Belt Used"",""Lap and Shoulder Belt Used""]","Rain",0,33.791652,-84.391335,"Atlanta","FULTON","[""Motor Vehicle in Motion"",""Motor Vehicle in Motion"",""Motor Vehicle in Motion""]","Following Too Close","[""Motor Vehicle in Motion"",""Motor Vehicle in Motion"",""Motor Vehicle in Motion""]"
0,0,"Atlanta Police Department","2022-03-23","None and I-75","(C) Possible Injury / Complaint","Daylight","On Roadway - Managed Lane (HOV, HOT, Reversible)","Rear End","I-75","Wet","09:01:00","[""Unknown"",""Unknown""]","Rain",0,33.696878,-84.40473,"Atlanta","FULTON","[""Motor Vehicle in Motion"",""Motor Vehicle in Motion""]","Aggressive Driving","[""Motor Vehicle in Motion"",""Motor Vehicle in Motion""]"
0,0,"Atlanta Police Department","2022-03-23","Estes Dr Sw and Sylvan Rd Sw","(O) No Injury","Daylight","On Roadway - Managed Lane (HOV, HOT, Reversible)","Angle Crash","Sylvan Rd Sw","Dry","15:30:00","[""Unknown"",""Unknown""]","Clear",0,33.699244,-84.418312,"Atlanta","FULTON","[""Motor Vehicle in Motion"",""Motor Vehicle in Motion""]","Failure to Yield","[""Motor Vehicle in Motion"",""Motor Vehicle in Motion""]"
0,0,"Atlanta Police Department","2022-03-23","None and Northwest Dr Nw","(C) Possible Injury / Complaint","Daylight","On Roadway - Non-Intersection","Sideswipe-Same Direction","Northwest Dr Nw","Wet","08:43:00","[""Lap and Shoulder Belt Used"",""Lap and Shoulder Belt Used"",""Lap and Shoulder Belt Used""]","Cloudy",0,33.798678,-84.487892,"Atlanta","FULTON","[""Motor Vehicle in Motion"",""Motor Vehicle in Motion"",""Motor Vehicle in Motion""]","Aggressive Driving","[""Motor Vehicle in Motion"",""Motor Vehicle in Motion"",""Motor Vehicle in Motion""]"
0,0,"Atlanta Police Department","2022-03-23","I-75 and I-75 N","(O) No Injury","Daylight","On Roadway - Non-Intersection","Rear End","I-75","Wet","12:23:00","[""Lap and Shoulder Belt Used"",""Lap and Shoulder Belt Used""]","Cloudy",0,33.758415,-84.378497,"Atlanta","FULTON","[""Motor Vehicle in Motion"",""Motor Vehicle in Motion""]","Following Too Close","[""Motor Vehicle in Motion"",""Motor Vehicle in Motion""]"
0,0,"Atlanta Police Department","2022-03-23","Van Heusen Blvd Nw and Chattahoochee Ave Nw","(C) Possible Injury / Complaint","Daylight","On Roadway - Driveway Intersection","Rear End","Chattahoochee Ave Nw","Dry","14:29:00","[""Unknown"",""Unknown"",""Unknown"",""Unknown"",""Unknown"",""Child Restraint System (Properly Used)"",""Unknown"",""Unknown""]","Cloudy",0,33.802097,-84.430574,"Atlanta","FULTON","[""Motor Vehicle in Motion"",""Motor Vehicle in Motion"",""Motor Vehicle in Motion""]","[""Following Too Close"",""Failure to Yield""]","[""Motor Vehicle in Motion"",""Motor Vehicle in Motion"",""Motor Vehicle in Motion""]"
0,0,"Atlanta Police Department","2022-03-23","Florence Pl Nw and Donald Lee Hollowell Pkwy Nw","(C) Possible Injury / Complaint","Daylight","On Roadway - Roadway Intersection","Angle Crash","Florence Pl Nw","Dry","07:58:00","[""Unknown"",""Unknown"",""Unknown""]","Clear",0,33.772819,-84.441997,"Atlanta","FULTON","[""Motor Vehicle in Motion"",""Motor Vehicle in Motion""]","Failure to Yield","[""Motor Vehicle in Motion"",""Parked Motor Vehicle""]"
0,0,"Atlanta Police Department","2022-03-23","13Th St Ne and W Peachtree St Ne","(O) No Injury","Daylight","On Roadway - Non-Intersection","Sideswipe-Same Direction","W Peachtree St Ne","Dry","18:00:00","[""Unknown"",""Unknown""]","Cloudy",0,33.785704,-84.387815,"Atlanta","FULTON","[""Motor Vehicle in Motion"",""Motor Vehicle in Motion""]","Changed Lanes Improperly","[""Motor Vehicle in Motion"",""Motor Vehicle in Motion""]"
0,0,"Atlanta Police Department","2022-03-23","I-75 and W Paces Ferry Rd Nw","(O) No Injury","Daylight","On Roadway - Non-Intersection","Rear End","I-75","Water (standing or moving)","07:45:00","[""Lap and Shoulder Belt Used"",""Lap and Shoulder Belt Used""]","Rain",0,33.849322,-84.431118,"Atlanta","FULTON","[""Motor Vehicle in Motion"",""Motor Vehicle in Motion""]","Following Too Close","[""Motor Vehicle in Motion"",""Motor Vehicle in Motion""]"
0,0,"Atlanta Police Department","2022-03-23","Boulevard Se and Mcdonough Blvd Se","(O) No Injury","Daylight","On Roadway - Non-Intersection","Rear End","Mcdonough Blvd Se","Wet","07:43:00","[""Lap and Shoulder Belt Used"",""Lap and Shoulder Belt Used"",""Lap and Shoulder Belt Used""]","Rain",0,33.713592,-84.367848,"Atlanta","FULTON","[""Motor Vehicle in Motion"",""Motor Vehicle in Motion"",""Motor Vehicle in Motion""]","Following Too Close","[""Motor Vehicle in Motion"",""Motor Vehicle in Motion"",""Motor Vehicle in Motion""]"
0,0,"Atlanta Police Department","2022-03-23","None and I-75","(C) Possible Injury / Complaint","Dark-Lighted","On Roadway - Non-Intersection","Rear End","I-75","Wet","03:40:00","[""Unknown"",""Unknown"",""Unknown""]","Rain",0,33.849431,-84.430837,"Atlanta","FULTON","[""Motor Vehicle in Motion"",""Motor Vehicle in Motion"",""Motor Vehicle in Motion""]","[""Reckless Driving"",""Driver Lost Control""]","[""Motor Vehicle in Motion"",""Motor Vehicle in Motion"",""Motor Vehicle in Motion""]"
0,0,"Atlanta Police Department","2022-03-23","Baker St Nw and Ted Turner Dr Nw","(O) No Injury","Dark-Lighted","On Roadway - Roadway Intersection","Not a Collision with Motor Vehicle","Baker St Nw","Water (standing or moving)","05:00:00","[""Unknown"",""Unknown"",""Unknown""]","Rain",0,33.762253,-84.389016,"Atlanta","FULTON","Other Non-Collision","[""Reckless Driving"",""Too Fast for Conditions"",""Disregard Police - Evasion""]","Tree"
0,0,"Atlanta Police Department","2022-03-23","Garson Dr Ne and Piedmont Rd Ne","(O) No Injury","Daylight","On Roadway - Roadway Intersection","Angle Crash","Garson Dr Ne","Dry","17:00:00","[""Unknown"",""Unknown""]","Clear",0,33.817684,-84.366954,"Atlanta","FULTON","[""Motor Vehicle in Motion"",""Motor Vehicle in Motion""]","Disregard Other Traffic Control","[""Motor Vehicle in Motion"",""Motor Vehicle in Motion""]"
0,0,"Atlanta Police Department","2022-03-23","None and I-75","(O) No Injury","Dark-Lighted","On Roadway - Non-Intersection","Sideswipe-Same Direction","I-75","Dry","02:20:00","[""Unknown"",""Unknown"",""Unknown""]","Clear",0,33.745341,-84.389918,"Atlanta","FULTON","[""Motor Vehicle in Motion"",""Motor Vehicle in Motion""]","Changed Lanes Improperly","[""Motor Vehicle in Motion"",""Motor Vehicle in Motion""]"
0,0,"Atlanta Police Department","2022-03-23","Hill St Se and Ormond St Se","(O) No Injury","Daylight","On Roadway - Roadway Intersection","Angle Crash","Ormond St Se","Dry","19:10:00","[""Lap and Shoulder Belt Used"",""Lap and Shoulder Belt Used"",""Lap and Shoulder Belt Used""]","Clear",0,33.731494,-84.378498,"Atlanta","FULTON","[""Motor Vehicle in Motion"",""Motor Vehicle in Motion""]",,"[""Motor Vehicle in Motion"",""Motor Vehicle in Motion""]"
0,0,"Atlanta Police Department","2022-03-23","Harbin Rd Sw and Landrum Dr Sw","(O) No Injury","Daylight","On Roadway - Non-Intersection","Not a Collision with Motor Vehicle","Landrum Dr Sw","Dry","16:00:00","Lap and Shoulder Belt Used","Clear",0,33.706262,-84.48073,"Atlanta","FULTON","Other Non-Collision","Inattentive or Other Distraction (Distracted)","Fence"
0,0,"Atlanta Police Department","2022-03-23","None and I-75","(O) No Injury","Dark-Lighted","On Roadway - Non-Intersection","Not a Collision with Motor Vehicle","I-75","Dry","20:30:00","[""Unknown"",""Unknown"",""Unknown""]","Clear",0,33.703842,-84.404113,"Atlanta","FULTON","[""Motor Vehicle in Motion"",""Motor Vehicle in Motion"",""Motor Vehicle in Motion""]",,"[""Motor Vehicle in Motion"",""Motor Vehicle in Motion"",""Motor Vehicle in Motion""]"
0,0,"Gsp Post 00","2022-03-23","None and I-20","(O) No Injury","Dark-Lighted","On Roadway - Non-Intersection","Angle Crash","I-20","Dry","23:58:00","[""None Used"",""Lap and Shoulder Belt Used"",""Lap and Shoulder Belt Used""]","Clear",0,33.744217,-84.38776,"Atlanta","FULTON","[""Motor Vehicle in Motion"",""Motor Vehicle in Motion"",""Motor Vehicle in Motion""]","[""Disregard Police - Evasion"",""Reckless Driving""]","[""Motor Vehicle in Motion"",""Motor Vehicle in Motion"",""Motor Vehicle in Motion""]"
0,0,"Atlanta Police Department","2022-03-23","None and I-75","(O) No Injury","Dark-Lighted","On Roadway - Managed Lane (HOV, HOT, Reversible)","Rear End","I-75","Water (standing or moving)","05:30:00","[""Unknown"",""Unknown"",""Unknown"",""Unknown""]","Rain",0,33.702147,-84.404183,"Atlanta","FULTON","[""Motor Vehicle in Motion"",""Motor Vehicle in Motion"",""Other Non-Collision"",""Motor Vehicle in Motion""]","Driver Lost Control","[""Motor Vehicle in Motion"",""Motor Vehicle in Motion"",""Other Non-Collision"",""Motor Vehicle in Motion""]"
0,0,"Atlanta Police Department","2022-03-23","Jesse Hill Jr Dr Ne and John Wesley Dobbs Ave Ne","(O) No Injury","Daylight","On Roadway - Non-Intersection","Sideswipe-Same Direction","John Wesley Dobbs Ave Ne","Water (standing or moving)","08:01:00","[""Lap and Shoulder Belt Used"",""Lap and Shoulder Belt Used"",""Lap and Shoulder Belt Used""]","Rain",0,33.757378,-84.380454,"Atlanta","FULTON","[""Motor Vehicle in Motion"",""Motor Vehicle in Motion""]","Changed Lanes Improperly","[""Motor Vehicle in Motion"",""Motor Vehicle in Motion""]"
0,0,"Atlanta Police Department","2022-03-23","Nassau St Nw and Ted Turner Dr Nw","(O) No Injury","Daylight","On Roadway - Non-Intersection","Angle Crash","Ted Turner Dr Nw","Water (standing or moving)","12:25:00","[""Lap and Shoulder Belt Used"",""Lap and Shoulder Belt Used""]","Cloudy",0,33.757724,-84.391617,"Atlanta","FULTON","[""Motor Vehicle in Motion"",""Motor Vehicle in Motion""]","Changed Lanes Improperly","[""Motor Vehicle in Motion"",""Motor Vehicle in Motion""]"
0,0,"Atlanta Police Department","2022-03-23","Burton Rd Nw and Hamilton E Holmes Dr Nw","(C) Possible Injury / Complaint","Daylight","On Roadway - Driveway Intersection","Head On","Burton Rd Nw","Dry","20:30:00","[""Unknown"",""Unknown"",""Unknown""]","Clear",0,33.755792,-84.468653,"Atlanta","FULTON","[""Motor Vehicle in Motion"",""Motor Vehicle in Motion""]","Failure to Yield","[""Motor Vehicle in Motion"",""Motor Vehicle in Motion""]"
0,0,"Atlanta Police Department","2022-03-23","None and Lenox Rd Ne","(O) No Injury","Daylight","On Roadway - Roadway Intersection","Rear End","Lenox Rd Ne","Dry","18:05:00","[""Lap and Shoulder Belt Used"",""Lap and Shoulder Belt Used""]","Clear",0,33.824644,-84.352362,"Atlanta","FULTON","[""Motor Vehicle in Motion"",""Motor Vehicle in Motion""]","Following Too Close","Motor Vehicle in Motion"
0,0,"Atlanta Police Department","2022-03-23","None and I-85","(O) No Injury","Daylight","Off Roadway","Not a Collision with Motor Vehicle","I-85","Dry","13:00:00","Unknown","Clear",0,33.814415,-84.365498,"Atlanta","FULTON","Other - Fixed Object",,"Other - Fixed Object"
0,0,"Atlanta Police Department","2022-03-23","I-85 and Buford Hwy","(O) No Injury","Daylight","On Roadway - Non-Intersection","Rear End","I-85","Wet","08:20:00","[""Unknown"",""Lap and Shoulder Belt Used""]","Rain",0,33.808149,-84.378963,"Atlanta","FULTON","[""Motor Vehicle in Motion"",""Motor Vehicle in Motion""]","Following Too Close","[""Motor Vehicle in Motion"",""Motor Vehicle in Motion""]"
0,0,"Atlanta Police Department","2022-03-23","None and Hill St Se","(O) No Injury","Dark-Lighted","On Roadway - Non-Intersection","Sideswipe-Same Direction","Hill St Se","Dry","23:15:00","[""Unknown"",""Lap and Shoulder Belt Used"",""Lap and Shoulder Belt Used""]","Clear",0,33.748094,-84.379553,"Atlanta","FULTON","[""Motor Vehicle in Motion"",""Motor Vehicle in Motion""]","Changed Lanes Improperly","[""Motor Vehicle in Motion"",""Motor Vehicle in Motion""]"
0,1,"Atlanta Police Department","2022-03-23","Chapel St Sw and Peters St Sw","(B) Suspected Minor/Visible Injury","Daylight","On Roadway - Non-Intersection","Angle Crash","Peters St Sw","Dry","13:00:00","[""Unknown"",""Lap and Shoulder Belt Used""]","Clear",0,33.742862,-84.409395,"Atlanta","FULTON","[""Motor Vehicle in Motion"",""Motor Vehicle in Motion""]","Improper Turn","[""Motor Vehicle in Motion"",""Motor Vehicle in Motion""]"
0,0,"Atlanta Police Department","2022-03-23","I-75 and Fulton St","(C) Possible Injury / Complaint","Daylight","On Roadway - Roadway Intersection","Sideswipe-Same Direction","I-75","Dry","17:39:00","[""Lap and Shoulder Belt Used"",""Lap and Shoulder Belt Used""]","Clear",0,33.73857,-84.391752,"Atlanta","FULTON","[""Motor Vehicle in Motion"",""Motor Vehicle in Motion""]","Changed Lanes Improperly","[""Motor Vehicle in Motion"",""Motor Vehicle in Motion""]"
0,0,"Atlanta Police Department","2022-03-23","Langford Pkwy and Metropolitan Pkwy Sw","(O) No Injury","Daylight","On Roadway - Managed Lane (HOV, HOT, Reversible)","Not a Collision with Motor Vehicle","Langford Pkwy","Wet","11:33:00","Unknown","Rain",0,33.696467,-84.40842,"Atlanta","FULTON","Other Non-Collision","Too Fast for Conditions","Over Turn"
0,0,"Atlanta Police Department","2022-03-23","None and I-75","(C) Possible Injury / Complaint","Dark-Lighted","On Roadway - Non-Intersection","Rear End","I-75","Dry","19:35:00","[""Unknown"",""Unknown"",""Unknown"",""Unknown""]","Cloudy",0,33.774534,-84.390491,"Atlanta","FULTON","[""Motor Vehicle in Motion"",""Motor Vehicle in Motion"",""Motor Vehicle in Motion""]","Following Too Close","[""Motor Vehicle in Motion"",""Motor Vehicle in Motion"",""Motor Vehicle in Motion""]"
0,1,"Atlanta Police Department","2022-03-23","Rawson St Sw and Windsor St Sw","(B) Suspected Minor/Visible Injury","Daylight","On Roadway - Roadway Intersection","Rear End","Windsor St Sw","Dry","14:20:00","[""Unknown"",""Unknown""]","Clear",0,33.744444,-84.39817,"Atlanta","FULTON","[""Motor Vehicle in Motion"",""Motor Vehicle in Motion""]",,"[""Motor Vehicle in Motion"",""Motor Vehicle in Motion""]"
0,0,"Atlanta Police Department","2022-03-23","None and I-20","(O) No Injury","Daylight","On Roadway - Non-Intersection","Rear End","I-20","Dry","16:02:00","[""Lap and Shoulder Belt Used"",""Lap and Shoulder Belt Used"",""Lap and Shoulder Belt Used""]","Cloudy",0,33.743146,-84.423552,"Atlanta","FULTON","[""Motor Vehicle in Motion"",""Motor Vehicle in Motion""]","Following Too Close","[""Motor Vehicle in Motion"",""Motor Vehicle in Motion""]"
0,0,"Atlanta Police Department","2022-03-23","I-75 N and Ralph David Abernathy Blvd Sw","(O) No Injury","Daylight","On Roadway - Non-Intersection","Rear End","Ralph David Abernathy Blvd Sw","Wet","07:00:00","[""Lap and Shoulder Belt Used"",""Lap and Shoulder Belt Used"",""Lap and Shoulder Belt Used""]","Rain",0,33.736791,-84.391836,"Atlanta","FULTON","[""Motor Vehicle in Motion"",""Motor Vehicle in Motion"",""Motor Vehicle in Motion""]","[""Following Too Close"",""Too Fast for Conditions"",""Too Fast for Conditions"",""Following Too Close"",""Too Fast for Conditions""]","[""Motor Vehicle in Motion"",""Motor Vehicle in Motion"",""Motor Vehicle in Motion""]"