"# Serious Injuries","# Visible Injuries","Agency Name (Crash Level) ","Date","Intersection Name (from Crash Report)","KABCO Severity","Light Conditions (Crash Level)","Location at Impact (Crash Level) ","Manner of Collision (Crash Level) ","Roadway (From Crash Report)","Surface Condition (Crash Level) ","Time","Safety Equipment (Crash Level) ","Weather Conditions (Crash Level)","# of Fatalities per Crash","Latitude","Longitude","Geolocated City","Geolocated County","First Harmful Event (Unit Order)","Operator/Pedestrian Contrib Factor (excl None, Other, No Contrib Factors)","Most Harmful Event (Crash Level)"
0,0,"Atlanta Police Department","2022-03-25","Bronner Bros Way Sw and Metropolitan Pkwy Sw","(O) No Injury","Daylight","On Roadway - Roadway Intersection","Sideswipe-Same Direction","Bronner Bros Way Sw","Dry","14:20:00","[""Unknown"",""Unknown"",""Unknown""]","Clear",0,33.736903,-84.40815,"Atlanta","FULTON","[""Motor Vehicle in Motion"",""Motor Vehicle in Motion"",""Motor Vehicle in Motion""]",,"[""Motor Vehicle in Motion"",""Motor Vehicle in Motion"",""Motor Vehicle in Motion""]"
0,0,"Atlanta Police Department","2022-03-25","Burton Rd Nw and Hamilton E Holmes Dr Nw","(C) Possible Injury / Complaint","Daylight","On Roadway - Non-Intersection","Rear End","Hamilton E Holmes Dr Nw","Dry","17:15:00","[""Lap and Shoulder Belt Used"",""Lap and Shoulder Belt Used"",""Lap and Shoulder Belt Used"",""Booster Seat (Properly Used)"",""Child Restraint System (Properly Used)"",""Lap and Shoulder Belt Used""]","Clear",0,33.756124,-84.468786,"Atlanta","FULTON","[""Motor Vehicle in Motion"",""Motor Vehicle in Motion"",""Motor Vehicle in Motion""]","Following Too Close","[""Motor Vehicle in Motion"",""Motor Vehicle in Motion"",""Motor Vehicle in Motion""]"
0,0,"Gsp Post 00","2022-03-25","I-285 North and Boulder Park Road","(C) Possible Injury / Complaint","Daylight","On Roadway - Non-Intersection","Rear End","I-285 North","Dry","12:10:00","[""Motorcycle Helmet"",""Lap and Shoulder Belt Used"",""Lap and Shoulder Belt Used""]","Clear",0,33.753698,-84.495302,"Atlanta","FULTON","[""Motor Vehicle in Motion"",""Motor Vehicle in Motion""]","Following Too Close","[""Motor Vehicle in Motion"",""Motor Vehicle in Motion""]"
0,0,"Atlanta Police Department","2022-03-25","Briarcliff Rd Ne and Ponce De Leon Ave Ne","(O) No Injury","Daylight","On Roadway - Roadway Intersection","Sideswipe-Same Direction","Briarcliff Rd Ne","Dry","11:30:00","[""Lap and Shoulder Belt Used"",""Lap and Shoulder Belt Used""]","Clear",0,33.773834,-84.348982,"Atlanta","FULTON","[""Motor Vehicle in Motion"",""Motor Vehicle in Motion""]","Misjudged Clearance","[""Motor Vehicle in Motion"",""Motor Vehicle in Motion""]"
0,2,"Atlanta Police Department","2022-03-25","16Th St Nw and Spring St Nw","(B) Suspected Minor/Visible Injury","Dark-Lighted","Off Roadway","Angle Crash","16Th St Nw","Dry","03:20:00","[""Lap and Shoulder Belt Used"",""Lap and Shoulder Belt Used"",""Lap and Shoulder Belt Used""]","Clear",0,33.789916,-84.389316,"Atlanta","FULTON","[""Other - Fixed Object"",""Other - Fixed Object""]","[""Disregard Other Traffic Control"",""Under the Influence (U.I.)"",""Under the Influence (U.I.)""]","[""Motor Vehicle in Motion"",""Motor Vehicle in Motion""]"
0,0,"Atlanta Police Department","2022-03-25","None and I-75","(O) No Injury","Daylight","On Roadway - Non-Intersection","Rear End","I-75","Dry","07:00:00","[""Unknown"",""Unknown""]","Clear",0,33.692567,-84.402823,"Atlanta","FULTON","[""Motor Vehicle in Motion"",""Motor Vehicle in Motion""]","Following Too Close","[""Motor Vehicle in Motion"",""Motor Vehicle in Motion""]"
0,0,"Atlanta Police Department","2022-03-25","Virginia Ave Ne and N Highland Ave Ne","(O) No Injury","Daylight","On Roadway - Non-Intersection","Angle Crash","Virginia Ave Ne","Dry","10:01:00","[""Lap and Shoulder Belt Used"",""Lap and Shoulder Belt Used""]","Clear",0,33.782362,-84.354329,"Atlanta","FULTON","[""Motor Vehicle in Motion"",""Motor Vehicle in Motion""]","Improper Backing","[""Motor Vehicle in Motion"",""Motor Vehicle in Motion""]"
0,0,"Gsp Post 00","2022-03-25","166Wb and Ga-285","(O) No Injury","Dark-Lighted","On Shoulder","Rear End","166Wb","Dry","20:44:00","[""Lap and Shoulder Belt Used"",""Lap and Shoulder Belt Used"",""Lap and Shoulder Belt Used""]","Clear",0,33.690424,-84.493144,"Atlanta","FULTON","[""Parked Motor Vehicle"",""Motor Vehicle in Motion""]","Improper Backing","[""Parked Motor Vehicle"",""Motor Vehicle in Motion""]"
0,0,"Gsp Post 00","2022-03-25","I-85 S and Monroe Dr","(O) No Injury","Daylight","On Roadway - Non-Intersection","Sideswipe-Same Direction","I-85 S","Dry","09:00:00","[""Lap and Shoulder Belt Used"",""Lap and Shoulder Belt Used"",""Lap and Shoulder Belt Used"",""Lap and Shoulder Belt Used""]","Clear",0,33.816229,-84.363512,"Atlanta","FULTON","[""Motor Vehicle in Motion"",""Motor Vehicle in Motion""]","Changed Lanes Improperly","[""Motor Vehicle in Motion"",""Parked Motor Vehicle""]"
0,0,"Atlanta Police Department","2022-03-25","Piedmont Ave Ne and N Rock Springs Rd Ne","(O) No Injury","Dark-Lighted","On Roadway - Non-Intersection","Angle Crash","Piedmont Ave Ne","Dry","19:00:00","[""Lap and Shoulder Belt Used"",""Lap and Shoulder Belt Used""]","Clear",0,33.804942,-84.367464,"Atlanta","FULTON","[""Motor Vehicle in Motion"",""Motor Vehicle in Motion""]",,"[""Motor Vehicle in Motion"",""Motor Vehicle in Motion""]"
0,0,"Atlanta Police Department","2022-03-25","Fulton Industrial Blvd Nw and Donald Lee Hollowell Pkwy Nw","(O) No Injury","Daylight","On Roadway - Non-Intersection","Angle Crash","Donald Lee Hollowell Pkwy Nw","Dry","17:45:00","[""Lap and Shoulder Belt Used"",""Lap and Shoulder Belt Used""]","Clear",0,33.789848,-84.496125,"Atlanta","FULTON","[""Motor Vehicle in Motion"",""Motor Vehicle in Motion""]",,"[""Motor Vehicle in Motion"",""Motor Vehicle in Motion""]"
0,0,"Atlanta Police Department","2022-03-25","Marietta St Nw and Northside Dr Nw","(C) Possible Injury / Complaint","Daylight","On Roadway - Roadway Intersection","Angle Crash","Northside Dr Nw","Dry","13:10:00","[""Lap and Shoulder Belt Used"",""Lap and Shoulder Belt Used""]","Clear",0,33.775866,-84.407014,"Atlanta","FULTON","[""Motor Vehicle in Motion"",""Motor Vehicle in Motion""]","Improper Turn","[""Motor Vehicle in Motion"",""Motor Vehicle in Motion""]"
0,0,"Atlanta Police Department","2022-03-25","Jefferson St Nw and Joseph E Lowery Blvd Nw","(O) No Injury","Daylight","On Roadway - Non-Intersection","Sideswipe-Same Direction","Joseph E Lowery Blvd Nw","Dry","16:18:00","[""Unknown"",""Lap and Shoulder Belt Used"",""Lap and Shoulder Belt Used""]","Clear",0,33.776257,-84.417358,"Atlanta","FULTON","[""Motor Vehicle in Motion"",""Motor Vehicle in Motion""]","Improper Passing","[""Motor Vehicle in Motion"",""Motor Vehicle in Motion""]"
0,0,"Atlanta Police Department","2022-03-25","Lena St Nw and Joseph E Lowery Blvd Nw","(C) Possible Injury / Complaint","Dark-Lighted","On Roadway - Non-Intersection","Rear End","Joseph E Lowery Blvd Nw","Dry","23:09:00","[""Lap and Shoulder Belt Used"",""Lap and Shoulder Belt Used"",""Lap and Shoulder Belt Used"",""Lap and Shoulder Belt Used"",""Lap and Shoulder Belt Used""]","Clear",0,33.756719,-84.417537,"Atlanta","FULTON","[""Motor Vehicle in Motion"",""Motor Vehicle in Motion"",""Motor Vehicle in Motion"",""Motor Vehicle in Motion""]","[""Following Too Close"",""Under the Influence (U.I.)"",""Reckless Driving""]","[""Motor Vehicle in Motion"",""Motor Vehicle in Motion"",""Motor Vehicle in Motion"",""Motor Vehicle in Motion""]"
1,0,"Atlanta Police Department","2022-03-25","Marietta St Nw and Northside Dr Nw","(A) Suspected Serious Injury","Daylight","On Roadway - Roadway Intersection","Angle Crash","Northside Dr Nw","Dry","15:34:00","[""Unknown"",""Unknown"",""Unknown"",""Unknown"",""Unknown"",""Unknown""]","Cloudy",0,33.775866,-84.407014,"Atlanta","FULTON","[""Motor Vehicle in Motion"",""Motor Vehicle in Motion""]","Disregard Other Traffic Control","[""Motor Vehicle in Motion"",""Motor Vehicle in Motion""]"
0,1,"Atlanta Police Department","2022-03-25","North Ave Ne and N Angier Ave Ne","(B) Suspected Minor/Visible Injury","Dawn","On Roadway - Driveway Intersection","Not a Collision with Motor Vehicle","North Ave Ne","Dry","19:32:00","[""None Used"",""None Used""]","Clear",0,33.771132,-84.365011,"Atlanta","FULTON","[""Motor Vehicle in Motion"",""Motor Vehicle in Motion""]",,"[""Motor Vehicle in Motion"",""Pedal-Cycle""]"
0,0,"Gsp Post 00","2022-03-25","I-285 Sb and Donald Lee Hollowell Pkwy","(O) No Injury","Daylight","On Roadway - Non-Intersection","Rear End","I-285 Sb","Dry","07:30:00","[""Lap and Shoulder Belt Used"",""Lap and Shoulder Belt Used""]","Clear",0,33.7694,-84.495189,"Atlanta","FULTON","[""Motor Vehicle in Motion"",""Motor Vehicle in Motion""]","Following Too Close","[""Motor Vehicle in Motion"",""Motor Vehicle in Motion""]"
0,0,"Atlanta Police Department","2022-03-25","Ga-400 and I-85 Hov Lane","(O) No Injury","Daylight","On Roadway - Managed Lane (HOV, HOT, Reversible)","Sideswipe-Same Direction","Ga-400","Dry","16:09:00","[""Unknown"",""Lap and Shoulder Belt Used""]","Clear",0,33.82242,-84.360269,"Atlanta","FULTON","[""Motor Vehicle in Motion"",""Motor Vehicle in Motion""]","Changed Lanes Improperly","[""Motor Vehicle in Motion"",""Motor Vehicle in Motion""]"
0,0,"Atlanta Police Department","2022-03-25","16Th St Nw and Mecaslin St Nw","(O) No Injury","Daylight","On Roadway - Roadway Intersection","Angle Crash","Mecaslin St Nw","Dry","17:30:00","[""Unknown"",""Unknown""]","Clear",0,33.789064,-84.400024,"Atlanta","FULTON","[""Motor Vehicle in Motion"",""Motor Vehicle in Motion""]","Disregard Stop Sign/Signal","[""Motor Vehicle in Motion"",""Motor Vehicle in Motion""]"
0,2,"Atlanta Police Department","2022-03-25","Jackson St Ne and Edgewood Ave Se","(B) Suspected Minor/Visible Injury","Dark-Lighted","On Roadway - Roadway Intersection","Angle Crash","Edgewood Ave Se","Dry","01:29:00","[""Lap and Shoulder Belt Used"",""Lap and Shoulder Belt Used""]","Clear",0,33.754337,-84.374356,"Atlanta","FULTON","[""Motor Vehicle in Motion"",""Motor Vehicle in Motion""]","Failure to Yield","[""Motor Vehicle in Motion"",""Motor Vehicle in Motion""]"
0,0,"Atlanta Police Department","2022-03-25","Memorial Dr Se and Moreland Ave Se","(O) No Injury","Daylight","On Roadway - Non-Intersection","Angle Crash","Moreland Ave Se","Dry","16:00:00","[""Unknown"",""Unknown"",""Unknown""]","Cloudy",0,33.747227,-84.349216,"Atlanta","FULTON","[""Motor Vehicle in Motion"",""Motor Vehicle in Motion""]","Changed Lanes Improperly","[""Motor Vehicle in Motion"",""Motor Vehicle in Motion""]"
0,0,"Atlanta Police Department","2022-03-25","Elm St Sw and Parsons St Sw","(O) No Injury","Daylight","On Roadway - Non-Intersection","Sideswipe-Same Direction","Parsons St Sw","Dry","14:30:00","[""Lap and Shoulder Belt Used"",""Lap and Shoulder Belt Used""]","Clear",0,33.75127,-84.409662,"Atlanta","FULTON","[""Motor Vehicle in Motion"",""Motor Vehicle in Motion""]","Changed Lanes Improperly","[""Motor Vehicle in Motion"",""Motor Vehicle in Motion""]"
0,0,"Atlanta Police Department","2022-03-25","Lenox Rd Ne and Peachtree Rd Ne","(C) Possible Injury / Complaint","Daylight","On Roadway - Roadway Intersection","Rear End","Lenox Rd Ne","Dry","13:02:00","[""Lap and Shoulder Belt Used"",""Lap and Shoulder Belt Used""]","Clear",0,33.850294,-84.361738,"Atlanta","FULTON","[""Motor Vehicle in Motion"",""Motor Vehicle in Motion""]","Following Too Close","[""Motor Vehicle in Motion"",""Motor Vehicle in Motion""]"
0,0,"Atlanta Police Department","2022-03-25","10Th St Nw and Spring St Nw","(C) Possible Injury / Complaint","Dark-Lighted","On Roadway - Roadway Intersection","Rear End","10Th St Nw","Dry","23:00:00","[""Lap and Shoulder Belt Used"",""Lap and Shoulder Belt Used""]","Clear",0,33.781448,-84.389162,"Atlanta","FULTON","[""Motor Vehicle in Motion"",""Motor Vehicle in Motion""]","Following Too Close","[""Motor Vehicle in Motion"",""Motor Vehicle in Motion""]"
0,0,"Atlanta Police Department","2022-03-25","Venetian Dr Sw and Campbellton Rd Sw","(C) Possible Injury / Complaint","Daylight","On Roadway - Driveway Intersection","Angle Crash","Campbellton Rd Sw","Dry","17:50:00","[""Unknown"",""Unknown"",""Unknown""]","Clear",0,33.714223,-84.435006,"Atlanta","FULTON","[""Motor Vehicle in Motion"",""Motor Vehicle in Motion""]","Failure to Yield","[""Motor Vehicle in Motion"",""Motor Vehicle in Motion""]"
0,0,"Gsp Post 00","2022-03-25","I-7585 North and Auburn Avenue","(C) Possible Injury / Complaint","Daylight","On Roadway - Non-Intersection","Rear End","I-7585 North","Dry","14:21:00","[""Lap and Shoulder Belt Used"",""Lap and Shoulder Belt Used"",""Lap and Shoulder Belt Used""]","Clear",0,33.755028,-84.378266,"Atlanta","FULTON","[""Motor Vehicle in Motion"",""Motor Vehicle in Motion""]","Following Too Close","[""Motor Vehicle in Motion"",""Motor Vehicle in Motion""]"
0,0,"Atlanta Police Department","2022-03-25","W Peachtree St Nw and Ivan Allen Jr Blvd Ne","(O) No Injury","Dark-Lighted","On Roadway - Roadway Intersection","Sideswipe-Same Direction","W Peachtree St Nw","Dry","22:45:00","[""Unknown"",""Unknown"",""Unknown""]","Clear",0,33.764787,-84.387497,"Atlanta","FULTON","[""Motor Vehicle in Motion"",""Motor Vehicle in Motion""]",,"[""Motor Vehicle in Motion"",""Motor Vehicle in Motion""]"
0,0,"Atlanta Police Department","2022-03-25","United Ave Se and Woodland Ave Se","(O) No Injury","Daylight","On Roadway - Roadway Intersection","Sideswipe-Same Direction","United Ave Se","Dry","15:30:00","[""Lap and Shoulder Belt Used"",""Lap and Shoulder Belt Used"",""Lap and Shoulder Belt Used"",""Lap and Shoulder Belt Used""]","Clear",0,33.725408,-84.35314,"Atlanta","FULTON","[""Motor Vehicle in Motion"",""Motor Vehicle in Motion""]","Following Too Close","[""Motor Vehicle in Motion"",""Motor Vehicle in Motion""]"
0,0,"Gsp Post 00","2022-03-25","I-85 South and Cheshire Bridge Rd","(C) Possible Injury / Complaint","Daylight","On Roadway - Non-Intersection","Rear End","I-85 South","Dry","17:22:00","[""Lap and Shoulder Belt Used"",""Lap and Shoulder Belt Used"",""Child Restraint System (Improperly Used)"",""Lap and Shoulder Belt Used"",""Lap and Shoulder Belt Used"",""Child Restraint System (Properly Used)"",""Lap Belt Only Used"",""Lap and Shoulder Belt Used""]","Clear",0,33.824468,-84.350482,"Atlanta","FULTON","[""Motor Vehicle in Motion"",""Motor Vehicle in Motion"",""Motor Vehicle in Motion""]","Following Too Close","[""Motor Vehicle in Motion"",""Motor Vehicle in Motion"",""Motor Vehicle in Motion""]"
0,1,"Atlanta Police Department","2022-03-25","I-85 S and Lenox Rd Ne","(K) Fatal Injury","Dark-Lighted","On Roadway - Non-Intersection","Not a Collision with Motor Vehicle","Lenox Rd Ne","Dry","20:59:00","[""Lap and Shoulder Belt Used"",""Lap and Shoulder Belt Used"",""Child Restraint System (Improperly Used)"",""None Used"",""None Used""]","Clear",1,33.824252,-84.352208,"Atlanta","FULTON","[""Pedestrian"",""Pedestrian"",""Motor Vehicle in Motion"",""Motor Vehicle in Motion""]","[""Failure to Yield"",""Failure to Yield""]","[""Motor Vehicle in Motion"",""Motor Vehicle in Motion""]"
0,0,"Atlanta Police Department","2022-03-25","Exit 249A and Ralph Mcgill Blvd Ne","(O) No Injury","Dark-Not Lighted","On Roadway - Roadway Intersection","Head On","Ralph Mcgill Blvd Ne","Dry","20:00:00","[""Unknown"",""Unknown""]","Clear",0,33.764536,-84.38499,"Atlanta","FULTON","[""Motor Vehicle in Motion"",""Motor Vehicle in Motion""]","Failure to Yield","Motor Vehicle in Motion"
0,0,"Gsp Post 00","2022-03-25","I-7585 Conn S and Ralph Mcgill Blvd Overpass","(C) Possible Injury / Complaint","Daylight","On Roadway - Non-Intersection","Rear End","I-7585 Conn S","Dry","19:45:00","[""Lap and Shoulder Belt Used"",""Child Restraint System (Properly Used)"",""Lap and Shoulder Belt Used"",""Child Restraint System (Properly Used)"",""Lap and Shoulder Belt Used""]","Clear",0,33.762784,-84.382834,"Atlanta","FULTON","[""Motor Vehicle in Motion"",""Motor Vehicle in Motion""]","Following Too Close","[""Motor Vehicle in Motion"",""Motor Vehicle in Motion""]"
0,0,"Dekalb Co Police Department","2022-03-25","Moreland Ave and Constitution Rd","(C) Possible Injury / Complaint","Dark-Lighted","On Roadway - Roadway Intersection","Angle Crash","Moreland Ave","Dry","21:15:00","[""Lap and Shoulder Belt Used"",""Lap and Shoulder Belt Used""]","Clear",0,33.692183,-84.349431,"Atlanta","FULTON","[""Motor Vehicle in Motion"",""Motor Vehicle in Motion""]","Failure to Yield","[""Motor Vehicle in Motion"",""Motor Vehicle in Motion""]"
0,0,"Gsp Post 00","2022-03-25","I-285 Nb and Boulder Park Dr","(O) No Injury","Daylight","On Roadway - Non-Intersection","Sideswipe-Same Direction","I-285 Nb","Dry","12:33:00","[""Lap and Shoulder Belt Used"",""Lap and Shoulder Belt Used""]","Clear",0,33.750556,-84.496583,"Atlanta","FULTON","[""Motor Vehicle in Motion"",""Motor Vehicle in Motion""]","Changed Lanes Improperly","[""Motor Vehicle in Motion"",""Motor Vehicle in Motion""]"
0,0,"Atlanta Police Department","2022-03-25","Collier Rd Nw and Peachtree Rd Ne","(O) No Injury","Dark-Not Lighted","On Roadway - Driveway Intersection","Angle Crash","Collier Rd Nw","Dry","23:15:00","[""Unknown"",""Unknown""]","Clear",0,33.806857,-84.394191,"Atlanta","FULTON","[""Motor Vehicle in Motion"",""Motor Vehicle in Motion""]","Failure to Yield","Motor Vehicle in Motion"
2,0,"Atlanta Police Department","2022-03-25","Kenilworth Dr Sw and Campbellton Rd Sw","(A) Suspected Serious Injury","Daylight","On Roadway - Non-Intersection","Sideswipe-Opposite Direction","Campbellton Rd Sw","Dry","16:12:00","[""Unknown"",""Unknown"",""None Used"",""None Used""]","Cloudy",0,33.714558,-84.43398,"Atlanta","FULTON","[""Motor Vehicle in Motion"",""Motor Vehicle in Motion""]","Wrong Side of Road","[""Motor Vehicle in Motion"",""Motor Vehicle in Motion""]"
0,0,"Atlanta Police Department","2022-03-25","Lenox Rd Ne and Johnson Rd Ne","(C) Possible Injury / Complaint","Daylight","On Roadway - Non-Intersection","Angle Crash","Johnson Rd Ne","Dry","13:30:00","[""Lap and Shoulder Belt Used"",""Lap and Shoulder Belt Used"",""Lap and Shoulder Belt Used""]","Clear",0,33.797448,-84.349727,"Atlanta","FULTON","[""Motor Vehicle in Motion"",""Motor Vehicle in Motion""]","Failure to Yield","[""Motor Vehicle in Motion"",""Motor Vehicle in Motion""]"
0,0,"Gsp Post 00","2022-03-25","I-20 West and Bill Kennedy","(O) No Injury","Daylight","On Roadway - Non-Intersection","Rear End","I-20 West","Dry","16:46:00","[""Lap and Shoulder Belt Used"",""Lap and Shoulder Belt Used"",""Lap and Shoulder Belt Used""]","Clear",0,33.743867,-84.356734,"Atlanta","FULTON","[""Motor Vehicle in Motion"",""Motor Vehicle in Motion"",""Motor Vehicle in Motion""]","Following Too Close","[""Motor Vehicle in Motion"",""Motor Vehicle in Motion"",""Motor Vehicle in Motion""]"
0,0,"Atlanta Police Department","2022-03-25","None and Exit 256 Rp","(C) Possible Injury / Complaint","Dark-Not Lighted","Off Roadway","Rear End","Exit 256 Rp","Dry","23:50:00","[""Unknown"",""Unknown"",""Unknown"",""Unknown""]","Clear",0,33.86333,-84.437921,"Atlanta","FULTON","[""Other - Fixed Object"",""Other Object (Not Fixed)""]","Following Too Close","[""Motor Vehicle in Motion"",""Motor Vehicle in Motion""]"
0,0,"Atlanta Police Department","2022-03-25","Cleveland Ave Se and Browns Mill Rd Se","(O) No Injury","Daylight","On Roadway - Non-Intersection","Angle Crash","Cleveland Ave Se","Dry","12:30:00","[""Lap and Shoulder Belt Used"",""Lap and Shoulder Belt Used"",""Child Restraint System (Properly Used)"",""Child Restraint System (Properly Used)"",""Lap and Shoulder Belt Used""]","Clear",0,33.681057,-84.38489,"Atlanta","FULTON","[""Motor Vehicle in Motion"",""Motor Vehicle in Motion""]","Failure to Yield","[""Motor Vehicle in Motion"",""Motor Vehicle in Motion""]"
0,0,"Atlanta Police Department","2022-03-25","Lenox Rd Ne and Wright Ave Ne","(C) Possible Injury / Complaint","Dark-Lighted","On Roadway - Driveway Intersection","Not a Collision with Motor Vehicle","Lenox Rd Ne","Dry","16:50:00","[""Lap and Shoulder Belt Used"",""None Used""]","Clear",0,33.846241,-84.359051,"Atlanta","FULTON","[""Pedal-Cycle"",""Motor Vehicle in Motion""]",,"Pedestrian"
0,0,"Atlanta Police Department","2022-03-25","Hargis St Se and Jonesboro Rd Se","(O) No Injury","Daylight","On Roadway - Non-Intersection","Rear End","Jonesboro Rd Se","Dry","16:30:00","[""Lap and Shoulder Belt Used"",""Lap and Shoulder Belt Used""]","Clear",0,33.687387,-84.364229,"Atlanta","FULTON","[""Motor Vehicle in Motion"",""Motor Vehicle in Motion""]","Following Too Close","[""Motor Vehicle in Motion"",""Motor Vehicle in Motion""]"
0,0,"Atlanta Police Department","2022-03-25","None and Donald Lee Hollowell Pkwy","(O) No Injury","Dark-Lighted","On Roadway - Roadway Intersection","Rear End","Donald Lee Hollowell Pkwy","Dry","22:53:00","[""Lap and Shoulder Belt Used"",""Lap and Shoulder Belt Used""]","Clear",0,33.781036,-84.482051,"Atlanta","FULTON","[""Motor Vehicle in Motion"",""Motor Vehicle in Motion"",""Motor Vehicle in Motion"",""Motor Vehicle in Motion""]","Following Too Close","[""Motor Vehicle in Motion"",""Motor Vehicle in Motion""]"
0,0,"Atlanta Police Department","2022-03-25","N Highland Ave Ne and Ponce De Leon Ave Ne","(O) No Injury","Daylight","On Roadway - Roadway Intersection","Rear End","Ponce De Leon Ave Ne","Dry","07:35:00","[""Unknown"",""Unknown""]","Clear",0,33.773832,-84.353009,"Atlanta","FULTON","[""Motor Vehicle in Motion"",""Motor Vehicle in Motion""]","[""Following Too Close"",""Vision Obscured""]","[""Motor Vehicle in Motion"",""Motor Vehicle in Motion""]"
0,0,"Atlanta Police Department","2022-03-25","Rosedale Dr Ne and N Highland Ave Ne","(O) No Injury","Daylight","On Roadway - Non-Intersection","Rear End","N Highland Ave Ne","Dry","17:02:00","[""Unknown"",""Unknown""]","Clear",0,33.779664,-84.353317,"Atlanta","FULTON","[""Motor Vehicle in Motion"",""Motor Vehicle in Motion""]",,"[""Motor Vehicle in Motion"",""Motor Vehicle in Motion""]"
0,0,"Gsp Post 00","2022-03-25","I-7585 North and University Ave","(O) No Injury","Dark-Lighted","On Roadway - Non-Intersection","Sideswipe-Same Direction","I-7585 North","Dry","21:04:00","[""Lap and Shoulder Belt Used"",""Lap and Shoulder Belt Used"",""Lap and Shoulder Belt Used""]","Clear",0,33.721919,-84.394765,"Atlanta","FULTON","[""Motor Vehicle in Motion"",""Motor Vehicle in Motion"",""Motor Vehicle in Motion""]","Too Fast for Conditions","[""Motor Vehicle in Motion"",""Motor Vehicle in Motion"",""Motor Vehicle in Motion""]"
0,0,"Atlanta Police Department","2022-03-25","10Th St Nw and Williams St Nw","(O) No Injury","Daylight","On Roadway - Roadway Intersection","Sideswipe-Same Direction","10Th St Nw","Dry","08:20:00","[""Lap and Shoulder Belt Used"",""Lap and Shoulder Belt Used""]","Clear",0,33.781518,-84.390551,"Atlanta","FULTON","[""Motor Vehicle in Motion"",""Motor Vehicle in Motion""]","[""Improper Turn"",""Changed Lanes Improperly""]","[""Motor Vehicle in Motion"",""Motor Vehicle in Motion""]"
0,0,"Atlanta Police Department","2022-03-25","Childress Dr Sw and Campbellton Rd Sw","(C) Possible Injury / Complaint","Dark-Not Lighted","On Roadway - Roadway Intersection","Angle Crash","Childress Dr Sw","Dry","20:30:00","[""Unknown"",""Shoulder Belt Only Used""]","Clear",0,33.696131,-84.486245,"Atlanta","FULTON","[""Motor Vehicle in Motion"",""Motor Vehicle in Motion""]","Failure to Yield","[""Motor Vehicle in Motion"",""Motor Vehicle in Motion""]"
0,0,"Atlanta Police Department","2022-03-25","Camden Park Ct Ne and Peachtree Dunwoody Rd Ne","(O) No Injury","Daylight","On Roadway - Roadway Intersection","Angle Crash","Camden Park Ct Ne","Dry","13:49:00","[""Unknown"",""Unknown""]","Cloudy",0,33.865874,-84.357923,"Atlanta","FULTON","[""Motor Vehicle in Motion"",""Motor Vehicle in Motion""]","Failure to Yield","[""Motor Vehicle in Motion"",""Motor Vehicle in Motion""]"
0,0,"Atlanta Police Department","2022-03-25","Linden Ave Ne and Peachtree St Ne","(O) No Injury","Daylight","On Roadway - Roadway Intersection","Angle Crash","Linden Ave Ne","Dry","16:00:00","[""Lap and Shoulder Belt Used"",""Lap and Shoulder Belt Used""]","Clear",0,33.769816,-84.385141,"Atlanta","FULTON","[""Motor Vehicle in Motion"",""Motor Vehicle in Motion""]","Changed Lanes Improperly","[""Motor Vehicle in Motion"",""Motor Vehicle in Motion""]"
0,0,"Atlanta Police Department","2022-03-25","Roswell Rd Ne and Dilbeck Pl Ne","(O) No Injury","Dark-Lighted","On Roadway - Driveway Intersection","Angle Crash","Dilbeck Pl Ne","Dry","20:44:00","[""Unknown"",""Unknown""]","Clear",0,33.877118,-84.379841,"Atlanta","FULTON","[""Motor Vehicle in Motion"",""Motor Vehicle in Motion""]","Failure to Yield","[""Motor Vehicle in Motion"",""Motor Vehicle in Motion""]"
0,0,"Gsp Post 00","2022-03-25","None and Hollywood Road","(O) No Injury","Dark-Lighted","On Roadway - Non-Intersection","Angle Crash","Hollywood Road","Dry","21:34:00","[""None Used"",""Lap and Shoulder Belt Used""]","Clear",0,33.803598,-84.470332,"Atlanta","FULTON","[""Motor Vehicle in Motion"",""Motor Vehicle in Motion""]","Disregard Police - Evasion","[""Motor Vehicle in Motion"",""Motor Vehicle in Motion""]"
0,0,"Atlanta Police Department","2022-03-25","Exit 241 and Cleveland Ave Sw","(C) Possible Injury / Complaint","Dark-Lighted","Entrance/Exit Ramp","Sideswipe-Opposite Direction","Cleveland Ave Sw","Dry","05:20:00","[""Shoulder Belt Only Used"",""Lap and Shoulder Belt Used"",""Lap and Shoulder Belt Used""]","Clear",0,33.681133,-84.397845,"Atlanta","FULTON","[""Motor Vehicle in Motion"",""Motor Vehicle in Motion""]","[""Disregard Police - Traffic Control"",""Disregard Police - Traffic Control""]","[""Motor Vehicle in Motion"",""Motor Vehicle in Motion""]"
0,0,"Atlanta Police Department","2022-03-25","Jesse Hill Jr Dr Se and Martin Luther King Jr Dr Se","(O) No Injury","Daylight","On Roadway - Roadway Intersection","Angle Crash","Martin Luther King Jr Dr Se","Dry","12:36:00","[""Unknown"",""Unknown""]","Cloudy",0,33.748578,-84.386106,"Atlanta","FULTON","[""Motor Vehicle in Motion"",""Motor Vehicle in Motion""]","Improper Turn","[""Motor Vehicle in Motion"",""Motor Vehicle in Motion""]"