"# Serious Injuries","# Visible Injuries","Agency Name (Crash Level) ","Date","Intersection Name (from Crash Report)","KABCO Severity","Light Conditions (Crash Level)","Location at Impact (Crash Level) ","Manner of Collision (Crash Level) ","Roadway (From Crash Report)","Surface Condition (Crash Level) ","Time","Safety Equipment (Crash Level) ","Weather Conditions (Crash Level)","# of Fatalities per Crash","Latitude","Longitude","Geolocated City","Geolocated County","First Harmful Event (Unit Order)","Operator/Pedestrian Contrib Factor (excl None, Other, No Contrib Factors)","Most Harmful Event (Crash Level)"
0,0,"Atlanta Police Department","2022-03-31","Piedmont Ave Ne and N Cooper Lake Rd Se","(C) Possible Injury / Complaint","Daylight","On Roadway - Non-Intersection","Rear End","Piedmont Ave Ne","Dry","12:18:00","[""Shoulder Belt Only Used"",""Shoulder Belt Only Used"",""Unknown""]","Clear",0,33.797571,-84.368558,"Atlanta","FULTON","[""Motor Vehicle in Motion"",""Motor Vehicle in Motion"",""Motor Vehicle in Motion""]","[""Following Too Close"",""Following Too Close""]","[""Motor Vehicle in Motion"",""Motor Vehicle in Motion"",""Motor Vehicle in Motion""]"
0,0,"Gsp Post 00","2022-03-31","I-7585 Sb and Edgewood Ave","(O) No Injury","Daylight","On Roadway - Non-Intersection","Rear End","I-7585 Sb","Dry","17:26:00","[""Unknown"",""Lap and Shoulder Belt Used"",""Lap and Shoulder Belt Used"",""Lap and Shoulder Belt Used"",""Lap and Shoulder Belt Used""]","Clear",0,33.751153,-84.380937,"Atlanta","FULTON","[""Motor Vehicle in Motion"",""Motor Vehicle in Motion"",""Motor Vehicle in Motion""]","Following Too Close","[""Motor Vehicle in Motion"",""Motor Vehicle in Motion"",""Motor Vehicle in Motion""]"
0,0,"Gsp Post 00","2022-03-31","Ga 166 and I-7585 South","(C) Possible Injury / Complaint","Daylight","On Roadway - Non-Intersection","Rear End","I-7585 South","Dry","18:40:00","[""Unknown"",""Lap and Shoulder Belt Used"",""Lap and Shoulder Belt Used"",""Child Restraint System (Properly Used)"",""Child Restraint System (Properly Used)"",""Lap and Shoulder Belt Used"",""Child Restraint System (Properly Used)""]","Clear",0,33.695468,-84.405004,"Atlanta","FULTON","[""Motor Vehicle in Motion"",""Motor Vehicle in Motion""]","Following Too Close","[""Motor Vehicle in Motion"",""Motor Vehicle in Motion""]"
0,0,"Atlanta Police Department","2022-03-31","I-75 and 10Th St Nw","(C) Possible Injury / Complaint","Dark-Lighted","On Roadway - Managed Lane (HOV, HOT, Reversible)","Rear End","I-75","Dry","21:00:00","[""Lap and Shoulder Belt Used"",""Lap and Shoulder Belt Used"",""Lap and Shoulder Belt Used""]","Clear",0,33.781432,-84.390851,"Atlanta","FULTON","[""Motor Vehicle in Motion"",""Motor Vehicle in Motion"",""Motor Vehicle in Motion""]","Following Too Close","[""Motor Vehicle in Motion"",""Motor Vehicle in Motion"",""Motor Vehicle in Motion""]"
0,0,"Gsp Post 00","2022-03-31","I-7585 North and University Ave","(O) No Injury","Daylight","On Roadway - Non-Intersection","Rear End","I-7585 North","Dry","17:40:00","[""Lap and Shoulder Belt Used"",""Lap and Shoulder Belt Used"",""Lap and Shoulder Belt Used""]","Clear",0,33.726406,-84.393464,"Atlanta","FULTON","[""Motor Vehicle in Motion"",""Motor Vehicle in Motion"",""Motor Vehicle in Motion""]","Following Too Close","[""Motor Vehicle in Motion"",""Motor Vehicle in Motion"",""Motor Vehicle in Motion""]"
0,0,"Gsp Post 00","2022-03-31","Northside Dr and Interstate 75 Southbound","(O) No Injury","Daylight","On Roadway - Non-Intersection","Rear End","Interstate 75 Southbound","Dry","14:20:00","[""Lap and Shoulder Belt Used"",""Lap and Shoulder Belt Used""]","Clear",0,33.79864,-84.396246,"Atlanta","FULTON","[""Motor Vehicle in Motion"",""Motor Vehicle in Motion""]","[""Following Too Close"",""Too Fast for Conditions""]","[""Motor Vehicle in Motion"",""Motor Vehicle in Motion""]"
0,0,"Atlanta Police Department","2022-03-31","Field Rd Nw and Donald Lee Hollowell Pkwy Nw","(C) Possible Injury / Complaint","Dark-Not Lighted","On Roadway - Roadway Intersection","Not a Collision with Motor Vehicle","Donald Lee Hollowell Pkwy Nw","Wet","05:20:00","Lap and Shoulder Belt Used","Rain",0,33.793641,-84.487827,"Atlanta","FULTON","Motor Vehicle in Motion","Driver Lost Control","Motor Vehicle in Motion"
0,0,"Gsp Post 00","2022-03-31","I-285 North and Campbellton Rd","(C) Possible Injury / Complaint","Daylight","On Shoulder","Not a Collision with Motor Vehicle","I-285 North","Wet","07:51:00","Child Restraint System (Properly Used)","Cloudy",0,33.676899,-84.499006,"Atlanta","FULTON","Other Non-Collision","Driver Lost Control","Median Barrier"
0,0,"Gsp Post 00","2022-03-31","Georgia 13 and Armour Drive","(O) No Injury","Daylight","On Roadway - Roadway Intersection","Angle Crash","Armour Drive","Dry","19:20:00","[""Lap and Shoulder Belt Used"",""Lap and Shoulder Belt Used""]","Clear",0,33.810092,-84.374898,"Atlanta","FULTON","[""Motor Vehicle in Motion"",""Motor Vehicle in Motion""]","Failure to Yield","[""Motor Vehicle in Motion"",""Motor Vehicle in Motion""]"
0,1,"Atlanta Police Department","2022-03-31","Peachtree Pl Nw and W Peachtree St Nw","(B) Suspected Minor/Visible Injury","Daylight","On Roadway - Driveway Intersection","Head On","Peachtree Pl Nw","Dry","16:25:00","[""None Used"",""Lap and Shoulder Belt Used""]","Clear",0,33.780616,-84.388637,"Atlanta","FULTON","[""Motor Vehicle in Motion"",""Motor Vehicle in Motion""]",,"[""Motor Vehicle in Motion"",""Motor Vehicle in Motion""]"
0,0,"Gsp Post 00","2022-03-31","North Ave and I-75 I-85 North","(O) No Injury","Daylight","On Roadway - Non-Intersection","Rear End","I-75 I-85 North","Wet","07:30:00","[""Lap and Shoulder Belt Used"",""Lap and Shoulder Belt Used""]","Cloudy",0,33.780784,-84.390853,"Atlanta","FULTON","[""Motor Vehicle in Motion"",""Motor Vehicle in Motion""]","Following Too Close","[""Motor Vehicle in Motion"",""Motor Vehicle in Motion""]"
0,0,"Atlanta Police Department","2022-03-31","19Th St Nw and Spring St Nw","(O) No Injury","Dark-Lighted","Off Roadway","Not a Collision with Motor Vehicle","Spring St Nw","Wet","03:33:00","Unknown","Rain",0,33.795412,-84.38907,"Atlanta","FULTON","Tree",,"Tree"
0,0,"Atlanta Police Department","2022-03-31","I-85 and 17Th St Nw","(O) No Injury","Dawn","On Roadway - Non-Intersection","Rear End","I-85","Dry","20:40:00","[""Lap and Shoulder Belt Used"",""Lap and Shoulder Belt Used"",""Lap and Shoulder Belt Used""]","Clear",0,33.79171,-84.391092,"Atlanta","FULTON","[""Motor Vehicle in Motion"",""Motor Vehicle in Motion""]","Following Too Close","[""Motor Vehicle in Motion"",""Motor Vehicle in Motion""]"
0,0,"Atlanta Police Department","2022-03-31","I-20 W and Lee St Sw","(O) No Injury","Daylight","Off Roadway","Rear End","Lee St Sw","Dry","12:00:00","Lap and Shoulder Belt Used","Clear",0,33.741443,-84.41407,"Atlanta","FULTON","[""Motor Vehicle in Motion"",""Parked Motor Vehicle""]","Reckless Driving","[""Motor Vehicle in Motion"",""Parked Motor Vehicle""]"
0,0,"Atlanta Police Department","2022-03-31","Barnett St Ne and Ponce De Leon Ave Ne","(O) No Injury","Dark-Lighted","On Roadway - Non-Intersection","Rear End","Barnett St Ne","Dry","20:43:00","[""Unknown"",""Unknown"",""Unknown""]","Clear",0,33.774023,-84.358723,"Atlanta","FULTON","[""Motor Vehicle in Motion"",""Motor Vehicle in Motion""]",,"[""Motor Vehicle in Motion"",""Motor Vehicle in Motion""]"
0,0,"Gsp Post 00","2022-03-31","None and Ga 166 East","(O) No Injury","Daylight","On Roadway - Non-Intersection","Sideswipe-Same Direction","Ga 166 East","Dry","19:09:00","[""Lap and Shoulder Belt Used"",""Lap and Shoulder Belt Used"",""Child Restraint System (Properly Used)""]","Clear",0,33.697477,-84.427022,"Atlanta","FULTON","[""Motor Vehicle in Motion"",""Motor Vehicle in Motion""]",,"[""Motor Vehicle in Motion"",""Motor Vehicle in Motion""]"
0,0,"Atlanta Police Department","2022-03-31","None and I-20","(O) No Injury","Dark-Not Lighted","On Roadway - Non-Intersection","Sideswipe-Same Direction","I-20","Water (standing or moving)","05:30:00","[""Unknown"",""Lap and Shoulder Belt Used""]","Rain",0,33.74766,-84.439671,"Atlanta","FULTON","[""Motor Vehicle in Motion"",""Motor Vehicle in Motion""]",,"[""Motor Vehicle in Motion"",""Guard Rail End""]"
0,2,"Atlanta Police Department","2022-03-31","Berean Ave Se and Memorial Dr Se","(B) Suspected Minor/Visible Injury","Daylight","On Roadway - Roadway Intersection","Angle Crash","Memorial Dr Se","Dry","09:00:00","[""Unknown"",""Unknown"",""Unknown""]","Clear",0,33.746695,-84.366764,"Atlanta","FULTON","[""Motor Vehicle in Motion"",""Motor Vehicle in Motion""]","Improper Turn","[""Motor Vehicle in Motion"",""Motor Vehicle in Motion""]"
0,0,"Atlanta Police Department","2022-03-31","I-285 and Langford Pkwy","(O) No Injury","Dark-Not Lighted","On Roadway - Non-Intersection","Not a Collision with Motor Vehicle","I-285","Wet","04:45:00","Unknown","Rain",0,33.690123,-84.500201,"Atlanta","FULTON","Other Non-Collision","[""Too Fast for Conditions"",""Driver Lost Control""]","Other Non-Collision"
0,0,"Atlanta Police Department","2022-03-31","Boulevard Ne and North Ave Ne","(C) Possible Injury / Complaint","Daylight","On Roadway - Roadway Intersection","Angle Crash","North Ave Ne","Dry","18:14:00","[""Unknown"",""Unknown"",""Unknown""]","Clear",0,33.771183,-84.371764,"Atlanta","FULTON","[""Motor Vehicle in Motion"",""Motor Vehicle in Motion""]","Failure to Yield","[""Motor Vehicle in Motion"",""Motor Vehicle in Motion""]"
0,0,"Atlanta Police Department","2022-03-31","Lee St Sw and Poole Pl Sw","(O) No Injury","Daylight","On Roadway - Non-Intersection","Sideswipe-Same Direction","Lee St Sw","Dry","11:00:00","[""Lap and Shoulder Belt Used"",""Lap and Shoulder Belt Used""]","Clear",0,33.739433,-84.414089,"Atlanta","FULTON","[""Motor Vehicle in Motion"",""Motor Vehicle in Motion""]","Driver Condition","[""Motor Vehicle in Motion"",""Motor Vehicle in Motion""]"
0,0,"Gsp Post 00","2022-03-31","I-75 South and I-85 South","(O) No Injury","Daylight","On Roadway - Non-Intersection","Sideswipe-Same Direction","I-85 South","Wet","08:30:00","[""Lap and Shoulder Belt Used"",""Lap and Shoulder Belt Used"",""Lap and Shoulder Belt Used""]","Rain",0,33.685,-84.40524,"Atlanta","FULTON","[""Motor Vehicle in Motion"",""Motor Vehicle in Motion"",""Motor Vehicle in Motion""]","[""Driver Lost Control"",""Too Fast for Conditions""]","[""Motor Vehicle in Motion"",""Motor Vehicle in Motion"",""Motor Vehicle in Motion""]"
1,0,"Atlanta Police Department","2022-03-31","Piedmont Rd Ne and Tower Place Dr Ne","(A) Suspected Serious Injury","Daylight","On Roadway - Non-Intersection","Not a Collision with Motor Vehicle","Piedmont Rd Ne","Dry","12:30:00","[""Unknown"",""None Used""]","Clear",0,33.84615,-84.37264,"Atlanta","FULTON","[""Motor Vehicle in Motion"",""Pedestrian""]","[""Misjudged Clearance"",""Improper Turn"",""Failure to Yield""]","Motor Vehicle in Motion"
0,0,"Atlanta Police Department","2022-03-31","Lenox Rd Ne and Buford Hwy Ne","(O) No Injury","Daylight","On Roadway - Roadway Intersection","Rear End","Buford Hwy Ne","Dry","15:33:00","[""Lap and Shoulder Belt Used"",""Lap and Shoulder Belt Used"",""Lap and Shoulder Belt Used""]","Clear",0,33.825463,-84.353116,"Atlanta","FULTON","[""Motor Vehicle in Motion"",""Motor Vehicle in Motion""]","Following Too Close","[""Motor Vehicle in Motion"",""Motor Vehicle in Motion""]"
0,0,"Gsp Post 00","2022-03-31","I-20 Wb and Fairburn Rd","(C) Possible Injury / Complaint","Dark-Not Lighted","On Roadway - Non-Intersection","Rear End","I-20 Wb","Wet","06:53:00","[""Unknown"",""Lap and Shoulder Belt Used""]","Rain",0,33.766318,-84.499305,"Atlanta","FULTON","[""Motor Vehicle in Motion"",""Motor Vehicle in Motion""]","Following Too Close","[""Motor Vehicle in Motion"",""Motor Vehicle in Motion""]"
0,0,"Atlanta Police Department","2022-03-31","None and I-85 Exit 242","(O) No Injury","Dark-Lighted","On Roadway - Non-Intersection","Sideswipe-Same Direction","I-85 Exit 242","Dry","22:00:00","[""Lap and Shoulder Belt Used"",""Lap and Shoulder Belt Used"",""Lap and Shoulder Belt Used""]","Clear",0,33.692312,-84.403145,"Atlanta","FULTON","[""Motor Vehicle in Motion"",""Motor Vehicle in Motion""]","[""Changed Lanes Improperly"",""Changed Lanes Improperly""]","[""Motor Vehicle in Motion"",""Motor Vehicle in Motion""]"
0,0,"Atlanta Police Department","2022-03-31","Murphy Ave Sw and Ralph David Abernathy Blvd Sw","(O) No Injury","Daylight","On Roadway - Roadway Intersection","Sideswipe-Opposite Direction","Ralph David Abernathy Blvd Sw","Dry","15:46:00","Lap and Shoulder Belt Used","Clear",0,33.738253,-84.412402,"Atlanta","FULTON","[""Motor Vehicle in Motion"",""Motor Vehicle in Motion""]","Aggressive Driving","[""Motor Vehicle in Motion"",""Motor Vehicle in Motion""]"
0,0,"Atlanta Police Department","2022-03-31","Oak St Nw and Donald Lee Hollowell Pkwy Nw","(O) No Injury","Daylight","On Roadway - Non-Intersection","Sideswipe-Same Direction","Donald Lee Hollowell Pkwy Nw","Dry","16:25:00","[""Unknown"",""Unknown""]","Clear",0,33.777239,-84.463226,"Atlanta","FULTON","[""Motor Vehicle in Motion"",""Motor Vehicle in Motion""]","[""Misjudged Clearance"",""Misjudged Clearance""]","[""Motor Vehicle in Motion"",""Motor Vehicle in Motion""]"
0,0,"Atlanta Police Department","2022-03-31","Dykes Dr Nw and Blanton Rd Nw","(O) No Injury","Daylight","On Roadway - Non-Intersection","Angle Crash","Dykes Dr Nw","Wet","08:15:00","[""Lap and Shoulder Belt Used"",""Lap and Shoulder Belt Used""]","Cloudy",0,33.871467,-84.402563,"Atlanta","FULTON","[""Motor Vehicle in Motion"",""Motor Vehicle in Motion""]","[""Misjudged Clearance"",""Misjudged Clearance""]","[""Motor Vehicle in Motion"",""Motor Vehicle in Motion""]"
0,0,"Atlanta Police Department","2022-03-31","I-20 E and Westview Dr Sw","(O) No Injury","Dark-Lighted","On Roadway - Non-Intersection","Rear End","Westview Dr Sw","Wet","05:55:00","[""Lap and Shoulder Belt Used"",""Lap and Shoulder Belt Used"",""Lap and Shoulder Belt Used"",""Lap and Shoulder Belt Used"",""Lap and Shoulder Belt Used"",""Lap and Shoulder Belt Used"",""Lap and Shoulder Belt Used""]","Rain",0,33.747491,-84.439325,"Atlanta","FULTON","[""Motor Vehicle in Motion"",""Motor Vehicle in Motion""]","Following Too Close","[""Motor Vehicle in Motion"",""Motor Vehicle in Motion""]"
0,1,"Atlanta Police Department","2022-03-31","None and I-85 Exit 86 Rp","(B) Suspected Minor/Visible Injury","Dark-Lighted","On Roadway - Non-Intersection","Rear End","I-85 Exit 86 Rp","Wet","05:30:00","[""Unknown"",""Unknown""]","Rain",0,33.807103,-84.379742,"Atlanta","FULTON","[""Motor Vehicle in Motion"",""Motor Vehicle in Motion""]","[""Following Too Close"",""Too Fast for Conditions""]","[""Motor Vehicle in Motion"",""Motor Vehicle in Motion""]"
0,0,"Atlanta Police Department","2022-03-31","None and I-75","(C) Possible Injury / Complaint","Dark-Lighted","On Roadway - Non-Intersection","Rear End","I-75","Dry","21:20:00","[""Unknown"",""Unknown"",""Unknown""]","Clear",0,33.865388,-84.440099,"Atlanta","FULTON","[""Motor Vehicle in Motion"",""Motor Vehicle in Motion""]","Reckless Driving","[""Motor Vehicle in Motion"",""Motor Vehicle in Motion""]"
0,2,"Atlanta Police Department","2022-03-31","Lee St Sw and West End Ave Sw","(B) Suspected Minor/Visible Injury","Daylight","On Roadway - Roadway Intersection","Rear End","Lee St Sw","Dry","16:00:00","[""None Used"",""None Used"",""None Used""]","Clear",0,33.744372,-84.413978,"Atlanta","FULTON","[""Motor Vehicle in Motion"",""Motor Vehicle in Motion""]",,"[""Motor Vehicle in Motion"",""Motor Vehicle in Motion""]"
0,0,"Gsp Post 00","2022-03-31","Interstate 20 West and Holmes Drive Underpass","(C) Possible Injury / Complaint","Daylight","On Roadway - Non-Intersection","Rear End","Interstate 20 West","Dry","16:25:00","[""Lap and Shoulder Belt Used"",""Lap and Shoulder Belt Used"",""Lap and Shoulder Belt Used"",""Lap and Shoulder Belt Used"",""Lap and Shoulder Belt Used""]","Clear",0,33.757047,-84.468816,"Atlanta","FULTON","[""Motor Vehicle in Motion"",""Motor Vehicle in Motion"",""Motor Vehicle in Motion""]","Following Too Close","[""Motor Vehicle in Motion"",""Motor Vehicle in Motion"",""Motor Vehicle in Motion""]"
0,0,"Atlanta Police Department","2022-03-31","I-75 and Exit 249D","(O) No Injury","Dark-Lighted","On Roadway - Roadway Intersection","Not a Collision with Motor Vehicle","I-75","Dry","00:00:00","[""Unknown"",""Unknown""]","Clear",0,33.774424,-84.39047,"Atlanta","FULTON","[""Motor Vehicle in Motion"",""Motor Vehicle in Motion""]","Following Too Close","[""Motor Vehicle in Motion"",""Motor Vehicle in Motion""]"
0,0,"Gsp Post 00","2022-03-31","I-20 Eb and Bill Kennedy Way","(O) No Injury","Dark-Lighted","On Shoulder","Not a Collision with Motor Vehicle","I-20 Eb","Wet","06:25:00","Lap and Shoulder Belt Used","Rain",0,33.743314,-84.360385,"Atlanta","FULTON","Median Barrier","[""Too Fast for Conditions"",""Driver Lost Control""]","Median Barrier"
0,0,"Atlanta Police Department","2022-03-31","Sawtell Ave Se and Richmond Ave Se","(C) Possible Injury / Complaint","Daylight","On Roadway - Roadway Intersection","Angle Crash","Sawtell Ave Se","Dry","15:00:00","[""Unknown"",""Unknown""]","Clear",0,33.706736,-84.376393,"Atlanta","FULTON","[""Motor Vehicle in Motion"",""Motor Vehicle in Motion""]","Disregard Stop Sign/Signal","[""Motor Vehicle in Motion"",""Motor Vehicle in Motion""]"
0,0,"Gsp Post 00","2022-03-31","I-75 Sb and Deering Road","(O) No Injury","Daylight","On Roadway - Non-Intersection","Sideswipe-Same Direction","I-75 Sb","Dry","18:30:00","[""Unknown"",""Lap and Shoulder Belt Used""]","Clear",0,33.7968,-84.395169,"Atlanta","FULTON","[""Motor Vehicle in Motion"",""Motor Vehicle in Motion""]","Changed Lanes Improperly","[""Motor Vehicle in Motion"",""Motor Vehicle in Motion""]"
0,0,"Atlanta Police Department","2022-03-31","Jefferson Chase St Se and Jefferson Chase Cir Se","(O) No Injury","Daylight","On Roadway - Non-Intersection","Rear End","Jefferson Chase Cir Se","Dry","13:00:00","Lap and Shoulder Belt Used","Clear",0,33.666758,-84.382859,"Atlanta","FULTON","[""Motor Vehicle in Motion"",""Motor Vehicle in Motion""]","Improper Backing","[""Motor Vehicle in Motion"",""Motor Vehicle in Motion""]"
0,0,"Gsp Post 00","2022-03-31","Interstate 285 North and Mlk Jr. Driver Overpass","(O) No Injury","Daylight","On Roadway - Non-Intersection","Rear End","Interstate 285 North","Dry","07:50:00","[""Lap and Shoulder Belt Used"",""Lap and Shoulder Belt Used"",""Lap and Shoulder Belt Used""]","Clear",0,33.761641,-84.492684,"Atlanta","FULTON","[""Motor Vehicle in Motion"",""Motor Vehicle in Motion"",""Motor Vehicle in Motion""]","[""Changed Lanes Improperly"",""Following Too Close""]","[""Parked Motor Vehicle"",""Motor Vehicle in Motion"",""Motor Vehicle in Motion""]"
0,0,"Atlanta Police Department","2022-03-31","Lenox Rd Ne and Peachtree Rd Ne","(C) Possible Injury / Complaint","Daylight","On Roadway - Non-Intersection","Rear End","Peachtree Rd Ne","Dry","14:30:00","[""Unknown"",""Unknown""]","Clear",0,33.850419,-84.362127,"Atlanta","FULTON","[""Motor Vehicle in Motion"",""Motor Vehicle in Motion""]","[""Changed Lanes Improperly"",""Following Too Close""]","[""Motor Vehicle in Motion"",""Motor Vehicle in Motion""]"
0,0,"Atlanta Police Department","2022-03-31","Cascade Rd Sw and Sandtown Rd Sw","(O) No Injury","Daylight","On Roadway - Non-Intersection","Sideswipe-Same Direction","Cascade Rd Sw","Dry","18:30:00","[""Lap and Shoulder Belt Used"",""Lap and Shoulder Belt Used""]","Clear",0,33.721553,-84.456542,"Atlanta","FULTON","[""Motor Vehicle in Motion"",""Motor Vehicle in Motion""]",,"[""Motor Vehicle in Motion"",""Motor Vehicle in Motion""]"
0,0,"Gsp Post 00","2022-03-31","I-285 South and Mlk Jr Drive","(C) Possible Injury / Complaint","Dawn","On Roadway - Non-Intersection","Sideswipe-Same Direction","I-285 South","Wet","08:08:00","[""Unknown"",""Unknown""]","Rain",0,33.757786,-84.494106,"Atlanta","FULTON","[""Motor Vehicle in Motion"",""Motor Vehicle in Motion""]","Changed Lanes Improperly","[""Motor Vehicle in Motion"",""Motor Vehicle in Motion""]"
0,0,"Gsp Post 00","2022-03-31","I-7585 Conn Sb and Martin Luther King Jr Dr Overp","(O) No Injury","Daylight","On Roadway - Non-Intersection","Rear End","I-7585 Conn Sb","Dry","11:07:00","[""Unknown"",""Lap and Shoulder Belt Used"",""Lap and Shoulder Belt Used""]","Cloudy",0,33.748607,-84.384644,"Atlanta","FULTON","[""Motor Vehicle in Motion"",""Motor Vehicle in Motion""]","Changed Lanes Improperly","[""Motor Vehicle in Motion"",""Motor Vehicle in Motion""]"
0,0,"Atlanta Police Department","2022-03-31","Bolton Rd Nw and Parkview Ln Nw","(O) No Injury","Daylight","Off Roadway","Rear End","Bolton Rd Nw","Dry","19:14:00","[""Lap and Shoulder Belt Used"",""Lap and Shoulder Belt Used""]","Clear",0,33.816765,-84.464883,"Atlanta","FULTON","[""Motor Vehicle in Motion"",""Motor Vehicle in Motion""]","Following Too Close","[""Motor Vehicle in Motion"",""Motor Vehicle in Motion""]"
0,0,"Atlanta Police Department","2022-03-31","None and Jonesboro Rd Se","(O) No Injury","Daylight","On Roadway - Non-Intersection","Angle Crash","Jonesboro Rd Se","Wet","07:07:00","[""Lap and Shoulder Belt Used"",""Lap and Shoulder Belt Used""]","Rain",0,33.649902,-84.366188,"Atlanta","FULTON","[""Motor Vehicle in Motion"",""Motor Vehicle in Motion""]",,"[""Motor Vehicle in Motion"",""Motor Vehicle in Motion""]"
0,0,"Atlanta Police Department","2022-03-31","I-285 W and Jonesboro Rd Se","(O) No Injury","Daylight","On Roadway - Roadway Intersection","Rear End","Jonesboro Rd Se","Dry","14:30:00","[""Lap and Shoulder Belt Used"",""Lap and Shoulder Belt Used""]","Clear",0,33.65216,-84.367195,"Atlanta","FULTON","[""Motor Vehicle in Motion"",""Motor Vehicle in Motion""]","[""Failure to Yield"",""Failure to Yield""]","[""Motor Vehicle in Motion"",""Motor Vehicle in Motion""]"
0,0,"Gsp Post 00","2022-04-01","Langhorn Street and Interstate 20 Westbound","(O) No Injury","Daylight","On Roadway - Non-Intersection","Sideswipe-Same Direction","Interstate 20 Westbound","Dry","18:30:00","[""Unknown"",""Lap and Shoulder Belt Used""]","Clear",0,33.744272,-84.425387,"Atlanta","FULTON","[""Motor Vehicle in Motion"",""Motor Vehicle in Motion""]","Changed Lanes Improperly","[""Motor Vehicle in Motion"",""Motor Vehicle in Motion""]"
0,0,"Atlanta Police Department","2022-04-01","None and I-75","(C) Possible Injury / Complaint","Dark-Lighted","On Roadway - Non-Intersection","Rear End","I-75","Dry","23:30:00","[""Unknown"",""Unknown"",""Unknown""]","Clear",0,33.748805,-84.384153,"Atlanta","FULTON","[""Motor Vehicle in Motion"",""Motor Vehicle in Motion""]","Following Too Close","[""Motor Vehicle in Motion"",""Motor Vehicle in Motion""]"
0,0,"Atlanta Police Department","2022-04-01","Lindsay St Nw and Donald Lee Hollowell Pkwy Nw","(O) No Injury","Daylight","On Roadway - Non-Intersection","Sideswipe-Opposite Direction","Donald Lee Hollowell Pkwy Nw","Dry","10:30:00","[""Lap and Shoulder Belt Used"",""Lap and Shoulder Belt Used""]","Clear",0,33.773058,-84.416128,"Atlanta","FULTON","[""Motor Vehicle in Motion"",""Motor Vehicle in Motion""]","[""Misjudged Clearance"",""Misjudged Clearance""]","[""Motor Vehicle in Motion"",""Motor Vehicle in Motion""]"
0,0,"Gsp Post 00","2022-04-01","I-7585 N and University Ave","(O) No Injury","Daylight","On Roadway - Non-Intersection","Rear End","I-7585 N","Dry","07:12:00","[""Lap and Shoulder Belt Used"",""Lap and Shoulder Belt Used"",""Lap and Shoulder Belt Used""]","Clear",0,33.724473,-84.394004,"Atlanta","FULTON","[""Motor Vehicle in Motion"",""Motor Vehicle in Motion""]","Following Too Close","[""Motor Vehicle in Motion"",""Motor Vehicle in Motion""]"
0,0,"Gsp Post 00","2022-04-01","I-20 East and Maynard Terrace","(C) Possible Injury / Complaint","Daylight","On Roadway - Non-Intersection","Rear End","I-20 East","Dry","17:25:00","[""Lap and Shoulder Belt Used"",""Child Restraint System (Properly Used)"",""Lap and Shoulder Belt Used"",""Lap and Shoulder Belt Used"",""Lap and Shoulder Belt Used""]","Clear",0,33.744832,-84.335291,"Atlanta","DEKALB","[""Motor Vehicle in Motion"",""Motor Vehicle in Motion""]","Following Too Close","[""Motor Vehicle in Motion"",""Motor Vehicle in Motion""]"
0,0,"Atlanta Police Department","2022-04-01","Bridal Path Ne and E Morningside Dr Ne","(O) No Injury","Daylight","On Roadway - Roadway Intersection","Angle Crash","Bridal Path Ne","Dry","17:41:00","[""Unknown"",""Unknown""]","Clear",0,33.799176,-84.362605,"Atlanta","FULTON","[""Motor Vehicle in Motion"",""Motor Vehicle in Motion""]",,"[""Motor Vehicle in Motion"",""Motor Vehicle in Motion""]"
0,0,"Atlanta Police Department","2022-04-01","Highland Dr Ne and Peachtree Rd Ne","(O) No Injury","Daylight","On Roadway - Roadway Intersection","Rear End","Peachtree Rd Ne","Dry","14:00:00","[""Lap and Shoulder Belt Used"",""Lap and Shoulder Belt Used""]","Clear",0,33.845047,-84.369059,"Atlanta","FULTON","[""Motor Vehicle in Motion"",""Motor Vehicle in Motion""]","Other Activity - Mobile Device (Distracted)","[""Motor Vehicle in Motion"",""Motor Vehicle in Motion""]"
0,0,"Gsp Post 00","2022-04-01","Interstate 20 West and Moreland Avenue Overpass","(O) No Injury","Daylight","On Roadway - Non-Intersection","Rear End","Interstate 20 West","Dry","16:00:00","[""Lap and Shoulder Belt Used"",""Lap and Shoulder Belt Used""]","Clear",0,33.745598,-84.341726,"Atlanta","DEKALB","[""Motor Vehicle in Motion"",""Motor Vehicle in Motion""]","Following Too Close","[""Motor Vehicle in Motion"",""Motor Vehicle in Motion""]"
0,0,"Gsp Post 00","2022-04-01","I-7585 N and Ralph David Abernathy Blvd","(O) No Injury","Daylight","On Roadway - Non-Intersection","Rear End","I-7585 N","Dry","09:55:00","[""Unknown"",""Lap and Shoulder Belt Used"",""Lap and Shoulder Belt Used""]","Clear",0,33.745098,-84.389775,"Atlanta","FULTON","[""Motor Vehicle in Motion"",""Motor Vehicle in Motion""]","Following Too Close","[""Motor Vehicle in Motion"",""Motor Vehicle in Motion""]"
0,0,"Atlanta Police Department","2022-04-01","Waldo St Se and Mercer St Se","(O) No Injury","Daylight","On Roadway - Non-Intersection","Angle Crash","Mercer St Se","Dry","08:00:00","Unknown","Clear",0,33.735973,-84.366362,"Atlanta","FULTON","[""Motor Vehicle in Motion"",""Parked Motor Vehicle""]","Occupant Distraction (Distracted)","[""Motor Vehicle in Motion"",""Parked Motor Vehicle""]"