"# Serious Injuries","# Visible Injuries","Agency Name (Crash Level) ","Date","Intersection Name (from Crash Report)","KABCO Severity","Light Conditions (Crash Level)","Location at Impact (Crash Level) ","Manner of Collision (Crash Level) ","Roadway (From Crash Report)","Surface Condition (Crash Level) ","Time","Safety Equipment (Crash Level) ","Weather Conditions (Crash Level)","# of Fatalities per Crash","Latitude","Longitude","Geolocated City","Geolocated County","First Harmful Event (Unit Order)","Operator/Pedestrian Contrib Factor (excl None, Other, No Contrib Factors)","Most Harmful Event (Crash Level)"
0,0,"Atlanta Police Department","2022-04-05","Glenwood Ave Se and Moreland Ave Se","(O) No Injury","Daylight","On Roadway - Non-Intersection","Rear End","Moreland Ave Se","Wet","17:00:00","[""Unknown"",""Unknown""]","Cloudy",0,33.740364,-84.349266,"Atlanta","FULTON","[""Motor Vehicle in Motion"",""Motor Vehicle in Motion""]","Following Too Close","Motor Vehicle in Motion"
0,0,"Atlanta Police Department","2022-04-05","Cativo Dr Sw and Peyton Woods Trl Sw","(O) No Injury","Dark-Lighted","Off Roadway - Sidewalk","Not a Collision with Motor Vehicle","Peyton Woods Trl Sw","Dry","04:55:00","Unknown","Cloudy",0,33.742443,-84.470665,"Atlanta","FULTON","Over Turn",,"Other Post / Pole Support"
0,0,"Hapeville Police Department","2022-04-05","Woolman Pl and N Outer Loop Rd","(O) No Injury","Daylight","On Roadway - Roadway Intersection","Rear End","N Outer Loop Rd","Wet","14:41:00","[""Lap and Shoulder Belt Used"",""Lap and Shoulder Belt Used"",""Lap and Shoulder Belt Used""]","Rain",0,33.657603,-84.426994,"Hapeville","FULTON","[""Motor Vehicle in Motion"",""Motor Vehicle in Motion""]","Failure to Yield","[""Motor Vehicle in Motion"",""Motor Vehicle in Motion""]"
0,0,"Atlanta Police Department","2022-04-05","Treadwell Cir Sw and Martin Luther King Jr Dr Sw","(O) No Injury","Daylight","On Roadway - Non-Intersection","Head On","Martin Luther King Jr Dr Sw","Dry","18:00:00","[""Unknown"",""Unknown"",""Unknown"",""Unknown""]","Clear",0,33.754111,-84.496745,"Atlanta","FULTON","[""Motor Vehicle in Motion"",""Motor Vehicle in Motion""]","Failure to Yield","[""Motor Vehicle in Motion"",""Motor Vehicle in Motion""]"
0,0,"Gsp Post 00","2022-04-05","I-7585 Sb and 17Th Street","(C) Possible Injury / Complaint","Daylight","On Roadway - Non-Intersection","Rear End","I-7585 Sb","Wet","04:00:00","[""Unknown"",""Lap and Shoulder Belt Used"",""Lap and Shoulder Belt Used""]","Cloudy",0,33.788676,-84.391368,"Atlanta","FULTON","[""Motor Vehicle in Motion"",""Motor Vehicle in Motion""]","Following Too Close","[""Motor Vehicle in Motion"",""Motor Vehicle in Motion""]"
0,0,"Atlanta Police Department","2022-04-05","Simca St Se and Ruby H Harper Blvd Se","(O) No Injury","Daylight","On Roadway - Non-Intersection","Sideswipe-Opposite Direction","Ruby H Harper Blvd Se","Wet","13:53:00","[""Unknown"",""Unknown""]","Rain",0,33.662096,-84.380345,"Atlanta","FULTON","[""Motor Vehicle in Motion"",""Motor Vehicle in Motion""]",,"[""Motor Vehicle in Motion"",""Motor Vehicle in Motion""]"
0,0,"Atlanta Police Department","2022-04-05","Epworth St Sw and Campbellton Rd Sw","(C) Possible Injury / Complaint","Dark-Not Lighted","On Roadway - Roadway Intersection","Rear End","Campbellton Rd Sw","Dry","22:30:00","[""Unknown"",""Unknown"",""Unknown""]","Clear",0,33.715936,-84.431126,"Atlanta","FULTON","[""Motor Vehicle in Motion"",""Motor Vehicle in Motion"",""Motor Vehicle in Motion""]","Following Too Close","[""Motor Vehicle in Motion"",""Motor Vehicle in Motion"",""Motor Vehicle in Motion""]"
0,0,"Atlanta Police Department","2022-04-05","I-75 and Edgewood Ave Se","(O) No Injury","Daylight","On Roadway - Non-Intersection","Sideswipe-Same Direction","I-75","Wet","12:30:00","[""Lap and Shoulder Belt Used"",""Lap and Shoulder Belt Used""]","Rain",0,33.754395,-84.378699,"Atlanta","FULTON","[""Motor Vehicle in Motion"",""Motor Vehicle in Motion""]","Changed Lanes Improperly","[""Motor Vehicle in Motion"",""Motor Vehicle in Motion""]"
0,0,"Atlanta Police Department","2022-04-05","Pryor Rd Sw and Ashwood Ave Sw","(O) No Injury","Daylight","Off Roadway - Sidewalk","Not a Collision with Motor Vehicle","Ashwood Ave Sw","Water (standing or moving)","16:00:00","Lap and Shoulder Belt Used","Clear",0,33.705164,-84.39888,"Atlanta","FULTON","Other - Fixed Object","Driver Lost Control","Other - Fixed Object"
0,0,"Gsp Post 00","2022-04-05","Lee St and I-20 West","(O) No Injury","Daylight","On Roadway - Non-Intersection","Sideswipe-Same Direction","I-20 West","Dry","18:18:00","[""Lap and Shoulder Belt Used"",""Lap and Shoulder Belt Used"",""Lap and Shoulder Belt Used"",""Lap and Shoulder Belt Used""]","Cloudy",0,33.741339,-84.414016,"Atlanta","FULTON","[""Motor Vehicle in Motion"",""Motor Vehicle in Motion""]","Changed Lanes Improperly","[""Motor Vehicle in Motion"",""Motor Vehicle in Motion""]"
0,0,"Atlanta Police Department","2022-04-05","Greenwood Ave Ne and N Highland Ave Ne","(O) No Injury","Dark-Lighted","On Roadway - Roadway Intersection","Angle Crash","N Highland Ave Ne","Dry","21:30:00","[""Lap and Shoulder Belt Used"",""Lap and Shoulder Belt Used""]","Clear",0,33.776674,-84.352502,"Atlanta","FULTON","[""Motor Vehicle in Motion"",""Motor Vehicle in Motion""]",,"[""Motor Vehicle in Motion"",""Motor Vehicle in Motion""]"
0,0,"Gsp Post 00","2022-04-05","Fulton Street and I-7585 Southbound","(O) No Injury","Daylight","On Roadway - Non-Intersection","Sideswipe-Same Direction","I-7585 Southbound","Wet","18:02:00","[""Lap and Shoulder Belt Used"",""Lap and Shoulder Belt Used"",""Lap and Shoulder Belt Used"",""Lap and Shoulder Belt Used""]","Cloudy",0,33.741894,-84.391508,"Atlanta","FULTON","[""Motor Vehicle in Motion"",""Motor Vehicle in Motion""]","[""Following Too Close"",""Reaction to Object or Animal"",""Changed Lanes Improperly""]","[""Motor Vehicle in Motion"",""Motor Vehicle in Motion""]"
0,0,"Gsp Post 00","2022-04-05","I-7585 South and Martin Luther King Junior Driv","(O) No Injury","Daylight","On Roadway - Non-Intersection","Rear End","I-7585 South","Wet","18:49:00","[""Unknown"",""Lap and Shoulder Belt Used""]","Cloudy",0,33.750438,-84.38177,"Atlanta","FULTON","[""Motor Vehicle in Motion"",""Motor Vehicle in Motion""]","Following Too Close","[""Motor Vehicle in Motion"",""Motor Vehicle in Motion""]"
0,3,"Gsp Post 00","2022-04-05","Mlk and I-20 E","(B) Suspected Minor/Visible Injury","Daylight","Median","Angle Crash","I-20 E","Wet","10:45:00","[""Lap and Shoulder Belt Used"",""Lap and Shoulder Belt Used"",""Lap and Shoulder Belt Used""]","Rain",0,33.753928,-84.464979,"Atlanta","FULTON","[""Median Barrier"",""Motor Vehicle in Motion""]","Too Fast for Conditions","[""Motor Vehicle in Motion"",""Motor Vehicle in Motion""]"
0,0,"Emory Police Department","2022-04-05","Clifton Rd and N Decatur Rd","(O) No Injury","Daylight","On Roadway - In Crosswalk","Rear End","N Decatur Rd","Dry","07:50:00","[""Unknown"",""Unknown""]","Cloudy",0,33.788639,-84.321639,"Atlanta","DEKALB","[""Motor Vehicle in Motion"",""Motor Vehicle in Motion""]","Following Too Close","[""Motor Vehicle in Motion"",""Motor Vehicle in Motion""]"
0,0,"Gsp Post 00","2022-04-05","Moores Mill Rd and I-75 Southbound","(C) Possible Injury / Complaint","Daylight","On Roadway - Non-Intersection","Angle Crash","I-75 Southbound","Wet","13:10:00","[""Lap and Shoulder Belt Used"",""Lap and Shoulder Belt Used""]","Rain",0,33.823596,-84.423634,"Atlanta","FULTON","[""Motor Vehicle in Motion"",""Motor Vehicle in Motion""]","[""Too Fast for Conditions"",""Driver Lost Control""]","[""Motor Vehicle in Motion"",""Motor Vehicle in Motion""]"
0,0,"Atlanta Police Department","2022-04-05","None and Ponce De Leon Ave Ne","(O) No Injury","Dark-Not Lighted","On Roadway - Non-Intersection","Sideswipe-Opposite Direction","Ponce De Leon Ave Ne","Dry","21:30:00","[""Lap and Shoulder Belt Used"",""Lap and Shoulder Belt Used""]","Clear",0,33.774916,-84.340525,"Atlanta","DEKALB","[""Motor Vehicle in Motion"",""Motor Vehicle in Motion""]",,"[""Motor Vehicle in Motion"",""Motor Vehicle in Motion""]"
0,0,"Gsp Post 00","2022-04-05","I-285 Nb and I-20 Wb On-Ramp","(O) No Injury","Daylight","On Roadway - Non-Intersection","Sideswipe-Same Direction","I-285 Nb","Dry","08:08:00","[""Unknown"",""Lap and Shoulder Belt Used"",""Lap and Shoulder Belt Used""]","Cloudy",0,33.763332,-84.492705,"Atlanta","FULTON","[""Motor Vehicle in Motion"",""Motor Vehicle in Motion""]","Changed Lanes Improperly","[""Motor Vehicle in Motion"",""Motor Vehicle in Motion""]"
0,0,"Atlanta Police Department","2022-04-05","Bolling Way Ne and Peachtree Rd Ne","(O) No Injury","Dawn","On Roadway - Non-Intersection","Angle Crash","Peachtree Rd Ne","Dry","20:00:00","[""Lap and Shoulder Belt Used"",""Lap and Shoulder Belt Used""]","Clear",0,33.840152,-84.378727,"Atlanta","FULTON","[""Motor Vehicle in Motion"",""Motor Vehicle in Motion""]","Changed Lanes Improperly","[""Motor Vehicle in Motion"",""Motor Vehicle in Motion""]"
0,0,"Gsp Post 00","2022-04-05","None and Entrance Ramp To I-285 South F","(C) Possible Injury / Complaint","Daylight","Entrance/Exit Ramp","Rear End","Entrance Ramp To I-285 South F","Wet","13:56:00","[""Lap and Shoulder Belt Used"",""Lap and Shoulder Belt Used""]","Rain",0,33.751774,-84.496443,"Atlanta","FULTON","[""Motor Vehicle in Motion"",""Motor Vehicle in Motion""]","Following Too Close","[""Motor Vehicle in Motion"",""Motor Vehicle in Motion""]"
0,0,"Atlanta Police Department","2022-04-05","Pierce Ave Nw and Donald Lee Hollowell Pkwy Nw","(O) No Injury","Daylight","On Roadway - Driveway Intersection","Sideswipe-Same Direction","Donald Lee Hollowell Pkwy Nw","Dry","17:30:00","[""None Used"",""None Used""]","Clear",0,33.771828,-84.431179,"Atlanta","FULTON","[""Motor Vehicle in Motion"",""Motor Vehicle in Motion""]",,"[""Motor Vehicle in Motion"",""Motor Vehicle in Motion""]"
0,0,"Gsp Post 00","2022-04-05","I-85 North and Metropolitan Pkwy","(O) No Injury","Daylight","On Roadway - Non-Intersection","Sideswipe-Same Direction","I-85 North","Dry","11:20:00","[""Lap and Shoulder Belt Used"",""Lap and Shoulder Belt Used""]","Rain",0,33.684722,-84.405687,"Atlanta","FULTON","[""Motor Vehicle in Motion"",""Motor Vehicle in Motion""]","Changed Lanes Improperly","[""Motor Vehicle in Motion"",""Motor Vehicle in Motion""]"
0,0,"Atlanta Police Department","2022-04-05","Fairburn Rd Sw and Heritage Valley Rd Sw","(O) No Injury","Daylight","On Roadway - Roadway Intersection","Rear End","Fairburn Rd Sw","Water (standing or moving)","15:30:00","[""Unknown"",""Unknown""]","Rain",0,33.706346,-84.506789,"Atlanta","FULTON","[""Motor Vehicle in Motion"",""Motor Vehicle in Motion""]","Following Too Close","[""Motor Vehicle in Motion"",""Motor Vehicle in Motion""]"
0,0,"Atlanta Police Department","2022-04-05","Johnson Rd Nw and Hollywood Rd Nw","(O) No Injury","Daylight","Off Roadway","Head On","Hollywood Rd Nw","Dry","07:05:00","Unknown","Cloudy",0,33.779408,-84.455072,"Atlanta","FULTON","[""Motor Vehicle in Motion"",""Parked Motor Vehicle""]","[""Improper Turn"",""Too Fast for Conditions""]","[""Motor Vehicle in Motion"",""Motor Vehicle in Motion""]"
0,0,"Atlanta Police Department","2022-04-05","None and I-20","(C) Possible Injury / Complaint","Dark-Lighted","On Roadway - Managed Lane (HOV, HOT, Reversible)","Sideswipe-Same Direction","I-20","Dry","02:55:00","Lap and Shoulder Belt Used","Clear",0,33.75089,-84.452366,"Atlanta","FULTON","[""Motor Vehicle in Motion"",""Motor Vehicle in Motion""]",,"[""Motor Vehicle in Motion"",""Motor Vehicle in Motion""]"
0,0,"Gsp Post 00","2022-04-05","Mm257 and I-75Nb","(O) No Injury","Daylight","On Roadway - Non-Intersection","Sideswipe-Same Direction","I-75Nb","Wet","12:30:00","[""Lap and Shoulder Belt Used"",""Lap and Shoulder Belt Used"",""Lap and Shoulder Belt Used""]","Rain",0,33.874742,-84.44678,"Atlanta","FULTON","[""Motor Vehicle in Motion"",""Motor Vehicle in Motion""]","Driver Lost Control","[""Motor Vehicle in Motion"",""Motor Vehicle in Motion""]"
0,0,"Atlanta Police Department","2022-04-05","Cleveland Ave Sw and Old Hapeville Rd Sw","(O) No Injury","Daylight","On Roadway - Roadway Intersection","Angle Crash","Cleveland Ave Sw","Dry","16:24:00","[""Unknown"",""Lap and Shoulder Belt Used""]","Clear",0,33.681119,-84.393686,"Atlanta","FULTON","[""Motor Vehicle in Motion"",""Motor Vehicle in Motion""]","[""Misjudged Clearance"",""Failure to Yield""]","[""Motor Vehicle in Motion"",""Motor Vehicle in Motion""]"
0,0,"Atlanta Police Department","2022-04-05","Michael St Ne and Clifton Rd Ne","(O) No Injury","Daylight","On Roadway - Non-Intersection","Sideswipe-Same Direction","Clifton Rd Ne","Water (standing or moving)","17:00:00","[""Lap and Shoulder Belt Used"",""Lap and Shoulder Belt Used"",""Lap and Shoulder Belt Used""]","Rain",0,33.795545,-84.321397,"Atlanta","DEKALB","[""Motor Vehicle in Motion"",""Motor Vehicle in Motion""]",,"[""Motor Vehicle in Motion"",""Motor Vehicle in Motion""]"
0,0,"Gsp Post 00","2022-04-05","I-85S and Armour Dr","(O) No Injury","Daylight","On Roadway - Non-Intersection","Rear End","I-85S","Dry","16:00:00","[""Unknown"",""Lap and Shoulder Belt Used""]","Clear",0,33.811474,-84.371707,"Atlanta","FULTON","[""Motor Vehicle in Motion"",""Motor Vehicle in Motion""]","Changed Lanes Improperly","[""Motor Vehicle in Motion"",""Motor Vehicle in Motion""]"
0,0,"Atlanta Police Department","2022-04-05","Monroe Dr Ne and Yorkshire Rd Ne","(O) No Injury","Daylight","On Roadway - Non-Intersection","Not a Collision with Motor Vehicle","Monroe Dr Ne","Wet","10:30:00","Lap and Shoulder Belt Used","Rain",0,33.795307,-84.367472,"Atlanta","FULTON","Other Object (Not Fixed)",,"Other Object (Not Fixed)"
0,0,"Gsp Post 00","2022-04-05","I-85 N and Peachtree St","(O) No Injury","Daylight","On Roadway - Non-Intersection","Rear End","I-85 N","Wet","16:20:00","[""Lap and Shoulder Belt Used"",""Lap and Shoulder Belt Used"",""Lap and Shoulder Belt Used""]","Cloudy",0,33.799595,-84.39127,"Atlanta","FULTON","[""Motor Vehicle in Motion"",""Motor Vehicle in Motion"",""Motor Vehicle in Motion""]","Following Too Close","[""Motor Vehicle in Motion"",""Motor Vehicle in Motion"",""Motor Vehicle in Motion""]"
0,0,"Gsp Post 00","2022-04-05","Ga-13 and I-85Sb","(O) No Injury","Daylight","On Roadway - Non-Intersection","Rear End","I-85Sb","Wet","12:53:00","[""Lap and Shoulder Belt Used"",""Lap and Shoulder Belt Used""]","Rain",0,33.79858,-84.392842,"Atlanta","FULTON","[""Motor Vehicle in Motion"",""Motor Vehicle in Motion""]","Following Too Close","[""Motor Vehicle in Motion"",""Motor Vehicle in Motion""]"
0,0,"Gsp Post 00","2022-04-05","I-20 West and Fairburn Overpass","(C) Possible Injury / Complaint","Daylight","On Roadway - Non-Intersection","Sideswipe-Same Direction","I-20 West","Wet","13:07:00","[""Lap and Shoulder Belt Used"",""Lap and Shoulder Belt Used""]","Rain",0,33.766312,-84.499796,"Atlanta","FULTON","[""Motor Vehicle in Motion"",""Motor Vehicle in Motion""]","Driver Lost Control","[""Motor Vehicle in Motion"",""Motor Vehicle in Motion""]"
0,0,"Atlanta Police Department","2022-04-05","Cleveland Ave Sw and Metropolitan Pkwy Sw","(C) Possible Injury / Complaint","Daylight","On Roadway - Roadway Intersection","Rear End","Metropolitan Pkwy Sw","Dry","19:00:00","[""Unknown"",""Lap and Shoulder Belt Used""]","Cloudy",0,33.681406,-84.407719,"Atlanta","FULTON","[""Motor Vehicle in Motion"",""Motor Vehicle in Motion""]","Occupant Distraction (Distracted)","[""Motor Vehicle in Motion"",""Motor Vehicle in Motion""]"
0,0,"Gsp Post 00","2022-04-05","I-20 Eb and Bill Kennedy Way","(O) No Injury","Daylight","On Shoulder","Not a Collision with Motor Vehicle","I-20 Eb","Wet","11:47:00","Lap and Shoulder Belt Used","Rain",0,33.743276,-84.365245,"Atlanta","FULTON","Median Barrier","[""Too Fast for Conditions"",""Driver Lost Control""]","Median Barrier"
0,0,"Gsp Post 00","2022-04-05","Fulton St and 7585 North","(O) No Injury","Daylight","On Roadway - Non-Intersection","Rear End","7585 North","Wet","10:25:00","[""Lap and Shoulder Belt Used"",""Lap and Shoulder Belt Used""]","Rain",0,33.74138,-84.391562,"Atlanta","FULTON","[""Motor Vehicle in Motion"",""Motor Vehicle in Motion""]","[""Too Fast for Conditions"",""Following Too Close""]","[""Motor Vehicle in Motion"",""Impact Attenuate""]"
0,0,"Gsp Post 00","2022-04-05","10Th St and I-7585S","(O) No Injury","Daylight","On Roadway - Non-Intersection","Sideswipe-Same Direction","I-7585S","Wet","17:45:00","[""Lap and Shoulder Belt Used"",""Lap and Shoulder Belt Used""]","Cloudy",0,33.782522,-84.391216,"Atlanta","FULTON","[""Motor Vehicle in Motion"",""Motor Vehicle in Motion""]",,"[""Motor Vehicle in Motion"",""Motor Vehicle in Motion""]"
0,0,"Gsp Post 00","2022-04-05","I-75 N I-85 N and Freedom Parkway","(O) No Injury","Daylight","On Roadway - Non-Intersection","Angle Crash","I-75 N I-85 N","Wet","13:00:00","[""Lap and Shoulder Belt Used"",""Lap and Shoulder Belt Used"",""Lap and Shoulder Belt Used"",""Lap Belt Only Used""]","Rain",0,33.765191,-84.384951,"Atlanta","FULTON","[""Motor Vehicle in Motion"",""Motor Vehicle in Motion""]","Changed Lanes Improperly","[""Motor Vehicle in Motion"",""Motor Vehicle in Motion""]"
0,0,"Atlanta Police Department","2022-04-05","I-75 and Auburn Ave Ne","(O) No Injury","Dark-Lighted","On Roadway - Non-Intersection","Angle Crash","I-75","Wet","22:00:00","[""Unknown"",""Unknown"",""Unknown""]","Cloudy",0,33.755639,-84.37822,"Atlanta","FULTON","[""Motor Vehicle in Motion"",""Motor Vehicle in Motion""]","Changed Lanes Improperly","[""Motor Vehicle in Motion"",""Motor Vehicle in Motion""]"
0,0,"Dekalb Co Police Department","2022-04-05","Clifton Rd and Houston Mill Rd","(O) No Injury","Daylight","On Roadway - Non-Intersection","Sideswipe-Same Direction","Clifton Rd","Dry","15:00:00","Lap and Shoulder Belt Used","Clear",0,33.798553,-84.323778,"Atlanta","DEKALB","[""Motor Vehicle in Motion"",""Motor Vehicle in Motion""]","Changed Lanes Improperly","[""Motor Vehicle in Motion"",""Motor Vehicle in Motion""]"
0,0,"Gsp Post 00","2022-04-05","Moreland and United Ave","(O) No Injury","Daylight","On Roadway - Non-Intersection","Sideswipe-Same Direction","Moreland","Dry","07:50:00","[""Lap and Shoulder Belt Used"",""Lap and Shoulder Belt Used""]","Cloudy",0,33.723016,-84.349466,"Atlanta","FULTON","[""Motor Vehicle in Motion"",""Motor Vehicle in Motion""]","Misjudged Clearance","[""Motor Vehicle in Motion"",""Motor Vehicle in Motion""]"
0,0,"Gsp Post 00","2022-04-05","I-20 East and Hamilton E. Holmes","(O) No Injury","Daylight","On Roadway - Non-Intersection","Sideswipe-Same Direction","I-20 East","Wet","13:26:00","[""Lap and Shoulder Belt Used"",""Lap and Shoulder Belt Used""]","Rain",0,33.754998,-84.466522,"Atlanta","FULTON","[""Motor Vehicle in Motion"",""Motor Vehicle in Motion""]","[""Too Fast for Conditions"",""Driver Lost Control""]","[""Motor Vehicle in Motion"",""Motor Vehicle in Motion""]"
0,0,"Atlanta Police Department","2022-04-05","Harbin Rd Sw and Landrum Dr Sw","(O) No Injury","Daylight","On Roadway - Roadway Intersection","Head On","Landrum Dr Sw","Water (standing or moving)","16:00:00","[""Lap and Shoulder Belt Used"",""Lap and Shoulder Belt Used"",""Lap and Shoulder Belt Used""]","Clear",0,33.706301,-84.481676,"Atlanta","FULTON","[""Motor Vehicle in Motion"",""Motor Vehicle in Motion""]","Misjudged Clearance","[""Motor Vehicle in Motion"",""Motor Vehicle in Motion""]"
0,0,"Atlanta Police Department","2022-04-05","Courtland St Ne and Edgewood Ave Se","(O) No Injury","Daylight","On Roadway - Roadway Intersection","Rear End","Edgewood Ave Se","Water (standing or moving)","13:30:00","[""Unknown"",""Unknown"",""Unknown""]","Rain",0,33.754466,-84.384266,"Atlanta","FULTON","[""Motor Vehicle in Motion"",""Motor Vehicle in Motion"",""Motor Vehicle in Motion""]","Disregard Stop Sign/Signal","[""Motor Vehicle in Motion"",""Median Barrier"",""Motor Vehicle in Motion""]"
0,0,"Atlanta Police Department","2022-04-05","None and I-75","(O) No Injury","Dark-Lighted","On Roadway - Non-Intersection","Sideswipe-Same Direction","I-75","Dry","20:55:00","[""Lap and Shoulder Belt Used"",""Lap and Shoulder Belt Used"",""Lap and Shoulder Belt Used""]","Clear",0,33.794217,-84.391419,"Atlanta","FULTON","[""Motor Vehicle in Motion"",""Motor Vehicle in Motion""]","Changed Lanes Improperly","[""Motor Vehicle in Motion"",""Motor Vehicle in Motion""]"
0,0,"Atlanta Police Department","2022-04-05","None and I-85","(O) No Injury","Dark-Lighted","On Roadway - Non-Intersection","Sideswipe-Same Direction","I-85","Dry","21:20:00","[""Lap and Shoulder Belt Used"",""Lap and Shoulder Belt Used""]","Clear",0,33.684375,-84.407556,"Atlanta","FULTON","[""Motor Vehicle in Motion"",""Motor Vehicle in Motion""]","[""Misjudged Clearance"",""Misjudged Clearance""]","[""Motor Vehicle in Motion"",""Motor Vehicle in Motion""]"
0,0,"Gsp Post 00","2022-04-05","Mile Marker 257 and Interstate 75 Nb","(O) No Injury","Daylight","On Roadway - Non-Intersection","Rear End","Interstate 75 Nb","Wet","14:50:00","[""Lap and Shoulder Belt Used"",""Lap and Shoulder Belt Used""]","Rain",0,33.873956,-84.44634,"Atlanta","FULTON","[""Motor Vehicle in Motion"",""Motor Vehicle in Motion""]","Following Too Close","[""Motor Vehicle in Motion"",""Motor Vehicle in Motion""]"
0,0,"Atlanta Police Department","2022-04-05","Piedmont Rd Ne and Rockledge Rd Ne","(O) No Injury","Dark-Lighted","On Roadway - Driveway Intersection","Angle Crash","Rockledge Rd Ne","Dry","04:30:00","[""Unknown"",""Unknown""]","Clear",0,33.809331,-84.365831,"Atlanta","FULTON","[""Motor Vehicle in Motion"",""Motor Vehicle in Motion""]","Changed Lanes Improperly","[""Motor Vehicle in Motion"",""Motor Vehicle in Motion""]"
0,0,"Gsp Post 00","2022-04-05","I-7585 Nb and 14Th Street","(O) No Injury","Daylight","On Roadway - Non-Intersection","Rear End","I-7585 Nb","Wet","13:35:00","[""Lap and Shoulder Belt Used"",""Lap and Shoulder Belt Used""]","Rain",0,33.789269,-84.390813,"Atlanta","FULTON","[""Motor Vehicle in Motion"",""Motor Vehicle in Motion""]","[""Too Fast for Conditions"",""Following Too Close""]","[""Motor Vehicle in Motion"",""Motor Vehicle in Motion""]"
0,0,"Gsp Post 00","2022-04-05","I-20 West and Martin Luther King Junior Driv","(O) No Injury","Daylight","On Roadway - Non-Intersection","Not a Collision with Motor Vehicle","I-20 West","Wet","15:00:00","Lap and Shoulder Belt Used","Rain",0,33.747023,-84.434856,"Atlanta","FULTON","Other Object (Not Fixed)",,"Impact Attenuate"
0,0,"Atlanta Police Department","2022-04-05","Rockwood Ave Nw and Commercial Ave Nw","(C) Possible Injury / Complaint","Daylight","On Roadway - Roadway Intersection","Sideswipe-Opposite Direction","Commercial Ave Nw","Dry","19:01:00","[""Unknown"",""Unknown"",""Unknown""]","Clear",0,33.775139,-84.471243,"Atlanta","FULTON","[""Motor Vehicle in Motion"",""Motor Vehicle in Motion""]","Improper Turn","[""Motor Vehicle in Motion"",""Motor Vehicle in Motion""]"
0,0,"Gsp Post 00","2022-04-05","I-20 East and Hamilton E. Holmes","(O) No Injury","Daylight","On Roadway - Non-Intersection","Rear End","I-20 East","Wet","13:51:00","[""Lap and Shoulder Belt Used"",""Lap and Shoulder Belt Used"",""Lap and Shoulder Belt Used"",""Lap and Shoulder Belt Used""]","Rain",0,33.754964,-84.466481,"Atlanta","FULTON","[""Motor Vehicle in Motion"",""Motor Vehicle in Motion""]","Too Fast for Conditions","[""Motor Vehicle in Motion"",""Motor Vehicle in Motion""]"
0,0,"Atlanta Police Department","2022-04-05","Courtland St Ne and Andrew Young International Blvd Ne","(O) No Injury","Daylight","On Roadway - Roadway Intersection","Angle Crash","Andrew Young International Blvd Ne","Wet","11:04:00","[""Unknown"",""Unknown"",""Unknown""]","Rain",0,33.759644,-84.384199,"Atlanta","FULTON","[""Motor Vehicle in Motion"",""Motor Vehicle in Motion"",""Motor Vehicle in Motion""]","Disregard Stop Sign/Signal","[""Motor Vehicle in Motion"",""Motor Vehicle in Motion"",""Motor Vehicle in Motion""]"
0,0,"Atlanta Police Department","2022-04-05","Hardee St Ne and Whitefoord Ave Ne","(O) No Injury","Daylight","Off Roadway","Angle Crash","Hardee St Ne","Wet","10:30:00","Lap and Shoulder Belt Used","Rain",0,33.755383,-84.342014,"Atlanta","DEKALB","[""Motor Vehicle in Motion"",""Parked Motor Vehicle""]","Driver Lost Control","[""Motor Vehicle in Motion"",""Parked Motor Vehicle""]"
0,0,"Gsp Post 00","2022-04-05","10Th St and I-75 I-85 North","(O) No Injury","Daylight","On Roadway - Non-Intersection","Rear End","I-75 I-85 North","Wet","16:28:00","[""Lap and Shoulder Belt Used"",""Lap and Shoulder Belt Used""]","Cloudy",0,33.785285,-84.390829,"Atlanta","FULTON","[""Motor Vehicle in Motion"",""Motor Vehicle in Motion""]","Following Too Close","[""Motor Vehicle in Motion"",""Motor Vehicle in Motion""]"
0,0,"Gsp Post 00","2022-04-05","5Th Street and I-7585 North","(O) No Injury","Daylight","On Roadway - Non-Intersection","Rear End","I-7585 North","Wet","16:45:00","[""Lap and Shoulder Belt Used"",""Lap and Shoulder Belt Used"",""Lap and Shoulder Belt Used"",""Lap and Shoulder Belt Used""]","Cloudy",0,33.786664,-84.390822,"Atlanta","FULTON","[""Motor Vehicle in Motion"",""Motor Vehicle in Motion""]","Following Too Close","[""Motor Vehicle in Motion"",""Motor Vehicle in Motion""]"
0,0,"Atlanta Police Department","2022-04-05","12Th St Nw and Spring St Nw","(O) No Injury","Dark-Not Lighted","On Roadway - Roadway Intersection","Angle Crash","12Th St Nw","Water (standing or moving)","12:25:00","[""Lap and Shoulder Belt Used"",""Lap and Shoulder Belt Used""]","Rain",0,33.784454,-84.389206,"Atlanta","FULTON","[""Motor Vehicle in Motion"",""Motor Vehicle in Motion""]","Changed Lanes Improperly","[""Motor Vehicle in Motion"",""Motor Vehicle in Motion""]"
0,0,"Gsp Post 00","2022-04-05","I-85 Southbound and Metropolitan Parkway Sw","(O) No Injury","Daylight","On Roadway - Non-Intersection","Rear End","I-85 Southbound","Wet","16:20:00","[""Lap and Shoulder Belt Used"",""Lap and Shoulder Belt Used""]","Rain",0,33.68447,-84.407205,"Atlanta","FULTON","[""Motor Vehicle in Motion"",""Motor Vehicle in Motion""]","Following Too Close","[""Motor Vehicle in Motion"",""Motor Vehicle in Motion""]"
0,0,"Atlanta Police Department","2022-04-05","None and Perry Blvd Nw","(C) Possible Injury / Complaint","Daylight","On Roadway - Non-Intersection","Head On","Perry Blvd Nw","Wet","16:24:00","[""Lap and Shoulder Belt Used"",""Lap and Shoulder Belt Used"",""Lap and Shoulder Belt Used""]","Cloudy",0,33.788739,-84.437284,"Atlanta","FULTON","[""Motor Vehicle in Motion"",""Motor Vehicle in Motion""]","Failure to Yield","[""Motor Vehicle in Motion"",""Motor Vehicle in Motion""]"