"# Serious Injuries","# Visible Injuries","Agency Name (Crash Level) ","Date","Intersection Name (from Crash Report)","KABCO Severity","Light Conditions (Crash Level)","Location at Impact (Crash Level) ","Manner of Collision (Crash Level) ","Roadway (From Crash Report)","Surface Condition (Crash Level) ","Time","Safety Equipment (Crash Level) ","Weather Conditions (Crash Level)","# of Fatalities per Crash","Latitude","Longitude","Geolocated City","Geolocated County","First Harmful Event (Unit Order)","Operator/Pedestrian Contrib Factor (excl None, Other, No Contrib Factors)","Most Harmful Event (Crash Level)"
0,0,"Gsp Post 00","2022-04-07","5Th St and I-75I-85Sb","(O) No Injury","Dawn","On Roadway - Non-Intersection","Rear End","I-75I-85Sb","Wet","06:45:00","[""Lap and Shoulder Belt Used"",""Lap and Shoulder Belt Used""]","Clear",0,33.775398,-84.390678,"Atlanta","FULTON","[""Motor Vehicle in Motion"",""Motor Vehicle in Motion""]","Following Too Close","[""Motor Vehicle in Motion"",""Motor Vehicle in Motion""]"
0,0,"Atlanta Police Department","2022-04-07","S Eugenia Pl Nw and Donald Lee Hollowell Pkwy Nw","(O) No Injury","Daylight","On Roadway - Roadway Intersection","Sideswipe-Same Direction","Donald Lee Hollowell Pkwy Nw","Dry","16:25:00","[""Unknown"",""Unknown""]","Clear",0,33.776657,-84.454041,"Atlanta","FULTON","[""Motor Vehicle in Motion"",""Motor Vehicle in Motion""]",,"[""Motor Vehicle in Motion"",""Motor Vehicle in Motion""]"
0,0,"Gsp Post 00","2022-04-07","None and Connn","(O) No Injury","Daylight","On Roadway - Non-Intersection","Rear End","Connn","Dry","08:47:00","[""Lap and Shoulder Belt Used"",""Lap and Shoulder Belt Used""]","Clear",0,33.741131,-84.391588,"Atlanta","FULTON","[""Motor Vehicle in Motion"",""Motor Vehicle in Motion""]","Following Too Close","[""Motor Vehicle in Motion"",""Motor Vehicle in Motion""]"
0,0,"Atlanta Police Department","2022-04-07","Bolton Rd Nw and James Jackson Pkwy Nw","(O) No Injury","Daylight","On Roadway - Non-Intersection","Rear End","James Jackson Pkwy Nw","Dry","15:00:00","[""Unknown"",""Lap and Shoulder Belt Used""]","Clear",0,33.811333,-84.476537,"Atlanta","FULTON","[""Motor Vehicle in Motion"",""Motor Vehicle in Motion""]","Following Too Close","[""Motor Vehicle in Motion"",""Motor Vehicle in Motion""]"
0,0,"Gsp Post 00","2022-04-07","Freedom Pkwy and I-7585 South","(O) No Injury","Daylight","On Roadway - Non-Intersection","Rear End","I-7585 South","Dry","17:37:00","[""Lap and Shoulder Belt Used"",""Lap and Shoulder Belt Used"",""Lap and Shoulder Belt Used""]","Clear",0,33.759359,-84.37953,"Atlanta","FULTON","[""Motor Vehicle in Motion"",""Motor Vehicle in Motion"",""Motor Vehicle in Motion""]","Following Too Close","[""Motor Vehicle in Motion"",""Motor Vehicle in Motion"",""Motor Vehicle in Motion""]"
0,0,"Atlanta Police Department","2022-04-07","Auburn Ave Ne and Piedmont Ave Ne","(C) Possible Injury / Complaint","Daylight","On Roadway - Non-Intersection","Angle Crash","Piedmont Ave Ne","Dry","17:24:00","[""Lap and Shoulder Belt Used"",""Lap and Shoulder Belt Used"",""Lap and Shoulder Belt Used"",""Lap and Shoulder Belt Used"",""Child Restraint System (Properly Used)""]","Clear",0,33.755554,-84.382226,"Atlanta","FULTON","[""Motor Vehicle in Motion"",""Motor Vehicle in Motion""]","Failure to Yield","[""Motor Vehicle in Motion"",""Motor Vehicle in Motion""]"
0,0,"Atlanta Police Department","2022-04-07","Bell St Ne and John Wesley Dobbs Ave Ne","(O) No Injury","Daylight","On Roadway - Roadway Intersection","Angle Crash","John Wesley Dobbs Ave Ne","Dry","16:49:00","[""Unknown"",""Unknown""]","Clear",0,33.757533,-84.379321,"Atlanta","FULTON","[""Motor Vehicle in Motion"",""Motor Vehicle in Motion""]","Improper Turn","[""Motor Vehicle in Motion"",""Motor Vehicle in Motion""]"
0,0,"Atlanta Police Department","2022-04-07","Northside Dr Nw and Hemphill Ave Nw","(O) No Injury","Dark-Lighted","On Roadway - Non-Intersection","Sideswipe-Same Direction","Hemphill Ave Nw","Dry","19:40:00","[""Unknown"",""None Used"",""None Used""]","Clear",0,33.786909,-84.407345,"Atlanta","FULTON","[""Motor Vehicle in Motion"",""Motor Vehicle in Motion"",""Motor Vehicle in Motion""]","Changed Lanes Improperly","[""Motor Vehicle in Motion"",""Motor Vehicle in Motion""]"
0,0,"Atlanta Police Department","2022-04-07","Auburn Ave Ne and Jesse Hill Jr Dr Ne","(O) No Injury","Daylight","On Roadway - Roadway Intersection","Rear End","Jesse Hill Jr Dr Ne","Dry","10:11:00","[""Unknown"",""Unknown""]","Clear",0,33.755538,-84.380206,"Atlanta","FULTON","[""Motor Vehicle in Motion"",""Motor Vehicle in Motion""]","[""Other Activity - Mobile Device (Distracted)"",""Following Too Close""]","[""Motor Vehicle in Motion"",""Motor Vehicle in Motion""]"
0,2,"Atlanta Police Department","2022-04-07","Ryne St Nw and Hamilton E Holmes Dr Nw","(B) Suspected Minor/Visible Injury","Daylight","On Roadway - Roadway Intersection","Rear End","Ryne St Nw","Dry","10:57:00","[""Unknown"",""Unknown"",""Unknown"",""Unknown""]","Clear",0,33.767633,-84.47057,"Atlanta","FULTON","[""Motor Vehicle in Motion"",""Motor Vehicle in Motion""]",,"[""Motor Vehicle in Motion"",""Motor Vehicle in Motion""]"
0,0,"Atlanta Police Department","2022-04-07","Pryor St Sw and Memorial Dr Sw","(O) No Injury","Daylight","On Roadway - Roadway Intersection","Sideswipe-Same Direction","Memorial Dr Sw","Dry","13:10:00","[""Lap and Shoulder Belt Used"",""Lap and Shoulder Belt Used"",""Lap and Shoulder Belt Used""]","Clear",0,33.746982,-84.394411,"Atlanta","FULTON","[""Motor Vehicle in Motion"",""Motor Vehicle in Motion""]","Misjudged Clearance","[""Motor Vehicle in Motion"",""Motor Vehicle in Motion""]"
0,0,"Gsp Post 00","2022-04-07","I-20 and I-285 Southbound","(O) No Injury","Daylight","On Roadway - Non-Intersection","Sideswipe-Same Direction","I-285 Southbound","Dry","10:37:00","[""Lap and Shoulder Belt Used"",""Child Restraint System (Properly Used)"",""Child Restraint System (Improperly Used)"",""Lap and Shoulder Belt Used""]","Clear",0,33.770832,-84.495666,"Atlanta","FULTON","[""Motor Vehicle in Motion"",""Motor Vehicle in Motion""]",,"[""Motor Vehicle in Motion"",""Motor Vehicle in Motion""]"
0,0,"Atlanta Police Department","2022-04-07","11Th St Nw and Northside Dr Nw","(O) No Injury","Daylight","On Roadway - Roadway Intersection","Angle Crash","11Th St Nw","Dry","16:00:00","[""Lap and Shoulder Belt Used"",""Lap and Shoulder Belt Used""]","Clear",0,33.783004,-84.407468,"Atlanta","FULTON","[""Motor Vehicle in Motion"",""Motor Vehicle in Motion""]","Failure to Yield","[""Motor Vehicle in Motion"",""Motor Vehicle in Motion""]"
0,0,"Gsp Post 00","2022-04-07","I-7585 North and Martin Luther King Jr Drive","(C) Possible Injury / Complaint","Daylight","On Roadway - Non-Intersection","Rear End","I-7585 North","Dry","11:45:00","[""Lap and Shoulder Belt Used"",""Lap and Shoulder Belt Used""]","Clear",0,33.747684,-84.386139,"Atlanta","FULTON","[""Motor Vehicle in Motion"",""Motor Vehicle in Motion""]","Following Too Close","[""Motor Vehicle in Motion"",""Motor Vehicle in Motion""]"
0,0,"Atlanta Police Department","2022-04-07","2Nd Ave Se and Memorial Dr Se","(O) No Injury","Dark-Lighted","On Shoulder","Not a Collision with Motor Vehicle","2Nd Ave Se","Dry","22:00:00","Unknown","Clear",0,33.746303,-84.309724,"Atlanta","DEKALB","Other Non-Collision","Inattentive or Other Distraction (Distracted)","Utility Pole"
1,0,"Atlanta Police Department","2022-04-07","Williams St Nw and Ivan Allen Jr Blvd Nw","(A) Suspected Serious Injury","Daylight","On Roadway - Roadway Intersection","Angle Crash","Williams St Nw","Dry","06:20:00","[""Unknown"",""Unknown"",""Unknown""]","Cloudy",0,33.764651,-84.390335,"Atlanta","FULTON","[""Motor Vehicle in Motion"",""Motor Vehicle in Motion"",""Motor Vehicle in Motion""]","[""Disregard Other Traffic Control"",""Inattentive or Other Distraction (Distracted)""]","[""Motor Vehicle in Motion"",""Motor Vehicle in Motion"",""Motor Vehicle in Motion""]"
0,0,"Atlanta Police Department","2022-04-07","Ellis St Ne and Courtland St Ne","(O) No Injury","Daylight","On Roadway - Roadway Intersection","Sideswipe-Same Direction","Courtland St Ne","Dry","18:15:00","[""Unknown"",""Unknown""]","Clear",0,33.758377,-84.38422,"Atlanta","FULTON","[""Motor Vehicle in Motion"",""Motor Vehicle in Motion""]","Improper Turn","[""Motor Vehicle in Motion"",""Motor Vehicle in Motion""]"
0,0,"Atlanta Police Department","2022-04-07","None and Burton Rd Nw","(C) Possible Injury / Complaint","Dark-Lighted","On Roadway - Roadway Intersection","Head On","Burton Rd Nw","Dry","06:30:00","[""Lap and Shoulder Belt Used"",""Lap and Shoulder Belt Used"",""Lap and Shoulder Belt Used""]","Clear",0,33.755796,-84.469667,"Atlanta","FULTON","[""Motor Vehicle in Motion"",""Motor Vehicle in Motion""]",,"[""Motor Vehicle in Motion"",""Motor Vehicle in Motion""]"
0,0,"Atlanta Police Department","2022-04-07","None and Westview Dr Sw","(O) No Injury","Daylight","On Roadway - Roadway Intersection","Sideswipe-Same Direction","Westview Dr Sw","Dry","13:47:00","[""Unknown"",""Unknown""]","Clear",0,33.744307,-84.413887,"Atlanta","FULTON","[""Motor Vehicle in Motion"",""Motor Vehicle in Motion""]",,"[""Motor Vehicle in Motion"",""Motor Vehicle in Motion""]"
0,1,"Atlanta Police Department","2022-04-07","None and I-285","(B) Suspected Minor/Visible Injury","Dark-Lighted","On Roadway - Non-Intersection","Rear End","I-285","Water (standing or moving)","01:30:00","[""Unknown"",""Lap and Shoulder Belt Used""]","Rain",0,33.759977,-84.492922,"Atlanta","FULTON","[""Motor Vehicle in Motion"",""Motor Vehicle in Motion""]","Driver Lost Control","[""Motor Vehicle in Motion"",""Motor Vehicle in Motion""]"
0,0,"Gsp Post 00","2022-04-07","7585 South and University Ave","(O) No Injury","Daylight","On Roadway - Non-Intersection","Sideswipe-Same Direction","7585 South","Dry","10:25:00","[""Unknown"",""Lap and Shoulder Belt Used""]","Clear",0,33.721764,-84.395295,"Atlanta","FULTON","[""Motor Vehicle in Motion"",""Motor Vehicle in Motion""]","Changed Lanes Improperly","[""Motor Vehicle in Motion"",""Parked Motor Vehicle""]"
0,0,"Atlanta Police Department","2022-04-07","Ridgeway Ave Nw and Howell Mill Rd Nw","(O) No Injury","Daylight","On Roadway - Roadway Intersection","Angle Crash","Howell Mill Rd Nw","Dry","17:00:00","[""Unknown"",""Unknown""]","Clear",0,33.80318,-84.414367,"Atlanta","FULTON","[""Motor Vehicle in Motion"",""Motor Vehicle in Motion""]","[""Changed Lanes Improperly"",""Failure to Yield""]","[""Motor Vehicle in Motion"",""Motor Vehicle in Motion""]"
0,0,"Atlanta Police Department","2022-04-07","Rembrandt Rd Nw and W Paces Ferry Rd Nw","(C) Possible Injury / Complaint","Daylight","On Roadway - Roadway Intersection","Rear End","Rembrandt Rd Nw","Dry","17:30:00","[""Unknown"",""Unknown""]","Clear",0,33.850794,-84.419329,"Atlanta","FULTON","[""Motor Vehicle in Motion"",""Motor Vehicle in Motion""]","Following Too Close","[""Motor Vehicle in Motion"",""Motor Vehicle in Motion""]"
0,0,"Atlanta Police Department","2022-04-07","Telfair Cir and Liddell Dr Ne","(O) No Injury","Daylight","On Roadway - Roadway Intersection","Angle Crash","Liddell Dr Ne","Dry","14:30:00","[""Unknown"",""Unknown""]","Clear",0,33.811604,-84.362159,"Atlanta","FULTON","[""Motor Vehicle in Motion"",""Motor Vehicle in Motion""]","Failure to Yield","[""Motor Vehicle in Motion"",""Motor Vehicle in Motion""]"
0,0,"Gsp Post 00","2022-04-07","Peachtree Road Nw and Brookwodd Valley Cir","(O) No Injury","Daylight","On Roadway - Non-Intersection","Sideswipe-Same Direction","Peachtree Road Nw","Dry","10:20:00","[""Lap and Shoulder Belt Used"",""Child Restraint System (Properly Used)"",""Lap and Shoulder Belt Used"",""Lap and Shoulder Belt Used"",""Lap and Shoulder Belt Used"",""Lap and Shoulder Belt Used""]","Clear",0,33.809865,-84.392942,"Atlanta","FULTON","[""Motor Vehicle in Motion"",""Motor Vehicle in Motion"",""Other Object (Not Fixed)"",""Other Object (Not Fixed)""]","Changed Lanes Improperly","[""Motor Vehicle in Motion"",""Motor Vehicle in Motion"",""Impact Attenuate"",""Impact Attenuate""]"
0,0,"Gsp Post 00","2022-04-07","North Ave and I-75 I-85 North","(C) Possible Injury / Complaint","Daylight","On Roadway - Non-Intersection","Sideswipe-Same Direction","I-75 I-85 North","Dry","12:40:00","[""Lap and Shoulder Belt Used"",""Lap and Shoulder Belt Used"",""Lap and Shoulder Belt Used""]","Clear",0,33.785746,-84.390826,"Atlanta","FULTON","[""Motor Vehicle in Motion"",""Motor Vehicle in Motion""]","Changed Lanes Improperly","[""Motor Vehicle in Motion"",""Motor Vehicle in Motion""]"
0,2,"Gsp Post 00","2022-04-07","I-20 Wb and Clifton Street Bridge Overpass","(B) Suspected Minor/Visible Injury","Daylight","On Roadway - Non-Intersection","Sideswipe-Same Direction","I-20 Wb","Dry","13:00:00","[""Lap and Shoulder Belt Used"",""Lap and Shoulder Belt Used""]","Clear",0,33.743515,-84.332043,"Atlanta","DEKALB","[""Motor Vehicle in Motion"",""Motor Vehicle in Motion""]",,"[""Bridge/Pier Abutment"",""Bridge/Pier Abutment""]"
0,0,"Atlanta Police Department","2022-04-07","Wylie St Se and Moreland Ave Se","(O) No Injury","Daylight","On Roadway - Roadway Intersection","Rear End","Moreland Ave Se","Dry","17:00:00","[""Lap and Shoulder Belt Used"",""Lap and Shoulder Belt Used""]","Clear",0,33.75228,-84.349225,"Atlanta","FULTON","[""Motor Vehicle in Motion"",""Motor Vehicle in Motion""]",,"[""Motor Vehicle in Motion"",""Motor Vehicle in Motion""]"
0,0,"Gsp Post 00","2022-04-07","Mm251 and I-75 Sb","(O) No Injury","Daylight","On Roadway - Non-Intersection","Sideswipe-Same Direction","I-75 Sb","Dry","12:40:00","[""Lap and Shoulder Belt Used"",""Lap and Shoulder Belt Used""]","Clear",0,33.800081,-84.397536,"Atlanta","FULTON","[""Motor Vehicle in Motion"",""Motor Vehicle in Motion""]",,"[""Motor Vehicle in Motion"",""Motor Vehicle in Motion""]"
0,0,"Atlanta Police Department","2022-04-07","Fort St Ne and Andrew Young International Blvd Ne","(O) No Injury","Daylight","On Roadway - Roadway Intersection","Sideswipe-Same Direction","Andrew Young International Blvd Ne","Dry","19:38:00","[""Lap and Shoulder Belt Used"",""Lap and Shoulder Belt Used"",""Lap and Shoulder Belt Used""]","Clear",0,33.760307,-84.378898,"Atlanta","FULTON","[""Motor Vehicle in Motion"",""Motor Vehicle in Motion""]","Disregard Other Traffic Control","[""Motor Vehicle in Motion"",""Motor Vehicle in Motion""]"
0,0,"Atlanta Police Department","2022-04-07","Marietta St Nw and Northside Dr Nw","(C) Possible Injury / Complaint","Daylight","On Roadway - Roadway Intersection","Angle Crash","Marietta St Nw","Dry","07:07:00","[""Lap and Shoulder Belt Used"",""Lap and Shoulder Belt Used"",""Lap and Shoulder Belt Used"",""Lap and Shoulder Belt Used"",""Lap and Shoulder Belt Used""]","Clear",0,33.775867,-84.407,"Atlanta","FULTON","[""Motor Vehicle in Motion"",""Motor Vehicle in Motion""]","Disregard Other Traffic Control","[""Motor Vehicle in Motion"",""Motor Vehicle in Motion""]"
0,0,"Atlanta Police Department","2022-04-07","Boulevard Ne and Highland Ave Ne","(O) No Injury","Daylight","On Roadway - Roadway Intersection","Sideswipe-Opposite Direction","Highland Ave Ne","Dry","15:30:00","[""Lap and Shoulder Belt Used"",""Lap and Shoulder Belt Used"",""Lap and Shoulder Belt Used""]","Clear",0,33.761356,-84.372027,"Atlanta","FULTON","[""Motor Vehicle in Motion"",""Motor Vehicle in Motion""]","[""Disregard Other Traffic Control"",""Disregard Other Traffic Control""]","[""Motor Vehicle in Motion"",""Motor Vehicle in Motion""]"
0,0,"Gsp Post 00","2022-04-07","None and I-75Sb North Of Northside Driv","(O) No Injury","Daylight","On Roadway - Non-Intersection","Sideswipe-Same Direction","I-75Sb North Of Northside Driv","Dry","18:19:00","[""Lap and Shoulder Belt Used"",""Lap and Shoulder Belt Used""]","Clear",0,33.831563,-84.426548,"Atlanta","FULTON","[""Motor Vehicle in Motion"",""Motor Vehicle in Motion""]","Changed Lanes Improperly","[""Motor Vehicle in Motion"",""Motor Vehicle in Motion""]"
0,0,"Atlanta Police Department","2022-04-07","None and Greenbriar Pkwy Sw","(O) No Injury","Dark-Lighted","On Roadway - Non-Intersection","Sideswipe-Same Direction","Greenbriar Pkwy Sw","Dry","21:00:00","[""Unknown"",""Unknown""]","Clear",0,33.690735,-84.489163,"Atlanta","FULTON","[""Motor Vehicle in Motion"",""Motor Vehicle in Motion""]","Changed Lanes Improperly","Motor Vehicle in Motion"
0,0,"Atlanta Police Department","2022-04-07","Casplan St Sw and Metropolitan Pkwy Sw","(C) Possible Injury / Complaint","Daylight","On Roadway - Roadway Intersection","Head On","Casplan St Sw","Dry","18:14:00","[""Lap and Shoulder Belt Used"",""Lap and Shoulder Belt Used"",""Lap and Shoulder Belt Used"",""Lap and Shoulder Belt Used""]","Clear",0,33.707284,-84.408024,"Atlanta","FULTON","[""Motor Vehicle in Motion"",""Motor Vehicle in Motion""]","Failure to Yield","[""Motor Vehicle in Motion"",""Motor Vehicle in Motion""]"
0,0,"Gsp Post 00","2022-04-07","I-7585 South and Mrtin Luther King Junior Drive","(C) Possible Injury / Complaint","Daylight","On Roadway - Non-Intersection","Rear End","I-7585 South","Dry","14:21:00","[""Lap and Shoulder Belt Used"",""Child Restraint System (Properly Used)"",""Child Restraint System (Properly Used)"",""Lap and Shoulder Belt Used"",""Lap and Shoulder Belt Used"",""Lap and Shoulder Belt Used""]","Clear",0,33.751371,-84.380682,"Atlanta","FULTON","[""Motor Vehicle in Motion"",""Motor Vehicle in Motion"",""Motor Vehicle in Motion"",""Motor Vehicle in Motion""]","Following Too Close","[""Motor Vehicle in Motion"",""Motor Vehicle in Motion"",""Motor Vehicle in Motion"",""Motor Vehicle in Motion""]"
0,0,"Atlanta Police Department","2022-04-07","Lakewood Ave Sw and Metropolitan Pkwy Sw","(O) No Injury","Daylight","On Roadway - Non-Intersection","Sideswipe-Same Direction","Lakewood Ave Sw","Dry","10:29:00","[""Unknown"",""Unknown""]","Clear",0,33.697213,-84.408921,"Atlanta","FULTON","[""Motor Vehicle in Motion"",""Motor Vehicle in Motion""]",,"[""Motor Vehicle in Motion"",""Motor Vehicle in Motion""]"
0,0,"Atlanta Police Department","2022-04-07","Mcafee St Nw and North Ave Nw","(O) No Injury","Daylight","On Roadway - Non-Intersection","Angle Crash","North Ave Nw","Dry","17:15:00","[""Unknown"",""Unknown""]","Clear",0,33.771318,-84.394926,"Atlanta","FULTON","[""Motor Vehicle in Motion"",""Motor Vehicle in Motion""]","Misjudged Clearance","[""Motor Vehicle in Motion"",""Motor Vehicle in Motion""]"
0,0,"Atlanta Police Department","2022-04-07","Rockwood Ave Nw and Hamilton E Holmes Dr Nw","(O) No Injury","Dark-Lighted","On Roadway - Roadway Intersection","Head On","Hamilton E Holmes Dr Nw","Wet","00:45:00","[""Lap and Shoulder Belt Used"",""Lap and Shoulder Belt Used""]","Rain",0,33.774703,-84.473666,"Atlanta","FULTON","[""Motor Vehicle in Motion"",""Motor Vehicle in Motion""]","Driver Condition","[""Motor Vehicle in Motion"",""Motor Vehicle in Motion""]"
0,0,"Atlanta Police Department","2022-04-07","Marietta St Nw and Northside Dr Nw","(C) Possible Injury / Complaint","Daylight","On Roadway - Roadway Intersection","Angle Crash","Marietta St Nw","Dry","15:40:00","[""Unknown"",""Unknown""]","Clear",0,33.775867,-84.407,"Atlanta","FULTON","[""Motor Vehicle in Motion"",""Motor Vehicle in Motion""]","Disregard Other Traffic Control","[""Motor Vehicle in Motion"",""Motor Vehicle in Motion""]"
0,0,"Atlanta Police Department","2022-04-07","Hightower Pl Nw and Donald Lee Hollowell Pkwy Nw","(O) No Injury","Daylight","On Roadway - Roadway Intersection","Sideswipe-Opposite Direction","Hightower Pl Nw","Dry","19:31:00","[""Unknown"",""Unknown"",""Unknown"",""Unknown"",""Unknown""]","Clear",0,33.777177,-84.475718,"Atlanta","FULTON","[""Motor Vehicle in Motion"",""Motor Vehicle in Motion""]","Improper Turn","[""Motor Vehicle in Motion"",""Motor Vehicle in Motion""]"
0,0,"Atlanta Police Department","2022-04-07","Flamingo Dr Sw and Benjamin E Mays Dr Sw","(O) No Injury","Dark-Lighted","On Roadway - Roadway Intersection","Angle Crash","Flamingo Dr Sw","Dry","10:50:00","[""Unknown"",""Unknown""]","Clear",0,33.723303,-84.467312,"Atlanta","FULTON","[""Motor Vehicle in Motion"",""Motor Vehicle in Motion""]",,"[""Motor Vehicle in Motion"",""Motor Vehicle in Motion""]"
0,0,"Atlanta Police Department","2022-04-07","Peyton Rd Sw and Hamilton E Holmes Dr Nw","(C) Possible Injury / Complaint","Dark-Lighted","On Roadway - Non-Intersection","Rear End","Hamilton E Holmes Dr Nw","Wet","00:21:00","[""Lap and Shoulder Belt Used"",""Lap and Shoulder Belt Used"",""Lap and Shoulder Belt Used""]","Rain",0,33.751748,-84.466306,"Atlanta","FULTON","[""Motor Vehicle in Motion"",""Motor Vehicle in Motion""]","[""Too Fast for Conditions"",""Following Too Close""]","[""Motor Vehicle in Motion"",""Motor Vehicle in Motion""]"
0,1,"Atlanta Police Department","2022-04-07","Honeysuckle Ln Sw and Centra Villa Dr Sw","(B) Suspected Minor/Visible Injury","Dawn","On Roadway - Roadway Intersection","Angle Crash","Honeysuckle Ln Sw","Dry","20:00:00","[""Lap and Shoulder Belt Used"",""Lap and Shoulder Belt Used""]","Clear",0,33.711198,-84.45476,"Atlanta","FULTON","[""Motor Vehicle in Motion"",""Motor Vehicle in Motion""]","Failure to Yield","[""Motor Vehicle in Motion"",""Motor Vehicle in Motion""]"
0,0,"Gsp Post 00","2022-04-07","I-85S and Sr-400S","(C) Possible Injury / Complaint","Daylight","On Roadway - Non-Intersection","Rear End","I-85S","Dry","17:40:00","[""Lap and Shoulder Belt Used"",""Lap and Shoulder Belt Used""]","Clear",0,33.821465,-84.360365,"Atlanta","FULTON","[""Motor Vehicle in Motion"",""Motor Vehicle in Motion""]","Inattentive or Other Distraction (Distracted)","[""Motor Vehicle in Motion"",""Motor Vehicle in Motion""]"
0,0,"Atlanta Police Department","2022-04-07","None and I-85","(O) No Injury","Dark-Lighted","Median","Not a Collision with Motor Vehicle","I-85","Wet","02:05:00","Unknown","Rain",0,33.683537,-84.410036,"Atlanta","FULTON","Median Barrier","Driver Lost Control","Median Barrier"
0,0,"Atlanta Police Department","2022-04-07","Seminole Ave Ne and Ponce De Leon Ave Ne","(O) No Injury","Daylight","On Roadway - Non-Intersection","Rear End","Ponce De Leon Ave Ne","Dry","15:14:00","[""Unknown"",""Unknown""]","Clear",0,33.773836,-84.351514,"Atlanta","FULTON","[""Motor Vehicle in Motion"",""Motor Vehicle in Motion""]",,"[""Motor Vehicle in Motion"",""Motor Vehicle in Motion""]"
0,0,"Atlanta Police Department","2022-04-07","None and I-75","(O) No Injury","Dark-Not Lighted","On Roadway - Non-Intersection","Sideswipe-Same Direction","I-75","Wet","01:30:00","[""Unknown"",""Lap and Shoulder Belt Used""]","Rain",0,33.736991,-84.392132,"Atlanta","FULTON","[""Motor Vehicle in Motion"",""Motor Vehicle in Motion""]","[""Too Fast for Conditions"",""Driver Lost Control"",""Reckless Driving""]","[""Motor Vehicle in Motion"",""Motor Vehicle in Motion""]"
0,0,"Atlanta Police Department","2022-04-07","14Th St Nw and Hemphill Ave Nw","(O) No Injury","Dark-Lighted","On Roadway - Roadway Intersection","Sideswipe-Same Direction","14Th St Nw","Wet","00:01:00","[""Lap and Shoulder Belt Used"",""Lap and Shoulder Belt Used"",""Lap and Shoulder Belt Used""]","Rain",0,33.786226,-84.406805,"Atlanta","FULTON","[""Motor Vehicle in Motion"",""Motor Vehicle in Motion""]","Improper Turn","[""Motor Vehicle in Motion"",""Motor Vehicle in Motion""]"
0,1,"Atlanta Police Department","2022-04-07","I-75 and University Ave Sw","(B) Suspected Minor/Visible Injury","Daylight","On Roadway - Managed Lane (HOV, HOT, Reversible)","Sideswipe-Same Direction","I-75","Wet","20:11:00","[""None Used"",""None Used"",""None Used"",""None Used""]","Cloudy",0,33.724496,-84.393999,"Atlanta","FULTON","[""Motor Vehicle in Motion"",""Motor Vehicle in Motion""]",,"[""Motor Vehicle in Motion"",""Motor Vehicle in Motion""]"
0,0,"Gsp Post 00","2022-04-07","I-7585 Sb and 14Th Street","(O) No Injury","Daylight","On Roadway - Non-Intersection","Rear End","I-7585 Sb","Wet","08:25:00","[""Unknown"",""Lap and Shoulder Belt Used""]","Clear",0,33.782227,-84.391214,"Atlanta","FULTON","[""Motor Vehicle in Motion"",""Motor Vehicle in Motion""]","Following Too Close","[""Motor Vehicle in Motion"",""Motor Vehicle in Motion""]"
0,0,"Atlanta Police Department","2022-04-07","Faith Ave Se and Moreland Ave Se","(O) No Injury","Daylight","On Roadway - Non-Intersection","Sideswipe-Same Direction","Moreland Ave Se","Dry","09:30:00","[""Lap and Shoulder Belt Used"",""Lap and Shoulder Belt Used"",""Lap and Shoulder Belt Used"",""Lap and Shoulder Belt Used""]","Clear",0,33.743382,-84.349235,"Atlanta","FULTON","[""Motor Vehicle in Motion"",""Motor Vehicle in Motion""]","Changed Lanes Improperly","[""Motor Vehicle in Motion"",""Motor Vehicle in Motion""]"
0,0,"Gsp Post 00","2022-04-07","None and Connn","(O) No Injury","Daylight","On Roadway - Non-Intersection","Rear End","Connn","Dry","08:21:00","[""Lap and Shoulder Belt Used"",""Lap and Shoulder Belt Used""]","Clear",0,33.741264,-84.391574,"Atlanta","FULTON","[""Motor Vehicle in Motion"",""Motor Vehicle in Motion""]","Following Too Close","[""Motor Vehicle in Motion"",""Motor Vehicle in Motion""]"
0,0,"Atlanta Police Department","2022-04-07","Baker Rd Nw and Hamilton E Holmes Dr Nw","(C) Possible Injury / Complaint","Daylight","On Roadway - Roadway Intersection","Angle Crash","Hamilton E Holmes Dr Nw","Dry","13:20:00","[""Unknown"",""Unknown"",""Unknown"",""Unknown"",""Unknown""]","Clear",0,33.769129,-84.471938,"Atlanta","FULTON","[""Motor Vehicle in Motion"",""Motor Vehicle in Motion""]","Failure to Yield","[""Motor Vehicle in Motion"",""Motor Vehicle in Motion""]"
0,0,"Atlanta Police Department","2022-04-07","None and I-85","(C) Possible Injury / Complaint","Dark-Lighted","On Roadway - Non-Intersection","Sideswipe-Same Direction","I-85","Dry","22:01:00","[""Lap and Shoulder Belt Used"",""Lap and Shoulder Belt Used"",""Lap and Shoulder Belt Used""]","Clear",0,33.816287,-84.363463,"Atlanta","FULTON","[""Motor Vehicle in Motion"",""Motor Vehicle in Motion""]","Changed Lanes Improperly","[""Motor Vehicle in Motion"",""Motor Vehicle in Motion""]"
0,0,"Atlanta Police Department","2022-04-07","N Highland Ave Ne and Inman Village Pkwy Ne","(O) No Injury","Dark-Lighted","On Roadway - Non-Intersection","Rear End","Inman Village Pkwy Ne","Dry","21:00:00","None Used","Clear",0,33.761233,-84.359924,"Atlanta","FULTON","[""Motor Vehicle in Motion"",""Parked Motor Vehicle""]","Misjudged Clearance","[""Motor Vehicle in Motion"",""Parked Motor Vehicle""]"