"# Serious Injuries","# Visible Injuries","Agency Name (Crash Level) ","Date","Intersection Name (from Crash Report)","KABCO Severity","Light Conditions (Crash Level)","Location at Impact (Crash Level) ","Manner of Collision (Crash Level) ","Roadway (From Crash Report)","Surface Condition (Crash Level) ","Time","Safety Equipment (Crash Level) ","Weather Conditions (Crash Level)","# of Fatalities per Crash","Latitude","Longitude","Geolocated City","Geolocated County","First Harmful Event (Unit Order)","Operator/Pedestrian Contrib Factor (excl None, Other, No Contrib Factors)","Most Harmful Event (Crash Level)"
0,0,"Gsp Post 00","2022-04-07","Ga-13Sb and Armour Dr","(O) No Injury","Daylight","On Roadway - Non-Intersection","Sideswipe-Same Direction","Ga-13Sb","Dry","10:10:00","[""Lap and Shoulder Belt Used"",""Lap and Shoulder Belt Used""]","Clear",0,33.8106,-84.373149,"Atlanta","FULTON","[""Motor Vehicle in Motion"",""Motor Vehicle in Motion""]","Changed Lanes Improperly","[""Motor Vehicle in Motion"",""Motor Vehicle in Motion""]"
0,0,"Atlanta Police Department","2022-04-07","Sydney St Se and Cherokee Ave Se","(O) No Injury","Daylight","On Roadway - Non-Intersection","Angle Crash","Cherokee Ave Se","Dry","10:47:00","Shoulder Belt Only Used","Clear",0,33.740895,-84.373626,"Atlanta","FULTON","[""Motor Vehicle in Motion"",""Parked Motor Vehicle""]","Improper Passing","[""Motor Vehicle in Motion"",""Parked Motor Vehicle""]"
0,0,"Atlanta Police Department","2022-04-07","North Ave Nw and Northside Dr Nw","(O) No Injury","Daylight","On Roadway - Managed Lane (HOV, HOT, Reversible)","Sideswipe-Same Direction","North Ave Nw","Dry","17:03:00","[""Unknown"",""Unknown""]","Clear",0,33.770006,-84.403819,"Atlanta","FULTON","[""Motor Vehicle in Motion"",""Motor Vehicle in Motion""]","Changed Lanes Improperly","[""Motor Vehicle in Motion"",""Motor Vehicle in Motion""]"
0,0,"Atlanta Police Department","2022-04-07","10Th St Nw and Williams St Nw","(O) No Injury","Daylight","On Roadway - Roadway Intersection","Angle Crash","10Th St Nw","Dry","10:55:00","[""Lap and Shoulder Belt Used"",""Lap and Shoulder Belt Used"",""Lap and Shoulder Belt Used""]","Clear",0,33.781568,-84.390415,"Atlanta","FULTON","[""Motor Vehicle in Motion"",""Motor Vehicle in Motion""]","Disregard Other Traffic Control","[""Motor Vehicle in Motion"",""Motor Vehicle in Motion""]"
0,1,"Atlanta Police Department","2022-04-07","Huff Rd Nw and Howell Mill Rd Nw","(B) Suspected Minor/Visible Injury","Daylight","On Roadway - Roadway Intersection","Sideswipe-Opposite Direction","Huff Rd Nw","Dry","18:30:00","[""Lap and Shoulder Belt Used"",""Lap and Shoulder Belt Used""]","Clear",0,33.787773,-84.411822,"Atlanta","FULTON","[""Motor Vehicle in Motion"",""Motor Vehicle in Motion""]",,"[""Motor Vehicle in Motion"",""Motor Vehicle in Motion""]"
0,0,"Gsp Post 00","2022-04-07","I-85 and Ga 400 North","(O) No Injury","Daylight","On Roadway - Non-Intersection","Sideswipe-Same Direction","Ga 400 North","Dry","15:40:00","[""Lap and Shoulder Belt Used"",""Lap and Shoulder Belt Used""]","Clear",0,33.822212,-84.359186,"Atlanta","FULTON","[""Motor Vehicle in Motion"",""Motor Vehicle in Motion""]","Changed Lanes Improperly","[""Motor Vehicle in Motion"",""Motor Vehicle in Motion""]"
0,0,"Atlanta Police Department","2022-04-07","Cleveland Ave Sw and Metropolitan Pkwy Sw","(O) No Injury","Daylight","On Roadway - Non-Intersection","Rear End","Cleveland Ave Sw","Dry","18:00:00","[""Unknown"",""Unknown""]","Clear",0,33.681296,-84.408502,"Atlanta","FULTON","[""Motor Vehicle in Motion"",""Motor Vehicle in Motion""]","Following Too Close","[""Motor Vehicle in Motion"",""Motor Vehicle in Motion""]"
0,0,"Atlanta Police Department","2022-04-07","17Th St Nw and Spring St Nw","(O) No Injury","Daylight","On Roadway - Roadway Intersection","Rear End","17Th St Nw","Dry","09:48:00","Lap and Shoulder Belt Used","Clear",0,33.791814,-84.3892,"Atlanta","FULTON","[""Motor Vehicle in Motion"",""Parked Motor Vehicle""]","Following Too Close","[""Motor Vehicle in Motion"",""Parked Motor Vehicle""]"
0,0,"Atlanta Police Department","2022-04-07","I-75 N and 17Th St Nw","(O) No Injury","Dark-Lighted","On Shoulder","Not a Collision with Motor Vehicle","17Th St Nw","Wet","00:20:00","[""Lap and Shoulder Belt Used"",""Lap and Shoulder Belt Used""]","Rain",0,33.791863,-84.390539,"Atlanta","FULTON","Motor Vehicle in Motion","Too Fast for Conditions","Motor Vehicle in Motion"
0,0,"Gsp Post 00","2022-04-07","I-20 and I-285 North","(O) No Injury","Daylight","On Roadway - Non-Intersection","Rear End","I-285 North","Dry","16:57:00","[""Lap and Shoulder Belt Used"",""Lap and Shoulder Belt Used"",""Lap and Shoulder Belt Used""]","Clear",0,33.757832,-84.493662,"Atlanta","FULTON","[""Motor Vehicle in Motion"",""Motor Vehicle in Motion""]","Following Too Close","[""Motor Vehicle in Motion"",""Motor Vehicle in Motion""]"
0,0,"Gsp Post 00","2022-04-07","I-85 North and Peachtree St Overpass","(O) No Injury","Daylight","On Roadway - Non-Intersection","Rear End","I-85 North","Dry","11:04:00","[""Lap and Shoulder Belt Used"",""Lap and Shoulder Belt Used""]","Clear",0,33.811147,-84.37068,"Atlanta","FULTON","[""Motor Vehicle in Motion"",""Motor Vehicle in Motion""]","Following Too Close","[""Motor Vehicle in Motion"",""Motor Vehicle in Motion""]"
0,0,"Atlanta Police Department","2022-04-07","None and Jonesboro Rd Se Rp","(O) No Injury","Daylight","Entrance/Exit Ramp","Rear End","Jonesboro Rd Se Rp","Dry","09:37:00","[""Lap and Shoulder Belt Used"",""Lap and Shoulder Belt Used""]","Clear",0,33.650703,-84.366594,"Atlanta","FULTON","[""Motor Vehicle in Motion"",""Motor Vehicle in Motion""]","Misjudged Clearance","[""Motor Vehicle in Motion"",""Motor Vehicle in Motion""]"
0,0,"Atlanta Police Department","2022-04-07","None and I-75","(O) No Injury","Dark-Lighted","On Roadway - Non-Intersection","Angle Crash","I-75","Dry","23:30:00","[""Unknown"",""Unknown""]","Clear",0,33.848676,-84.431056,"Atlanta","FULTON","[""Motor Vehicle in Motion"",""Motor Vehicle in Motion""]","Changed Lanes Improperly","[""Motor Vehicle in Motion"",""Motor Vehicle in Motion""]"
0,0,"Atlanta Police Department","2022-04-07","Bolton Rd Nw and James Jackson Pkwy Nw","(C) Possible Injury / Complaint","Daylight","On Roadway - Roadway Intersection","Sideswipe-Same Direction","James Jackson Pkwy Nw","Dry","17:00:00","[""Unknown"",""Lap and Shoulder Belt Used""]","Clear",0,33.810856,-84.476416,"Atlanta","FULTON","[""Motor Vehicle in Motion"",""Motor Vehicle in Motion""]","Changed Lanes Improperly","[""Motor Vehicle in Motion"",""Motor Vehicle in Motion""]"
0,0,"Atlanta Police Department","2022-04-08","Wieuca Rd Ne and Peachtree Rd Ne","(O) No Injury","Daylight","On Roadway - Roadway Intersection","Angle Crash","Wieuca Rd Ne","Dry","13:37:00","[""Unknown"",""Unknown""]","Clear",0,33.853647,-84.359564,"Atlanta","FULTON","[""Motor Vehicle in Motion"",""Motor Vehicle in Motion""]","Failure to Yield","[""Motor Vehicle in Motion"",""Motor Vehicle in Motion""]"
0,0,"Atlanta Police Department","2022-04-08","Metropolitan Pkwy Sw and Ralph David Abernathy Blvd Sw","(O) No Injury","Dark-Lighted","On Roadway - Roadway Intersection","Sideswipe-Same Direction","Ralph David Abernathy Blvd Sw","Dry","21:35:00","[""Unknown"",""Unknown""]","Clear",0,33.738226,-84.408396,"Atlanta","FULTON","[""Motor Vehicle in Motion"",""Motor Vehicle in Motion""]","Improper Turn","Motor Vehicle in Motion"
0,0,"Gsp Post 00","2022-04-08","Mt Paran and I-75 Northbound","(O) No Injury","Daylight","On Roadway - Non-Intersection","Rear End","I-75 Northbound","Dry","17:44:00","[""Lap and Shoulder Belt Used"",""Lap and Shoulder Belt Used""]","Cloudy",0,33.865393,-84.439758,"Atlanta","FULTON","[""Motor Vehicle in Motion"",""Motor Vehicle in Motion""]","Following Too Close","[""Motor Vehicle in Motion"",""Motor Vehicle in Motion""]"
0,0,"Atlanta Police Department","2022-04-08","Boulevard Se and Hansell St Se","(O) No Injury","Daylight","On Roadway - Roadway Intersection","Angle Crash","Hansell St Se","Dry","18:45:00","[""Unknown"",""Unknown""]","Clear",0,33.740134,-84.368167,"Atlanta","FULTON","[""Motor Vehicle in Motion"",""Motor Vehicle in Motion""]","Improper Turn","[""Motor Vehicle in Motion"",""Motor Vehicle in Motion""]"
0,0,"Gsp Post 00","2022-04-08","Edgewood and I-7585 Nb","(O) No Injury","Daylight","On Roadway - Non-Intersection","Rear End","I-7585 Nb","Dry","07:36:00","[""Lap and Shoulder Belt Used"",""Lap and Shoulder Belt Used""]","Clear",0,33.748357,-84.385302,"Atlanta","FULTON","[""Motor Vehicle in Motion"",""Motor Vehicle in Motion""]","Following Too Close","[""Motor Vehicle in Motion"",""Motor Vehicle in Motion""]"
0,0,"Atlanta Police Department","2022-04-08","Monroe Dr Ne and Ponce De Leon Ave Ne","(O) No Injury","Daylight","On Roadway - Roadway Intersection","Angle Crash","Monroe Dr Ne","Dry","10:50:00","[""Lap and Shoulder Belt Used"",""Lap and Shoulder Belt Used"",""Lap and Shoulder Belt Used""]","Clear",0,33.773663,-84.370914,"Atlanta","FULTON","[""Motor Vehicle in Motion"",""Motor Vehicle in Motion""]","Misjudged Clearance","[""Motor Vehicle in Motion"",""Motor Vehicle in Motion""]"
0,0,"Atlanta Police Department","2022-04-08","Hamilton E Holmes Dr Nw and Donald Lee Hollowell Pkwy Nw","(C) Possible Injury / Complaint","Dark-Lighted","On Roadway - Roadway Intersection","Rear End","Hamilton E Holmes Dr Nw","Dry","21:30:00","[""Unknown"",""Lap and Shoulder Belt Used"",""Lap and Shoulder Belt Used""]","Clear",0,33.775839,-84.47373,"Atlanta","FULTON","[""Motor Vehicle in Motion"",""Motor Vehicle in Motion""]","Following Too Close","[""Motor Vehicle in Motion"",""Motor Vehicle in Motion""]"
0,0,"Atlanta Police Department","2022-04-08","Barnett St Ne and Ponce De Leon Ave Ne","(O) No Injury","Daylight","On Roadway - Roadway Intersection","Angle Crash","Barnett St Ne","Dry","16:30:00","[""None Used"",""None Used""]","Clear",0,33.773821,-84.358756,"Atlanta","FULTON","[""Motor Vehicle in Motion"",""Motor Vehicle in Motion""]",,"[""Motor Vehicle in Motion"",""Motor Vehicle in Motion""]"
0,0,"Atlanta Police Department","2022-04-08","10Th St Ne and Myrtle St Ne","(C) Possible Injury / Complaint","Daylight","On Roadway - Roadway Intersection","Angle Crash","10Th St Ne","Dry","17:30:00","[""Unknown"",""Unknown""]","Cloudy",0,33.781788,-84.379385,"Atlanta","FULTON","[""Motor Vehicle in Motion"",""Motor Vehicle in Motion""]","Failure to Yield","[""Motor Vehicle in Motion"",""Motor Vehicle in Motion""]"
0,0,"Atlanta Police Department","2022-04-08","12Th St Ne and Piedmont Ave Ne","(O) No Injury","Dark-Lighted","On Roadway - Roadway Intersection","Sideswipe-Same Direction","Piedmont Ave Ne","Dry","00:00:00","[""Lap and Shoulder Belt Used"",""Lap and Shoulder Belt Used""]","Clear",0,33.783315,-84.379576,"Atlanta","FULTON","[""Motor Vehicle in Motion"",""Motor Vehicle in Motion""]","Changed Lanes Improperly","[""Motor Vehicle in Motion"",""Motor Vehicle in Motion""]"
0,0,"Atlanta Police Department","2022-04-08","Lorenzo Dr Sw and Campbellton Rd Sw","(O) No Injury","Daylight","On Roadway - Non-Intersection","Angle Crash","Campbellton Rd Sw","Dry","17:10:00","[""Lap and Shoulder Belt Used"",""Lap and Shoulder Belt Used"",""Lap and Shoulder Belt Used"",""Lap and Shoulder Belt Used""]","Clear",0,33.715227,-84.432374,"Atlanta","FULTON","[""Motor Vehicle in Motion"",""Motor Vehicle in Motion""]","Improper Backing","[""Motor Vehicle in Motion"",""Motor Vehicle in Motion""]"
0,0,"Atlanta Police Department","2022-04-08","None and I-75","(C) Possible Injury / Complaint","Dark-Lighted","On Roadway - Non-Intersection","Rear End","I-75","Dry","23:00:00","[""Unknown"",""Unknown"",""Unknown""]","Clear",0,33.748931,-84.383889,"Atlanta","FULTON","[""Motor Vehicle in Motion"",""Motor Vehicle in Motion""]",,"[""Motor Vehicle in Motion"",""Motor Vehicle in Motion""]"
0,0,"Atlanta Police Department","2022-04-08","W Andrews Dr Nw and W Paces Ferry Rd Nw","(O) No Injury","Daylight","On Roadway - Roadway Intersection","Rear End","W Andrews Dr Nw","Dry","10:00:00","[""Unknown"",""Unknown""]","Clear",0,33.844146,-84.392967,"Atlanta","FULTON","[""Motor Vehicle in Motion"",""Motor Vehicle in Motion""]","Following Too Close","[""Motor Vehicle in Motion"",""Motor Vehicle in Motion""]"
0,0,"Atlanta Police Department","2022-04-08","Fairview Rd Ne and Moreland Ave Ne","(O) No Injury","Daylight","On Roadway - Driveway Intersection","Sideswipe-Same Direction","Moreland Ave Ne","Dry","14:30:00","[""None Used"",""None Used"",""None Used""]","Clear",0,33.772324,-84.348995,"Atlanta","FULTON","[""Motor Vehicle in Motion"",""Motor Vehicle in Motion""]",,"[""Motor Vehicle in Motion"",""Motor Vehicle in Motion""]"
0,0,"Gsp Post 00","2022-04-08","Northside Drive and Interstate 75 South","(C) Possible Injury / Complaint","Daylight","On Roadway - Non-Intersection","Rear End","Interstate 75 South","Dry","15:30:00","[""Lap and Shoulder Belt Used"",""Lap and Shoulder Belt Used""]","Clear",0,33.861953,-84.437069,"Atlanta","FULTON","[""Motor Vehicle in Motion"",""Motor Vehicle in Motion""]","Following Too Close","[""Motor Vehicle in Motion"",""Motor Vehicle in Motion""]"
0,0,"Atlanta Police Department","2022-04-08","14Th St Nw and Northside Dr Nw","(O) No Injury","Daylight","On Roadway - Roadway Intersection","Angle Crash","Northside Dr Nw","Dry","13:13:00","[""Lap and Shoulder Belt Used"",""Lap and Shoulder Belt Used""]","Clear",0,33.785546,-84.40745,"Atlanta","FULTON","[""Motor Vehicle in Motion"",""Motor Vehicle in Motion""]","Failure to Yield","[""Motor Vehicle in Motion"",""Motor Vehicle in Motion""]"
0,0,"Atlanta Police Department","2022-04-08","None and I-285","(O) No Injury","Dark-Not Lighted","On Roadway - Non-Intersection","Rear End","I-285","Dry","06:00:00","[""Unknown"",""Lap Belt Only Used""]","Clear",0,33.746805,-84.498005,"Atlanta","FULTON","[""Motor Vehicle in Motion"",""Motor Vehicle in Motion""]","Too Fast for Conditions","[""Motor Vehicle in Motion"",""Motor Vehicle in Motion""]"
0,1,"Gsp Post 00","2022-04-08","I-85Sb and Armour Dr","(B) Suspected Minor/Visible Injury","Daylight","On Roadway - Non-Intersection","Rear End","I-85Sb","Dry","14:10:00","[""Lap and Shoulder Belt Used"",""Lap and Shoulder Belt Used""]","Cloudy",0,33.811222,-84.372429,"Atlanta","FULTON","[""Motor Vehicle in Motion"",""Motor Vehicle in Motion""]","Inattentive or Other Distraction (Distracted)","[""Motor Vehicle in Motion"",""Motor Vehicle in Motion""]"
0,0,"Gsp Post 00","2022-04-08","I-20 Eb and Mcdaniel Street","(O) No Injury","Daylight","On Roadway - Non-Intersection","Sideswipe-Same Direction","I-20 Eb","Dry","19:03:00","[""Lap and Shoulder Belt Used"",""Lap and Shoulder Belt Used"",""Lap and Shoulder Belt Used"",""Lap and Shoulder Belt Used"",""Lap and Shoulder Belt Used""]","Clear",0,33.742126,-84.404558,"Atlanta","FULTON","[""Motor Vehicle in Motion"",""Motor Vehicle in Motion""]","Changed Lanes Improperly","[""Motor Vehicle in Motion"",""Motor Vehicle in Motion""]"
0,0,"Atlanta Police Department","2022-04-08","Wieuca Rd Ne and W Wieuca Rd Ne","(C) Possible Injury / Complaint","Daylight","On Roadway - Roadway Intersection","Angle Crash","Wieuca Rd Ne","Dry","10:30:00","[""Unknown"",""Unknown""]","Clear",0,33.87314,-84.375675,"Atlanta","FULTON","[""Motor Vehicle in Motion"",""Motor Vehicle in Motion""]","Failure to Yield","[""Motor Vehicle in Motion"",""Motor Vehicle in Motion""]"
0,0,"Atlanta Police Department","2022-04-08","N Pelham Rd Ne and E Morningside Dr Ne","(O) No Injury","Daylight","On Roadway - Roadway Intersection","Angle Crash","E Morningside Dr Ne","Dry","09:05:00","[""Unknown"",""Unknown""]","Clear",0,33.797933,-84.359335,"Atlanta","FULTON","[""Motor Vehicle in Motion"",""Motor Vehicle in Motion""]","Disregard Stop Sign/Signal","[""Motor Vehicle in Motion"",""Motor Vehicle in Motion""]"
0,0,"Gsp Post 00","2022-04-08","Ga 13 and I-85 South","(C) Possible Injury / Complaint","Daylight","On Roadway - Non-Intersection","Rear End","I-85 South","Dry","14:56:00","[""Lap and Shoulder Belt Used"",""Lap and Shoulder Belt Used""]","Cloudy",0,33.803412,-84.385175,"Atlanta","FULTON","[""Motor Vehicle in Motion"",""Motor Vehicle in Motion""]","Following Too Close","[""Motor Vehicle in Motion"",""Motor Vehicle in Motion""]"
0,0,"Atlanta Police Department","2022-04-08","Midway St Se and Jonesboro Rd Se","(O) No Injury","Daylight","On Roadway - Roadway Intersection","Angle Crash","Jonesboro Rd Se","Dry","12:00:00","[""Lap and Shoulder Belt Used"",""Lap and Shoulder Belt Used""]","Clear",0,33.689919,-84.36412,"Atlanta","FULTON","[""Motor Vehicle in Motion"",""Motor Vehicle in Motion""]","Failure to Yield","[""Motor Vehicle in Motion"",""Motor Vehicle in Motion""]"
0,0,"Gsp Post 00","2022-04-08","I-20 W and H E Holmes","(C) Possible Injury / Complaint","Daylight","On Roadway - Non-Intersection","Rear End","I-20 W","Dry","15:50:00","[""Lap and Shoulder Belt Used"",""Lap and Shoulder Belt Used""]","Clear",0,33.758468,-84.47292,"Atlanta","FULTON","[""Motor Vehicle in Motion"",""Motor Vehicle in Motion""]","Following Too Close","[""Motor Vehicle in Motion"",""Motor Vehicle in Motion""]"
0,0,"Atlanta Police Department","2022-04-08","Irby Ave Nw and Roswell Rd Ne","(C) Possible Injury / Complaint","Daylight","On Roadway - Roadway Intersection","Angle Crash","Roswell Rd Ne","Dry","18:00:00","[""Lap and Shoulder Belt Used"",""Lap and Shoulder Belt Used""]","Cloudy",0,33.84123,-84.379111,"Atlanta","FULTON","[""Motor Vehicle in Motion"",""Motor Vehicle in Motion""]","Failure to Yield","[""Motor Vehicle in Motion"",""Motor Vehicle in Motion""]"
0,0,"Atlanta Police Department","2022-04-08","14Th St Nw and Francis St Nw","(O) No Injury","Daylight","On Roadway - Non-Intersection","Not a Collision with Motor Vehicle","14Th St Nw","Dry","11:00:00","None Used","Clear",0,33.786215,-84.404236,"Atlanta","FULTON","Other Non-Collision","Changed Lanes Improperly","Utility Pole"
0,0,"Atlanta Police Department","2022-04-08","Rockwood Ave Nw and Hamilton E Holmes Dr Nw","(C) Possible Injury / Complaint","Daylight","On Roadway - Driveway Intersection","Rear End","Hamilton E Holmes Dr Nw","Water (standing or moving)","10:50:00","[""Unknown"",""Unknown"",""Unknown"",""Unknown""]","Rain",0,33.774293,-84.473645,"Atlanta","FULTON","[""Motor Vehicle in Motion"",""Motor Vehicle in Motion"",""Motor Vehicle in Motion"",""Motor Vehicle in Motion""]","Following Too Close","[""Motor Vehicle in Motion"",""Motor Vehicle in Motion"",""Motor Vehicle in Motion"",""Motor Vehicle in Motion""]"
0,0,"Atlanta Police Department","2022-04-08","I-75 S and Fulton St Sw","(C) Possible Injury / Complaint","Dark-Not Lighted","Entrance/Exit Ramp","Rear End","Fulton St Sw","Dry","23:45:00","[""Unknown"",""Unknown"",""Unknown""]","Clear",0,33.741941,-84.392228,"Atlanta","FULTON","[""Motor Vehicle in Motion"",""Motor Vehicle in Motion"",""Motor Vehicle in Motion""]","[""Driver Condition"",""Following Too Close""]","[""Motor Vehicle in Motion"",""Motor Vehicle in Motion"",""Motor Vehicle in Motion""]"
0,0,"Gsp Post 00","2022-04-08","Buford Hwy and I-85 North","(O) No Injury","Daylight","On Roadway - Non-Intersection","Rear End","I-85 North","Dry","07:52:00","[""Lap and Shoulder Belt Used"",""Lap and Shoulder Belt Used"",""Lap and Shoulder Belt Used""]","Clear",0,33.817336,-84.362319,"Atlanta","FULTON","[""Motor Vehicle in Motion"",""Motor Vehicle in Motion"",""Other Object (Not Fixed)""]","Following Too Close","[""Motor Vehicle in Motion"",""Motor Vehicle in Motion"",""Impact Attenuate""]"
0,0,"Gsp Post 00","2022-04-08","I-75 S and Deering Rd","(O) No Injury","Daylight","On Roadway - Non-Intersection","Rear End","I-75 S","Dry","14:20:00","[""Lap and Shoulder Belt Used"",""Lap and Shoulder Belt Used""]","Cloudy",0,33.797503,-84.39561,"Atlanta","FULTON","[""Motor Vehicle in Motion"",""Motor Vehicle in Motion""]","Following Too Close","[""Motor Vehicle in Motion"",""Motor Vehicle in Motion""]"
0,0,"Atlanta Police Department","2022-04-08","Spring St Nw and Ponce De Leon Ave Nw","(O) No Injury","Dark-Lighted","On Roadway - Roadway Intersection","Angle Crash","Ponce De Leon Ave Nw","Dry","02:57:00","[""Lap and Shoulder Belt Used"",""Lap and Shoulder Belt Used"",""Lap and Shoulder Belt Used""]","Cloudy",0,33.772394,-84.388841,"Atlanta","FULTON","[""Motor Vehicle in Motion"",""Motor Vehicle in Motion""]","Improper Turn","[""Motor Vehicle in Motion"",""Motor Vehicle in Motion""]"
0,0,"Atlanta Police Department","2022-04-08","W Wesley Rd Nw and Moores Mill Rd Nw","(C) Possible Injury / Complaint","Dark-Lighted","On Roadway - Non-Intersection","Angle Crash","Moores Mill Rd Nw","Dry","21:00:00","[""Unknown"",""Unknown""]","Cloudy",0,33.830288,-84.43167,"Atlanta","FULTON","[""Motor Vehicle in Motion"",""Motor Vehicle in Motion""]","[""Reckless Driving"",""Under the Influence (U.I.)""]","[""Motor Vehicle in Motion"",""Motor Vehicle in Motion""]"
0,0,"Gsp Post 00","2022-04-08","I-285Sb and Hollowell Pkwy.","(O) No Injury","Daylight","On Roadway - Non-Intersection","Sideswipe-Same Direction","I-285Sb","Dry","10:12:00","[""Lap and Shoulder Belt Used"",""Lap and Shoulder Belt Used""]","Clear",0,33.784474,-84.495107,"Atlanta","FULTON","[""Motor Vehicle in Motion"",""Motor Vehicle in Motion""]","Misjudged Clearance","[""Motor Vehicle in Motion"",""Motor Vehicle in Motion""]"
0,0,"Atlanta Police Department","2022-04-08","None and Highland Ter Ne","(O) No Injury","Daylight","On Roadway - Driveway Intersection","Angle Crash","Highland Ter Ne","Dry","13:52:00","Unknown","Cloudy",0,33.785949,-84.357298,"Atlanta","FULTON","[""Motor Vehicle in Motion"",""Motor Vehicle in Motion""]",,"[""Motor Vehicle in Motion"",""Motor Vehicle in Motion""]"
0,0,"Gsp Post 00","2022-04-08","None and Martin Luther King Jr. Ramp To","(O) No Injury","Daylight","Entrance/Exit Ramp","Rear End","Martin Luther King Jr. Ramp To","Dry","10:07:00","[""Lap and Shoulder Belt Used"",""Lap and Shoulder Belt Used""]","Clear",0,33.748844,-84.441858,"Atlanta","FULTON","[""Motor Vehicle in Motion"",""Motor Vehicle in Motion""]","Following Too Close","[""Motor Vehicle in Motion"",""Motor Vehicle in Motion""]"
0,0,"Atlanta Police Department","2022-04-08","Spring St Nw and North Ave Nw","(O) No Injury","Daylight","On Roadway - Managed Lane (HOV, HOT, Reversible)","Angle Crash","North Ave Nw","Dry","19:29:00","[""Unknown"",""Unknown""]","Clear",0,33.771239,-84.388836,"Atlanta","FULTON","[""Motor Vehicle in Motion"",""Motor Vehicle in Motion""]",,"[""Motor Vehicle in Motion"",""Motor Vehicle in Motion""]"
0,0,"Atlanta Police Department","2022-04-08","Willow Trl Sw and Wichita Dr Sw","(O) No Injury","Dark-Lighted","On Shoulder","Rear End","Wichita Dr Sw","Dry","04:00:00","[""Unknown"",""Unknown""]","Clear",0,33.72092,-84.439915,"Atlanta","FULTON","[""Motor Vehicle in Motion"",""Guard Rail Face""]","Misjudged Clearance","[""Motor Vehicle in Motion"",""Parked Motor Vehicle""]"
0,0,"Atlanta Police Department","2022-04-08","John Portman Blvd Ne and Peachtree Center Ave Ne","(O) No Injury","Daylight","On Roadway - Non-Intersection","Sideswipe-Same Direction","Peachtree Center Ave Ne","Dry","14:30:00","[""Lap and Shoulder Belt Used"",""Lap and Shoulder Belt Used""]","Clear",0,33.761313,-84.386034,"Atlanta","FULTON","[""Motor Vehicle in Motion"",""Motor Vehicle in Motion""]",,"[""Motor Vehicle in Motion"",""Motor Vehicle in Motion""]"
0,0,"Atlanta Police Department","2022-04-08","Ellis St Nw and Peachtree St Ne","(O) No Injury","Daylight","On Roadway - Roadway Intersection","Sideswipe-Same Direction","Ellis St Nw","Dry","12:35:00","[""Lap and Shoulder Belt Used"",""Lap and Shoulder Belt Used""]","Clear",0,33.758425,-84.387608,"Atlanta","FULTON","[""Motor Vehicle in Motion"",""Motor Vehicle in Motion""]",,"[""Motor Vehicle in Motion"",""Motor Vehicle in Motion""]"
0,0,"Atlanta Police Department","2022-04-08","Wall St Se and Pryor St Se","(O) No Injury","Dark-Lighted","On Roadway - Non-Intersection","Sideswipe-Same Direction","Pryor St Se","Dry","22:06:00","[""Unknown"",""Unknown""]","Clear",0,33.753256,-84.389422,"Atlanta","FULTON","[""Motor Vehicle in Motion"",""Motor Vehicle in Motion""]",,"[""Motor Vehicle in Motion"",""Motor Vehicle in Motion""]"
0,0,"Gsp Post 00","2022-04-08","I-20 and I-285Sb","(O) No Injury","Daylight","On Roadway - Non-Intersection","Rear End","I-285Sb","Dry","08:55:00","[""Lap and Shoulder Belt Used"",""Lap and Shoulder Belt Used""]","Clear",0,33.769076,-84.495091,"Atlanta","FULTON","[""Motor Vehicle in Motion"",""Motor Vehicle in Motion""]","Following Too Close","[""Motor Vehicle in Motion"",""Motor Vehicle in Motion""]"
0,0,"Atlanta Police Department","2022-04-08","6Th St Ne and Peachtree St Ne","(O) No Injury","Daylight","On Roadway - Managed Lane (HOV, HOT, Reversible)","Angle Crash","Peachtree St Ne","Dry","15:37:00","[""Unknown"",""Unknown""]","Clear",0,33.777659,-84.384388,"Atlanta","FULTON","[""Motor Vehicle in Motion"",""Motor Vehicle in Motion""]","Failure to Yield","[""Motor Vehicle in Motion"",""Motor Vehicle in Motion""]"
0,0,"Emory Police Department","2022-04-08","Clifton Rd and Michael St","(O) No Injury","Daylight","On Roadway - Roadway Intersection","Not a Collision with Motor Vehicle","Michael St","Dry","17:00:00","[""Unknown"",""Unknown"",""Unknown""]","Clear",0,33.795684,-84.321612,"Atlanta","DEKALB","[""Pedestrian"",""Motor Vehicle in Motion"",""Motor Vehicle in Motion""]",,"Pedestrian"
0,0,"Atlanta Police Department","2022-04-08","10Th St Ne and W Peachtree St Nw","(O) No Injury","Dark-Lighted","On Roadway - Roadway Intersection","Rear End","W Peachtree St Nw","Dry","00:00:00","[""Lap and Shoulder Belt Used"",""Lap and Shoulder Belt Used""]","Clear",0,33.781479,-84.387797,"Atlanta","FULTON","[""Motor Vehicle in Motion"",""Motor Vehicle in Motion""]","Following Too Close","[""Motor Vehicle in Motion"",""Motor Vehicle in Motion""]"
0,0,"Atlanta Police Department","2022-04-08","3Rd St Ne and Peachtree St Ne","(O) No Injury","Daylight","On Roadway - Roadway Intersection","Rear End","3Rd St Ne","Dry","23:30:00","[""Lap and Shoulder Belt Used"",""Lap and Shoulder Belt Used""]","Clear",0,33.77368,-84.384774,"Atlanta","FULTON","[""Motor Vehicle in Motion"",""Parked Motor Vehicle""]","Following Too Close","[""Motor Vehicle in Motion"",""Parked Motor Vehicle""]"