"# Serious Injuries","# Visible Injuries","Agency Name (Crash Level) ","Date","Intersection Name (from Crash Report)","KABCO Severity","Light Conditions (Crash Level)","Location at Impact (Crash Level) ","Manner of Collision (Crash Level) ","Roadway (From Crash Report)","Surface Condition (Crash Level) ","Time","Safety Equipment (Crash Level) ","Weather Conditions (Crash Level)","# of Fatalities per Crash","Latitude","Longitude","Geolocated City","Geolocated County","First Harmful Event (Unit Order)","Operator/Pedestrian Contrib Factor (excl None, Other, No Contrib Factors)","Most Harmful Event (Crash Level)"
0,0,"Gsp Post 00","2022-04-15","I-20 West and Hill Street","(C) Possible Injury / Complaint","Daylight","Median","Rear End","I-20 West","Dry","07:53:00","[""Lap and Shoulder Belt Used"",""Lap and Shoulder Belt Used""]","Clear",0,33.743443,-84.382248,"Atlanta","FULTON","Median Barrier","[""Driver Lost Control"",""Following Too Close""]","Median Barrier"
0,0,"Atlanta Police Department","2022-04-15","Perry Blvd Nw and W Highland Dr Nw","(O) No Injury","Daylight","On Roadway - Non-Intersection","Rear End","Perry Blvd Nw","Dry","12:00:00","[""None Used"",""None Used""]","Clear",0,33.793748,-84.447507,"Atlanta","FULTON","[""Motor Vehicle in Motion"",""Motor Vehicle in Motion""]","[""Following Too Close"",""Following Too Close""]","[""Motor Vehicle in Motion"",""Motor Vehicle in Motion""]"
0,0,"Atlanta Police Department","2022-04-15","Allegro Dr Nw and Symphony Ln Nw","(C) Possible Injury / Complaint","Daylight","On Roadway - Roadway Intersection","Angle Crash","Allegro Dr Nw","Dry","16:08:00","[""Lap and Shoulder Belt Used"",""None Used"",""None Used"",""None Used"",""None Used"",""None Used"",""None Used"",""None Used"",""None Used"",""None Used"",""None Used"",""None Used"",""None Used"",""None Used"",""None Used"",""Lap and Shoulder Belt Used"",""None Used"",""None Used"",""None Used"",""None Used"",""None Used"",""None Used""]","Clear",0,33.774721,-84.482258,"Atlanta","FULTON","[""Motor Vehicle in Motion"",""Motor Vehicle in Motion""]","Failure to Yield","[""Motor Vehicle in Motion"",""Motor Vehicle in Motion""]"
0,0,"Atlanta Police Department","2022-04-15","Ellis St Ne and Piedmont Ave Ne","(O) No Injury","Daylight","On Roadway - Roadway Intersection","Angle Crash","Ellis St Ne","Dry","17:43:00","[""Unknown"",""Unknown"",""Unknown"",""Unknown""]","Clear",0,33.758354,-84.382208,"Atlanta","FULTON","[""Motor Vehicle in Motion"",""Motor Vehicle in Motion""]","Changed Lanes Improperly","[""Motor Vehicle in Motion"",""Motor Vehicle in Motion""]"
0,0,"Atlanta Police Department","2022-04-15","Wilson Ave Nw and Martin Luther King Jr Dr Sw","(O) No Injury","Daylight","On Roadway - Non-Intersection","Sideswipe-Same Direction","Martin Luther King Jr Dr Sw","Dry","12:29:00","[""Unknown"",""Lap and Shoulder Belt Used""]","Clear",0,33.750389,-84.457288,"Atlanta","FULTON","[""Motor Vehicle in Motion"",""Motor Vehicle in Motion""]","Changed Lanes Improperly","[""Motor Vehicle in Motion"",""Motor Vehicle in Motion""]"
0,0,"Gsp Post 00","2022-04-15","I-20 and I-285Sb","(O) No Injury","Daylight","On Roadway - Non-Intersection","Rear End","I-285Sb","Dry","18:25:00","[""Lap and Shoulder Belt Used"",""Lap and Shoulder Belt Used""]","Clear",0,33.767323,-84.494487,"Atlanta","FULTON","[""Motor Vehicle in Motion"",""Motor Vehicle in Motion""]","Following Too Close","[""Motor Vehicle in Motion"",""Motor Vehicle in Motion""]"
0,0,"Gsp Post 00","2022-04-15","I-75/85 and I-20 Wb","(O) No Injury","Daylight","On Roadway - Non-Intersection","Sideswipe-Same Direction","I-20 Wb","Dry","08:05:00","[""Lap and Shoulder Belt Used"",""Lap and Shoulder Belt Used""]","Clear",0,33.743437,-84.384096,"Atlanta","FULTON","[""Motor Vehicle in Motion"",""Motor Vehicle in Motion""]","Changed Lanes Improperly","[""Motor Vehicle in Motion"",""Motor Vehicle in Motion""]"
0,0,"Atlanta Police Department","2022-04-15","Lee St Sw and West End Ave Sw","(C) Possible Injury / Complaint","Daylight","On Roadway - Driveway Intersection","Angle Crash","Lee St Sw","Dry","17:20:00","[""Lap and Shoulder Belt Used"",""Lap and Shoulder Belt Used"",""Lap and Shoulder Belt Used""]","Clear",0,33.744359,-84.413966,"Atlanta","FULTON","[""Motor Vehicle in Motion"",""Motor Vehicle in Motion""]","Failure to Yield","[""Motor Vehicle in Motion"",""Motor Vehicle in Motion""]"
0,0,"Atlanta Police Department","2022-04-15","Marietta St Nw and Ted Turner Dr Nw","(C) Possible Injury / Complaint","Daylight","On Roadway - Roadway Intersection","Sideswipe-Same Direction","Ted Turner Dr Nw","Dry","13:34:00","[""Unknown"",""Unknown"",""Unknown""]","Clear",0,33.756801,-84.392939,"Atlanta","FULTON","[""Motor Vehicle in Motion"",""Motor Vehicle in Motion""]","Changed Lanes Improperly","[""Motor Vehicle in Motion"",""Motor Vehicle in Motion""]"
1,0,"Atlanta Police Department","2022-04-15","Sylvan Rd Sw and Langford Pkwy","(A) Suspected Serious Injury","Daylight","On Roadway - Roadway Intersection","Angle Crash","Sylvan Rd Sw","Dry","13:48:00","[""Unknown"",""Unknown"",""Lap and Shoulder Belt Used""]","Cloudy",0,33.698164,-84.418328,"Atlanta","FULTON","[""Motor Vehicle in Motion"",""Motor Vehicle in Motion""]","Disregard Stop Sign/Signal","[""Motor Vehicle in Motion"",""Motor Vehicle in Motion""]"
0,0,"Atlanta Police Department","2022-04-15","Peachtree Pl Nw and W Peachtree St Nw","(O) No Injury","Daylight","On Roadway - Non-Intersection","Sideswipe-Opposite Direction","Peachtree Pl Nw","Dry","16:40:00","[""Unknown"",""Unknown""]","Clear",0,33.780654,-84.388211,"Atlanta","FULTON","[""Motor Vehicle in Motion"",""Motor Vehicle in Motion""]",,"[""Motor Vehicle in Motion"",""Motor Vehicle in Motion""]"
0,1,"Gsp Post 00","2022-04-15","I-75 S and Peachtree Battle Avenue","(K) Fatal Injury","Dusk","On Roadway - Non-Intersection","Rear End","I-75 S","Dry","19:44:00","[""Lap Belt Only Used"",""Lap and Shoulder Belt Used"",""Lap and Shoulder Belt Used""]","Clear",2,33.812576,-84.420369,"Atlanta","FULTON","[""Motor Vehicle in Motion"",""Motor Vehicle in Motion""]",,"[""Motor Vehicle in Motion"",""Motor Vehicle in Motion""]"
0,0,"Atlanta Police Department","2022-04-15","Yonkers Ave Nw and Chicago Ave Nw","(O) No Injury","Daylight","On Roadway - Non-Intersection","Angle Crash","Chicago Ave Nw","Dry","15:53:00","[""Unknown"",""Unknown"",""Child Restraint System (Properly Used)""]","Clear",0,33.764647,-84.453987,"Atlanta","FULTON","[""Motor Vehicle in Motion"",""Motor Vehicle in Motion""]","Failure to Yield","[""Motor Vehicle in Motion"",""Motor Vehicle in Motion""]"
0,0,"Gsp Post 00","2022-04-15","14Th St and I-75I-85Sb","(O) No Injury","Daylight","On Roadway - Non-Intersection","Rear End","I-75I-85Sb","Dry","16:30:00","[""Lap and Shoulder Belt Used"",""Lap and Shoulder Belt Used""]","Clear",0,33.782488,-84.391215,"Atlanta","FULTON","[""Motor Vehicle in Motion"",""Motor Vehicle in Motion""]","Following Too Close","[""Motor Vehicle in Motion"",""Motor Vehicle in Motion""]"
0,0,"Gsp Post 00","2022-04-15","I-7585 Sb and 14Th Street","(O) No Injury","Daylight","On Roadway - Non-Intersection","Sideswipe-Same Direction","I-7585 Sb","Dry","12:20:00","[""Lap and Shoulder Belt Used"",""Lap and Shoulder Belt Used""]","Clear",0,33.7849,-84.391817,"Atlanta","FULTON","[""Motor Vehicle in Motion"",""Motor Vehicle in Motion""]","Changed Lanes Improperly","[""Motor Vehicle in Motion"",""Motor Vehicle in Motion""]"
0,0,"Atlanta Police Department","2022-04-15","I-75 and Howell Mill Rd Nw","(O) No Injury","Dark-Lighted","On Roadway - Roadway Intersection","Angle Crash","I-75","Dry","22:10:00","[""Unknown"",""Unknown"",""Unknown"",""Unknown"",""Unknown""]","Clear",0,33.805364,-84.413207,"Atlanta","FULTON","[""Motor Vehicle in Motion"",""Motor Vehicle in Motion""]","Failure to Yield","[""Motor Vehicle in Motion"",""Motor Vehicle in Motion""]"
0,0,"Gsp Post 00","2022-04-15","I-75 Northbound and South Of University Avenue","(O) No Injury","Daylight","On Roadway - Non-Intersection","Rear End","I-75 Northbound","Dry","17:11:00","[""Lap and Shoulder Belt Used"",""Lap and Shoulder Belt Used""]","Clear",0,33.712482,-84.400697,"Atlanta","FULTON","[""Motor Vehicle in Motion"",""Motor Vehicle in Motion""]","Following Too Close","[""Motor Vehicle in Motion"",""Motor Vehicle in Motion""]"
0,0,"Gsp Post 00","2022-04-15","I-285 N and Cascade Road","(O) No Injury","Daylight","On Roadway - Non-Intersection","Rear End","I-285 N","Dry","16:35:00","[""Lap and Shoulder Belt Used"",""Lap and Shoulder Belt Used""]","Clear",0,33.702217,-84.497761,"Atlanta","FULTON","[""Motor Vehicle in Motion"",""Motor Vehicle in Motion""]","Following Too Close","[""Motor Vehicle in Motion"",""Motor Vehicle in Motion""]"
0,0,"Atlanta Police Department","2022-04-15","Sandy Creek Rd Nw and Fulton Industrial Blvd Nw","(C) Possible Injury / Complaint","Daylight","On Roadway - Roadway Intersection","Rear End","Fulton Industrial Blvd Nw","Dry","17:43:00","[""Lap and Shoulder Belt Used"",""Lap and Shoulder Belt Used"",""Child Restraint System (Properly Used)""]","Clear",0,33.783101,-84.507146,"Atlanta","FULTON","[""Motor Vehicle in Motion"",""Motor Vehicle in Motion""]",,"[""Motor Vehicle in Motion"",""Motor Vehicle in Motion""]"
0,0,"Gsp Post 00","2022-04-15","I-7585 Sb and Capitol  Avenue","(O) No Injury","Dawn","On Roadway - Non-Intersection","Sideswipe-Same Direction","I-7585 Sb","Dry","06:50:00","[""Lap and Shoulder Belt Used"",""Lap and Shoulder Belt Used"",""Lap and Shoulder Belt Used""]","Clear",0,33.746101,-84.388875,"Atlanta","FULTON","[""Motor Vehicle in Motion"",""Motor Vehicle in Motion""]","Changed Lanes Improperly","[""Motor Vehicle in Motion"",""Motor Vehicle in Motion""]"
0,0,"Atlanta Police Department","2022-04-15","I-75 and Spring St Nw","(C) Possible Injury / Complaint","Dark-Lighted","On Roadway - Non-Intersection","Rear End","I-75","Dry","22:53:00","[""Unknown"",""Unknown"",""Unknown"",""Unknown""]","Clear",0,33.767098,-84.388132,"Atlanta","FULTON","[""Motor Vehicle in Motion"",""Motor Vehicle in Motion"",""Motor Vehicle in Motion""]",,"[""Motor Vehicle in Motion"",""Motor Vehicle in Motion"",""Motor Vehicle in Motion""]"
0,0,"Atlanta Police Department","2022-04-15","Glenn St Sw and Hank Aaron Dr Se","(C) Possible Injury / Complaint","Dark-Not Lighted","On Roadway - Roadway Intersection","Angle Crash","Hank Aaron Dr Se","Dry","21:27:00","[""Lap and Shoulder Belt Used"",""Lap and Shoulder Belt Used""]","Clear",0,33.738044,-84.393448,"Atlanta","FULTON","[""Motor Vehicle in Motion"",""Motor Vehicle in Motion""]","Failure to Yield","[""Motor Vehicle in Motion"",""Motor Vehicle in Motion""]"
0,0,"Atlanta Police Department","2022-04-15","None and I-20","(C) Possible Injury / Complaint","Dark-Lighted","On Roadway - Non-Intersection","Sideswipe-Same Direction","I-20","Dry","20:30:00","[""Unknown"",""Unknown"",""Unknown""]","Clear",0,33.750846,-84.451721,"Atlanta","FULTON","[""Motor Vehicle in Motion"",""Motor Vehicle in Motion""]","Changed Lanes Improperly","[""Motor Vehicle in Motion"",""Motor Vehicle in Motion""]"
0,0,"Atlanta Police Department","2022-04-15","I-75 and W Peachtree St Nw","(C) Possible Injury / Complaint","Dark-Lighted","On Roadway - Non-Intersection","Rear End","I-75","Dry","22:50:00","[""Unknown"",""Unknown"",""Unknown"",""Unknown""]","Clear",0,33.766497,-84.387162,"Atlanta","FULTON","[""Motor Vehicle in Motion"",""Motor Vehicle in Motion"",""Motor Vehicle in Motion""]",,"[""Motor Vehicle in Motion"",""Motor Vehicle in Motion"",""Motor Vehicle in Motion""]"
0,0,"Gsp Post 00","2022-04-15","I-7585 N and University Ave","(O) No Injury","Daylight","On Roadway - Non-Intersection","Rear End","I-7585 N","Dry","10:26:00","[""Lap and Shoulder Belt Used"",""Lap and Shoulder Belt Used""]","Clear",0,33.713727,-84.399678,"Atlanta","FULTON","[""Motor Vehicle in Motion"",""Motor Vehicle in Motion""]","Following Too Close","[""Motor Vehicle in Motion"",""Motor Vehicle in Motion""]"
0,0,"Atlanta Police Department","2022-04-15","Ozburn Rd Nw and Oldknow Dr Nw","(C) Possible Injury / Complaint","Dark-Not Lighted","On Roadway - Roadway Intersection","Angle Crash","Oldknow Dr Nw","Dry","21:37:00","[""Unknown"",""Lap and Shoulder Belt Used"",""Lap and Shoulder Belt Used""]","Clear",0,33.77178,-84.475966,"Atlanta","FULTON","[""Motor Vehicle in Motion"",""Motor Vehicle in Motion""]","Disregard Stop Sign/Signal","Motor Vehicle in Motion"
0,0,"Atlanta Police Department","2022-04-15","Paul Ave Nw and Bolton Rd Nw","(C) Possible Injury / Complaint","Daylight","On Roadway - Roadway Intersection","Rear End","Bolton Rd Nw","Dry","14:30:00","[""Unknown"",""Unknown"",""Lap and Shoulder Belt Used"",""Lap and Shoulder Belt Used"",""Lap and Shoulder Belt Used""]","Clear",0,33.814827,-84.467303,"Atlanta","FULTON","[""Motor Vehicle in Motion"",""Motor Vehicle in Motion""]","Following Too Close","[""Motor Vehicle in Motion"",""Motor Vehicle in Motion""]"
0,0,"Atlanta Police Department","2022-04-15","Lakewood Ave Sw and Metropolitan Pkwy Sw","(O) No Injury","Daylight","On Roadway - Roadway Intersection","Angle Crash","Lakewood Ave Sw","Dry","16:41:00","[""Unknown"",""Unknown""]","Clear",0,33.69721,-84.40863,"Atlanta","FULTON","[""Motor Vehicle in Motion"",""Motor Vehicle in Motion""]","Improper Turn","[""Motor Vehicle in Motion"",""Motor Vehicle in Motion""]"
0,0,"Atlanta Police Department","2022-04-15","James P Brawley Dr Nw and Donald Lee Hollowell Pkwy Nw","(O) No Injury","Daylight","On Roadway - Roadway Intersection","Angle Crash","James P Brawley Dr Nw","Dry","16:32:00","[""Unknown"",""Unknown""]","Clear",0,33.773066,-84.412396,"Atlanta","FULTON","[""Motor Vehicle in Motion"",""Motor Vehicle in Motion""]","Improper Turn","[""Motor Vehicle in Motion"",""Motor Vehicle in Motion""]"
0,0,"Atlanta Police Department","2022-04-15","Auburn Ave Ne and Wm Holmes Borders Sr Dr Ne","(O) No Injury","Dark-Lighted","On Roadway - Non-Intersection","Angle Crash","Auburn Ave Ne","Dry","03:19:00","Unknown","Clear",0,33.755501,-84.375603,"Atlanta","FULTON","[""Motor Vehicle in Motion"",""Parked Motor Vehicle""]","[""Reckless Driving"",""Under the Influence (U.I.)"",""Exceeding Speed Limit""]","[""Motor Vehicle in Motion"",""Parked Motor Vehicle""]"
0,0,"Atlanta Police Department","2022-04-15","None and Metropolitan Pkwy Sw","(C) Possible Injury / Complaint","Daylight","On Roadway - Non-Intersection","Sideswipe-Same Direction","Metropolitan Pkwy Sw","Dry","16:30:00","[""Lap and Shoulder Belt Used"",""Lap and Shoulder Belt Used"",""Lap and Shoulder Belt Used""]","Clear",0,33.692934,-84.408165,"Atlanta","FULTON","[""Motor Vehicle in Motion"",""Motor Vehicle in Motion""]","Changed Lanes Improperly","[""Motor Vehicle in Motion"",""Motor Vehicle in Motion""]"
0,0,"Atlanta Police Department","2022-04-15","Claire Dr Sw and Metropolitan Pkwy Sw","(O) No Injury","Dark-Lighted","On Roadway - Roadway Intersection","Rear End","Claire Dr Sw","Dry","22:55:00","[""Lap and Shoulder Belt Used"",""Lap and Shoulder Belt Used""]","Clear",0,33.710394,-84.407984,"Atlanta","FULTON","[""Motor Vehicle in Motion"",""Motor Vehicle in Motion""]","Following Too Close","[""Motor Vehicle in Motion"",""Motor Vehicle in Motion""]"
0,0,"Atlanta Police Department","2022-04-15","None and I-20 Rp","(C) Possible Injury / Complaint","Daylight","Entrance/Exit Ramp","Rear End","I-20 Rp","Dry","14:00:00","[""Unknown"",""Lap and Shoulder Belt Used""]","Clear",0,33.744862,-84.353382,"Atlanta","FULTON","[""Motor Vehicle in Motion"",""Motor Vehicle in Motion""]",,"[""Motor Vehicle in Motion"",""Motor Vehicle in Motion""]"
0,0,"Atlanta Police Department","2022-04-15","Boulevard Ne and Ponce De Leon Ave Ne","(C) Possible Injury / Complaint","Daylight","On Roadway - Driveway Intersection","Angle Crash","Boulevard Ne","Dry","14:30:00","[""Lap and Shoulder Belt Used"",""Lap and Shoulder Belt Used"",""Lap and Shoulder Belt Used""]","Clear",0,33.773241,-84.371093,"Atlanta","FULTON","[""Motor Vehicle in Motion"",""Motor Vehicle in Motion""]","Vision Obscured","[""Motor Vehicle in Motion"",""Motor Vehicle in Motion""]"
0,0,"Atlanta Police Department","2022-04-15","Hightower Pl Nw and James Jackson Pkwy Nw","(C) Possible Injury / Complaint","Dark-Lighted","On Roadway - Roadway Intersection","Angle Crash","James Jackson Pkwy Nw","Dry","21:25:00","[""Unknown"",""Unknown"",""Unknown""]","Clear",0,33.778907,-84.47542,"Atlanta","FULTON","[""Motor Vehicle in Motion"",""Motor Vehicle in Motion""]","Failure to Yield","[""Motor Vehicle in Motion"",""Motor Vehicle in Motion""]"
0,0,"Atlanta Police Department","2022-04-15","Howell Dr Sw and Martin Luther King Jr Dr Sw","(O) No Injury","Daylight","On Roadway - Non-Intersection","Rear End","Martin Luther King Jr Dr Sw","Dry","16:30:00","[""Lap and Shoulder Belt Used"",""Unknown"",""Lap and Shoulder Belt Used""]","Clear",0,33.758455,-84.503931,"Atlanta","FULTON","[""Motor Vehicle in Motion"",""Motor Vehicle in Motion"",""Motor Vehicle in Motion""]","[""Following Too Close"",""Following Too Close""]","[""Motor Vehicle in Motion"",""Motor Vehicle in Motion"",""Motor Vehicle in Motion""]"
0,0,"Gsp Post 00","2022-04-15","10Th St and I-7585S","(O) No Injury","Daylight","On Roadway - Non-Intersection","Rear End","I-7585S","Dry","07:00:00","[""Lap and Shoulder Belt Used"",""Unknown""]","Clear",0,33.782089,-84.391215,"Atlanta","FULTON","[""Motor Vehicle in Motion"",""Motor Vehicle in Motion""]","Following Too Close","[""Motor Vehicle in Motion"",""Motor Vehicle in Motion""]"
0,0,"Atlanta Police Department","2022-04-15","University Ave Sw and Metropolitan Pkwy Sw","(O) No Injury","Daylight","On Roadway - Non-Intersection","Sideswipe-Opposite Direction","University Ave Sw","Dry","17:00:00","[""None Used"",""None Used""]","Clear",0,33.722174,-84.407868,"Atlanta","FULTON","[""Motor Vehicle in Motion"",""Motor Vehicle in Motion""]",,"[""Motor Vehicle in Motion"",""Motor Vehicle in Motion""]"
0,0,"Atlanta Police Department","2022-04-15","Allen Rd Ne and Piedmont Way Ne","(O) No Injury","Daylight","On Roadway - Non-Intersection","Sideswipe-Same Direction","Piedmont Way Ne","Dry","12:30:00","[""Lap and Shoulder Belt Used"",""Lap and Shoulder Belt Used""]","Clear",0,33.803425,-84.370677,"Atlanta","FULTON","[""Motor Vehicle in Motion"",""Motor Vehicle in Motion""]","Changed Lanes Improperly","[""Motor Vehicle in Motion"",""Motor Vehicle in Motion""]"
0,0,"Atlanta Police Department","2022-04-15","W Peachtree St Nw and Ponce De Leon Ave Nw","(O) No Injury","Daylight","On Roadway - Roadway Intersection","Angle Crash","W Peachtree St Nw","Dry","12:17:00","[""Unknown"",""Unknown""]","Clear",0,33.772314,-84.387352,"Atlanta","FULTON","[""Motor Vehicle in Motion"",""Motor Vehicle in Motion""]","Improper Turn","[""Motor Vehicle in Motion"",""Motor Vehicle in Motion""]"
0,0,"Gsp Post 00","2022-04-15","I-285 and I-20 Eb","(O) No Injury","Daylight","On Shoulder","Not a Collision with Motor Vehicle","I-20 Eb","Dry","16:25:00","[""Lap and Shoulder Belt Used"",""Lap and Shoulder Belt Used""]","Clear",0,33.765216,-84.512652,"Atlanta","FULTON","Median Barrier","Following Too Close","Median Barrier"
0,0,"Atlanta Police Department","2022-04-15","Forsyth St Sw and Mitchell St Sw","(O) No Injury","Daylight","On Roadway - Roadway Intersection","Rear End","Mitchell St Sw","Dry","13:00:00","[""Lap and Shoulder Belt Used"",""Lap and Shoulder Belt Used"",""Lap and Shoulder Belt Used"",""Lap and Shoulder Belt Used"",""Lap and Shoulder Belt Used""]","Clear",0,33.751638,-84.394325,"Atlanta","FULTON","[""Motor Vehicle in Motion"",""Motor Vehicle in Motion""]",,"[""Motor Vehicle in Motion"",""Motor Vehicle in Motion""]"
0,0,"Atlanta Police Department","2022-04-15","Florence Pl Nw and Donald Lee Hollowell Pkwy Nw","(O) No Injury","Daylight","On Roadway - Non-Intersection","Sideswipe-Same Direction","Donald Lee Hollowell Pkwy Nw","Dry","19:29:00","[""Lap and Shoulder Belt Used"",""Lap and Shoulder Belt Used""]","Clear",0,33.773024,-84.44238,"Atlanta","FULTON","[""Motor Vehicle in Motion"",""Motor Vehicle in Motion""]","Changed Lanes Improperly","[""Motor Vehicle in Motion"",""Motor Vehicle in Motion""]"
0,0,"Atlanta Police Department","2022-04-15","Boulevard Se and Woodward Ave Se","(O) No Injury","Dark-Lighted","On Roadway - Roadway Intersection","Angle Crash","Woodward Ave Se","Dry","23:05:00","[""Unknown"",""Unknown"",""Unknown""]","Clear",0,33.745461,-84.36812,"Atlanta","FULTON","[""Motor Vehicle in Motion"",""Motor Vehicle in Motion""]","Disregard Stop Sign/Signal","Motor Vehicle in Motion"
0,0,"Atlanta Police Department","2022-04-15","Boulevard Ne and Edgewood Ave Se","(O) No Injury","Daylight","Median","Sideswipe-Same Direction","Boulevard Ne","Dry","16:50:00","[""Unknown"",""Unknown""]","Clear",0,33.754305,-84.372146,"Atlanta","FULTON","[""Motor Vehicle in Motion"",""Motor Vehicle in Motion""]","Changed Lanes Improperly","[""Motor Vehicle in Motion"",""Motor Vehicle in Motion""]"
0,0,"Gsp Post 00","2022-04-15","Ga 400 Overpass and Interstate 85 South","(O) No Injury","Daylight","On Roadway - Non-Intersection","Rear End","Interstate 85 South","Dry","15:35:00","[""Lap and Shoulder Belt Used"",""Lap and Shoulder Belt Used""]","Clear",0,33.822107,-84.359591,"Atlanta","FULTON","[""Motor Vehicle in Motion"",""Motor Vehicle in Motion""]","Following Too Close","[""Motor Vehicle in Motion"",""Motor Vehicle in Motion""]"
0,0,"Atlanta Police Department","2022-04-15","Margaret St Se and Lakewood Ave Se","(O) No Injury","Daylight","On Roadway - Roadway Intersection","Sideswipe-Same Direction","Lakewood Ave Se","Dry","16:30:00","[""Lap and Shoulder Belt Used"",""Lap and Shoulder Belt Used"",""Child Restraint System (Properly Used)"",""Lap and Shoulder Belt Used""]","Clear",0,33.712297,-84.380443,"Atlanta","FULTON","[""Motor Vehicle in Motion"",""Motor Vehicle in Motion""]","Improper Turn","[""Motor Vehicle in Motion"",""Motor Vehicle in Motion""]"
0,0,"Atlanta Police Department","2022-04-15","W Whitehall St Sw and Ralph David Abernathy Blvd Sw","(O) No Injury","Daylight","On Roadway - Non-Intersection","Sideswipe-Same Direction","W Whitehall St Sw","Dry","15:58:00","[""Lap and Shoulder Belt Used"",""Lap and Shoulder Belt Used""]","Clear",0,33.738549,-84.412818,"Atlanta","FULTON","[""Motor Vehicle in Motion"",""Motor Vehicle in Motion""]",,"[""Motor Vehicle in Motion"",""Motor Vehicle in Motion""]"
0,0,"Gsp Post 00","2022-04-15","I-20 East and Windsor St","(C) Possible Injury / Complaint","Daylight","On Roadway - Non-Intersection","Rear End","I-20 East","Dry","16:53:00","[""Lap and Shoulder Belt Used"",""Lap and Shoulder Belt Used""]","Clear",0,33.745264,-84.396471,"Atlanta","FULTON","[""Motor Vehicle in Motion"",""Motor Vehicle in Motion""]","Following Too Close","[""Motor Vehicle in Motion"",""Motor Vehicle in Motion""]"
0,0,"Atlanta Police Department","2022-04-15","None and I-75 Exit 250 Rp","(O) No Injury","Dark-Lighted","On Roadway - Managed Lane (HOV, HOT, Reversible)","Angle Crash","I-75 Exit 250 Rp","Dry","21:46:00","[""Lap and Shoulder Belt Used"",""Lap and Shoulder Belt Used"",""Lap and Shoulder Belt Used""]","Clear",0,33.795617,-84.394502,"Atlanta","FULTON","[""Motor Vehicle in Motion"",""Motor Vehicle in Motion""]","Changed Lanes Improperly","[""Other - Fixed Object"",""Motor Vehicle in Motion""]"
0,0,"Atlanta Police Department","2022-04-15","Lee St Sw and Norcross St Sw","(O) No Injury","Daylight","On Roadway - Non-Intersection","Rear End","Lee St Sw","Dry","19:00:00",,"Clear",0,33.742577,-84.414058,"Atlanta","FULTON","[""Parked Motor Vehicle"",""Motor Vehicle in Motion""]","Parked Improperly","[""Motor Vehicle in Motion"",""Motor Vehicle in Motion""]"
0,0,"Atlanta Police Department","2022-04-15","Piedmont Ave Ne and E Morningside Dr Ne","(K) Fatal Injury","Daylight","On Roadway - Collector Distributor (CD)","Angle Crash","Piedmont Ave Ne","Dry","10:15:00","[""Bicycle Helmet"",""Lap and Shoulder Belt Used""]","Clear",1,33.799142,-84.367958,"Atlanta","FULTON","[""Motor Vehicle in Motion"",""Motor Vehicle in Motion""]","Changed Lanes Improperly","[""Motor Vehicle in Motion"",""Motor Vehicle in Motion""]"
0,0,"Gsp Post 00","2022-04-15","I-20 and I-285 Southbound","(C) Possible Injury / Complaint","Daylight","On Roadway - Non-Intersection","Rear End","I-285 Southbound","Dry","18:15:00","[""Lap and Shoulder Belt Used"",""Lap and Shoulder Belt Used"",""Lap and Shoulder Belt Used""]","Clear",0,33.769754,-84.495305,"Atlanta","FULTON","[""Motor Vehicle in Motion"",""Motor Vehicle in Motion""]","Following Too Close","[""Motor Vehicle in Motion"",""Motor Vehicle in Motion""]"
0,1,"Atlanta Police Department","2022-04-15","Spring St Nw and Ivan Allen Jr Blvd Nw","(B) Suspected Minor/Visible Injury","Dark-Lighted","On Roadway - Roadway Intersection","Angle Crash","Ivan Allen Jr Blvd Nw","Dry","21:25:00","[""Unknown"",""Unknown""]","Clear",0,33.764665,-84.388973,"Atlanta","FULTON","[""Motor Vehicle in Motion"",""Motor Vehicle in Motion""]","Changed Lanes Improperly","[""Motor Vehicle in Motion"",""Motor Vehicle in Motion""]"
0,0,"Atlanta Police Department","2022-04-15","Piedmont Rd Ne and E Paces Ferry Rd Ne","(O) No Injury","Daylight","On Roadway - Roadway Intersection","Sideswipe-Same Direction","Piedmont Rd Ne","Dry","07:20:00","[""Unknown"",""Lap and Shoulder Belt Used""]","Clear",0,33.839011,-84.369038,"Atlanta","FULTON","[""Motor Vehicle in Motion"",""Motor Vehicle in Motion""]",,"[""Motor Vehicle in Motion"",""Motor Vehicle in Motion""]"
0,0,"South Fulton Police Department","2022-04-15","I20 Eb and Fulton Industrial Blvd Sw","(O) No Injury","Daylight","On Roadway - Roadway Intersection","Rear End","I20 Eb","Dry","08:19:00","[""Unknown"",""Unknown""]","Clear",0,33.76526,-84.512042,"Atlanta","FULTON","[""Motor Vehicle in Motion"",""Motor Vehicle in Motion""]",,"[""Motor Vehicle in Motion"",""Motor Vehicle in Motion""]"
0,0,"Atlanta Police Department","2022-04-15","Jonesboro Rd Se and Cleveland Ave Se","(C) Possible Injury / Complaint","Daylight","On Roadway - Non-Intersection","Angle Crash","Cleveland Ave Se","Dry","17:40:00","[""Lap and Shoulder Belt Used"",""Lap and Shoulder Belt Used"",""None Used""]","Clear",0,33.680009,-84.367662,"Atlanta","FULTON","[""Motor Vehicle in Motion"",""Motor Vehicle in Motion""]","Failure to Yield","[""Motor Vehicle in Motion"",""Motor Vehicle in Motion""]"