"# Serious Injuries","# Visible Injuries","Agency Name (Crash Level) ","Date","Intersection Name (from Crash Report)","KABCO Severity","Light Conditions (Crash Level)","Location at Impact (Crash Level) ","Manner of Collision (Crash Level) ","Roadway (From Crash Report)","Surface Condition (Crash Level) ","Time","Safety Equipment (Crash Level) ","Weather Conditions (Crash Level)","# of Fatalities per Crash","Latitude","Longitude","Geolocated City","Geolocated County","First Harmful Event (Unit Order)","Operator/Pedestrian Contrib Factor (excl None, Other, No Contrib Factors)","Most Harmful Event (Crash Level)"
0,0,"Atlanta Police Department","2022-04-16","Boulevard Ne and Edgewood Ave Se","(O) No Injury","Dark-Lighted","On Shoulder","Sideswipe-Same Direction","Edgewood Ave Se","Dry","20:30:00","[""None Used"",""None Used""]","Clear",0,33.754305,-84.372146,"Atlanta","FULTON","[""Motor Vehicle in Motion"",""Motor Vehicle in Motion""]",,"[""Motor Vehicle in Motion"",""Motor Vehicle in Motion""]"
0,0,"Atlanta Police Department","2022-04-16","None and I-20","(O) No Injury","Dark-Lighted","On Roadway - Non-Intersection","Sideswipe-Same Direction","I-20","Wet","06:45:00","[""Unknown"",""Unknown"",""Unknown""]","Rain",0,33.74273,-84.422754,"Atlanta","FULTON","[""Motor Vehicle in Motion"",""Motor Vehicle in Motion""]","Failure to Yield","[""Motor Vehicle in Motion"",""Motor Vehicle in Motion""]"
0,0,"Atlanta Police Department","2022-04-16","Colmer Ave Se and Moreland Ave Se","(C) Possible Injury / Complaint","Daylight","On Roadway - Non-Intersection","Rear End","Moreland Ave Se","Wet","15:15:00","[""Lap and Shoulder Belt Used"",""Lap and Shoulder Belt Used"",""Lap and Shoulder Belt Used"",""Child Restraint System (Properly Used)"",""Lap and Shoulder Belt Used""]","Cloudy",0,33.750585,-84.349228,"Atlanta","FULTON","[""Motor Vehicle in Motion"",""Motor Vehicle in Motion""]","Other Exterior Distraction (Distracted)","[""Motor Vehicle in Motion"",""Motor Vehicle in Motion""]"
0,0,"Atlanta Police Department","2022-04-16","None and I-20","(C) Possible Injury / Complaint","Daylight","On Roadway - Roadway Intersection","Rear End","I-20","Dry","12:11:00","[""Lap and Shoulder Belt Used"",""Lap and Shoulder Belt Used""]","Cloudy",0,33.742043,-84.421334,"Atlanta","FULTON","[""Motor Vehicle in Motion"",""Motor Vehicle in Motion""]","Following Too Close","[""Motor Vehicle in Motion"",""Motor Vehicle in Motion""]"
0,0,"Atlanta Police Department","2022-04-16","None and I-75 Exit 249A Rp","(O) No Injury","Dark-Lighted","On Roadway - Non-Intersection","Rear End","I-75 Exit 249A Rp","Dry","21:09:00","[""Unknown"",""Unknown""]","Clear",0,33.765549,-84.386051,"Atlanta","FULTON","[""Motor Vehicle in Motion"",""Motor Vehicle in Motion""]","Following Too Close","[""Motor Vehicle in Motion"",""Motor Vehicle in Motion""]"
0,0,"Atlanta Police Department","2022-04-16","Edgewood Ave Se and Piedmont Ave Ne","(O) No Injury","Daylight","On Roadway - Roadway Intersection","Sideswipe-Same Direction","Piedmont Ave Ne","Dry","18:00:00","[""Unknown"",""Unknown""]","Cloudy",0,33.754946,-84.382279,"Atlanta","FULTON","[""Motor Vehicle in Motion"",""Motor Vehicle in Motion""]","Changed Lanes Improperly","[""Motor Vehicle in Motion"",""Motor Vehicle in Motion""]"
0,0,"Atlanta Police Department","2022-04-16","White St Nw and Howell Mill Rd Nw","(O) No Injury","Dark-Lighted","On Roadway - Non-Intersection","Sideswipe-Same Direction","Howell Mill Rd Nw","Dry","21:29:00","[""Unknown"",""Unknown""]","Cloudy",0,33.80115,-84.415731,"Atlanta","FULTON","[""Motor Vehicle in Motion"",""Motor Vehicle in Motion""]","Changed Lanes Improperly","[""Motor Vehicle in Motion"",""Motor Vehicle in Motion""]"
0,1,"Atlanta Police Department","2022-04-16","Ga-400 N and Lenox Rd Ne","(B) Suspected Minor/Visible Injury","Daylight","On Roadway - Non-Intersection","Rear End","Lenox Rd Ne","Dry","18:00:00","[""Unknown"",""Unknown"",""Unknown""]","Cloudy",0,33.851742,-84.369528,"Atlanta","FULTON","[""Motor Vehicle in Motion"",""Motor Vehicle in Motion""]","Following Too Close","[""Motor Vehicle in Motion"",""Motor Vehicle in Motion""]"
0,0,"Atlanta Police Department","2022-04-16","None and I-75","(C) Possible Injury / Complaint","Daylight","On Roadway - Non-Intersection","Rear End","I-75","Water (standing or moving)","15:50:00","[""Lap and Shoulder Belt Used"",""Lap and Shoulder Belt Used"",""Child Restraint System (Properly Used)"",""Child Restraint System (Properly Used)""]","Clear",0,33.748914,-84.383924,"Atlanta","FULTON","[""Motor Vehicle in Motion"",""Motor Vehicle in Motion""]","Following Too Close","[""Motor Vehicle in Motion"",""Motor Vehicle in Motion""]"
0,0,"Atlanta Police Department","2022-04-16","Penn Ave Ne and Ponce De Leon Ave Ne","(O) No Injury","Daylight","On Roadway - Managed Lane (HOV, HOT, Reversible)","Sideswipe-Same Direction","Penn Ave Ne","Dry","19:30:00","[""Unknown"",""Unknown""]","Cloudy",0,33.772584,-84.37903,"Atlanta","FULTON","[""Motor Vehicle in Motion"",""Motor Vehicle in Motion""]","Changed Lanes Improperly","[""Motor Vehicle in Motion"",""Motor Vehicle in Motion""]"
0,0,"Atlanta Police Department","2022-04-16","None and I-20","(O) No Injury","Dark-Not Lighted","On Roadway - Non-Intersection","Angle Crash","I-20","Dry","20:00:00","[""Unknown"",""Unknown""]","Clear",0,33.745646,-84.345068,"Atlanta","DEKALB","[""Motor Vehicle in Motion"",""Motor Vehicle in Motion""]","Changed Lanes Improperly","[""Motor Vehicle in Motion"",""Motor Vehicle in Motion""]"
0,0,"Atlanta Police Department","2022-04-16","I-285 S and Boulder Park Dr Sw","(O) No Injury","Daylight","On Roadway - Non-Intersection","Not a Collision with Motor Vehicle","Boulder Park Dr Sw","Wet","07:43:00","Lap and Shoulder Belt Used","Rain",0,33.750668,-84.497515,"Atlanta","FULTON","Other Non-Collision","Too Fast for Conditions","Median Barrier"
0,0,"Atlanta Police Department","2022-04-16","Hightower Pl Nw and Donald Lee Hollowell Pkwy Nw","(O) No Injury","Dark-Lighted","Off Roadway","Sideswipe-Opposite Direction","Hightower Pl Nw","Dry","23:50:00","None Used","Clear",0,33.777595,-84.475539,"Atlanta","FULTON","[""Motor Vehicle in Motion"",""Parked Motor Vehicle""]","Improper Turn","[""Motor Vehicle in Motion"",""Parked Motor Vehicle""]"
0,0,"Atlanta Police Department","2022-04-16","I-20 and Exit 58B","(O) No Injury","Daylight","On Roadway - Non-Intersection","Rear End","I-20","Dry","16:00:00","[""Unknown"",""Unknown""]","Clear",0,33.743445,-84.375886,"Atlanta","FULTON","[""Motor Vehicle in Motion"",""Motor Vehicle in Motion""]","Following Too Close","[""Motor Vehicle in Motion"",""Motor Vehicle in Motion""]"
0,0,"Atlanta Police Department","2022-04-16","None and I-20","(C) Possible Injury / Complaint","Daylight","Median","Not a Collision with Motor Vehicle","I-20","Water (standing or moving)","07:50:00","Lap and Shoulder Belt Used","Rain",0,33.766126,-84.499335,"Atlanta","FULTON","Parked Motor Vehicle","Driver Lost Control","Parked Motor Vehicle"
0,1,"Atlanta Police Department","2022-04-16","I-75 85 Nb Expy Ne and Andrew Young International Blvd Ne","(B) Suspected Minor/Visible Injury","Dark-Lighted","On Roadway - Non-Intersection","Not a Collision with Motor Vehicle","I-75 85 Nb Expy Ne","Wet","04:15:00","Lap and Shoulder Belt Used","Rain",0,33.759691,-84.378979,"Atlanta","FULTON","Other Non-Collision","Driver Lost Control","Over Turn"
0,0,"Atlanta Police Department","2022-04-16","None and I-285","(C) Possible Injury / Complaint","Daylight","On Roadway - Non-Intersection","Sideswipe-Same Direction","I-285","Wet","07:50:00","[""Lap and Shoulder Belt Used"",""Lap and Shoulder Belt Used"",""Lap and Shoulder Belt Used""]","Rain",0,33.672032,-84.498256,"Atlanta","FULTON","[""Motor Vehicle in Motion"",""Motor Vehicle in Motion""]","Too Fast for Conditions","[""Motor Vehicle in Motion"",""Motor Vehicle in Motion""]"
0,0,"Atlanta Police Department","2022-04-16","4Th St Ne and Peachtree St Ne","(O) No Injury","Daylight","On Roadway - Managed Lane (HOV, HOT, Reversible)","Angle Crash","Peachtree St Ne","Dry","18:36:00","[""Unknown"",""Unknown"",""Unknown""]","Clear",0,33.774528,-84.384685,"Atlanta","FULTON","[""Motor Vehicle in Motion"",""Motor Vehicle in Motion""]","Improper Backing","[""Motor Vehicle in Motion"",""Motor Vehicle in Motion""]"
0,1,"Atlanta Police Department","2022-04-16",,"(B) Suspected Minor/Visible Injury","Dark-Lighted","On Roadway - Non-Intersection","Rear End","Princeton Lakes Pkwy","Dry","03:27:00","Lap and Shoulder Belt Used","Clear",0,33.656411,-84.51253,"Atlanta","FULTON","[""Motor Vehicle in Motion"",""Parked Motor Vehicle""]","[""Inattentive or Other Distraction (Distracted)"",""Exceeding Speed Limit""]","[""Motor Vehicle in Motion"",""Parked Motor Vehicle""]"
0,0,"Atlanta Police Department","2022-04-16","None and I-20","(C) Possible Injury / Complaint","Daylight","On Roadway - Non-Intersection","Angle Crash","I-20","Water (standing or moving)","09:00:00","[""Unknown"",""Unknown""]","Rain",0,33.740575,-84.328948,"Atlanta","DEKALB","[""Motor Vehicle in Motion"",""Motor Vehicle in Motion""]","Too Fast for Conditions","[""Motor Vehicle in Motion"",""Motor Vehicle in Motion""]"
0,0,"Atlanta Police Department","2022-04-16","Ponce De Leon Ct Ne and Ponce De Leon Ave Ne","(C) Possible Injury / Complaint","Daylight","On Roadway - Non-Intersection","Not a Collision with Motor Vehicle","Ponce De Leon Ave Ne","Water (standing or moving)","07:13:00","Shoulder Belt Only Used","Rain",0,33.773693,-84.36878,"Atlanta","FULTON","Other Non-Collision","Too Fast for Conditions","Tree"
0,0,"Atlanta Police Department","2022-04-16","None and I-75","(O) No Injury","Daylight","On Roadway - Non-Intersection","Sideswipe-Same Direction","I-75","Wet","11:54:00","[""Lap and Shoulder Belt Used"",""Lap and Shoulder Belt Used"",""Lap and Shoulder Belt Used"",""Child Restraint System (Properly Used)"",""Child Restraint System (Properly Used)"",""Child Restraint System (Properly Used)""]","Cloudy",0,33.711764,-84.401171,"Atlanta","FULTON","[""Motor Vehicle in Motion"",""Motor Vehicle in Motion""]","Changed Lanes Improperly","[""Motor Vehicle in Motion"",""Motor Vehicle in Motion""]"
0,0,"Atlanta Police Department","2022-04-16","I-75 N and 14Th St Nw","(O) No Injury","Dark-Lighted","On Roadway - Non-Intersection","Angle Crash","14Th St Nw","Water (standing or moving)","07:18:00","[""Lap and Shoulder Belt Used"",""Lap and Shoulder Belt Used"",""Lap and Shoulder Belt Used""]","Rain",0,33.786406,-84.390822,"Atlanta","FULTON","[""Motor Vehicle in Motion"",""Motor Vehicle in Motion""]","Too Fast for Conditions","[""Motor Vehicle in Motion"",""Motor Vehicle in Motion""]"
0,0,"Atlanta Police Department","2022-04-16","Hutchens Rd Se and Jonesboro Rd Se","(O) No Injury","Daylight","Off Roadway","Sideswipe-Same Direction","Jonesboro Rd Se","Dry","20:15:00","[""Lap and Shoulder Belt Used"",""Lap and Shoulder Belt Used""]","Clear",0,33.672547,-84.372131,"Atlanta","FULTON","[""Motor Vehicle in Motion"",""Motor Vehicle in Motion""]","Failure to Yield","[""Parked Motor Vehicle"",""Motor Vehicle in Motion""]"
0,0,"Atlanta Police Department","2022-04-16","Ridgeway Ave Nw and Howell Mill Rd Nw","(O) No Injury","Daylight","On Roadway - Non-Intersection","Angle Crash","Howell Mill Rd Nw","Dry","12:00:00","[""Unknown"",""Unknown""]","Clear",0,33.802735,-84.414669,"Atlanta","FULTON","[""Motor Vehicle in Motion"",""Motor Vehicle in Motion""]","Improper Backing","[""Motor Vehicle in Motion"",""Motor Vehicle in Motion""]"
0,0,"Atlanta Police Department","2022-04-16","None and I-285","(O) No Injury","Daylight","On Roadway - Non-Intersection","Angle Crash","I-285","Dry","18:00:00","[""Unknown"",""Unknown""]","Cloudy",0,33.782963,-84.495865,"Atlanta","FULTON","[""Motor Vehicle in Motion"",""Motor Vehicle in Motion""]","Following Too Close","[""Motor Vehicle in Motion"",""Motor Vehicle in Motion""]"
0,0,"Atlanta Police Department","2022-04-16","North Ave Nw and Joseph E Lowery Blvd Nw","(C) Possible Injury / Complaint","Daylight","On Roadway - Roadway Intersection","Angle Crash","Joseph E Lowery Blvd Nw","Dry","12:30:00","[""Unknown"",""Lap and Shoulder Belt Used"",""Lap and Shoulder Belt Used"",""Child Restraint System (Properly Used)"",""Lap and Shoulder Belt Used"",""Lap and Shoulder Belt Used""]","Clear",0,33.768903,-84.417419,"Atlanta","FULTON","[""Motor Vehicle in Motion"",""Motor Vehicle in Motion""]","[""Misjudged Clearance"",""Too Fast for Conditions""]","[""Motor Vehicle in Motion"",""Motor Vehicle in Motion""]"
0,0,"Atlanta Police Department","2022-04-16","75 Sb and Northside Dr","(C) Possible Injury / Complaint","Dark-Not Lighted","On Roadway - Non-Intersection","Sideswipe-Same Direction","75 Sb","Dry","00:20:00","[""Unknown"",""Unknown""]","Clear",0,33.802701,-84.407862,"Atlanta","FULTON","[""Motor Vehicle in Motion"",""Motor Vehicle in Motion""]","Failure to Yield","[""Motor Vehicle in Motion"",""Motor Vehicle in Motion""]"
0,0,"Atlanta Police Department","2022-04-16","I-75 85 and I-20 East Bound","(C) Possible Injury / Complaint","Dark-Lighted","Off Roadway","Rear End","I-20 East Bound","Dry","20:50:00","[""Lap and Shoulder Belt Used"",""Lap and Shoulder Belt Used"",""Lap and Shoulder Belt Used""]","Clear",0,33.744653,-84.399242,"Atlanta","FULTON","[""Motor Vehicle in Motion"",""Motor Vehicle in Motion"",""Motor Vehicle in Motion""]","[""Following Too Close"",""Following Too Close""]","[""Motor Vehicle in Motion"",""Motor Vehicle in Motion"",""Motor Vehicle in Motion""]"
0,0,"Atlanta Police Department","2022-04-16","Sylvan Rd Sw and Katherwood Dr Sw","(O) No Injury","Dark-Lighted","On Roadway - Roadway Intersection","Sideswipe-Opposite Direction","Katherwood Dr Sw","Dry","00:18:00","Unknown","Clear",0,33.711057,-84.419077,"Atlanta","FULTON","[""Motor Vehicle in Motion"",""Parked Motor Vehicle""]","Aggressive Driving","[""Motor Vehicle in Motion"",""Parked Motor Vehicle""]"
0,0,"Atlanta Police Department","2022-04-16","Branch Dr Sw and Boulder Park Dr Sw","(O) No Injury","Dark-Lighted","On Roadway - Driveway Intersection","Not a Collision with Motor Vehicle","Boulder Park Dr Sw","Dry","01:49:00","[""Lap and Shoulder Belt Used"",""Lap and Shoulder Belt Used""]","Clear",0,33.749012,-84.511073,"Atlanta","FULTON","Motor Vehicle in Motion","Driver Lost Control","Motor Vehicle in Motion"
0,0,"Gsp Post 00","2022-04-16","Capitol Square and Washington Street","(O) No Injury","Dark-Lighted","Off Roadway","Head On","Capitol Square","Wet","05:52:00","Unknown","Rain",0,33.748347,-84.3883,"Atlanta","FULTON","Other - Fixed Object","Disregard Stop Sign/Signal","Other - Fixed Object"
0,0,"Gsp Post 00","2022-04-16","None and I-75N Mm 245","(C) Possible Injury / Complaint","Daylight","On Roadway - Non-Intersection","Rear End","I-75N Mm 245","Dry","16:49:00","[""Unknown"",""Lap and Shoulder Belt Used"",""Lap and Shoulder Belt Used"",""Child Restraint System (Properly Used)""]","Clear",0,33.72846,-84.393034,"Atlanta","FULTON","[""Motor Vehicle in Motion"",""Motor Vehicle in Motion"",""Motor Vehicle in Motion""]",,"[""Motor Vehicle in Motion"",""Motor Vehicle in Motion"",""Motor Vehicle in Motion""]"
0,0,"Atlanta Police Department","2022-04-16","Tribble Ln Nw and Hermer Cir Nw","(O) No Injury","Daylight","On Roadway - Non-Intersection","Not a Collision with Motor Vehicle","Hermer Cir Nw","Dry","15:30:00","Unknown","Clear",0,33.758945,-84.485669,"Atlanta","FULTON","Motor Vehicle in Motion","Aggressive Driving","Motor Vehicle in Motion"
0,0,"Atlanta Police Department","2022-04-16","None and I-75","(O) No Injury","Dark-Lighted","On Roadway - Non-Intersection","Rear End","I-75","Water (standing or moving)","05:00:00","[""Unknown"",""Unknown""]","Rain",0,33.772303,-84.390031,"Atlanta","FULTON","[""Motor Vehicle in Motion"",""Motor Vehicle in Motion""]","Following Too Close","[""Motor Vehicle in Motion"",""Motor Vehicle in Motion""]"
0,0,"Atlanta Police Department","2022-04-16","I-20 E and Lee St Sw","(O) No Injury","Daylight","Entrance/Exit Ramp","Rear End","Lee St Sw","Dry","11:30:00","[""Unknown"",""Unknown""]","Cloudy",0,33.741354,-84.41407,"Atlanta","FULTON","[""Motor Vehicle in Motion"",""Motor Vehicle in Motion""]",,"[""Motor Vehicle in Motion"",""Motor Vehicle in Motion""]"
0,0,"Atlanta Police Department","2022-04-16","Howell Mill Rd Nw and Chattahoochee Ave Nw","(C) Possible Injury / Complaint","Dark-Not Lighted","On Roadway - Non-Intersection","Rear End","Chattahoochee Ave Nw","Dry","03:22:00","[""Unknown"",""Unknown"",""Unknown"",""Unknown"",""Unknown"",""Unknown""]","Clear",0,33.799603,-84.416123,"Atlanta","FULTON","[""Motor Vehicle in Motion"",""Motor Vehicle in Motion"",""Motor Vehicle in Motion""]","[""Disregard Other Traffic Control"",""Under the Influence (U.I.)""]","[""Motor Vehicle in Motion"",""Motor Vehicle in Motion"",""Motor Vehicle in Motion""]"
0,0,"Atlanta Police Department","2022-04-16","Northwest Dr Nw and James Jackson Pkwy Nw","(O) No Injury","Daylight","On Roadway - Roadway Intersection","Rear End","James Jackson Pkwy Nw","Dry","17:00:00","[""Unknown"",""Lap and Shoulder Belt Used""]","Clear",0,33.787594,-84.476677,"Atlanta","FULTON","[""Motor Vehicle in Motion"",""Motor Vehicle in Motion""]","Following Too Close","[""Motor Vehicle in Motion"",""Motor Vehicle in Motion""]"
0,0,"Atlanta Police Department","2022-04-16","None and I-75","(C) Possible Injury / Complaint","Dark-Lighted","On Roadway - Managed Lane (HOV, HOT, Reversible)","Sideswipe-Same Direction","I-75","Dry","00:01:00","[""Lap and Shoulder Belt Used"",""Lap and Shoulder Belt Used""]","Clear",0,33.795958,-84.392957,"Atlanta","FULTON","[""Motor Vehicle in Motion"",""Motor Vehicle in Motion""]","Changed Lanes Improperly","[""Motor Vehicle in Motion"",""Motor Vehicle in Motion""]"
0,0,"Atlanta Police Department","2022-04-16","None and I-75","(O) No Injury","Dark-Lighted","On Roadway - Managed Lane (HOV, HOT, Reversible)","Rear End","I-75","Dry","22:15:00","Unknown","Clear",0,33.753334,-84.379068,"Atlanta","FULTON","[""Motor Vehicle in Motion"",""Motor Vehicle in Motion""]","Following Too Close","[""Motor Vehicle in Motion"",""Motor Vehicle in Motion""]"
0,0,"Atlanta Police Department","2022-04-16","14Th St Nw and Williams St Nw","(O) No Injury","Daylight","On Roadway - Roadway Intersection","Angle Crash","14Th St Nw","Dry","14:52:00","[""None Used"",""Lap and Shoulder Belt Used""]","Clear",0,33.786562,-84.390426,"Atlanta","FULTON","[""Motor Vehicle in Motion"",""Motor Vehicle in Motion""]","[""Failure to Yield"",""Disregard Police - Evasion"",""Disregard Other Traffic Control""]","[""Motor Vehicle in Motion"",""Motor Vehicle in Motion""]"
0,0,"Atlanta Police Department","2022-04-16","5Th St Ne and Juniper St Ne","(O) No Injury","Daylight","On Roadway - Non-Intersection","Angle Crash","Juniper St Ne","Dry","10:00:00","[""Lap and Shoulder Belt Used"",""Lap and Shoulder Belt Used""]","Clear",0,33.776189,-84.382947,"Atlanta","FULTON","[""Motor Vehicle in Motion"",""Motor Vehicle in Motion""]","Improper Turn","[""Motor Vehicle in Motion"",""Motor Vehicle in Motion""]"
0,0,"Atlanta Police Department","2022-04-17","Whitefoord Ave Ne and Hosea L Williams Dr Ne","(O) No Injury","Daylight","On Roadway - Roadway Intersection","Angle Crash","Hosea L Williams Dr Ne","Dry","13:40:00","[""Unknown"",""Unknown"",""Unknown""]","Clear",0,33.753429,-84.342003,"Atlanta","DEKALB","[""Motor Vehicle in Motion"",""Motor Vehicle in Motion""]",,"[""Motor Vehicle in Motion"",""Motor Vehicle in Motion""]"
0,1,"Clayton Co Police Department","2022-04-17","None and I 285","(B) Suspected Minor/Visible Injury","Daylight","Off Roadway","Not a Collision with Motor Vehicle","I 285","Dry","12:04:00","Lap and Shoulder Belt Used","Clear",0,33.655214,-84.364585,"Atlanta","FULTON","Ditch","Too Fast for Conditions","Ditch"
0,0,"Atlanta Police Department","2022-04-17","Cleveland Ave Se and Gulf Vista Apartments","(O) No Injury","Daylight","On Roadway - Driveway Intersection","Rear End","Cleveland Ave Se","Dry","15:30:00","[""Lap and Shoulder Belt Used"",""Lap and Shoulder Belt Used""]","Cloudy",0,33.680603,-84.3785,"Atlanta","FULTON","[""Motor Vehicle in Motion"",""Motor Vehicle in Motion""]","Following Too Close","[""Motor Vehicle in Motion"",""Motor Vehicle in Motion""]"
0,0,"Atlanta Police Department","2022-04-17","W Lake Ave Sw and Ralph David Abernathy Blvd Sw","(C) Possible Injury / Complaint","Dark-Not Lighted","On Roadway - Non-Intersection","Head On","Ralph David Abernathy Blvd Sw","Dry","02:24:00","[""Lap and Shoulder Belt Used"",""Lap and Shoulder Belt Used"",""Lap and Shoulder Belt Used"",""Lap and Shoulder Belt Used""]","Fog",0,33.750003,-84.444433,"Atlanta","FULTON","[""Motor Vehicle in Motion"",""Motor Vehicle in Motion""]","Driver Lost Control","[""Motor Vehicle in Motion"",""Motor Vehicle in Motion""]"
0,0,"Atlanta Police Department","2022-04-17","I-75 S and John Wesley Dobbs Ave Ne","(O) No Injury","Daylight","On Roadway - Non-Intersection","Rear End","John Wesley Dobbs Ave Ne","Dry","13:03:00","[""Unknown"",""Unknown""]","Cloudy",0,33.757574,-84.378754,"Atlanta","FULTON","[""Motor Vehicle in Motion"",""Motor Vehicle in Motion""]","Changed Lanes Improperly","[""Motor Vehicle in Motion"",""Motor Vehicle in Motion""]"
0,1,"Atlanta Police Department","2022-04-17","Sandy Creek Rd Nw and Fulton Industrial Blvd Nw","(B) Suspected Minor/Visible Injury","Daylight","On Roadway - Non-Intersection","Rear End","Fulton Industrial Blvd Nw","Dry","12:30:00","[""Lap and Shoulder Belt Used"",""Lap and Shoulder Belt Used""]","Clear",0,33.783042,-84.507206,"Atlanta","FULTON","[""Motor Vehicle in Motion"",""Motor Vehicle in Motion""]","Following Too Close","[""Motor Vehicle in Motion"",""Motor Vehicle in Motion""]"
0,0,"Atlanta Police Department","2022-04-17","Peachtree Rd Ne and Grandview Ave Ne","(O) No Injury","Dark-Lighted","On Roadway - Roadway Intersection","Angle Crash","Peachtree Rd Ne","Dry","00:10:00","[""Lap and Shoulder Belt Used"",""Lap and Shoulder Belt Used"",""Lap and Shoulder Belt Used""]","Clear",0,33.840671,-84.376467,"Atlanta","FULTON","[""Motor Vehicle in Motion"",""Motor Vehicle in Motion""]","[""Occupant Distraction (Distracted)"",""Failure to Yield""]","[""Motor Vehicle in Motion"",""Motor Vehicle in Motion""]"
0,0,"Atlanta Police Department","2022-04-17","None and Trilby St Se Rp","(O) No Injury","Daylight","Off Roadway","Not a Collision with Motor Vehicle","Trilby St Se Rp","Dry","17:30:00","Unknown","Clear",0,33.744814,-84.347748,"Atlanta","DEKALB","Motor Vehicle in Motion","Driver Lost Control","Motor Vehicle in Motion"
0,0,"Atlanta Police Department","2022-04-17","Martina Dr Ne and Piedmont Rd Ne","(O) No Injury","Dark-Lighted","On Roadway - Managed Lane (HOV, HOT, Reversible)","Angle Crash","Piedmont Rd Ne","Dry","03:18:00","[""Unknown"",""Unknown""]","Clear",0,33.842437,-84.370764,"Atlanta","FULTON","[""Motor Vehicle in Motion"",""Motor Vehicle in Motion""]","Under the Influence (U.I.)","[""Motor Vehicle in Motion"",""Motor Vehicle in Motion""]"
0,0,"Atlanta Police Department","2022-04-17","Fulton St Sw and I-75 Sb Expy Sw","(O) No Injury","Daylight","On Roadway - Non-Intersection","Sideswipe-Same Direction","Fulton St Sw","Dry","17:43:00","[""Unknown"",""Unknown""]","Clear",0,33.741942,-84.392224,"Atlanta","FULTON","[""Motor Vehicle in Motion"",""Motor Vehicle in Motion""]",,"[""Motor Vehicle in Motion"",""Motor Vehicle in Motion""]"
0,0,"Atlanta Police Department","2022-04-17","Wylie St Se and Mortimer St Se","(C) Possible Injury / Complaint","Daylight","On Roadway - Non-Intersection","Angle Crash","Wylie St Se","Dry","19:04:00","[""Unknown"",""Unknown""]","Clear",0,33.752395,-84.348078,"Atlanta","DEKALB","[""Motor Vehicle in Motion"",""Parked Motor Vehicle""]",,"[""Motor Vehicle in Motion"",""Parked Motor Vehicle""]"
0,0,"Atlanta Police Department","2022-04-17","Boulevard Ne and Ponce De Leon Ave Ne","(O) No Injury","Dark-Lighted","On Roadway - Roadway Intersection","Sideswipe-Same Direction","Boulevard Ne","Dry","03:11:00","[""Lap and Shoulder Belt Used"",""Lap and Shoulder Belt Used""]","Clear",0,33.773665,-84.370906,"Atlanta","FULTON","[""Motor Vehicle in Motion"",""Motor Vehicle in Motion""]",,"[""Motor Vehicle in Motion"",""Motor Vehicle in Motion""]"
0,0,"Atlanta Police Department","2022-04-17","None and I-85","(O) No Injury","Dark-Lighted","On Roadway - Non-Intersection","Angle Crash","I-85","Dry","00:00:00","[""Unknown"",""Unknown""]","Clear",0,33.790631,-84.390876,"Atlanta","FULTON","[""Motor Vehicle in Motion"",""Motor Vehicle in Motion""]","Changed Lanes Improperly","Motor Vehicle in Motion"
0,0,"Atlanta Police Department","2022-04-17","I-75 and University Ave Sw","(C) Possible Injury / Complaint","Daylight","On Roadway - Managed Lane (HOV, HOT, Reversible)","Angle Crash","I-75","Dry","07:16:00","[""Unknown"",""Unknown"",""Unknown""]","Cloudy",0,33.721665,-84.395371,"Atlanta","FULTON","[""Motor Vehicle in Motion"",""Motor Vehicle in Motion"",""Motor Vehicle in Motion""]","Changed Lanes Improperly","[""Motor Vehicle in Motion"",""Motor Vehicle in Motion"",""Motor Vehicle in Motion""]"
0,0,"Gsp Post 00","2022-04-17","None and I85 Southbound Before Exit 248","(O) No Injury","Daylight","On Roadway - Non-Intersection","Angle Crash","I85 Southbound Before Exit 248","Dry","02:15:00","[""Lap and Shoulder Belt Used"",""Lap and Shoulder Belt Used"",""Lap and Shoulder Belt Used"",""Lap and Shoulder Belt Used""]","Clear",0,33.751374,-84.380679,"Atlanta","FULTON","[""Motor Vehicle in Motion"",""Motor Vehicle in Motion""]","Changed Lanes Improperly","[""Motor Vehicle in Motion"",""Motor Vehicle in Motion""]"
0,0,"Atlanta Police Department","2022-04-17","Piedmont Rd Ne and Rockledge Rd Ne","(O) No Injury","Daylight","On Roadway - Non-Intersection","Sideswipe-Same Direction","Piedmont Rd Ne","Dry","20:00:00","[""Lap and Shoulder Belt Used"",""Lap and Shoulder Belt Used"",""Lap and Shoulder Belt Used""]","Cloudy",0,33.809331,-84.365831,"Atlanta","FULTON","[""Motor Vehicle in Motion"",""Motor Vehicle in Motion""]","Changed Lanes Improperly","[""Motor Vehicle in Motion"",""Motor Vehicle in Motion""]"