"# Serious Injuries","# Visible Injuries","Agency Name (Crash Level) ","Date","Intersection Name (from Crash Report)","KABCO Severity","Light Conditions (Crash Level)","Location at Impact (Crash Level) ","Manner of Collision (Crash Level) ","Roadway (From Crash Report)","Surface Condition (Crash Level) ","Time","Safety Equipment (Crash Level) ","Weather Conditions (Crash Level)","# of Fatalities per Crash","Latitude","Longitude","Geolocated City","Geolocated County","First Harmful Event (Unit Order)","Operator/Pedestrian Contrib Factor (excl None, Other, No Contrib Factors)","Most Harmful Event (Crash Level)"
0,0,"Atlanta Police Department","2022-04-21","None and Orme Cir Ne","(C) Possible Injury / Complaint","Daylight","On Roadway - Non-Intersection","Sideswipe-Opposite Direction","Orme Cir Ne","Dry","14:45:00","[""Lap and Shoulder Belt Used"",""Lap and Shoulder Belt Used""]","Clear",0,33.787112,-84.368226,"Atlanta","FULTON","[""Motor Vehicle in Motion"",""Motor Vehicle in Motion""]","Improper Passing","[""Motor Vehicle in Motion"",""Motor Vehicle in Motion""]"
0,0,"Gsp Post 00","2022-04-21","Hill St and I-20 West","(C) Possible Injury / Complaint","Daylight","On Roadway - Non-Intersection","Sideswipe-Same Direction","I-20 West","Dry","18:13:00","[""Lap and Shoulder Belt Used"",""Lap and Shoulder Belt Used"",""None Used"",""None Used"",""None Used"",""None Used""]","Clear",0,33.743443,-84.374167,"Atlanta","FULTON","[""Motor Vehicle in Motion"",""Motor Vehicle in Motion""]","Changed Lanes Improperly","[""Motor Vehicle in Motion"",""Impact Attenuate""]"
0,0,"Atlanta Police Department","2022-04-21","17Th St Nw and Howell Mill Rd Nw","(C) Possible Injury / Complaint","Daylight","On Roadway - Roadway Intersection","Rear End","17Th St Nw","Dry","17:25:00","[""Shoulder Belt Only Used"",""Shoulder Belt Only Used""]","Clear",0,33.79041,-84.412048,"Atlanta","FULTON","[""Motor Vehicle in Motion"",""Motor Vehicle in Motion""]","Following Too Close","[""Motor Vehicle in Motion"",""Motor Vehicle in Motion""]"
0,0,"Gsp Post 00","2022-04-21","Mm13 and I-285 Nb","(C) Possible Injury / Complaint","Daylight","On Roadway - Non-Intersection","Rear End","I-285 Nb","Dry","11:50:00","[""Lap and Shoulder Belt Used"",""Lap and Shoulder Belt Used"",""Lap and Shoulder Belt Used""]","Clear",0,33.796965,-84.487419,"Atlanta","FULTON","[""Motor Vehicle in Motion"",""Motor Vehicle in Motion"",""Motor Vehicle in Motion""]","Changed Lanes Improperly","[""Motor Vehicle in Motion"",""Motor Vehicle in Motion"",""Motor Vehicle in Motion""]"
0,0,"Gsp Post 00","2022-04-21","I-85S and Cheshire Bridge Rd","(O) No Injury","Daylight","On Roadway - Non-Intersection","Rear End","I-85S","Dry","18:10:00","[""Lap and Shoulder Belt Used"",""Lap and Shoulder Belt Used""]","Clear",0,33.823476,-84.354419,"Atlanta","FULTON","[""Motor Vehicle in Motion"",""Motor Vehicle in Motion""]","Following Too Close","[""Motor Vehicle in Motion"",""Motor Vehicle in Motion""]"
0,0,"Atlanta Police Department","2022-04-21","Washington St Sw and Martin Luther King Jr Dr Sw","(O) No Injury","Daylight","On Roadway - Roadway Intersection","Sideswipe-Same Direction","Washington St Sw","Dry","17:50:00","[""Unknown"",""Unknown"",""Booster Seat (Properly Used)"",""Unknown""]","Clear",0,33.75002,-84.388472,"Atlanta","FULTON","[""Motor Vehicle in Motion"",""Motor Vehicle in Motion""]","Changed Lanes Improperly","[""Motor Vehicle in Motion"",""Motor Vehicle in Motion""]"
0,1,"Gsp Post 00","2022-04-21","Ga-400 N and Sydney Marcus Blvd","(B) Suspected Minor/Visible Injury","Daylight","On Roadway - Non-Intersection","Rear End","Ga-400 N","Dry","10:10:00","[""Lap and Shoulder Belt Used"",""None Used"",""Lap and Shoulder Belt Used"",""Unknown""]","Clear",0,33.828779,-84.36025,"Atlanta","FULTON","[""Motor Vehicle in Motion"",""Motor Vehicle in Motion"",""Motor Vehicle in Motion""]","Following Too Close","[""Motor Vehicle in Motion"",""Motor Vehicle in Motion"",""Motor Vehicle in Motion""]"
0,0,"Atlanta Police Department","2022-04-21","Arthur St Sw and Hubbard St Sw","(O) No Injury","Daylight","On Roadway - Roadway Intersection","Angle Crash","Arthur St Sw","Dry","12:30:00","[""Lap and Shoulder Belt Used"",""Lap and Shoulder Belt Used""]","Clear",0,33.72811,-84.40221,"Atlanta","FULTON","[""Motor Vehicle in Motion"",""Motor Vehicle in Motion""]","Failure to Yield","[""Motor Vehicle in Motion"",""Motor Vehicle in Motion""]"
0,0,"Atlanta Police Department","2022-04-21","Highland Vw Ne and N Highland Ave Ne","(O) No Injury","Daylight","On Roadway - Roadway Intersection","Rear End","Highland Vw Ne","Dry","16:00:00","[""Unknown"",""Unknown""]","Clear",0,33.779237,-84.35316,"Atlanta","FULTON","[""Motor Vehicle in Motion"",""Parked Motor Vehicle""]","Following Too Close","[""Motor Vehicle in Motion"",""Motor Vehicle in Motion""]"
0,0,"Gsp Post 00","2022-04-21","I-85 North and Peachtree St Overpass","(O) No Injury","Daylight","On Roadway - Non-Intersection","Rear End","I-85 North","Dry","09:08:00","[""Lap and Shoulder Belt Used"",""Lap and Shoulder Belt Used"",""Lap and Shoulder Belt Used""]","Cloudy",0,33.807748,-84.379133,"Atlanta","FULTON","[""Motor Vehicle in Motion"",""Motor Vehicle in Motion"",""Motor Vehicle in Motion""]","Following Too Close","[""Motor Vehicle in Motion"",""Motor Vehicle in Motion"",""Motor Vehicle in Motion""]"
0,0,"Atlanta Police Department","2022-04-21","North Ave Ne and Somerset Ter Ne","(O) No Injury","Daylight","On Roadway - Driveway Intersection","Angle Crash","Somerset Ter Ne","Dry","18:15:00","[""None Used"",""None Used""]","Clear",0,33.771134,-84.362296,"Atlanta","FULTON","[""Motor Vehicle in Motion"",""Motor Vehicle in Motion""]",,"[""Motor Vehicle in Motion"",""Motor Vehicle in Motion""]"
0,0,"Gsp Post 00","2022-04-21","I-85 N and Peachtree St","(O) No Injury","Daylight","On Roadway - Non-Intersection","Sideswipe-Same Direction","I-85 N","Dry","09:00:00","[""Unknown"",""Lap and Shoulder Belt Used""]","Clear",0,33.803718,-84.384388,"Atlanta","FULTON","[""Motor Vehicle in Motion"",""Motor Vehicle in Motion""]",,"[""Motor Vehicle in Motion"",""Motor Vehicle in Motion""]"
0,0,"Atlanta Police Department","2022-04-21","None and I-285","(O) No Injury","Dark-Not Lighted","On Roadway - Non-Intersection","Sideswipe-Same Direction","I-285","Dry","22:19:00","[""Unknown"",""Unknown""]","Clear",0,33.750558,-84.496582,"Atlanta","FULTON","[""Motor Vehicle in Motion"",""Motor Vehicle in Motion""]","Changed Lanes Improperly","[""Motor Vehicle in Motion"",""Motor Vehicle in Motion""]"
0,0,"Atlanta Police Department","2022-04-21","2Nd Ave Se and Glenwood Ave Se","(O) No Injury","Dawn","On Roadway - Roadway Intersection","Rear End","Glenwood Ave Se","Water (standing or moving)","12:00:00","[""Unknown"",""Unknown""]","Cloudy",0,33.740042,-84.309624,"Atlanta","DEKALB","[""Motor Vehicle in Motion"",""Motor Vehicle in Motion""]","Following Too Close","[""Motor Vehicle in Motion"",""Motor Vehicle in Motion""]"
0,0,"Atlanta Police Department","2022-04-21","Cleveland Ave Sw and Metropolitan Pkwy Sw","(C) Possible Injury / Complaint","Daylight","On Roadway - Roadway Intersection","Angle Crash","Metropolitan Pkwy Sw","Dry","20:05:00","[""Unknown"",""Unknown"",""Unknown""]","Clear",0,33.681692,-84.407737,"Atlanta","FULTON","[""Motor Vehicle in Motion"",""Motor Vehicle in Motion""]","Failure to Yield","[""Motor Vehicle in Motion"",""Motor Vehicle in Motion""]"
0,0,"Atlanta Police Department","2022-04-21","Druid Pl Ne and Moreland Ave Ne","(O) No Injury","Dawn","On Roadway - Driveway Intersection","Angle Crash","Druid Pl Ne","Dry","19:45:00","[""None Used"",""None Used""]","Clear",0,33.768974,-84.349022,"Atlanta","FULTON","[""Motor Vehicle in Motion"",""Motor Vehicle in Motion""]",,"[""Motor Vehicle in Motion"",""Motor Vehicle in Motion""]"
0,0,"Gsp Post 00","2022-04-21","I-75Sb and Northside Dr","(O) No Injury","Daylight","On Roadway - Non-Intersection","Rear End","I-75Sb","Dry","18:00:00","[""Lap and Shoulder Belt Used"",""Lap and Shoulder Belt Used"",""Lap and Shoulder Belt Used""]","Clear",0,33.798516,-84.39618,"Atlanta","FULTON","[""Motor Vehicle in Motion"",""Motor Vehicle in Motion"",""Motor Vehicle in Motion""]","Following Too Close","[""Motor Vehicle in Motion"",""Motor Vehicle in Motion"",""Motor Vehicle in Motion""]"
0,0,"Atlanta Police Department","2022-04-21","None and Northside Dr Nw","(O) No Injury","Daylight","On Roadway - Non-Intersection","Rear End","Northside Dr Nw","Dry","17:15:00","[""Unknown"",""Unknown"",""Unknown""]","Clear",0,33.774669,-84.408141,"Atlanta","FULTON","[""Motor Vehicle in Motion"",""Motor Vehicle in Motion""]","Following Too Close","[""Motor Vehicle in Motion"",""Motor Vehicle in Motion""]"
0,0,"Atlanta Police Department","2022-04-21","Peachtree Rd Ne and Peachtree St Ne","(O) No Injury","Dark-Not Lighted","On Roadway - Non-Intersection","Sideswipe-Same Direction","Peachtree St Ne","Dry","22:39:00","[""Unknown"",""Unknown""]","Clear",0,33.806328,-84.393941,"Atlanta","FULTON","[""Motor Vehicle in Motion"",""Motor Vehicle in Motion""]","Changed Lanes Improperly","[""Motor Vehicle in Motion"",""Motor Vehicle in Motion""]"
0,0,"Gsp Post 00","2022-04-21","Prior Rd Overpass and I-7585 Northbound","(C) Possible Injury / Complaint","Daylight","On Roadway - Non-Intersection","Rear End","I-7585 Northbound","Dry","16:15:00","[""Unknown"",""Lap and Shoulder Belt Used""]","Clear",0,33.726341,-84.39347,"Atlanta","FULTON","[""Motor Vehicle in Motion"",""Motor Vehicle in Motion""]","Following Too Close","[""Motor Vehicle in Motion"",""Motor Vehicle in Motion""]"
0,0,"Atlanta Police Department","2022-04-21","Dimmock St Sw and Peeples St Sw","(O) No Injury","Daylight","On Roadway - Non-Intersection","Rear End","Peeples St Sw","Dry","12:15:00","Lap and Shoulder Belt Used","Clear",0,33.728134,-84.421897,"Atlanta","FULTON","[""Motor Vehicle in Motion"",""Motor Vehicle in Motion""]","Too Fast for Conditions","[""Motor Vehicle in Motion"",""Motor Vehicle in Motion""]"
0,0,"Atlanta Police Department","2022-04-21","Roswell Rd Nw and Piedmont Rd Ne","(O) No Injury","Daylight","On Roadway - Roadway Intersection","Rear End","Piedmont Rd Ne","Dry","07:30:00","[""Unknown"",""Unknown""]","Clear",0,33.854244,-84.382669,"Atlanta","FULTON","[""Motor Vehicle in Motion"",""Motor Vehicle in Motion""]","Following Too Close","[""Motor Vehicle in Motion"",""Motor Vehicle in Motion""]"
0,0,"Atlanta Police Department","2022-04-21","Ethel St Nw and Northside Dr Nw","(O) No Injury","Daylight","On Roadway - Non-Intersection","Angle Crash","Ethel St Nw","Dry","16:15:00","[""None Used"",""None Used"",""None Used""]","Clear",0,33.784551,-84.407691,"Atlanta","FULTON","[""Motor Vehicle in Motion"",""Motor Vehicle in Motion""]","Failure to Yield","[""Motor Vehicle in Motion"",""Motor Vehicle in Motion""]"
0,0,"Atlanta Police Department","2022-04-21","None and I-85","(O) No Injury","Daylight","On Roadway - Non-Intersection","Rear End","I-85","Dry","17:56:00","[""Shoulder Belt Only Used"",""Shoulder Belt Only Used"",""Shoulder Belt Only Used""]","Clear",0,33.799956,-84.391156,"Atlanta","FULTON","[""Motor Vehicle in Motion"",""Motor Vehicle in Motion""]","Following Too Close","[""Motor Vehicle in Motion"",""Motor Vehicle in Motion""]"
0,0,"Atlanta Police Department","2022-04-21","Northside Pkwy Nw and W Paces Ferry Rd Nw","(O) No Injury","Dark-Lighted","On Roadway - Non-Intersection","Angle Crash","Northside Pkwy Nw","Dry","21:20:00","[""Unknown"",""Unknown""]","Clear",0,33.849067,-84.43003,"Atlanta","FULTON","[""Motor Vehicle in Motion"",""Motor Vehicle in Motion""]","Failure to Yield","[""Motor Vehicle in Motion"",""Motor Vehicle in Motion""]"
0,0,"Gsp Post 00","2022-04-21","I-7585 N and Ralph Mcgill Blvd","(O) No Injury","Dark-Lighted","On Roadway - Non-Intersection","Angle Crash","I-7585 N","Dry","02:53:00","[""Unknown"",""Lap and Shoulder Belt Used""]","Clear",0,33.764362,-84.383945,"Atlanta","FULTON","[""Motor Vehicle in Motion"",""Motor Vehicle in Motion""]","Disregard Police - Evasion","[""Motor Vehicle in Motion"",""Motor Vehicle in Motion""]"
0,0,"Atlanta Police Department","2022-04-21","3Rd St Ne and Peachtree St Ne","(C) Possible Injury / Complaint","Daylight","On Roadway - Roadway Intersection","Angle Crash","Peachtree St Ne","Dry","16:49:00","[""Unknown"",""Unknown""]","Clear",0,33.773679,-84.384756,"Atlanta","FULTON","[""Motor Vehicle in Motion"",""Motor Vehicle in Motion""]",,"[""Motor Vehicle in Motion"",""Motor Vehicle in Motion""]"
0,0,"Gsp Post 00","2022-04-21","Langhorn and I-285 Nb","(O) No Injury","Daylight","On Roadway - Non-Intersection","Rear End","I-285 Nb","Dry","17:00:00","[""Lap and Shoulder Belt Used"",""Lap and Shoulder Belt Used""]","Clear",0,33.690104,-84.499932,"Atlanta","FULTON","[""Motor Vehicle in Motion"",""Motor Vehicle in Motion""]","Following Too Close","[""Motor Vehicle in Motion"",""Motor Vehicle in Motion""]"
0,0,"Atlanta Police Department","2022-04-21","White St Sw and Joseph E Lowery Blvd Sw","(C) Possible Injury / Complaint","Daylight","On Roadway - Non-Intersection","Rear End","Joseph E Lowery Blvd Sw","Dry","11:02:00","[""Unknown"",""Unknown""]","Cloudy",0,33.732533,-84.417731,"Atlanta","FULTON","[""Motor Vehicle in Motion"",""Motor Vehicle in Motion""]","Following Too Close","[""Motor Vehicle in Motion"",""Motor Vehicle in Motion""]"
0,0,"Atlanta Police Department","2022-04-21","Memorial Dr Se and Moreland Ave Se","(O) No Injury","Daylight","On Roadway - Roadway Intersection","Angle Crash","Memorial Dr Se","Dry","13:21:00","[""Unknown"",""Unknown""]","Clear",0,33.747581,-84.349215,"Atlanta","FULTON","[""Motor Vehicle in Motion"",""Motor Vehicle in Motion""]","Changed Lanes Improperly","[""Motor Vehicle in Motion"",""Motor Vehicle in Motion""]"
0,0,"Gsp Post 00","2022-04-21","I-20 and I-285 South","(O) No Injury","Daylight","On Roadway - Non-Intersection","Rear End","I-285 South","Dry","12:55:00","[""Unknown"",""Lap and Shoulder Belt Used"",""Lap and Shoulder Belt Used"",""Child Restraint System (Properly Used)""]","Clear",0,33.774192,-84.496319,"Atlanta","FULTON","[""Motor Vehicle in Motion"",""Motor Vehicle in Motion""]","Following Too Close","[""Motor Vehicle in Motion"",""Motor Vehicle in Motion""]"
0,0,"Atlanta Police Department","2022-04-21","Jones Ave Nw and Edwards St Nw","(O) No Injury","Daylight","On Roadway - Driveway Intersection","Rear End","Jones Ave Nw","Dry","17:43:00","[""Shoulder Belt Only Used"",""Shoulder Belt Only Used""]","Clear",0,33.764266,-84.403777,"Atlanta","FULTON","[""Motor Vehicle in Motion"",""Motor Vehicle in Motion""]","Under the Influence (U.I.)","[""Motor Vehicle in Motion"",""Motor Vehicle in Motion""]"
0,0,"Gsp Post 00","2022-04-21","I-75/85 and I-20 East","(O) No Injury","Daylight","On Roadway - Non-Intersection","Not a Collision with Motor Vehicle","I-20 East","Dry","18:20:00","[""Unknown"",""Lap and Shoulder Belt Used""]","Clear",0,33.745168,-84.398032,"Atlanta","FULTON","[""Cargo/Equipment Loss or Shift"",""Other Object (Not Fixed)""]",,"[""Cargo/Equipment Lost or Shift"",""Impact Attenuate""]"
0,0,"Atlanta Police Department","2022-04-21","Williams St Nw and Ivan Allen Jr Blvd Nw","(O) No Injury","Dark-Lighted","On Roadway - Roadway Intersection","Angle Crash","Williams St Nw","Dry","22:05:00","[""Lap and Shoulder Belt Used"",""Lap and Shoulder Belt Used""]","Clear",0,33.764674,-84.390349,"Atlanta","FULTON","[""Motor Vehicle in Motion"",""Motor Vehicle in Motion""]","Failure to Yield","[""Motor Vehicle in Motion"",""Motor Vehicle in Motion""]"
0,0,"Gsp Post 00","2022-04-21","Private Dr and Armstrong St Se","(O) No Injury","Daylight","On Roadway - Non-Intersection","Not a Collision with Motor Vehicle","Armstrong St Se","Dry","13:32:00","Lap and Shoulder Belt Used","Clear",0,33.752231,-84.381218,"Atlanta","FULTON","Other Non-Collision","Improper Backing","Utility Pole"
0,0,"Gsp Post 00","2022-04-21","I-85Sb and Cheshire Bridge Rd","(O) No Injury","Daylight","On Roadway - Non-Intersection","Sideswipe-Same Direction","I-85Sb","Dry","15:57:00","[""Lap and Shoulder Belt Used"",""Lap and Shoulder Belt Used""]","Clear",0,33.82078,-84.360934,"Atlanta","FULTON","[""Motor Vehicle in Motion"",""Motor Vehicle in Motion""]","Changed Lanes Improperly","[""Motor Vehicle in Motion"",""Motor Vehicle in Motion""]"
0,0,"Atlanta Police Department","2022-04-21","Headland Dr Sw and Greenbriar Pkwy Sw","(O) No Injury","Daylight","On Roadway - Non-Intersection","Sideswipe-Same Direction","Greenbriar Pkwy Sw","Dry","11:45:00","[""Unknown"",""Unknown"",""Unknown""]","Cloudy",0,33.690146,-84.489083,"Atlanta","FULTON","[""Motor Vehicle in Motion"",""Motor Vehicle in Motion""]","Changed Lanes Improperly","[""Motor Vehicle in Motion"",""Motor Vehicle in Motion""]"
0,0,"Gsp Post 00","2022-04-21","Ga-400 N and Sidney Marcus Blvd","(O) No Injury","Daylight","On Roadway - Non-Intersection","Rear End","Ga-400 N","Dry","10:45:00","[""Lap and Shoulder Belt Used"",""Lap and Shoulder Belt Used"",""Lap and Shoulder Belt Used""]","Cloudy",0,33.844996,-84.364899,"Atlanta","FULTON","[""Motor Vehicle in Motion"",""Motor Vehicle in Motion""]","Following Too Close","[""Motor Vehicle in Motion"",""Motor Vehicle in Motion""]"
0,0,"Atlanta Police Department","2022-04-21","Lee St Sw and Oak St Sw","(O) No Injury","Daylight","On Roadway - Roadway Intersection","Angle Crash","Oak St Sw","Dry","16:05:00","[""Unknown"",""Unknown"",""Unknown""]","Clear",0,33.740627,-84.414036,"Atlanta","FULTON","[""Motor Vehicle in Motion"",""Motor Vehicle in Motion""]","Failure to Yield","[""Motor Vehicle in Motion"",""Motor Vehicle in Motion""]"
0,0,"Atlanta Police Department","2022-04-21","Wylie St Se and Leslie St Se","(O) No Injury","Dark-Lighted","On Roadway - Non-Intersection","Sideswipe-Opposite Direction","Leslie St Se","Dry","20:00:00","Unknown","Clear",0,33.751319,-84.343501,"Atlanta","DEKALB","[""Parked Motor Vehicle"",""Motor Vehicle in Motion""]","Changed Lanes Improperly","[""Parked Motor Vehicle"",""Motor Vehicle in Motion""]"
1,0,"Atlanta Police Department","2022-04-21","Summit North Dr Ne and Sidney Marcus Blvd Ne","(A) Suspected Serious Injury","Daylight","On Roadway - Driveway Intersection","Not a Collision with Motor Vehicle","Summit North Dr Ne","Dry","08:07:00","[""Unknown"",""None Used""]","Cloudy",0,33.825823,-84.362098,"Atlanta","FULTON","[""Motor Vehicle in Motion"",""Motor Vehicle in Motion""]","Failure to Yield","Motor Vehicle in Motion"
0,0,"Atlanta Police Department","2022-04-21","Fairburn Rd Sw and Wildwood Park Townhomes","(O) No Injury","Daylight","On Roadway - Driveway Intersection","Sideswipe-Opposite Direction","Fairburn Rd Sw","Dry","14:00:00","[""Lap and Shoulder Belt Used"",""Lap and Shoulder Belt Used""]","Clear",0,33.743739,-84.509451,"Atlanta","FULTON","[""Motor Vehicle in Motion"",""Motor Vehicle in Motion""]","Changed Lanes Improperly","[""Motor Vehicle in Motion"",""Motor Vehicle in Motion""]"
0,0,"Atlanta Police Department","2022-04-21","Carter St Nw and Northside Dr Nw","(C) Possible Injury / Complaint","Daylight","On Roadway - Non-Intersection","Rear End","Northside Dr Nw","Dry","18:16:00","[""Lap and Shoulder Belt Used"",""None Used""]","Clear",0,33.756279,-84.402793,"Atlanta","FULTON","[""Motor Vehicle in Motion"",""Motor Vehicle in Motion""]","[""Following Too Close"",""Inattentive or Other Distraction (Distracted)""]","[""Motor Vehicle in Motion"",""Motor Vehicle in Motion""]"
0,2,"Atlanta Police Department","2022-04-21","Central Ave Sw and Ralph David Abernathy Blvd Sw","(B) Suspected Minor/Visible Injury","Daylight","On Roadway - Driveway Intersection","Angle Crash","Central Ave Sw","Dry","18:33:00","[""Unknown"",""Unknown"",""Unknown""]","Clear",0,33.736314,-84.393496,"Atlanta","FULTON","[""Motor Vehicle in Motion"",""Motor Vehicle in Motion""]","Improper Turn","[""Motor Vehicle in Motion"",""Motor Vehicle in Motion""]"
0,0,"Atlanta Police Department","2022-04-21","75S and Northside Dr Nw","(O) No Injury","Daylight","On Roadway - Roadway Intersection","Rear End","Northside Dr Nw","Dry","09:00:00","[""Lap and Shoulder Belt Used"",""Lap and Shoulder Belt Used""]","Clear",0,33.801324,-84.407816,"Atlanta","FULTON","[""Motor Vehicle in Motion"",""Motor Vehicle in Motion""]",,"[""Motor Vehicle in Motion"",""Motor Vehicle in Motion""]"
0,0,"Gsp Post 00","2022-04-21","I-75 N and 14Th Street","(C) Possible Injury / Complaint","Daylight","On Roadway - Non-Intersection","Rear End","I-75 N","Dry","08:00:00","[""Lap and Shoulder Belt Used"",""Lap and Shoulder Belt Used"",""Lap and Shoulder Belt Used""]","Clear",0,33.789391,-84.390813,"Atlanta","FULTON","[""Motor Vehicle in Motion"",""Motor Vehicle in Motion"",""Motor Vehicle in Motion""]","Following Too Close","[""Motor Vehicle in Motion"",""Motor Vehicle in Motion"",""Motor Vehicle in Motion""]"
0,0,"Atlanta Police Department","2022-04-21","Argonne Ave Ne and Ponce De Leon Ave Ne","(O) No Injury","Daylight","On Roadway - Non-Intersection","Sideswipe-Same Direction","Argonne Ave Ne","Dry","08:37:00","Unknown","Cloudy",0,33.772922,-84.377688,"Atlanta","FULTON","[""Motor Vehicle in Motion"",""Motor Vehicle in Motion""]","Misjudged Clearance","[""Motor Vehicle in Motion"",""Motor Vehicle in Motion""]"
0,0,"Gsp Post 00","2022-04-21","Interstate 20 and Interstate 7585 North","(O) No Injury","Daylight","On Roadway - Non-Intersection","Sideswipe-Same Direction","Interstate 7585 North","Dry","13:37:00","[""Lap and Shoulder Belt Used"",""Lap and Shoulder Belt Used""]","Clear",0,33.750623,-84.381065,"Atlanta","FULTON","[""Motor Vehicle in Motion"",""Motor Vehicle in Motion""]","Changed Lanes Improperly","[""Motor Vehicle in Motion"",""Motor Vehicle in Motion""]"
0,1,"Atlanta Police Department","2022-04-21","Fairburn Rd Sw and Campbellton Rd Sw","(B) Suspected Minor/Visible Injury","Daylight","On Roadway - Non-Intersection","Not a Collision with Motor Vehicle","Campbellton Rd Sw","Dry","20:00:00","[""Unknown"",""None Used""]","Clear",0,33.690567,-84.511094,"Atlanta","FULTON","[""Motor Vehicle in Motion"",""Motor Vehicle in Motion""]","[""Inattentive or Other Distraction (Distracted)"",""Inattentive or Other Distraction (Distracted)""]","Motor Vehicle in Motion"
0,0,"Atlanta Police Department","2022-04-21","Krog St Ne and Dekalb Ave Ne","(O) No Injury","Daylight","On Roadway - Roadway Intersection","Sideswipe-Same Direction","Dekalb Ave Ne","Dry","17:30:00","[""Unknown"",""Unknown"",""Unknown"",""Unknown""]","Clear",0,33.753491,-84.363868,"Atlanta","FULTON","[""Motor Vehicle in Motion"",""Motor Vehicle in Motion""]","Changed Lanes Improperly","[""Motor Vehicle in Motion"",""Motor Vehicle in Motion""]"
0,2,"Gsp Post 00","2022-04-21","Ga-13 S and Piedmont Road","(B) Suspected Minor/Visible Injury","Daylight","On Roadway - Non-Intersection","Rear End","Ga-13 S","Dry","08:55:00","[""Lap and Shoulder Belt Used"",""Lap and Shoulder Belt Used"",""Lap and Shoulder Belt Used"",""Lap and Shoulder Belt Used"",""Lap and Shoulder Belt Used""]","Clear",0,33.812092,-84.368635,"Atlanta","FULTON","[""Motor Vehicle in Motion"",""Motor Vehicle in Motion""]","Following Too Close","[""Motor Vehicle in Motion"",""Motor Vehicle in Motion""]"
0,0,"Atlanta Police Department","2022-04-21","None and I-85 Exit 77 Rp","(O) No Injury","Dark-Lighted","On Roadway - Non-Intersection","Sideswipe-Same Direction","I-85 Exit 77 Rp","Dry","20:40:00","Unknown","Clear",0,33.685237,-84.404689,"Atlanta","FULTON","[""Motor Vehicle in Motion"",""Motor Vehicle in Motion""]","Changed Lanes Improperly","[""Motor Vehicle in Motion"",""Motor Vehicle in Motion""]"
0,0,"Gsp Post 00","2022-04-21","I-85Sb and Peachtree Rd","(O) No Injury","Daylight","On Roadway - Non-Intersection","Rear End","I-85Sb","Dry","19:40:00","[""Unknown"",""Lap and Shoulder Belt Used""]","Clear",0,33.793982,-84.393335,"Atlanta","FULTON","[""Motor Vehicle in Motion"",""Motor Vehicle in Motion""]","Following Too Close","[""Motor Vehicle in Motion"",""Motor Vehicle in Motion""]"
0,0,"Atlanta Police Department","2022-04-21","Roswell Rd Ne and Honour Ave Nw","(O) No Injury","Daylight","On Roadway - Roadway Intersection","Angle Crash","Honour Ave Nw","Dry","16:50:00","[""Lap and Shoulder Belt Used"",""Lap and Shoulder Belt Used""]","Clear",0,33.851805,-84.382961,"Atlanta","FULTON","[""Motor Vehicle in Motion"",""Motor Vehicle in Motion""]","Improper Turn","[""Motor Vehicle in Motion"",""Motor Vehicle in Motion""]"
0,0,"Atlanta Police Department","2022-04-21","Western Ave Nw and Northside Dr Nw","(O) No Injury","Daylight","On Roadway - Non-Intersection","Sideswipe-Opposite Direction","Western Ave Nw","Dry","15:30:00","[""Unknown"",""Unknown""]","Clear",0,33.764899,-84.403953,"Atlanta","FULTON","[""Motor Vehicle in Motion"",""Motor Vehicle in Motion""]","Misjudged Clearance","Motor Vehicle in Motion"
0,0,"Gsp Post 00","2022-04-21","I-75/85 and I-20 Eb","(O) No Injury","Daylight","On Roadway - Non-Intersection","Rear End","I-20 Eb","Dry","17:59:00","[""Unknown"",""Lap and Shoulder Belt Used"",""Lap and Shoulder Belt Used"",""Lap and Shoulder Belt Used""]","Clear",0,33.745098,-84.389775,"Atlanta","FULTON","[""Motor Vehicle in Motion"",""Motor Vehicle in Motion"",""Motor Vehicle in Motion""]","[""Changed Lanes Improperly"",""Following Too Close""]","[""Motor Vehicle in Motion"",""Motor Vehicle in Motion"",""Motor Vehicle in Motion""]"
0,0,"Gsp Post 00","2022-04-21","Fulton St and 7585 North","(O) No Injury","Daylight","On Roadway - Non-Intersection","Sideswipe-Same Direction","7585 North","Dry","12:00:00","[""Lap and Shoulder Belt Used"",""Lap and Shoulder Belt Used""]","Clear",0,33.733944,-84.391709,"Atlanta","FULTON","[""Motor Vehicle in Motion"",""Motor Vehicle in Motion""]","Changed Lanes Improperly","[""Motor Vehicle in Motion"",""Motor Vehicle in Motion""]"
0,0,"Atlanta Police Department","2022-04-21","13Th St Ne and W Peachtree St Nw","(O) No Injury","Dark-Not Lighted","On Roadway - Driveway Intersection","Sideswipe-Same Direction","W Peachtree St Nw","Dry","09:30:00","[""Lap and Shoulder Belt Used"",""Lap and Shoulder Belt Used""]","Cloudy",0,33.785226,-84.387819,"Atlanta","FULTON","[""Motor Vehicle in Motion"",""Motor Vehicle in Motion""]","Improper Turn","[""Motor Vehicle in Motion"",""Motor Vehicle in Motion""]"