"# Serious Injuries","# Visible Injuries","Agency Name (Crash Level) ","Date","Intersection Name (from Crash Report)","KABCO Severity","Light Conditions (Crash Level)","Location at Impact (Crash Level) ","Manner of Collision (Crash Level) ","Roadway (From Crash Report)","Surface Condition (Crash Level) ","Time","Safety Equipment (Crash Level) ","Weather Conditions (Crash Level)","# of Fatalities per Crash","Latitude","Longitude","Geolocated City","Geolocated County","First Harmful Event (Unit Order)","Operator/Pedestrian Contrib Factor (excl None, Other, No Contrib Factors)","Most Harmful Event (Crash Level)"
0,0,"Atlanta Police Department","2022-04-22","None and I-75","(O) No Injury","Dark-Lighted","On Roadway - Non-Intersection","Rear End","I-75","Dry","21:00:00","[""Unknown"",""Unknown""]","Clear",0,33.771969,-84.390043,"Atlanta","FULTON","[""Motor Vehicle in Motion"",""Motor Vehicle in Motion""]","Following Too Close","[""Motor Vehicle in Motion"",""Motor Vehicle in Motion""]"
0,0,"Atlanta Police Department","2022-04-22","University Ave Sw and Metropolitan Pkwy Sw","(O) No Injury","Daylight","On Roadway - Driveway Intersection","Angle Crash","Metropolitan Pkwy Sw","Dry","15:37:00","[""Unknown"",""Unknown"",""Unknown"",""Unknown"",""Unknown""]","Clear",0,33.721265,-84.407865,"Atlanta","FULTON","[""Motor Vehicle in Motion"",""Motor Vehicle in Motion"",""Motor Vehicle in Motion""]","Improper Turn","[""Motor Vehicle in Motion"",""Motor Vehicle in Motion"",""Motor Vehicle in Motion""]"
0,1,"Atlanta Police Department","2022-04-22","None and I-75 Exit 244 Rp","(B) Suspected Minor/Visible Injury","Dark-Lighted","Entrance/Exit Ramp","Not a Collision with Motor Vehicle","I-75 Exit 244 Rp","Dry","22:29:00","[""Lap and Shoulder Belt Used"",""Lap and Shoulder Belt Used""]","Clear",0,33.72443,-84.394013,"Atlanta","FULTON","Motor Vehicle in Motion","[""Driver Condition"",""Under the Influence (U.I.)""]","Motor Vehicle in Motion"
0,0,"Atlanta Police Department","2022-04-22","14Th St Nw and State St Nw","(O) No Injury","Daylight","On Roadway - Roadway Intersection","Angle Crash","State St Nw","Dry","15:10:00","[""Unknown"",""Unknown""]","Clear",0,33.786193,-84.398736,"Atlanta","FULTON","[""Motor Vehicle in Motion"",""Motor Vehicle in Motion""]","Misjudged Clearance","[""Motor Vehicle in Motion"",""Motor Vehicle in Motion""]"
0,0,"Atlanta Police Department","2022-04-22","11Th St Nw and Northside Dr Nw","(C) Possible Injury / Complaint","Daylight","On Roadway - Roadway Intersection","Not a Collision with Motor Vehicle","11Th St Nw","Dry","18:00:00","Bicycle Helmet","Clear",0,33.782959,-84.407469,"Atlanta","FULTON","[""Motor Vehicle in Motion"",""Pedal-Cycle""]","Changed Lanes Improperly","[""Motor Vehicle in Motion"",""Pedal-Cycle""]"
0,0,"Atlanta Police Department","2022-04-22","Westview Dr Sw and Joseph E Lowery Blvd Sw","(C) Possible Injury / Complaint","Daylight","On Roadway - Roadway Intersection","Rear End","Westview Dr Sw","Dry","18:35:00","[""Lap and Shoulder Belt Used"",""Lap and Shoulder Belt Used"",""Lap and Shoulder Belt Used"",""None Used"",""None Used"",""Unknown"",""Unknown"",""Unknown""]","Clear",0,33.746661,-84.417568,"Atlanta","FULTON","[""Motor Vehicle in Motion"",""Motor Vehicle in Motion""]","Following Too Close","[""Motor Vehicle in Motion"",""Motor Vehicle in Motion""]"
0,0,"Gsp Post 00","2022-04-22","Langhorn and I-20 East","(C) Possible Injury / Complaint","Daylight","On Roadway - Non-Intersection","Rear End","I-20 East","Dry","17:57:00","[""Lap and Shoulder Belt Used"",""Lap and Shoulder Belt Used""]","Clear",0,33.746596,-84.431027,"Atlanta","FULTON","[""Motor Vehicle in Motion"",""Motor Vehicle in Motion""]","Following Too Close","[""Motor Vehicle in Motion"",""Motor Vehicle in Motion""]"
0,0,"Atlanta Police Department","2022-04-22","Glenwood Ave Se and Moreland Ave Se","(O) No Injury","Daylight","On Roadway - Roadway Intersection","Sideswipe-Same Direction","Moreland Ave Se","Dry","16:10:00","[""Lap and Shoulder Belt Used"",""Lap and Shoulder Belt Used""]","Clear",0,33.740254,-84.349267,"Atlanta","FULTON","[""Motor Vehicle in Motion"",""Motor Vehicle in Motion""]",,"[""Motor Vehicle in Motion"",""Motor Vehicle in Motion""]"
0,0,"Atlanta Police Department","2022-04-22","N Highland Ave Ne and E John Lewis Freedom Pkwy Ne","(O) No Injury","Daylight","On Roadway - Non-Intersection","Rear End","N Highland Ave Ne","Dry","20:15:00","[""Lap and Shoulder Belt Used"",""Lap and Shoulder Belt Used""]","Clear",0,33.769854,-84.352524,"Atlanta","FULTON","[""Motor Vehicle in Motion"",""Motor Vehicle in Motion""]","Following Too Close","[""Motor Vehicle in Motion"",""Motor Vehicle in Motion""]"
0,0,"Atlanta Police Department","2022-04-22","14Th St Nw and Spring St Nw","(O) No Injury","Daylight","On Roadway - Roadway Intersection","Sideswipe-Same Direction","Spring St Nw","Dry","12:00:00","[""Unknown"",""Unknown"",""Unknown""]","Clear",0,33.786951,-84.389253,"Atlanta","FULTON","[""Motor Vehicle in Motion"",""Motor Vehicle in Motion""]","Changed Lanes Improperly","[""Motor Vehicle in Motion"",""Motor Vehicle in Motion""]"
0,0,"Gsp Post 00","2022-04-22","I-20 and I-285 Southbound","(O) No Injury","Daylight","On Roadway - Non-Intersection","Sideswipe-Same Direction","I-285 Southbound","Dry","13:05:00","[""Unknown"",""Lap and Shoulder Belt Used""]","Clear",0,33.769414,-84.495193,"Atlanta","FULTON","[""Motor Vehicle in Motion"",""Motor Vehicle in Motion""]","Changed Lanes Improperly","[""Motor Vehicle in Motion"",""Motor Vehicle in Motion""]"
0,0,"Atlanta Police Department","2022-04-22","Reed St Se and Georgia Ave Se","(O) No Injury","Daylight","On Roadway - Roadway Intersection","Head On","Georgia Ave Se","Dry","16:30:00","[""Lap and Shoulder Belt Used"",""Lap and Shoulder Belt Used"",""Lap and Shoulder Belt Used""]","Clear",0,33.736818,-84.385545,"Atlanta","FULTON","[""Motor Vehicle in Motion"",""Motor Vehicle in Motion"",""Motor Vehicle in Motion""]","Improper Turn","[""Motor Vehicle in Motion"",""Motor Vehicle in Motion"",""Motor Vehicle in Motion""]"
0,0,"Atlanta Police Department","2022-04-22","North Ave Ne and Moreland Ave Ne","(O) No Injury","Daylight","On Roadway - Roadway Intersection","Rear End","North Ave Ne","Dry","11:34:00","[""Lap and Shoulder Belt Used"",""Lap and Shoulder Belt Used""]","Clear",0,33.771085,-84.348669,"Atlanta","DEKALB","[""Motor Vehicle in Motion"",""Motor Vehicle in Motion""]","Improper Backing","[""Motor Vehicle in Motion"",""Motor Vehicle in Motion""]"
0,0,"Gsp Post 00","2022-04-22","Howell Mill Rd and I-75 Sb Entrance Ramp","(O) No Injury","Daylight","Entrance/Exit Ramp","Rear End","I-75 Sb Entrance Ramp","Dry","17:15:00","[""Lap and Shoulder Belt Used"",""Lap and Shoulder Belt Used""]","Clear",0,33.803276,-84.409874,"Atlanta","FULTON","[""Motor Vehicle in Motion"",""Motor Vehicle in Motion""]","[""Following Too Close"",""Other Activity - Mobile Device (Distracted)""]","[""Motor Vehicle in Motion"",""Motor Vehicle in Motion""]"
0,0,"Gsp Post 00","2022-04-22","I-20 Eb and Joseph  E Lowry Blvd","(O) No Injury","Daylight","On Roadway - Non-Intersection","Sideswipe-Same Direction","I-20 Eb","Dry","08:16:00","[""Lap and Shoulder Belt Used"",""Lap and Shoulder Belt Used""]","Clear",0,33.74826,-84.440939,"Atlanta","FULTON","[""Motor Vehicle in Motion"",""Motor Vehicle in Motion""]",,"[""Impact Attenuate"",""Motor Vehicle in Motion""]"
0,0,"Gsp Post 00","2022-04-22","I-75 Northbound and Cleveland Avenue","(O) No Injury","Daylight","On Roadway - Non-Intersection","Sideswipe-Same Direction","I-75 Northbound","Dry","14:37:00","[""Unknown"",""Lap and Shoulder Belt Used"",""Child Restraint System (Improperly Used)""]","Clear",0,33.699326,-84.404161,"Atlanta","FULTON","[""Motor Vehicle in Motion"",""Motor Vehicle in Motion""]","Changed Lanes Improperly","[""Motor Vehicle in Motion"",""Motor Vehicle in Motion""]"
0,0,"Atlanta Police Department","2022-04-22","Williams St Nw and W Peachtree Pl Nw","(O) No Injury","Daylight","On Roadway - Roadway Intersection","Angle Crash","Williams St Nw","Dry","16:10:00","[""Unknown"",""Unknown""]","Clear",0,33.764014,-84.390359,"Atlanta","FULTON","[""Motor Vehicle in Motion"",""Motor Vehicle in Motion""]","Changed Lanes Improperly","[""Motor Vehicle in Motion"",""Motor Vehicle in Motion""]"
0,0,"Atlanta Police Department","2022-04-22","Northside Pkwy Nw and Wood Valley Rd Nw","(O) No Injury","Daylight","On Roadway - Non-Intersection","Rear End","Wood Valley Rd Nw","Dry","17:53:00","[""Lap and Shoulder Belt Used"",""Lap and Shoulder Belt Used""]","Clear",0,33.839969,-84.417707,"Atlanta","FULTON","[""Motor Vehicle in Motion"",""Motor Vehicle in Motion""]","Following Too Close","[""Motor Vehicle in Motion"",""Motor Vehicle in Motion""]"
0,0,"Atlanta Police Department","2022-04-22","Robin Ln Ne and Lenox Rd Ne","(O) No Injury","Dark-Not Lighted","On Roadway - Non-Intersection","Not a Collision with Motor Vehicle","Lenox Rd Ne","Dry","21:20:00","Unknown","Clear",0,33.804669,-84.350345,"Atlanta","FULTON","Motor Vehicle in Motion",,"Motor Vehicle in Motion"
0,0,"Gsp Post 00","2022-04-22","Georgia 400 and Interstate 85 South","(O) No Injury","Daylight","On Roadway - Non-Intersection","Rear End","Interstate 85 South","Dry","16:26:00","[""Lap and Shoulder Belt Used"",""Lap and Shoulder Belt Used""]","Clear",0,33.80438,-84.383813,"Atlanta","FULTON","[""Motor Vehicle in Motion"",""Motor Vehicle in Motion""]","Following Too Close","[""Motor Vehicle in Motion"",""Motor Vehicle in Motion""]"
0,0,"Gsp Post 00","2022-04-22","I-85 N and Armour Dr","(O) No Injury","Daylight","On Roadway - Non-Intersection","Sideswipe-Same Direction","I-85 N","Dry","08:50:00","[""Lap and Shoulder Belt Used"",""Lap and Shoulder Belt Used""]","Clear",0,33.812502,-84.368297,"Atlanta","FULTON","[""Motor Vehicle in Motion"",""Motor Vehicle in Motion""]","[""Changed Lanes Improperly"",""Changed Lanes Improperly""]","[""Motor Vehicle in Motion"",""Motor Vehicle in Motion""]"
0,0,"Gsp Post 00","2022-04-22","I-7585 South and Martin Luther King Jr Dr","(O) No Injury","Daylight","On Roadway - Non-Intersection","Sideswipe-Same Direction","I-7585 South","Dry","17:39:00","[""Lap and Shoulder Belt Used"",""Shoulder Belt Only Used"",""Lap and Shoulder Belt Used""]","Clear",0,33.756498,-84.378612,"Atlanta","FULTON","[""Motor Vehicle in Motion"",""Motor Vehicle in Motion""]","Changed Lanes Improperly","[""Motor Vehicle in Motion"",""Motor Vehicle in Motion""]"
0,0,"Atlanta Police Department","2022-04-22","Bohler Rd Nw and Peachtree Battle Ave Nw","(C) Possible Injury / Complaint","Daylight","On Roadway - Roadway Intersection","Angle Crash","Bohler Rd Nw","Dry","18:49:00","[""Unknown"",""Unknown"",""Child Restraint System (Properly Used)""]","Clear",0,33.825924,-84.429296,"Atlanta","FULTON","[""Motor Vehicle in Motion"",""Motor Vehicle in Motion""]","[""Disregard Stop Sign/Signal"",""Disregard Stop Sign/Signal""]","[""Motor Vehicle in Motion"",""Motor Vehicle in Motion""]"
0,1,"Atlanta Police Department","2022-04-22","Chapel St Sw and Spelman Ln Sw","(B) Suspected Minor/Visible Injury","Daylight","On Roadway - Roadway Intersection","Sideswipe-Same Direction","Chapel St Sw","Dry","15:15:00","[""Lap and Shoulder Belt Used"",""Lap and Shoulder Belt Used"",""Lap and Shoulder Belt Used"",""Lap and Shoulder Belt Used""]","Clear",0,33.744349,-84.408373,"Atlanta","FULTON","[""Motor Vehicle in Motion"",""Motor Vehicle in Motion""]",,"[""Motor Vehicle in Motion"",""Motor Vehicle in Motion""]"
0,0,"Atlanta Police Department","2022-04-22","None and Marietta Blvd Nw","(O) No Injury","Daylight","On Roadway - Non-Intersection","Sideswipe-Same Direction","Marietta Blvd Nw","Dry","16:30:00","[""Unknown"",""Unknown""]","Clear",0,33.822953,-84.457096,"Atlanta","FULTON","[""Motor Vehicle in Motion"",""Motor Vehicle in Motion""]","Changed Lanes Improperly","[""Motor Vehicle in Motion"",""Motor Vehicle in Motion""]"
0,0,"Atlanta Police Department","2022-04-22","None and Currier St Ne","(O) No Injury","Daylight","On Roadway - Non-Intersection","Angle Crash","Currier St Ne","Dry","16:40:00","Unknown","Clear",0,33.765529,-84.382973,"Atlanta","FULTON","[""Motor Vehicle in Motion"",""Motor Vehicle in Motion""]","Improper Turn","Motor Vehicle in Motion"
0,0,"Atlanta Police Department","2022-04-22","Stovall St Se and Memorial Dr Se","(O) No Injury","Daylight","On Roadway - Non-Intersection","Rear End","Memorial Dr Se","Dry","19:30:00","[""Unknown"",""Unknown""]","Clear",0,33.746651,-84.353722,"Atlanta","FULTON","[""Motor Vehicle in Motion"",""Motor Vehicle in Motion""]","Following Too Close","[""Motor Vehicle in Motion"",""Motor Vehicle in Motion""]"
0,0,"Atlanta Police Department","2022-04-22","I-20 and Martin Luther King Jr Dr Sw","(O) No Injury","Dark-Lighted","On Roadway - Non-Intersection","Sideswipe-Same Direction","I-20","Dry","22:36:00","[""Unknown"",""Lap and Shoulder Belt Used""]","Cloudy",0,33.750854,-84.444865,"Atlanta","FULTON","[""Motor Vehicle in Motion"",""Motor Vehicle in Motion""]","Following Too Close","[""Motor Vehicle in Motion"",""Motor Vehicle in Motion""]"
0,0,"Gsp Post 00","2022-04-22","Pine Street and I-7585 North","(O) No Injury","Daylight","On Roadway - Non-Intersection","Rear End","I-7585 North","Dry","15:40:00","[""Lap and Shoulder Belt Used"",""Lap and Shoulder Belt Used""]","Clear",0,33.767021,-84.388019,"Atlanta","FULTON","[""Motor Vehicle in Motion"",""Motor Vehicle in Motion""]","Following Too Close","[""Motor Vehicle in Motion"",""Motor Vehicle in Motion""]"
0,0,"Atlanta Police Department","2022-04-22","Cleburne Ter Ne and Ponce De Leon Ave Ne","(O) No Injury","Daylight","On Roadway - Non-Intersection","Rear End","Ponce De Leon Ave Ne","Dry","19:05:00","[""Unknown"",""Unknown""]","Clear",0,33.77383,-84.353775,"Atlanta","FULTON","[""Motor Vehicle in Motion"",""Motor Vehicle in Motion""]",,"[""Motor Vehicle in Motion"",""Motor Vehicle in Motion""]"
0,0,"Gsp Post 00","2022-04-22","University Avenue and I-7585 Northbound","(C) Possible Injury / Complaint","Daylight","On Roadway - Non-Intersection","Rear End","I-7585 Northbound","Dry","17:07:00","[""Unknown"",""Lap and Shoulder Belt Used"",""Unknown""]","Clear",0,33.721503,-84.395068,"Atlanta","FULTON","[""Motor Vehicle in Motion"",""Motor Vehicle in Motion"",""Motor Vehicle in Motion""]","Following Too Close","[""Motor Vehicle in Motion"",""Motor Vehicle in Motion"",""Motor Vehicle in Motion""]"
0,0,"Atlanta Police Department","2022-04-22","17Th St Nw and State St Nw","(O) No Injury","Daylight","On Roadway - Non-Intersection","Rear End","17Th St Nw","Dry","07:56:00","Lap and Shoulder Belt Used","Clear",0,33.791294,-84.398331,"Atlanta","FULTON","[""Motor Vehicle in Motion"",""Motor Vehicle in Motion""]","[""Following Too Close"",""Parked Improperly""]","[""Motor Vehicle in Motion"",""Motor Vehicle in Motion""]"
0,0,"Atlanta Police Department","2022-04-22","None and Ga-13","(O) No Injury","Daylight","On Roadway - Non-Intersection","Rear End","Ga-13","Dry","16:30:00","[""Lap and Shoulder Belt Used"",""Lap and Shoulder Belt Used"",""Lap and Shoulder Belt Used""]","Clear",0,33.823679,-84.356707,"Atlanta","FULTON","[""Motor Vehicle in Motion"",""Motor Vehicle in Motion""]","Changed Lanes Improperly","[""Motor Vehicle in Motion"",""Motor Vehicle in Motion""]"
0,0,"Atlanta Police Department","2022-04-22","Hutchens Rd Se and Jonesboro Rd Se","(C) Possible Injury / Complaint","Daylight","On Roadway - Non-Intersection","Sideswipe-Opposite Direction","Jonesboro Rd Se","Dry","09:30:00","[""Unknown"",""Unknown""]","Clear",0,33.672549,-84.37213,"Atlanta","FULTON","[""Motor Vehicle in Motion"",""Motor Vehicle in Motion""]","Improper Turn","[""Motor Vehicle in Motion"",""Motor Vehicle in Motion""]"
0,0,"Gsp Post 00","2022-04-22","I-7585 North and Freedom Parkway","(O) No Injury","Daylight","On Roadway - Non-Intersection","Rear End","I-7585 North","Dry","15:20:00","[""Lap and Shoulder Belt Used"",""Child Restraint System (Properly Used)"",""Lap and Shoulder Belt Used"",""Lap and Shoulder Belt Used""]","Clear",0,33.755483,-84.378227,"Atlanta","FULTON","[""Motor Vehicle in Motion"",""Motor Vehicle in Motion""]","Following Too Close","[""Motor Vehicle in Motion"",""Motor Vehicle in Motion""]"
0,0,"Gsp Post 00","2022-04-22","17Th Street and I-7585 Connector Nb","(O) No Injury","Daylight","On Roadway - Non-Intersection","Sideswipe-Same Direction","I-7585 Connector Nb","Dry","19:39:00","[""Lap and Shoulder Belt Used"",""Unknown""]","Clear",0,33.790666,-84.390876,"Atlanta","FULTON","[""Motor Vehicle in Motion"",""Motor Vehicle in Motion""]","Changed Lanes Improperly","[""Motor Vehicle in Motion"",""Motor Vehicle in Motion""]"
0,0,"Gsp Post 00","2022-04-22","None and I-75Nb North Of Mount Paran Ro","(C) Possible Injury / Complaint","Daylight","On Roadway - Non-Intersection","Rear End","I-75Nb North Of Mount Paran Ro","Dry","15:50:00","[""Lap and Shoulder Belt Used"",""Lap and Shoulder Belt Used""]","Clear",0,33.868732,-84.442354,"Atlanta","FULTON","[""Motor Vehicle in Motion"",""Motor Vehicle in Motion""]","Following Too Close","[""Motor Vehicle in Motion"",""Motor Vehicle in Motion""]"
0,0,"Gsp Post 00","2022-04-22","Jonesboro Road and I-285 Westbound Exit Ramp","(C) Possible Injury / Complaint","Daylight","Entrance/Exit Ramp","Rear End","I-285 Westbound Exit Ramp","Dry","13:50:00","[""Lap and Shoulder Belt Used"",""Lap and Shoulder Belt Used"",""Lap and Shoulder Belt Used"",""Lap and Shoulder Belt Used"",""Lap and Shoulder Belt Used""]","Clear",0,33.653238,-84.367521,"Atlanta","FULTON","[""Motor Vehicle in Motion"",""Motor Vehicle in Motion""]","Following Too Close","[""Motor Vehicle in Motion"",""Motor Vehicle in Motion""]"
0,0,"Gsp Post 00","2022-04-22","None and I-20 Wb Exit Ramp To Moreland","(C) Possible Injury / Complaint","Daylight","Entrance/Exit Ramp","Rear End","I-20 Wb Exit Ramp To Moreland","Dry","07:25:00","[""Unknown"",""Lap and Shoulder Belt Used"",""Lap and Shoulder Belt Used"",""Lap and Shoulder Belt Used""]","Clear",0,33.746769,-84.348694,"Atlanta","DEKALB","[""Motor Vehicle in Motion"",""Motor Vehicle in Motion""]","Following Too Close","[""Motor Vehicle in Motion"",""Motor Vehicle in Motion""]"
0,0,"Atlanta Police Department","2022-04-22","Armstrong St Se and Piedmont Ave Se","(O) No Injury","Daylight","On Roadway - Roadway Intersection","Rear End","Piedmont Ave Se","Dry","19:00:00","[""Unknown"",""Unknown""]","Clear",0,33.753516,-84.383204,"Atlanta","FULTON","[""Motor Vehicle in Motion"",""Motor Vehicle in Motion""]","Following Too Close","[""Motor Vehicle in Motion"",""Motor Vehicle in Motion""]"
0,0,"Gsp Post 00","2022-04-22","I-85Sb and North Druid Hills Rd","(O) No Injury","Daylight","On Roadway - Non-Intersection","Rear End","I-85Sb","Dry","16:42:00","[""Lap and Shoulder Belt Used"",""Lap and Shoulder Belt Used""]","Clear",0,33.824408,-84.350626,"Atlanta","FULTON","[""Motor Vehicle in Motion"",""Motor Vehicle in Motion""]","Following Too Close","[""Motor Vehicle in Motion"",""Motor Vehicle in Motion""]"
0,0,"Atlanta Police Department","2022-04-22","Piedmont Way Ne and Piedmont Ave Ne","(C) Possible Injury / Complaint","Daylight","On Roadway - Roadway Intersection","Angle Crash","Piedmont Ave Ne","Dry","18:42:00","[""Lap and Shoulder Belt Used"",""Motorcycle Helmet""]","Clear",0,33.794371,-84.371651,"Atlanta","FULTON","[""Motor Vehicle in Motion"",""Motor Vehicle in Motion""]","Failure to Yield","[""Motor Vehicle in Motion"",""Motor Vehicle in Motion""]"
0,0,"Gsp Post 00","2022-04-22","I-285Sb and River Bridge","(O) No Injury","Daylight","On Roadway - Non-Intersection","Rear End","I-285Sb","Dry","13:55:00","[""Lap and Shoulder Belt Used"",""Lap and Shoulder Belt Used""]","Clear",0,33.807276,-84.494252,"Atlanta","FULTON","[""Motor Vehicle in Motion"",""Motor Vehicle in Motion""]","Following Too Close","[""Motor Vehicle in Motion"",""Motor Vehicle in Motion""]"
0,0,"Atlanta Police Department","2022-04-22","None and Chattahoochee Ave Nw","(O) No Injury","Daylight","On Roadway - Non-Intersection","Angle Crash","Chattahoochee Ave Nw","Dry","18:40:00","[""Lap and Shoulder Belt Used"",""Lap and Shoulder Belt Used""]","Clear",0,33.809014,-84.436605,"Atlanta","FULTON","[""Motor Vehicle in Motion"",""Motor Vehicle in Motion""]",,"[""Motor Vehicle in Motion"",""Motor Vehicle in Motion""]"
0,0,"Atlanta Police Department","2022-04-22","Grand Ave Sw and Forrest Hills Dr Sw","(O) No Injury","Dark-Not Lighted","On Roadway - Roadway Intersection","Angle Crash","Forrest Hills Dr Sw","Dry","23:00:00","[""Unknown"",""Lap and Shoulder Belt Used"",""Lap and Shoulder Belt Used""]","Clear",0,33.680462,-84.399908,"Atlanta","FULTON","[""Motor Vehicle in Motion"",""Motor Vehicle in Motion""]","Improper Turn","[""Motor Vehicle in Motion"",""Motor Vehicle in Motion""]"
0,0,"Atlanta Police Department","2022-04-22","I-75 and Exit 247","(O) No Injury","Dark-Lighted","On Roadway - Non-Intersection","Sideswipe-Same Direction","I-75","Dry","23:20:00","[""Unknown"",""Unknown"",""Unknown""]","Clear",0,33.748658,-84.384498,"Atlanta","FULTON","[""Motor Vehicle in Motion"",""Motor Vehicle in Motion""]","Changed Lanes Improperly","[""Motor Vehicle in Motion"",""Motor Vehicle in Motion""]"
0,0,"Gsp Post 00","2022-04-22","I-7585 Northbound and University Ave On Ramp","(C) Possible Injury / Complaint","Daylight","On Roadway - Non-Intersection","Rear End","I-7585 Northbound","Dry","17:52:00","[""Lap and Shoulder Belt Used"",""Lap and Shoulder Belt Used"",""Lap and Shoulder Belt Used""]","Clear",0,33.716066,-84.398444,"Atlanta","FULTON","[""Motor Vehicle in Motion"",""Motor Vehicle in Motion""]","Following Too Close","[""Motor Vehicle in Motion"",""Motor Vehicle in Motion""]"
0,0,"Atlanta Police Department","2022-04-22","Glenn St Sw and Metropolitan Pkwy Sw","(O) No Injury","Daylight","On Roadway - Driveway Intersection","Sideswipe-Same Direction","Metropolitan Pkwy Sw","Dry","13:30:00","[""Lap and Shoulder Belt Used"",""Lap and Shoulder Belt Used"",""Child Restraint System (Properly Used)"",""Booster Seat (Properly Used)"",""Lap and Shoulder Belt Used""]","Clear",0,33.738155,-84.408148,"Atlanta","FULTON","[""Motor Vehicle in Motion"",""Motor Vehicle in Motion""]",,"[""Motor Vehicle in Motion"",""Motor Vehicle in Motion""]"
0,0,"Atlanta Police Department","2022-04-22","Spring St Nw and Hollywood Rd Nw","(O) No Injury","Daylight","On Roadway - Roadway Intersection","Rear End","Hollywood Rd Nw","Dry","16:03:00","[""Lap and Shoulder Belt Used"",""Lap and Shoulder Belt Used""]","Clear",0,33.78862,-84.465848,"Atlanta","FULTON","[""Motor Vehicle in Motion"",""Motor Vehicle in Motion""]","Following Too Close","[""Motor Vehicle in Motion"",""Motor Vehicle in Motion""]"
0,0,"Dekalb Co Police Department","2022-04-22","Memorial Dr and Wilkinson Dr","(O) No Injury","Daylight","On Roadway - Non-Intersection","Angle Crash","Memorial Dr","Dry","19:30:00","[""Lap and Shoulder Belt Used"",""Lap and Shoulder Belt Used""]","Clear",0,33.747451,-84.328729,"Atlanta","DEKALB","[""Motor Vehicle in Motion"",""Motor Vehicle in Motion""]","Failure to Yield","[""Motor Vehicle in Motion"",""Motor Vehicle in Motion""]"
0,0,"Atlanta Police Department","2022-04-22","Piedmont Rd Ne and Lindbergh Way Ne","(O) No Injury","Daylight","On Roadway - Roadway Intersection","Rear End","Piedmont Rd Ne","Dry","13:30:00","[""Lap and Shoulder Belt Used"",""Lap and Shoulder Belt Used""]","Clear",0,33.820987,-84.367515,"Atlanta","FULTON","[""Motor Vehicle in Motion"",""Motor Vehicle in Motion""]","Failure to Yield","[""Motor Vehicle in Motion"",""Motor Vehicle in Motion""]"
0,2,"Atlanta Police Department","2022-04-22","Lauren St Nw and Mecaslin St Nw","(B) Suspected Minor/Visible Injury","Dawn","On Roadway - Roadway Intersection","Angle Crash","Mecaslin St Nw","Dry","19:50:00","[""Lap and Shoulder Belt Used"",""Lap and Shoulder Belt Used""]","Clear",0,33.787433,-84.399809,"Atlanta","FULTON","[""Motor Vehicle in Motion"",""Motor Vehicle in Motion"",""Parked Motor Vehicle""]",,"[""Motor Vehicle in Motion"",""Motor Vehicle in Motion"",""Parked Motor Vehicle""]"
0,0,"Atlanta Police Department","2022-04-22","Venable St Nw and Ivan Allen Jr Blvd Nw","(O) No Injury","Daylight","On Roadway - Roadway Intersection","Sideswipe-Same Direction","Ivan Allen Jr Blvd Nw","Dry","14:15:00","[""Unknown"",""Unknown""]","Clear",0,33.764554,-84.395075,"Atlanta","FULTON","[""Motor Vehicle in Motion"",""Motor Vehicle in Motion""]","Changed Lanes Improperly","[""Motor Vehicle in Motion"",""Motor Vehicle in Motion""]"
0,0,"Atlanta Police Department","2022-04-22","Boulevard Ne and John Lewis Freedom Pkwy Ne","(C) Possible Injury / Complaint","Dark-Lighted","On Roadway - Non-Intersection","Rear End","Boulevard Ne","Dry","21:58:00","[""Lap and Shoulder Belt Used"",""Lap and Shoulder Belt Used"",""Lap and Shoulder Belt Used""]","Clear",0,33.760687,-84.372049,"Atlanta","FULTON","[""Motor Vehicle in Motion"",""Motor Vehicle in Motion""]","Following Too Close","[""Motor Vehicle in Motion"",""Motor Vehicle in Motion""]"
0,0,"Atlanta Police Department","2022-04-22","Crumley St Sw and Humphries St Sw","(O) No Injury","Daylight","On Roadway - Roadway Intersection","Rear End","Crumley St Sw","Dry","16:57:00","Unknown","Clear",0,33.739044,-84.404485,"Atlanta","FULTON","[""Parked Motor Vehicle"",""Motor Vehicle in Motion""]","Improper Backing","[""Parked Motor Vehicle"",""Motor Vehicle in Motion""]"
0,0,"Atlanta Police Department","2022-04-22","Ga-400 N and Lenox Rd Ne","(O) No Injury","Daylight","Entrance/Exit Ramp","Rear End","Lenox Rd Ne","Dry","17:35:00","[""Lap and Shoulder Belt Used"",""Lap and Shoulder Belt Used"",""Lap and Shoulder Belt Used"",""Lap and Shoulder Belt Used""]","Clear",0,33.851701,-84.369352,"Atlanta","FULTON","[""Motor Vehicle in Motion"",""Motor Vehicle in Motion""]","Following Too Close","[""Motor Vehicle in Motion"",""Motor Vehicle in Motion""]"
0,0,"Atlanta Police Department","2022-04-22","Dekalb Pl and Dekalb Ave Ne","(O) No Injury","Daylight","On Roadway - Driveway Intersection","Sideswipe-Same Direction","Dekalb Ave Ne","Dry","18:30:00","[""None Used"",""None Used"",""None Used""]","Clear",0,33.763005,-84.31985,"Atlanta","DEKALB","[""Motor Vehicle in Motion"",""Motor Vehicle in Motion"",""Motor Vehicle in Motion""]",,"[""Motor Vehicle in Motion"",""Motor Vehicle in Motion"",""Motor Vehicle in Motion""]"