"# Serious Injuries","# Visible Injuries","Agency Name (Crash Level) ","Date","Intersection Name (from Crash Report)","KABCO Severity","Light Conditions (Crash Level)","Location at Impact (Crash Level) ","Manner of Collision (Crash Level) ","Roadway (From Crash Report)","Surface Condition (Crash Level) ","Time","Safety Equipment (Crash Level) ","Weather Conditions (Crash Level)","# of Fatalities per Crash","Latitude","Longitude","Geolocated City","Geolocated County","First Harmful Event (Unit Order)","Operator/Pedestrian Contrib Factor (excl None, Other, No Contrib Factors)","Most Harmful Event (Crash Level)"
0,0,"Atlanta Police Department","2022-04-22","Spring St Nw and Peachtree St Ne","(O) No Injury","Daylight","On Roadway - Non-Intersection","Sideswipe-Same Direction","Peachtree St Ne","Dry","17:40:00","[""Unknown"",""Unknown""]","Clear",0,33.79741,-84.389466,"Atlanta","FULTON","[""Motor Vehicle in Motion"",""Motor Vehicle in Motion""]","Misjudged Clearance","Motor Vehicle in Motion"
0,0,"Atlanta Police Department","2022-04-22","Candler Rd Se and Memorial Dr Se","(O) No Injury","Daylight","On Roadway - Roadway Intersection","Rear End","Candler Rd Se","Dry","08:00:00","[""Unknown"",""Unknown""]","Clear",0,33.746953,-84.291997,"Atlanta","DEKALB","[""Motor Vehicle in Motion"",""Motor Vehicle in Motion""]","Misjudged Clearance","[""Motor Vehicle in Motion"",""Motor Vehicle in Motion""]"
0,0,"Atlanta Police Department","2022-04-22","Lakewood Way Sw and Lakewood Ave Sw","(O) No Injury","Dark-Lighted","On Roadway - Roadway Intersection","Rear End","Lakewood Ave Sw","Dry","19:32:00","[""Unknown"",""Unknown"",""Unknown""]","Clear",0,33.69935,-84.392104,"Atlanta","FULTON","[""Motor Vehicle in Motion"",""Motor Vehicle in Motion""]","Following Too Close","Motor Vehicle in Motion"
0,0,"Atlanta Police Department","2022-04-22","Memorial Dr Sw and Central Ave Sw","(O) No Injury","Dark-Lighted","On Roadway - Roadway Intersection","Angle Crash","Central Ave Sw","Dry","20:40:00","[""Unknown"",""Unknown""]","Clear",0,33.746931,-84.392826,"Atlanta","FULTON","[""Motor Vehicle in Motion"",""Motor Vehicle in Motion""]","Disregard Other Traffic Control","[""Motor Vehicle in Motion"",""Motor Vehicle in Motion""]"
0,0,"Atlanta Police Department","2022-04-22","Ira St Sw and Bass St Sw","(O) No Injury","Daylight","On Roadway - Non-Intersection","Sideswipe-Same Direction","Ira St Sw","Dry","18:54:00","Lap and Shoulder Belt Used","Clear",0,33.735284,-84.399974,"Atlanta","FULTON","[""Parked Motor Vehicle"",""Motor Vehicle in Motion""]","Misjudged Clearance","[""Parked Motor Vehicle"",""Motor Vehicle in Motion""]"
0,0,"Gsp Post 00","2022-04-22","Deering Road and Interstate 75 South Hov","(O) No Injury","Daylight","On Roadway - Non-Intersection","Rear End","Interstate 75 South Hov","Dry","14:05:00","[""Lap Belt Only Used"",""Lap and Shoulder Belt Used"",""Lap and Shoulder Belt Used""]","Clear",0,33.795323,-84.391851,"Atlanta","FULTON","[""Motor Vehicle in Motion"",""Motor Vehicle in Motion""]",,"[""Motor Vehicle in Motion"",""Motor Vehicle in Motion""]"
0,0,"Atlanta Police Department","2022-04-22","I-75 and 10Th St Nw","(O) No Injury","Dark-Lighted","On Roadway - Non-Intersection","Rear End","I-75","Dry","21:45:00","[""Unknown"",""Unknown""]","Clear",0,33.782,-84.391215,"Atlanta","FULTON","[""Motor Vehicle in Motion"",""Motor Vehicle in Motion""]","Following Too Close","[""Motor Vehicle in Motion"",""Motor Vehicle in Motion""]"
0,0,"Atlanta Police Department","2022-04-22","None and I-75","(O) No Injury","Dark-Lighted","On Roadway - Non-Intersection","Sideswipe-Same Direction","I-75","Dry","23:30:00","[""Unknown"",""Lap and Shoulder Belt Used""]","Clear",0,33.723766,-84.39416,"Atlanta","FULTON","[""Motor Vehicle in Motion"",""Motor Vehicle in Motion""]","Changed Lanes Improperly","Motor Vehicle in Motion"
0,0,"Atlanta Police Department","2022-04-22","North Ave Ne and Parkway Dr Ne","(C) Possible Injury / Complaint","Daylight","On Roadway - Non-Intersection","Rear End","Parkway Dr Ne","Dry","15:15:00","[""Lap and Shoulder Belt Used"",""Lap and Shoulder Belt Used""]","Clear",0,33.771374,-84.372782,"Atlanta","FULTON","[""Motor Vehicle in Motion"",""Motor Vehicle in Motion""]","Following Too Close","[""Motor Vehicle in Motion"",""Motor Vehicle in Motion""]"
0,0,"Gsp Post 00","2022-04-22","I-285 and I-20 West","(O) No Injury","Daylight","On Roadway - Non-Intersection","Sideswipe-Same Direction","I-20 West","Dry","15:29:00","[""Lap and Shoulder Belt Used"",""Lap and Shoulder Belt Used""]","Clear",0,33.763853,-84.490981,"Atlanta","FULTON","[""Motor Vehicle in Motion"",""Motor Vehicle in Motion""]","Changed Lanes Improperly","[""Motor Vehicle in Motion"",""Motor Vehicle in Motion""]"
0,0,"Atlanta Police Department","2022-04-22","White St Nw and Springer St Nw","(O) No Injury","Daylight","On Roadway - Driveway Intersection","Sideswipe-Opposite Direction","White St Nw","Dry","12:30:00","Unknown","Clear",0,33.801396,-84.416628,"Atlanta","FULTON","[""Parked Motor Vehicle"",""Motor Vehicle in Motion""]","Misjudged Clearance","[""Parked Motor Vehicle"",""Motor Vehicle in Motion""]"
0,0,"Gsp Post 00","2022-04-22","Memorial Drive and Capitol Avenue","(C) Possible Injury / Complaint","Daylight","On Roadway - Non-Intersection","Rear End","Capitol Avenue","Dry","14:19:00","[""Unknown"",""Lap and Shoulder Belt Used""]","Clear",0,33.746748,-84.387741,"Atlanta","FULTON","[""Motor Vehicle in Motion"",""Motor Vehicle in Motion""]",,"[""Motor Vehicle in Motion"",""Motor Vehicle in Motion""]"
0,0,"Atlanta Police Department","2022-04-22","Cleveland Ave Sw and Old Hapeville Rd Sw","(O) No Injury","Daylight","On Roadway - Driveway Intersection","Angle Crash","Cleveland Ave Sw","Dry","13:00:00","[""Unknown"",""Motorcycle Helmet""]","Clear",0,33.681119,-84.394037,"Atlanta","FULTON","[""Motor Vehicle in Motion"",""Motor Vehicle in Motion""]","Failure to Yield","[""Motor Vehicle in Motion"",""Motor Vehicle in Motion""]"
0,1,"Atlanta Police Department","2022-04-22","I-75 and Exit 247","(B) Suspected Minor/Visible Injury","Dark-Not Lighted","On Roadway - Non-Intersection","Rear End","I-75","Dry","22:35:00","[""Unknown"",""Unknown""]","Clear",0,33.748711,-84.384367,"Atlanta","FULTON","[""Motor Vehicle in Motion"",""Motor Vehicle in Motion""]","Following Too Close","[""Motor Vehicle in Motion"",""Motor Vehicle in Motion""]"
0,0,"Atlanta Police Department","2022-04-22","None and Northside Dr Nw","(C) Possible Injury / Complaint","Daylight","On Roadway - Non-Intersection","Angle Crash","Northside Dr Nw","Dry","16:00:00","[""Shoulder Belt Only Used"",""Shoulder Belt Only Used""]","Clear",0,33.801422,-84.407814,"Atlanta","FULTON","[""Motor Vehicle in Motion"",""Motor Vehicle in Motion""]","Improper Turn","[""Motor Vehicle in Motion"",""Motor Vehicle in Motion""]"
0,0,"Atlanta Police Department","2022-04-22","None and I-20","(O) No Injury","Daylight","On Roadway - Non-Intersection","Sideswipe-Same Direction","I-20","Dry","13:00:00","[""Unknown"",""Lap and Shoulder Belt Used""]","Clear",0,33.74455,-84.353032,"Atlanta","FULTON","[""Motor Vehicle in Motion"",""Motor Vehicle in Motion""]","Changed Lanes Improperly","Motor Vehicle in Motion"
0,0,"Atlanta Police Department","2022-04-22","None and Piedmont Rd Ne","(O) No Injury","Daylight","On Roadway - Driveway Intersection","Angle Crash","Piedmont Rd Ne","Dry","11:54:00","[""Unknown"",""Unknown"",""Unknown""]","Clear",0,33.844737,-84.371922,"Atlanta","FULTON","[""Motor Vehicle in Motion"",""Motor Vehicle in Motion""]","Misjudged Clearance","[""Motor Vehicle in Motion"",""Motor Vehicle in Motion""]"
0,0,"Atlanta Police Department","2022-04-22","Mcafee St Nw and Hunnicutt St Nw","(O) No Injury","Daylight","On Roadway - Non-Intersection","Rear End","Mcafee St Nw","Dry","13:00:00","[""Lap and Shoulder Belt Used"",""Lap and Shoulder Belt Used""]","Clear",0,33.76686,-84.39456,"Atlanta","FULTON","[""Motor Vehicle in Motion"",""Parked Motor Vehicle""]","Improper Backing","[""Motor Vehicle in Motion"",""Parked Motor Vehicle""]"
0,0,"Gsp Post 00","2022-04-22","Ga166 Overpass and I-75 Northbound","(C) Possible Injury / Complaint","Daylight","On Roadway - Non-Intersection","Rear End","I-75 Northbound","Dry","15:13:00","[""Lap and Shoulder Belt Used"",""Lap and Shoulder Belt Used""]","Clear",0,33.691511,-84.401474,"Atlanta","FULTON","[""Motor Vehicle in Motion"",""Motor Vehicle in Motion""]","Following Too Close","[""Motor Vehicle in Motion"",""Motor Vehicle in Motion""]"
0,4,"Atlanta Police Department","2022-04-22","I-75 and University Ave Sw","(B) Suspected Minor/Visible Injury","Dark-Lighted","On Roadway - Non-Intersection","Angle Crash","I-75","Dry","20:32:00","[""Unknown"",""Unknown"",""Unknown"",""Unknown"",""Unknown"",""Unknown""]","Clear",0,33.721043,-84.395403,"Atlanta","FULTON","[""Motor Vehicle in Motion"",""Motor Vehicle in Motion"",""Motor Vehicle in Motion"",""Motor Vehicle in Motion"",""Motor Vehicle in Motion""]","Changed Lanes Improperly","[""Motor Vehicle in Motion"",""Motor Vehicle in Motion"",""Motor Vehicle in Motion"",""Motor Vehicle in Motion"",""Motor Vehicle in Motion""]"
0,0,"Gsp Post 00","2022-04-22","Sylvan Road and Langford Parkway","(C) Possible Injury / Complaint","Daylight","Entrance/Exit Ramp","Rear End","Langford Parkway","Dry","11:45:00","[""Unknown"",""Unknown""]","Clear",0,33.697905,-84.421015,"Atlanta","FULTON","[""Motor Vehicle in Motion"",""Motor Vehicle in Motion""]","Following Too Close","[""Motor Vehicle in Motion"",""Motor Vehicle in Motion""]"
0,3,"Atlanta Police Department","2022-04-22","None and I-20","(B) Suspected Minor/Visible Injury","Dark-Lighted","On Roadway - Non-Intersection","Angle Crash","I-20","Dry","22:00:00","[""Unknown"",""Unknown"",""Unknown"",""Child Restraint System (Properly Used)"",""Unknown""]","Clear",0,33.741556,-84.419577,"Atlanta","FULTON","[""Motor Vehicle in Motion"",""Motor Vehicle in Motion""]","Aggressive Driving","Motor Vehicle in Motion"
1,0,"Atlanta Police Department","2022-04-22","Moreland Ave Se and Ormewood Ave Se","(A) Suspected Serious Injury","Dark-Not Lighted","On Roadway - Roadway Intersection","Angle Crash","Ormewood Ave Se","Dry","02:08:00","[""Lap and Shoulder Belt Used"",""Lap and Shoulder Belt Used"",""Lap and Shoulder Belt Used""]","Clear",0,33.734084,-84.349329,"Atlanta","FULTON","[""Motor Vehicle in Motion"",""Motor Vehicle in Motion""]","Failure to Yield","[""Motor Vehicle in Motion"",""Motor Vehicle in Motion""]"
0,0,"Atlanta Police Department","2022-04-22","Eleanor St Se and Memorial Dr Se","(O) No Injury","Daylight","On Roadway - Non-Intersection","Rear End","Memorial Dr Se","Dry","17:50:00","Unknown","Clear",0,33.74741,-84.324208,"Atlanta","DEKALB","[""Motor Vehicle in Motion"",""Motor Vehicle in Motion""]",,"Motor Vehicle in Motion"
0,1,"Atlanta Police Department","2022-04-22","I-75 and North Ave Nw","(B) Suspected Minor/Visible Injury","Dark-Lighted","On Roadway - Non-Intersection","Rear End","I-75","Dry","05:05:00","[""Unknown"",""Unknown""]","Clear",0,33.771424,-84.390449,"Atlanta","FULTON","[""Motor Vehicle in Motion"",""Motor Vehicle in Motion""]","Following Too Close","[""Motor Vehicle in Motion"",""Motor Vehicle in Motion""]"
0,0,"Gsp Post 00","2022-04-22","I-20 Overpass and I-7585 Conn N","(O) No Injury","Daylight","On Roadway - Non-Intersection","Rear End","I-7585 Conn N","Dry","13:08:00","[""Lap and Shoulder Belt Used"",""Lap and Shoulder Belt Used"",""Lap and Shoulder Belt Used""]","Clear",0,33.744802,-84.389764,"Atlanta","FULTON","[""Motor Vehicle in Motion"",""Motor Vehicle in Motion""]","Changed Lanes Improperly","[""Motor Vehicle in Motion"",""Motor Vehicle in Motion""]"
0,0,"Gsp Post 00","2022-04-22","I-285 Nb and Martin Luther King Blvd","(O) No Injury","Daylight","On Roadway - Non-Intersection","Sideswipe-Same Direction","I-285 Nb","Dry","08:39:00","[""Unknown"",""Lap and Shoulder Belt Used""]","Clear",0,33.767737,-84.494632,"Atlanta","FULTON","[""Motor Vehicle in Motion"",""Motor Vehicle in Motion""]","Changed Lanes Improperly","[""Motor Vehicle in Motion"",""Motor Vehicle in Motion""]"
0,0,"Atlanta Police Department","2022-04-22","None and James Jackson Pkwy Nw","(O) No Injury","Daylight","On Roadway - Non-Intersection","Rear End","James Jackson Pkwy Nw","Dry","09:15:00","[""Lap and Shoulder Belt Used"",""Lap and Shoulder Belt Used""]","Clear",0,33.808758,-84.476119,"Atlanta","FULTON","[""Motor Vehicle in Motion"",""Motor Vehicle in Motion""]","Following Too Close","[""Motor Vehicle in Motion"",""Motor Vehicle in Motion""]"
0,0,"Gsp Post 00","2022-04-22","Greenbriar and Langford Parkway","(O) No Injury","Daylight","On Roadway - Non-Intersection","Sideswipe-Same Direction","Langford Parkway","Dry","07:30:00","[""Unknown"",""Unknown"",""Unknown"",""Child Restraint System (Properly Used)""]","Clear",0,33.698204,-84.469336,"Atlanta","FULTON","[""Motor Vehicle in Motion"",""Motor Vehicle in Motion""]","Changed Lanes Improperly","[""Motor Vehicle in Motion"",""Motor Vehicle in Motion""]"
0,0,"Atlanta Police Department","2022-04-22","Welcome All Rd Sw and Welcome All Rd Conn","(O) No Injury","Daylight","On Roadway - Non-Intersection","Rear End","Welcome All Rd Sw","Dry","12:04:00","[""Lap and Shoulder Belt Used"",""Lap and Shoulder Belt Used""]","Clear",0,33.656184,-84.521671,"East Point","FULTON","[""Motor Vehicle in Motion"",""Motor Vehicle in Motion""]","Improper Backing","[""Motor Vehicle in Motion"",""Motor Vehicle in Motion""]"
0,0,"Gsp Post 00","2022-04-22","Ga-13 and I-85Sb","(O) No Injury","Dawn","On Roadway - Non-Intersection","Rear End","I-85Sb","Dry","05:55:00","[""Lap and Shoulder Belt Used"",""Lap and Shoulder Belt Used""]","Clear",0,33.79841,-84.392967,"Atlanta","FULTON","[""Motor Vehicle in Motion"",""Motor Vehicle in Motion""]","Following Too Close","[""Motor Vehicle in Motion"",""Motor Vehicle in Motion""]"
0,0,"Atlanta Police Department","2022-04-22","Simpson St Nw and Marietta St Nw","(O) No Injury","Daylight","On Roadway - Non-Intersection","Sideswipe-Same Direction","Marietta St Nw","Dry","17:45:00","[""Unknown"",""Unknown""]","Clear",0,33.762972,-84.397046,"Atlanta","FULTON","[""Motor Vehicle in Motion"",""Motor Vehicle in Motion""]","Changed Lanes Improperly","[""Motor Vehicle in Motion"",""Motor Vehicle in Motion""]"
0,0,"Atlanta Police Department","2022-04-23","North Ave Ne and Peachtree St Ne","(O) No Injury","Daylight","On Roadway - Managed Lane (HOV, HOT, Reversible)","Angle Crash","Peachtree St Ne","Dry","17:52:00","[""Unknown"",""Unknown""]","Clear",0,33.771287,-84.38499,"Atlanta","FULTON","[""Motor Vehicle in Motion"",""Motor Vehicle in Motion""]","Changed Lanes Improperly","[""Motor Vehicle in Motion"",""Motor Vehicle in Motion""]"
0,0,"Atlanta Police Department","2022-04-23","7Th St Ne and Juniper St Ne","(O) No Injury","Daylight","On Roadway - Roadway Intersection","Angle Crash","7Th St Ne","Dry","16:15:00","[""Unknown"",""Unknown""]","Clear",0,33.778428,-84.382736,"Atlanta","FULTON","[""Motor Vehicle in Motion"",""Motor Vehicle in Motion""]","[""Disregard Stop Sign/Signal"",""Disregard Other Traffic Control""]","[""Motor Vehicle in Motion"",""Motor Vehicle in Motion""]"
0,0,"Atlanta Police Department","2022-04-23","Linden Ave Nw and W Peachtree St Nw","(O) No Injury","Dark-Lighted","On Roadway - Non-Intersection","Sideswipe-Same Direction","Linden Ave Nw","Dry","22:44:00","[""Unknown"",""Unknown""]","Clear",0,33.769756,-84.387821,"Atlanta","FULTON","[""Motor Vehicle in Motion"",""Motor Vehicle in Motion""]","Changed Lanes Improperly","[""Motor Vehicle in Motion"",""Motor Vehicle in Motion""]"
0,0,"Atlanta Police Department","2022-04-23","None and I-85","(O) No Injury","Daylight","On Roadway - Non-Intersection","Rear End","I-85","Dry","12:45:00","[""Lap and Shoulder Belt Used"",""Lap and Shoulder Belt Used""]","Clear",0,33.794641,-84.393331,"Atlanta","FULTON","[""Motor Vehicle in Motion"",""Motor Vehicle in Motion""]","Following Too Close","[""Motor Vehicle in Motion"",""Motor Vehicle in Motion""]"
0,0,"Atlanta Police Department","2022-04-23","I-75 and Howell Mill Rd Nw","(O) No Injury","Daylight","On Roadway - Non-Intersection","Sideswipe-Same Direction","I-75","Dry","07:55:00","[""Lap and Shoulder Belt Used"",""Lap and Shoulder Belt Used""]","Clear",0,33.805142,-84.413309,"Atlanta","FULTON","[""Motor Vehicle in Motion"",""Motor Vehicle in Motion""]","Changed Lanes Improperly","[""Motor Vehicle in Motion"",""Motor Vehicle in Motion""]"
0,0,"Atlanta Police Department","2022-04-23","None and I-20","(C) Possible Injury / Complaint","Daylight","On Roadway - Non-Intersection","Angle Crash","I-20","Dry","19:15:00","[""Lap and Shoulder Belt Used"",""Lap and Shoulder Belt Used"",""Lap and Shoulder Belt Used""]","Clear",0,33.743579,-84.358403,"Atlanta","FULTON","[""Motor Vehicle in Motion"",""Motor Vehicle in Motion""]","Changed Lanes Improperly","[""Motor Vehicle in Motion"",""Motor Vehicle in Motion""]"
0,0,"Atlanta Police Department","2022-04-23","Gary Ave Nw and Donald Lee Hollowell Pkwy Nw","(O) No Injury","Daylight","On Roadway - Non-Intersection","Sideswipe-Same Direction","Donald Lee Hollowell Pkwy Nw","Dry","12:15:00","[""Lap and Shoulder Belt Used"",""Lap and Shoulder Belt Used""]","Clear",0,33.771938,-84.429783,"Atlanta","FULTON","[""Motor Vehicle in Motion"",""Motor Vehicle in Motion""]","Changed Lanes Improperly","[""Motor Vehicle in Motion"",""Motor Vehicle in Motion""]"
0,0,"Atlanta Police Department","2022-04-23","Clifton Rd Ne and Ponce De Leon Ave Ne","(O) No Injury","Daylight","On Roadway - Roadway Intersection","Sideswipe-Same Direction","Ponce De Leon Ave Ne","Dry","12:15:00","[""Lap and Shoulder Belt Used"",""Lap and Shoulder Belt Used"",""Lap and Shoulder Belt Used""]","Clear",0,33.773682,-84.330856,"Atlanta","DEKALB","[""Motor Vehicle in Motion"",""Motor Vehicle in Motion""]","Changed Lanes Improperly","[""Motor Vehicle in Motion"",""Motor Vehicle in Motion""]"
0,0,"Atlanta Police Department","2022-04-23","None and Mt Zion Rd Sw","(C) Possible Injury / Complaint","Daylight","On Roadway - Non-Intersection","Not a Collision with Motor Vehicle","Mt Zion Rd Sw","Dry","11:00:00","[""Unknown"",""Unknown""]","Clear",0,33.673017,-84.404573,"Atlanta","FULTON","Other Object (Not Fixed)",,"Other Object (Not Fixed)"
0,0,"Atlanta Police Department","2022-04-23","Langford Pkwy and Metropolitan Pkwy Sw","(O) No Injury","Daylight","Entrance/Exit Ramp","Sideswipe-Same Direction","Langford Pkwy","Dry","05:00:00","[""Unknown"",""Unknown""]","Clear",0,33.69646,-84.408004,"Atlanta","FULTON","[""Motor Vehicle in Motion"",""Motor Vehicle in Motion""]","[""Misjudged Clearance"",""Misjudged Clearance""]","[""Motor Vehicle in Motion"",""Motor Vehicle in Motion""]"
0,0,"Atlanta Police Department","2022-04-23","St Louis Pl Ne and Briarcliff Rd Ne","(O) No Injury","Dark-Lighted","On Roadway - Non-Intersection","Rear End","Briarcliff Rd Ne","Dry","22:00:00","[""None Used"",""None Used"",""None Used"",""None Used"",""None Used""]","Clear",0,33.776282,-84.348001,"Atlanta","DEKALB","[""Motor Vehicle in Motion"",""Motor Vehicle in Motion"",""Motor Vehicle in Motion""]",,"[""Motor Vehicle in Motion"",""Motor Vehicle in Motion"",""Motor Vehicle in Motion""]"
0,0,"Atlanta Police Department","2022-04-23","Courtland St Ne and Andrew Young International Blvd Ne","(O) No Injury","Dark-Lighted","On Roadway - Roadway Intersection","Sideswipe-Same Direction","Andrew Young International Blvd Ne","Dry","22:45:00","[""Unknown"",""Unknown"",""Unknown""]","Clear",0,33.759626,-84.384199,"Atlanta","FULTON","[""Railway Train/Street Car"",""Railway Train/Street Car""]","Changed Lanes Improperly","[""Motor Vehicle in Motion"",""Motor Vehicle in Motion""]"
0,0,"Atlanta Police Department","2022-04-23","13Th St Ne and Peachtree Walk Ne","(O) No Injury","Dark-Lighted","On Roadway - Non-Intersection","Angle Crash","13Th St Ne","Dry","23:50:00","[""Lap and Shoulder Belt Used"",""Lap and Shoulder Belt Used""]","Clear",0,33.785637,-84.385503,"Atlanta","FULTON","[""Motor Vehicle in Motion"",""Motor Vehicle in Motion""]","Improper Backing","[""Motor Vehicle in Motion"",""Motor Vehicle in Motion""]"
0,0,"Atlanta Police Department","2022-04-23","None and I-85","(C) Possible Injury / Complaint","Dark-Lighted","On Roadway - Non-Intersection","Angle Crash","I-85","Dry","21:00:00","[""Unknown"",""Unknown""]","Clear",0,33.803435,-84.385142,"Atlanta","FULTON","[""Motor Vehicle in Motion"",""Motor Vehicle in Motion""]","Following Too Close","[""Motor Vehicle in Motion"",""Motor Vehicle in Motion""]"
0,0,"Atlanta Police Department","2022-04-23","Marietta St Nw and Northside Dr Nw","(C) Possible Injury / Complaint","Dark-Lighted","On Roadway - Roadway Intersection","Head On","Northside Dr Nw","Dry","03:15:00","[""Unknown"",""Unknown"",""Unknown""]","Clear",0,33.775867,-84.407,"Atlanta","FULTON","[""Railway Train/Street Car"",""Railway Train/Street Car""]","Failure to Yield","[""Motor Vehicle in Motion"",""Motor Vehicle in Motion""]"
1,0,"Atlanta Police Department","2022-04-23","I-20 and Windsor St Sw","(A) Suspected Serious Injury","Dark-Not Lighted","On Roadway - Non-Intersection","Rear End","I-20","Dry","02:00:00","[""Unknown"",""Unknown""]","Clear",0,33.745088,-84.398379,"Atlanta","FULTON","[""Motor Vehicle in Motion"",""Motor Vehicle in Motion""]","[""Failure to Yield"",""Aggressive Driving""]","[""Motor Vehicle in Motion"",""Motor Vehicle in Motion""]"
0,0,"Atlanta Police Department","2022-04-23","I-85 S and Lenox Rd Ne","(O) No Injury","Dark-Not Lighted","On Roadway - Roadway Intersection","Angle Crash","Lenox Rd Ne","Dry","02:50:00","[""Unknown"",""Unknown""]","Clear",0,33.824263,-84.351908,"Atlanta","FULTON","[""Motor Vehicle in Motion"",""Motor Vehicle in Motion""]","Aggressive Driving","[""Motor Vehicle in Motion"",""Motor Vehicle in Motion""]"
0,0,"Atlanta Police Department","2022-04-23","I-75 and Martin Luther King Jr Dr Se","(O) No Injury","Daylight","On Roadway - Non-Intersection","Angle Crash","I-75","Dry","16:00:00","[""Unknown"",""Unknown"",""Unknown"",""Unknown""]","Clear",0,33.748196,-84.385016,"Atlanta","FULTON","[""Motor Vehicle in Motion"",""Motor Vehicle in Motion""]","Following Too Close","[""Motor Vehicle in Motion"",""Motor Vehicle in Motion""]"
0,0,"Atlanta Police Department","2022-04-23","Courtland St Ne and Andrew Young International Blvd Ne","(C) Possible Injury / Complaint","Dark-Lighted","On Roadway - Roadway Intersection","Head On","Courtland St Ne","Dry","23:28:00","[""Unknown"",""Unknown""]","Clear",0,33.759644,-84.384199,"Atlanta","FULTON","[""Railway Train/Street Car"",""Railway Train/Street Car""]","Disregard Other Traffic Control","[""Motor Vehicle in Motion"",""Motor Vehicle in Motion""]"
0,0,"Atlanta Police Department","2022-04-23","None and I-85","(C) Possible Injury / Complaint","Daylight","On Roadway - Non-Intersection","Rear End","I-85","Dry","13:00:00","[""Lap and Shoulder Belt Used"",""Lap and Shoulder Belt Used"",""Lap and Shoulder Belt Used""]","Clear",0,33.797952,-84.393265,"Atlanta","FULTON","[""Motor Vehicle in Motion"",""Motor Vehicle in Motion"",""Motor Vehicle in Motion""]","Following Too Close","[""Motor Vehicle in Motion"",""Motor Vehicle in Motion"",""Motor Vehicle in Motion""]"
0,0,"Atlanta Police Department","2022-04-23","Boulevard Se and Memorial Dr Se","(O) No Injury","Daylight","On Roadway - Roadway Intersection","Rear End","Memorial Dr Se","Dry","10:00:00","[""Lap and Shoulder Belt Used"",""Lap and Shoulder Belt Used""]","Clear",0,33.746696,-84.368201,"Atlanta","FULTON","[""Motor Vehicle in Motion"",""Motor Vehicle in Motion""]","Following Too Close","[""Motor Vehicle in Motion"",""Motor Vehicle in Motion""]"
0,0,"Atlanta Police Department","2022-04-23","12Th St Ne and Juniper St Ne","(O) No Injury","Daylight","On Roadway - Managed Lane (HOV, HOT, Reversible)","Sideswipe-Same Direction","Juniper St Ne","Dry","15:30:00","[""Unknown"",""Unknown""]","Cloudy",0,33.784679,-84.382205,"Atlanta","FULTON","[""Motor Vehicle in Motion"",""Motor Vehicle in Motion""]","Changed Lanes Improperly","[""Motor Vehicle in Motion"",""Motor Vehicle in Motion""]"
0,0,"Atlanta Police Department","2022-04-23","14Th St Nw and Spring St Nw","(O) No Injury","Dark-Lighted","On Roadway - Driveway Intersection","Angle Crash","Spring St Nw","Dry","10:30:00","[""Unknown"",""Unknown"",""Unknown""]","Clear",0,33.786797,-84.38925,"Atlanta","FULTON","[""Motor Vehicle in Motion"",""Motor Vehicle in Motion""]",,"[""Motor Vehicle in Motion"",""Motor Vehicle in Motion""]"
0,0,"Atlanta Police Department","2022-04-23","Fulton St Sw and Pollard Blvd Sw","(O) No Injury","Dark-Lighted","On Roadway - Roadway Intersection","Rear End","Fulton St Sw","Dry","00:49:00","[""Unknown"",""Unknown""]","Clear",0,33.741941,-84.390806,"Atlanta","FULTON","[""Motor Vehicle in Motion"",""Other Non-Collision""]","Improper Passing","[""Motor Vehicle in Motion"",""Motor Vehicle in Motion""]"
0,0,"Atlanta Police Department","2022-04-23","None and Fulton St Sw Exit 246 Rp","(C) Possible Injury / Complaint","Dark-Lighted","On Roadway - Non-Intersection","Rear End","Fulton St Sw Exit 246 Rp","Dry","21:13:00","[""Lap and Shoulder Belt Used"",""Lap and Shoulder Belt Used"",""Lap and Shoulder Belt Used"",""Lap and Shoulder Belt Used""]","Clear",0,33.748691,-84.384416,"Atlanta","FULTON","[""Motor Vehicle in Motion"",""Motor Vehicle in Motion"",""Motor Vehicle in Motion""]","Inattentive or Other Distraction (Distracted)","[""Motor Vehicle in Motion"",""Motor Vehicle in Motion"",""Motor Vehicle in Motion""]"
0,0,"Atlanta Police Department","2022-04-23","Morosgo Dr Ne and Morosgo Way Ne","(O) No Injury","Daylight","On Roadway - Roadway Intersection","Angle Crash","Morosgo Dr Ne","Dry","17:26:00","[""Lap and Shoulder Belt Used"",""Lap and Shoulder Belt Used""]","Clear",0,33.82339,-84.365048,"Atlanta","FULTON","[""Motor Vehicle in Motion"",""Motor Vehicle in Motion""]","Failure to Yield","[""Motor Vehicle in Motion"",""Motor Vehicle in Motion""]"