"# Serious Injuries","# Visible Injuries","Agency Name (Crash Level) ","Date","Intersection Name (from Crash Report)","KABCO Severity","Light Conditions (Crash Level)","Location at Impact (Crash Level) ","Manner of Collision (Crash Level) ","Roadway (From Crash Report)","Surface Condition (Crash Level) ","Time","Safety Equipment (Crash Level) ","Weather Conditions (Crash Level)","# of Fatalities per Crash","Latitude","Longitude","Geolocated City","Geolocated County","First Harmful Event (Unit Order)","Operator/Pedestrian Contrib Factor (excl None, Other, No Contrib Factors)","Most Harmful Event (Crash Level)"
0,0,"Atlanta Police Department","2022-04-27","Pharr Rd Ne and Peachtree Rd Ne","(O) No Injury","Dark-Lighted","On Roadway - Roadway Intersection","Sideswipe-Same Direction","Pharr Rd Ne","Dry","20:30:00","[""Unknown"",""Shoulder Belt Only Used""]","Clear",0,33.837072,-84.381419,"Atlanta","FULTON","[""Motor Vehicle in Motion"",""Motor Vehicle in Motion""]","Improper Passing","[""Motor Vehicle in Motion"",""Motor Vehicle in Motion""]"
0,0,"Atlanta Police Department","2022-04-27","Collier Rd Nw and Woodland Hills Ave Nw","(O) No Injury","Daylight","On Roadway - Non-Intersection","Rear End","Collier Rd Nw","Dry","17:00:00","[""Lap and Shoulder Belt Used"",""Lap and Shoulder Belt Used""]","Clear",0,33.810111,-84.420011,"Atlanta","FULTON","[""Motor Vehicle in Motion"",""Motor Vehicle in Motion""]","Following Too Close","[""Motor Vehicle in Motion"",""Motor Vehicle in Motion""]"
1,1,"Atlanta Police Department","2022-04-27","Ridgewood Ln Sw and Campbellton Rd Sw","(A) Suspected Serious Injury","Daylight","On Roadway - Driveway Intersection","Angle Crash","Ridgewood Ln Sw","Dry","13:00:00","[""Lap and Shoulder Belt Used"",""Lap and Shoulder Belt Used"",""None Used""]","Clear",0,33.711827,-84.442221,"Atlanta","FULTON","[""Motor Vehicle in Motion"",""Motor Vehicle in Motion""]","Misjudged Clearance","[""Motor Vehicle in Motion"",""Motor Vehicle in Motion""]"
0,0,"Atlanta Police Department","2022-04-27","Glen Iris Dr Ne and Ralph Mcgill Blvd Ne","(O) No Injury","Dark-Not Lighted","On Roadway - Roadway Intersection","Angle Crash","Glen Iris Dr Ne","Dry","23:00:00","[""Lap and Shoulder Belt Used"",""Unknown""]","Clear",0,33.763934,-84.367804,"Atlanta","FULTON","[""Motor Vehicle in Motion"",""Motor Vehicle in Motion""]","Disregard Other Traffic Control","[""Motor Vehicle in Motion"",""Motor Vehicle in Motion""]"
0,0,"Atlanta Police Department","2022-04-27","Sanders Ave Se and Moreland Ave Se","(O) No Injury","Daylight","On Roadway - Driveway Intersection","Sideswipe-Same Direction","Moreland Ave Se","Dry","17:50:00","[""Unknown"",""Lap and Shoulder Belt Used""]","Clear",0,33.742267,-84.349248,"Atlanta","FULTON","[""Motor Vehicle in Motion"",""Motor Vehicle in Motion""]","Improper Passing","[""Motor Vehicle in Motion"",""Motor Vehicle in Motion""]"
0,0,"Atlanta Police Department","2022-04-27","Maxwell Dr Sw and Campbellton Rd Sw","(C) Possible Injury / Complaint","Daylight","On Roadway - Driveway Intersection","Angle Crash","Campbellton Rd Sw","Dry","16:56:00","[""Lap and Shoulder Belt Used"",""Lap and Shoulder Belt Used""]","Clear",0,33.697837,-84.483798,"Atlanta","FULTON","[""Motor Vehicle in Motion"",""Motor Vehicle in Motion""]","Improper Turn","[""Motor Vehicle in Motion"",""Motor Vehicle in Motion""]"
0,0,"Atlanta Police Department","2022-04-27","Barge Rd Sw and Campbellton Rd Sw","(O) No Injury","Daylight","On Roadway - Non-Intersection","Rear End","Barge Rd Sw","Dry","16:33:00","[""Unknown"",""Unknown""]","Clear",0,33.689964,-84.506244,"Atlanta","FULTON","[""Motor Vehicle in Motion"",""Motor Vehicle in Motion""]","Following Too Close","[""Motor Vehicle in Motion"",""Motor Vehicle in Motion""]"
0,0,"Atlanta Police Department","2022-04-27","None and Jonesboro Rd Se","(O) No Injury","Dark-Lighted","On Roadway - Non-Intersection","Angle Crash","Jonesboro Rd Se","Dry","01:14:00","[""Lap and Shoulder Belt Used"",""Lap and Shoulder Belt Used""]","Clear",0,33.65054,-84.366476,"Atlanta","FULTON","[""Motor Vehicle in Motion"",""Motor Vehicle in Motion""]","Disregard Stop Sign/Signal","[""Motor Vehicle in Motion"",""Motor Vehicle in Motion""]"
0,0,"Atlanta Police Department","2022-04-27","None and I-75","(O) No Injury","Daylight","On Roadway - Non-Intersection","Rear End","I-75","Dry","11:52:00","[""Lap and Shoulder Belt Used"",""Lap and Shoulder Belt Used""]","Clear",0,33.743006,-84.391828,"Atlanta","FULTON","[""Motor Vehicle in Motion"",""Motor Vehicle in Motion""]","[""Following Too Close"",""Following Too Close""]","[""Motor Vehicle in Motion"",""Motor Vehicle in Motion""]"
0,0,"Atlanta Police Department","2022-04-28","Tuxedo Rd Nw and Powers Ferry Rd Nw","(O) No Injury","Daylight","On Roadway - Roadway Intersection","Rear End","Powers Ferry Rd Nw","Dry","13:15:00","[""Unknown"",""Unknown""]","Clear",0,33.865704,-84.391993,"Atlanta","FULTON","[""Motor Vehicle in Motion"",""Motor Vehicle in Motion""]","Following Too Close","[""Motor Vehicle in Motion"",""Motor Vehicle in Motion""]"
0,0,"Atlanta Police Department","2022-04-28","Exit 60B and Moreland Ave Se","(C) Possible Injury / Complaint","Dark-Lighted","Entrance/Exit Ramp","Rear End","Moreland Ave Se","Dry","01:25:00","[""Lap and Shoulder Belt Used"",""Lap and Shoulder Belt Used"",""Lap and Shoulder Belt Used""]","Clear",0,33.744591,-84.347985,"Atlanta","DEKALB","[""Motor Vehicle in Motion"",""Motor Vehicle in Motion""]","Following Too Close","[""Motor Vehicle in Motion"",""Motor Vehicle in Motion""]"
0,0,"Gsp Post 00","2022-04-28","I-20 and I-7585 North","(O) No Injury","Daylight","On Roadway - Non-Intersection","Rear End","I-7585 North","Dry","14:06:00","[""Unknown"",""Unknown""]","Clear",0,33.739478,-84.391706,"Atlanta","FULTON","[""Motor Vehicle in Motion"",""Motor Vehicle in Motion""]","Following Too Close","[""Motor Vehicle in Motion"",""Motor Vehicle in Motion""]"
0,0,"South Fulton Police Department","2022-04-28","I285 North and Cascade Rd Sw","(O) No Injury","Daylight","On Roadway - Roadway Intersection","Sideswipe-Same Direction","Cascade Rd Sw","Dry","11:21:00","[""Unknown"",""Unknown""]","Clear",0,33.723021,-84.502106,"South Fulton","FULTON","[""Motor Vehicle in Motion"",""Motor Vehicle in Motion""]",,"[""Motor Vehicle in Motion"",""Motor Vehicle in Motion""]"
0,0,"Atlanta Police Department","2022-04-28","Williams St Nw and Ivan Allen Jr Blvd Nw","(O) No Injury","Daylight","On Roadway - Roadway Intersection","Sideswipe-Same Direction","Williams St Nw","Dry","17:10:00","[""Unknown"",""Unknown""]","Clear",0,33.764805,-84.390346,"Atlanta","FULTON","[""Motor Vehicle in Motion"",""Motor Vehicle in Motion""]",,"[""Motor Vehicle in Motion"",""Motor Vehicle in Motion""]"
0,0,"Atlanta Police Department","2022-04-28","Peachtree Rd Ne and Peachtree St Ne","(O) No Injury","Daylight","On Roadway - Non-Intersection","Angle Crash","Peachtree St Ne","Dry","15:38:00","[""Shoulder Belt Only Used"",""Shoulder Belt Only Used""]","Clear",0,33.80437,-84.393465,"Atlanta","FULTON","[""Motor Vehicle in Motion"",""Motor Vehicle in Motion""]",,"[""Motor Vehicle in Motion"",""Motor Vehicle in Motion""]"
0,2,"Atlanta Police Department","2022-04-28","I-20 W and Martin Luther King Jr Dr Nw","(B) Suspected Minor/Visible Injury","Daylight","On Roadway - Non-Intersection","Rear End","I-20 W","Dry","14:35:00","[""Unknown"",""Unknown""]","Clear",0,33.750797,-84.444323,"Atlanta","FULTON","[""Motor Vehicle in Motion"",""Motor Vehicle in Motion""]","Following Too Close","[""Motor Vehicle in Motion"",""Motor Vehicle in Motion""]"
0,0,"Atlanta Police Department","2022-04-28","Peachtree St Nw and Peachtree Cir Ne","(O) No Injury","Daylight","On Roadway - Roadway Intersection","Sideswipe-Same Direction","Peachtree Cir Ne","Dry","09:00:00","[""Unknown"",""Lap and Shoulder Belt Used""]","Clear",0,33.795824,-84.387733,"Atlanta","FULTON","[""Motor Vehicle in Motion"",""Motor Vehicle in Motion""]","Improper Passing","[""Motor Vehicle in Motion"",""Motor Vehicle in Motion""]"
0,0,"Atlanta Police Department","2022-04-28","Phipps Blvd Ne and Longleaf Dr Ne","(O) No Injury","Daylight","On Roadway - Roadway Intersection","Angle Crash","Longleaf Dr Ne","Dry","16:55:00","[""Unknown"",""Unknown""]","Clear",0,33.855257,-84.363345,"Atlanta","FULTON","[""Motor Vehicle in Motion"",""Motor Vehicle in Motion""]","Improper Turn","[""Motor Vehicle in Motion"",""Motor Vehicle in Motion""]"
0,0,"Atlanta Police Department","2022-04-28","Brannen Rd Se and Bouldercrest Dr Se","(C) Possible Injury / Complaint","Dark-Lighted","On Roadway - Roadway Intersection","Angle Crash","Brannen Rd Se","Dry","22:20:00","[""Lap and Shoulder Belt Used"",""Lap and Shoulder Belt Used"",""Child Restraint System (Properly Used)"",""Lap and Shoulder Belt Used""]","Clear",0,33.719111,-84.32999,"Atlanta","DEKALB","[""Motor Vehicle in Motion"",""Motor Vehicle in Motion""]","Disregard Stop Sign/Signal","[""Motor Vehicle in Motion"",""Motor Vehicle in Motion""]"
0,0,"Atlanta Police Department","2022-04-28","Ethel St Nw and Northside Dr Nw","(O) No Injury","Daylight","On Roadway - Roadway Intersection","Sideswipe-Same Direction","Northside Dr Nw","Dry","17:50:00","[""Unknown"",""Unknown""]","Clear",0,33.785202,-84.407452,"Atlanta","FULTON","[""Motor Vehicle in Motion"",""Motor Vehicle in Motion""]","Changed Lanes Improperly","[""Motor Vehicle in Motion"",""Motor Vehicle in Motion""]"
0,0,"Gsp Post 00","2022-04-28","I-75 Sb and Northside Dr","(C) Possible Injury / Complaint","Daylight","Median","Not a Collision with Motor Vehicle","I-75 Sb","Dry","00:00:00","None Used","Clear",0,33.799701,-84.397057,"Atlanta","FULTON","Median Barrier","Driver Lost Control","Median Barrier"
0,0,"Gsp Post 00","2022-04-28","I-285 W and Jonesboro Rd","(O) No Injury","Daylight","On Roadway - Non-Intersection","Sideswipe-Same Direction","I-285 W","Dry","15:42:00","[""Lap and Shoulder Belt Used"",""Lap and Shoulder Belt Used""]","Clear",0,33.651985,-84.367078,"Atlanta","FULTON","[""Motor Vehicle in Motion"",""Motor Vehicle in Motion""]","Changed Lanes Improperly","[""Motor Vehicle in Motion"",""Motor Vehicle in Motion""]"
0,0,"Atlanta Police Department","2022-04-28","Gresham Ave Se and Portland Ave Se","(O) No Injury","Dark-Lighted","On Roadway - Driveway Intersection","Angle Crash","Gresham Ave Se","Dry","21:25:00","[""Unknown"",""Unknown""]","Clear",0,33.738661,-84.345816,"Atlanta","DEKALB","[""Motor Vehicle in Motion"",""Motor Vehicle in Motion""]",,"[""Motor Vehicle in Motion"",""Motor Vehicle in Motion""]"
0,0,"Atlanta Police Department","2022-04-28","Garnett St Sw and Ted Turner Dr Sw","(O) No Injury","Daylight","On Roadway - Non-Intersection","Rear End","Ted Turner Dr Sw","Dry","08:30:00","Lap and Shoulder Belt Used","Clear",0,33.749872,-84.39758,"Atlanta","FULTON","[""Motor Vehicle in Motion"",""Motor Vehicle in Motion""]","Misjudged Clearance","[""Motor Vehicle in Motion"",""Motor Vehicle in Motion""]"
0,0,"Atlanta Police Department","2022-04-28","North Ave Nw and W Peachtree St Nw","(O) No Injury","Daylight","On Roadway - Managed Lane (HOV, HOT, Reversible)","Sideswipe-Same Direction","North Ave Nw","Dry","17:54:00","[""Unknown"",""Unknown""]","Clear",0,33.771267,-84.387435,"Atlanta","FULTON","[""Motor Vehicle in Motion"",""Motor Vehicle in Motion""]",,"[""Motor Vehicle in Motion"",""Motor Vehicle in Motion""]"
0,0,"Atlanta Police Department","2022-04-28","Lois St Nw and W Marietta St Nw","(O) No Injury","Daylight","On Roadway - Non-Intersection","Sideswipe-Same Direction","W Marietta St Nw","Dry","10:45:00","[""Unknown"",""Unknown"",""Unknown""]","Clear",0,33.786274,-84.432453,"Atlanta","FULTON","[""Motor Vehicle in Motion"",""Motor Vehicle in Motion""]",,"[""Motor Vehicle in Motion"",""Motor Vehicle in Motion""]"
0,0,"Atlanta Police Department","2022-04-28","University Ave Sw and Metropolitan Pkwy Sw","(O) No Injury","Daylight","On Roadway - Roadway Intersection","Sideswipe-Same Direction","University Ave Sw","Dry","16:10:00","Lap and Shoulder Belt Used","Clear",0,33.722182,-84.407126,"Atlanta","FULTON","[""Motor Vehicle in Motion"",""Motor Vehicle in Motion""]","Changed Lanes Improperly","Motor Vehicle in Motion"
0,1,"Gsp Post 00","2022-04-28","I-75 I-85 North and Exit Ramp To 10Th St","(B) Suspected Minor/Visible Injury","Daylight","Off Roadway","Not a Collision with Motor Vehicle","I-75 I-85 North","Dry","15:50:00","Shoulder Belt Only Used","Clear",0,33.778152,-84.39082,"Atlanta","FULTON","Other - Fixed Object","Under the Influence (U.I.)","Other - Fixed Object"
0,1,"Atlanta Police Department","2022-04-28","None and I-75","(B) Suspected Minor/Visible Injury","Dark-Lighted","Entrance/Exit Ramp","Not a Collision with Motor Vehicle","I-75","Dry","21:00:00","Unknown","Clear",0,33.794145,-84.391584,"Atlanta","FULTON","Other Non-Collision","Driver Lost Control","Over Turn"
0,0,"Atlanta Police Department","2022-04-28","Headland Dr Sw and Greenbriar Pkwy Sw","(C) Possible Injury / Complaint","Dark-Lighted","On Roadway - Non-Intersection","Sideswipe-Same Direction","Greenbriar Pkwy Sw","Dry","21:39:00","[""Lap and Shoulder Belt Used"",""Lap and Shoulder Belt Used"",""Lap and Shoulder Belt Used""]","Clear",0,33.69056,-84.489117,"Atlanta","FULTON","[""Motor Vehicle in Motion"",""Motor Vehicle in Motion""]","Changed Lanes Improperly","[""Motor Vehicle in Motion"",""Motor Vehicle in Motion""]"
0,0,"Gsp Post 00","2022-04-28","I-7585 Nb and 14Th Street","(O) No Injury","Daylight","On Roadway - Non-Intersection","Rear End","I-7585 Nb","Dry","09:05:00","[""Lap and Shoulder Belt Used"",""Lap and Shoulder Belt Used""]","Clear",0,33.789393,-84.390813,"Atlanta","FULTON","[""Motor Vehicle in Motion"",""Motor Vehicle in Motion""]","Following Too Close","[""Motor Vehicle in Motion"",""Motor Vehicle in Motion""]"
0,0,"Atlanta Police Department","2022-04-28","Fairburn Rd Sw and Boulder Park Dr Sw","(C) Possible Injury / Complaint","Dusk","On Roadway - Roadway Intersection","Rear End","Boulder Park Dr Sw","Dry","20:35:00","[""Lap and Shoulder Belt Used"",""None Used"",""Lap and Shoulder Belt Used"",""Lap and Shoulder Belt Used""]","Clear",0,33.748719,-84.508234,"Atlanta","FULTON","[""Motor Vehicle in Motion"",""Motor Vehicle in Motion"",""Motor Vehicle in Motion"",""Motor Vehicle in Motion""]","Following Too Close","[""Motor Vehicle in Motion"",""Motor Vehicle in Motion"",""Parked Motor Vehicle"",""Motor Vehicle in Motion""]"
0,0,"Atlanta Police Department","2022-04-28",,"(O) No Injury","Daylight","On Roadway - Roadway Intersection","Rear End","Hapeville Rd Sw","Dry","09:45:00","[""Unknown"",""Unknown""]","Clear",0,33.678644,-84.393399,"Atlanta","FULTON","[""Motor Vehicle in Motion"",""Motor Vehicle in Motion""]","[""Following Too Close"",""Under the Influence (U.I.)""]","[""Motor Vehicle in Motion"",""Motor Vehicle in Motion""]"
0,0,"Gsp Post 00","2022-04-28","I-75 Sb and West Paces Ferry Road","(O) No Injury","Daylight","On Roadway - Non-Intersection","Rear End","I-75 Sb","Dry","08:29:00","[""Lap and Shoulder Belt Used"",""Lap and Shoulder Belt Used""]","Clear",0,33.858899,-84.434377,"Atlanta","FULTON","[""Motor Vehicle in Motion"",""Motor Vehicle in Motion""]","Following Too Close","[""Motor Vehicle in Motion"",""Motor Vehicle in Motion""]"
0,0,"Gsp Post 00","2022-04-28","I-85Sb and Peachtree Rd","(O) No Injury","Daylight","On Roadway - Non-Intersection","Sideswipe-Same Direction","I-85Sb","Dry","17:50:00","[""Lap and Shoulder Belt Used"",""Lap and Shoulder Belt Used""]","Clear",0,33.798108,-84.393175,"Atlanta","FULTON","[""Motor Vehicle in Motion"",""Motor Vehicle in Motion""]","Changed Lanes Improperly","[""Motor Vehicle in Motion"",""Motor Vehicle in Motion""]"
0,0,"Atlanta Police Department","2022-04-28","I-285 Sb and Bolton Rd Nw","(O) No Injury","Daylight","Entrance/Exit Ramp","Rear End","I-285 Sb","Dry","19:32:00","[""Unknown"",""Lap and Shoulder Belt Used""]","Clear",0,33.797842,-84.487829,"Atlanta","FULTON","[""Motor Vehicle in Motion"",""Motor Vehicle in Motion""]","Following Too Close","Motor Vehicle in Motion"
0,0,"Atlanta Police Department","2022-04-28","I-75 S and Howell Mill Rd Nw","(O) No Injury","Daylight","On Roadway - Non-Intersection","Rear End","Howell Mill Rd Nw","Dry","09:32:00","[""Lap and Shoulder Belt Used"",""Lap and Shoulder Belt Used""]","Clear",0,33.805138,-84.413331,"Atlanta","FULTON","[""Motor Vehicle in Motion"",""Motor Vehicle in Motion""]","Following Too Close","[""Motor Vehicle in Motion"",""Motor Vehicle in Motion""]"
0,0,"Atlanta Police Department","2022-04-28","Piedmont Ave Ne and Renaissance Pkwy Ne","(O) No Injury","Dark-Lighted","On Roadway - Roadway Intersection","Angle Crash","Renaissance Pkwy Ne","Dry","22:15:00","[""Unknown"",""Unknown""]","Clear",0,33.768645,-84.381991,"Atlanta","FULTON","[""Motor Vehicle in Motion"",""Motor Vehicle in Motion""]","Failure to Yield","[""Motor Vehicle in Motion"",""Motor Vehicle in Motion""]"
0,0,"Atlanta Police Department","2022-04-28","Fairlane Dr Se and Cleveland Ave Se","(O) No Injury","Daylight","On Roadway - Roadway Intersection","Angle Crash","Cleveland Ave Se","Dry","14:11:00","[""Unknown"",""Unknown""]","Clear",0,33.680645,-84.380355,"Atlanta","FULTON","[""Motor Vehicle in Motion"",""Motor Vehicle in Motion""]","Failure to Yield","[""Motor Vehicle in Motion"",""Motor Vehicle in Motion""]"
0,0,"Atlanta Police Department","2022-04-28","Forsyth St Nw and Marietta St Nw","(O) No Injury","Daylight","On Roadway - Roadway Intersection","Angle Crash","Forsyth St Nw","Dry","11:45:00","[""Unknown"",""Unknown""]","Clear",0,33.755378,-84.391106,"Atlanta","FULTON","[""Motor Vehicle in Motion"",""Motor Vehicle in Motion""]","Improper Turn","[""Motor Vehicle in Motion"",""Motor Vehicle in Motion""]"
0,0,"Gsp Post 00","2022-04-28","10Th St and I-7585N","(O) No Injury","Daylight","On Roadway - Non-Intersection","Rear End","I-7585N","Dry","07:40:00","[""Lap and Shoulder Belt Used"",""Lap and Shoulder Belt Used"",""Lap and Shoulder Belt Used""]","Clear",0,33.77987,-84.390855,"Atlanta","FULTON","[""Motor Vehicle in Motion"",""Motor Vehicle in Motion"",""Motor Vehicle in Motion""]","Following Too Close","[""Motor Vehicle in Motion"",""Motor Vehicle in Motion"",""Motor Vehicle in Motion""]"
0,0,"Atlanta Police Department","2022-04-28","E Sussex Rd Ne and E Rock Springs Rd Ne","(C) Possible Injury / Complaint","Daylight","On Roadway - Non-Intersection","Rear End","E Rock Springs Rd Ne","Dry","14:40:00","[""Unknown"",""Unknown""]","Clear",0,33.797366,-84.353867,"Atlanta","FULTON","[""Motor Vehicle in Motion"",""Motor Vehicle in Motion""]",,"[""Motor Vehicle in Motion"",""Motor Vehicle in Motion""]"
0,0,"Atlanta Police Department","2022-04-28","Monroe Dr Ne and Piedmont Ave Ne","(O) No Injury","Daylight","On Roadway - Non-Intersection","Angle Crash","Piedmont Ave Ne","Dry","04:00:00","[""Unknown"",""Lap and Shoulder Belt Used""]","Clear",0,33.797038,-84.369039,"Atlanta","FULTON","[""Motor Vehicle in Motion"",""Motor Vehicle in Motion""]",,"[""Motor Vehicle in Motion"",""Motor Vehicle in Motion""]"
0,0,"Atlanta Police Department","2022-04-28","Landau Ln Sw and Fairburn Rd Sw","(O) No Injury","Daylight","On Roadway - Roadway Intersection","Rear End","Fairburn Rd Sw","Dry","18:27:00","Unknown","Clear",0,33.712534,-84.50604,"Atlanta","FULTON","[""Motor Vehicle in Motion"",""Motor Vehicle in Motion""]",,"[""Motor Vehicle in Motion"",""Motor Vehicle in Motion""]"
0,0,"Atlanta Police Department","2022-04-28","Peachtree Rd Ne and Brookwood Valley Cir Ne","(O) No Injury","Daylight","On Roadway - Non-Intersection","Angle Crash","Peachtree Rd Ne","Dry","16:50:00","[""Shoulder Belt Only Used"",""Shoulder Belt Only Used""]","Clear",0,33.8095,-84.393098,"Atlanta","FULTON","[""Motor Vehicle in Motion"",""Motor Vehicle in Motion""]",,"[""Motor Vehicle in Motion"",""Motor Vehicle in Motion""]"
0,0,"Atlanta Police Department","2022-04-28","None and I-20","(O) No Injury","Dark-Not Lighted","On Roadway - Non-Intersection","Sideswipe-Same Direction","I-20","Dry","20:43:00","[""Lap and Shoulder Belt Used"",""Lap and Shoulder Belt Used""]","Clear",0,33.765772,-84.507545,"Atlanta","FULTON","[""Motor Vehicle in Motion"",""Motor Vehicle in Motion""]","Changed Lanes Improperly","[""Motor Vehicle in Motion"",""Motor Vehicle in Motion""]"
0,0,"Atlanta Police Department","2022-04-28","Exit 12 and Donald Lee Hollowell Pkwy Nw","(O) No Injury","Daylight","On Roadway - Roadway Intersection","Sideswipe-Same Direction","Donald Lee Hollowell Pkwy Nw","Dry","18:53:00","[""Unknown"",""Unknown"",""Unknown""]","Clear",0,33.786341,-84.492079,"Atlanta","FULTON","[""Motor Vehicle in Motion"",""Motor Vehicle in Motion""]","Improper Turn","[""Motor Vehicle in Motion"",""Motor Vehicle in Motion""]"
0,0,"Gsp Post 00","2022-04-28","Boulevard Overpass and Interstate 20 West","(C) Possible Injury / Complaint","Daylight","On Roadway - Non-Intersection","Rear End","Interstate 20 West","Dry","18:40:00","[""Lap and Shoulder Belt Used"",""Lap and Shoulder Belt Used"",""Lap and Shoulder Belt Used"",""Lap and Shoulder Belt Used"",""Lap and Shoulder Belt Used"",""Lap and Shoulder Belt Used"",""Lap and Shoulder Belt Used"",""Lap and Shoulder Belt Used""]","Clear",0,33.743441,-84.369236,"Atlanta","FULTON","[""Motor Vehicle in Motion"",""Motor Vehicle in Motion"",""Motor Vehicle in Motion""]","Following Too Close","[""Motor Vehicle in Motion"",""Motor Vehicle in Motion"",""Motor Vehicle in Motion""]"
0,0,"Atlanta Police Department","2022-04-28","14Th St Nw and Northside Dr Nw","(O) No Injury","Daylight","On Roadway - Roadway Intersection","Rear End","Northside Dr Nw","Dry","17:33:00","[""Unknown"",""Unknown""]","Clear",0,33.785536,-84.40745,"Atlanta","FULTON","[""Motor Vehicle in Motion"",""Motor Vehicle in Motion""]","Following Too Close","[""Motor Vehicle in Motion"",""Motor Vehicle in Motion""]"
0,0,"Gsp Post 00","2022-04-28","I-20 Wb and Moreland Avenue","(O) No Injury","Daylight","On Roadway - Non-Intersection","Sideswipe-Same Direction","I-20 Wb","Dry","16:46:00","[""Lap and Shoulder Belt Used"",""Lap and Shoulder Belt Used""]","Clear",0,33.744215,-84.355263,"Atlanta","FULTON","[""Motor Vehicle in Motion"",""Motor Vehicle in Motion""]",,"[""Motor Vehicle in Motion"",""Motor Vehicle in Motion""]"
0,0,"Atlanta Police Department","2022-04-28","None and Northside Pkwy Nw","(O) No Injury","Dark-Lighted","On Roadway - Non-Intersection","Not a Collision with Motor Vehicle","Northside Pkwy Nw","Dry","00:42:00","Lap and Shoulder Belt Used","Clear",0,33.84426,-84.425037,"Atlanta","FULTON","Other Non-Collision","Driver Lost Control","Utility Pole"
0,0,"Atlanta Police Department","2022-04-28","None and Cleveland Ave Sw","(O) No Injury","Dark-Not Lighted","On Roadway - Non-Intersection","Rear End","Cleveland Ave Sw","Dry","21:15:00","[""Lap and Shoulder Belt Used"",""Lap and Shoulder Belt Used"",""Lap and Shoulder Belt Used"",""Booster Seat (Properly Used)"",""Lap and Shoulder Belt Used""]","Clear",0,33.681117,-84.392816,"Atlanta","FULTON","[""Motor Vehicle in Motion"",""Motor Vehicle in Motion"",""Motor Vehicle in Motion""]","Following Too Close","[""Motor Vehicle in Motion"",""Motor Vehicle in Motion"",""Motor Vehicle in Motion""]"
0,0,"Atlanta Police Department","2022-04-28","Bellemeade Ave Nw and Howell Mill Rd Nw","(O) No Injury","Daylight","On Roadway - Non-Intersection","Angle Crash","Howell Mill Rd Nw","Dry","15:40:00","[""Unknown"",""Unknown""]","Clear",0,33.800184,-84.415972,"Atlanta","FULTON","[""Motor Vehicle in Motion"",""Motor Vehicle in Motion""]","Changed Lanes Improperly","[""Motor Vehicle in Motion"",""Motor Vehicle in Motion""]"
0,0,"Gsp Post 00","2022-04-28","None and I-20 Wb  Exit Ramp To Capitol","(O) No Injury","Daylight","Entrance/Exit Ramp","Sideswipe-Same Direction","I-20 Wb  Exit Ramp To Capitol","Dry","10:24:00","[""Lap and Shoulder Belt Used"",""Lap and Shoulder Belt Used""]","Clear",0,33.745398,-84.387758,"Atlanta","FULTON","[""Motor Vehicle in Motion"",""Motor Vehicle in Motion""]","Changed Lanes Improperly","[""Motor Vehicle in Motion"",""Motor Vehicle in Motion""]"
0,0,"Atlanta Police Department","2022-04-28","Pearl St Se and Memorial Dr Se","(C) Possible Injury / Complaint","Daylight","On Roadway - Non-Intersection","Rear End","Memorial Dr Se","Dry","13:30:00","[""Lap and Shoulder Belt Used"",""Lap and Shoulder Belt Used""]","Clear",0,33.746629,-84.361667,"Atlanta","FULTON","[""Motor Vehicle in Motion"",""Motor Vehicle in Motion""]",,"[""Motor Vehicle in Motion"",""Motor Vehicle in Motion""]"
0,0,"Atlanta Police Department","2022-04-28","Cumberland Rd Ne and N Morningside Dr Ne","(O) No Injury","Daylight","On Roadway - Non-Intersection","Rear End","N Morningside Dr Ne","Dry","15:52:00","[""Unknown"",""Unknown""]","Clear",0,33.796298,-84.358972,"Atlanta","FULTON","[""Motor Vehicle in Motion"",""Motor Vehicle in Motion""]",,"[""Motor Vehicle in Motion"",""Motor Vehicle in Motion""]"
0,0,"Atlanta Police Department","2022-04-28","E Sussex Rd Ne and E Rock Springs Rd Ne","(C) Possible Injury / Complaint","Daylight","On Roadway - Roadway Intersection","Angle Crash","E Rock Springs Rd Ne","Dry","19:00:00","[""Lap and Shoulder Belt Used"",""Lap and Shoulder Belt Used""]","Clear",0,33.797367,-84.354326,"Atlanta","FULTON","[""Motor Vehicle in Motion"",""Motor Vehicle in Motion""]",,"[""Motor Vehicle in Motion"",""Motor Vehicle in Motion""]"
0,0,"Atlanta Police Department","2022-04-28","I-20 W and Moreland Ave Se","(O) No Injury","Dark-Lighted","Entrance/Exit Ramp","Rear End","Moreland Ave Se","Dry","01:02:00","[""Lap and Shoulder Belt Used"",""Lap and Shoulder Belt Used""]","Clear",0,33.746152,-84.349275,"Atlanta","FULTON","[""Motor Vehicle in Motion"",""Motor Vehicle in Motion""]","Failure to Yield","[""Motor Vehicle in Motion"",""Motor Vehicle in Motion""]"
0,0,"Atlanta Police Department","2022-04-28","Collier Rd Nw and Howell Mill Rd Nw","(O) No Injury","Daylight","On Roadway - Non-Intersection","Rear End","Collier Rd Nw","Dry","19:04:00","[""Lap and Shoulder Belt Used"",""Lap and Shoulder Belt Used""]","Clear",0,33.809448,-84.413183,"Atlanta","FULTON","[""Motor Vehicle in Motion"",""Motor Vehicle in Motion""]","Following Too Close","[""Motor Vehicle in Motion"",""Motor Vehicle in Motion""]"