"# Serious Injuries","# Visible Injuries","Agency Name (Crash Level) ","Date","Intersection Name (from Crash Report)","KABCO Severity","Light Conditions (Crash Level)","Location at Impact (Crash Level) ","Manner of Collision (Crash Level) ","Roadway (From Crash Report)","Surface Condition (Crash Level) ","Time","Safety Equipment (Crash Level) ","Weather Conditions (Crash Level)","# of Fatalities per Crash","Latitude","Longitude","Geolocated City","Geolocated County","First Harmful Event (Unit Order)","Operator/Pedestrian Contrib Factor (excl None, Other, No Contrib Factors)","Most Harmful Event (Crash Level)"
0,0,"Atlanta Police Department","2022-05-04","Peachtree St Ne and Renaissance Pkwy Ne","(O) No Injury","Daylight","On Roadway - Roadway Intersection","Rear End","Peachtree St Ne","Dry","15:20:00","[""Unknown"",""Lap and Shoulder Belt Used""]","Clear",0,33.768585,-84.385262,"Atlanta","FULTON","[""Motor Vehicle in Motion"",""Motor Vehicle in Motion""]",,"[""Motor Vehicle in Motion"",""Motor Vehicle in Motion""]"
0,0,"Atlanta Police Department","2022-05-04","Hill St Se and Martin Luther King Jr Dr Se","(O) No Injury","Daylight","On Roadway - Roadway Intersection","Sideswipe-Same Direction","Martin Luther King Jr Dr Se","Dry","09:50:00","[""Unknown"",""Unknown"",""Unknown""]","Clear",0,33.747393,-84.379563,"Atlanta","FULTON","[""Motor Vehicle in Motion"",""Motor Vehicle in Motion""]",,"[""Motor Vehicle in Motion"",""Motor Vehicle in Motion""]"
0,1,"Atlanta Police Department","2022-05-04","I-75 and Northside Dr","(B) Suspected Minor/Visible Injury","Daylight","Entrance/Exit Ramp","Not a Collision with Motor Vehicle","I-75","Dry","06:50:00","Lap and Shoulder Belt Used","Clear",0,33.803677,-84.406754,"Atlanta","FULTON","Other Non-Collision","Driver Lost Control","Median Barrier"
0,0,"Atlanta Police Department","2022-05-04","None and I-75","(O) No Injury","Dark-Lighted","On Roadway - Managed Lane (HOV, HOT, Reversible)","Sideswipe-Same Direction","I-75","Water (standing or moving)","22:30:00","[""Unknown"",""Unknown""]","Rain",0,33.717012,-84.398449,"Atlanta","FULTON","[""Motor Vehicle in Motion"",""Motor Vehicle in Motion""]","Changed Lanes Improperly","[""Motor Vehicle in Motion"",""Motor Vehicle in Motion""]"
0,0,"Atlanta Police Department","2022-05-04","I-85 S and Ga-400","(C) Possible Injury / Complaint","Dark-Lighted","On Roadway - Non-Intersection","Head On","Ga-400","Wet","06:25:00","[""Unknown"",""Unknown"",""Unknown""]","Rain",0,33.819943,-84.361544,"Atlanta","FULTON","[""Motor Vehicle in Motion"",""Motor Vehicle in Motion"",""Motor Vehicle in Motion""]","[""Following Too Close"",""Following Too Close""]","[""Motor Vehicle in Motion"",""Motor Vehicle in Motion"",""Motor Vehicle in Motion""]"
0,0,"Atlanta Police Department","2022-05-04","Simpson St Nw and Ted Turner Dr Nw","(O) No Injury","Daylight","On Roadway - Non-Intersection","Rear End","Ted Turner Dr Nw","Dry","17:00:00","[""Unknown"",""Unknown""]","Other",0,33.76332,-84.389029,"Atlanta","FULTON","[""Motor Vehicle in Motion"",""Motor Vehicle in Motion""]",,"[""Motor Vehicle in Motion"",""Motor Vehicle in Motion""]"
0,0,"Atlanta Police Department","2022-05-04","8Th St Nw and Howell Mill Rd Nw","(O) No Injury","Daylight","On Roadway - Roadway Intersection","Angle Crash","Howell Mill Rd Nw","Water (standing or moving)","17:30:00","[""None Used"",""None Used"",""None Used""]","Rain",0,33.779712,-84.41026,"Atlanta","FULTON","[""Motor Vehicle in Motion"",""Motor Vehicle in Motion""]","[""Under the Influence (U.I.)"",""Driver Condition""]","[""Motor Vehicle in Motion"",""Motor Vehicle in Motion""]"
0,0,"Atlanta Police Department","2022-05-04","None and I-85","(O) No Injury","Daylight","On Roadway - Non-Intersection","Sideswipe-Same Direction","I-85","Dry","18:08:00","[""Lap and Shoulder Belt Used"",""Lap and Shoulder Belt Used""]","Clear",0,33.793805,-84.392903,"Atlanta","FULTON","[""Motor Vehicle in Motion"",""Motor Vehicle in Motion""]","[""Changed Lanes Improperly"",""Changed Lanes Improperly""]","[""Motor Vehicle in Motion"",""Motor Vehicle in Motion""]"
0,0,"Atlanta Police Department","2022-05-04","Pharr Rd Nw and Pharr Court North Nw","(O) No Injury","Dark-Not Lighted","On Roadway - Non-Intersection","Angle Crash","Pharr Court North Nw","Dry","11:00:00","Unknown","Clear",0,33.836811,-84.385124,"Atlanta","FULTON","[""Motor Vehicle in Motion"",""Parked Motor Vehicle"",""Parked Motor Vehicle""]",,"[""Other - Fixed Object"",""Other - Fixed Object"",""Other - Fixed Object""]"
0,0,"Atlanta Police Department","2022-05-04","None and I-75","(O) No Injury","Daylight","On Roadway - Non-Intersection","Rear End","I-75","Dry","12:00:00","Lap and Shoulder Belt Used","Clear",0,33.7251,-84.393582,"Atlanta","FULTON","[""Motor Vehicle in Motion"",""Motor Vehicle in Motion""]","Following Too Close","[""Motor Vehicle in Motion"",""Motor Vehicle in Motion""]"
0,0,"Atlanta Police Department","2022-05-04","Defoor Ave Nw and Springer St Nw","(O) No Injury","Daylight","On Roadway - Roadway Intersection","Angle Crash","Springer St Nw","Dry","11:40:00","[""Lap and Shoulder Belt Used"",""Lap and Shoulder Belt Used""]","Clear",0,33.800467,-84.417195,"Atlanta","FULTON","[""Motor Vehicle in Motion"",""Motor Vehicle in Motion""]","Improper Backing","[""Motor Vehicle in Motion"",""Motor Vehicle in Motion""]"
0,0,"Atlanta Police Department","2022-05-04","Mary St Sw and Metropolitan Pkwy Sw","(C) Possible Injury / Complaint","Daylight","On Roadway - Roadway Intersection","Angle Crash","Metropolitan Pkwy Sw","Dry","09:20:00","[""Lap and Shoulder Belt Used"",""Lap and Shoulder Belt Used""]","Clear",0,33.729353,-84.408018,"Atlanta","FULTON","[""Motor Vehicle in Motion"",""Motor Vehicle in Motion""]","Changed Lanes Improperly","[""Motor Vehicle in Motion"",""Motor Vehicle in Motion""]"
0,1,"Atlanta Police Department","2022-05-04","Hasty Pl Nw and W Lake Ave Nw","(B) Suspected Minor/Visible Injury","Dark-Not Lighted","On Roadway - Non-Intersection","Head On","W Lake Ave Nw","Dry","22:00:00","[""Unknown"",""Unknown""]","Clear",0,33.7694,-84.441463,"Atlanta","FULTON","[""Motor Vehicle in Motion"",""Motor Vehicle in Motion""]","Driver Condition","[""Motor Vehicle in Motion"",""Motor Vehicle in Motion""]"
0,0,"Atlanta Police Department","2022-05-04","16Th St Ne and Peachtree St Ne","(C) Possible Injury / Complaint","Daylight","On Roadway - Roadway Intersection","Angle Crash","16Th St Ne","Wet","17:28:00","[""Lap and Shoulder Belt Used"",""Child Restraint System (Properly Used)"",""Lap and Shoulder Belt Used""]","Cloudy",0,33.790655,-84.385152,"Atlanta","FULTON","[""Motor Vehicle in Motion"",""Motor Vehicle in Motion""]","Disregard Other Traffic Control","[""Motor Vehicle in Motion"",""Motor Vehicle in Motion""]"
0,0,"Atlanta Police Department","2022-05-04","Krog St Ne and Dekalb Ave Ne","(O) No Injury","Dark-Not Lighted","On Roadway - Roadway Intersection","Angle Crash","Dekalb Ave Ne","Wet","02:12:00","[""Unknown"",""Unknown""]","Rain",0,33.753491,-84.363868,"Atlanta","FULTON","[""Motor Vehicle in Motion"",""Motor Vehicle in Motion""]",,"[""Motor Vehicle in Motion"",""Motor Vehicle in Motion""]"
0,0,"Atlanta Police Department","2022-05-04","S Howard St Se and Hosea L Williams Dr Ne","(O) No Injury","Daylight","On Roadway - Roadway Intersection","Sideswipe-Same Direction","Hosea L Williams Dr Ne","Dry","11:00:00","[""Unknown"",""Unknown""]","Clear",0,33.751489,-84.322799,"Atlanta","DEKALB","[""Motor Vehicle in Motion"",""Motor Vehicle in Motion""]","Misjudged Clearance","[""Motor Vehicle in Motion"",""Motor Vehicle in Motion""]"
0,0,"Atlanta Police Department","2022-05-04","None and I-20","(O) No Injury","Daylight","On Roadway - Non-Intersection","Not a Collision with Motor Vehicle","I-20","Dry","14:28:00","Lap and Shoulder Belt Used","Clear",0,33.743843,-84.355759,"Atlanta","FULTON","Motor Vehicle in Motion","Too Fast for Conditions","Motor Vehicle in Motion"
0,0,"Atlanta Police Department","2022-05-04","I-20 W and Lee St Sw","(O) No Injury","Daylight","On Roadway - Non-Intersection","Sideswipe-Same Direction","Lee St Sw","Dry","20:00:00","[""None Used"",""None Used""]","Clear",0,33.741514,-84.414069,"Atlanta","FULTON","[""Motor Vehicle in Motion"",""Motor Vehicle in Motion""]",,"[""Motor Vehicle in Motion"",""Motor Vehicle in Motion""]"
0,0,"Atlanta Police Department","2022-05-04","14Th St Nw and W Peachtree St Nw","(C) Possible Injury / Complaint","Dark-Lighted","On Roadway - Roadway Intersection","Head On","14Th St Nw","Dry","21:30:00","[""Lap and Shoulder Belt Used"",""Lap and Shoulder Belt Used""]","Clear",0,33.786585,-84.387921,"Atlanta","FULTON","[""Motor Vehicle in Motion"",""Motor Vehicle in Motion""]","[""Following Too Close"",""Improper Turn""]","[""Motor Vehicle in Motion"",""Motor Vehicle in Motion""]"
0,0,"Atlanta Police Department","2022-05-04","Ga-400 and Lenox Rd","(C) Possible Injury / Complaint","Daylight","On Roadway - Non-Intersection","Rear End","Ga-400","Wet","18:30:00","[""Lap and Shoulder Belt Used"",""Lap and Shoulder Belt Used"",""Lap and Shoulder Belt Used""]","Cloudy",0,33.85093,-84.369675,"Atlanta","FULTON","[""Motor Vehicle in Motion"",""Motor Vehicle in Motion"",""Motor Vehicle in Motion""]","Following Too Close","[""Motor Vehicle in Motion"",""Motor Vehicle in Motion"",""Motor Vehicle in Motion""]"
0,0,"Atlanta Police Department","2022-05-04","Sardis Way Nw and Roswell Rd Ne","(O) No Injury","Daylight","On Roadway - Roadway Intersection","Angle Crash","Roswell Rd Ne","Dry","14:45:00","[""Lap and Shoulder Belt Used"",""Lap and Shoulder Belt Used""]","Clear",0,33.840611,-84.379339,"Atlanta","FULTON","[""Motor Vehicle in Motion"",""Motor Vehicle in Motion""]","Failure to Yield","[""Motor Vehicle in Motion"",""Motor Vehicle in Motion""]"
0,0,"Atlanta Police Department","2022-05-04","Lindbergh Dr Ne and Peachtree Rd Ne","(C) Possible Injury / Complaint","Daylight","On Roadway - Driveway Intersection","Head On","Peachtree Rd Ne","Dry","15:52:00","[""Lap and Shoulder Belt Used"",""Lap and Shoulder Belt Used""]","Clear",0,33.823614,-84.38745,"Atlanta","FULTON","[""Motor Vehicle in Motion"",""Motor Vehicle in Motion""]","Failure to Yield","[""Motor Vehicle in Motion"",""Motor Vehicle in Motion""]"
0,0,"Atlanta Police Department","2022-05-04","Boulevard Ne and John Lewis Freedom Pkwy Ne","(O) No Injury","Daylight","On Roadway - Non-Intersection","Rear End","Boulevard Ne","Dry","16:20:00","[""Unknown"",""Unknown""]","Cloudy",0,33.760528,-84.372055,"Atlanta","FULTON","[""Motor Vehicle in Motion"",""Motor Vehicle in Motion""]",,"[""Motor Vehicle in Motion"",""Motor Vehicle in Motion""]"
0,0,"Atlanta Police Department","2022-05-04","None and I-75","(O) No Injury","Dawn","On Roadway - Non-Intersection","Sideswipe-Same Direction","I-75","Water (standing or moving)","06:30:00","[""Lap and Shoulder Belt Used"",""Lap and Shoulder Belt Used""]","Clear",0,33.752817,-84.379337,"Atlanta","FULTON","[""Motor Vehicle in Motion"",""Motor Vehicle in Motion""]","Changed Lanes Improperly","[""Motor Vehicle in Motion"",""Motor Vehicle in Motion""]"
0,0,"Atlanta Police Department","2022-05-04","10Th St Nw and Techwood Dr Nw","(O) No Injury","Daylight","On Roadway - Roadway Intersection","Sideswipe-Same Direction","Techwood Dr Nw","Dry","16:23:00","[""Unknown"",""Unknown"",""Unknown"",""Unknown""]","Cloudy",0,33.781543,-84.391609,"Atlanta","FULTON","[""Motor Vehicle in Motion"",""Motor Vehicle in Motion""]","Changed Lanes Improperly","[""Motor Vehicle in Motion"",""Motor Vehicle in Motion""]"
0,1,"Atlanta Police Department","2022-05-04","12Th St Nw and Williams St Nw","(B) Suspected Minor/Visible Injury","Dark-Lighted","On Roadway - Non-Intersection","Not a Collision with Motor Vehicle","12Th St Nw","Dry","00:00:00","Lap and Shoulder Belt Used","Clear",0,33.78402,-84.389206,"Atlanta","FULTON","Motor Vehicle in Motion","Following Too Close","Motor Vehicle in Motion"
0,0,"Atlanta Police Department","2022-05-04","None and Ga-400","(C) Possible Injury / Complaint","Daylight","On Roadway - Non-Intersection","Rear End","Ga-400","Wet","08:40:00","[""Unknown"",""Unknown"",""Unknown"",""Unknown""]","Clear",0,33.875058,-84.364553,"Atlanta","FULTON","[""Motor Vehicle in Motion"",""Motor Vehicle in Motion"",""Motor Vehicle in Motion"",""Motor Vehicle in Motion""]","Changed Lanes Improperly","[""Motor Vehicle in Motion"",""Motor Vehicle in Motion"",""Motor Vehicle in Motion"",""Motor Vehicle in Motion""]"
0,0,"Atlanta Police Department","2022-05-04","Ga-13 and Peachtree St Ne","(O) No Injury","Daylight","On Roadway - Non-Intersection","Rear End","Ga-13","Dry","09:50:00","[""Lap and Shoulder Belt Used"",""Lap and Shoulder Belt Used""]","Clear",0,33.798988,-84.39174,"Atlanta","FULTON","[""Motor Vehicle in Motion"",""Motor Vehicle in Motion""]","Following Too Close","[""Motor Vehicle in Motion"",""Motor Vehicle in Motion""]"
0,0,"Atlanta Police Department","2022-05-04","Ridgeway Ave Nw and Howell Mill Rd Nw","(C) Possible Injury / Complaint","Daylight","On Roadway - Roadway Intersection","Sideswipe-Same Direction","Howell Mill Rd Nw","Dry","19:07:00","[""Lap and Shoulder Belt Used"",""Lap and Shoulder Belt Used""]","Clear",0,33.801868,-84.415257,"Atlanta","FULTON","[""Motor Vehicle in Motion"",""Motor Vehicle in Motion""]","Improper Passing","[""Motor Vehicle in Motion"",""Motor Vehicle in Motion""]"
0,0,"Atlanta Police Department","2022-05-04","None and I-85","(O) No Injury","Daylight","On Roadway - Non-Intersection","Rear End","I-85","Wet","16:45:00","[""Unknown"",""Unknown""]","Rain",0,33.798075,-84.393198,"Atlanta","FULTON","[""Motor Vehicle in Motion"",""Motor Vehicle in Motion""]","Following Too Close","[""Motor Vehicle in Motion"",""Motor Vehicle in Motion""]"
0,0,"Atlanta Police Department","2022-05-04","I-75 and Northside Dr Nw","(O) No Injury","Daylight","On Roadway - Non-Intersection","Sideswipe-Same Direction","I-75","Dry","20:39:00","[""Shoulder Belt Only Used"",""Shoulder Belt Only Used""]","Clear",0,33.802889,-84.408409,"Atlanta","FULTON","[""Motor Vehicle in Motion"",""Motor Vehicle in Motion""]","Changed Lanes Improperly","[""Motor Vehicle in Motion"",""Motor Vehicle in Motion""]"
0,0,"Atlanta Police Department","2022-05-04","Boulevard Ne and Highland Ave Ne","(O) No Injury","Daylight","On Roadway - Non-Intersection","Sideswipe-Same Direction","Boulevard Ne","Dry","16:17:00","[""Unknown"",""Unknown""]","Clear",0,33.76187,-84.37201,"Atlanta","FULTON","[""Motor Vehicle in Motion"",""Motor Vehicle in Motion""]",,"[""Motor Vehicle in Motion"",""Motor Vehicle in Motion""]"
0,0,"Atlanta Police Department","2022-05-04","Pine Tree Rd Ne and Sidney Marcus Blvd Ne","(O) No Injury","Daylight","On Roadway - Driveway Intersection","Angle Crash","Sidney Marcus Blvd Ne","Water (standing or moving)","18:04:00","[""Lap and Shoulder Belt Used"",""Lap and Shoulder Belt Used""]","Rain",0,33.824961,-84.358781,"Atlanta","FULTON","[""Motor Vehicle in Motion"",""Motor Vehicle in Motion""]","Improper Turn","[""Motor Vehicle in Motion"",""Motor Vehicle in Motion""]"
0,0,"Atlanta Police Department","2022-05-04","None and I-20","(O) No Injury","Dark-Lighted","On Roadway - Managed Lane (HOV, HOT, Reversible)","Angle Crash","I-20","Dry","23:20:00","[""Unknown"",""Unknown"",""Unknown""]","Clear",0,33.741948,-84.405557,"Atlanta","FULTON","[""Motor Vehicle in Motion"",""Motor Vehicle in Motion""]","Misjudged Clearance","[""Motor Vehicle in Motion"",""Motor Vehicle in Motion""]"
0,0,"Atlanta Police Department","2022-05-04","Terminus Pl and Piedmont Rd Ne","(O) No Injury","Daylight","On Roadway - Driveway Intersection","Angle Crash","Piedmont Rd Ne","Dry","09:30:00","[""Unknown"",""Unknown""]","Clear",0,33.844736,-84.371921,"Atlanta","FULTON","[""Motor Vehicle in Motion"",""Motor Vehicle in Motion""]",,"[""Motor Vehicle in Motion"",""Motor Vehicle in Motion""]"
0,0,"Atlanta Police Department","2022-05-04","None and I-20","(O) No Injury","Daylight","Entrance/Exit Ramp","Rear End","I-20","Dry","08:52:00","[""Unknown"",""Unknown"",""Unknown""]","Clear",0,33.749966,-84.443378,"Atlanta","FULTON","[""Motor Vehicle in Motion"",""Motor Vehicle in Motion""]","Following Too Close","[""Motor Vehicle in Motion"",""Motor Vehicle in Motion""]"
0,0,"Atlanta Police Department","2022-05-04","E Andrews Dr Nw and W Paces Ferry Rd Nw","(O) No Injury","Daylight","On Roadway - Roadway Intersection","Rear End","W Paces Ferry Rd Nw","Dry","14:00:00","[""Lap and Shoulder Belt Used"",""Lap and Shoulder Belt Used""]","Clear",0,33.841722,-84.384668,"Atlanta","FULTON","[""Motor Vehicle in Motion"",""Motor Vehicle in Motion""]","Following Too Close","[""Motor Vehicle in Motion"",""Motor Vehicle in Motion""]"
0,0,"Atlanta Police Department","2022-05-04","None and I-85","(O) No Injury","Daylight","On Roadway - Non-Intersection","Rear End","I-85","Water (standing or moving)","18:00:00","[""Unknown"",""Unknown"",""Unknown""]","Cloudy",0,33.788868,-84.39141,"Atlanta","FULTON","[""Motor Vehicle in Motion"",""Motor Vehicle in Motion""]","Following Too Close","[""Motor Vehicle in Motion"",""Motor Vehicle in Motion""]"
0,0,"Atlanta Police Department","2022-05-04","N Circle Dr Nw and Lookout Ave Nw","(O) No Injury","Daylight","On Roadway - Non-Intersection","Sideswipe-Same Direction","Lookout Ave Nw","Dry","16:00:00","Unknown","Clear",0,33.786595,-84.465232,"Atlanta","FULTON","[""Motor Vehicle in Motion"",""Parked Motor Vehicle""]",,"[""Motor Vehicle in Motion"",""Parked Motor Vehicle""]"
0,0,"Atlanta Police Department","2022-05-04","None and Ponce De Leon Ave Ne","(O) No Injury","Daylight","On Roadway - Non-Intersection","Not a Collision with Motor Vehicle","Ponce De Leon Ave Ne","Wet","07:10:00","[""Unknown"",""Unknown"",""Child Restraint System (Properly Used)""]","Cloudy",0,33.773836,-84.349815,"Atlanta","FULTON","[""Motor Vehicle in Motion"",""Motor Vehicle in Motion""]","Following Too Close","[""Motor Vehicle in Motion"",""Motor Vehicle in Motion""]"
0,0,"Atlanta Police Department","2022-05-04","North Ave Ne and Piedmont Ave Ne","(O) No Injury","Daylight","On Roadway - Roadway Intersection","Angle Crash","Piedmont Ave Ne","Water (standing or moving)","17:53:00","[""Unknown"",""Unknown""]","Clear",0,33.77128,-84.381893,"Atlanta","FULTON","[""Motor Vehicle in Motion"",""Motor Vehicle in Motion""]",,"[""Motor Vehicle in Motion"",""Motor Vehicle in Motion""]"
0,0,"Atlanta Police Department","2022-05-04","None and Ga-400","(O) No Injury","Daylight","On Roadway - Non-Intersection","Rear End","Ga-400","Wet","09:00:00","[""Unknown"",""Unknown""]","Cloudy",0,33.876875,-84.364428,"Atlanta","FULTON","[""Motor Vehicle in Motion"",""Motor Vehicle in Motion""]","Following Too Close","[""Motor Vehicle in Motion"",""Motor Vehicle in Motion""]"
0,0,"Atlanta Police Department","2022-05-04","None and Langford Pkwy","(O) No Injury","Daylight","Entrance/Exit Ramp","Angle Crash","Langford Pkwy","Dry","19:32:00","[""Lap and Shoulder Belt Used"",""Lap and Shoulder Belt Used"",""Lap and Shoulder Belt Used""]","Clear",0,33.696719,-84.412,"Atlanta","FULTON","[""Motor Vehicle in Motion"",""Motor Vehicle in Motion""]","Driver Lost Control","[""Motor Vehicle in Motion"",""Motor Vehicle in Motion""]"
0,0,"Atlanta Police Department","2022-05-04","Dogwood Dr Nw and Harwell Rd Nw","(C) Possible Injury / Complaint","Daylight","On Roadway - Driveway Intersection","Sideswipe-Opposite Direction","Harwell Rd Nw","Dry","13:54:00","[""Lap and Shoulder Belt Used"",""Lap and Shoulder Belt Used"",""Lap and Shoulder Belt Used"",""Lap and Shoulder Belt Used"",""Lap and Shoulder Belt Used""]","Clear",0,33.78108,-84.494485,"Atlanta","FULTON","[""Motor Vehicle in Motion"",""Motor Vehicle in Motion""]","Failure to Yield","[""Motor Vehicle in Motion"",""Motor Vehicle in Motion""]"
0,0,"Atlanta Police Department","2022-05-04","None and I-75","(O) No Injury","Daylight","On Roadway - Non-Intersection","Rear End","I-75","Dry","18:45:00","[""Lap and Shoulder Belt Used"",""Lap and Shoulder Belt Used""]","Clear",0,33.807762,-84.417214,"Atlanta","FULTON","[""Motor Vehicle in Motion"",""Motor Vehicle in Motion""]",,"[""Motor Vehicle in Motion"",""Motor Vehicle in Motion""]"
0,0,"Atlanta Police Department","2022-05-04","Piedmont Rd Ne and Lakeshore Dr Ne","(O) No Injury","Daylight","On Roadway - Non-Intersection","Rear End","Piedmont Rd Ne","Dry","17:00:00","[""Unknown"",""Unknown""]","Clear",0,33.815971,-84.366636,"Atlanta","FULTON","[""Motor Vehicle in Motion"",""Motor Vehicle in Motion""]","Following Too Close","[""Motor Vehicle in Motion"",""Motor Vehicle in Motion""]"
0,0,"Atlanta Police Department","2022-05-04","Dekalb Ave Ne and Candler St Ne","(O) No Injury","Daylight","On Roadway - Roadway Intersection","Sideswipe-Opposite Direction","Candler St Ne","Water (standing or moving)","15:30:00","[""None Used"",""None Used"",""None Used"",""None Used"",""None Used"",""None Used"",""None Used""]","Cloudy",0,33.761096,-84.345532,"Atlanta","DEKALB","[""Motor Vehicle in Motion"",""Motor Vehicle in Motion""]","Changed Lanes Improperly","[""Motor Vehicle in Motion"",""Motor Vehicle in Motion""]"
0,0,"Atlanta Police Department","2022-05-04","Spring St Nw and North Ave Nw","(C) Possible Injury / Complaint","Daylight","On Roadway - Roadway Intersection","Angle Crash","North Ave Nw","Dry","15:20:00","[""Lap and Shoulder Belt Used"",""Lap and Shoulder Belt Used""]","Clear",0,33.771241,-84.389172,"Atlanta","FULTON","[""Motor Vehicle in Motion"",""Motor Vehicle in Motion""]","Improper Turn","[""Motor Vehicle in Motion"",""Motor Vehicle in Motion""]"
0,0,"Atlanta Police Department","2022-05-04","14Th St Ne and Crescent Ave Ne","(O) No Injury","Dark-Not Lighted","Entrance/Exit Ramp","Rear End","Crescent Ave Ne","Dry","20:30:00","[""Unknown"",""Unknown""]","Clear",0,33.78625,-84.38429,"Atlanta","FULTON","[""Motor Vehicle in Motion"",""Motor Vehicle in Motion""]","Following Too Close","[""Motor Vehicle in Motion"",""Motor Vehicle in Motion""]"
0,0,"Atlanta Police Department","2022-05-04","Stanton Rd Sw and Campbellton Rd Sw","(O) No Injury","Dark-Lighted","Off Roadway","Angle Crash","Campbellton Rd Sw","Water (standing or moving)","01:39:00","Unknown","Rain",0,33.711486,-84.444222,"Atlanta","FULTON","[""Parked Motor Vehicle"",""Motor Vehicle in Motion""]","Under the Influence (U.I.)","[""Parked Motor Vehicle"",""Motor Vehicle in Motion""]"
0,0,"Atlanta Police Department","2022-05-04","Division St Nw and Joseph E Lowery Blvd Nw","(O) No Injury","Daylight","On Roadway - Non-Intersection","Rear End","Joseph E Lowery Blvd Nw","Dry","16:14:00","[""Unknown"",""Unknown""]","Cloudy",0,33.763931,-84.417474,"Atlanta","FULTON","[""Motor Vehicle in Motion"",""Motor Vehicle in Motion""]","Following Too Close","[""Motor Vehicle in Motion"",""Motor Vehicle in Motion""]"
0,0,"Atlanta Police Department","2022-05-04","I-75 and Ellis St Ne","(O) No Injury","Daylight","On Roadway - Non-Intersection","Rear End","I-75","Dry","07:00:00","[""Unknown"",""Unknown"",""Unknown""]","Clear",0,33.759267,-84.379474,"Atlanta","FULTON","[""Motor Vehicle in Motion"",""Motor Vehicle in Motion""]","Following Too Close","[""Motor Vehicle in Motion"",""Motor Vehicle in Motion""]"
0,0,"Atlanta Police Department","2022-05-04","5Th St Ne and Juniper St Ne","(C) Possible Injury / Complaint","Daylight","On Roadway - Roadway Intersection","Sideswipe-Same Direction","Juniper St Ne","Dry","18:33:00","[""Unknown"",""Unknown"",""Unknown""]","Clear",0,33.776034,-84.382961,"Atlanta","FULTON","[""Motor Vehicle in Motion"",""Motor Vehicle in Motion""]","Changed Lanes Improperly","[""Motor Vehicle in Motion"",""Motor Vehicle in Motion""]"
0,0,"Atlanta Police Department","2022-05-04","I-75 and University Ave Sw","(C) Possible Injury / Complaint","Daylight","On Roadway - Managed Lane (HOV, HOT, Reversible)","Sideswipe-Same Direction","I-75","Dry","08:36:00","[""Unknown"",""Unknown""]","Clear",0,33.722313,-84.394486,"Atlanta","FULTON","[""Motor Vehicle in Motion"",""Motor Vehicle in Motion""]","Changed Lanes Improperly","[""Motor Vehicle in Motion"",""Motor Vehicle in Motion""]"
0,0,"Atlanta Police Department","2022-05-04","Parker Ave and Glenwood Ave Se","(C) Possible Injury / Complaint","Daylight","On Roadway - Non-Intersection","Rear End","Glenwood Ave Se","Dry","09:28:00","[""Unknown"",""Lap and Shoulder Belt Used""]","Clear",0,33.739849,-84.301513,"Atlanta","DEKALB","[""Motor Vehicle in Motion"",""Motor Vehicle in Motion""]","Following Too Close","[""Motor Vehicle in Motion"",""Motor Vehicle in Motion""]"
1,0,"Atlanta Police Department","2022-05-04","Greenbriar Pkwy Sw and The Fontainebleau Sw","(A) Suspected Serious Injury","Daylight","On Roadway - Non-Intersection","Angle Crash","Greenbriar Pkwy Sw","Dry","14:29:00","[""Unknown"",""Unknown"",""Unknown"",""Unknown"",""Unknown""]","Clear",0,33.688023,-84.489839,"Atlanta","FULTON","[""Motor Vehicle in Motion"",""Motor Vehicle in Motion""]","Failure to Yield","[""Motor Vehicle in Motion"",""Motor Vehicle in Motion""]"
0,0,"Atlanta Police Department","2022-05-04","None and I-20","(O) No Injury","Daylight","On Roadway - Non-Intersection","Angle Crash","I-20","Dry","16:00:00","[""Lap and Shoulder Belt Used"",""Lap and Shoulder Belt Used""]","Clear",0,33.76612,-84.502399,"Atlanta","FULTON","[""Motor Vehicle in Motion"",""Motor Vehicle in Motion""]","Changed Lanes Improperly","[""Motor Vehicle in Motion"",""Motor Vehicle in Motion""]"
0,0,"Atlanta Police Department","2022-05-04","None and I-85","(O) No Injury","Daylight","On Roadway - Non-Intersection","Rear End","I-85","Dry","17:00:00","[""Shoulder Belt Only Used"",""Shoulder Belt Only Used"",""Shoulder Belt Only Used"",""Shoulder Belt Only Used"",""Shoulder Belt Only Used"",""Shoulder Belt Only Used""]","Clear",0,33.800187,-84.390729,"Atlanta","FULTON","[""Motor Vehicle in Motion"",""Motor Vehicle in Motion"",""Motor Vehicle in Motion"",""Motor Vehicle in Motion""]","[""Following Too Close"",""No Signal/Improper Signal""]","[""Motor Vehicle in Motion"",""Motor Vehicle in Motion"",""Motor Vehicle in Motion"",""Motor Vehicle in Motion""]"
0,0,"Atlanta Police Department","2022-05-04","Moreland Ave Se and Moreland Ave Se Exit 60B","(C) Possible Injury / Complaint","Daylight","On Roadway - Driveway Intersection","Rear End","Moreland Ave Se Exit 60B","Dry","13:00:00","[""Lap and Shoulder Belt Used"",""Lap and Shoulder Belt Used""]","Clear",0,33.746922,-84.349216,"Atlanta","FULTON","[""Motor Vehicle in Motion"",""Motor Vehicle in Motion""]","Following Too Close","[""Motor Vehicle in Motion"",""Motor Vehicle in Motion""]"