"# Serious Injuries","# Visible Injuries","Agency Name (Crash Level) ","Date","Intersection Name (from Crash Report)","KABCO Severity","Light Conditions (Crash Level)","Location at Impact (Crash Level) ","Manner of Collision (Crash Level) ","Roadway (From Crash Report)","Surface Condition (Crash Level) ","Time","Safety Equipment (Crash Level) ","Weather Conditions (Crash Level)","# of Fatalities per Crash","Latitude","Longitude","Geolocated City","Geolocated County","First Harmful Event (Unit Order)","Operator/Pedestrian Contrib Factor (excl None, Other, No Contrib Factors)","Most Harmful Event (Crash Level)"
0,0,"Atlanta Police Department","2022-05-07","Buckhead Ave Ne and Peachtree Rd Ne","(O) No Injury","Daylight","On Roadway - Non-Intersection","Rear End","Peachtree Rd Ne","Dry","17:35:00","[""Lap and Shoulder Belt Used"",""Lap and Shoulder Belt Used"",""Lap and Shoulder Belt Used""]","Clear",0,33.838396,-84.38073,"Atlanta","FULTON","[""Motor Vehicle in Motion"",""Motor Vehicle in Motion""]","Following Too Close","[""Motor Vehicle in Motion"",""Motor Vehicle in Motion""]"
0,0,"Atlanta Police Department","2022-05-07","Langston Dr Sw and Metropolitan Pkwy Sw","(C) Possible Injury / Complaint","Daylight","On Roadway - Roadway Intersection","Sideswipe-Opposite Direction","Metropolitan Pkwy Sw","Dry","11:59:00","[""Lap and Shoulder Belt Used"",""Child Restraint System (Properly Used)"",""Lap and Shoulder Belt Used""]","Cloudy",0,33.695254,-84.408138,"Atlanta","FULTON","[""Motor Vehicle in Motion"",""Motor Vehicle in Motion"",""Motor Vehicle in Motion""]","[""Changed Lanes Improperly"",""Misjudged Clearance""]","[""Motor Vehicle in Motion"",""Motor Vehicle in Motion"",""Motor Vehicle in Motion""]"
0,0,"Atlanta Police Department","2022-05-07","Roswell Rd Nw and Blackland Rd Nw","(O) No Injury","Daylight","On Roadway - Roadway Intersection","Sideswipe-Same Direction","Roswell Rd Nw","Dry","16:22:00","[""Unknown"",""Unknown""]","Clear",0,33.854324,-84.382669,"Atlanta","FULTON","[""Motor Vehicle in Motion"",""Motor Vehicle in Motion""]",,"[""Motor Vehicle in Motion"",""Motor Vehicle in Motion""]"
0,0,"Atlanta Police Department","2022-05-07","Rogers St Ne and Arizona Ave Ne","(O) No Injury","Dark-Lighted","On Roadway - Roadway Intersection","Rear End","Rogers St Ne","Dry","20:00:00","[""Unknown"",""Unknown"",""Unknown""]","Clear",0,33.760197,-84.331272,"Atlanta","DEKALB","[""Motor Vehicle in Motion"",""Motor Vehicle in Motion"",""Motor Vehicle in Motion""]","Following Too Close","[""Motor Vehicle in Motion"",""Motor Vehicle in Motion"",""Motor Vehicle in Motion""]"
0,0,"Atlanta Police Department","2022-05-07","Courtland St Ne and John Portman Blvd Ne","(O) No Injury","Daylight","On Roadway - Roadway Intersection","Head On","Courtland St Ne","Dry","23:00:00","Unknown","Clear",0,33.760933,-84.384177,"Atlanta","FULTON","[""Parked Motor Vehicle"",""Parked Motor Vehicle""]","[""Improper Backing"",""Misjudged Clearance"",""Inattentive or Other Distraction (Distracted)""]","Motor Vehicle in Motion"
0,0,"Atlanta Police Department","2022-05-07","I-85 S and Piedmont Rd Ne","(O) No Injury","Dark-Lighted","Entrance/Exit Ramp","Rear End","Piedmont Rd Ne","Dry","22:50:00","[""Unknown"",""Unknown"",""Unknown"",""Unknown""]","Clear",0,33.813784,-84.36678,"Atlanta","FULTON","[""Motor Vehicle in Motion"",""Motor Vehicle in Motion""]","Inattentive or Other Distraction (Distracted)","[""Motor Vehicle in Motion"",""Motor Vehicle in Motion""]"
0,0,"Atlanta Police Department","2022-05-07","Hill St Se and Sydney St Se","(O) No Injury","Daylight","On Roadway - Roadway Intersection","Angle Crash","Hill St Se","Dry","18:00:00","[""Lap and Shoulder Belt Used"",""Lap and Shoulder Belt Used""]","Clear",0,33.741204,-84.37894,"Atlanta","FULTON","[""Motor Vehicle in Motion"",""Motor Vehicle in Motion""]",,"[""Motor Vehicle in Motion"",""Motor Vehicle in Motion""]"
0,0,"Atlanta Police Department","2022-05-07","Pearl St Se and Old Flat Shoals Rd Se","(O) No Injury","Daylight","On Roadway - Non-Intersection","Rear End","Old Flat Shoals Rd Se","Dry","16:00:00","Unknown","Clear",0,33.744189,-84.36212,"Atlanta","FULTON","[""Motor Vehicle in Motion"",""Motor Vehicle in Motion""]","Misjudged Clearance","[""Motor Vehicle in Motion"",""Motor Vehicle in Motion""]"
0,0,"Atlanta Police Department","2022-05-07","I-75 and I-85 N","(O) No Injury","Daylight","On Roadway - Non-Intersection","Sideswipe-Same Direction","I-75","Dry","18:44:00","[""Unknown"",""Unknown"",""Unknown"",""Unknown""]","Cloudy",0,33.790468,-84.390875,"Atlanta","FULTON","[""Motor Vehicle in Motion"",""Motor Vehicle in Motion""]",,"[""Motor Vehicle in Motion"",""Motor Vehicle in Motion""]"
0,0,"Atlanta Police Department","2022-05-07","Roswell Rd Ne and E Andrews Dr Nw","(O) No Injury","Daylight","On Roadway - Driveway Intersection","Sideswipe-Same Direction","Roswell Rd Ne","Dry","12:30:00","[""Unknown"",""Unknown""]","Clear",0,33.844154,-84.379536,"Atlanta","FULTON","[""Motor Vehicle in Motion"",""Motor Vehicle in Motion""]",,"[""Motor Vehicle in Motion"",""Motor Vehicle in Motion""]"
0,0,"Atlanta Police Department","2022-05-07","None and Fulton Industrial Blvd Nw","(O) No Injury","Dark-Lighted","On Roadway - Non-Intersection","Not a Collision with Motor Vehicle","Fulton Industrial Blvd Nw","Dry","21:30:00","Lap and Shoulder Belt Used","Clear",0,33.788428,-84.500525,"Atlanta","FULTON","Motor Vehicle in Motion","Too Fast for Conditions","Motor Vehicle in Motion"
0,0,"Atlanta Police Department","2022-05-07","None and I-75","(O) No Injury","Dark-Not Lighted","On Roadway - Non-Intersection","Head On","I-75","Dry","01:30:00","[""Lap and Shoulder Belt Used"",""Lap and Shoulder Belt Used""]","Clear",0,33.685277,-84.398895,"Atlanta","FULTON","[""Motor Vehicle in Motion"",""Motor Vehicle in Motion""]","[""Following Too Close"",""Changed Lanes Improperly""]","[""Motor Vehicle in Motion"",""Motor Vehicle in Motion""]"
0,0,"Atlanta Police Department","2022-05-07","13Th St Ne and Crescent Ave Ne","(O) No Injury","Daylight","On Roadway - Non-Intersection","Angle Crash","Crescent Ave Ne","Dry","19:00:00","Unknown","Cloudy",0,33.785094,-84.384252,"Atlanta","FULTON","[""Motor Vehicle in Motion"",""Parked Motor Vehicle""]","Parked Improperly","[""Motor Vehicle in Motion"",""Parked Motor Vehicle""]"
0,0,"Atlanta Police Department","2022-05-07","I-20 and Windsor St Sw","(O) No Injury","Daylight","On Roadway - Non-Intersection","Sideswipe-Same Direction","I-20","Dry","10:30:00","[""Lap and Shoulder Belt Used"",""Unknown""]","Cloudy",0,33.745007,-84.398051,"Atlanta","FULTON","[""Motor Vehicle in Motion"",""Motor Vehicle in Motion""]","Changed Lanes Improperly","[""Motor Vehicle in Motion"",""Motor Vehicle in Motion""]"
0,0,"Atlanta Police Department","2022-05-07","I-20 W and Windsor St Sw","(C) Possible Injury / Complaint","Dark-Lighted","On Roadway - Non-Intersection","Angle Crash","Windsor St Sw","Dry","21:00:00","[""Lap and Shoulder Belt Used"",""Lap and Shoulder Belt Used"",""Child Restraint System (Properly Used)"",""Child Restraint System (Properly Used)"",""Lap and Shoulder Belt Used"",""Lap and Shoulder Belt Used"",""Child Restraint System (Properly Used)""]","Cloudy",0,33.745837,-84.397827,"Atlanta","FULTON","[""Motor Vehicle in Motion"",""Motor Vehicle in Motion""]","[""Failure to Yield"",""Misjudged Clearance""]","[""Motor Vehicle in Motion"",""Motor Vehicle in Motion""]"
0,0,"Atlanta Police Department","2022-05-07","Fairburn Rd Sw and Bakers Ferry Dr Sw","(C) Possible Injury / Complaint","Dark-Lighted","On Roadway - Non-Intersection","Angle Crash","Fairburn Rd Sw","Dry","20:12:00","[""Lap and Shoulder Belt Used"",""Lap Belt Only Used"",""Lap and Shoulder Belt Used"",""Unknown""]","Clear",0,33.758654,-84.50548,"Atlanta","FULTON","[""Motor Vehicle in Motion"",""Motor Vehicle in Motion""]","Failure to Yield","[""Motor Vehicle in Motion"",""Motor Vehicle in Motion""]"
0,0,"Atlanta Police Department","2022-05-07","Ashby Cir Nw and Joseph E Lowery Blvd Nw","(C) Possible Injury / Complaint","Dark-Lighted","On Roadway - Roadway Intersection","Angle Crash","Ashby Cir Nw","Dry","20:30:00","[""Unknown"",""Unknown""]","Clear",0,33.762594,-84.417488,"Atlanta","FULTON","[""Motor Vehicle in Motion"",""Motor Vehicle in Motion""]",,"[""Motor Vehicle in Motion"",""Motor Vehicle in Motion""]"
0,0,"Atlanta Police Department","2022-05-07","None and I-85","(C) Possible Injury / Complaint","Daylight","On Roadway - Non-Intersection","Rear End","I-85","Dry","04:45:00","[""Lap and Shoulder Belt Used"",""Lap and Shoulder Belt Used"",""Lap and Shoulder Belt Used"",""Lap and Shoulder Belt Used"",""Lap and Shoulder Belt Used"",""Lap and Shoulder Belt Used"",""Lap and Shoulder Belt Used""]","Clear",0,33.818243,-84.361708,"Atlanta","FULTON","[""Motor Vehicle in Motion"",""Motor Vehicle in Motion""]","Following Too Close","[""Motor Vehicle in Motion"",""Motor Vehicle in Motion""]"
0,0,"Atlanta Police Department","2022-05-07","I-75 and Martin Luther King Jr Dr Se","(O) No Injury","Dark-Lighted","On Roadway - Non-Intersection","Rear End","I-75","Dry","21:00:00","[""Unknown"",""Unknown"",""Unknown"",""Unknown"",""Unknown"",""Unknown""]","Clear",0,33.748359,-84.385297,"Atlanta","FULTON","[""Motor Vehicle in Motion"",""Motor Vehicle in Motion"",""Motor Vehicle in Motion""]","Following Too Close","[""Motor Vehicle in Motion"",""Motor Vehicle in Motion"",""Motor Vehicle in Motion""]"
0,0,"Atlanta Police Department","2022-05-07","Langston Dr Sw and Metropolitan Pkwy Sw","(O) No Injury","Dark-Lighted","On Roadway - Roadway Intersection","Sideswipe-Same Direction","Metropolitan Pkwy Sw","Dry","19:32:00","[""Lap and Shoulder Belt Used"",""Lap and Shoulder Belt Used"",""Lap and Shoulder Belt Used"",""Lap and Shoulder Belt Used"",""Lap and Shoulder Belt Used"",""Child Restraint System (Properly Used)""]","Cloudy",0,33.695254,-84.408138,"Atlanta","FULTON","[""Motor Vehicle in Motion"",""Motor Vehicle in Motion""]","Changed Lanes Improperly","[""Motor Vehicle in Motion"",""Motor Vehicle in Motion""]"
0,0,"Atlanta Police Department","2022-05-07","I-285 Nb and Martin Luther King Jr Dr Sw","(C) Possible Injury / Complaint","Daylight","On Roadway - Non-Intersection","Sideswipe-Same Direction","I-285 Nb","Dry","16:36:00","[""Lap and Shoulder Belt Used"",""Lap and Shoulder Belt Used"",""Lap and Shoulder Belt Used""]","Clear",0,33.753896,-84.495223,"Atlanta","FULTON","[""Motor Vehicle in Motion"",""Motor Vehicle in Motion""]",,"[""Motor Vehicle in Motion"",""Motor Vehicle in Motion""]"
0,1,"Atlanta Police Department","2022-05-08","None and I-285","(B) Suspected Minor/Visible Injury","Daylight","Median","Not a Collision with Motor Vehicle","I-285","Dry","07:55:00","Unknown","Clear",0,33.739779,-84.500081,"Atlanta","FULTON","Median Barrier","Driver Lost Control","Median Barrier"
0,0,"Atlanta Police Department","2022-05-08","Hunt St Ne and Ponce De Leon Ave Ne","(C) Possible Injury / Complaint","Daylight","On Roadway - Roadway Intersection","Rear End","Hunt St Ne","Dry","17:06:00","[""Unknown"",""Unknown"",""Unknown"",""Unknown"",""Unknown"",""Unknown""]","Clear",0,33.772518,-84.374744,"Atlanta","FULTON","[""Motor Vehicle in Motion"",""Motor Vehicle in Motion""]","Following Too Close","[""Motor Vehicle in Motion"",""Motor Vehicle in Motion""]"
0,0,"Atlanta Police Department","2022-05-08","Sydney St Se and Boulevard Se","(O) No Injury","Dark-Lighted","On Roadway - Non-Intersection","Angle Crash","Boulevard Se","Dry","01:35:00","[""Lap and Shoulder Belt Used"",""Lap and Shoulder Belt Used""]","Clear",0,33.741044,-84.368161,"Atlanta","FULTON","[""Motor Vehicle in Motion"",""Motor Vehicle in Motion""]","Improper Turn","[""Motor Vehicle in Motion"",""Motor Vehicle in Motion""]"
0,0,"Atlanta Police Department","2022-05-08","None and I-75","(C) Possible Injury / Complaint","Daylight","On Roadway - Roadway Intersection","Rear End","I-75","Dry","16:25:00","[""Unknown"",""Unknown"",""Unknown"",""Unknown""]","Clear",0,33.763653,-84.383756,"Atlanta","FULTON","[""Motor Vehicle in Motion"",""Motor Vehicle in Motion"",""Motor Vehicle in Motion""]","Following Too Close","[""Motor Vehicle in Motion"",""Motor Vehicle in Motion"",""Motor Vehicle in Motion""]"
0,0,"Atlanta Police Department","2022-05-08","Pryor Rd Sw and University Ave Sw","(O) No Injury","Dark-Lighted","On Roadway - Managed Lane (HOV, HOT, Reversible)","Sideswipe-Same Direction","University Ave Sw","Dry","01:30:00","[""Unknown"",""Unknown"",""Unknown"",""Unknown""]","Clear",0,33.722127,-84.393564,"Atlanta","FULTON","[""Motor Vehicle in Motion"",""Motor Vehicle in Motion""]","Changed Lanes Improperly","[""Motor Vehicle in Motion"",""Motor Vehicle in Motion""]"
0,0,"Atlanta Police Department","2022-05-08","12Th St Ne and Piedmont Ave Ne","(O) No Injury","Dark-Lighted","On Roadway - Driveway Intersection","Angle Crash","Piedmont Ave Ne","Dry","21:20:00","[""Unknown"",""Unknown""]","Clear",0,33.783867,-84.379139,"Atlanta","FULTON","[""Motor Vehicle in Motion"",""Motor Vehicle in Motion""]","Failure to Yield","[""Motor Vehicle in Motion"",""Motor Vehicle in Motion""]"
0,0,"Atlanta Police Department","2022-05-08","Peyton Rd Sw and Harrington Pl Sw","(O) No Injury","Dark-Lighted","On Roadway - Roadway Intersection","Sideswipe-Same Direction","Peyton Rd Sw","Dry","03:00:00","[""Unknown"",""Lap and Shoulder Belt Used"",""Lap and Shoulder Belt Used""]","Clear",0,33.735513,-84.480857,"Atlanta","FULTON","[""Motor Vehicle in Motion"",""Motor Vehicle in Motion""]","Improper Turn","[""Motor Vehicle in Motion"",""Motor Vehicle in Motion""]"
0,0,"Atlanta Police Department","2022-05-08","Macon Dr Sw and Mobley Dr Se","(O) No Injury","Dark-Not Lighted","On Roadway - In Crosswalk","Not a Collision with Motor Vehicle","Macon Dr Sw","Dry","02:00:00","Lap and Shoulder Belt Used","Clear",0,33.686394,-84.389302,"Atlanta","FULTON","Other Non-Collision","Driver Lost Control","Tree"
0,0,"Atlanta Police Department","2022-05-08","Bohler Rd Nw and Peachtree Battle Ave Nw","(O) No Injury","Daylight","On Roadway - Driveway Intersection","Angle Crash","Bohler Rd Nw","Dry","14:50:00","[""Unknown"",""Lap and Shoulder Belt Used""]","Clear",0,33.825924,-84.429296,"Atlanta","FULTON","[""Motor Vehicle in Motion"",""Motor Vehicle in Motion""]","Failure to Yield","[""Motor Vehicle in Motion"",""Motor Vehicle in Motion""]"
0,0,"Atlanta Police Department","2022-05-08","I-75 and Auburn Ave Ne","(C) Possible Injury / Complaint","Dark-Lighted","On Roadway - Non-Intersection","Angle Crash","I-75","Dry","20:45:00","[""Unknown"",""Unknown"",""Unknown"",""Unknown"",""Unknown""]","Clear",0,33.755719,-84.378552,"Atlanta","FULTON","[""Motor Vehicle in Motion"",""Motor Vehicle in Motion"",""Motor Vehicle in Motion"",""Motor Vehicle in Motion""]","Changed Lanes Improperly","[""Motor Vehicle in Motion"",""Motor Vehicle in Motion"",""Motor Vehicle in Motion"",""Motor Vehicle in Motion""]"
0,0,"Atlanta Police Department","2022-05-08","Dupree Ave Nw and Center Hill Ave Nw","(C) Possible Injury / Complaint","Daylight","On Roadway - Roadway Intersection","Angle Crash","Dupree Ave Nw","Dry","11:00:00","[""Lap and Shoulder Belt Used"",""Lap and Shoulder Belt Used""]","Cloudy",0,33.779027,-84.464033,"Atlanta","FULTON","[""Motor Vehicle in Motion"",""Motor Vehicle in Motion""]","Failure to Yield","[""Motor Vehicle in Motion"",""Motor Vehicle in Motion""]"
0,2,"Atlanta Police Department","2022-05-08","None and I-75 Rp","(B) Suspected Minor/Visible Injury","Daylight","Entrance/Exit Ramp","Sideswipe-Same Direction","I-75 Rp","Dry","18:35:00","[""Unknown"",""Unknown"",""Unknown""]","Clear",0,33.745434,-84.388619,"Atlanta","FULTON","[""Motor Vehicle in Motion"",""Motor Vehicle in Motion""]","Improper Passing","[""Motor Vehicle in Motion"",""Motor Vehicle in Motion""]"
0,0,"Atlanta Police Department","2022-05-08","Gresham Ave Se and Portland Ave Se","(O) No Injury","Daylight","On Roadway - Non-Intersection","Not a Collision with Motor Vehicle","Gresham Ave Se","Dry","17:45:00","Lap and Shoulder Belt Used","Clear",0,33.739239,-84.345799,"Atlanta","DEKALB","Other Non-Collision","Changed Lanes Improperly","Tree"
0,0,"Atlanta Police Department","2022-05-08","I-20 and Connally St Se","(O) No Injury","Daylight","On Roadway - Non-Intersection","Rear End","I-20","Dry","15:30:00","[""Unknown"",""Unknown"",""Unknown"",""Unknown""]","Cloudy",0,33.743443,-84.381681,"Atlanta","FULTON","[""Motor Vehicle in Motion"",""Motor Vehicle in Motion"",""Motor Vehicle in Motion""]","Following Too Close","[""Motor Vehicle in Motion"",""Motor Vehicle in Motion"",""Motor Vehicle in Motion""]"
0,0,"Atlanta Police Department","2022-05-08","Ponce De Leon Pl Ne and Ponce De Leon Ave Ne","(O) No Injury","Daylight","On Roadway - Roadway Intersection","Sideswipe-Same Direction","Ponce De Leon Ave Ne","Dry","20:52:00","[""Bicycle Helmet"",""Unknown""]","Clear",0,33.773592,-84.363725,"Atlanta","FULTON","[""Motor Vehicle in Motion"",""Motor Vehicle in Motion""]","Driver Lost Control","[""Motor Vehicle in Motion"",""Motor Vehicle in Motion""]"
0,0,"Atlanta Police Department","2022-05-08","State Farm Dr and Centennial Olympic Park Dr Nw","(O) No Injury","Dark-Not Lighted","On Roadway - Non-Intersection","Not a Collision with Motor Vehicle","Centennial Olympic Park Dr Nw","Dry","00:30:00","Unknown","Clear",0,33.756059,-84.397081,"Atlanta","FULTON","[""Motor Vehicle in Motion"",""Parked Motor Vehicle""]","Improper Backing","[""Motor Vehicle in Motion"",""Parked Motor Vehicle""]"
0,0,"Atlanta Police Department","2022-05-08","Exit 2 and Ga-400","(O) No Injury","Daylight","On Roadway - Non-Intersection","Sideswipe-Same Direction","Ga-400","Dry","20:00:00","[""Unknown"",""Unknown""]","Clear",0,33.856213,-84.36946,"Atlanta","FULTON","[""Motor Vehicle in Motion"",""Motor Vehicle in Motion""]","Changed Lanes Improperly","Motor Vehicle in Motion"
1,0,"Atlanta Police Department","2022-05-08","Grant St Se and Martin Luther King Jr Dr Se","(A) Suspected Serious Injury","Dawn","On Roadway - Non-Intersection","Sideswipe-Same Direction","Martin Luther King Jr Dr Se","Dry","06:00:00","[""Unknown"",""None Used""]","Clear",0,33.747411,-84.377114,"Atlanta","FULTON","[""Parked Motor Vehicle"",""Motor Vehicle in Motion""]","Improper Passing","[""Parked Motor Vehicle"",""Motor Vehicle in Motion""]"
0,0,"Atlanta Police Department","2022-05-08","Westview Dr Sw and Langhorn St Sw","(O) No Injury","Daylight","On Roadway - Non-Intersection","Rear End","Langhorn St Sw","Dry","16:04:00","[""Lap and Shoulder Belt Used"",""Lap and Shoulder Belt Used""]","Clear",0,33.747732,-84.429214,"Atlanta","FULTON","[""Motor Vehicle in Motion"",""Motor Vehicle in Motion""]","Following Too Close","[""Motor Vehicle in Motion"",""Motor Vehicle in Motion""]"
0,0,"Atlanta Police Department","2022-05-08","Jesse Hill Jr Dr Ne and John Wesley Dobbs Ave Ne","(O) No Injury","Dark-Lighted","On Roadway - Non-Intersection","Angle Crash","John Wesley Dobbs Ave Ne","Dry","01:00:00","Unknown","Clear",0,33.757961,-84.380229,"Atlanta","FULTON","[""Motor Vehicle in Motion"",""Motor Vehicle in Motion""]",,"[""Motor Vehicle in Motion"",""Motor Vehicle in Motion""]"
0,0,"Atlanta Police Department","2022-05-08","I-75 and Martin Luther King Jr Dr Se","(O) No Injury","Daylight","On Roadway - Non-Intersection","Angle Crash","I-75","Dry","09:10:00","[""Unknown"",""Unknown"",""Unknown""]","Cloudy",0,33.748222,-84.384945,"Atlanta","FULTON","[""Motor Vehicle in Motion"",""Motor Vehicle in Motion""]","[""Driver Lost Control"",""Changed Lanes Improperly""]","[""Motor Vehicle in Motion"",""Motor Vehicle in Motion""]"
0,0,"Atlanta Police Department","2022-05-08","Boulevard Ne and Boulevard Pl Ne","(O) No Injury","Dark-Lighted","On Roadway - Non-Intersection","Sideswipe-Same Direction","Boulevard Pl Ne","Dry","00:30:00","Unknown","Clear",0,33.769919,-84.370745,"Atlanta","FULTON","[""Motor Vehicle in Motion"",""Motor Vehicle in Motion""]","Misjudged Clearance","[""Motor Vehicle in Motion"",""Motor Vehicle in Motion""]"
0,0,"Atlanta Police Department","2022-05-08","14Th St Nw and Northside Dr Nw","(O) No Injury","Daylight","On Roadway - Roadway Intersection","Angle Crash","14Th St Nw","Dry","15:00:00","[""Unknown"",""Unknown"",""Unknown""]","Cloudy",0,33.786224,-84.407445,"Atlanta","FULTON","[""Motor Vehicle in Motion"",""Motor Vehicle in Motion""]","Failure to Yield","[""Motor Vehicle in Motion"",""Motor Vehicle in Motion""]"
0,0,"Atlanta Police Department","2022-05-08","Empire Blvd Sw and Browns Mill Rd Se","(O) No Injury","Daylight","On Roadway - Non-Intersection","Angle Crash","Empire Blvd Sw","Dry","11:00:00","[""Unknown"",""Unknown"",""Unknown""]","Clear",0,33.656698,-84.390877,"Atlanta","FULTON","[""Motor Vehicle in Motion"",""Motor Vehicle in Motion""]",,"[""Motor Vehicle in Motion"",""Motor Vehicle in Motion""]"
0,0,"Atlanta Police Department","2022-05-08","None and I-75","(O) No Injury","Daylight","On Roadway - Non-Intersection","Sideswipe-Same Direction","I-75","Dry","11:10:00","[""Unknown"",""Unknown""]","Cloudy",0,33.749427,-84.382534,"Atlanta","FULTON","[""Motor Vehicle in Motion"",""Motor Vehicle in Motion""]","Changed Lanes Improperly","[""Motor Vehicle in Motion"",""Motor Vehicle in Motion""]"
0,0,"Atlanta Police Department","2022-05-08","Barnett St Ne and Ponce De Leon Ave Ne","(O) No Injury","Dark-Lighted","On Roadway - Non-Intersection","Rear End","Ponce De Leon Ave Ne","Dry","20:10:00","Lap and Shoulder Belt Used","Clear",0,33.773821,-84.358443,"Atlanta","FULTON","[""Motor Vehicle in Motion"",""Motor Vehicle in Motion""]","Following Too Close","Motor Vehicle in Motion"
4,0,"Atlanta Police Department","2022-05-08","Peek Rd Nw and Donald Lee Hollowell Pkwy Nw","(A) Suspected Serious Injury","Dark-Not Lighted","Off Roadway - Sidewalk","Not a Collision with Motor Vehicle","Donald Lee Hollowell Pkwy Nw","Dry","22:30:00","[""Unknown"",""Unknown"",""Unknown"",""Unknown""]","Clear",0,33.778148,-84.477711,"Atlanta","FULTON","Other Non-Collision",,"Over Turn"
0,0,"Atlanta Police Department","2022-05-08","Lindsey Dr Se and Browns Mill Rd Se","Unknown","Dark-Lighted","On Roadway - Non-Intersection","Sideswipe-Same Direction","Lindsey Dr Se","Dry","21:00:00",,"Clear",0,33.694677,-84.375136,"Atlanta","FULTON","[""Motor Vehicle in Motion"",""Motor Vehicle in Motion""]","[""Misjudged Clearance"",""Misjudged Clearance""]","Motor Vehicle in Motion"
0,0,"Atlanta Police Department","2022-05-08","Fulton St Sw and Windsor St Sw","(O) No Injury","Daylight","On Roadway - Non-Intersection","Rear End","Windsor St Sw","Dry","18:33:00","None Used","Clear",0,33.741983,-84.398206,"Atlanta","FULTON","[""Motor Vehicle in Motion"",""Motor Vehicle in Motion""]",,"[""Motor Vehicle in Motion"",""Motor Vehicle in Motion""]"
0,0,"Atlanta Police Department","2022-05-08","I-85 S and Cleveland Ave Sw","(O) No Injury","Dark-Lighted","On Roadway - Roadway Intersection","Head On","Cleveland Ave Sw","Dry","20:45:00","Lap and Shoulder Belt Used","Clear",0,33.681318,-84.412009,"Atlanta","FULTON","[""Motor Vehicle in Motion"",""Motor Vehicle in Motion""]","Inattentive or Other Distraction (Distracted)","[""Motor Vehicle in Motion"",""Motor Vehicle in Motion""]"
0,0,"Atlanta Police Department","2022-05-08","I-85 S and Piedmont Rd Ne","(O) No Injury","Daylight","On Roadway - Non-Intersection","Rear End","Piedmont Rd Ne","Dry","20:00:00","[""Unknown"",""Unknown""]","Clear",0,33.813866,-84.366745,"Atlanta","FULTON","[""Motor Vehicle in Motion"",""Motor Vehicle in Motion""]","Following Too Close","Motor Vehicle in Motion"
0,0,"Hapeville Police Department","2022-05-08","Mt Zion Rd and Commerce Way","(C) Possible Injury / Complaint","Dark-Not Lighted","On Roadway - Roadway Intersection","Angle Crash","Mt Zion Rd","Dry","22:53:00","[""Lap and Shoulder Belt Used"",""Lap and Shoulder Belt Used"",""Lap and Shoulder Belt Used""]","Clear",0,33.672947,-84.399254,"Atlanta","FULTON","[""Motor Vehicle in Motion"",""Motor Vehicle in Motion""]","Failure to Yield","[""Motor Vehicle in Motion"",""Motor Vehicle in Motion""]"
0,0,"Atlanta Police Department","2022-05-08","Deckner Ave Sw and Metropolitan Pkwy Sw","(O) No Injury","Daylight","On Roadway - Roadway Intersection","Angle Crash","Deckner Ave Sw","Dry","18:33:00","[""None Used"",""None Used"",""None Used""]","Clear",0,33.714321,-84.407919,"Atlanta","FULTON","[""Motor Vehicle in Motion"",""Motor Vehicle in Motion""]",,"[""Motor Vehicle in Motion"",""Motor Vehicle in Motion""]"
0,0,"Atlanta Police Department","2022-05-08","None and I-20","(O) No Injury","Dark-Lighted","On Roadway - Non-Intersection","Not a Collision with Motor Vehicle","I-20","Dry","03:32:00","Lap and Shoulder Belt Used","Clear",0,33.762078,-84.487394,"Atlanta","FULTON","Motor Vehicle in Motion","Changed Lanes Improperly","Motor Vehicle in Motion"
0,0,"Atlanta Police Department","2022-05-08","Fairburn Rd Sw and Campbellton Rd Sw","(O) No Injury","Daylight","On Roadway - Non-Intersection","Angle Crash","Campbellton Rd Sw","Dry","08:54:00","[""Lap and Shoulder Belt Used"",""Lap and Shoulder Belt Used"",""Lap and Shoulder Belt Used"",""Lap and Shoulder Belt Used""]","Cloudy",0,33.690517,-84.510812,"Atlanta","FULTON","[""Motor Vehicle in Motion"",""Motor Vehicle in Motion"",""Motor Vehicle in Motion""]","Failure to Yield","[""Motor Vehicle in Motion"",""Motor Vehicle in Motion"",""Motor Vehicle in Motion""]"
0,1,"Atlanta Police Department","2022-05-08","None and I-75","(B) Suspected Minor/Visible Injury","Daylight","On Roadway - Non-Intersection","Rear End","I-75","Dry","09:12:00","[""Unknown"",""Unknown"",""Unknown"",""Unknown""]","Cloudy",0,33.749124,-84.382957,"Atlanta","FULTON","[""Motor Vehicle in Motion"",""Motor Vehicle in Motion""]","Following Too Close","[""Motor Vehicle in Motion"",""Motor Vehicle in Motion""]"
0,0,"Atlanta Police Department","2022-05-08","Piedmont Ave Ne and John Wesley Dobbs Ave Ne","(C) Possible Injury / Complaint","Daylight","On Roadway - Roadway Intersection","Rear End","Piedmont Ave Ne","Dry","18:45:00","[""Unknown"",""Unknown""]","Clear",0,33.757023,-84.382229,"Atlanta","FULTON","[""Motor Vehicle in Motion"",""Motor Vehicle in Motion""]","Following Too Close","[""Motor Vehicle in Motion"",""Motor Vehicle in Motion""]"
0,0,"Atlanta Police Department","2022-05-08","None and I-75 Hov Lane","(O) No Injury","Dark-Lighted","On Roadway - Non-Intersection","Rear End","I-75 Hov Lane","Dry","00:20:00","[""Unknown"",""Unknown"",""Unknown""]","Clear",0,33.755679,-84.378552,"Atlanta","FULTON","[""Motor Vehicle in Motion"",""Motor Vehicle in Motion"",""Motor Vehicle in Motion""]",,"[""Motor Vehicle in Motion"",""Motor Vehicle in Motion"",""Motor Vehicle in Motion""]"