"# Serious Injuries","# Visible Injuries","Agency Name (Crash Level) ","Date","Intersection Name (from Crash Report)","KABCO Severity","Light Conditions (Crash Level)","Location at Impact (Crash Level) ","Manner of Collision (Crash Level) ","Roadway (From Crash Report)","Surface Condition (Crash Level) ","Time","Safety Equipment (Crash Level) ","Weather Conditions (Crash Level)","# of Fatalities per Crash","Latitude","Longitude","Geolocated City","Geolocated County","First Harmful Event (Unit Order)","Operator/Pedestrian Contrib Factor (excl None, Other, No Contrib Factors)","Most Harmful Event (Crash Level)"
0,1,"Atlanta Police Department","2022-05-14","None and I-75","(B) Suspected Minor/Visible Injury","Dark-Not Lighted","On Roadway - Non-Intersection","Sideswipe-Same Direction","I-75","Dry","22:35:00","[""Lap and Shoulder Belt Used"",""Lap and Shoulder Belt Used"",""Lap and Shoulder Belt Used""]","Clear",0,33.813708,-84.420907,"Atlanta","FULTON","[""Motor Vehicle in Motion"",""Motor Vehicle in Motion""]","[""Changed Lanes Improperly"",""Following Too Close""]","[""Motor Vehicle in Motion"",""Motor Vehicle in Motion""]"
0,0,"Atlanta Police Department","2022-05-14","Oakland Dr Sw and Campbellton Rd Sw","(O) No Injury","Dark-Lighted","On Roadway - Driveway Intersection","Not a Collision with Motor Vehicle","Oakland Dr Sw","Dry","23:00:00","Lap and Shoulder Belt Used","Clear",0,33.716267,-84.427497,"Atlanta","FULTON","[""Motor Vehicle in Motion"",""Motor Vehicle in Motion""]",,"[""Motor Vehicle in Motion"",""Motor Vehicle in Motion""]"
0,0,"Gsp Post 00","2022-05-14","Mcdaniel Street and I-20 East / West","(O) No Injury","Dark-Not Lighted","On Roadway - Roadway Intersection","Sideswipe-Same Direction","Mcdaniel Street","Dry","00:50:00","[""Unknown"",""Lap and Shoulder Belt Used""]","Clear",0,33.742639,-84.403462,"Atlanta","FULTON","[""Motor Vehicle in Motion"",""Motor Vehicle in Motion""]","[""Disregard Police - Evasion"",""Exceeding Speed Limit"",""Reckless Driving""]","[""Motor Vehicle in Motion"",""Motor Vehicle in Motion""]"
0,0,"Atlanta Police Department","2022-05-14","None and I-85","(C) Possible Injury / Complaint","Daylight","On Roadway - Non-Intersection","Rear End","I-85","Dry","18:30:00","[""Lap and Shoulder Belt Used"",""Lap and Shoulder Belt Used""]","Clear",0,33.801018,-84.38917,"Atlanta","FULTON","[""Motor Vehicle in Motion"",""Motor Vehicle in Motion""]",,"[""Motor Vehicle in Motion"",""Motor Vehicle in Motion""]"
0,0,"Atlanta Police Department","2022-05-14","Williams St Nw and Ivan Allen Jr Blvd Nw","(O) No Injury","Daylight","On Roadway - Non-Intersection","Sideswipe-Opposite Direction","Ivan Allen Jr Blvd Nw","Dry","17:00:00","[""Unknown"",""Unknown""]","Clear",0,33.764674,-84.390349,"Atlanta","FULTON","[""Motor Vehicle in Motion"",""Motor Vehicle in Motion""]","[""Changed Lanes Improperly"",""Vision Obscured""]","[""Motor Vehicle in Motion"",""Motor Vehicle in Motion""]"
0,0,"Atlanta Police Department","2022-05-14","Piedmont Rd Ne and Darlington Rd Ne","(O) No Injury","Daylight","On Roadway - Non-Intersection","Sideswipe-Same Direction","Piedmont Rd Ne","Dry","20:00:00","[""Lap and Shoulder Belt Used"",""Lap and Shoulder Belt Used""]","Clear",0,33.832007,-84.36804,"Atlanta","FULTON","[""Motor Vehicle in Motion"",""Motor Vehicle in Motion""]","[""Changed Lanes Improperly"",""Changed Lanes Improperly""]","[""Motor Vehicle in Motion"",""Motor Vehicle in Motion""]"
0,1,"Atlanta Police Department","2022-05-14","Rumson Rd Ne and Peachtree Rd Ne","(B) Suspected Minor/Visible Injury","Daylight","On Roadway - Roadway Intersection","Angle Crash","Peachtree Rd Ne","Dry","15:43:00","[""Lap and Shoulder Belt Used"",""Lap and Shoulder Belt Used"",""Unknown"",""Lap and Shoulder Belt Used""]","Clear",0,33.831536,-84.385424,"Atlanta","FULTON","[""Motor Vehicle in Motion"",""Motor Vehicle in Motion""]","Changed Lanes Improperly","[""Motor Vehicle in Motion"",""Motor Vehicle in Motion""]"
0,0,"Atlanta Police Department","2022-05-14","14Th St Nw and Williams St Nw","(C) Possible Injury / Complaint","Daylight","On Roadway - Roadway Intersection","Angle Crash","Williams St Nw","Dry","16:10:00","[""Unknown"",""Unknown""]","Clear",0,33.786562,-84.390425,"Atlanta","FULTON","[""Motor Vehicle in Motion"",""Motor Vehicle in Motion""]","Failure to Yield","[""Motor Vehicle in Motion"",""Motor Vehicle in Motion""]"
0,0,"Atlanta Police Department","2022-05-14","None and Exit 251 Rp","(O) No Injury","Daylight","On Shoulder","Rear End","Exit 251 Rp","Dry","13:00:00","[""Unknown"",""Unknown""]","Clear",0,33.798262,-84.396028,"Atlanta","FULTON","[""Motor Vehicle in Motion"",""Motor Vehicle in Motion""]","Following Too Close","[""Motor Vehicle in Motion"",""Motor Vehicle in Motion""]"
0,0,"Atlanta Police Department","2022-05-14","None and I-75 Hov Lane","(O) No Injury","Daylight","On Roadway - Managed Lane (HOV, HOT, Reversible)","Sideswipe-Same Direction","I-75 Hov Lane","Dry","12:30:00","[""Unknown"",""Unknown""]","Clear",0,33.741856,-84.391512,"Atlanta","FULTON","[""Motor Vehicle in Motion"",""Motor Vehicle in Motion""]","Changed Lanes Improperly","[""Motor Vehicle in Motion"",""Motor Vehicle in Motion""]"
0,0,"Atlanta Police Department","2022-05-14","Bradley St Se and Edgewood Ave Ne","(O) No Injury","Daylight","On Roadway - Non-Intersection","Angle Crash","Bradley St Se","Dry","18:00:00","[""Unknown"",""Unknown""]","Clear",0,33.754282,-84.368655,"Atlanta","FULTON","[""Motor Vehicle in Motion"",""Motor Vehicle in Motion""]",,"[""Motor Vehicle in Motion"",""Motor Vehicle in Motion""]"
0,0,"Atlanta Police Department","2022-05-14","Kenilworth Dr Sw and Campbellton Rd Sw","(O) No Injury","Dark-Lighted","Off Roadway","Not a Collision with Motor Vehicle","Kenilworth Dr Sw","Dry","11:40:00","Unknown","Clear",0,33.714533,-84.434034,"Atlanta","FULTON","Curb","[""Under the Influence (U.I.)"",""Driver Condition""]","Curb"
0,0,"Atlanta Police Department","2022-05-14","None and I-75","(O) No Injury","Dark-Lighted","On Roadway - Non-Intersection","Rear End","I-75","Dry","21:30:00","[""Unknown"",""Unknown"",""Unknown"",""Unknown""]","Clear",0,33.771577,-84.390437,"Atlanta","FULTON","[""Motor Vehicle in Motion"",""Motor Vehicle in Motion"",""Motor Vehicle in Motion""]","Following Too Close","[""Motor Vehicle in Motion"",""Motor Vehicle in Motion"",""Motor Vehicle in Motion""]"
1,0,"Atlanta Police Department","2022-05-14","I-75 85 Sb and Peachtree St Ne","(A) Suspected Serious Injury","Daylight","On Roadway - Non-Intersection","Sideswipe-Same Direction","I-75 85 Sb","Dry","19:07:00","[""Motorcycle Helmet"",""Lap and Shoulder Belt Used"",""Lap and Shoulder Belt Used""]","Clear",0,33.765423,-84.385859,"Atlanta","FULTON","[""Motor Vehicle in Motion"",""Motor Vehicle in Motion"",""Motor Vehicle in Motion""]","Aggressive Driving","[""Motor Vehicle in Motion"",""Motor Vehicle in Motion"",""Motor Vehicle in Motion""]"
0,0,"Atlanta Police Department","2022-05-14","Cascade Rd Sw and Cascade Pkwy Sw","(O) No Injury","Daylight","On Roadway - Roadway Intersection","Sideswipe-Same Direction","Cascade Pkwy Sw","Dry","13:01:00","[""Lap and Shoulder Belt Used"",""Lap and Shoulder Belt Used""]","Clear",0,33.722983,-84.50076,"South Fulton","FULTON","[""Motor Vehicle in Motion"",""Motor Vehicle in Motion""]","Failure to Yield","[""Motor Vehicle in Motion"",""Motor Vehicle in Motion""]"
0,0,"Atlanta Police Department","2022-05-14","Pharr Rd Ne and Piedmont Rd Ne","(O) No Injury","Daylight","On Roadway - Roadway Intersection","Sideswipe-Same Direction","Piedmont Rd Ne","Dry","10:00:00","[""Unknown"",""Unknown""]","Clear",0,33.836971,-84.368074,"Atlanta","FULTON","[""Motor Vehicle in Motion"",""Motor Vehicle in Motion""]","Improper Passing","[""Motor Vehicle in Motion"",""Motor Vehicle in Motion""]"
0,0,"Atlanta Police Department","2022-05-14","None and I-75","(O) No Injury","Dark-Not Lighted","On Roadway - Collector Distributor (CD)","Sideswipe-Same Direction","I-75","Dry","04:30:00","[""Unknown"",""Unknown""]","Clear",0,33.74893,-84.383893,"Atlanta","FULTON","[""Motor Vehicle in Motion"",""Motor Vehicle in Motion""]","Changed Lanes Improperly","[""Motor Vehicle in Motion"",""Motor Vehicle in Motion""]"
0,0,"Atlanta Police Department","2022-05-14","None and I-20 Exit 58A","(C) Possible Injury / Complaint","Daylight","On Roadway - Non-Intersection","Rear End","I-20 Exit 58A","Dry","18:00:00","[""Unknown"",""Lap and Shoulder Belt Used""]","Clear",0,33.743504,-84.379061,"Atlanta","FULTON","[""Motor Vehicle in Motion"",""Motor Vehicle in Motion""]","Following Too Close","[""Motor Vehicle in Motion"",""Motor Vehicle in Motion""]"
0,0,"Atlanta Police Department","2022-05-14","I-75 and I-75 N","(O) No Injury","Daylight","On Roadway - Non-Intersection","Rear End","I-75","Dry","14:26:00","[""Unknown"",""Unknown"",""Unknown""]","Clear",0,33.758358,-84.378485,"Atlanta","FULTON","[""Motor Vehicle in Motion"",""Motor Vehicle in Motion"",""Motor Vehicle in Motion""]","Following Too Close","[""Motor Vehicle in Motion"",""Motor Vehicle in Motion"",""Motor Vehicle in Motion""]"
0,0,"Atlanta Police Department","2022-05-14","I-75 and Martin Luther King Jr Dr Se","(O) No Injury","Dark-Lighted","On Roadway - Non-Intersection","Angle Crash","I-75","Dry","01:00:00","[""Unknown"",""Unknown""]","Clear",0,33.748359,-84.385297,"Atlanta","FULTON","[""Motor Vehicle in Motion"",""Motor Vehicle in Motion""]","Changed Lanes Improperly","[""Motor Vehicle in Motion"",""Motor Vehicle in Motion""]"
1,0,"Atlanta Police Department","2022-05-14","Lawton St Sw and Lucile Ave Sw","(A) Suspected Serious Injury","Daylight","On Roadway - Roadway Intersection","Not a Collision with Motor Vehicle","Lucile Ave Sw","Dry","17:30:00","[""None Used"",""Unknown""]","Clear",0,33.742294,-84.423344,"Atlanta","FULTON","[""Motor Vehicle in Motion"",""Motor Vehicle in Motion""]","[""Failure to Yield"",""Failure to Yield""]","[""Pedal-Cycle"",""Motor Vehicle in Motion""]"
0,0,"Atlanta Police Department","2022-05-14","I-75 and W Peachtree St Nw","(C) Possible Injury / Complaint","Dark-Lighted","On Roadway - Non-Intersection","Rear End","I-75","Dry","22:20:00","[""Unknown"",""Unknown"",""Unknown""]","Clear",0,33.766923,-84.38787,"Atlanta","FULTON","[""Motor Vehicle in Motion"",""Motor Vehicle in Motion""]",,"[""Motor Vehicle in Motion"",""Motor Vehicle in Motion""]"
0,0,"Atlanta Police Department","2022-05-14","None and I-85 Exit 86 Rp","(O) No Injury","Dark-Lighted","Entrance/Exit Ramp","Rear End","I-85 Exit 86 Rp","Dry","00:30:00","[""Unknown"",""Unknown"",""Unknown"",""Unknown"",""Unknown""]","Clear",0,33.807413,-84.379303,"Atlanta","FULTON","[""Motor Vehicle in Motion"",""Motor Vehicle in Motion""]","Following Too Close","[""Motor Vehicle in Motion"",""Motor Vehicle in Motion""]"
0,0,"Atlanta Police Department","2022-05-14","None and Brownlee Rd Sw","(O) No Injury","Dark-Not Lighted","On Roadway - Roadway Intersection","Sideswipe-Opposite Direction","Brownlee Rd Sw","Dry","21:30:00","[""Lap and Shoulder Belt Used"",""Lap and Shoulder Belt Used"",""Lap and Shoulder Belt Used""]","Clear",0,33.748551,-84.496995,"Atlanta","FULTON","[""Motor Vehicle in Motion"",""Motor Vehicle in Motion""]","Improper Turn","[""Motor Vehicle in Motion"",""Motor Vehicle in Motion""]"
0,0,"Atlanta Police Department","2022-05-14","I-20 and Exit 57","(O) No Injury","Dark-Not Lighted","On Roadway - Non-Intersection","Sideswipe-Same Direction","I-20","Dry","11:50:00","[""Lap and Shoulder Belt Used"",""Lap and Shoulder Belt Used""]","Clear",0,33.744763,-84.399384,"Atlanta","FULTON","[""Motor Vehicle in Motion"",""Motor Vehicle in Motion""]","[""Changed Lanes Improperly"",""Changed Lanes Improperly""]","[""Motor Vehicle in Motion"",""Motor Vehicle in Motion""]"
0,0,"Atlanta Police Department","2022-05-14","None and 14Th St Ne","(O) No Injury","Daylight","On Roadway - Driveway Intersection","Angle Crash","14Th St Ne","Dry","17:04:00","[""Unknown"",""Unknown""]","Clear",0,33.786661,-84.385844,"Atlanta","FULTON","[""Motor Vehicle in Motion"",""Motor Vehicle in Motion""]","Failure to Yield","[""Motor Vehicle in Motion"",""Motor Vehicle in Motion""]"
0,0,"Atlanta Police Department","2022-05-14","North Ave Ne and Somerset Ter Ne","(O) No Injury","Daylight","On Roadway - Driveway Intersection","Angle Crash","Somerset Ter Ne","Dry","17:00:00","[""None Used"",""None Used""]","Clear",0,33.771134,-84.362296,"Atlanta","FULTON","[""Motor Vehicle in Motion"",""Motor Vehicle in Motion""]",,"[""Motor Vehicle in Motion"",""Motor Vehicle in Motion""]"
0,1,"Atlanta Police Department","2022-05-14","10Th St Nw and Howell Mill Rd Nw","(B) Suspected Minor/Visible Injury","Dark-Lighted","On Roadway - Non-Intersection","Angle Crash","10Th St Nw","Dry","22:05:00","[""Lap and Shoulder Belt Used"",""Booster Seat (Properly Used)"",""Lap and Shoulder Belt Used"",""Lap and Shoulder Belt Used"",""Lap and Shoulder Belt Used""]","Clear",0,33.781577,-84.411639,"Atlanta","FULTON","[""Motor Vehicle in Motion"",""Motor Vehicle in Motion"",""Parked Motor Vehicle"",""Motor Vehicle in Motion"",""Parked Motor Vehicle""]","[""Reckless Driving"",""Disregard Other Traffic Control"",""Exceeding Speed Limit"",""Under the Influence (U.I.)""]","[""Over Turn"",""Parked Motor Vehicle"",""Over Turn"",""Motor Vehicle in Motion"",""Parked Motor Vehicle""]"
0,2,"Atlanta Police Department","2022-05-14","I-75 S and Martin Luther King Jr Dr Se","(B) Suspected Minor/Visible Injury","Dark-Lighted","On Roadway - Non-Intersection","Angle Crash","Martin Luther King Jr Dr Se","Dry","23:30:00","[""Unknown"",""Unknown"",""Unknown""]","Clear",0,33.749527,-84.382878,"Atlanta","FULTON","[""Motor Vehicle in Motion"",""Motor Vehicle in Motion"",""Motor Vehicle in Motion""]","[""Aggressive Driving"",""Disregard Other Traffic Control"",""Changed Lanes Improperly"",""Driver Lost Control""]","[""Motor Vehicle in Motion"",""Motor Vehicle in Motion""]"
0,0,"Atlanta Police Department","2022-05-14","Baker St Ne and Courtland St Ne","(O) No Injury","Daylight","On Roadway - Roadway Intersection","Angle Crash","Baker St Ne","Dry","09:48:00","[""Unknown"",""Unknown""]","Cloudy",0,33.762204,-84.384155,"Atlanta","FULTON","[""Motor Vehicle in Motion"",""Motor Vehicle in Motion""]","Improper Turn","[""Motor Vehicle in Motion"",""Motor Vehicle in Motion""]"
0,0,"Atlanta Police Department","2022-05-14","Marietta St Nw and Northside Dr Nw","(O) No Injury","Daylight","On Roadway - Roadway Intersection","Angle Crash","Northside Dr Nw","Dry","12:24:00","[""Lap and Shoulder Belt Used"",""Lap and Shoulder Belt Used""]","Clear",0,33.775857,-84.407012,"Atlanta","FULTON","[""Motor Vehicle in Motion"",""Motor Vehicle in Motion""]","Disregard Stop Sign/Signal","[""Motor Vehicle in Motion"",""Motor Vehicle in Motion""]"
0,0,"Atlanta Police Department","2022-05-14","Glen Iris Dr Ne and Ponce De Leon Ave Ne","(O) No Injury","Daylight","On Roadway - Non-Intersection","Sideswipe-Same Direction","Ponce De Leon Ave Ne","Dry","13:10:00","[""Lap and Shoulder Belt Used"",""Lap and Shoulder Belt Used""]","Clear",0,33.773555,-84.367986,"Atlanta","FULTON","[""Motor Vehicle in Motion"",""Motor Vehicle in Motion""]","Changed Lanes Improperly","[""Motor Vehicle in Motion"",""Motor Vehicle in Motion""]"
0,0,"Atlanta Police Department","2022-05-14","Sterwart Pl and Cleveland Ave Sw","(O) No Injury","Daylight","On Roadway - Non-Intersection","Angle Crash","Cleveland Ave Sw","Dry","13:51:00","[""Lap and Shoulder Belt Used"",""Child Restraint System (Properly Used)"",""Child Restraint System (Properly Used)"",""Lap and Shoulder Belt Used""]","Clear",0,33.681275,-84.406997,"Atlanta","FULTON","[""Motor Vehicle in Motion"",""Motor Vehicle in Motion""]","Failure to Yield","[""Motor Vehicle in Motion"",""Motor Vehicle in Motion""]"
0,0,"Atlanta Police Department","2022-05-14","None and I-75","(O) No Injury","Dark-Lighted","On Roadway - Managed Lane (HOV, HOT, Reversible)","Rear End","I-75","Dry","00:20:00","[""Unknown"",""Unknown""]","Clear",0,33.696599,-84.405104,"Atlanta","FULTON","[""Motor Vehicle in Motion"",""Motor Vehicle in Motion""]","Following Too Close","[""Motor Vehicle in Motion"",""Motor Vehicle in Motion""]"
1,0,"Atlanta Police Department","2022-05-14","English Ave Nw and Donald Lee Hollowell Pkwy Nw","(A) Suspected Serious Injury","Dark-Lighted","On Roadway - Roadway Intersection","Not a Collision with Motor Vehicle","English Ave Nw","Dry","23:40:00","[""Unknown"",""None Used""]","Clear",0,33.773057,-84.413418,"Atlanta","FULTON","[""Other Object (Not Fixed)"",""Motor Vehicle in Motion""]",,"[""Other Object (Not Fixed)"",""Motor Vehicle in Motion""]"
0,0,"Atlanta Police Department","2022-05-14","Morgan St Ne and Glen Iris Dr Ne","(O) No Injury","Daylight","On Roadway - Roadway Intersection","Angle Crash","Morgan St Ne","Dry","17:00:00","[""Unknown"",""Lap and Shoulder Belt Used""]","Clear",0,33.769315,-84.367495,"Atlanta","FULTON","[""Motor Vehicle in Motion"",""Motor Vehicle in Motion""]","Improper Turn","Motor Vehicle in Motion"
0,1,"Atlanta Police Department","2022-05-14","Avon Ave Sw and Elizabeth Ave Sw","(B) Suspected Minor/Visible Injury","Dark-Lighted","On Roadway - Non-Intersection","Sideswipe-Same Direction","Elizabeth Ave Sw","Dry","22:50:00","Unknown","Clear",0,33.720356,-84.435561,"Atlanta","FULTON","[""Motor Vehicle in Motion"",""Parked Motor Vehicle"",""Motor Vehicle in Motion""]","[""Reckless Driving"",""Under the Influence (U.I.)""]","[""Motor Vehicle in Motion"",""Parked Motor Vehicle""]"
0,0,"Atlanta Police Department","2022-05-14","None and I-285","(C) Possible Injury / Complaint","Daylight","On Roadway - Non-Intersection","Rear End","I-285","Dry","16:43:00","[""Lap and Shoulder Belt Used"",""Lap and Shoulder Belt Used""]","Clear",0,33.65522,-84.36482,"Atlanta","FULTON","[""Motor Vehicle in Motion"",""Motor Vehicle in Motion""]","[""Following Too Close"",""Misjudged Clearance""]","[""Motor Vehicle in Motion"",""Motor Vehicle in Motion""]"
0,0,"Atlanta Police Department","2022-05-14","Camp Creek Pkwy Sw and Welcome All Rd Conn","(C) Possible Injury / Complaint","Daylight","On Roadway - Non-Intersection","Rear End","Camp Creek Pkwy Sw","Dry","10:50:00","[""Unknown"",""Unknown"",""Unknown""]","Clear",0,33.656785,-84.521007,"East Point","FULTON","[""Motor Vehicle in Motion"",""Motor Vehicle in Motion"",""Motor Vehicle in Motion""]","Following Too Close","[""Motor Vehicle in Motion"",""Motor Vehicle in Motion"",""Motor Vehicle in Motion""]"
0,0,"Atlanta Police Department","2022-05-14","Tribble Ln Nw and Linkwood Rd Nw","(C) Possible Injury / Complaint","Dark-Lighted","On Roadway - Roadway Intersection","Angle Crash","Tribble Ln Nw","Dry","21:50:00","[""Lap and Shoulder Belt Used"",""Lap and Shoulder Belt Used"",""Lap and Shoulder Belt Used"",""Lap and Shoulder Belt Used""]","Clear",0,33.759296,-84.482803,"Atlanta","FULTON","[""Motor Vehicle in Motion"",""Motor Vehicle in Motion""]","Disregard Stop Sign/Signal","[""Motor Vehicle in Motion"",""Motor Vehicle in Motion""]"
0,0,"Atlanta Police Department","2022-05-14","None and I-20","(O) No Injury","Dark-Lighted","On Roadway - Non-Intersection","Angle Crash","I-20","Dry","22:00:00","[""Unknown"",""Unknown""]","Clear",0,33.755382,-84.466684,"Atlanta","FULTON","[""Motor Vehicle in Motion"",""Motor Vehicle in Motion""]","Changed Lanes Improperly","[""Motor Vehicle in Motion"",""Motor Vehicle in Motion""]"
0,0,"Atlanta Police Department","2022-05-14","Park Pl and Winter Ave","(O) No Injury","Daylight","On Roadway - Roadway Intersection","Angle Crash","Park Pl","Dry","11:30:00","[""Lap and Shoulder Belt Used"",""Lap and Shoulder Belt Used"",""Lap and Shoulder Belt Used""]","Clear",0,33.763827,-84.31246,"Atlanta","DEKALB","[""Motor Vehicle in Motion"",""Motor Vehicle in Motion""]",,"[""Motor Vehicle in Motion"",""Motor Vehicle in Motion""]"
0,0,"Atlanta Police Department","2022-05-14","I-75 S and University Ave Sw","(O) No Injury","Daylight","On Roadway - Driveway Intersection","Angle Crash","University Ave Sw","Dry","18:30:00","[""None Used"",""None Used"",""None Used""]","Clear",0,33.722104,-84.395563,"Atlanta","FULTON","[""Motor Vehicle in Motion"",""Motor Vehicle in Motion""]",,"[""Motor Vehicle in Motion"",""Motor Vehicle in Motion""]"
0,0,"Atlanta Police Department","2022-05-14","Decatur St Se and Cornelia St Se","(O) No Injury","Daylight","On Roadway - Roadway Intersection","Angle Crash","Cornelia St Se","Dry","10:10:00","[""Unknown"",""Unknown""]","Clear",0,33.752568,-84.367506,"Atlanta","FULTON","[""Motor Vehicle in Motion"",""Motor Vehicle in Motion""]","Failure to Yield","[""Motor Vehicle in Motion"",""Motor Vehicle in Motion""]"
0,0,"Atlanta Police Department","2022-05-14","Peachtree Rd Ne and Around Lenox Rd Ne","(C) Possible Injury / Complaint","Daylight","On Roadway - Roadway Intersection","Rear End","Peachtree Rd Ne","Dry","05:10:00","[""Lap and Shoulder Belt Used"",""Lap and Shoulder Belt Used"",""Lap and Shoulder Belt Used"",""Lap and Shoulder Belt Used""]","Clear",0,33.848953,-84.365538,"Atlanta","FULTON","[""Motor Vehicle in Motion"",""Motor Vehicle in Motion""]","Following Too Close","[""Motor Vehicle in Motion"",""Motor Vehicle in Motion""]"
0,0,"Atlanta Police Department","2022-05-14","Roswell Rd Ne and Lakeland Dr Nw","(O) No Injury","Daylight","On Roadway - Roadway Intersection","Head On","Lakeland Dr Nw","Dry","07:00:00","[""Unknown"",""Unknown""]","Clear",0,33.848914,-84.382712,"Atlanta","FULTON","[""Motor Vehicle in Motion"",""Motor Vehicle in Motion""]",,"[""Motor Vehicle in Motion"",""Motor Vehicle in Motion""]"
0,0,"Atlanta Police Department","2022-05-14","Ellis St Ne and Piedmont Ave Ne","(O) No Injury","Dark-Lighted","On Roadway - Roadway Intersection","Sideswipe-Same Direction","Ellis St Ne","Dry","04:05:00","[""Lap and Shoulder Belt Used"",""Lap and Shoulder Belt Used""]","Clear",0,33.758368,-84.382037,"Atlanta","FULTON","[""Motor Vehicle in Motion"",""Motor Vehicle in Motion""]","Changed Lanes Improperly","[""Motor Vehicle in Motion"",""Motor Vehicle in Motion""]"
0,0,"Atlanta Police Department","2022-05-14","17Th St Ne and W Peachtree St Ne","(O) No Injury","Daylight","On Roadway - Roadway Intersection","Angle Crash","W Peachtree St Ne","Dry","19:39:00","[""Unknown"",""Unknown""]","Clear",0,33.791864,-84.387768,"Atlanta","FULTON","[""Motor Vehicle in Motion"",""Motor Vehicle in Motion""]","Failure to Yield","[""Motor Vehicle in Motion"",""Motor Vehicle in Motion""]"
0,1,"Atlanta Police Department","2022-05-14","16Th St Nw and Northside Dr Nw","(B) Suspected Minor/Visible Injury","Dark-Lighted","On Roadway - Non-Intersection","Angle Crash","Northside Dr Nw","Dry","21:30:00","[""Lap and Shoulder Belt Used"",""Lap and Shoulder Belt Used"",""Lap and Shoulder Belt Used""]","Cloudy",0,33.787591,-84.40752,"Atlanta","FULTON","[""Motor Vehicle in Motion"",""Motor Vehicle in Motion""]","Improper Turn","[""Motor Vehicle in Motion"",""Motor Vehicle in Motion""]"
0,0,"Atlanta Police Department","2022-05-14","Ga-400 and Lenox Rd Ne","(O) No Injury","Daylight","On Roadway - Roadway Intersection","Rear End","Ga-400","Dry","13:45:00","[""Unknown"",""Unknown""]","Clear",0,33.851801,-84.369994,"Atlanta","FULTON","[""Motor Vehicle in Motion"",""Motor Vehicle in Motion""]","Following Too Close","[""Motor Vehicle in Motion"",""Motor Vehicle in Motion""]"
0,1,"Atlanta Police Department","2022-05-14","None and I-75","(B) Suspected Minor/Visible Injury","Daylight","On Roadway - Non-Intersection","Angle Crash","I-75","Dry","20:11:00","[""Unknown"",""Unknown""]","Clear",0,33.797724,-84.395728,"Atlanta","FULTON","[""Motor Vehicle in Motion"",""Motor Vehicle in Motion""]","Changed Lanes Improperly","[""Motor Vehicle in Motion"",""Motor Vehicle in Motion""]"
0,0,"Atlanta Police Department","2022-05-14","I-75 S and I-75 Hov Lane","(C) Possible Injury / Complaint","Dusk","On Roadway - Non-Intersection","Rear End","I-75 Hov Lane","Dry","20:00:00","[""Unknown"",""Unknown"",""Unknown"",""Unknown"",""Unknown"",""Unknown""]","Clear",0,33.763709,-84.383815,"Atlanta","FULTON","[""Motor Vehicle in Motion"",""Motor Vehicle in Motion"",""Motor Vehicle in Motion""]","Following Too Close","[""Motor Vehicle in Motion"",""Motor Vehicle in Motion"",""Motor Vehicle in Motion""]"
0,0,"Atlanta Police Department","2022-05-14","None and Memorial Dr Sw Rp","(O) No Injury","Dark-Lighted","On Roadway - Non-Intersection","Rear End","Memorial Dr Sw Rp","Dry","00:15:00","[""Lap and Shoulder Belt Used"",""Lap and Shoulder Belt Used"",""Lap and Shoulder Belt Used"",""Lap and Shoulder Belt Used"",""Lap and Shoulder Belt Used""]","Clear",0,33.746958,-84.388075,"Atlanta","FULTON","[""Motor Vehicle in Motion"",""Motor Vehicle in Motion"",""Motor Vehicle in Motion""]","Following Too Close","[""Motor Vehicle in Motion"",""Motor Vehicle in Motion"",""Motor Vehicle in Motion""]"
0,0,"Atlanta Police Department","2022-05-14","I-285 and Exit 55","(O) No Injury","Dark-Lighted","On Roadway - Non-Intersection","Sideswipe-Same Direction","I-285","Dry","00:50:00","[""Lap and Shoulder Belt Used"",""Lap and Shoulder Belt Used""]","Clear",0,33.648144,-84.370261,"Atlanta","FULTON","[""Motor Vehicle in Motion"",""Motor Vehicle in Motion""]","Aggressive Driving","[""Motor Vehicle in Motion"",""Motor Vehicle in Motion""]"
0,0,"Atlanta Police Department","2022-05-14","I-285 W and Jonesboro Rd Se","(C) Possible Injury / Complaint","Dark-Lighted","On Roadway - Driveway Intersection","Angle Crash","Jonesboro Rd Se","Dry","03:00:00","[""Lap and Shoulder Belt Used"",""Lap and Shoulder Belt Used"",""Lap and Shoulder Belt Used""]","Clear",0,33.653074,-84.367572,"Atlanta","FULTON","[""Motor Vehicle in Motion"",""Motor Vehicle in Motion""]","Failure to Yield","[""Motor Vehicle in Motion"",""Motor Vehicle in Motion""]"
0,0,"Atlanta Police Department","2022-05-14","None and Lee St Sw","(C) Possible Injury / Complaint","Daylight","On Roadway - Non-Intersection","Sideswipe-Same Direction","Lee St Sw","Dry","11:00:00","Lap and Shoulder Belt Used","Clear",0,33.739225,-84.414091,"Atlanta","FULTON","[""Motor Vehicle in Motion"",""Motor Vehicle in Motion""]","Changed Lanes Improperly","[""Motor Vehicle in Motion"",""Motor Vehicle in Motion""]"
0,0,"Atlanta Police Department","2022-05-14","Pharr Rd Ne and Piedmont Rd Ne","(O) No Injury","Dark-Lighted","On Roadway - Roadway Intersection","Sideswipe-Same Direction","Piedmont Rd Ne","Dry","20:30:00","[""Unknown"",""Lap and Shoulder Belt Used""]","Clear",0,33.836971,-84.368074,"Atlanta","FULTON","[""Motor Vehicle in Motion"",""Motor Vehicle in Motion""]","Changed Lanes Improperly","[""Motor Vehicle in Motion"",""Motor Vehicle in Motion""]"