"# Serious Injuries","# Visible Injuries","Agency Name (Crash Level) ","Date","Intersection Name (from Crash Report)","KABCO Severity","Light Conditions (Crash Level)","Location at Impact (Crash Level) ","Manner of Collision (Crash Level) ","Roadway (From Crash Report)","Surface Condition (Crash Level) ","Time","Safety Equipment (Crash Level) ","Weather Conditions (Crash Level)","# of Fatalities per Crash","Latitude","Longitude","Geolocated City","Geolocated County","First Harmful Event (Unit Order)","Operator/Pedestrian Contrib Factor (excl None, Other, No Contrib Factors)","Most Harmful Event (Crash Level)"
0,0,"Gsp Post 00","2022-05-19","Peachtree Street and Interstate 85 North","(O) No Injury","Daylight","On Roadway - Non-Intersection","Rear End","Interstate 85 North","Dry","09:00:00","[""Lap and Shoulder Belt Used"",""Lap and Shoulder Belt Used""]","Clear",0,33.801788,-84.387159,"Atlanta","FULTON","[""Motor Vehicle in Motion"",""Motor Vehicle in Motion""]","Following Too Close","[""Motor Vehicle in Motion"",""Motor Vehicle in Motion""]"
0,0,"Gsp Post 00","2022-05-19","I-285 and I-20 East","(O) No Injury","Dawn","On Roadway - Non-Intersection","Sideswipe-Same Direction","I-20 East","Dry","06:07:00","[""Lap and Shoulder Belt Used"",""Lap and Shoulder Belt Used""]","Clear",0,33.765008,-84.493853,"Atlanta","FULTON","[""Motor Vehicle in Motion"",""Motor Vehicle in Motion""]","Changed Lanes Improperly","[""Motor Vehicle in Motion"",""Motor Vehicle in Motion""]"
0,0,"Atlanta Police Department","2022-05-19","N Highland Ave Ne and Ponce De Leon Ave Ne","(C) Possible Injury / Complaint","Dark-Not Lighted","On Roadway - Non-Intersection","Rear End","Ponce De Leon Ave Ne","Dry","23:47:00","[""Unknown"",""Unknown"",""Unknown""]","Clear",0,33.773832,-84.352854,"Atlanta","FULTON","[""Motor Vehicle in Motion"",""Motor Vehicle in Motion""]","[""Following Too Close"",""Reckless Driving"",""Under the Influence (U.I.)""]","[""Motor Vehicle in Motion"",""Motor Vehicle in Motion""]"
0,0,"Atlanta Police Department","2022-05-19","Howell Dr Sw and Martin Luther King Jr Dr Sw","(C) Possible Injury / Complaint","Daylight","On Roadway - Non-Intersection","Sideswipe-Same Direction","Martin Luther King Jr Dr Sw","Dry","08:30:00","[""Unknown"",""Lap and Shoulder Belt Used""]","Clear",0,33.757954,-84.503033,"Atlanta","FULTON","[""Motor Vehicle in Motion"",""Motor Vehicle in Motion""]","Changed Lanes Improperly","[""Motor Vehicle in Motion"",""Motor Vehicle in Motion""]"
0,0,"Atlanta Police Department","2022-05-19","Warren Rd Nw and Moores Mill Rd Nw","(C) Possible Injury / Complaint","Daylight","On Roadway - Roadway Intersection","Rear End","Moores Mill Rd Nw","Dry","09:00:00","[""None Used"",""None Used""]","Clear",0,33.824214,-84.446788,"Atlanta","FULTON","[""Motor Vehicle in Motion"",""Motor Vehicle in Motion""]","Following Too Close","[""Motor Vehicle in Motion"",""Motor Vehicle in Motion""]"
0,0,"Atlanta Police Department","2022-05-19","Melvin Dr Sw and Kimberly Rd Sw","(O) No Injury","Daylight","Off Roadway","Rear End","Melvin Dr Sw","Dry","16:20:00","[""Unknown"",""Unknown""]","Clear",0,33.708312,-84.52104,"Atlanta","FULTON","[""Motor Vehicle in Motion"",""Culvert""]",,"[""Motor Vehicle in Motion"",""Motor Vehicle in Motion""]"
0,0,"Atlanta Police Department","2022-05-19","North Ave Nw and W Peachtree St Nw","(O) No Injury","Dark-Lighted","On Roadway - Roadway Intersection","Angle Crash","W Peachtree St Nw","Dry","21:45:00","[""Unknown"",""Unknown""]","Clear",0,33.771275,-84.387377,"Atlanta","FULTON","[""Motor Vehicle in Motion"",""Motor Vehicle in Motion""]","Changed Lanes Improperly","[""Motor Vehicle in Motion"",""Motor Vehicle in Motion""]"
0,0,"Atlanta Police Department","2022-05-19","Glenn St Sw and Pryor St Sw","(C) Possible Injury / Complaint","Daylight","On Roadway - Driveway Intersection","Sideswipe-Same Direction","Pryor St Sw","Dry","12:23:00","[""Lap and Shoulder Belt Used"",""Lap and Shoulder Belt Used""]","Clear",0,33.737467,-84.394599,"Atlanta","FULTON","[""Motor Vehicle in Motion"",""Motor Vehicle in Motion""]","Changed Lanes Improperly","[""Motor Vehicle in Motion"",""Motor Vehicle in Motion""]"
0,0,"Atlanta Police Department","2022-05-19","Fort St Ne and Edgewood Ave Se","(O) No Injury","Daylight","On Roadway - Non-Intersection","Sideswipe-Same Direction","Edgewood Ave Se","Dry","17:30:00","[""Unknown"",""Lap and Shoulder Belt Used""]","Clear",0,33.754368,-84.378016,"Atlanta","FULTON","[""Motor Vehicle in Motion"",""Motor Vehicle in Motion""]","Following Too Close","Motor Vehicle in Motion"
0,0,"Atlanta Police Department","2022-05-19","Pine St Nw and Spring St Nw","(O) No Injury","Daylight","On Roadway - Roadway Intersection","Angle Crash","Pine St Nw","Dry","11:20:00","[""Unknown"",""Unknown""]","Clear",0,33.767357,-84.387903,"Atlanta","FULTON","[""Motor Vehicle in Motion"",""Motor Vehicle in Motion""]","Failure to Yield","[""Motor Vehicle in Motion"",""Motor Vehicle in Motion""]"
0,1,"Gsp Post 00","2022-05-19","Lenox Ramp and Ga 400 North Ramp","(B) Suspected Minor/Visible Injury","Dark-Lighted","Median","Not a Collision with Motor Vehicle","Ga 400 North Ramp","Dry","02:02:00","Motorcycle Helmet","Clear",0,33.851603,-84.369478,"Atlanta","FULTON","Curb","[""Disregard Police - Evasion"",""Reckless Driving""]","Curb"
0,0,"Atlanta Police Department","2022-05-19","I-75 and Exit 249C","(O) No Injury","Daylight","On Roadway - Non-Intersection","Rear End","I-75","Dry","11:17:00","[""Lap and Shoulder Belt Used"",""Lap and Shoulder Belt Used""]","Clear",0,33.769342,-84.390569,"Atlanta","FULTON","[""Motor Vehicle in Motion"",""Motor Vehicle in Motion""]","Following Too Close","[""Motor Vehicle in Motion"",""Motor Vehicle in Motion""]"
0,0,"Atlanta Police Department","2022-05-19","Cumberland Pl Ne and E Morningside Dr Ne","(O) No Injury","Daylight","On Roadway - Non-Intersection","Angle Crash","E Morningside Dr Ne","Dry","20:35:00","[""Lap and Shoulder Belt Used"",""Lap and Shoulder Belt Used"",""Lap and Shoulder Belt Used"",""Lap and Shoulder Belt Used""]","Clear",0,33.799625,-84.365801,"Atlanta","FULTON","[""Motor Vehicle in Motion"",""Motor Vehicle in Motion""]","Following Too Close","[""Motor Vehicle in Motion"",""Motor Vehicle in Motion""]"
0,0,"Atlanta Police Department","2022-05-19","E Lake Dr Ne and Hosea L Williams Dr Ne","(O) No Injury","Daylight","On Roadway - Driveway Intersection","Angle Crash","Hosea L Williams Dr Ne","Dry","11:00:00","Unknown","Clear",0,33.751321,-84.300592,"Atlanta","DEKALB","[""Motor Vehicle in Motion"",""Parked Motor Vehicle""]","[""Improper Backing"",""Parked Improperly""]","[""Motor Vehicle in Motion"",""Motor Vehicle in Motion""]"
0,0,"Atlanta Police Department","2022-05-19","W Shadowlawn Ave Ne and E Shadowlawn Ave Ne","(O) No Injury","Daylight","On Roadway - Roadway Intersection","Angle Crash","E Shadowlawn Ave Ne","Dry","13:40:00","[""Lap and Shoulder Belt Used"",""Lap and Shoulder Belt Used""]","Clear",0,33.841895,-84.374172,"Atlanta","FULTON","[""Motor Vehicle in Motion"",""Motor Vehicle in Motion""]","Misjudged Clearance","[""Motor Vehicle in Motion"",""Motor Vehicle in Motion""]"
0,0,"Gsp Post 00","2022-05-19","Interstate 75 North and West Paces Ferry Road Overpass","(O) No Injury","Daylight","On Roadway - Non-Intersection","Rear End","Interstate 75 North","Dry","16:25:00","[""Lap and Shoulder Belt Used"",""Lap and Shoulder Belt Used""]","Clear",0,33.856207,-84.432287,"Atlanta","FULTON","[""Motor Vehicle in Motion"",""Motor Vehicle in Motion""]","Following Too Close","[""Motor Vehicle in Motion"",""Motor Vehicle in Motion""]"
0,0,"Atlanta Police Department","2022-05-19","Boulevard Ne and John Lewis Freedom Pkwy Ne","(C) Possible Injury / Complaint","Daylight","On Roadway - Non-Intersection","Rear End","John Lewis Freedom Pkwy Ne","Dry","09:00:00","[""Unknown"",""Unknown""]","Clear",0,33.760096,-84.372688,"Atlanta","FULTON","[""Motor Vehicle in Motion"",""Motor Vehicle in Motion""]","Changed Lanes Improperly","[""Motor Vehicle in Motion"",""Motor Vehicle in Motion""]"
0,0,"Atlanta Police Department","2022-05-19","7Th St Ne and Juniper St Ne","(O) No Injury","Daylight","On Roadway - Managed Lane (HOV, HOT, Reversible)","Sideswipe-Same Direction","Juniper St Ne","Dry","18:21:00","[""Unknown"",""Unknown""]","Clear",0,33.778571,-84.382723,"Atlanta","FULTON","[""Motor Vehicle in Motion"",""Motor Vehicle in Motion""]",,"[""Motor Vehicle in Motion"",""Motor Vehicle in Motion""]"
0,0,"Atlanta Police Department","2022-05-19","Howell Mill Rd Nw and Chattahoochee Ave Nw","(O) No Injury","Daylight","On Roadway - Non-Intersection","Angle Crash","Chattahoochee Ave Nw","Dry","13:00:00","[""Lap and Shoulder Belt Used"",""Lap and Shoulder Belt Used""]","Clear",0,33.799605,-84.416236,"Atlanta","FULTON","[""Motor Vehicle in Motion"",""Motor Vehicle in Motion""]","Failure to Yield","[""Motor Vehicle in Motion"",""Motor Vehicle in Motion""]"
0,0,"Atlanta Police Department","2022-05-19","Memorial Dr Se and Holtzclaw St Se","(O) No Injury","Dark-Lighted","On Roadway - Roadway Intersection","Rear End","Memorial Dr Se","Dry","21:36:00","[""Unknown"",""Unknown"",""None Used""]","Clear",0,33.74657,-84.356375,"Atlanta","FULTON","[""Motor Vehicle in Motion"",""Motor Vehicle in Motion"",""Motor Vehicle in Motion""]","Following Too Close","[""Motor Vehicle in Motion"",""Motor Vehicle in Motion"",""Motor Vehicle in Motion""]"
0,0,"Atlanta Police Department","2022-05-19","Habersham Rd Nw and W Paces Ferry Rd Nw","(O) No Injury","Daylight","On Roadway - Non-Intersection","Head On","Habersham Rd Nw","Dry","13:00:00","[""Unknown"",""Lap and Shoulder Belt Used""]","Clear",0,33.843413,-84.39528,"Atlanta","FULTON","[""Motor Vehicle in Motion"",""Motor Vehicle in Motion""]","[""Under the Influence (U.I.)"",""Improper Backing""]","[""Motor Vehicle in Motion"",""Motor Vehicle in Motion""]"
0,0,"Atlanta Police Department","2022-05-19","Cone St Nw and Marietta St Nw","(O) No Injury","Daylight","On Roadway - Roadway Intersection","Sideswipe-Same Direction","Marietta St Nw","Dry","15:30:00","[""Unknown"",""Lap and Shoulder Belt Used""]","Clear",0,33.756491,-84.392049,"Atlanta","FULTON","[""Motor Vehicle in Motion"",""Motor Vehicle in Motion""]","Changed Lanes Improperly","[""Motor Vehicle in Motion"",""Motor Vehicle in Motion""]"
0,0,"Atlanta Police Department","2022-05-19","Peachtree St Ne and Huntington Rd Ne","(K) Fatal Injury","Dusk","On Roadway - Roadway Intersection","Angle Crash","Peachtree St Ne","Dry","20:16:00","[""Motorcycle Helmet"",""Lap and Shoulder Belt Used""]","Clear",1,33.802284,-84.392811,"Atlanta","FULTON","[""Motor Vehicle in Motion"",""Motor Vehicle in Motion""]","Exceeding Speed Limit","[""Motor Vehicle in Motion"",""Motor Vehicle in Motion""]"
0,0,"Atlanta Police Department","2022-05-19","17Th St Nw and Bishop St Nw","(O) No Injury","Daylight","On Roadway - Roadway Intersection","Angle Crash","Bishop St Nw","Dry","17:47:00","[""Shoulder Belt Only Used"",""Shoulder Belt Only Used""]","Clear",0,33.791717,-84.405553,"Atlanta","FULTON","[""Motor Vehicle in Motion"",""Motor Vehicle in Motion""]","[""Disregard Other Traffic Control"",""Disregard Other Traffic Control""]","[""Motor Vehicle in Motion"",""Motor Vehicle in Motion""]"
0,0,"Gsp Post 00","2022-05-19","I-85 S and Peachtree Road","(C) Possible Injury / Complaint","Daylight","On Roadway - Non-Intersection","Rear End","I-85 S","Dry","15:24:00","[""Lap and Shoulder Belt Used"",""Lap and Shoulder Belt Used"",""Lap and Shoulder Belt Used""]","Clear",0,33.799556,-84.391843,"Atlanta","FULTON","[""Motor Vehicle in Motion"",""Motor Vehicle in Motion""]","Following Too Close","[""Motor Vehicle in Motion"",""Motor Vehicle in Motion""]"
0,0,"Atlanta Police Department","2022-05-19","Defoor Ave Nw and Collier Rd Nw","(O) No Injury","Daylight","On Roadway - Non-Intersection","Rear End","Collier Rd Nw","Dry","13:34:00","[""Unknown"",""Lap and Shoulder Belt Used""]","Clear",0,33.811276,-84.426122,"Atlanta","FULTON","[""Motor Vehicle in Motion"",""Motor Vehicle in Motion""]","Following Too Close","[""Motor Vehicle in Motion"",""Motor Vehicle in Motion""]"
0,0,"Atlanta Police Department","2022-05-19","Northside Dr Sw and Greensferry Ave Sw","(O) No Injury","Daylight","On Roadway - Roadway Intersection","Angle Crash","Greensferry Ave Sw","Dry","09:20:00","[""Lap and Shoulder Belt Used"",""Unknown""]","Clear",0,33.746272,-84.406582,"Atlanta","FULTON","[""Motor Vehicle in Motion"",""Motor Vehicle in Motion""]","Inattentive or Other Distraction (Distracted)","[""Motor Vehicle in Motion"",""Motor Vehicle in Motion""]"
0,0,"Gsp Post 00","2022-05-19","I-7585 S and Piedmont Avenue","(O) No Injury","Daylight","On Roadway - Non-Intersection","Rear End","I-7585 S","Dry","18:08:00","[""Lap and Shoulder Belt Used"",""Lap and Shoulder Belt Used""]","Clear",0,33.762317,-84.382339,"Atlanta","FULTON","[""Motor Vehicle in Motion"",""Motor Vehicle in Motion""]","Following Too Close","[""Motor Vehicle in Motion"",""Motor Vehicle in Motion""]"
1,0,"Atlanta Police Department","2022-05-19","E Lake Blvd Se and Glenwood Ave Se","(A) Suspected Serious Injury","Daylight","On Roadway - Roadway Intersection","Angle Crash","Glenwood Ave Se","Dry","12:40:00","[""Unknown"",""Unknown""]","Clear",0,33.740143,-84.313887,"Atlanta","DEKALB","[""Motor Vehicle in Motion"",""Motor Vehicle in Motion""]","Disregard Stop Sign/Signal","[""Motor Vehicle in Motion"",""Motor Vehicle in Motion""]"
0,0,"Gsp Post 00","2022-05-19","Ga-13 Nb and Armour Dr","(C) Possible Injury / Complaint","Daylight","On Roadway - Non-Intersection","Rear End","Ga-13 Nb","Dry","18:44:00","[""Lap and Shoulder Belt Used"",""Lap and Shoulder Belt Used"",""Lap and Shoulder Belt Used""]","Clear",0,33.810809,-84.371733,"Atlanta","FULTON","[""Motor Vehicle in Motion"",""Motor Vehicle in Motion""]","[""Other Activity - Mobile Device (Distracted)"",""Following Too Close""]","[""Motor Vehicle in Motion"",""Motor Vehicle in Motion""]"
0,0,"Atlanta Police Department","2022-05-19","Lenox Rd Ne and Phipps Blvd Nw","(O) No Injury","Daylight","On Roadway - Roadway Intersection","Rear End","Lenox Rd Ne","Dry","14:40:00","[""Unknown"",""Unknown""]","Clear",0,33.852654,-84.365336,"Atlanta","FULTON","[""Motor Vehicle in Motion"",""Motor Vehicle in Motion""]","Following Too Close","[""Motor Vehicle in Motion"",""Motor Vehicle in Motion""]"
0,0,"Gsp Post 00","2022-05-19","Fulton St and I-7585 Nb","(O) No Injury","Daylight","On Roadway - Non-Intersection","Rear End","I-7585 Nb","Dry","12:36:00","[""Lap and Shoulder Belt Used"",""Lap and Shoulder Belt Used""]","Clear",0,33.746931,-84.387726,"Atlanta","FULTON","[""Motor Vehicle in Motion"",""Motor Vehicle in Motion""]","Following Too Close","[""Motor Vehicle in Motion"",""Motor Vehicle in Motion""]"
0,0,"Gsp Post 00","2022-05-19","Lenox Rd and Ramp From Lenox Rd To Ga400 Sb","(O) No Injury","Daylight","Entrance/Exit Ramp","Rear End","Ramp From Lenox Rd To Ga400 Sb","Dry","15:00:00","[""Lap and Shoulder Belt Used"",""Lap and Shoulder Belt Used"",""Lap and Shoulder Belt Used""]","Clear",0,33.851224,-84.370035,"Atlanta","FULTON","[""Motor Vehicle in Motion"",""Motor Vehicle in Motion""]","Other Exterior Distraction (Distracted)","[""Motor Vehicle in Motion"",""Motor Vehicle in Motion""]"
0,0,"Gsp Post 00","2022-05-19","I-285 South and Campbellton Road","(O) No Injury","Daylight","On Roadway - Non-Intersection","Sideswipe-Same Direction","I-285 South","Dry","14:05:00","[""Unknown"",""Lap and Shoulder Belt Used"",""Lap and Shoulder Belt Used"",""Lap and Shoulder Belt Used""]","Clear",0,33.715067,-84.501247,"Atlanta","FULTON","[""Motor Vehicle in Motion"",""Motor Vehicle in Motion""]",,"[""Motor Vehicle in Motion"",""Motor Vehicle in Motion""]"
0,0,"Atlanta Police Department","2022-05-19","None and I-285","(C) Possible Injury / Complaint","Daylight","Entrance/Exit Ramp","Rear End","I-285","Dry","18:00:00","[""Unknown"",""Unknown""]","Clear",0,33.754031,-84.496094,"Atlanta","FULTON","[""Motor Vehicle in Motion"",""Motor Vehicle in Motion""]","Following Too Close","[""Motor Vehicle in Motion"",""Motor Vehicle in Motion""]"
0,1,"Atlanta Police Department","2022-05-19","Magnolia St Nw and Northside Dr Nw","(B) Suspected Minor/Visible Injury","Dark-Lighted","On Roadway - Non-Intersection","Angle Crash","Northside Dr Nw","Dry","23:36:00","[""Lap and Shoulder Belt Used"",""Lap and Shoulder Belt Used"",""None Used""]","Clear",0,33.758317,-84.40277,"Atlanta","FULTON","[""Motor Vehicle in Motion"",""Motor Vehicle in Motion""]","Improper Turn","[""Motor Vehicle in Motion"",""Motor Vehicle in Motion""]"
0,0,"Gsp Post 00","2022-05-19","I-7585S and North Ave","(O) No Injury","Daylight","On Roadway - Non-Intersection","Rear End","I-7585S","Dry","19:40:00","[""Lap and Shoulder Belt Used"",""Lap and Shoulder Belt Used"",""Lap and Shoulder Belt Used"",""Lap and Shoulder Belt Used"",""Lap Belt Only Used"",""Lap and Shoulder Belt Used""]","Clear",0,33.781504,-84.390851,"Atlanta","FULTON","[""Motor Vehicle in Motion"",""Motor Vehicle in Motion"",""Motor Vehicle in Motion""]","Following Too Close","[""Motor Vehicle in Motion"",""Motor Vehicle in Motion"",""Motor Vehicle in Motion""]"
0,0,"Atlanta Police Department","2022-05-19","I-75 S and Cleveland Ave Sw","(O) No Injury","Daylight","On Roadway - Non-Intersection","Rear End","Cleveland Ave Sw","Dry","15:20:00","[""Lap and Shoulder Belt Used"",""Lap and Shoulder Belt Used""]","Clear",0,33.681129,-84.398756,"Atlanta","FULTON","[""Motor Vehicle in Motion"",""Motor Vehicle in Motion""]","Failure to Yield","[""Motor Vehicle in Motion"",""Motor Vehicle in Motion""]"
0,0,"Atlanta Police Department","2022-05-19","W Whitehall St Sw and Ralph David Abernathy Blvd Sw","(O) No Injury","Daylight","On Roadway - Roadway Intersection","Angle Crash","Ralph David Abernathy Blvd Sw","Dry","18:24:00","[""Lap and Shoulder Belt Used"",""Lap and Shoulder Belt Used""]","Clear",0,33.738206,-84.412857,"Atlanta","FULTON","[""Motor Vehicle in Motion"",""Motor Vehicle in Motion""]",,"[""Motor Vehicle in Motion"",""Motor Vehicle in Motion""]"
0,0,"Gsp Post 00","2022-05-19","Interstate 75 North and West Paces Ferry Road","(O) No Injury","Daylight","On Roadway - Non-Intersection","Rear End","Interstate 75 North","Dry","16:49:00","[""Lap and Shoulder Belt Used"",""Lap and Shoulder Belt Used""]","Clear",0,33.864884,-84.439655,"Atlanta","FULTON","[""Motor Vehicle in Motion"",""Motor Vehicle in Motion""]","Following Too Close","[""Motor Vehicle in Motion"",""Motor Vehicle in Motion""]"
0,0,"Atlanta Police Department","2022-05-19","10Th St Ne and Juniper St Ne","(O) No Injury","Daylight","On Roadway - Driveway Intersection","Head On","10Th St Ne","Dry","14:23:00","[""Lap and Shoulder Belt Used"",""Lap and Shoulder Belt Used""]","Clear",0,33.781758,-84.382224,"Atlanta","FULTON","[""Motor Vehicle in Motion"",""Motor Vehicle in Motion""]","Improper Turn","[""Motor Vehicle in Motion"",""Motor Vehicle in Motion""]"
0,0,"Gsp Post 00","2022-05-19","Interstate 20 West and Entrance Ramp To 75/85 North","(C) Possible Injury / Complaint","Daylight","On Roadway - Non-Intersection","Rear End","Interstate 20 West","Dry","15:30:00","[""Lap and Shoulder Belt Used"",""Lap and Shoulder Belt Used"",""Lap and Shoulder Belt Used""]","Clear",0,33.745393,-84.388183,"Atlanta","FULTON","[""Motor Vehicle in Motion"",""Motor Vehicle in Motion""]","Following Too Close","[""Motor Vehicle in Motion"",""Motor Vehicle in Motion""]"
0,0,"Atlanta Police Department","2022-05-19","Lambert Dr Ne and Piedmont Rd Ne","(O) No Injury","Daylight","On Roadway - Roadway Intersection","Sideswipe-Same Direction","Piedmont Rd Ne","Dry","09:15:00","[""Unknown"",""Unknown""]","Clear",0,33.811782,-84.366661,"Atlanta","FULTON","[""Motor Vehicle in Motion"",""Motor Vehicle in Motion""]",,"[""Motor Vehicle in Motion"",""Motor Vehicle in Motion""]"
0,0,"Atlanta Police Department","2022-05-19","Hopkins St Sw and Ralph David Abernathy Blvd Sw","(O) No Injury","Daylight","On Roadway - Non-Intersection","Angle Crash","Ralph David Abernathy Blvd Sw","Dry","15:09:00","[""Lap and Shoulder Belt Used"",""Lap and Shoulder Belt Used""]","Clear",0,33.738914,-84.4304,"Atlanta","FULTON","[""Motor Vehicle in Motion"",""Motor Vehicle in Motion""]","Failure to Yield","[""Motor Vehicle in Motion"",""Motor Vehicle in Motion""]"
0,0,"Gsp Post 00","2022-05-19","Hill St and I-20 Wb","(O) No Injury","Daylight","On Roadway - Non-Intersection","Rear End","I-20 Wb","Dry","14:38:00","[""Lap and Shoulder Belt Used"",""Lap and Shoulder Belt Used"",""Child Restraint System (Properly Used)""]","Clear",0,33.743497,-84.378655,"Atlanta","FULTON","[""Motor Vehicle in Motion"",""Motor Vehicle in Motion""]","Following Too Close","[""Motor Vehicle in Motion"",""Motor Vehicle in Motion""]"
0,0,"Atlanta Police Department","2022-05-19","Piedmont Rd Ne and Lakeshore Dr Ne","(O) No Injury","Daylight","On Roadway - Non-Intersection","Sideswipe-Same Direction","Piedmont Rd Ne","Dry","19:00:00","[""Lap and Shoulder Belt Used"",""Lap and Shoulder Belt Used""]","Clear",0,33.815879,-84.366624,"Atlanta","FULTON","[""Motor Vehicle in Motion"",""Motor Vehicle in Motion""]",,"[""Motor Vehicle in Motion"",""Motor Vehicle in Motion""]"
0,0,"Atlanta Police Department","2022-05-19","Lenox Rd Ne and Cheshire Bridge Rd Ne","(O) No Injury","Daylight","On Roadway - Non-Intersection","Head On","Cheshire Bridge Rd Ne","Dry","09:30:00","[""Unknown"",""Unknown""]","Clear",0,33.817044,-84.352144,"Atlanta","FULTON","[""Motor Vehicle in Motion"",""Motor Vehicle in Motion""]","Inattentive or Other Distraction (Distracted)","[""Motor Vehicle in Motion"",""Motor Vehicle in Motion""]"
0,1,"Atlanta Police Department","2022-05-19","Grant St Sw and Metropolitan Pkwy Sw","(B) Suspected Minor/Visible Injury","Daylight","On Roadway - Non-Intersection","Head On","Metropolitan Pkwy Sw","Dry","16:05:00","[""Unknown"",""Unknown"",""Unknown""]","Clear",0,33.701884,-84.408085,"Atlanta","FULTON","[""Motor Vehicle in Motion"",""Motor Vehicle in Motion""]","Failure to Yield","[""Motor Vehicle in Motion"",""Motor Vehicle in Motion""]"
0,0,"Atlanta Police Department","2022-05-19","Gun Club Dr Nw and Hollywood Rd Nw","(O) No Injury","Daylight","On Roadway - Roadway Intersection","Angle Crash","Hollywood Rd Nw","Dry","08:30:00","[""Unknown"",""Unknown""]","Clear",0,33.79405,-84.469415,"Atlanta","FULTON","[""Motor Vehicle in Motion"",""Motor Vehicle in Motion""]","Improper Turn","[""Motor Vehicle in Motion"",""Motor Vehicle in Motion""]"
0,0,"Atlanta Police Department","2022-05-19","None and Greenwood Ave Ne","(O) No Injury","Dark-Lighted","On Roadway - Non-Intersection","Rear End","Greenwood Ave Ne","Dry","11:30:00","Unknown","Clear",0,33.776701,-84.353637,"Atlanta","FULTON","[""Motor Vehicle in Motion"",""Parked Motor Vehicle""]","[""Aggressive Driving"",""Misjudged Clearance""]","[""Motor Vehicle in Motion"",""Parked Motor Vehicle""]"
0,0,"Atlanta Police Department","2022-05-19","Bonaventure Ave Ne and Ponce De Leon Ave Ne","(O) No Injury","Daylight","On Roadway - Roadway Intersection","Angle Crash","Bonaventure Ave Ne","Dry","13:30:00","[""Lap and Shoulder Belt Used"",""Lap and Shoulder Belt Used""]","Clear",0,33.773807,-84.360956,"Atlanta","FULTON","[""Motor Vehicle in Motion"",""Motor Vehicle in Motion""]","Failure to Yield","[""Motor Vehicle in Motion"",""Motor Vehicle in Motion""]"
0,0,"Atlanta Police Department","2022-05-19","None and I-285","(C) Possible Injury / Complaint","Dark-Lighted","On Roadway - Roadway Intersection","Sideswipe-Same Direction","I-285","Dry","21:00:00","[""Lap and Shoulder Belt Used"",""Lap and Shoulder Belt Used""]","Clear",0,33.652814,-84.367867,"Atlanta","FULTON","[""Motor Vehicle in Motion"",""Motor Vehicle in Motion""]","Driver Lost Control","[""Motor Vehicle in Motion"",""Motor Vehicle in Motion""]"
0,0,"Atlanta Police Department","2022-05-19","Morosgo Dr Ne and Piedmont Rd Ne","(O) No Injury","Daylight","On Roadway - Roadway Intersection","Angle Crash","Piedmont Rd Ne","Dry","18:30:00","[""Lap and Shoulder Belt Used"",""Lap and Shoulder Belt Used"",""Lap and Shoulder Belt Used""]","Clear",0,33.823583,-84.36727,"Atlanta","FULTON","[""Motor Vehicle in Motion"",""Motor Vehicle in Motion""]","[""Failure to Yield"",""Disregard Other Traffic Control""]","[""Motor Vehicle in Motion"",""Motor Vehicle in Motion""]"
0,0,"Gsp Post 00","2022-05-19","Ga400Nb and Sidney Marcus Blvd","(O) No Injury","Daylight","On Roadway - Non-Intersection","Sideswipe-Same Direction","Ga400Nb","Dry","19:25:00","[""Lap and Shoulder Belt Used"",""Lap and Shoulder Belt Used""]","Clear",0,33.839641,-84.359519,"Atlanta","FULTON","[""Motor Vehicle in Motion"",""Motor Vehicle in Motion""]","Changed Lanes Improperly","[""Motor Vehicle in Motion"",""Motor Vehicle in Motion""]"
0,1,"Atlanta Police Department","2022-05-19","None and Arden Rd Nw","(B) Suspected Minor/Visible Injury","Daylight","On Roadway - Non-Intersection","Head On","Arden Rd Nw","Dry","15:55:00","[""Lap and Shoulder Belt Used"",""Lap and Shoulder Belt Used"",""Lap and Shoulder Belt Used""]","Clear",0,33.834836,-84.407594,"Atlanta","FULTON","[""Motor Vehicle in Motion"",""Motor Vehicle in Motion""]",,"[""Motor Vehicle in Motion"",""Motor Vehicle in Motion""]"
0,0,"Atlanta Police Department","2022-05-19","16Th St Nw and Spring St Nw","(O) No Injury","Daylight","On Roadway - Roadway Intersection","Rear End","Spring St Nw","Dry","17:15:00","[""Lap and Shoulder Belt Used"",""Lap and Shoulder Belt Used""]","Clear",0,33.789706,-84.389308,"Atlanta","FULTON","[""Motor Vehicle in Motion"",""Motor Vehicle in Motion""]","Following Too Close","[""Motor Vehicle in Motion"",""Motor Vehicle in Motion""]"
0,0,"Atlanta Police Department","2022-05-19","Wynnwood Dr Sw and Martin Luther King Jr Dr Sw","(O) No Injury","Daylight","On Roadway - Roadway Intersection","Sideswipe-Same Direction","Wynnwood Dr Sw","Dry","16:00:00","[""Unknown"",""Unknown""]","Clear",0,33.750642,-84.458406,"Atlanta","FULTON","[""Motor Vehicle in Motion"",""Motor Vehicle in Motion""]","Changed Lanes Improperly","[""Motor Vehicle in Motion"",""Motor Vehicle in Motion""]"
0,0,"Gsp Post 00","2022-05-19","Sr-400 and I-85 South","(O) No Injury","Daylight","On Roadway - Non-Intersection","Rear End","I-85 South","Dry","11:40:00","[""Lap and Shoulder Belt Used"",""Lap and Shoulder Belt Used""]","Clear",0,33.817264,-84.36278,"Atlanta","FULTON","[""Motor Vehicle in Motion"",""Motor Vehicle in Motion""]","Following Too Close","[""Motor Vehicle in Motion"",""Motor Vehicle in Motion""]"