"# Serious Injuries","# Visible Injuries","Agency Name (Crash Level) ","Date","Intersection Name (from Crash Report)","KABCO Severity","Light Conditions (Crash Level)","Location at Impact (Crash Level) ","Manner of Collision (Crash Level) ","Roadway (From Crash Report)","Surface Condition (Crash Level) ","Time","Safety Equipment (Crash Level) ","Weather Conditions (Crash Level)","# of Fatalities per Crash","Latitude","Longitude","Geolocated City","Geolocated County","First Harmful Event (Unit Order)","Operator/Pedestrian Contrib Factor (excl None, Other, No Contrib Factors)","Most Harmful Event (Crash Level)"
0,0,"Atlanta Police Department","2022-05-27","Krog St Ne and Dekalb Ave Ne","(O) No Injury","Dawn","On Roadway - Driveway Intersection","Rear End","Krog St Ne","Dry","20:15:00","[""None Used"",""None Used""]","Clear",0,33.753491,-84.363868,"Atlanta","FULTON","[""Motor Vehicle in Motion"",""Motor Vehicle in Motion""]",,"[""Motor Vehicle in Motion"",""Motor Vehicle in Motion""]"
0,0,"Atlanta Police Department","2022-05-27","Deckner Ave Sw and Metropolitan Pkwy Sw","(O) No Injury","Daylight","On Roadway - Roadway Intersection","Rear End","Deckner Ave Sw","Dry","15:30:00","[""Unknown"",""Unknown""]","Clear",0,33.714288,-84.40792,"Atlanta","FULTON","[""Motor Vehicle in Motion"",""Motor Vehicle in Motion""]","Following Too Close","[""Motor Vehicle in Motion"",""Motor Vehicle in Motion""]"
0,0,"Atlanta Police Department","2022-05-27","Terrace Dr Ne and Peachtree Rd Ne","(O) No Injury","Daylight","On Roadway - Roadway Intersection","Angle Crash","Peachtree Rd Ne","Dry","16:30:00","[""Lap and Shoulder Belt Used"",""Lap and Shoulder Belt Used""]","Clear",0,33.821168,-84.388038,"Atlanta","FULTON","[""Motor Vehicle in Motion"",""Motor Vehicle in Motion""]","Failure to Yield","[""Motor Vehicle in Motion"",""Motor Vehicle in Motion""]"
0,0,"Atlanta Police Department","2022-05-27","Springdale Rd Ne and Ponce De Leon Ave Ne","(C) Possible Injury / Complaint","Daylight","On Roadway - Non-Intersection","Rear End","Ponce De Leon Ave Ne","Dry","15:19:00","[""Lap and Shoulder Belt Used"",""Lap and Shoulder Belt Used""]","Clear",0,33.774738,-84.344689,"Atlanta","DEKALB","[""Motor Vehicle in Motion"",""Parked Motor Vehicle""]","Following Too Close","[""Motor Vehicle in Motion"",""Motor Vehicle in Motion""]"
1,0,"Atlanta Police Department","2022-05-27","N Elizabeth Pl Nw and Donald Lee Hollowell Pkwy Nw","(A) Suspected Serious Injury","Daylight","On Roadway - Roadway Intersection","Head On","Donald Lee Hollowell Pkwy Nw","Dry","19:30:00","[""Unknown"",""Lap and Shoulder Belt Used""]","Clear",0,33.774885,-84.447395,"Atlanta","FULTON","[""Motor Vehicle in Motion"",""Motor Vehicle in Motion""]",,"[""Motor Vehicle in Motion"",""Motor Vehicle in Motion""]"
0,0,"Atlanta Police Department","2022-05-27","Candler Rd Se and Memorial Dr Se","(O) No Injury","Daylight","On Roadway - Roadway Intersection","Rear End","Memorial Dr Se","Dry","17:00:00","[""Lap and Shoulder Belt Used"",""Lap and Shoulder Belt Used"",""Lap and Shoulder Belt Used""]","Cloudy",0,33.747233,-84.292117,"Atlanta","DEKALB","[""Motor Vehicle in Motion"",""Motor Vehicle in Motion"",""Motor Vehicle in Motion""]","Following Too Close","[""Motor Vehicle in Motion"",""Motor Vehicle in Motion"",""Motor Vehicle in Motion""]"
0,0,"Gsp Post 00","2022-05-27","Wayne Ave North and Courtenay Drive West","(O) No Injury","Daylight","On Roadway - Roadway Intersection","Angle Crash","Courtenay Drive West","Dry","11:19:00","[""Lap and Shoulder Belt Used"",""Lap and Shoulder Belt Used""]","Clear",0,33.789992,-84.359845,"Atlanta","FULTON","[""Motor Vehicle in Motion"",""Motor Vehicle in Motion""]",,"[""Motor Vehicle in Motion"",""Motor Vehicle in Motion""]"
0,0,"Atlanta Police Department","2022-05-27","St Johns Ave Sw and Metropolitan Pkwy Sw","(C) Possible Injury / Complaint","Daylight","On Roadway - Roadway Intersection","Angle Crash","Metropolitan Pkwy Sw","Dry","20:35:00","[""Unknown"",""Unknown""]","Clear",0,33.700065,-84.408091,"Atlanta","FULTON","[""Motor Vehicle in Motion"",""Motor Vehicle in Motion""]",,"[""Motor Vehicle in Motion"",""Motor Vehicle in Motion""]"
0,0,"Atlanta Police Department","2022-05-27","Maple Pl Nw and Spencer St Nw","(O) No Injury","Daylight","On Roadway - Non-Intersection","Angle Crash","Spencer St Nw","Dry","05:03:00",,"Clear",0,33.760052,-84.404726,"Atlanta","FULTON","[""Motor Vehicle in Motion"",""Parked Motor Vehicle""]","Improper Backing","[""Motor Vehicle in Motion"",""Parked Motor Vehicle""]"
0,0,"Gsp Post 00","2022-05-27","Greenwich Street and Atwood Street Greenwich Stree","(O) No Injury","Daylight","On Roadway - Roadway Intersection","Angle Crash","Atwood Street Greenwich Stree","Dry","11:43:00","[""None Used"",""Lap and Shoulder Belt Used""]","Clear",0,33.743981,-84.428802,"Atlanta","FULTON","[""Motor Vehicle in Motion"",""Motor Vehicle in Motion""]","Disregard Police - Evasion","[""Motor Vehicle in Motion"",""Motor Vehicle in Motion""]"
0,0,"Atlanta Police Department","2022-05-27","Wildwood Rd Ne and Windemere Dr Ne","(O) No Injury","Daylight","On Shoulder","Rear End","Windemere Dr Ne","Dry","08:30:00","Unknown","Clear",0,33.804409,-84.364473,"Atlanta","FULTON","[""Parked Motor Vehicle"",""Motor Vehicle in Motion""]","Driver Lost Control","[""Motor Vehicle in Motion"",""Motor Vehicle in Motion""]"
0,0,"Atlanta Police Department","2022-05-27","14Th St Ne and Piedmont Ave Ne","(O) No Injury","Daylight","On Roadway - Roadway Intersection","Angle Crash","Piedmont Ave Ne","Dry","13:20:00","[""Lap and Shoulder Belt Used"",""Lap and Shoulder Belt Used""]","Clear",0,33.786464,-84.378137,"Atlanta","FULTON","[""Motor Vehicle in Motion"",""Motor Vehicle in Motion""]","Misjudged Clearance","[""Motor Vehicle in Motion"",""Motor Vehicle in Motion""]"
0,0,"Atlanta Police Department","2022-05-27","Walker St Sw and Peters St Sw","(O) No Injury","Daylight","On Roadway - Roadway Intersection","Rear End","Peters St Sw","Dry","08:00:00","[""Unknown"",""Unknown""]","Cloudy",0,33.745829,-84.403558,"Atlanta","FULTON","[""Motor Vehicle in Motion"",""Motor Vehicle in Motion""]","Following Too Close","[""Motor Vehicle in Motion"",""Motor Vehicle in Motion""]"
0,1,"Atlanta Police Department","2022-05-27","Atlanta Ave Se and Hank Aaron Dr Se","(B) Suspected Minor/Visible Injury","Dark-Not Lighted","On Roadway - Roadway Intersection","Angle Crash","Hank Aaron Dr Se","Dry","04:50:00","[""Unknown"",""Unknown"",""Unknown""]","Clear",0,33.730406,-84.387936,"Atlanta","FULTON","[""Motor Vehicle in Motion"",""Motor Vehicle in Motion""]","Failure to Yield","[""Motor Vehicle in Motion"",""Motor Vehicle in Motion""]"
0,0,"Atlanta Police Department","2022-05-27","12Th St Ne and W Peachtree St Nw","(O) No Injury","Daylight","On Roadway - Roadway Intersection","Sideswipe-Same Direction","W Peachtree St Nw","Dry","15:40:00","[""Unknown"",""Unknown""]","Clear",0,33.784693,-84.387823,"Atlanta","FULTON","[""Motor Vehicle in Motion"",""Motor Vehicle in Motion""]","Changed Lanes Improperly","[""Motor Vehicle in Motion"",""Motor Vehicle in Motion""]"
0,0,"Gsp Post 00","2022-05-27","Fair Drive and I-7585 Northbound","(O) No Injury","Daylight","On Roadway - Non-Intersection","Rear End","I-7585 Northbound","Dry","13:40:00","[""Lap and Shoulder Belt Used"",""Lap and Shoulder Belt Used""]","Cloudy",0,33.707019,-84.403106,"Atlanta","FULTON","[""Motor Vehicle in Motion"",""Motor Vehicle in Motion""]","Changed Lanes Improperly","[""Motor Vehicle in Motion"",""Motor Vehicle in Motion""]"
0,0,"Gsp Post 00","2022-05-27","I-75Sb and Northside Dr","(O) No Injury","Daylight","On Roadway - Non-Intersection","Sideswipe-Same Direction","I-75Sb","Dry","11:20:00","[""Lap and Shoulder Belt Used"",""Lap and Shoulder Belt Used"",""Lap and Shoulder Belt Used"",""Lap and Shoulder Belt Used""]","Cloudy",0,33.801501,-84.403479,"Atlanta","FULTON","[""Motor Vehicle in Motion"",""Motor Vehicle in Motion"",""Motor Vehicle in Motion"",""Motor Vehicle in Motion""]","Following Too Close","[""Motor Vehicle in Motion"",""Motor Vehicle in Motion"",""Motor Vehicle in Motion"",""Motor Vehicle in Motion""]"
0,0,"Dekalb Co Police Department","2022-05-27","Eastland Rd and Moreland Ave","(C) Possible Injury / Complaint","Daylight","On Roadway - Driveway Intersection","Angle Crash","Moreland Ave","Dry","15:45:00","[""Unknown"",""Unknown"",""Unknown""]","Clear",0,33.719807,-84.349493,"Atlanta","FULTON","[""Motor Vehicle in Motion"",""Motor Vehicle in Motion""]","Improper Turn","[""Motor Vehicle in Motion"",""Motor Vehicle in Motion""]"
0,0,"Gsp Post 00","2022-05-27","Northside Dr and Entrance Ramp To I-75 North","(O) No Injury","Daylight","On Roadway - Non-Intersection","Rear End","Northside Dr","Dry","13:02:00","[""Lap and Shoulder Belt Used"",""Lap and Shoulder Belt Used""]","Clear",0,33.803541,-84.406541,"Atlanta","FULTON","[""Motor Vehicle in Motion"",""Motor Vehicle in Motion""]","Following Too Close","[""Motor Vehicle in Motion"",""Motor Vehicle in Motion""]"
0,0,"Atlanta Police Department","2022-05-27","University Ave Sw and Metropolitan Pkwy Sw","(O) No Injury","Daylight","Off Roadway","Not a Collision with Motor Vehicle","Metropolitan Pkwy Sw","Dry","15:00:00","Unknown","Clear",0,33.722171,-84.407868,"Atlanta","FULTON","Curb","Misjudged Clearance","Curb"
0,0,"Atlanta Police Department","2022-05-27","Springdale Rd and Cleveland Ave Sw","(O) No Injury","Daylight","On Roadway - Roadway Intersection","Angle Crash","Springdale Rd","Dry","15:01:00","[""Unknown"",""Unknown"",""Unknown""]","Clear",0,33.681389,-84.415144,"Atlanta","FULTON","[""Motor Vehicle in Motion"",""Motor Vehicle in Motion""]","Failure to Yield","[""Motor Vehicle in Motion"",""Motor Vehicle in Motion""]"
0,0,"Atlanta Police Department","2022-05-27","Stratford Rd Ne and Peachtree Rd Ne","(O) No Injury","Dark-Lighted","On Roadway - Non-Intersection","Angle Crash","Peachtree Rd Ne","Dry","20:30:00","[""Unknown"",""Unknown""]","Clear",0,33.848573,-84.366404,"Atlanta","FULTON","[""Motor Vehicle in Motion"",""Motor Vehicle in Motion""]","Changed Lanes Improperly","[""Motor Vehicle in Motion"",""Motor Vehicle in Motion""]"
0,0,"Gsp Post 00","2022-05-27","I-7585 North and University Avenue","(C) Possible Injury / Complaint","Daylight","On Roadway - Non-Intersection","Rear End","I-7585 North","Dry","19:20:00","[""Lap and Shoulder Belt Used"",""Lap and Shoulder Belt Used""]","Cloudy",0,33.730836,-84.392178,"Atlanta","FULTON","[""Motor Vehicle in Motion"",""Motor Vehicle in Motion""]","Following Too Close","[""Motor Vehicle in Motion"",""Motor Vehicle in Motion""]"
0,0,"Atlanta Police Department","2022-05-27","Bolton Rd Nw and Marietta Rd Nw","(O) No Injury","Dark-Lighted","On Roadway - Non-Intersection","Rear End","Bolton Rd Nw","Dry","00:00:00","[""Unknown"",""Unknown""]","Cloudy",0,33.819021,-84.462238,"Atlanta","FULTON","[""Motor Vehicle in Motion"",""Parked Motor Vehicle""]","Aggressive Driving","[""Motor Vehicle in Motion"",""Parked Motor Vehicle""]"
0,0,"Atlanta Police Department","2022-05-27","Westview Dr Sw and Joseph E Lowery Blvd Sw","(O) No Injury","Daylight","Off Roadway - Sidewalk","Not a Collision with Motor Vehicle","Westview Dr Sw","Dry","09:30:00","Unknown","Clear",0,33.746604,-84.417568,"Atlanta","FULTON","Other Non-Collision","Misjudged Clearance","Other - Fixed Object"
0,0,"Gsp Post 00","2022-05-27","I-75Nb and North Ave","(C) Possible Injury / Complaint","Daylight","On Roadway - Non-Intersection","Sideswipe-Same Direction","I-75Nb","Dry","07:50:00","[""Lap and Shoulder Belt Used"",""Lap and Shoulder Belt Used"",""None Used""]","Clear",0,33.771024,-84.390074,"Atlanta","FULTON","[""Motor Vehicle in Motion"",""Motor Vehicle in Motion"",""Motor Vehicle in Motion""]","Changed Lanes Improperly","[""Motor Vehicle in Motion"",""Parked Motor Vehicle"",""Motor Vehicle in Motion""]"
0,0,"Atlanta Police Department","2022-05-27","None and Howell Mill Rd Nw","(C) Possible Injury / Complaint","Daylight","On Roadway - Non-Intersection","Angle Crash","Howell Mill Rd Nw","Dry","15:39:00","[""Lap and Shoulder Belt Used"",""Lap and Shoulder Belt Used""]","Clear",0,33.804076,-84.413781,"Atlanta","FULTON","[""Motor Vehicle in Motion"",""Motor Vehicle in Motion""]","Improper Turn","[""Motor Vehicle in Motion"",""Motor Vehicle in Motion""]"
0,0,"Atlanta Police Department","2022-05-27","Collier Rd Nw and Chattahoochee Ave Nw","(O) No Injury","Daylight","On Roadway - Roadway Intersection","Angle Crash","Chattahoochee Ave Nw","Dry","10:54:00","[""Lap and Shoulder Belt Used"",""Child Restraint System (Properly Used)"",""Lap and Shoulder Belt Used""]","Clear",0,33.808405,-84.435659,"Atlanta","FULTON","[""Motor Vehicle in Motion"",""Motor Vehicle in Motion""]","Changed Lanes Improperly","[""Motor Vehicle in Motion"",""Motor Vehicle in Motion""]"
0,0,"Atlanta Police Department","2022-05-27","Lenox Rd Ne and Peachtree Rd Ne","(O) No Injury","Dark-Lighted","On Roadway - Roadway Intersection","Angle Crash","Lenox Rd Ne","Dry","00:54:00","[""Lap and Shoulder Belt Used"",""Lap and Shoulder Belt Used"",""Lap and Shoulder Belt Used""]","Clear",0,33.850282,-84.361729,"Atlanta","FULTON","[""Motor Vehicle in Motion"",""Motor Vehicle in Motion""]","[""Improper Turn"",""Changed Lanes Improperly""]","[""Motor Vehicle in Motion"",""Motor Vehicle in Motion""]"
0,0,"Atlanta Police Department","2022-05-27","Beverly Pl Nw and S Elizabeth Pl Nw","(O) No Injury","Dusk","On Roadway - Non-Intersection","Sideswipe-Opposite Direction","S Elizabeth Pl Nw","Dry","20:07:00",,"Clear",0,33.773253,-84.447763,"Atlanta","FULTON","[""Motor Vehicle in Motion"",""Motor Vehicle in Motion""]","Reckless Driving","Motor Vehicle in Motion"
0,0,"Atlanta Police Department","2022-05-27","None and I-75","(O) No Injury","Dark-Lighted","On Roadway - Non-Intersection","Rear End","I-75","Dry","23:45:00","[""Unknown"",""Unknown""]","Clear",0,33.76586,-84.386589,"Atlanta","FULTON","[""Motor Vehicle in Motion"",""Motor Vehicle in Motion""]","Following Too Close","[""Motor Vehicle in Motion"",""Motor Vehicle in Motion""]"
0,0,"Atlanta Police Department","2022-05-27","Jesse Hill Jr Dr Se and Martin Luther King Jr Dr Se","(O) No Injury","Daylight","On Roadway - Non-Intersection","Rear End","Jesse Hill Jr Dr Se","Dry","15:30:00","Unknown","Clear",0,33.748578,-84.386106,"Atlanta","FULTON","[""Motor Vehicle in Motion"",""Motor Vehicle in Motion""]","[""Aggressive Driving"",""Following Too Close""]","[""Motor Vehicle in Motion"",""Motor Vehicle in Motion""]"
0,0,"Atlanta Police Department","2022-05-27","Monroe Dr Ne and Amsterdam Ave Ne","(C) Possible Injury / Complaint","Daylight","On Roadway - Roadway Intersection","Angle Crash","Monroe Dr Ne","Dry","09:40:00","[""Lap and Shoulder Belt Used"",""Lap and Shoulder Belt Used"",""Lap and Shoulder Belt Used""]","Clear",0,33.788194,-84.367238,"Atlanta","FULTON","[""Motor Vehicle in Motion"",""Motor Vehicle in Motion""]","Failure to Yield","[""Motor Vehicle in Motion"",""Motor Vehicle in Motion""]"
0,0,"Atlanta Police Department","2022-05-27","17Th St Nw and State St Nw","(O) No Injury","Dark-Lighted","On Roadway - Managed Lane (HOV, HOT, Reversible)","Rear End","17Th St Nw","Wet","00:20:00","[""None Used"",""Lap and Shoulder Belt Used"",""Lap and Shoulder Belt Used""]","Rain",0,33.791296,-84.398436,"Atlanta","FULTON","[""Motor Vehicle in Motion"",""Motor Vehicle in Motion""]","[""Driver Condition"",""Following Too Close"",""Under the Influence (U.I.)""]","[""Motor Vehicle in Motion"",""Motor Vehicle in Motion""]"
0,0,"Atlanta Police Department","2022-05-27","Roswell Rd Ne and Powers Ferry Rd Nw","(O) No Injury","Daylight","On Roadway - Roadway Intersection","Rear End","Roswell Rd Ne","Dry","14:03:00","[""Unknown"",""Unknown""]","Clear",0,33.855999,-84.382618,"Atlanta","FULTON","[""Motor Vehicle in Motion"",""Motor Vehicle in Motion""]","Following Too Close","[""Motor Vehicle in Motion"",""Motor Vehicle in Motion""]"
0,0,"Atlanta Police Department","2022-05-27","Clifton Rd Ne and Mclendon Ave Ne","(O) No Injury","Daylight","On Roadway - Driveway Intersection","Angle Crash","Clifton Rd Ne","Dry","12:30:00","[""Lap and Shoulder Belt Used"",""Lap and Shoulder Belt Used""]","Clear",0,33.765152,-84.332999,"Atlanta","DEKALB","[""Motor Vehicle in Motion"",""Motor Vehicle in Motion""]","Failure to Yield","[""Motor Vehicle in Motion"",""Motor Vehicle in Motion""]"
0,0,"Atlanta Police Department","2022-05-27","None and Exit 56B Rp","(O) No Injury","Dark-Not Lighted","On Roadway - Non-Intersection","Sideswipe-Same Direction","Exit 56B Rp","Dry","22:30:00","[""Unknown"",""Unknown""]","Clear",0,33.744437,-84.387634,"Atlanta","FULTON","[""Motor Vehicle in Motion"",""Motor Vehicle in Motion""]","Changed Lanes Improperly","Motor Vehicle in Motion"
0,0,"Atlanta Police Department","2022-05-27","Burke Rd Ne and Piedmont Rd Ne","(O) No Injury","Dark-Lighted","On Roadway - Roadway Intersection","Rear End","Piedmont Rd Ne","Wet","01:22:00","[""Lap and Shoulder Belt Used"",""Lap and Shoulder Belt Used""]","Rain",0,33.836181,-84.368008,"Atlanta","FULTON","[""Motor Vehicle in Motion"",""Motor Vehicle in Motion""]","[""Aggressive Driving"",""Exceeding Speed Limit""]","[""Motor Vehicle in Motion"",""Motor Vehicle in Motion""]"
0,0,"Gsp Post 00","2022-05-27","Lenox Rd and Ga-400 S","(O) No Injury","Daylight","On Roadway - Non-Intersection","Sideswipe-Same Direction","Ga-400 S","Dry","15:00:00","[""Lap and Shoulder Belt Used"",""Lap and Shoulder Belt Used"",""Lap and Shoulder Belt Used"",""Child Restraint System (Properly Used)"",""Lap and Shoulder Belt Used"",""Lap and Shoulder Belt Used""]","Clear",0,33.834577,-84.359638,"Atlanta","FULTON","[""Motor Vehicle in Motion"",""Motor Vehicle in Motion""]",,"[""Motor Vehicle in Motion"",""Motor Vehicle in Motion""]"
0,0,"Atlanta Police Department","2022-05-27","Wylie St Se and Moreland Ave Se","(O) No Injury","Daylight","On Roadway - Non-Intersection","Sideswipe-Same Direction","Moreland Ave Se","Dry","13:00:00","[""Unknown"",""Lap and Shoulder Belt Used""]","Clear",0,33.75249,-84.349223,"Atlanta","FULTON","[""Motor Vehicle in Motion"",""Motor Vehicle in Motion""]","Changed Lanes Improperly","[""Motor Vehicle in Motion"",""Motor Vehicle in Motion""]"
0,0,"Atlanta Police Department","2022-05-27","Pollard Blvd Sw and Ralph David Abernathy Blvd Sw","(O) No Injury","Daylight","On Roadway - Non-Intersection","Sideswipe-Same Direction","Pollard Blvd Sw","Dry","12:00:00","[""Lap and Shoulder Belt Used"",""Lap and Shoulder Belt Used""]","Clear",0,33.736029,-84.390881,"Atlanta","FULTON","[""Motor Vehicle in Motion"",""Motor Vehicle in Motion""]","Changed Lanes Improperly","[""Motor Vehicle in Motion"",""Motor Vehicle in Motion""]"
0,0,"Atlanta Police Department","2022-05-27","Jones Ave Nw and Northside Dr Nw","(O) No Injury","Daylight","On Roadway - Non-Intersection","Sideswipe-Same Direction","Jones Ave Nw","Dry","13:54:00","[""Unknown"",""Unknown"",""Unknown""]","Clear",0,33.764274,-84.403452,"Atlanta","FULTON","[""Motor Vehicle in Motion"",""Motor Vehicle in Motion""]","Changed Lanes Improperly","[""Motor Vehicle in Motion"",""Motor Vehicle in Motion""]"
0,0,"Atlanta Police Department","2022-05-27","Lenox Rd Ne and Alliance Center Dr","(O) No Injury","Daylight","On Roadway - Roadway Intersection","Sideswipe-Same Direction","Lenox Rd Ne","Dry","09:15:00","[""Unknown"",""Unknown""]","Clear",0,33.85265,-84.365324,"Atlanta","FULTON","[""Motor Vehicle in Motion"",""Motor Vehicle in Motion""]",,"[""Motor Vehicle in Motion"",""Motor Vehicle in Motion""]"
0,0,"Atlanta Police Department","2022-05-27","Linden Ave Ne and Courtland St Ne","(O) No Injury","Dark-Lighted","On Roadway - Roadway Intersection","Sideswipe-Same Direction","Courtland St Ne","Dry","22:00:00","[""Unknown"",""Unknown""]","Clear",0,33.769833,-84.384071,"Atlanta","FULTON","[""Motor Vehicle in Motion"",""Motor Vehicle in Motion""]","Failure to Yield","[""Motor Vehicle in Motion"",""Motor Vehicle in Motion""]"
0,0,"Gsp Post 00","2022-05-27","I-285 Southbound and Hollowell Parkway","(O) No Injury","Daylight","On Roadway - Non-Intersection","Rear End","I-285 Southbound","Dry","13:03:00","[""Lap and Shoulder Belt Used"",""Lap and Shoulder Belt Used""]","Clear",0,33.800043,-84.488887,"Atlanta","FULTON","[""Motor Vehicle in Motion"",""Motor Vehicle in Motion""]","Following Too Close","[""Motor Vehicle in Motion"",""Motor Vehicle in Motion""]"
0,1,"Atlanta Police Department","2022-05-27","Dill Ave Sw and Sylvan Rd Sw","(B) Suspected Minor/Visible Injury","Daylight","On Roadway - Roadway Intersection","Angle Crash","Sylvan Rd Sw","Dry","17:54:00","[""Unknown"",""Unknown"",""Unknown""]","Clear",0,33.718294,-84.418086,"Atlanta","FULTON","[""Motor Vehicle in Motion"",""Motor Vehicle in Motion""]","[""Disregard Stop Sign/Signal"",""Disregard Stop Sign/Signal""]","[""Motor Vehicle in Motion"",""Motor Vehicle in Motion""]"
0,0,"Atlanta Police Department","2022-05-27","Largo Ln Sw and Tampa Trl Sw","(C) Possible Injury / Complaint","Dark-Not Lighted","Off Roadway","Not a Collision with Motor Vehicle","Tampa Trl Sw","Wet","01:03:00","[""Shoulder Belt Only Used"",""Lap and Shoulder Belt Used"",""Lap and Shoulder Belt Used"",""Lap and Shoulder Belt Used""]","Other",0,33.679346,-84.507075,"Atlanta","FULTON","Other Non-Collision","[""Driver Condition"",""Driver Lost Control""]","Utility Pole"
0,0,"Gsp Post 00","2022-05-27","I-20 Wb and Bill Kennedy Way Overpass","(O) No Injury","Daylight","On Roadway - Non-Intersection","Sideswipe-Same Direction","I-20 Wb","Dry","09:55:00","[""Lap and Shoulder Belt Used"",""Lap and Shoulder Belt Used""]","Cloudy",0,33.743663,-84.360258,"Atlanta","FULTON","[""Motor Vehicle in Motion"",""Motor Vehicle in Motion""]","Changed Lanes Improperly","[""Motor Vehicle in Motion"",""Motor Vehicle in Motion""]"
0,0,"Atlanta Police Department","2022-05-27","N Eugenia Pl Nw and Donald Lee Hollowell Pkwy Nw","(O) No Injury","Dusk","On Roadway - Driveway Intersection","Rear End","N Eugenia Pl Nw","Dry","20:48:00","[""Lap and Shoulder Belt Used"",""Lap and Shoulder Belt Used""]","Clear",0,33.777248,-84.453092,"Atlanta","FULTON","[""Motor Vehicle in Motion"",""Motor Vehicle in Motion""]","Improper Backing","[""Motor Vehicle in Motion"",""Motor Vehicle in Motion""]"
0,0,"Atlanta Police Department","2022-05-27","Peachtree Rd Ne and Colonial Homes Dr Nw","(O) No Injury","Dark-Lighted","On Roadway - Roadway Intersection","Angle Crash","Colonial Homes Dr Nw","Dry","03:00:00","[""Unknown"",""Unknown"",""Unknown""]","Cloudy",0,33.813714,-84.392291,"Atlanta","FULTON","[""Motor Vehicle in Motion"",""Motor Vehicle in Motion""]","Failure to Yield","[""Motor Vehicle in Motion"",""Motor Vehicle in Motion""]"
0,0,"Atlanta Police Department","2022-05-27","None and Langston Dr Sw Rp","(O) No Injury","Dark-Lighted","Entrance/Exit Ramp","Rear End","Langston Dr Sw Rp","Wet","03:00:00","[""Unknown"",""Unknown"",""Unknown""]","Cloudy",0,33.695409,-84.406518,"Atlanta","FULTON","[""Motor Vehicle in Motion"",""Motor Vehicle in Motion""]","Changed Lanes Improperly","[""Motor Vehicle in Motion"",""Motor Vehicle in Motion""]"
0,0,"Atlanta Police Department","2022-05-27","Cleveland Ave Sw and Old Hapeville Rd Sw","(O) No Injury","Daylight","On Roadway - Roadway Intersection","Rear End","Cleveland Ave Sw","Dry","11:00:00","[""Unknown"",""Unknown""]","Clear",0,33.681121,-84.394971,"Atlanta","FULTON","[""Motor Vehicle in Motion"",""Motor Vehicle in Motion""]","Following Too Close","[""Motor Vehicle in Motion"",""Motor Vehicle in Motion""]"
0,0,"Atlanta Police Department","2022-05-27","Greenbriar Pkwy Sw and Continental Colony Pkwy Sw","(O) No Injury","Dark-Lighted","On Roadway - Roadway Intersection","Angle Crash","Greenbriar Pkwy Sw","Wet","03:00:00","[""Unknown"",""Unknown""]","Clear",0,33.686399,-84.491245,"Atlanta","FULTON","[""Motor Vehicle in Motion"",""Motor Vehicle in Motion""]","Improper Turn","[""Motor Vehicle in Motion"",""Motor Vehicle in Motion""]"
0,0,"Atlanta Police Department","2022-05-27","Ivan Allen Jr Blvd Nw and Centennial Olympic Park Dr Nw","(O) No Injury","Daylight","On Roadway - Roadway Intersection","Sideswipe-Opposite Direction","Centennial Olympic Park Dr Nw","Dry","18:00:00","[""Unknown"",""Unknown""]","Other",0,33.764642,-84.391926,"Atlanta","FULTON","[""Motor Vehicle in Motion"",""Motor Vehicle in Motion""]","[""Vision Obscured"",""Vision Obscured""]","[""Other Non-Collision"",""Motor Vehicle in Motion""]"
0,0,"Gsp Post 00","2022-05-27","I-85 Northbound and Metropolitan Parkway","(C) Possible Injury / Complaint","Daylight","On Roadway - Non-Intersection","Rear End","I-85 Northbound","Dry","19:12:00","[""Lap and Shoulder Belt Used"",""Lap and Shoulder Belt Used"",""Lap and Shoulder Belt Used"",""Lap and Shoulder Belt Used""]","Clear",0,33.684487,-84.406583,"Atlanta","FULTON","[""Motor Vehicle in Motion"",""Motor Vehicle in Motion"",""Motor Vehicle in Motion""]",,"[""Motor Vehicle in Motion"",""Motor Vehicle in Motion"",""Motor Vehicle in Motion""]"
0,0,"Gsp Post 00","2022-05-27","I-7585 North and Langford Parkway","(O) No Injury","Daylight","On Roadway - Non-Intersection","Angle Crash","I-7585 North","Dry","14:00:00","[""Unknown"",""Unknown"",""Lap and Shoulder Belt Used""]","Cloudy",0,33.699844,-84.40407,"Atlanta","FULTON","[""Motor Vehicle in Motion"",""Motor Vehicle in Motion""]","Changed Lanes Improperly","[""Motor Vehicle in Motion"",""Motor Vehicle in Motion""]"
0,0,"Fulton Co Sheriff's Office","2022-05-27","Alice St Sw and Central Ave Sw","(O) No Injury","Daylight","On Roadway - Roadway Intersection","Sideswipe-Same Direction","Central Ave Sw","Dry","16:00:00","[""Lap and Shoulder Belt Used"",""Lap and Shoulder Belt Used""]","Clear",0,33.742484,-84.393394,"Atlanta","FULTON","[""Motor Vehicle in Motion"",""Motor Vehicle in Motion""]","[""Improper Turn"",""Misjudged Clearance""]","[""Motor Vehicle in Motion"",""Motor Vehicle in Motion""]"
0,0,"Gsp Post 00","2022-05-27","I-20 W and I-75 N","(O) No Injury","Daylight","On Roadway - Non-Intersection","Rear End","I-75 N","Dry","09:02:00","[""Lap and Shoulder Belt Used"",""Lap and Shoulder Belt Used""]","Clear",0,33.741175,-84.391182,"Atlanta","FULTON","[""Motor Vehicle in Motion"",""Motor Vehicle in Motion""]","Following Too Close","[""Motor Vehicle in Motion"",""Motor Vehicle in Motion""]"