"# Serious Injuries","# Visible Injuries","Agency Name (Crash Level) ","Date","Intersection Name (from Crash Report)","KABCO Severity","Light Conditions (Crash Level)","Location at Impact (Crash Level) ","Manner of Collision (Crash Level) ","Roadway (From Crash Report)","Surface Condition (Crash Level) ","Time","Safety Equipment (Crash Level) ","Weather Conditions (Crash Level)","# of Fatalities per Crash","Latitude","Longitude","Geolocated City","Geolocated County","First Harmful Event (Unit Order)","Operator/Pedestrian Contrib Factor (excl None, Other, No Contrib Factors)","Most Harmful Event (Crash Level)"
0,0,"Atlanta Police Department","2022-05-27","Lambert Dr Ne and Piedmont Rd Ne","(O) No Injury","Daylight","On Roadway - Non-Intersection","Sideswipe-Same Direction","Piedmont Rd Ne","Dry","15:00:00","[""Lap and Shoulder Belt Used"",""Lap and Shoulder Belt Used""]","Clear",0,33.811833,-84.36673,"Atlanta","FULTON","[""Motor Vehicle in Motion"",""Motor Vehicle in Motion""]","Changed Lanes Improperly","[""Motor Vehicle in Motion"",""Motor Vehicle in Motion""]"
0,0,"Atlanta Police Department","2022-05-27","Vineyards Dr Se and Cleveland Ave Se","(O) No Injury","Daylight","On Roadway - Roadway Intersection","Rear End","Cleveland Ave Se","Dry","19:05:00","[""Lap and Shoulder Belt Used"",""Lap and Shoulder Belt Used"",""Lap and Shoulder Belt Used"",""Lap and Shoulder Belt Used""]","Clear",0,33.680635,-84.367971,"Atlanta","FULTON","[""Motor Vehicle in Motion"",""Motor Vehicle in Motion""]","Following Too Close","[""Motor Vehicle in Motion"",""Motor Vehicle in Motion""]"
0,0,"Atlanta Police Department","2022-05-27","Northside Pkwy Nw and W Paces Ferry Rd Nw","(O) No Injury","Daylight","On Roadway - Roadway Intersection","Rear End","W Paces Ferry Rd Nw","Dry","13:00:00","[""Lap and Shoulder Belt Used"",""Lap and Shoulder Belt Used""]","Clear",0,33.849067,-84.43003,"Atlanta","FULTON","[""Motor Vehicle in Motion"",""Motor Vehicle in Motion""]","Improper Backing","[""Motor Vehicle in Motion"",""Motor Vehicle in Motion""]"
0,0,"Atlanta Police Department","2022-05-27","Leah Ln Se and Flat Shoals Rd Se","(O) No Injury","Daylight","On Roadway - Roadway Intersection","Sideswipe-Same Direction","Flat Shoals Rd Se","Dry","15:30:00","[""Lap and Shoulder Belt Used"",""Lap and Shoulder Belt Used""]","Clear",0,33.729322,-84.32864,"Atlanta","DEKALB","[""Motor Vehicle in Motion"",""Motor Vehicle in Motion""]","Aggressive Driving","[""Motor Vehicle in Motion"",""Motor Vehicle in Motion""]"
0,0,"Atlanta Police Department","2022-05-27","Peek Rd Nw and Donald Lee Hollowell Pkwy Nw","(C) Possible Injury / Complaint","Daylight","On Roadway - Non-Intersection","Head On","Donald Lee Hollowell Pkwy Nw","Dry","12:47:00","[""Lap and Shoulder Belt Used"",""Lap and Shoulder Belt Used""]","Clear",0,33.77762,-84.476779,"Atlanta","FULTON","[""Motor Vehicle in Motion"",""Motor Vehicle in Motion""]",,"[""Motor Vehicle in Motion"",""Motor Vehicle in Motion""]"
0,0,"Atlanta Police Department","2022-05-27","Irby Ave Nw and Roswell Rd Ne","(O) No Injury","Daylight","On Roadway - Driveway Intersection","Sideswipe-Same Direction","Roswell Rd Ne","Dry","13:08:00","Unknown","Clear",0,33.841569,-84.378991,"Atlanta","FULTON","[""Motor Vehicle in Motion"",""Parked Motor Vehicle""]",,"[""Motor Vehicle in Motion"",""Parked Motor Vehicle""]"
0,0,"Atlanta Police Department","2022-05-27","Maynard Ter Se and Memorial Dr Se","(O) No Injury","Dark-Lighted","On Roadway - Driveway Intersection","Angle Crash","Memorial Dr Se","Dry","10:00:00","[""Unknown"",""Unknown""]","Clear",0,33.747475,-84.333232,"Atlanta","DEKALB","[""Motor Vehicle in Motion"",""Motor Vehicle in Motion""]","[""Improper Turn"",""Improper Turn""]","[""Motor Vehicle in Motion"",""Motor Vehicle in Motion""]"
0,0,"Atlanta Police Department","2022-05-27","N Eugenia Pl Nw and Donald Lee Hollowell Pkwy Nw","(O) No Injury","Dark-Lighted","On Roadway - Non-Intersection","Rear End","N Eugenia Pl Nw","Dry","20:48:00","[""Lap and Shoulder Belt Used"",""Lap and Shoulder Belt Used""]","Clear",0,33.776974,-84.453099,"Atlanta","FULTON","[""Motor Vehicle in Motion"",""Motor Vehicle in Motion""]","Improper Backing","[""Motor Vehicle in Motion"",""Motor Vehicle in Motion""]"
0,0,"Atlanta Police Department","2022-05-27","Barge Rd Sw and Campbellton Rd Sw","(C) Possible Injury / Complaint","Daylight","On Roadway - Roadway Intersection","Sideswipe-Same Direction","Barge Rd Sw","Dry","08:06:00","[""Lap and Shoulder Belt Used"",""Lap and Shoulder Belt Used""]","Clear",0,33.690134,-84.506242,"Atlanta","FULTON","[""Motor Vehicle in Motion"",""Motor Vehicle in Motion""]","Misjudged Clearance","[""Motor Vehicle in Motion"",""Motor Vehicle in Motion""]"
0,0,"Atlanta Police Department","2022-05-27","Kenmore St Sw and Cascade Ave Sw","(C) Possible Injury / Complaint","Daylight","On Roadway - Non-Intersection","Rear End","Cascade Ave Sw","Dry","12:00:00","[""Unknown"",""Unknown""]","Clear",0,33.727445,-84.443933,"Atlanta","FULTON","[""Motor Vehicle in Motion"",""Motor Vehicle in Motion""]",,"[""Motor Vehicle in Motion"",""Motor Vehicle in Motion""]"
0,1,"Atlanta Police Department","2022-05-27","I-75 and Martin Luther King Jr Dr Se","(B) Suspected Minor/Visible Injury","Dark-Lighted","On Roadway - Non-Intersection","Rear End","I-75","Dry","20:38:00","[""Unknown"",""Unknown"",""Unknown""]","Clear",0,33.7484,-84.385194,"Atlanta","FULTON","[""Motor Vehicle in Motion"",""Motor Vehicle in Motion"",""Motor Vehicle in Motion""]","[""Following Too Close"",""Driver Lost Control""]","[""Motor Vehicle in Motion"",""Motor Vehicle in Motion"",""Motor Vehicle in Motion""]"
0,0,"Atlanta Police Department","2022-05-27","Pharr Rd Ne and Piedmont Rd Ne","(O) No Injury","Daylight","On Roadway - Roadway Intersection","Sideswipe-Same Direction","Piedmont Rd Ne","Dry","16:00:00","[""None Used"",""None Used""]","Clear",0,33.837142,-84.368124,"Atlanta","FULTON","[""Motor Vehicle in Motion"",""Motor Vehicle in Motion""]",,"[""Motor Vehicle in Motion"",""Motor Vehicle in Motion""]"
0,0,"Gsp Post 00","2022-05-27","I-7585Sb and Memorial Drive Overpass","(O) No Injury","Daylight","On Roadway - Non-Intersection","Sideswipe-Same Direction","I-7585Sb","Dry","14:06:00","[""Lap and Shoulder Belt Used"",""Lap and Shoulder Belt Used"",""Lap and Shoulder Belt Used""]","Clear",0,33.747629,-84.386783,"Atlanta","FULTON","[""Motor Vehicle in Motion"",""Motor Vehicle in Motion""]","Changed Lanes Improperly","[""Motor Vehicle in Motion"",""Motor Vehicle in Motion""]"
0,0,"Atlanta Police Department","2022-05-27","17Th St Nw and Spring St Nw","(O) No Injury","Daylight","On Roadway - Roadway Intersection","Rear End","Spring St Nw","Dry","15:29:00","[""Lap and Shoulder Belt Used"",""Lap and Shoulder Belt Used"",""Lap and Shoulder Belt Used""]","Clear",0,33.791814,-84.3892,"Atlanta","FULTON","[""Motor Vehicle in Motion"",""Motor Vehicle in Motion""]","[""Changed Lanes Improperly"",""Improper Backing""]","[""Motor Vehicle in Motion"",""Motor Vehicle in Motion""]"
0,0,"Gsp Post 00","2022-05-27","Boulevard and I-20 West","(O) No Injury","Daylight","On Roadway - Non-Intersection","Sideswipe-Same Direction","I-20 West","Dry","14:23:00","[""Lap and Shoulder Belt Used"",""Lap and Shoulder Belt Used""]","Clear",0,33.743441,-84.368541,"Atlanta","FULTON","[""Motor Vehicle in Motion"",""Motor Vehicle in Motion""]",,"[""Motor Vehicle in Motion"",""Motor Vehicle in Motion""]"
0,0,"Gsp Post 00","2022-05-27","I-20 and I-75 I-85 North","(O) No Injury","Daylight","On Roadway - Non-Intersection","Sideswipe-Same Direction","I-75 I-85 North","Dry","15:40:00","[""Lap and Shoulder Belt Used"",""Lap and Shoulder Belt Used""]","Clear",0,33.748641,-84.383895,"Atlanta","FULTON","[""Motor Vehicle in Motion"",""Motor Vehicle in Motion""]",,"[""Motor Vehicle in Motion"",""Motor Vehicle in Motion""]"
0,0,"Atlanta Police Department","2022-05-27","Peters St Sw and Haynes St Sw","(O) No Injury","Daylight","On Roadway - Non-Intersection","Not a Collision with Motor Vehicle","Haynes St Sw","Dry","18:20:00","Unknown","Cloudy",0,33.749145,-84.39978,"Atlanta","FULTON","Motor Vehicle in Motion","Other Exterior Distraction (Distracted)","Motor Vehicle in Motion"
0,0,"Atlanta Police Department","2022-05-27","None and Martin Luther King Jr Dr Sw Rp","(C) Possible Injury / Complaint","Dark-Lighted","On Roadway - Roadway Intersection","Rear End","Martin Luther King Jr Dr Sw Rp","Dry","21:24:00","[""Unknown"",""Lap and Shoulder Belt Used""]","Clear",0,33.752629,-84.493232,"Atlanta","FULTON","[""Motor Vehicle in Motion"",""Motor Vehicle in Motion""]","Following Too Close","[""Motor Vehicle in Motion"",""Motor Vehicle in Motion""]"
1,0,"Atlanta Police Department","2022-05-28","Moreland Ave Ne and Mansfield Ave Ne","(A) Suspected Serious Injury","Daylight","On Roadway - Roadway Intersection","Angle Crash","Moreland Ave Ne","Dry","18:45:00","[""Lap and Shoulder Belt Used"",""Lap and Shoulder Belt Used"",""Lap and Shoulder Belt Used"",""Lap and Shoulder Belt Used""]","Clear",0,33.767373,-84.349042,"Atlanta","FULTON","[""Motor Vehicle in Motion"",""Motor Vehicle in Motion""]","Failure to Yield","[""Motor Vehicle in Motion"",""Motor Vehicle in Motion""]"
0,0,"Atlanta Police Department","2022-05-28","None and I-75","(O) No Injury","Daylight","On Roadway - Non-Intersection","Rear End","I-75","Dry","14:20:00","[""Unknown"",""Unknown""]","Clear",0,33.749084,-84.383592,"Atlanta","FULTON","[""Motor Vehicle in Motion"",""Motor Vehicle in Motion""]","Following Too Close","[""Motor Vehicle in Motion"",""Motor Vehicle in Motion""]"
0,0,"Atlanta Police Department","2022-05-28","Fairburn Rd Nw and Fairburn Pl Nw","(O) No Injury","Daylight","On Roadway - Roadway Intersection","Rear End","Fairburn Pl Nw","Dry","07:30:00","[""Lap and Shoulder Belt Used"",""Lap and Shoulder Belt Used""]","Clear",0,33.771924,-84.50015,"Atlanta","FULTON","[""Motor Vehicle in Motion"",""Motor Vehicle in Motion""]","Following Too Close","[""Motor Vehicle in Motion"",""Motor Vehicle in Motion""]"
0,0,"Atlanta Police Department","2022-05-28","North Ave Nw and Northside Dr Nw","(O) No Injury","Daylight","On Roadway - Roadway Intersection","Angle Crash","Northside Dr Nw","Dry","13:10:00","[""Lap and Shoulder Belt Used"",""Lap and Shoulder Belt Used""]","Clear",0,33.770004,-84.404676,"Atlanta","FULTON","[""Motor Vehicle in Motion"",""Motor Vehicle in Motion""]","Failure to Yield","[""Motor Vehicle in Motion"",""Motor Vehicle in Motion""]"
0,0,"Atlanta Police Department","2022-05-28","Exit 76 and Cleveland Ave Sw","(C) Possible Injury / Complaint","Daylight","On Roadway - Roadway Intersection","Angle Crash","Cleveland Ave Sw","Dry","19:00:00","[""Unknown"",""Unknown""]","Clear",0,33.681312,-84.411036,"Atlanta","FULTON","[""Motor Vehicle in Motion"",""Motor Vehicle in Motion""]","Failure to Yield","[""Motor Vehicle in Motion"",""Motor Vehicle in Motion""]"
0,0,"Atlanta Police Department","2022-05-28","None and I-85 Exit 88 Rp","(O) No Injury","Daylight","On Roadway - Non-Intersection","Rear End","I-85 Exit 88 Rp","Dry","15:40:00","[""Lap and Shoulder Belt Used"",""Lap and Shoulder Belt Used""]","Clear",0,33.825386,-84.348641,"Atlanta","FULTON","[""Motor Vehicle in Motion"",""Motor Vehicle in Motion""]",,"[""Motor Vehicle in Motion"",""Motor Vehicle in Motion""]"
0,0,"Atlanta Police Department","2022-05-28","None and I-75","(O) No Injury","Daylight","On Roadway - Non-Intersection","Rear End","I-75","Dry","19:44:00","[""Lap and Shoulder Belt Used"",""Unknown"",""Lap and Shoulder Belt Used"",""Lap and Shoulder Belt Used""]","Clear",0,33.684292,-84.398653,"Atlanta","FULTON","[""Motor Vehicle in Motion"",""Motor Vehicle in Motion"",""Motor Vehicle in Motion""]","Following Too Close","[""Motor Vehicle in Motion"",""Motor Vehicle in Motion"",""Motor Vehicle in Motion""]"
0,0,"Atlanta Police Department","2022-05-28","None and I-20 Rp","(O) No Injury","Dark-Lighted","On Shoulder","Not a Collision with Motor Vehicle","I-20 Rp","Dry","00:34:00","[""None Used"",""None Used""]","Cloudy",0,33.74608,-84.388027,"Atlanta","FULTON","Median Barrier","[""Under the Influence (U.I.)"",""Reckless Driving"",""Exceeding Speed Limit""]","Median Barrier"
0,0,"Atlanta Police Department","2022-05-28","I-75 and 10Th St Nw","(O) No Injury","Daylight","On Roadway - Non-Intersection","Rear End","I-75","Dry","11:00:00","[""Lap and Shoulder Belt Used"",""Lap and Shoulder Belt Used"",""Lap and Shoulder Belt Used""]","Clear",0,33.781514,-84.390851,"Atlanta","FULTON","[""Motor Vehicle in Motion"",""Motor Vehicle in Motion""]","Following Too Close","[""Motor Vehicle in Motion"",""Motor Vehicle in Motion""]"
0,0,"Atlanta Police Department","2022-05-28","I-285 and Donald Lee Hollowell Pkwy Nw","(O) No Injury","Daylight","On Roadway - Non-Intersection","Sideswipe-Same Direction","I-285","Dry","16:50:00","[""Lap and Shoulder Belt Used"",""Lap and Shoulder Belt Used"",""Lap and Shoulder Belt Used""]","Clear",0,33.786613,-84.493136,"Atlanta","FULTON","[""Motor Vehicle in Motion"",""Motor Vehicle in Motion""]","Changed Lanes Improperly","[""Motor Vehicle in Motion"",""Motor Vehicle in Motion""]"
0,0,"Atlanta Police Department","2022-05-28","None and Moreland Ave Se Exit 60A Rp","(O) No Injury","Daylight","On Roadway - Roadway Intersection","Rear End","Moreland Ave Se Exit 60A Rp","Dry","11:00:00","[""Lap and Shoulder Belt Used"",""Lap and Shoulder Belt Used""]","Clear",0,33.744511,-84.349285,"Atlanta","FULTON","[""Motor Vehicle in Motion"",""Motor Vehicle in Motion""]","Following Too Close","[""Motor Vehicle in Motion"",""Motor Vehicle in Motion""]"
0,0,"Atlanta Police Department","2022-05-28","I-75 and North Ave Nw","(O) No Injury","Daylight","On Roadway - Non-Intersection","Angle Crash","I-75","Dry","10:30:00","[""Lap and Shoulder Belt Used"",""Lap and Shoulder Belt Used""]","Clear",0,33.771144,-84.39007,"Atlanta","FULTON","[""Motor Vehicle in Motion"",""Motor Vehicle in Motion""]","Changed Lanes Improperly","[""Motor Vehicle in Motion"",""Motor Vehicle in Motion""]"
0,0,"Atlanta Police Department","2022-05-28","10Th St Nw and Spring St Nw","(C) Possible Injury / Complaint","Dark-Lighted","On Roadway - Roadway Intersection","Rear End","10Th St Nw","Dry","23:30:00","[""Unknown"",""Unknown"",""Unknown"",""Unknown""]","Clear",0,33.781524,-84.389234,"Atlanta","FULTON","[""Motor Vehicle in Motion"",""Motor Vehicle in Motion"",""Motor Vehicle in Motion""]","Following Too Close","[""Motor Vehicle in Motion"",""Motor Vehicle in Motion"",""Motor Vehicle in Motion""]"
0,0,"Atlanta Police Department","2022-05-28","Bolton Rd Nw and Moores Mill Rd Nw","(O) No Injury","Daylight","On Roadway - Non-Intersection","Head On","Bolton Rd Nw","Dry","11:45:00","[""Unknown"",""Unknown""]","Clear",0,33.820744,-84.451911,"Atlanta","FULTON","[""Motor Vehicle in Motion"",""Motor Vehicle in Motion""]",,"[""Motor Vehicle in Motion"",""Motor Vehicle in Motion""]"
0,0,"Atlanta Police Department","2022-05-28","None and Poole Pl Sw","(C) Possible Injury / Complaint","Dark-Lighted","On Roadway - Non-Intersection","Rear End","Poole Pl Sw","Dry","02:00:00","[""Unknown"",""None Used""]","Clear",0,33.739061,-84.41328,"Atlanta","FULTON","[""Motor Vehicle in Motion"",""Motor Vehicle in Motion""]","Improper Backing","[""Motor Vehicle in Motion"",""Motor Vehicle in Motion""]"
2,0,"Atlanta Police Department","2022-05-28","None and I-75","(A) Suspected Serious Injury","Dark-Not Lighted","On Roadway - Non-Intersection","Rear End","I-75","Dry","03:00:00","[""Unknown"",""Unknown"",""Unknown"",""Unknown"",""Unknown"",""Unknown""]","Clear",0,33.745727,-84.389389,"Atlanta","FULTON","[""Motor Vehicle in Motion"",""Motor Vehicle in Motion"",""Motor Vehicle in Motion"",""Motor Vehicle in Motion"",""Motor Vehicle in Motion""]",,"[""Motor Vehicle in Motion"",""Motor Vehicle in Motion"",""Motor Vehicle in Motion"",""Motor Vehicle in Motion""]"
0,0,"Atlanta Police Department","2022-05-28","Fairburn Rd Sw and Campbellton Rd Sw","(O) No Injury","Daylight","On Roadway - Roadway Intersection","Sideswipe-Same Direction","Campbellton Rd Sw","Dry","11:00:00","[""Lap and Shoulder Belt Used"",""Lap and Shoulder Belt Used""]","Clear",0,33.69055,-84.510997,"Atlanta","FULTON","[""Motor Vehicle in Motion"",""Motor Vehicle in Motion""]",,"[""Motor Vehicle in Motion"",""Motor Vehicle in Motion""]"
0,0,"Atlanta Police Department","2022-05-28","North Ave Nw and Northside Dr Nw","(O) No Injury","Daylight","On Roadway - Roadway Intersection","Angle Crash","North Ave Nw","Dry","17:05:00","[""Lap and Shoulder Belt Used"",""Lap and Shoulder Belt Used""]","Clear",0,33.770004,-84.404676,"Atlanta","FULTON","[""Motor Vehicle in Motion"",""Motor Vehicle in Motion""]","Improper Turn","[""Motor Vehicle in Motion"",""Motor Vehicle in Motion""]"
0,0,"Atlanta Police Department","2022-05-28","None and Piedmont Ave Ne","(O) No Injury","Dark-Lighted","On Roadway - Non-Intersection","Head On","Piedmont Ave Ne","Dry","21:00:00","[""None Used"",""None Used""]","Clear",0,33.796405,-84.369653,"Atlanta","FULTON","[""Motor Vehicle in Motion"",""Motor Vehicle in Motion""]","[""Aggressive Driving"",""Changed Lanes Improperly""]","[""Motor Vehicle in Motion"",""Motor Vehicle in Motion""]"
0,0,"Atlanta Police Department","2022-05-28","Burbank Dr Nw and Joseph E Boone Blvd Nw","(O) No Injury","Dark-Not Lighted","On Roadway - Driveway Intersection","Angle Crash","Joseph E Boone Blvd Nw","Dry","22:30:00","[""Lap and Shoulder Belt Used"",""Lap and Shoulder Belt Used""]","Clear",0,33.763535,-84.429008,"Atlanta","FULTON","[""Motor Vehicle in Motion"",""Motor Vehicle in Motion""]","Failure to Yield","[""Motor Vehicle in Motion"",""Motor Vehicle in Motion""]"
0,0,"Atlanta Police Department","2022-05-28","Sardis Way Nw and Roswell Rd Ne","(O) No Injury","Daylight","On Roadway - Non-Intersection","Angle Crash","Roswell Rd Ne","Dry","19:30:00","[""Lap and Shoulder Belt Used"",""Lap and Shoulder Belt Used""]","Clear",0,33.840631,-84.379331,"Atlanta","FULTON","[""Motor Vehicle in Motion"",""Motor Vehicle in Motion""]","Failure to Yield","[""Motor Vehicle in Motion"",""Motor Vehicle in Motion""]"
0,0,"Atlanta Police Department","2022-05-28","None and Ga-400","(O) No Injury","Daylight","On Roadway - Non-Intersection","Sideswipe-Same Direction","Ga-400","Dry","18:14:00","[""Lap and Shoulder Belt Used"",""Lap and Shoulder Belt Used""]","Clear",0,33.826951,-84.360311,"Atlanta","FULTON","[""Motor Vehicle in Motion"",""Motor Vehicle in Motion"",""Motor Vehicle in Motion""]","Failure to Yield","[""Motor Vehicle in Motion"",""Motor Vehicle in Motion""]"
0,0,"Atlanta Police Department","2022-05-28","Brighton Rd Ne and Peachtree Rd Nw","(C) Possible Injury / Complaint","Daylight","On Roadway - Driveway Intersection","Not a Collision with Motor Vehicle","Brighton Rd Ne","Dry","16:08:00","Lap and Shoulder Belt Used","Clear",0,33.808367,-84.393558,"Atlanta","FULTON","[""Motor Vehicle in Motion"",""Pedestrian"",""Pedestrian""]","Failure to Yield","Motor Vehicle in Motion"
0,0,"Gsp Post 00","2022-05-28","Hill Street and 20W Off Ramp","(O) No Injury","Daylight","Off Roadway","Not a Collision with Motor Vehicle","Hill Street","Dry","18:32:00","Lap and Shoulder Belt Used","Clear",0,33.743233,-84.37934,"Atlanta","FULTON","Curb","[""Driver Lost Control"",""Too Fast for Conditions"",""Disregard Police - Evasion""]","Curb"
0,0,"Atlanta Police Department","2022-05-28","None and I-20","(O) No Injury","Dark-Lighted","On Roadway - Non-Intersection","Sideswipe-Same Direction","I-20","Dry","02:00:00","[""Unknown"",""Lap and Shoulder Belt Used""]","Clear",0,33.759351,-84.480238,"Atlanta","FULTON","[""Motor Vehicle in Motion"",""Motor Vehicle in Motion""]","Changed Lanes Improperly","[""Motor Vehicle in Motion"",""Motor Vehicle in Motion""]"
0,0,"Atlanta Police Department","2022-05-28","S Gordon St Sw and Ralph David Abernathy Blvd Sw","(O) No Injury","Dark-Lighted","Off Roadway - Sidewalk","Not a Collision with Motor Vehicle","Ralph David Abernathy Blvd Sw","Dry","03:49:00","Lap and Shoulder Belt Used","Clear",0,33.739609,-84.433996,"Atlanta","FULTON","Other Non-Collision",,"Fence"
0,0,"Atlanta Police Department","2022-05-28","None and I-85","(C) Possible Injury / Complaint","Daylight","Off Roadway","Not a Collision with Motor Vehicle","I-85","Dry","04:55:00","Lap and Shoulder Belt Used","Clear",0,33.814711,-84.365117,"Atlanta","FULTON","Other - Fixed Object",,"Other - Fixed Object"
0,0,"Atlanta Police Department","2022-05-28","None and Piedmont Ave Ne","(O) No Injury","Dark-Lighted","On Roadway - Non-Intersection","Rear End","Piedmont Ave Ne","Dry","23:30:00","[""Unknown"",""Unknown"",""Unknown"",""Unknown""]","Clear",0,33.807206,-84.366318,"Atlanta","FULTON","[""Motor Vehicle in Motion"",""Motor Vehicle in Motion""]","Following Too Close","[""Motor Vehicle in Motion"",""Motor Vehicle in Motion""]"
0,0,"Gsp Post 00","2022-05-28","Lenox Rd and Ga-400 Sb Ramp","(C) Possible Injury / Complaint","Daylight","Entrance/Exit Ramp","Not a Collision with Motor Vehicle","Ga-400 Sb Ramp","Dry","19:20:00","Motorcycle Helmet","Clear",0,33.852046,-84.370031,"Atlanta","FULTON","Highway Traffic Sign Post","[""Disregard Stop Sign/Signal"",""Driver Lost Control"",""Failure to Yield"",""Exceeding Speed Limit""]","Highway Traffic Sign Post"
0,0,"Atlanta Police Department","2022-05-28","Jonesboro Rd Se and Cleveland Ave Se","(C) Possible Injury / Complaint","Daylight","On Roadway - Roadway Intersection","Not a Collision with Motor Vehicle","Jonesboro Rd Se","Dry","07:30:00","Unknown","Clear",0,33.680331,-84.367357,"Atlanta","FULTON","[""Motor Vehicle in Motion"",""Pedestrian""]",,"Motor Vehicle in Motion"
0,0,"Atlanta Police Department","2022-05-28","14Th St Nw and Techwood Dr Nw","(O) No Injury","Dark-Lighted","On Roadway - Non-Intersection","Sideswipe-Same Direction","14Th St Nw","Dry","04:32:00","[""Unknown"",""Unknown""]","Clear",0,33.786704,-84.392043,"Atlanta","FULTON","[""Motor Vehicle in Motion"",""Motor Vehicle in Motion""]",,"[""Motor Vehicle in Motion"",""Motor Vehicle in Motion""]"
0,0,"Atlanta Police Department","2022-05-28","None and Ga-13","(O) No Injury","Daylight","On Roadway - Non-Intersection","Sideswipe-Same Direction","Ga-13","Dry","02:30:00","Lap and Shoulder Belt Used","Clear",0,33.812208,-84.368064,"Atlanta","FULTON","[""Motor Vehicle in Motion"",""Motor Vehicle in Motion""]","Changed Lanes Improperly","Motor Vehicle in Motion"
0,0,"Atlanta Police Department","2022-05-28","Ellis St Ne and Piedmont Ave Ne","(O) No Injury","Dark-Lighted","On Roadway - Roadway Intersection","Sideswipe-Same Direction","Ellis St Ne","Dry","04:40:00","[""Lap and Shoulder Belt Used"",""Lap and Shoulder Belt Used""]","Clear",0,33.758373,-84.382455,"Atlanta","FULTON","[""Motor Vehicle in Motion"",""Motor Vehicle in Motion""]","Changed Lanes Improperly","[""Motor Vehicle in Motion"",""Motor Vehicle in Motion""]"
0,0,"Atlanta Police Department","2022-05-28","Waddell St Ne and Edgewood Ave Ne","(O) No Injury","Daylight","On Roadway - Roadway Intersection","Rear End","Edgewood Ave Ne","Dry","12:45:00","[""Unknown"",""Lap and Shoulder Belt Used"",""Lap and Shoulder Belt Used""]","Clear",0,33.754894,-84.362909,"Atlanta","FULTON","[""Motor Vehicle in Motion"",""Motor Vehicle in Motion""]","Following Too Close","[""Motor Vehicle in Motion"",""Motor Vehicle in Motion""]"
0,0,"Atlanta Police Department","2022-05-28","I-75 and North Ave Nw","(O) No Injury","Dark-Lighted","On Roadway - Non-Intersection","Rear End","I-75","Dry","00:00:00","[""Unknown"",""Unknown""]","Clear",0,33.771284,-84.39046,"Atlanta","FULTON","[""Motor Vehicle in Motion"",""Motor Vehicle in Motion""]","[""Aggressive Driving"",""Changed Lanes Improperly""]","[""Motor Vehicle in Motion"",""Motor Vehicle in Motion""]"
0,0,"Atlanta Police Department","2022-05-28","Glen Arden Dr Nw and W Paces Ferry Rd Nw","(O) No Injury","Dark-Lighted","Off Roadway","Not a Collision with Motor Vehicle","W Paces Ferry Rd Nw","Dry","05:20:00","Lap and Shoulder Belt Used","Clear",0,33.845401,-84.400163,"Atlanta","FULTON","Other - Fixed Object","[""Under the Influence (U.I.)"",""Reckless Driving""]","Other - Fixed Object"
0,0,"Atlanta Police Department","2022-05-28","Clifton St Se and Memorial Dr Se","(O) No Injury","Daylight","On Roadway - Roadway Intersection","Angle Crash","Clifton St Se","Dry","15:25:00","[""Lap and Shoulder Belt Used"",""Lap and Shoulder Belt Used"",""Lap and Shoulder Belt Used""]","Clear",0,33.747465,-84.331846,"Atlanta","DEKALB","[""Motor Vehicle in Motion"",""Motor Vehicle in Motion""]","Failure to Yield","[""Motor Vehicle in Motion"",""Motor Vehicle in Motion""]"
0,0,"Atlanta Police Department","2022-05-28","Fulton Industrial Blvd Nw and Donald Lee Hollowell Pkwy Nw","(O) No Injury","Daylight","On Roadway - Non-Intersection","Sideswipe-Same Direction","Fulton Industrial Blvd Nw","Dry","11:30:00","[""Unknown"",""Lap and Shoulder Belt Used"",""Lap and Shoulder Belt Used"",""Lap and Shoulder Belt Used""]","Clear",0,33.78861,-84.499774,"Atlanta","FULTON","[""Motor Vehicle in Motion"",""Motor Vehicle in Motion""]","Changed Lanes Improperly","[""Motor Vehicle in Motion"",""Motor Vehicle in Motion""]"
0,0,"Atlanta Police Department","2022-05-28","None and I-75","(C) Possible Injury / Complaint","Daylight","On Roadway - Non-Intersection","Rear End","I-75","Dry","20:00:00","[""Lap and Shoulder Belt Used"",""Lap and Shoulder Belt Used"",""Lap and Shoulder Belt Used""]","Clear",0,33.753641,-84.378561,"Atlanta","FULTON","[""Motor Vehicle in Motion"",""Motor Vehicle in Motion"",""Motor Vehicle in Motion""]","[""Misjudged Clearance"",""Following Too Close""]","[""Motor Vehicle in Motion"",""Motor Vehicle in Motion"",""Motor Vehicle in Motion""]"
0,0,"Atlanta Police Department","2022-05-28","Vine St Nw and Thurmond St Nw","(O) No Injury","Dark-Lighted","On Roadway - Non-Intersection","Sideswipe-Same Direction","Thurmond St Nw","Dry","20:45:00","[""Lap and Shoulder Belt Used"",""Lap and Shoulder Belt Used"",""Lap and Shoulder Belt Used"",""Lap and Shoulder Belt Used"",""Lap and Shoulder Belt Used"",""Lap and Shoulder Belt Used"",""Lap and Shoulder Belt Used""]","Clear",0,33.76125,-84.407484,"Atlanta","FULTON","[""Motor Vehicle in Motion"",""Motor Vehicle in Motion""]","Failure to Yield","[""Motor Vehicle in Motion"",""Motor Vehicle in Motion""]"
0,0,"Atlanta Police Department","2022-05-28","I-75 and I-75 S","(O) No Injury","Dark-Lighted","On Roadway - Managed Lane (HOV, HOT, Reversible)","Rear End","I-75","Dry","23:30:00","[""Unknown"",""Unknown""]","Clear",0,33.737774,-84.392133,"Atlanta","FULTON","[""Motor Vehicle in Motion"",""Motor Vehicle in Motion""]",,"[""Motor Vehicle in Motion"",""Motor Vehicle in Motion""]"