"# Serious Injuries","# Visible Injuries","Agency Name (Crash Level) ","Date","Intersection Name (from Crash Report)","KABCO Severity","Light Conditions (Crash Level)","Location at Impact (Crash Level) ","Manner of Collision (Crash Level) ","Roadway (From Crash Report)","Surface Condition (Crash Level) ","Time","Safety Equipment (Crash Level) ","Weather Conditions (Crash Level)","# of Fatalities per Crash","Latitude","Longitude","Geolocated City","Geolocated County","First Harmful Event (Unit Order)","Operator/Pedestrian Contrib Factor (excl None, Other, No Contrib Factors)","Most Harmful Event (Crash Level)"
0,0,"Atlanta Police Department","2022-05-29","Dill Ave Sw and Division St Sw","(O) No Injury","Daylight","On Roadway - Non-Intersection","Angle Crash","Dill Ave Sw","Dry","19:10:00","[""Unknown"",""Unknown""]","Clear",0,33.718346,-84.420982,"Atlanta","FULTON","[""Motor Vehicle in Motion"",""Motor Vehicle in Motion""]","Failure to Yield","[""Motor Vehicle in Motion"",""Motor Vehicle in Motion""]"
0,0,"Atlanta Police Department","2022-05-29","Sydney St Se and Broyles St Se","(O) No Injury","Daylight","On Roadway - Roadway Intersection","Angle Crash","Broyles St Se","Dry","16:10:00","[""Unknown"",""Unknown""]","Clear",0,33.741217,-84.377666,"Atlanta","FULTON","[""Motor Vehicle in Motion"",""Motor Vehicle in Motion""]","Improper Turn","[""Motor Vehicle in Motion"",""Motor Vehicle in Motion""]"
0,0,"Atlanta Police Department","2022-05-29","I-75 and Exit 247","(O) No Injury","Dark-Not Lighted","On Roadway - Collector Distributor (CD)","Sideswipe-Same Direction","I-75","Dry","02:00:00","[""Unknown"",""Unknown""]","Clear",0,33.7484,-84.384484,"Atlanta","FULTON","[""Motor Vehicle in Motion"",""Motor Vehicle in Motion""]",,"[""Motor Vehicle in Motion"",""Motor Vehicle in Motion""]"
0,0,"Atlanta Police Department","2022-05-29","Ellis St Ne and Courtland St Ne","(O) No Injury","Daylight","On Roadway - Roadway Intersection","Angle Crash","Courtland St Ne","Dry","16:50:00","[""Lap and Shoulder Belt Used"",""Lap and Shoulder Belt Used"",""Lap and Shoulder Belt Used"",""Lap and Shoulder Belt Used"",""Lap and Shoulder Belt Used"",""Lap and Shoulder Belt Used"",""Lap and Shoulder Belt Used"",""Lap and Shoulder Belt Used""]","Clear",0,33.758392,-84.38422,"Atlanta","FULTON","[""Motor Vehicle in Motion"",""Motor Vehicle in Motion""]","[""Following Too Close"",""Misjudged Clearance""]","[""Motor Vehicle in Motion"",""Motor Vehicle in Motion""]"
0,0,"Atlanta Police Department","2022-05-29","Boulevard Ne and North Ave Ne","(O) No Injury","Daylight","On Roadway - Roadway Intersection","Rear End","North Ave Ne","Dry","09:11:00","[""Lap and Shoulder Belt Used"",""Lap and Shoulder Belt Used""]","Clear",0,33.771176,-84.371756,"Atlanta","FULTON","[""Motor Vehicle in Motion"",""Motor Vehicle in Motion""]","Following Too Close","[""Motor Vehicle in Motion"",""Motor Vehicle in Motion""]"
2,0,"Atlanta Police Department","2022-05-29","None and I-75","(A) Suspected Serious Injury","Dark-Lighted","On Roadway - Non-Intersection","Sideswipe-Same Direction","I-75","Dry","03:00:00","[""Unknown"",""Lap and Shoulder Belt Used"",""Lap and Shoulder Belt Used"",""Lap and Shoulder Belt Used""]","Clear",0,33.766162,-84.386557,"Atlanta","FULTON","[""Motor Vehicle in Motion"",""Motor Vehicle in Motion""]","[""Exceeding Speed Limit"",""Following Too Close""]","[""Motor Vehicle in Motion"",""Motor Vehicle in Motion""]"
0,0,"Atlanta Police Department","2022-05-29","None and I-75","(O) No Injury","Daylight","On Roadway - Non-Intersection","Rear End","I-75","Dry","14:15:00","[""Unknown"",""Unknown"",""Unknown""]","Clear",0,33.740183,-84.391675,"Atlanta","FULTON","[""Motor Vehicle in Motion"",""Motor Vehicle in Motion""]","Following Too Close","[""Motor Vehicle in Motion"",""Motor Vehicle in Motion""]"
0,1,"Atlanta Police Department","2022-05-29","Lakewood Ave Sw and Metropolitan Pkwy Sw","(B) Suspected Minor/Visible Injury","Daylight","On Roadway - Non-Intersection","Not a Collision with Motor Vehicle","Lakewood Ave Sw","Dry","13:00:00","[""Unknown"",""None Used""]","Clear",0,33.6972,-84.407898,"Atlanta","FULTON","[""Pedestrian"",""Pedestrian""]",,"Pedestrian"
0,0,"Atlanta Police Department","2022-05-29","None and I-20","(C) Possible Injury / Complaint","Dark-Lighted","On Roadway - Non-Intersection","Not a Collision with Motor Vehicle","I-20","Dry","01:13:00","[""Unknown"",""Unknown""]","Clear",0,33.762186,-84.487612,"Atlanta","FULTON","[""Pedestrian"",""Pedestrian""]",,"Motor Vehicle in Motion"
0,0,"Atlanta Police Department","2022-05-29","None and I-285","(O) No Injury","Daylight","On Roadway - Non-Intersection","Rear End","I-285","Dry","16:00:00","[""Unknown"",""Lap and Shoulder Belt Used""]","Clear",0,33.765525,-84.493982,"Atlanta","FULTON","[""Motor Vehicle in Motion"",""Motor Vehicle in Motion""]","Following Too Close","[""Motor Vehicle in Motion"",""Motor Vehicle in Motion""]"
1,0,"Atlanta Police Department","2022-05-29","Biscayne Dr Nw and Peachtree Rd Ne","(A) Suspected Serious Injury","Daylight","On Roadway - Roadway Intersection","Not a Collision with Motor Vehicle","Peachtree Rd Ne","Dry","19:45:00","[""Unknown"",""Unknown""]","Clear",0,33.814727,-84.391836,"Atlanta","FULTON","[""Motor Vehicle in Motion"",""Pedestrian""]",,"Motor Vehicle in Motion"
0,1,"Atlanta Police Department","2022-05-29","Central Ave Sw and Richardson St Sw","(B) Suspected Minor/Visible Injury","Daylight","On Roadway - Roadway Intersection","Rear End","Central Ave Sw","Dry","18:32:00","[""Unknown"",""Unknown""]","Clear",0,33.740688,-84.393435,"Atlanta","FULTON","[""Motor Vehicle in Motion"",""Motor Vehicle in Motion""]","[""Changed Lanes Improperly"",""Improper Turn""]","[""Motor Vehicle in Motion"",""Motor Vehicle in Motion""]"
0,0,"Atlanta Police Department","2022-05-29","Elm St Nw and Jones Ave Nw","(O) No Injury","Dark-Lighted","On Roadway - Roadway Intersection","Sideswipe-Opposite Direction","Jones Ave Nw","Dry","23:28:00","[""Unknown"",""Lap and Shoulder Belt Used""]","Clear",0,33.764263,-84.408826,"Atlanta","FULTON","[""Motor Vehicle in Motion"",""Motor Vehicle in Motion""]","Aggressive Driving","Motor Vehicle in Motion"
0,0,"Atlanta Police Department","2022-05-29","Maple Dr Ne and Piedmont Rd Ne","(O) No Injury","Dark-Lighted","On Roadway - Driveway Intersection","Sideswipe-Same Direction","Maple Dr Ne","Dry","21:00:00","[""Lap and Shoulder Belt Used"",""Lap and Shoulder Belt Used""]","Clear",0,33.841347,-84.372334,"Atlanta","FULTON","[""Motor Vehicle in Motion"",""Motor Vehicle in Motion""]",,"[""Motor Vehicle in Motion"",""Motor Vehicle in Motion""]"
0,0,"Atlanta Police Department","2022-05-29","Mathews St Sw and Joseph E Lowery Blvd Sw","(C) Possible Injury / Complaint","Daylight","On Roadway - Roadway Intersection","Angle Crash","Mathews St Sw","Dry","19:13:00","[""Unknown"",""Unknown"",""Unknown""]","Clear",0,33.734635,-84.417734,"Atlanta","FULTON","[""Motor Vehicle in Motion"",""Motor Vehicle in Motion""]","[""Failure to Yield"",""Exceeding Speed Limit""]","[""Motor Vehicle in Motion"",""Motor Vehicle in Motion""]"
0,0,"Atlanta Police Department","2022-05-29","I-85 and Ga-400 S","(O) No Injury","Dark-Lighted","On Roadway - Non-Intersection","Sideswipe-Same Direction","I-85","Dry","21:45:00","Unknown","Clear",0,33.819256,-84.361753,"Atlanta","FULTON","[""Motor Vehicle in Motion"",""Motor Vehicle in Motion""]","Changed Lanes Improperly","Motor Vehicle in Motion"
0,0,"Atlanta Police Department","2022-05-29","North Ave Ne and Argonne Ave Ne","(O) No Injury","Daylight","On Roadway - Roadway Intersection","Angle Crash","North Ave Ne","Dry","16:40:00","[""Unknown"",""Unknown""]","Clear",0,33.771234,-84.377802,"Atlanta","FULTON","[""Motor Vehicle in Motion"",""Motor Vehicle in Motion""]","[""Under the Influence (U.I.)"",""Disregard Other Traffic Control""]","[""Motor Vehicle in Motion"",""Motor Vehicle in Motion""]"
0,0,"Atlanta Police Department","2022-05-29","I-75 and I-75 S","(O) No Injury","Daylight","On Roadway - Managed Lane (HOV, HOT, Reversible)","Sideswipe-Same Direction","I-75","Dry","15:00:00","[""Unknown"",""Unknown""]","Clear",0,33.769765,-84.390581,"Atlanta","FULTON","[""Motor Vehicle in Motion"",""Motor Vehicle in Motion""]","[""Disregard Other Traffic Control"",""Disregard Other Traffic Control""]","[""Motor Vehicle in Motion"",""Motor Vehicle in Motion""]"
0,0,"Atlanta Police Department","2022-05-29","None and I-20","(O) No Injury","Dark-Lighted","On Roadway - Non-Intersection","Angle Crash","I-20","Dry","02:50:00","[""Unknown"",""Unknown""]","Clear",0,33.750639,-84.45306,"Atlanta","FULTON","[""Parked Motor Vehicle"",""Motor Vehicle in Motion""]",,"[""Parked Motor Vehicle"",""Motor Vehicle in Motion""]"
0,0,"Atlanta Police Department","2022-05-29","None and I-75","(O) No Injury","Daylight","On Roadway - Non-Intersection","Rear End","I-75","Dry","15:00:00","[""Unknown"",""Unknown"",""Unknown"",""Unknown""]","Clear",0,33.749793,-84.382085,"Atlanta","FULTON","[""Motor Vehicle in Motion"",""Motor Vehicle in Motion"",""Motor Vehicle in Motion"",""Motor Vehicle in Motion""]","[""Following Too Close"",""Following Too Close"",""Following Too Close""]","[""Motor Vehicle in Motion"",""Motor Vehicle in Motion"",""Motor Vehicle in Motion"",""Motor Vehicle in Motion""]"
0,0,"Atlanta Police Department","2022-05-29","Spring St Nw and Ponce De Leon Ave Nw","(O) No Injury","Daylight","On Roadway - Non-Intersection","Sideswipe-Same Direction","Spring St Nw","Dry","20:49:00","[""Lap and Shoulder Belt Used"",""Lap and Shoulder Belt Used""]","Clear",0,33.772449,-84.38884,"Atlanta","FULTON","[""Motor Vehicle in Motion"",""Motor Vehicle in Motion""]","Changed Lanes Improperly","[""Motor Vehicle in Motion"",""Motor Vehicle in Motion""]"
0,0,"Atlanta Police Department","2022-05-29","I-285 and Campbellton Rd Sw","(O) No Injury","Dark-Not Lighted","On Roadway - Non-Intersection","Rear End","I-285","Dry","22:30:00","[""Lap and Shoulder Belt Used"",""Lap and Shoulder Belt Used""]","Clear",0,33.690531,-84.500209,"Atlanta","FULTON","[""Motor Vehicle in Motion"",""Motor Vehicle in Motion""]","Following Too Close","[""Motor Vehicle in Motion"",""Motor Vehicle in Motion""]"
0,0,"Atlanta Police Department","2022-05-29","Irby Ave Nw and Cains Hill Pl Nw","(O) No Injury","Dark-Lighted","On Roadway - Non-Intersection","Sideswipe-Opposite Direction","Irby Ave Nw","Dry","02:10:00","[""Unknown"",""Unknown"",""Unknown""]","Clear",0,33.841243,-84.380628,"Atlanta","FULTON","[""Motor Vehicle in Motion"",""Motor Vehicle in Motion""]","Improper Turn","[""Other - Fixed Object"",""Other - Fixed Object""]"
0,0,"Atlanta Police Department","2022-05-29","I-75 and North Ave Nw","(C) Possible Injury / Complaint","Daylight","On Roadway - Non-Intersection","Rear End","I-75","Dry","11:27:00","[""Lap and Shoulder Belt Used"",""Lap and Shoulder Belt Used"",""Lap and Shoulder Belt Used""]","Clear",0,33.771064,-84.390477,"Atlanta","FULTON","[""Motor Vehicle in Motion"",""Motor Vehicle in Motion"",""Motor Vehicle in Motion""]","Following Too Close","[""Motor Vehicle in Motion"",""Motor Vehicle in Motion"",""Motor Vehicle in Motion""]"
0,0,"Atlanta Police Department","2022-05-29","None and I-85","(O) No Injury","Daylight","On Roadway - Non-Intersection","Rear End","I-85","Dry","17:41:00","[""Lap and Shoulder Belt Used"",""Lap and Shoulder Belt Used"",""Lap and Shoulder Belt Used""]","Clear",0,33.684603,-84.406142,"Atlanta","FULTON","[""Motor Vehicle in Motion"",""Motor Vehicle in Motion""]","Following Too Close","[""Motor Vehicle in Motion"",""Motor Vehicle in Motion""]"
0,0,"Atlanta Police Department","2022-05-29","None and I-285","(O) No Injury","Daylight","On Roadway - Non-Intersection","Sideswipe-Same Direction","I-285","Dry","18:43:00","[""Unknown"",""Unknown"",""Unknown"",""Unknown"",""Unknown""]","Clear",0,33.668032,-84.497949,"Atlanta","FULTON","[""Motor Vehicle in Motion"",""Motor Vehicle in Motion""]","[""Changed Lanes Improperly"",""Changed Lanes Improperly""]","[""Motor Vehicle in Motion"",""Motor Vehicle in Motion""]"
0,0,"Atlanta Police Department","2022-05-29","Monroe Dr Ne and Piedmont Cir Ne","(O) No Injury","Dark-Lighted","On Roadway - Non-Intersection","Sideswipe-Same Direction","Monroe Dr Ne","Dry","22:23:00","[""Unknown"",""Unknown""]","Clear",0,33.810817,-84.368469,"Atlanta","FULTON","[""Motor Vehicle in Motion"",""Motor Vehicle in Motion""]","Changed Lanes Improperly","[""Motor Vehicle in Motion"",""Motor Vehicle in Motion""]"
0,0,"Atlanta Police Department","2022-05-29","Boulevard Ne and John Lewis Freedom Pkwy Ne","(O) No Injury","Dark-Lighted","On Roadway - Non-Intersection","Rear End","John Lewis Freedom Pkwy Ne","Dry","23:26:00","[""Unknown"",""Unknown""]","Clear",0,33.760098,-84.372068,"Atlanta","FULTON","[""Motor Vehicle in Motion"",""Motor Vehicle in Motion"",""Motor Vehicle in Motion""]",,"[""Motor Vehicle in Motion"",""Motor Vehicle in Motion"",""Motor Vehicle in Motion""]"
0,2,"Atlanta Police Department","2022-05-29","N Circle Dr Nw and Hollywood Rd Nw","(B) Suspected Minor/Visible Injury","Daylight","On Roadway - Driveway Intersection","Angle Crash","Hollywood Rd Nw","Dry","11:25:00","[""Lap and Shoulder Belt Used"",""Lap and Shoulder Belt Used"",""Lap and Shoulder Belt Used""]","Clear",0,33.787643,-84.463907,"Atlanta","FULTON","[""Motor Vehicle in Motion"",""Motor Vehicle in Motion""]","[""Failure to Yield"",""No Signal/Improper Signal""]","[""Motor Vehicle in Motion"",""Motor Vehicle in Motion""]"
0,0,"Gsp Post 00","2022-05-29","Capitol Square and Capitol Avenue","(O) No Injury","Daylight","On Roadway - Non-Intersection","Rear End","Capitol Avenue","Dry","17:45:00","[""Unknown"",""Lap and Shoulder Belt Used"",""Unknown""]","Cloudy",0,33.747743,-84.387703,"Atlanta","FULTON","[""Motor Vehicle in Motion"",""Motor Vehicle in Motion""]","Improper Backing","[""Motor Vehicle in Motion"",""Motor Vehicle in Motion""]"
0,0,"Atlanta Police Department","2022-05-29","Ivan Allen Jr Blvd Nw and Centennial Olympic Park Dr Nw","(O) No Injury","Daylight","On Roadway - Roadway Intersection","Rear End","Ivan Allen Jr Blvd Nw","Dry","14:00:00","[""Unknown"",""Unknown""]","Clear",0,33.764642,-84.391926,"Atlanta","FULTON","[""Motor Vehicle in Motion"",""Motor Vehicle in Motion""]","Following Too Close","[""Motor Vehicle in Motion"",""Motor Vehicle in Motion""]"
0,0,"Atlanta Police Department","2022-05-29","None and Exit 10A Rp","(O) No Injury","Daylight","On Roadway - Non-Intersection","Sideswipe-Same Direction","Exit 10A Rp","Dry","08:00:00","[""Lap and Shoulder Belt Used"",""Lap and Shoulder Belt Used"",""Lap and Shoulder Belt Used""]","Clear",0,33.764202,-84.493575,"Atlanta","FULTON","[""Motor Vehicle in Motion"",""Motor Vehicle in Motion""]","Changed Lanes Improperly","[""Motor Vehicle in Motion"",""Motor Vehicle in Motion""]"
0,0,"Atlanta Police Department","2022-05-29","Barnett St Ne and St Charles Ave Ne","(O) No Injury","Dark-Lighted","On Roadway - Roadway Intersection","Angle Crash","Barnett St Ne","Dry","23:20:00","[""Unknown"",""Lap and Shoulder Belt Used""]","Clear",0,33.775424,-84.358717,"Atlanta","FULTON","[""Motor Vehicle in Motion"",""Motor Vehicle in Motion""]","Disregard Stop Sign/Signal","[""Motor Vehicle in Motion"",""Motor Vehicle in Motion""]"
0,0,"Atlanta Police Department","2022-05-29","Capitol Ave Se and Pollard Blvd Sw","(C) Possible Injury / Complaint","Daylight","On Roadway - Non-Intersection","Sideswipe-Same Direction","Capitol Ave Se","Dry","17:50:00","[""Lap and Shoulder Belt Used"",""Lap and Shoulder Belt Used""]","Clear",0,33.742988,-84.387798,"Atlanta","FULTON","[""Motor Vehicle in Motion"",""Motor Vehicle in Motion""]","Changed Lanes Improperly","[""Motor Vehicle in Motion"",""Motor Vehicle in Motion""]"
0,0,"Atlanta Police Department","2022-05-29","Chastain St Se and Woodward Ave Se","(O) No Injury","Dark-Lighted","Off Roadway","Not a Collision with Motor Vehicle","Chastain St Se","Dry","22:30:00","Unknown","Clear",0,33.745424,-84.363755,"Atlanta","FULTON","Other Non-Collision","Driver Lost Control","Fence"
0,0,"Atlanta Police Department","2022-05-29","None and I-75","(O) No Injury","Dark-Not Lighted","On Roadway - Roadway Intersection","Rear End","I-75","Dry","21:30:00","[""Unknown"",""Unknown"",""Unknown"",""Unknown"",""Unknown""]","Clear",0,33.748532,-84.384167,"Atlanta","FULTON","[""Motor Vehicle in Motion"",""Motor Vehicle in Motion"",""Motor Vehicle in Motion""]","Following Too Close","[""Motor Vehicle in Motion"",""Motor Vehicle in Motion"",""Motor Vehicle in Motion""]"
0,0,"Atlanta Police Department","2022-05-29","None and I-75 Exit 252B Rp","(O) No Injury","Dark-Lighted","Entrance/Exit Ramp","Not a Collision with Motor Vehicle","I-75 Exit 252B Rp","Dry","00:50:00","Lap and Shoulder Belt Used","Clear",0,33.804262,-84.410898,"Atlanta","FULTON","Other - Fixed Object","[""Under the Influence (U.I.)"",""Changed Lanes Improperly"",""Driver Condition""]","Other Object (Not Fixed)"
0,0,"Atlanta Police Department","2022-05-29","North Ave Nw and Spring St Nw","(C) Possible Injury / Complaint","Daylight","On Roadway - Driveway Intersection","Angle Crash","Spring St Nw","Dry","05:51:00","[""Lap and Shoulder Belt Used"",""Lap and Shoulder Belt Used""]","Clear",0,33.771239,-84.388836,"Atlanta","FULTON","[""Motor Vehicle in Motion"",""Motor Vehicle in Motion""]","[""Disregard Other Traffic Control"",""Disregard Other Traffic Control""]","[""Motor Vehicle in Motion"",""Motor Vehicle in Motion""]"
0,0,"Atlanta Police Department","2022-05-29","Williams St Nw and Ted Turner Dr Nw","(O) No Injury","Dark-Lighted","On Roadway - Non-Intersection","Angle Crash","Ted Turner Dr Nw","Dry","02:20:00","[""Unknown"",""Unknown""]","Clear",0,33.758829,-84.39006,"Atlanta","FULTON","[""Motor Vehicle in Motion"",""Motor Vehicle in Motion""]",,"[""Motor Vehicle in Motion"",""Motor Vehicle in Motion""]"
0,0,"Atlanta Police Department","2022-05-29","Ga-13 S and Peachtree St Ne","(O) No Injury","Daylight","On Roadway - Roadway Intersection","Angle Crash","Peachtree St Ne","Dry","16:52:00","[""Lap and Shoulder Belt Used"",""Lap and Shoulder Belt Used""]","Clear",0,33.799042,-84.391789,"Atlanta","FULTON","[""Motor Vehicle in Motion"",""Motor Vehicle in Motion""]","Changed Lanes Improperly","[""Motor Vehicle in Motion"",""Motor Vehicle in Motion""]"
0,0,"Atlanta Police Department","2022-05-29","Cleveland Ave Sw and Old Hapeville Rd Sw","(O) No Injury","Dark-Lighted","On Roadway - Roadway Intersection","Angle Crash","Old Hapeville Rd Sw","Dry","01:00:00","[""Unknown"",""Lap and Shoulder Belt Used""]","Clear",0,33.681119,-84.393686,"Atlanta","FULTON","[""Motor Vehicle in Motion"",""Motor Vehicle in Motion""]","Aggressive Driving","[""Motor Vehicle in Motion"",""Motor Vehicle in Motion""]"
0,1,"Atlanta Police Department","2022-05-29","Ryan St Sw and Campbellton Rd Sw","(B) Suspected Minor/Visible Injury","Daylight","On Roadway - Non-Intersection","Rear End","Campbellton Rd Sw","Dry","17:00:00","[""Unknown"",""Unknown""]","Clear",0,33.716319,-84.430347,"Atlanta","FULTON","[""Motor Vehicle in Motion"",""Motor Vehicle in Motion""]","Following Too Close","[""Motor Vehicle in Motion"",""Motor Vehicle in Motion""]"
0,0,"Atlanta Police Department","2022-05-29","I-20 W and I-20 Exit 53","(O) No Injury","Dark-Lighted","On Roadway - Driveway Intersection","Sideswipe-Same Direction","I-20 Exit 53","Dry","22:15:00","[""Unknown"",""Unknown""]","Clear",0,33.749319,-84.44215,"Atlanta","FULTON","[""Motor Vehicle in Motion"",""Motor Vehicle in Motion""]","Changed Lanes Improperly","[""Motor Vehicle in Motion"",""Motor Vehicle in Motion""]"
0,0,"Atlanta Police Department","2022-05-29","Grant St Se and Decatur St Se","(O) No Injury","Daylight","On Roadway - Non-Intersection","Angle Crash","Decatur St Se","Dry","15:02:00","Lap and Shoulder Belt Used","Clear",0,33.750068,-84.377333,"Atlanta","FULTON","[""Motor Vehicle in Motion"",""Motor Vehicle in Motion""]",,"[""Motor Vehicle in Motion"",""Motor Vehicle in Motion""]"
0,0,"Atlanta Police Department","2022-05-29","Peachtree Rd Ne and Colonial Homes Drive","(O) No Injury","Dusk","On Roadway - Driveway Intersection","Angle Crash","Peachtree Rd Ne","Dry","19:00:00","[""Unknown"",""Unknown"",""Unknown"",""Unknown"",""Unknown"",""Unknown"",""Unknown""]","Clear",0,33.81314,-84.392499,"Atlanta","FULTON","[""Motor Vehicle in Motion"",""Motor Vehicle in Motion""]",,"[""Motor Vehicle in Motion"",""Motor Vehicle in Motion""]"
0,0,"Atlanta Police Department","2022-05-29","Mcdaniel St Sw and Fletcher St Sw","(O) No Injury","Dark-Lighted","On Roadway - Non-Intersection","Sideswipe-Same Direction","Fletcher St Sw","Dry","02:00:00","Unknown","Clear",0,33.725694,-84.401435,"Atlanta","FULTON","[""Motor Vehicle in Motion"",""Parked Motor Vehicle""]",,"[""Motor Vehicle in Motion"",""Parked Motor Vehicle""]"
0,0,"Gsp Post 00","2022-05-29","Cleveland Avenue Sw and I-75 Northbound Exit Ramp","(O) No Injury","Daylight","Off Roadway","Not a Collision with Motor Vehicle","I-75 Northbound Exit Ramp","Dry","14:23:00","Lap and Shoulder Belt Used","Clear",0,33.681114,-84.397876,"Atlanta","FULTON","Curb","[""Reckless Driving"",""Disregard Police - Evasion"",""Driver Lost Control"",""Too Fast for Conditions""]","Guard Rail Fence"
0,0,"Atlanta Police Department","2022-05-29","Cleveland Ave Se and Gulf Vista Apartments","(C) Possible Injury / Complaint","Dark-Lighted","On Roadway - Bicycle Lane","Head On","Cleveland Ave Se","Dry","00:45:00","[""Unknown"",""Unknown"",""Shoulder Belt Only Used"",""Shoulder Belt Only Used""]","Clear",0,33.680599,-84.374324,"Atlanta","FULTON","[""Motor Vehicle in Motion"",""Motor Vehicle in Motion""]","Changed Lanes Improperly","[""Motor Vehicle in Motion"",""Motor Vehicle in Motion""]"
0,0,"Atlanta Police Department","2022-05-29","Park Dr Ne and Monroe Dr Ne","(O) No Injury","Daylight","On Roadway - Roadway Intersection","Angle Crash","Monroe Dr Ne","Dry","17:30:00","[""Lap and Shoulder Belt Used"",""Lap and Shoulder Belt Used"",""Lap and Shoulder Belt Used"",""Lap and Shoulder Belt Used""]","Cloudy",0,33.785668,-84.367459,"Atlanta","FULTON","[""Motor Vehicle in Motion"",""Motor Vehicle in Motion""]","Improper Turn","[""Motor Vehicle in Motion"",""Motor Vehicle in Motion""]"
0,0,"Atlanta Police Department","2022-05-29","Elm St Nw and Joseph E Boone Blvd Nw","(O) No Injury","Daylight","On Roadway - Non-Intersection","Sideswipe-Same Direction","Elm St Nw","Dry","17:00:00","None Used","Clear",0,33.763442,-84.408866,"Atlanta","FULTON","[""Motor Vehicle in Motion"",""Parked Motor Vehicle""]","No Signal/Improper Signal","[""Motor Vehicle in Motion"",""Parked Motor Vehicle""]"
0,0,"Atlanta Police Department","2022-05-29","Howell Mill Rd Nw and Chattahoochee Ave Nw","(O) No Injury","Dark-Lighted","On Roadway - Roadway Intersection","Angle Crash","Chattahoochee Ave Nw","Dry","20:50:00","[""Unknown"",""Lap and Shoulder Belt Used""]","Clear",0,33.799597,-84.416011,"Atlanta","FULTON","[""Motor Vehicle in Motion"",""Motor Vehicle in Motion""]","Improper Backing","[""Motor Vehicle in Motion"",""Motor Vehicle in Motion""]"
0,0,"Atlanta Police Department","2022-05-29","Peyton Rd Sw and Martin Luther King Jr Dr Sw","(C) Possible Injury / Complaint","Daylight","On Roadway - Roadway Intersection","Angle Crash","Peyton Rd Sw","Dry","12:47:00","[""Unknown"",""Unknown"",""Unknown"",""Unknown""]","Clear",0,33.752044,-84.468129,"Atlanta","FULTON","[""Motor Vehicle in Motion"",""Motor Vehicle in Motion""]","Failure to Yield","[""Motor Vehicle in Motion"",""Motor Vehicle in Motion""]"
0,0,"Atlanta Police Department","2022-05-29","14Th St Nw and State St Nw","(C) Possible Injury / Complaint","Daylight","On Roadway - Roadway Intersection","Angle Crash","14Th St Nw","Dry","14:32:00","[""Unknown"",""Unknown"",""Unknown""]","Clear",0,33.786174,-84.398736,"Atlanta","FULTON","[""Motor Vehicle in Motion"",""Motor Vehicle in Motion""]",,"[""Motor Vehicle in Motion"",""Motor Vehicle in Motion""]"
0,2,"Atlanta Police Department","2022-05-29","None and Langford Pkwy","(B) Suspected Minor/Visible Injury","Daylight","On Roadway - Non-Intersection","Rear End","Langford Pkwy","Dry","16:00:00","[""Unknown"",""Unknown"",""Unknown""]","Clear",0,33.696468,-84.407195,"Atlanta","FULTON","[""Motor Vehicle in Motion"",""Motor Vehicle in Motion""]","Following Too Close","Motor Vehicle in Motion"
0,0,"Atlanta Police Department","2022-05-29","Ga-400 and Lenox Rd Ne","(C) Possible Injury / Complaint","Daylight","On Roadway - Roadway Intersection","Angle Crash","Ga-400","Dry","15:45:00","[""Shoulder Belt Only Used"",""Shoulder Belt Only Used"",""Shoulder Belt Only Used""]","Clear",0,33.85174,-84.369975,"Atlanta","FULTON","[""Motor Vehicle in Motion"",""Motor Vehicle in Motion""]","[""Failure to Yield"",""Failure to Yield""]","[""Motor Vehicle in Motion"",""Motor Vehicle in Motion""]"
0,0,"Atlanta Police Department","2022-05-29","Brady Ave Nw and Howell Mill Rd Nw","(O) No Injury","Daylight","On Roadway - Roadway Intersection","Sideswipe-Same Direction","Brady Ave Nw","Dry","15:00:00","[""Unknown"",""Unknown""]","Clear",0,33.78406,-84.411899,"Atlanta","FULTON","[""Motor Vehicle in Motion"",""Motor Vehicle in Motion""]",,"[""Parked Motor Vehicle"",""Parked Motor Vehicle""]"
0,0,"Atlanta Police Department","2022-05-29","W Wesley Rd Nw and Northside Dr Nw","(O) No Injury","Daylight","On Roadway - Roadway Intersection","Sideswipe-Same Direction","Northside Dr Nw","Dry","20:00:00","[""Lap and Shoulder Belt Used"",""Lap and Shoulder Belt Used""]","Clear",0,33.828379,-84.4075,"Atlanta","FULTON","[""Motor Vehicle in Motion"",""Motor Vehicle in Motion""]","Changed Lanes Improperly","[""Motor Vehicle in Motion"",""Motor Vehicle in Motion""]"
0,0,"Atlanta Police Department","2022-05-29","Lena St Nw and Ollie St Nw","(O) No Injury","Dark-Lighted","On Roadway - Non-Intersection","Head On","Ollie St Nw","Dry","15:40:00","Unknown","Clear",0,33.756657,-84.421255,"Atlanta","FULTON","[""Parked Motor Vehicle"",""Motor Vehicle in Motion""]","Reckless Driving","[""Parked Motor Vehicle"",""Motor Vehicle in Motion""]"