"# Serious Injuries","# Visible Injuries","Agency Name (Crash Level) ","Date","Intersection Name (from Crash Report)","KABCO Severity","Light Conditions (Crash Level)","Location at Impact (Crash Level) ","Manner of Collision (Crash Level) ","Roadway (From Crash Report)","Surface Condition (Crash Level) ","Time","Safety Equipment (Crash Level) ","Weather Conditions (Crash Level)","# of Fatalities per Crash","Latitude","Longitude","Geolocated City","Geolocated County","First Harmful Event (Unit Order)","Operator/Pedestrian Contrib Factor (excl None, Other, No Contrib Factors)","Most Harmful Event (Crash Level)"
0,0,"Atlanta Police Department","2022-05-29","Flat Shoals Rd Se and Fayetteville Rd Se","(O) No Injury","Daylight","On Roadway - Driveway Intersection","Angle Crash","Flat Shoals Rd Se","Dry","17:21:00","[""Lap and Shoulder Belt Used"",""Lap and Shoulder Belt Used"",""Lap and Shoulder Belt Used""]","Clear",0,33.726282,-84.323156,"Atlanta","DEKALB","[""Motor Vehicle in Motion"",""Motor Vehicle in Motion""]","Failure to Yield","[""Motor Vehicle in Motion"",""Motor Vehicle in Motion""]"
0,0,"Atlanta Police Department","2022-05-29","Parkway Dr Ne and Ponce De Leon Ave Ne","(C) Possible Injury / Complaint","Daylight","Off Roadway","Not a Collision with Motor Vehicle","Parkway Dr Ne","Dry","14:40:00","Unknown","Clear",0,33.772752,-84.372786,"Atlanta","FULTON","Utility Pole",,"Utility Pole"
0,0,"Atlanta Police Department","2022-05-29","Martina Dr Ne and Piedmont Rd Ne","(C) Possible Injury / Complaint","Dark-Lighted","On Roadway - Roadway Intersection","Angle Crash","Piedmont Rd Ne","Dry","00:45:00","[""Lap and Shoulder Belt Used"",""Lap and Shoulder Belt Used"",""Lap and Shoulder Belt Used"",""Lap and Shoulder Belt Used"",""Lap and Shoulder Belt Used""]","Clear",0,33.84206,-84.370574,"Atlanta","FULTON","[""Motor Vehicle in Motion"",""Motor Vehicle in Motion""]","[""Failure to Yield"",""Improper Turn""]","[""Motor Vehicle in Motion"",""Motor Vehicle in Motion""]"
0,0,"Atlanta Police Department","2022-05-29","Walnut St Nw and Joseph E Boone Blvd Nw","(C) Possible Injury / Complaint","Daylight","On Roadway - Roadway Intersection","Angle Crash","Joseph E Boone Blvd Nw","Dry","12:00:00","[""Lap and Shoulder Belt Used"",""Lap and Shoulder Belt Used"",""Lap and Shoulder Belt Used""]","Clear",0,33.763441,-84.406415,"Atlanta","FULTON","[""Motor Vehicle in Motion"",""Motor Vehicle in Motion""]",,"[""Motor Vehicle in Motion"",""Motor Vehicle in Motion""]"
0,0,"Atlanta Police Department","2022-05-29","None and I-85","(O) No Injury","Daylight","On Roadway - Non-Intersection","Not a Collision with Motor Vehicle","I-85","Dry","15:35:00","[""Lap and Shoulder Belt Used"",""Lap and Shoulder Belt Used"",""Lap and Shoulder Belt Used"",""Lap and Shoulder Belt Used""]","Clear",0,33.815986,-84.36373,"Atlanta","FULTON","[""Motor Vehicle in Motion"",""Motor Vehicle in Motion"",""Motor Vehicle in Motion""]",,"[""Motor Vehicle in Motion"",""Motor Vehicle in Motion"",""Motor Vehicle in Motion""]"
0,0,"Atlanta Police Department","2022-05-29","Commerce Dr Nw and Bellemeade Ave Nw","(O) No Injury","Daylight","On Roadway - Roadway Intersection","Rear End","Bellemeade Ave Nw","Dry","17:00:00","[""Unknown"",""Lap and Shoulder Belt Used""]","Clear",0,33.800334,-84.411226,"Atlanta","FULTON","[""Motor Vehicle in Motion"",""Motor Vehicle in Motion""]","Following Too Close","[""Motor Vehicle in Motion"",""Motor Vehicle in Motion""]"
0,0,"Atlanta Police Department","2022-05-29","Bolton Pkwy and Bolton Rd Nw","(O) No Injury","Daylight","On Roadway - Driveway Intersection","Angle Crash","Bolton Rd Nw","Dry","10:00:00","[""Unknown"",""Lap and Shoulder Belt Used""]","Clear",0,33.781046,-84.498265,"Atlanta","FULTON","[""Motor Vehicle in Motion"",""Motor Vehicle in Motion""]","[""Reckless Driving"",""Driver Condition"",""Too Fast for Conditions"",""Under the Influence (U.I.)""]","[""Motor Vehicle in Motion"",""Motor Vehicle in Motion""]"
0,0,"Atlanta Police Department","2022-05-29","None and I-75","(C) Possible Injury / Complaint","Dark-Lighted","On Roadway - Managed Lane (HOV, HOT, Reversible)","Angle Crash","I-75","Dry","03:30:00","[""Lap and Shoulder Belt Used"",""Lap and Shoulder Belt Used"",""Lap and Shoulder Belt Used"",""Lap and Shoulder Belt Used"",""Lap and Shoulder Belt Used"",""Lap and Shoulder Belt Used"",""Lap and Shoulder Belt Used""]","Clear",0,33.762364,-84.381801,"Atlanta","FULTON","[""Motor Vehicle in Motion"",""Motor Vehicle in Motion"",""Motor Vehicle in Motion"",""Motor Vehicle in Motion""]","[""Following Too Close"",""Changed Lanes Improperly""]","[""Motor Vehicle in Motion"",""Motor Vehicle in Motion"",""Motor Vehicle in Motion"",""Parked Motor Vehicle""]"
0,0,"Atlanta Police Department","2022-05-29","Lenox Rd Ne and Canterbury Rd Ne","(C) Possible Injury / Complaint","Daylight","On Roadway - Non-Intersection","Rear End","Lenox Rd Ne","Dry","15:01:00","[""Lap and Shoulder Belt Used"",""Lap and Shoulder Belt Used""]","Clear",0,33.827345,-84.354613,"Atlanta","FULTON","[""Motor Vehicle in Motion"",""Motor Vehicle in Motion""]","Following Too Close","[""Motor Vehicle in Motion"",""Motor Vehicle in Motion""]"
0,0,"Atlanta Police Department","2022-05-29","Moreland Ave Ne and Mansfield Ave Ne","(O) No Injury","Daylight","On Roadway - Non-Intersection","Rear End","Moreland Ave Ne","Dry","16:00:00","[""Lap and Shoulder Belt Used"",""Lap and Shoulder Belt Used"",""Lap and Shoulder Belt Used""]","Clear",0,33.767638,-84.349037,"Atlanta","FULTON","[""Motor Vehicle in Motion"",""Motor Vehicle in Motion""]","Following Too Close","[""Motor Vehicle in Motion"",""Motor Vehicle in Motion""]"
0,0,"Atlanta Police Department","2022-05-29","12Th St Ne and Piedmont Ave Ne","(O) No Injury","Dark-Lighted","On Roadway - Roadway Intersection","Rear End","Piedmont Ave Ne","Dry","01:00:00","Unknown","Clear",0,33.784341,-84.378868,"Atlanta","FULTON","[""Motor Vehicle in Motion"",""Motor Vehicle in Motion"",""Motor Vehicle in Motion""]","[""Driver Lost Control"",""Driver Condition""]","[""Motor Vehicle in Motion"",""Motor Vehicle in Motion"",""Motor Vehicle in Motion""]"
1,0,"Atlanta Police Department","2022-05-29","I-85 and Ga-400 N","(A) Suspected Serious Injury","Dark-Lighted","On Roadway - Managed Lane (HOV, HOT, Reversible)","Sideswipe-Same Direction","I-85","Dry","05:26:00","[""Unknown"",""Unknown"",""Unknown"",""Unknown"",""Unknown""]","Clear",0,33.820963,-84.359881,"Atlanta","FULTON","[""Motor Vehicle in Motion"",""Motor Vehicle in Motion"",""Motor Vehicle in Motion"",""Motor Vehicle in Motion""]","[""Changed Lanes Improperly"",""Under the Influence (U.I.)""]","[""Motor Vehicle in Motion"",""Motor Vehicle in Motion"",""Motor Vehicle in Motion"",""Motor Vehicle in Motion""]"
0,0,"Atlanta Police Department","2022-05-29","Martin St Se and Fulton St Se","(O) No Injury","Daylight","On Roadway - Non-Intersection","Not a Collision with Motor Vehicle","Fulton St Se","Dry","10:45:00","Lap and Shoulder Belt Used","Clear",0,33.742013,-84.384902,"Atlanta","FULTON","Other Non-Collision","Driver Lost Control","Utility Pole"
0,0,"Atlanta Police Department","2022-05-29","Baker St Ne and Courtland St Ne","(O) No Injury","Dark-Not Lighted","On Roadway - Roadway Intersection","Angle Crash","Courtland St Ne","Dry","00:00:00","[""Unknown"",""Unknown""]","Clear",0,33.762204,-84.384155,"Atlanta","FULTON","[""Motor Vehicle in Motion"",""Motor Vehicle in Motion""]","Improper Turn","[""Motor Vehicle in Motion"",""Motor Vehicle in Motion""]"
0,0,"Atlanta Police Department","2022-05-29","Williams St Nw and Ivan Allen Jr Blvd Nw","(O) No Injury","Dark-Lighted","On Roadway - Roadway Intersection","Sideswipe-Opposite Direction","Ivan Allen Jr Blvd Nw","Dry","02:01:00","[""Unknown"",""Unknown"",""Unknown"",""Unknown""]","Clear",0,33.764674,-84.390349,"Atlanta","FULTON","[""Motor Vehicle in Motion"",""Motor Vehicle in Motion""]","Improper Turn","[""Motor Vehicle in Motion"",""Motor Vehicle in Motion""]"
0,0,"Atlanta Police Department","2022-05-29","Jamaica Rd Nw and Harwell Rd Nw","(C) Possible Injury / Complaint","Daylight","Off Roadway","Not a Collision with Motor Vehicle","Harwell Rd Nw","Dry","17:00:00","[""Lap and Shoulder Belt Used"",""Lap and Shoulder Belt Used""]","Clear",0,33.778595,-84.494981,"Atlanta","FULTON","Other - Fixed Object",,"Other - Fixed Object"
0,0,"Atlanta Police Department","2022-05-29","Memorial Dr Se and Bill Kennedy Way Se","(C) Possible Injury / Complaint","Daylight","On Roadway - Non-Intersection","Angle Crash","Memorial Dr Se","Dry","19:00:00","[""Unknown"",""Unknown""]","Clear",0,33.746589,-84.357886,"Atlanta","FULTON","[""Motor Vehicle in Motion"",""Motor Vehicle in Motion""]","Failure to Yield","[""Motor Vehicle in Motion"",""Motor Vehicle in Motion""]"
0,0,"Atlanta Police Department","2022-05-29","Ethel St Nw and Northside Dr Nw","(O) No Injury","Dark-Lighted","Off Roadway","Angle Crash","Northside Dr Nw","Dry","02:20:00","[""Unknown"",""Unknown""]","Clear",0,33.784364,-84.407458,"Atlanta","FULTON","[""Motor Vehicle in Motion"",""Motor Vehicle in Motion""]","[""Misjudged Clearance"",""Under the Influence (U.I.)""]","[""Motor Vehicle in Motion"",""Impact Attenuate""]"
0,0,"Atlanta Police Department","2022-05-29","Western Ave Nw and Northside Dr Nw","(O) No Injury","Daylight","On Roadway - Managed Lane (HOV, HOT, Reversible)","Sideswipe-Same Direction","Western Ave Nw","Dry","19:55:00","[""Unknown"",""Unknown""]","Clear",0,33.764903,-84.403956,"Atlanta","FULTON","[""Motor Vehicle in Motion"",""Motor Vehicle in Motion""]","Changed Lanes Improperly","[""Motor Vehicle in Motion"",""Motor Vehicle in Motion""]"
0,0,"Atlanta Police Department","2022-05-29","None and I-75","(O) No Injury","Daylight","On Roadway - Non-Intersection","Rear End","I-75","Dry","12:42:00","[""Unknown"",""Unknown""]","Clear",0,33.75377,-84.378516,"Atlanta","FULTON","[""Motor Vehicle in Motion"",""Motor Vehicle in Motion""]","Following Too Close","[""Motor Vehicle in Motion"",""Motor Vehicle in Motion""]"
0,0,"Atlanta Police Department","2022-05-29","None and 75 85 Nb Expy Ne   Andrew Young  Ne Rp","(O) No Injury","Dark-Not Lighted","On Roadway - Non-Intersection","Rear End","75 85 Nb Expy Ne   Andrew Young  Ne Rp","Dry","22:33:00","[""Unknown"",""Unknown""]","Clear",0,33.745549,-84.373913,"Atlanta","FULTON","[""Motor Vehicle in Motion"",""Motor Vehicle in Motion""]","Following Too Close","[""Motor Vehicle in Motion"",""Motor Vehicle in Motion""]"
0,0,"Atlanta Police Department","2022-05-30","Ga-13 N and Peachtree St Ne","(O) No Injury","Dark-Lighted","Off Roadway - Sidewalk","Not a Collision with Motor Vehicle","Peachtree St Ne","Dry","01:09:00","Unknown","Clear",0,33.798729,-84.391472,"Atlanta","FULTON","Other Non-Collision","Under the Influence (U.I.)","Tree"
0,0,"Atlanta Police Department","2022-05-30","Faith Ave Se and Moreland Ave Se","(O) No Injury","Daylight","Entrance/Exit Ramp","Rear End","Faith Ave Se","Dry","08:00:00","[""Lap and Shoulder Belt Used"",""Lap and Shoulder Belt Used""]","Cloudy",0,33.743324,-84.34947,"Atlanta","FULTON","[""Motor Vehicle in Motion"",""Motor Vehicle in Motion""]","[""Following Too Close"",""Following Too Close""]","[""Motor Vehicle in Motion"",""Motor Vehicle in Motion""]"
0,0,"Atlanta Police Department","2022-05-30","Bronx St Nw and Arcadia Cir Nw","(O) No Injury","Dark-Lighted","On Roadway - Non-Intersection","Head On","Bronx St Nw","Dry","20:00:00",,"Clear",0,33.757652,-84.427522,"Atlanta","FULTON","[""Motor Vehicle in Motion"",""Parked Motor Vehicle"",""Parked Motor Vehicle""]","Reckless Driving","[""Motor Vehicle in Motion"",""Parked Motor Vehicle"",""Parked Motor Vehicle""]"
0,0,"Atlanta Police Department","2022-05-30","Poole Pl Sw and W Whitehall St Sw","(O) No Injury","Daylight","On Roadway - Driveway Intersection","Angle Crash","W Whitehall St Sw","Dry","18:20:00","[""Unknown"",""Unknown""]","Clear",0,33.739026,-84.41273,"Atlanta","FULTON","[""Motor Vehicle in Motion"",""Motor Vehicle in Motion""]","Failure to Yield","[""Motor Vehicle in Motion"",""Motor Vehicle in Motion""]"
0,0,"Atlanta Police Department","2022-05-30","Vine St Nw and Foundry St Nw","(O) No Injury","Dark-Lighted","On Roadway - Roadway Intersection","Angle Crash","Vine St Nw","Dry","00:32:00","[""Unknown"",""Unknown""]","Clear",0,33.759269,-84.407745,"Atlanta","FULTON","[""Motor Vehicle in Motion"",""Motor Vehicle in Motion"",""Motor Vehicle in Motion""]","Disregard Stop Sign/Signal","[""Motor Vehicle in Motion"",""Motor Vehicle in Motion"",""Motor Vehicle in Motion""]"
0,1,"Atlanta Police Department","2022-05-30","Delowe Dr Sw and Campbellton Rd Sw","(B) Suspected Minor/Visible Injury","Daylight","On Roadway - Non-Intersection","Angle Crash","Campbellton Rd Sw","Dry","17:57:00","[""Unknown"",""Unknown"",""Unknown"",""Unknown""]","Clear",0,33.706429,-84.457498,"Atlanta","FULTON","[""Motor Vehicle in Motion"",""Motor Vehicle in Motion""]","Improper Turn","[""Motor Vehicle in Motion"",""Motor Vehicle in Motion""]"
0,0,"Gsp Post 00","2022-05-30","I-85 S and Georgia 400","(O) No Injury","Daylight","On Roadway - Non-Intersection","Sideswipe-Same Direction","I-85 S","Dry","11:45:00","[""Lap and Shoulder Belt Used"",""Lap and Shoulder Belt Used""]","Clear",0,33.823223,-84.35617,"Atlanta","FULTON","[""Motor Vehicle in Motion"",""Motor Vehicle in Motion""]",,"[""Motor Vehicle in Motion"",""Motor Vehicle in Motion""]"
0,0,"Atlanta Police Department","2022-05-30","10Th St Nw and Williams St Nw","(C) Possible Injury / Complaint","Dark-Not Lighted","On Roadway - Roadway Intersection","Angle Crash","Williams St Nw","Dry","21:00:00","[""Unknown"",""Unknown"",""Unknown"",""Unknown"",""Unknown""]","Clear",0,33.781518,-84.390551,"Atlanta","FULTON","[""Motor Vehicle in Motion"",""Motor Vehicle in Motion""]","[""Disregard Other Traffic Control"",""Disregard Other Traffic Control""]","[""Motor Vehicle in Motion"",""Motor Vehicle in Motion""]"
0,0,"Atlanta Police Department","2022-05-30","Waters Dr Sw and N Olympian Way Sw","(O) No Injury","Daylight","On Roadway - Non-Intersection","Angle Crash","N Olympian Way Sw","Dry","16:07:00","[""Lap and Shoulder Belt Used"",""Lap Belt Only Used"",""Lap and Shoulder Belt Used""]","Clear",0,33.736296,-84.443878,"Atlanta","FULTON","[""Motor Vehicle in Motion"",""Motor Vehicle in Motion""]","Improper Backing","[""Motor Vehicle in Motion"",""Motor Vehicle in Motion""]"
0,1,"Atlanta Police Department","2022-05-30","Monroe Dr Ne and Ponce De Leon Ave Ne","(B) Suspected Minor/Visible Injury","Dark-Lighted","On Roadway - Non-Intersection","Not a Collision with Motor Vehicle","Monroe Dr Ne","Dry","21:30:00","[""Unknown"",""Unknown""]","Cloudy",0,33.773956,-84.370902,"Atlanta","FULTON","[""Pedestrian"",""Pedestrian""]",,"Pedestrian"
0,0,"Atlanta Police Department","2022-05-30","8Th St Ne and Charles Allen Dr Ne","(O) No Injury","Daylight","On Roadway - Non-Intersection","Sideswipe-Opposite Direction","8Th St Ne","Dry","11:00:00","Lap and Shoulder Belt Used","Clear",0,33.779483,-84.372921,"Atlanta","FULTON","[""Motor Vehicle in Motion"",""Motor Vehicle in Motion""]","Wrong Side of Road","[""Motor Vehicle in Motion"",""Motor Vehicle in Motion""]"
0,0,"Gsp Post 00","2022-05-30","None and Joseph E Lowery Blvd Nw","(O) No Injury","Daylight","On Roadway - Non-Intersection","Angle Crash","Joseph E Lowery Blvd Nw","Dry","14:18:00","[""None Used"",""Lap and Shoulder Belt Used"",""Lap and Shoulder Belt Used""]","Clear",0,33.766011,-84.417451,"Atlanta","FULTON","[""Motor Vehicle in Motion"",""Motor Vehicle in Motion""]","[""Disregard Police - Evasion"",""Reckless Driving""]","[""Over Turn"",""Motor Vehicle in Motion""]"
0,0,"Gsp Post 00","2022-05-30","Pryor Rd and I-7558 N","(O) No Injury","Daylight","On Roadway - Non-Intersection","Sideswipe-Same Direction","I-7558 N","Dry","14:31:00","[""Motorcycle Helmet"",""Lap and Shoulder Belt Used""]","Clear",0,33.741894,-84.392006,"Atlanta","FULTON","[""Motor Vehicle in Motion"",""Motor Vehicle in Motion""]",,"[""Motor Vehicle in Motion"",""Motor Vehicle in Motion""]"
0,0,"Gsp Post 00","2022-05-30","None and I-285Nb Entrance Ramp From Mlk","(C) Possible Injury / Complaint","Daylight","Entrance/Exit Ramp","Rear End","I-285Nb Entrance Ramp From Mlk","Dry","09:38:00","[""Lap and Shoulder Belt Used"",""Lap and Shoulder Belt Used""]","Clear",0,33.752037,-84.49502,"Atlanta","FULTON","[""Motor Vehicle in Motion"",""Motor Vehicle in Motion""]","Following Too Close","[""Motor Vehicle in Motion"",""Motor Vehicle in Motion""]"
0,0,"Gsp Post 00","2022-05-30","Lenox Rd and Ga-400 Nb","(O) No Injury","Daylight","Entrance/Exit Ramp","Rear End","Lenox Rd","Dry","12:43:00","[""Lap and Shoulder Belt Used"",""Lap and Shoulder Belt Used""]","Clear",0,33.852652,-84.369516,"Atlanta","FULTON","[""Motor Vehicle in Motion"",""Motor Vehicle in Motion""]","Following Too Close","[""Motor Vehicle in Motion"",""Motor Vehicle in Motion""]"
0,0,"Atlanta Police Department","2022-05-30","14Th St Nw and Northside Dr Nw","(O) No Injury","Daylight","On Roadway - In Crosswalk","Not a Collision with Motor Vehicle","14Th St Nw","Dry","02:07:00","Unknown","Clear",0,33.786224,-84.407445,"Atlanta","FULTON","[""Pedestrian"",""Motor Vehicle in Motion""]","[""Disregard Police - Traffic Control"",""Failure to Yield""]","Pedestrian"
0,0,"Atlanta Police Department","2022-05-30","Campbellton Rd Sw and Qls Haven Condominiums","(O) No Injury","Dark-Lighted","On Roadway - Non-Intersection","Not a Collision with Motor Vehicle","Campbellton Rd Sw","Dry","02:05:00","Unknown","Clear",0,33.710124,-84.448228,"Atlanta","FULTON","Animal",,"Animal"
0,0,"Atlanta Police Department","2022-05-30","E Wesley Rd Ne and Peachtree Rd Ne","(C) Possible Injury / Complaint","Dark-Lighted","Off Roadway","Rear End","Peachtree Rd Ne","Dry","21:30:00","[""Lap and Shoulder Belt Used"",""Lap and Shoulder Belt Used""]","Clear",0,33.829724,-84.387271,"Atlanta","FULTON","[""Other - Fixed Object"",""Motor Vehicle in Motion""]","Driver Lost Control","[""Other - Fixed Object"",""Motor Vehicle in Motion""]"
0,0,"Atlanta Police Department","2022-05-30","Loridans Dr Ne and Tree Haven Dr Ne","(O) No Injury","Daylight","On Roadway - Roadway Intersection","Rear End","Loridans Dr Ne","Dry","18:00:00","[""Unknown"",""Unknown""]","Cloudy",0,33.872532,-84.370895,"Atlanta","FULTON","[""Motor Vehicle in Motion"",""Motor Vehicle in Motion""]","Following Too Close","[""Motor Vehicle in Motion"",""Motor Vehicle in Motion""]"
1,0,"Atlanta Police Department","2022-05-30","I-20 E and Hamilton E Holmes Dr Nw","(A) Suspected Serious Injury","Dark-Lighted","Off Roadway","Not a Collision with Motor Vehicle","Hamilton E Holmes Dr Nw","Dry","04:17:00","Lap and Shoulder Belt Used","Clear",0,33.756379,-84.468855,"Atlanta","FULTON","Other Non-Collision","Driver Lost Control","Fire/Explosion"
0,0,"Atlanta Police Department","2022-05-30","Edgewood Ave Se and Peachtree St Ne","(O) No Injury","Daylight","On Roadway - Non-Intersection","Sideswipe-Same Direction","Peachtree St Ne","Dry","17:07:00","Unknown","Clear",0,33.754508,-84.389566,"Atlanta","FULTON","[""Motor Vehicle in Motion"",""Parked Motor Vehicle""]","Parked Improperly","[""Motor Vehicle in Motion"",""Parked Motor Vehicle""]"
0,0,"Atlanta Police Department","2022-05-30","Fern Ave Se and Milton Ave Se","(O) No Injury","Dark-Lighted","On Roadway - Managed Lane (HOV, HOT, Reversible)","Rear End","Milton Ave Se","Dry","00:15:00","Unknown","Clear",0,33.723706,-84.385412,"Atlanta","FULTON","[""Motor Vehicle in Motion"",""Motor Vehicle in Motion"",""Motor Vehicle in Motion""]","Reckless Driving","[""Motor Vehicle in Motion"",""Motor Vehicle in Motion"",""Motor Vehicle in Motion""]"
0,2,"Gsp Post 00","2022-05-30","I-20 Wb and Hill Street","(B) Suspected Minor/Visible Injury","Daylight","On Roadway - Non-Intersection","Sideswipe-Same Direction","I-20 Wb","Dry","10:50:00","[""Lap and Shoulder Belt Used"",""Lap and Shoulder Belt Used""]","Clear",0,33.74347,-84.380326,"Atlanta","FULTON","[""Motor Vehicle in Motion"",""Motor Vehicle in Motion""]","Changed Lanes Improperly","[""Median Barrier"",""Median Barrier""]"
0,0,"Atlanta Police Department","2022-05-30","Boulevard Se and Memorial Dr Se","(O) No Injury","Dark-Lighted","On Roadway - Roadway Intersection","Rear End","Boulevard Se","Water (standing or moving)","20:30:00","[""Lap and Shoulder Belt Used"",""Lap and Shoulder Belt Used""]","Rain",0,33.746695,-84.368096,"Atlanta","FULTON","[""Motor Vehicle in Motion"",""Motor Vehicle in Motion""]","Aggressive Driving","[""Motor Vehicle in Motion"",""Motor Vehicle in Motion""]"
0,0,"Atlanta Police Department","2022-05-30","Garson Dr Ne and Piedmont Rd Ne","(O) No Injury","Dark-Lighted","On Roadway - Roadway Intersection","Rear End","Garson Dr Ne","Dry","20:40:00","[""Unknown"",""Lap and Shoulder Belt Used""]","Clear",0,33.817657,-84.367135,"Atlanta","FULTON","[""Motor Vehicle in Motion"",""Motor Vehicle in Motion""]","[""Following Too Close"",""Inattentive or Other Distraction (Distracted)""]","[""Motor Vehicle in Motion"",""Motor Vehicle in Motion""]"
0,0,"Atlanta Police Department","2022-05-30","None and Exit 2 Rp","(C) Possible Injury / Complaint","Dark-Lighted","On Roadway - Managed Lane (HOV, HOT, Reversible)","Rear End","Exit 2 Rp","Dry","03:35:00","[""Unknown"",""Unknown"",""Shoulder Belt Only Used"",""Shoulder Belt Only Used""]","Clear",0,33.856389,-84.369777,"Atlanta","FULTON","[""Motor Vehicle in Motion"",""Motor Vehicle in Motion"",""Motor Vehicle in Motion""]","Following Too Close","[""Motor Vehicle in Motion"",""Motor Vehicle in Motion"",""Motor Vehicle in Motion""]"
0,0,"Atlanta Police Department","2022-05-30","Walker St Sw and Peters St Sw","(C) Possible Injury / Complaint","Dark-Lighted","On Roadway - Non-Intersection","Rear End","Peters St Sw","Dry","03:40:00","Unknown","Clear",0,33.746151,-84.403194,"Atlanta","FULTON","[""Parked Motor Vehicle"",""Motor Vehicle in Motion"",""Motor Vehicle in Motion""]","[""Driver Condition"",""Reckless Driving"",""Under the Influence (U.I.)""]","[""Parked Motor Vehicle"",""Motor Vehicle in Motion"",""Motor Vehicle in Motion""]"
0,0,"Atlanta Police Department","2022-05-30","Ga-400 and Lenox Rd Ne","(O) No Injury","Daylight","On Roadway - Non-Intersection","Rear End","Ga-400","Dry","11:45:00","[""Lap and Shoulder Belt Used"",""Lap and Shoulder Belt Used""]","Clear",0,33.851755,-84.369533,"Atlanta","FULTON","[""Motor Vehicle in Motion"",""Motor Vehicle in Motion""]","Following Too Close","[""Motor Vehicle in Motion"",""Motor Vehicle in Motion""]"
0,0,"Atlanta Police Department","2022-05-30","I-75 and Andrew Young International Blvd Ne","(C) Possible Injury / Complaint","Dark-Lighted","Entrance/Exit Ramp","Head On","I-75","Dry","05:00:00","[""Unknown"",""Unknown""]","Clear",0,33.754112,-84.378416,"Atlanta","FULTON","[""Highway Traffic Sign Post"",""Motor Vehicle in Motion""]","Changed Lanes Improperly","[""Motor Vehicle in Motion"",""Guard Rail End""]"
1,0,"Atlanta Police Department","2022-05-30","Piedmont Ave Ne and Baker-Highland Conn Ne","(A) Suspected Serious Injury","Dark-Lighted","On Roadway - Collector Distributor (CD)","Not a Collision with Motor Vehicle","Piedmont Ave Ne","Dry","04:30:00","[""Lap and Shoulder Belt Used"",""None Used""]","Clear",0,33.76232,-84.382099,"Atlanta","FULTON","[""Motor Vehicle in Motion"",""Pedestrian""]","[""Inattentive or Other Distraction (Distracted)"",""Failure to Yield""]","Motor Vehicle in Motion"
0,0,"Gsp Post 00","2022-05-30","I-7585 Northbound and Ralph David Abernathy Boulevar","(O) No Injury","Daylight","On Roadway - Non-Intersection","Rear End","I-7585 Northbound","Dry","17:08:00","[""Lap and Shoulder Belt Used"",""Lap and Shoulder Belt Used"",""Lap and Shoulder Belt Used""]","Clear",0,33.729358,-84.392698,"Atlanta","FULTON","[""Motor Vehicle in Motion"",""Motor Vehicle in Motion""]","Following Too Close","[""Motor Vehicle in Motion"",""Motor Vehicle in Motion""]"
0,0,"Gsp Post 00","2022-05-30","I-20 West and Fulton Industrial Blvd","(O) No Injury","Daylight","On Roadway - Non-Intersection","Angle Crash","I-20 West","Dry","17:39:00","[""Lap and Shoulder Belt Used"",""Lap and Shoulder Belt Used""]","Cloudy",0,33.765008,-84.493853,"Atlanta","FULTON","[""Motor Vehicle in Motion"",""Motor Vehicle in Motion""]","[""Changed Lanes Improperly"",""Exceeding Speed Limit"",""Too Fast for Conditions"",""Driver Lost Control""]","[""Tree"",""Tree""]"
0,0,"Atlanta Police Department","2022-05-30","Mollie St Se and Estoria St Se","(O) No Injury","Daylight","On Shoulder","Head On","Estoria St Se","Dry","04:00:00","[""Unknown"",""None Used"",""None Used""]","Clear",0,33.748981,-84.363067,"Atlanta","FULTON","[""Parked Motor Vehicle"",""Parked Motor Vehicle"",""Parked Motor Vehicle""]","[""Driver Condition"",""Under the Influence (U.I.)"",""Reckless Driving""]","[""Motor Vehicle in Motion"",""Motor Vehicle in Motion"",""Motor Vehicle in Motion""]"
0,0,"Gsp Post 00","2022-05-30","I-7585 N and University Ave","(O) No Injury","Daylight","On Roadway - Non-Intersection","Angle Crash","I-7585 N","Dry","14:34:00","[""Lap and Shoulder Belt Used"",""Lap and Shoulder Belt Used"",""Lap and Shoulder Belt Used""]","Clear",0,33.728911,-84.392865,"Atlanta","FULTON","[""Motor Vehicle in Motion"",""Motor Vehicle in Motion"",""Motor Vehicle in Motion""]","Following Too Close","[""Motor Vehicle in Motion"",""Motor Vehicle in Motion"",""Motor Vehicle in Motion""]"
0,0,"Atlanta Police Department","2022-05-30","Fair Dr Sw and Pryor Rd Sw","(C) Possible Injury / Complaint","Daylight","On Roadway - Roadway Intersection","Angle Crash","Fair Dr Sw","Dry","18:52:00","[""Unknown"",""Unknown"",""Unknown"",""Unknown""]","Clear",0,33.702614,-84.398926,"Atlanta","FULTON","[""Motor Vehicle in Motion"",""Motor Vehicle in Motion""]","[""Failure to Yield"",""Improper Turn""]","[""Motor Vehicle in Motion"",""Motor Vehicle in Motion""]"
0,0,"Atlanta Police Department","2022-05-30","10Th St Nw and Northside Dr Nw","(O) No Injury","Dark-Lighted","On Roadway - Non-Intersection","Sideswipe-Same Direction","Northside Dr Nw","Dry","04:45:00","[""Unknown"",""Unknown""]","Clear",0,33.78162,-84.407476,"Atlanta","FULTON","[""Motor Vehicle in Motion"",""Motor Vehicle in Motion""]","Changed Lanes Improperly","[""Motor Vehicle in Motion"",""Motor Vehicle in Motion""]"
0,0,"Atlanta Police Department","2022-05-30","Bolton Rd Nw and Collier Dr Nw","(O) No Injury","Dark-Lighted","On Roadway - Roadway Intersection","Rear End","Bolton Rd Nw","Dry","22:20:00","[""Unknown"",""Unknown""]","Clear",0,33.769452,-84.508637,"Atlanta","FULTON","[""Motor Vehicle in Motion"",""Motor Vehicle in Motion""]","[""Following Too Close"",""Driver Condition""]","[""Motor Vehicle in Motion"",""Motor Vehicle in Motion""]"