"# Serious Injuries","# Visible Injuries","Agency Name (Crash Level) ","Date","Intersection Name (from Crash Report)","KABCO Severity","Light Conditions (Crash Level)","Location at Impact (Crash Level) ","Manner of Collision (Crash Level) ","Roadway (From Crash Report)","Surface Condition (Crash Level) ","Time","Safety Equipment (Crash Level) ","Weather Conditions (Crash Level)","# of Fatalities per Crash","Latitude","Longitude","Geolocated City","Geolocated County","First Harmful Event (Unit Order)","Operator/Pedestrian Contrib Factor (excl None, Other, No Contrib Factors)","Most Harmful Event (Crash Level)"
0,0,"Gsp Post 00","2022-05-31","I-75 North and I-85 South","(O) No Injury","Daylight","On Roadway - Non-Intersection","Rear End","I-85 South","Dry","18:44:00","[""Lap and Shoulder Belt Used"",""Lap and Shoulder Belt Used""]","Clear",0,33.795104,-84.393525,"Atlanta","FULTON","[""Motor Vehicle in Motion"",""Motor Vehicle in Motion""]","Following Too Close","[""Motor Vehicle in Motion"",""Motor Vehicle in Motion""]"
0,0,"Atlanta Police Department","2022-05-31","Bolton Dr Nw and Marietta Blvd Nw","(C) Possible Injury / Complaint","Daylight","On Roadway - Roadway Intersection","Angle Crash","Marietta Blvd Nw","Dry","08:15:00","[""Lap and Shoulder Belt Used"",""Lap and Shoulder Belt Used""]","Cloudy",0,33.816118,-84.445483,"Atlanta","FULTON","[""Motor Vehicle in Motion"",""Motor Vehicle in Motion""]","Failure to Yield","[""Motor Vehicle in Motion"",""Motor Vehicle in Motion""]"
0,0,"Atlanta Police Department","2022-05-31","Piedmont Rd Ne and E Paces Ferry Rd Ne","(C) Possible Injury / Complaint","Daylight","On Roadway - Roadway Intersection","Rear End","Piedmont Rd Ne","Dry","16:13:00","[""Lap and Shoulder Belt Used"",""Lap and Shoulder Belt Used"",""Lap and Shoulder Belt Used"",""Lap and Shoulder Belt Used""]","Clear",0,33.839727,-84.369398,"Atlanta","FULTON","[""Motor Vehicle in Motion"",""Motor Vehicle in Motion"",""Motor Vehicle in Motion""]","Following Too Close","[""Motor Vehicle in Motion"",""Motor Vehicle in Motion"",""Motor Vehicle in Motion""]"
0,0,"Atlanta Police Department","2022-05-31","Connell Ave Sw and Metropolitan Pkwy Sw","(C) Possible Injury / Complaint","Daylight","On Roadway - Non-Intersection","Angle Crash","Metropolitan Pkwy Sw","Dry","15:51:00","[""Unknown"",""Child Restraint System (Properly Used)"",""Unknown""]","Clear",0,33.682344,-84.407775,"Atlanta","FULTON","[""Motor Vehicle in Motion"",""Motor Vehicle in Motion""]","Failure to Yield","[""Motor Vehicle in Motion"",""Motor Vehicle in Motion""]"
0,0,"Atlanta Police Department","2022-05-31","None and Lynhurst Dr Sw","(O) No Injury","Daylight","On Roadway - Non-Intersection","Head On","Lynhurst Dr Sw","Dry","11:50:00","[""Unknown"",""Lap and Shoulder Belt Used""]","Clear",0,33.733725,-84.488866,"Atlanta","FULTON","[""Motor Vehicle in Motion"",""Motor Vehicle in Motion""]","Aggressive Driving","[""Motor Vehicle in Motion"",""Motor Vehicle in Motion""]"
0,0,"Atlanta Police Department","2022-05-31","Lee St Sw and Oak St Sw","(O) No Injury","Daylight","On Roadway - Roadway Intersection","Sideswipe-Same Direction","Oak St Sw","Dry","14:29:00","[""Unknown"",""Unknown"",""Unknown""]","Clear",0,33.740627,-84.414036,"Atlanta","FULTON","[""Motor Vehicle in Motion"",""Parked Motor Vehicle""]",,"[""Motor Vehicle in Motion"",""Parked Motor Vehicle""]"
0,0,"Atlanta Police Department","2022-05-31","Lionel Ln Ne and Montgomery Ferry Dr Ne","(O) No Injury","Daylight","On Roadway - Roadway Intersection","Rear End","Montgomery Ferry Dr Ne","Dry","14:30:00","Lap and Shoulder Belt Used","Clear",0,33.799162,-84.377627,"Atlanta","FULTON","[""Motor Vehicle in Motion"",""Motor Vehicle in Motion""]","Following Too Close","[""Motor Vehicle in Motion"",""Motor Vehicle in Motion""]"
0,0,"Atlanta Police Department","2022-05-31","Piedmont Rd Ne and Habersham Rd Ne","(O) No Injury","Daylight","On Roadway - Roadway Intersection","Angle Crash","Habersham Rd Ne","Dry","17:15:00","[""Lap and Shoulder Belt Used"",""Lap and Shoulder Belt Used""]","Clear",0,33.853279,-84.381758,"Atlanta","FULTON","[""Motor Vehicle in Motion"",""Motor Vehicle in Motion""]","Changed Lanes Improperly","[""Motor Vehicle in Motion"",""Motor Vehicle in Motion""]"
0,0,"Dekalb Co Police Department","2022-05-31","Emory Dr and N Decatur Rd","(O) No Injury","Daylight","On Roadway - Non-Intersection","Angle Crash","N Decatur Rd","Dry","12:19:00","[""Unknown"",""Unknown"",""Unknown"",""Unknown"",""Unknown"",""Unknown""]","Clear",0,33.78966,-84.31884,"Atlanta","DEKALB","[""Motor Vehicle in Motion"",""Motor Vehicle in Motion""]","Failure to Yield","[""Motor Vehicle in Motion"",""Motor Vehicle in Motion""]"
0,0,"Atlanta Police Department","2022-05-31","Exit 254 and Moores Mill Rd Nw","(C) Possible Injury / Complaint","Daylight","On Roadway - Roadway Intersection","Angle Crash","Moores Mill Rd Nw","Dry","13:40:00","[""Lap and Shoulder Belt Used"",""Lap and Shoulder Belt Used"",""Lap and Shoulder Belt Used"",""Child Restraint System (Properly Used)"",""Booster Seat (Properly Used)"",""Lap and Shoulder Belt Used"",""Lap and Shoulder Belt Used""]","Clear",0,33.832604,-84.42568,"Atlanta","FULTON","[""Motor Vehicle in Motion"",""Motor Vehicle in Motion""]","Failure to Yield","[""Motor Vehicle in Motion"",""Motor Vehicle in Motion""]"
0,0,"Atlanta Police Department","2022-05-31","Ga-400 and Lenox Rd Ne","(O) No Injury","Daylight","Entrance/Exit Ramp","Sideswipe-Same Direction","Ga-400","Dry","12:00:00","[""Unknown"",""Unknown"",""Unknown""]","Clear",0,33.852372,-84.369655,"Atlanta","FULTON","[""Motor Vehicle in Motion"",""Motor Vehicle in Motion""]","Improper Passing","[""Motor Vehicle in Motion"",""Motor Vehicle in Motion""]"
0,0,"Atlanta Police Department","2022-05-31","Northside Dr Nw and Joseph E Boone Blvd Nw","(O) No Injury","Daylight","On Roadway - Roadway Intersection","Sideswipe-Same Direction","Northside Dr Nw","Dry","10:45:00","[""Lap and Shoulder Belt Used"",""Lap and Shoulder Belt Used""]","Clear",0,33.763389,-84.40293,"Atlanta","FULTON","[""Motor Vehicle in Motion"",""Motor Vehicle in Motion""]","Changed Lanes Improperly","[""Motor Vehicle in Motion"",""Motor Vehicle in Motion""]"
0,0,"Gsp Post 00","2022-05-31","Pryor Rd and I-7585 N","(O) No Injury","Daylight","On Roadway - Non-Intersection","Rear End","I-7585 N","Dry","14:03:00","[""Lap and Shoulder Belt Used"",""Lap and Shoulder Belt Used"",""Lap and Shoulder Belt Used"",""Lap and Shoulder Belt Used"",""Lap and Shoulder Belt Used""]","Clear",0,33.729397,-84.392683,"Atlanta","FULTON","[""Motor Vehicle in Motion"",""Motor Vehicle in Motion""]","Following Too Close","[""Motor Vehicle in Motion"",""Motor Vehicle in Motion""]"
0,0,"Gsp Post 00","2022-05-31","I-7585 North and University Avenue","(C) Possible Injury / Complaint","Daylight","On Roadway - Non-Intersection","Sideswipe-Same Direction","I-7585 North","Dry","08:25:00","[""Unknown"",""Lap and Shoulder Belt Used""]","Cloudy",0,33.7174,-84.397908,"Atlanta","FULTON","[""Motor Vehicle in Motion"",""Motor Vehicle in Motion""]","Changed Lanes Improperly","[""Motor Vehicle in Motion"",""Motor Vehicle in Motion""]"
0,0,"Atlanta Police Department","2022-05-31","Spring St Nw and Ivan Allen Jr Blvd Nw","(O) No Injury","Daylight","On Roadway - Non-Intersection","Rear End","Ivan Allen Jr Blvd Nw","Dry","16:51:00","[""Unknown"",""Unknown""]","Clear",0,33.764633,-84.389142,"Atlanta","FULTON","[""Motor Vehicle in Motion"",""Motor Vehicle in Motion""]","Following Too Close","[""Motor Vehicle in Motion"",""Motor Vehicle in Motion""]"
0,0,"Gsp Post 00","2022-05-31","I-285 and I-20 East","(O) No Injury","Daylight","On Roadway - Non-Intersection","Sideswipe-Same Direction","I-20 East","Dry","11:13:00","[""Lap and Shoulder Belt Used"",""Lap and Shoulder Belt Used""]","Clear",0,33.765008,-84.493853,"Atlanta","FULTON","[""Motor Vehicle in Motion"",""Motor Vehicle in Motion""]","Changed Lanes Improperly","[""Motor Vehicle in Motion"",""Motor Vehicle in Motion""]"
0,0,"Atlanta Police Department","2022-05-31","Copenhill Ave Ne and N Highland Ave Ne","(O) No Injury","Daylight","On Roadway - Non-Intersection","Angle Crash","Copenhill Ave Ne","Dry","18:59:00","[""Lap and Shoulder Belt Used"",""Lap and Shoulder Belt Used""]","Clear",0,33.763635,-84.357192,"Atlanta","FULTON","[""Motor Vehicle in Motion"",""Motor Vehicle in Motion""]","Changed Lanes Improperly","[""Motor Vehicle in Motion"",""Motor Vehicle in Motion""]"
0,0,"Gsp Post 00","2022-05-31","I-7585 Nb and Memorial Dr","(O) No Injury","Daylight","On Roadway - Non-Intersection","Rear End","I-7585 Nb","Dry","16:16:00","[""Lap and Shoulder Belt Used"",""Lap and Shoulder Belt Used"",""Lap and Shoulder Belt Used"",""Lap and Shoulder Belt Used""]","Clear",0,33.745098,-84.389775,"Atlanta","FULTON","[""Motor Vehicle in Motion"",""Motor Vehicle in Motion""]","Following Too Close","[""Motor Vehicle in Motion"",""Motor Vehicle in Motion""]"
0,0,"Atlanta Police Department","2022-05-31","Sawtell Ave Se and Jonesboro Rd Se","(O) No Injury","Daylight","On Roadway - Roadway Intersection","Sideswipe-Same Direction","Sawtell Ave Se","Dry","16:46:00","[""Unknown"",""Lap and Shoulder Belt Used""]","Clear",0,33.705279,-84.378268,"Atlanta","FULTON","[""Motor Vehicle in Motion"",""Motor Vehicle in Motion""]","Misjudged Clearance","[""Motor Vehicle in Motion"",""Motor Vehicle in Motion""]"
0,0,"Atlanta Police Department","2022-05-31","Forrest Way Nw and Berkeley Ave Nw","(O) No Injury","Daylight","On Roadway - Non-Intersection","Angle Crash","Forrest Way Nw","Dry","08:45:00","[""Lap and Shoulder Belt Used"",""Lap and Shoulder Belt Used""]","Clear",0,33.796819,-84.412981,"Atlanta","FULTON","[""Motor Vehicle in Motion"",""Motor Vehicle in Motion""]","Improper Backing","[""Motor Vehicle in Motion"",""Motor Vehicle in Motion""]"
0,0,"Atlanta Police Department","2022-05-31","Boulevard Se and Glenwood Ave Se","(O) No Injury","Daylight","On Roadway - Roadway Intersection","Rear End","Boulevard Se","Dry","10:00:00","[""Unknown"",""Unknown""]","Cloudy",0,33.742338,-84.368152,"Atlanta","FULTON","[""Motor Vehicle in Motion"",""Motor Vehicle in Motion""]",,"[""Motor Vehicle in Motion"",""Motor Vehicle in Motion""]"
0,0,"Gsp Post 00","2022-05-31","None and Ramp From I-85 North To I-758","(O) No Injury","Daylight","Entrance/Exit Ramp","Rear End","Ramp From I-85 North To I-758","Dry","07:05:00","[""Lap and Shoulder Belt Used"",""Unknown""]","Clear",0,33.692921,-84.403085,"Atlanta","FULTON","[""Motor Vehicle in Motion"",""Motor Vehicle in Motion""]","Following Too Close","[""Motor Vehicle in Motion"",""Motor Vehicle in Motion""]"
0,0,"Atlanta Police Department","2022-05-31","None and Moreland Ave Se Exit 60A Rp","(O) No Injury","Dark-Lighted","Entrance/Exit Ramp","Rear End","Moreland Ave Se Exit 60A Rp","Dry","21:43:00","[""Unknown"",""Unknown""]","Clear",0,33.74463,-84.349387,"Atlanta","FULTON","[""Motor Vehicle in Motion"",""Motor Vehicle in Motion""]","Following Too Close","[""Motor Vehicle in Motion"",""Motor Vehicle in Motion""]"
0,0,"Atlanta Police Department","2022-05-31","Ellis St Ne and Peachtree Center Ave Ne","(C) Possible Injury / Complaint","Dawn","On Roadway - Managed Lane (HOV, HOT, Reversible)","Sideswipe-Same Direction","Ellis St Ne","Dry","18:56:00","[""Unknown"",""Unknown""]","Clear",0,33.758416,-84.386456,"Atlanta","FULTON","[""Motor Vehicle in Motion"",""Motor Vehicle in Motion""]","Changed Lanes Improperly","[""Motor Vehicle in Motion"",""Motor Vehicle in Motion""]"
0,0,"Gsp Post 00","2022-05-31","Spring Street and Interstate 7585 South","(C) Possible Injury / Complaint","Daylight","On Roadway - Non-Intersection","Rear End","Interstate 7585 South","Dry","13:41:00","[""Lap and Shoulder Belt Used"",""Lap and Shoulder Belt Used""]","Clear",0,33.762712,-84.382757,"Atlanta","FULTON","[""Motor Vehicle in Motion"",""Motor Vehicle in Motion""]","Following Too Close","[""Motor Vehicle in Motion"",""Motor Vehicle in Motion""]"
0,0,"Atlanta Police Department","2022-05-31","Pharr Rd Ne and Piedmont Rd Ne","(O) No Injury","Dark-Lighted","On Roadway - Roadway Intersection","Sideswipe-Same Direction","Piedmont Rd Ne","Dry","00:00:00","[""Unknown"",""Unknown""]","Clear",0,33.836971,-84.368074,"Atlanta","FULTON","[""Motor Vehicle in Motion"",""Motor Vehicle in Motion""]",,"[""Motor Vehicle in Motion"",""Motor Vehicle in Motion""]"
0,0,"Atlanta Police Department","2022-05-31","Baker St Ne and Courtland St Ne","(O) No Injury","Daylight","On Roadway - Non-Intersection","Angle Crash","Courtland St Ne","Dry","16:19:00","[""Lap and Shoulder Belt Used"",""Lap and Shoulder Belt Used"",""Lap and Shoulder Belt Used"",""Lap and Shoulder Belt Used""]","Clear",0,33.762672,-84.38415,"Atlanta","FULTON","[""Motor Vehicle in Motion"",""Motor Vehicle in Motion""]","Changed Lanes Improperly","[""Motor Vehicle in Motion"",""Motor Vehicle in Motion""]"
0,0,"Gsp Post 00","2022-05-31","Ga-400 and I-85 South","(O) No Injury","Daylight","On Roadway - Non-Intersection","Rear End","I-85 South","Dry","13:08:00","[""Lap and Shoulder Belt Used"",""Lap and Shoulder Belt Used""]","Cloudy",0,33.800932,-84.389333,"Atlanta","FULTON","[""Motor Vehicle in Motion"",""Motor Vehicle in Motion""]","Following Too Close","[""Motor Vehicle in Motion"",""Motor Vehicle in Motion""]"
0,0,"Atlanta Police Department","2022-05-31","Collier Rd Nw and Howell Mill Rd Nw","(O) No Injury","Daylight","On Roadway - Roadway Intersection","Angle Crash","Howell Mill Rd Nw","Dry","08:30:00","[""Unknown"",""Lap and Shoulder Belt Used""]","Clear",0,33.809437,-84.412862,"Atlanta","FULTON","[""Motor Vehicle in Motion"",""Motor Vehicle in Motion""]","Improper Passing","[""Motor Vehicle in Motion"",""Motor Vehicle in Motion""]"
0,0,"Gsp Post 00","2022-05-31","I-285 Nb and State Route 166","(O) No Injury","Daylight","On Roadway - Non-Intersection","Sideswipe-Same Direction","I-285 Nb","Dry","17:05:00","[""Lap and Shoulder Belt Used"",""Lap and Shoulder Belt Used"",""Lap and Shoulder Belt Used"",""Lap Belt Only Used""]","Clear",0,33.670855,-84.498075,"Atlanta","FULTON","[""Motor Vehicle in Motion"",""Motor Vehicle in Motion""]","Changed Lanes Improperly","[""Motor Vehicle in Motion"",""Motor Vehicle in Motion""]"
0,0,"Atlanta Police Department","2022-05-31","Peters St Sw and Walker St Sw","(O) No Injury","Daylight","On Roadway - Roadway Intersection","Angle Crash","Walker St Sw","Dry","15:11:00","[""Lap and Shoulder Belt Used"",""Lap and Shoulder Belt Used""]","Clear",0,33.745757,-84.403637,"Atlanta","FULTON","[""Motor Vehicle in Motion"",""Motor Vehicle in Motion""]","Failure to Yield","[""Motor Vehicle in Motion"",""Motor Vehicle in Motion""]"
0,0,"Gsp Post 00","2022-05-31","Porsche Avenue and I-75 Northbound","(O) No Injury","Daylight","On Roadway - Non-Intersection","Rear End","I-75 Northbound","Dry","09:05:00","[""Lap and Shoulder Belt Used"",""Lap and Shoulder Belt Used"",""Child Restraint System (Properly Used)"",""Lap and Shoulder Belt Used"",""Lap and Shoulder Belt Used""]","Cloudy",0,33.663253,-84.395501,"Atlanta","FULTON","[""Motor Vehicle in Motion"",""Motor Vehicle in Motion""]","Following Too Close","[""Motor Vehicle in Motion"",""Motor Vehicle in Motion""]"
0,0,"Atlanta Police Department","2022-05-31","Euclid Ave Ne and Moreland Ave Ne","(O) No Injury","Daylight","On Roadway - Non-Intersection","Rear End","Moreland Ave Ne","Dry","17:48:00","[""Lap and Shoulder Belt Used"",""Lap and Shoulder Belt Used""]","Clear",0,33.764553,-84.349225,"Atlanta","FULTON","[""Motor Vehicle in Motion"",""Motor Vehicle in Motion""]","Following Too Close","[""Motor Vehicle in Motion"",""Motor Vehicle in Motion""]"
0,0,"Atlanta Police Department","2022-05-31","Peachtree Rd Ne and Around Lenox Rd Ne","(O) No Injury","Daylight","On Roadway - Roadway Intersection","Rear End","Peachtree Rd Ne","Dry","18:10:00","[""Lap and Shoulder Belt Used"",""Lap and Shoulder Belt Used""]","Clear",0,33.848963,-84.36534,"Atlanta","FULTON","[""Motor Vehicle in Motion"",""Motor Vehicle in Motion""]","Following Too Close","[""Motor Vehicle in Motion"",""Motor Vehicle in Motion""]"
0,0,"Atlanta Police Department","2022-05-31","Candler Rd Se and Memorial Dr Se","(C) Possible Injury / Complaint","Daylight","On Roadway - Non-Intersection","Rear End","Candler Rd Se","Dry","17:00:00","[""Unknown"",""Unknown""]","Clear",0,33.746917,-84.291981,"Atlanta","DEKALB","[""Motor Vehicle in Motion"",""Motor Vehicle in Motion""]","Following Too Close","[""Motor Vehicle in Motion"",""Motor Vehicle in Motion""]"
0,0,"Atlanta Police Department","2022-05-31","None and I-75","(C) Possible Injury / Complaint","Dark-Lighted","On Roadway - Non-Intersection","Sideswipe-Same Direction","I-75","Dry","23:14:00","[""Lap and Shoulder Belt Used"",""Lap and Shoulder Belt Used"",""Lap and Shoulder Belt Used""]","Clear",0,33.72584,-84.393862,"Atlanta","FULTON","[""Motor Vehicle in Motion"",""Motor Vehicle in Motion""]","Changed Lanes Improperly","[""Motor Vehicle in Motion"",""Motor Vehicle in Motion""]"
0,0,"Gsp Post 00","2022-05-31","I-7585 Sb and Piedmont Road","(C) Possible Injury / Complaint","Daylight","On Roadway - Non-Intersection","Rear End","I-7585 Sb","Dry","18:00:00","[""Lap and Shoulder Belt Used"",""Lap and Shoulder Belt Used"",""Lap and Shoulder Belt Used"",""Lap and Shoulder Belt Used""]","Clear",0,33.762602,-84.38264,"Atlanta","FULTON","[""Motor Vehicle in Motion"",""Motor Vehicle in Motion"",""Motor Vehicle in Motion"",""Motor Vehicle in Motion""]","Following Too Close","[""Motor Vehicle in Motion"",""Motor Vehicle in Motion"",""Motor Vehicle in Motion"",""Motor Vehicle in Motion""]"
0,0,"Atlanta Police Department","2022-06-01","None and I-85","(C) Possible Injury / Complaint","Daylight","On Roadway - Non-Intersection","Rear End","I-85","Dry","14:11:00","[""Lap and Shoulder Belt Used"",""Lap and Shoulder Belt Used""]","Clear",0,33.807233,-84.379839,"Atlanta","FULTON","[""Motor Vehicle in Motion"",""Motor Vehicle in Motion""]","Following Too Close","[""Motor Vehicle in Motion"",""Motor Vehicle in Motion""]"
0,0,"Atlanta Police Department","2022-06-01","I-85 and Lenox Rd Ne","(C) Possible Injury / Complaint","Daylight","On Roadway - Non-Intersection","Rear End","I-85","Dry","14:00:00","[""Unknown"",""Unknown""]","Clear",0,33.823128,-84.354987,"Atlanta","FULTON","[""Motor Vehicle in Motion"",""Motor Vehicle in Motion""]","Following Too Close","[""Motor Vehicle in Motion"",""Motor Vehicle in Motion""]"
0,0,"Atlanta Police Department","2022-06-01","None and I-75","(C) Possible Injury / Complaint","Daylight","On Roadway - Managed Lane (HOV, HOT, Reversible)","Rear End","I-75","Dry","13:20:00","[""Unknown"",""Unknown"",""Unknown""]","Clear",0,33.738963,-84.391735,"Atlanta","FULTON","[""Motor Vehicle in Motion"",""Motor Vehicle in Motion""]","[""Following Too Close"",""Following Too Close""]","[""Motor Vehicle in Motion"",""Motor Vehicle in Motion""]"
0,0,"Atlanta Police Department","2022-06-01","Ga-13 and Armour Dr Ne","(O) No Injury","Daylight","On Roadway - Non-Intersection","Sideswipe-Same Direction","Ga-13","Dry","16:00:00","[""Unknown"",""Unknown""]","Clear",0,33.8109,-84.37142,"Atlanta","FULTON","[""Motor Vehicle in Motion"",""Motor Vehicle in Motion""]","Changed Lanes Improperly","[""Motor Vehicle in Motion"",""Motor Vehicle in Motion""]"
0,0,"Atlanta Police Department","2022-06-01","None and I-285 Exit 9 Rp","(O) No Injury","Dark-Not Lighted","On Roadway - Non-Intersection","Sideswipe-Same Direction","I-285 Exit 9 Rp","Dry","04:53:00","[""Lap and Shoulder Belt Used"",""Lap and Shoulder Belt Used""]","Clear",0,33.758858,-84.493641,"Atlanta","FULTON","[""Motor Vehicle in Motion"",""Motor Vehicle in Motion""]","[""Failure to Yield"",""Misjudged Clearance""]","[""Motor Vehicle in Motion"",""Motor Vehicle in Motion""]"
0,0,"Atlanta Police Department","2022-06-01","Boulevard Ne and North Ave Ne","(O) No Injury","Daylight","On Roadway - Roadway Intersection","Rear End","North Ave Ne","Dry","18:00:00","[""None Used"",""None Used""]","Clear",0,33.771176,-84.371756,"Atlanta","FULTON","[""Motor Vehicle in Motion"",""Motor Vehicle in Motion""]","Following Too Close","[""Motor Vehicle in Motion"",""Motor Vehicle in Motion""]"
0,0,"Atlanta Police Department","2022-06-01","John Lewis Freedom Pkwy Ne and Andrew Young International Blvd Ne","(O) No Injury","Daylight","On Roadway - Non-Intersection","Angle Crash","Andrew Young International Blvd Ne","Dry","10:10:00","[""Unknown"",""Unknown""]","Clear",0,33.760592,-84.377096,"Atlanta","FULTON","[""Motor Vehicle in Motion"",""Motor Vehicle in Motion""]","Following Too Close","[""Motor Vehicle in Motion"",""Motor Vehicle in Motion""]"
0,0,"Atlanta Police Department","2022-06-01","None and Donald Lee Hollowell Pkwy Nw","(O) No Injury","Dark-Lighted","On Roadway - Non-Intersection","Angle Crash","Donald Lee Hollowell Pkwy Nw","Dry","13:44:00","[""Lap and Shoulder Belt Used"",""Lap and Shoulder Belt Used""]","Clear",0,33.781148,-84.482258,"Atlanta","FULTON","[""Motor Vehicle in Motion"",""Motor Vehicle in Motion""]","[""Misjudged Clearance"",""Changed Lanes Improperly"",""Failure to Yield""]","[""Motor Vehicle in Motion"",""Motor Vehicle in Motion""]"
0,0,"Atlanta Police Department","2022-06-01","Mitchell St Sw and Joseph E Lowery Blvd Sw","(O) No Injury","Daylight","On Roadway - Non-Intersection","Rear End","Joseph E Lowery Blvd Sw","Dry","17:45:00","[""Unknown"",""Unknown""]","Clear",0,33.753422,-84.417552,"Atlanta","FULTON","[""Motor Vehicle in Motion"",""Motor Vehicle in Motion""]","Following Too Close","[""Motor Vehicle in Motion"",""Motor Vehicle in Motion""]"
0,0,"Atlanta Police Department","2022-06-01","I-20 W and Capitol Ave Se","(O) No Injury","Dark-Lighted","On Roadway - Non-Intersection","Sideswipe-Same Direction","Capitol Ave Se","Dry","22:45:00","[""Unknown"",""Lap and Shoulder Belt Used""]","Clear",0,33.744351,-84.387457,"Atlanta","FULTON","[""Motor Vehicle in Motion"",""Motor Vehicle in Motion""]","Changed Lanes Improperly","Motor Vehicle in Motion"
0,0,"Atlanta Police Department","2022-06-01","Memorial Dr Se and Moreland Ave Se","(O) No Injury","Daylight","On Roadway - Roadway Intersection","Sideswipe-Same Direction","Moreland Ave Se","Dry","12:50:00","[""Unknown"",""Unknown"",""Unknown""]","Clear",0,33.74748,-84.349215,"Atlanta","FULTON","[""Motor Vehicle in Motion"",""Motor Vehicle in Motion""]",,"[""Motor Vehicle in Motion"",""Motor Vehicle in Motion""]"
0,0,"Atlanta Police Department","2022-06-01","I-75 N and 17Th St Nw","(C) Possible Injury / Complaint","Daylight","On Roadway - Non-Intersection","Rear End","17Th St Nw","Dry","08:00:00","[""Lap and Shoulder Belt Used"",""Lap and Shoulder Belt Used"",""Lap and Shoulder Belt Used""]","Clear",0,33.784707,-84.390832,"Atlanta","FULTON","[""Motor Vehicle in Motion"",""Parked Motor Vehicle""]","Following Too Close","[""Motor Vehicle in Motion"",""Parked Motor Vehicle""]"
0,0,"Atlanta Police Department","2022-06-01","None and I-285","(C) Possible Injury / Complaint","Daylight","On Roadway - Non-Intersection","Rear End","I-285","Dry","06:30:00","[""Unknown"",""Unknown"",""Unknown""]","Clear",0,33.655497,-84.364609,"Atlanta","FULTON","[""Motor Vehicle in Motion"",""Motor Vehicle in Motion""]","Following Too Close","[""Motor Vehicle in Motion"",""Motor Vehicle in Motion""]"
0,0,"Atlanta Police Department","2022-06-01","Mollie St Se and Estoria St Se","(O) No Injury","Daylight","On Roadway - Non-Intersection","Not a Collision with Motor Vehicle","Estoria St Se","Dry","17:08:00","[""Unknown"",""None Used""]","Clear",0,33.749135,-84.363119,"Atlanta","FULTON","[""Motor Vehicle in Motion"",""Motor Vehicle in Motion""]",,"[""Motor Vehicle in Motion"",""Pedal-Cycle""]"
0,0,"Atlanta Police Department","2022-06-01","Capitol Ave Se and Memorial Dr Sw","(O) No Injury","Dark-Lighted","On Roadway - Roadway Intersection","Rear End","Memorial Dr Sw","Dry","23:05:00","[""Unknown"",""Lap and Shoulder Belt Used"",""Lap and Shoulder Belt Used"",""Lap and Shoulder Belt Used"",""Lap and Shoulder Belt Used""]","Clear",0,33.746923,-84.387895,"Atlanta","FULTON","[""Motor Vehicle in Motion"",""Motor Vehicle in Motion""]","Following Too Close","[""Motor Vehicle in Motion"",""Motor Vehicle in Motion""]"
0,1,"Atlanta Police Department","2022-06-01","Carnegie Way Nw and Ted Turner Dr Nw","(B) Suspected Minor/Visible Injury","Dark-Lighted","On Roadway - Roadway Intersection","Angle Crash","Carnegie Way Nw","Ice/Frost","23:19:00","[""Lap and Shoulder Belt Used"",""Lap and Shoulder Belt Used""]","Clear",0,33.75926,-84.389453,"Atlanta","FULTON","[""Motor Vehicle in Motion"",""Motor Vehicle in Motion""]","[""Disregard Stop Sign/Signal"",""Inattentive or Other Distraction (Distracted)""]","[""Motor Vehicle in Motion"",""Motor Vehicle in Motion""]"
0,0,"Atlanta Police Department","2022-06-01","Tribble Ln Nw and Hermer Cir Nw","(O) No Injury","Daylight","On Roadway - Roadway Intersection","Sideswipe-Same Direction","Hermer Cir Nw","Dry","19:47:00","[""Unknown"",""Lap and Shoulder Belt Used""]","Clear",0,33.759304,-84.485663,"Atlanta","FULTON","[""Motor Vehicle in Motion"",""Motor Vehicle in Motion""]","Changed Lanes Improperly","[""Motor Vehicle in Motion"",""Motor Vehicle in Motion""]"
0,0,"Atlanta Police Department","2022-06-01","Pickens St Se and Moreland Ave Se","(O) No Injury","Dark-Lighted","On Roadway - Roadway Intersection","Sideswipe-Opposite Direction","Moreland Ave Se","Dry","23:40:00","[""Lap and Shoulder Belt Used"",""Reflective: Clothing/Backpack/Equipment""]","Clear",0,33.735793,-84.349312,"Atlanta","FULTON","[""Motor Vehicle in Motion"",""Motor Vehicle in Motion""]",,"[""Work Zone/Maintenance Equipment"",""Work Zone/Maintenance Equipment""]"
0,0,"Atlanta Police Department","2022-06-01","Lee St Sw and Park St Sw","(O) No Injury","Dark-Lighted","On Roadway - Roadway Intersection","Angle Crash","Park St Sw","Dry","22:30:00","[""Unknown"",""Unknown""]","Clear",0,33.741828,-84.414125,"Atlanta","FULTON","[""Motor Vehicle in Motion"",""Motor Vehicle in Motion""]","Changed Lanes Improperly","[""Motor Vehicle in Motion"",""Motor Vehicle in Motion""]"
0,0,"Atlanta Police Department","2022-06-01","Daniel Ave Se and Memorial Dr Se","(O) No Injury","Daylight","On Roadway - Non-Intersection","Rear End","Memorial Dr Se","Dry","16:15:00","[""Unknown"",""Unknown""]","Clear",0,33.747133,-84.298093,"Atlanta","DEKALB","[""Motor Vehicle in Motion"",""Motor Vehicle in Motion""]","Following Too Close","[""Motor Vehicle in Motion"",""Motor Vehicle in Motion""]"