"# Serious Injuries","# Visible Injuries","Agency Name (Crash Level) ","Date","Intersection Name (from Crash Report)","KABCO Severity","Light Conditions (Crash Level)","Location at Impact (Crash Level) ","Manner of Collision (Crash Level) ","Roadway (From Crash Report)","Surface Condition (Crash Level) ","Time","Safety Equipment (Crash Level) ","Weather Conditions (Crash Level)","# of Fatalities per Crash","Latitude","Longitude","Geolocated City","Geolocated County","First Harmful Event (Unit Order)","Operator/Pedestrian Contrib Factor (excl None, Other, No Contrib Factors)","Most Harmful Event (Crash Level)"
0,0,"Gsp Post 00","2022-06-13","Ga 13 and Interstate 85 South","(O) No Injury","Daylight","On Roadway - Non-Intersection","Sideswipe-Same Direction","Interstate 85 South","Dry","00:00:00","[""Lap and Shoulder Belt Used"",""Lap and Shoulder Belt Used"",""Lap and Shoulder Belt Used"",""Lap and Shoulder Belt Used""]","Clear",0,33.800382,-84.390364,"Atlanta","FULTON","[""Motor Vehicle in Motion"",""Motor Vehicle in Motion""]",,"[""Motor Vehicle in Motion"",""Motor Vehicle in Motion""]"
0,0,"Atlanta Police Department","2022-06-13","Maynard Ter Se and Glenwood Ave Se","(C) Possible Injury / Complaint","Daylight","On Roadway - Roadway Intersection","Angle Crash","Glenwood Ave Se","Dry","15:30:00","[""Lap and Shoulder Belt Used"",""Lap and Shoulder Belt Used""]","Clear",0,33.740003,-84.335035,"Atlanta","DEKALB","[""Motor Vehicle in Motion"",""Motor Vehicle in Motion""]","Disregard Stop Sign/Signal","[""Motor Vehicle in Motion"",""Motor Vehicle in Motion""]"
0,1,"Atlanta Police Department","2022-06-13","I-285 and Exit 12","(B) Suspected Minor/Visible Injury","Dark-Lighted","On Roadway - Non-Intersection","Rear End","I-285","Dry","00:56:00","Unknown","Clear",0,33.782316,-84.495822,"Atlanta","FULTON","[""Motor Vehicle in Motion"",""Parked Motor Vehicle""]","Misjudged Clearance","[""Motor Vehicle in Motion"",""Parked Motor Vehicle""]"
0,0,"Atlanta Police Department","2022-06-13","Courtland St Se and Martin Luther King Jr Dr Sw","(O) No Injury","Daylight","On Roadway - Roadway Intersection","Angle Crash","Martin Luther King Jr Dr Sw","Dry","08:47:00","[""Unknown"",""Unknown""]","Clear",0,33.75003,-84.388441,"Atlanta","FULTON","[""Motor Vehicle in Motion"",""Motor Vehicle in Motion""]","Improper Turn","[""Motor Vehicle in Motion"",""Motor Vehicle in Motion""]"
0,0,"Atlanta Police Department","2022-06-13","Marietta Blvd Nw and Chattahoochee Ave Nw","(O) No Injury","Daylight","On Roadway - Roadway Intersection","Rear End","Chattahoochee Ave Nw","Dry","16:00:00","[""Lap and Shoulder Belt Used"",""Lap and Shoulder Belt Used"",""Child Restraint System (Properly Used)""]","Clear",0,33.810405,-84.438743,"Atlanta","FULTON","[""Motor Vehicle in Motion"",""Motor Vehicle in Motion""]","Following Too Close","[""Motor Vehicle in Motion"",""Motor Vehicle in Motion""]"
0,0,"Atlanta Police Department","2022-06-13","None and I-75","(C) Possible Injury / Complaint","Dark-Lighted","On Roadway - Non-Intersection","Not a Collision with Motor Vehicle","I-75","Dry","04:50:00","Unknown","Clear",0,33.777106,-84.390678,"Atlanta","FULTON","Motor Vehicle in Motion","Driver Lost Control","Motor Vehicle in Motion"
0,0,"Atlanta Police Department","2022-06-13","None and Cleveland Ave Sw","(C) Possible Injury / Complaint","Daylight","On Roadway - Roadway Intersection","Head On","Cleveland Ave Sw","Dry","19:30:00","[""Unknown"",""Unknown"",""Unknown"",""Unknown""]","Clear",0,33.681073,-84.388777,"Atlanta","FULTON","[""Motor Vehicle in Motion"",""Motor Vehicle in Motion""]",,"[""Motor Vehicle in Motion"",""Motor Vehicle in Motion""]"
0,0,"Atlanta Police Department","2022-06-13","Garson Dr Ne and Lindbergh Dr Ne","(O) No Injury","Daylight","On Roadway - Roadway Intersection","Sideswipe-Same Direction","Garson Dr Ne","Dry","17:00:00","[""Unknown"",""Unknown""]","Clear",0,33.821101,-84.370197,"Atlanta","FULTON","[""Motor Vehicle in Motion"",""Motor Vehicle in Motion""]","Changed Lanes Improperly","[""Motor Vehicle in Motion"",""Motor Vehicle in Motion""]"
0,0,"Atlanta Police Department","2022-06-13","None and Exit 56B Rp","(O) No Injury","Daylight","On Roadway - Roadway Intersection","Sideswipe-Same Direction","Exit 56B Rp","Dry","17:55:00","[""Unknown"",""Unknown"",""Unknown""]","Clear",0,33.744399,-84.398402,"Atlanta","FULTON","[""Motor Vehicle in Motion"",""Motor Vehicle in Motion""]",,"[""Motor Vehicle in Motion"",""Motor Vehicle in Motion""]"
0,0,"Atlanta Police Department","2022-06-13","Junction Ave Ne and Peachtree Rd Ne","(O) No Injury","Dark-Lighted","On Roadway - Roadway Intersection","Angle Crash","Peachtree Rd Ne","Dry","21:40:00","[""Lap and Shoulder Belt Used"",""Lap and Shoulder Belt Used""]","Clear",0,33.818576,-84.388781,"Atlanta","FULTON","[""Motor Vehicle in Motion"",""Motor Vehicle in Motion""]","Disregard Stop Sign/Signal","[""Motor Vehicle in Motion"",""Motor Vehicle in Motion""]"
0,0,"Gsp Post 00","2022-06-13","I-285 Nb and Martin Luther King Jr Drive","(O) No Injury","Daylight","On Roadway - Non-Intersection","Rear End","I-285 Nb","Dry","16:33:00","[""Lap and Shoulder Belt Used"",""Lap and Shoulder Belt Used""]","Cloudy",0,33.754835,-84.494856,"Atlanta","FULTON","[""Motor Vehicle in Motion"",""Motor Vehicle in Motion""]","Following Too Close","[""Motor Vehicle in Motion"",""Motor Vehicle in Motion""]"
0,0,"Atlanta Police Department","2022-06-13","11Th St Ne and Peachtree Walk Ne","(O) No Injury","Daylight","On Roadway - Roadway Intersection","Rear End","11Th St Ne","Dry","01:35:00","[""Lap and Shoulder Belt Used"",""Lap and Shoulder Belt Used""]","Clear",0,33.783258,-84.386256,"Atlanta","FULTON","[""Motor Vehicle in Motion"",""Motor Vehicle in Motion""]","Improper Backing","[""Motor Vehicle in Motion"",""Motor Vehicle in Motion""]"
0,0,"Atlanta Police Department","2022-06-13","Morosgo Dr Ne and Piedmont Rd Ne","(O) No Injury","Daylight","On Roadway - Roadway Intersection","Angle Crash","Piedmont Rd Ne","Dry","12:14:00","[""Lap and Shoulder Belt Used"",""Lap and Shoulder Belt Used""]","Clear",0,33.823583,-84.36727,"Atlanta","FULTON","[""Motor Vehicle in Motion"",""Motor Vehicle in Motion""]","Improper Turn","[""Motor Vehicle in Motion"",""Motor Vehicle in Motion""]"
0,0,"Atlanta Police Department","2022-06-13","Main St Nw and Bolton Rd Nw","(O) No Injury","Daylight","On Roadway - Roadway Intersection","Rear End","Main St Nw","Dry","17:00:00","[""Lap and Shoulder Belt Used"",""Lap and Shoulder Belt Used"",""Lap and Shoulder Belt Used"",""Lap and Shoulder Belt Used""]","Clear",0,33.812425,-84.472666,"Atlanta","FULTON","[""Motor Vehicle in Motion"",""Motor Vehicle in Motion""]","Following Too Close","[""Motor Vehicle in Motion"",""Motor Vehicle in Motion""]"
0,0,"Atlanta Police Department","2022-06-13","Mayson Ave Ne and Dekalb Ave Ne","(O) No Injury","Daylight","On Roadway - Driveway Intersection","Angle Crash","Dekalb Ave Ne","Dry","18:20:00","[""Unknown"",""Unknown""]","Clear",0,33.762089,-84.339792,"Atlanta","DEKALB","[""Motor Vehicle in Motion"",""Motor Vehicle in Motion""]","Improper Turn","[""Motor Vehicle in Motion"",""Motor Vehicle in Motion""]"
0,0,"Atlanta Police Department","2022-06-13","Roswell Rd Ne and Habersham Rd Ne","(C) Possible Injury / Complaint","Dark-Lighted","On Roadway - Roadway Intersection","Angle Crash","Roswell Rd Ne","Dry","22:05:00","[""Lap and Shoulder Belt Used"",""Lap and Shoulder Belt Used""]","Clear",0,33.853296,-84.382693,"Atlanta","FULTON","[""Motor Vehicle in Motion"",""Motor Vehicle in Motion""]","Disregard Stop Sign/Signal","[""Motor Vehicle in Motion"",""Motor Vehicle in Motion""]"
0,0,"Atlanta Police Department","2022-06-13","4Th St Nw and Spring St Nw","(O) No Injury","Daylight","On Roadway - Driveway Intersection","Angle Crash","4Th St Nw","Dry","12:36:00","[""Unknown"",""Unknown""]","Clear",0,33.775084,-84.388818,"Atlanta","FULTON","[""Motor Vehicle in Motion"",""Motor Vehicle in Motion""]","Improper Backing","[""Motor Vehicle in Motion"",""Motor Vehicle in Motion""]"
0,0,"Atlanta Police Department","2022-06-13","Harlan Rd Sw and Martin Luther King Jr Dr Sw","(C) Possible Injury / Complaint","Daylight","Off Roadway","Not a Collision with Motor Vehicle","Martin Luther King Jr Dr Sw","Dry","08:00:00","Lap and Shoulder Belt Used","Clear",0,33.754441,-84.481136,"Atlanta","FULTON","Other Non-Collision","Driver Condition","Utility Pole"
0,0,"Gsp Post 00","2022-06-13","Ga 166 On Ramp and I-85 Northbound","(C) Possible Injury / Complaint","Daylight","On Roadway - Non-Intersection","Rear End","I-85 Northbound","Dry","18:13:00","[""Unknown"",""Lap and Shoulder Belt Used"",""Lap and Shoulder Belt Used""]","Clear",0,33.684322,-84.407211,"Atlanta","FULTON","[""Motor Vehicle in Motion"",""Motor Vehicle in Motion""]","Following Too Close","[""Motor Vehicle in Motion"",""Motor Vehicle in Motion""]"
0,0,"Atlanta Police Department","2022-06-13","Ensley St Ne and Ralph Mcgill Blvd Ne","(O) No Injury","Daylight","On Roadway - Driveway Intersection","Angle Crash","Ralph Mcgill Blvd Ne","Dry","10:02:00","[""Lap and Shoulder Belt Used"",""Lap and Shoulder Belt Used""]","Clear",0,33.766711,-84.362846,"Atlanta","FULTON","[""Motor Vehicle in Motion"",""Motor Vehicle in Motion""]","Failure to Yield","[""Motor Vehicle in Motion"",""Motor Vehicle in Motion""]"
0,0,"Atlanta Police Department","2022-06-13","Hill St Se and Martin Luther King Jr Dr Se","(O) No Injury","Daylight","On Roadway - Roadway Intersection","Rear End","Hill St Se","Dry","08:13:00","[""Unknown"",""Unknown""]","Clear",0,33.74726,-84.379521,"Atlanta","FULTON","[""Motor Vehicle in Motion"",""Motor Vehicle in Motion""]",,"[""Motor Vehicle in Motion"",""Motor Vehicle in Motion""]"
0,0,"Atlanta Police Department","2022-06-13","Stonehurst Pl and Martin Luther King Jr Dr Sw","(O) No Injury","Dark-Lighted","On Roadway - Non-Intersection","Angle Crash","Martin Luther King Jr Dr Sw","Dry","01:57:00","[""Lap and Shoulder Belt Used"",""Lap and Shoulder Belt Used"",""Unknown""]","Clear",0,33.753097,-84.470704,"Atlanta","FULTON","[""Motor Vehicle in Motion"",""Motor Vehicle in Motion""]","Improper Passing","[""Motor Vehicle in Motion"",""Motor Vehicle in Motion""]"
0,0,"Gsp Post 00","2022-06-13","I-20 West and I-285 South","(O) No Injury","Daylight","On Roadway - Non-Intersection","Rear End","I-285 South","Dry","14:00:00","[""Lap and Shoulder Belt Used"",""Lap and Shoulder Belt Used"",""Lap and Shoulder Belt Used""]","Clear",0,33.772143,-84.496066,"Atlanta","FULTON","[""Motor Vehicle in Motion"",""Motor Vehicle in Motion""]","Following Too Close","[""Motor Vehicle in Motion"",""Motor Vehicle in Motion""]"
0,0,"Atlanta Police Department","2022-06-13","None and I-20","(O) No Injury","Dark-Lighted","On Roadway - Non-Intersection","Rear End","I-20","Dry","03:10:00","[""Unknown"",""Unknown"",""Unknown""]","Clear",0,33.745257,-84.338147,"Atlanta","DEKALB","[""Motor Vehicle in Motion"",""Motor Vehicle in Motion""]","[""Following Too Close"",""Other Activity - Mobile Device (Distracted)""]","[""Motor Vehicle in Motion"",""Motor Vehicle in Motion""]"
0,0,"Atlanta Police Department","2022-06-13","None and Exit 54 Rp","(C) Possible Injury / Complaint","Daylight","Entrance/Exit Ramp","Angle Crash","Exit 54 Rp","Dry","16:30:00","[""Unknown"",""Unknown""]","Clear",0,33.745194,-84.427128,"Atlanta","FULTON","[""Motor Vehicle in Motion"",""Motor Vehicle in Motion""]","Changed Lanes Improperly","Motor Vehicle in Motion"
0,0,"Atlanta Police Department","2022-06-13","Ga-13 S and Peachtree St Ne","(O) No Injury","Dark-Lighted","On Roadway - Non-Intersection","Not a Collision with Motor Vehicle","Peachtree St Ne","Dry","23:30:00","Unknown","Clear",0,33.798988,-84.39174,"Atlanta","FULTON","Other Object (Not Fixed)",,"Other Object (Not Fixed)"
0,0,"Gsp Post 00","2022-06-13","I-75 N and Ralph David Abernathy Blvd","(O) No Injury","Daylight","On Roadway - Non-Intersection","Rear End","I-75 N","Dry","14:30:00","[""Lap and Shoulder Belt Used"",""Lap and Shoulder Belt Used"",""Lap and Shoulder Belt Used"",""Lap and Shoulder Belt Used"",""Lap and Shoulder Belt Used""]","Clear",0,33.729681,-84.392577,"Atlanta","FULTON","[""Motor Vehicle in Motion"",""Motor Vehicle in Motion""]","Following Too Close","[""Motor Vehicle in Motion"",""Motor Vehicle in Motion""]"
0,0,"Atlanta Police Department","2022-06-13","Lenox Rd Ne and Peachtree Rd Ne","(C) Possible Injury / Complaint","Daylight","On Roadway - Roadway Intersection","Angle Crash","Lenox Rd Ne","Dry","11:30:00","[""Lap and Shoulder Belt Used"",""Lap and Shoulder Belt Used"",""Lap and Shoulder Belt Used""]","Clear",0,33.850539,-84.362005,"Atlanta","FULTON","[""Motor Vehicle in Motion"",""Motor Vehicle in Motion""]","Changed Lanes Improperly","[""Motor Vehicle in Motion"",""Motor Vehicle in Motion""]"
0,0,"Atlanta Police Department","2022-06-13","Hardee St Ne and Moreland Ave Ne","(C) Possible Injury / Complaint","Daylight","On Roadway - Roadway Intersection","Head On","Moreland Ave Ne","Dry","08:21:00","[""Shoulder Belt Only Used"",""Shoulder Belt Only Used"",""Shoulder Belt Only Used""]","Clear",0,33.755514,-84.349187,"Atlanta","FULTON","[""Motor Vehicle in Motion"",""Motor Vehicle in Motion""]",,"[""Motor Vehicle in Motion"",""Motor Vehicle in Motion""]"
0,0,"Atlanta Police Department","2022-06-13","Baker St Nw and Ted Turner Dr Nw","(O) No Injury","Daylight","On Roadway - Non-Intersection","Angle Crash","Baker St Nw","Dry","12:05:00","[""Lap and Shoulder Belt Used"",""Lap and Shoulder Belt Used""]","Clear",0,33.762253,-84.389016,"Atlanta","FULTON","[""Motor Vehicle in Motion"",""Motor Vehicle in Motion""]","Changed Lanes Improperly","[""Motor Vehicle in Motion"",""Motor Vehicle in Motion""]"
0,0,"Atlanta Police Department","2022-06-13","None and 8Th St Nw","(O) No Injury","Daylight","On Roadway - Managed Lane (HOV, HOT, Reversible)","Rear End","8Th St Nw","Dry","13:09:00","[""Unknown"",""Unknown""]","Clear",0,33.779549,-84.389649,"Atlanta","FULTON","[""Motor Vehicle in Motion"",""Motor Vehicle in Motion""]","Following Too Close","[""Motor Vehicle in Motion"",""Motor Vehicle in Motion""]"
0,0,"Gsp Post 00","2022-06-13","I-285 Sb and Martin Luther King Jr Drive","(O) No Injury","Daylight","On Roadway - Non-Intersection","Sideswipe-Same Direction","I-285 Sb","Dry","16:04:00","[""Lap and Shoulder Belt Used"",""Lap and Shoulder Belt Used"",""Lap and Shoulder Belt Used"",""Lap and Shoulder Belt Used"",""Lap and Shoulder Belt Used"",""Lap and Shoulder Belt Used""]","Clear",0,33.763493,-84.493771,"Atlanta","FULTON","[""Motor Vehicle in Motion"",""Motor Vehicle in Motion""]",,"[""Motor Vehicle in Motion"",""Motor Vehicle in Motion""]"
0,0,"Atlanta Police Department","2022-06-13","Hardee St Ne and Moreland Ave Ne","(C) Possible Injury / Complaint","Daylight","On Roadway - Roadway Intersection","Angle Crash","Moreland Ave Ne","Dry","09:10:00","[""Unknown"",""Unknown""]","Clear",0,33.755306,-84.349188,"Atlanta","FULTON","[""Motor Vehicle in Motion"",""Parked Motor Vehicle""]",,"[""Motor Vehicle in Motion"",""Parked Motor Vehicle""]"
0,0,"Atlanta Police Department","2022-06-13","17Th St Nw and Fowler St Nw","(O) No Injury","Daylight","On Roadway - Roadway Intersection","Angle Crash","17Th St Nw","Dry","12:37:00","[""Unknown"",""Unknown""]","Clear",0,33.791188,-84.393559,"Atlanta","FULTON","[""Motor Vehicle in Motion"",""Motor Vehicle in Motion""]",,"[""Motor Vehicle in Motion"",""Motor Vehicle in Motion""]"
0,0,"Atlanta Police Department","2022-06-13","I-285 W and Jonesboro Rd Se","(O) No Injury","Daylight","On Roadway - Non-Intersection","Angle Crash","Jonesboro Rd Se","Dry","09:30:00","[""Unknown"",""Unknown""]","Clear",0,33.653092,-84.367599,"Atlanta","FULTON","[""Motor Vehicle in Motion"",""Motor Vehicle in Motion""]","Improper Turn","[""Motor Vehicle in Motion"",""Motor Vehicle in Motion""]"
0,0,"Atlanta Police Department","2022-06-13","Monroe Dr Ne and Ponce De Leon Ave Ne","(O) No Injury","Daylight","On Roadway - Driveway Intersection","Angle Crash","Monroe Dr Ne","Dry","06:50:00","[""Unknown"",""Unknown"",""Unknown""]","Clear",0,33.773663,-84.370914,"Atlanta","FULTON","[""Motor Vehicle in Motion"",""Motor Vehicle in Motion""]","Disregard Other Traffic Control","[""Motor Vehicle in Motion"",""Motor Vehicle in Motion""]"
0,0,"Atlanta Police Department","2022-06-13","Peachtree St Nw and Peachtree Cir Ne","(O) No Injury","Daylight","On Shoulder","Sideswipe-Same Direction","Peachtree St Nw","Dry","13:22:00","[""Unknown"",""Unknown""]","Clear",0,33.795824,-84.387733,"Atlanta","FULTON","[""Motor Vehicle in Motion"",""Mail Box""]",,"[""Motor Vehicle in Motion"",""Motor Vehicle in Motion""]"
0,0,"Gsp Post 00","2022-06-13","Cambellton Rd and I-285 South Entrance Ramp","(O) No Injury","Daylight","Entrance/Exit Ramp","Rear End","I-285 South Entrance Ramp","Dry","16:01:00","[""Lap and Shoulder Belt Used"",""Lap and Shoulder Belt Used""]","Cloudy",0,33.753515,-84.495375,"Atlanta","FULTON","[""Motor Vehicle in Motion"",""Motor Vehicle in Motion""]","Following Too Close","[""Motor Vehicle in Motion"",""Motor Vehicle in Motion""]"
0,0,"Atlanta Police Department","2022-06-13","I-85 S and Cleveland Ave Sw","(O) No Injury","Daylight","On Roadway - Managed Lane (HOV, HOT, Reversible)","Rear End","Cleveland Ave Sw","Dry","12:20:00","[""Unknown"",""Unknown""]","Clear",0,33.681468,-84.412038,"Atlanta","FULTON","[""Motor Vehicle in Motion"",""Motor Vehicle in Motion""]","Following Too Close","[""Motor Vehicle in Motion"",""Motor Vehicle in Motion""]"
0,0,"Gsp Post 00","2022-06-13","I-20 West and I-285 South","(O) No Injury","Daylight","On Roadway - Non-Intersection","Sideswipe-Same Direction","I-285 South","Dry","15:15:00","[""Lap and Shoulder Belt Used"",""Lap and Shoulder Belt Used""]","Clear",0,33.771482,-84.495882,"Atlanta","FULTON","[""Motor Vehicle in Motion"",""Motor Vehicle in Motion""]",,"[""Motor Vehicle in Motion"",""Motor Vehicle in Motion""]"
0,0,"Gsp Post 00","2022-06-13","Interstate 7585 North and William Street Overpass","(O) No Injury","Daylight","On Roadway - Non-Intersection","Sideswipe-Same Direction","Interstate 7585 North","Dry","16:42:00","[""Lap and Shoulder Belt Used"",""Lap and Shoulder Belt Used""]","Clear",0,33.774225,-84.390059,"Atlanta","FULTON","[""Motor Vehicle in Motion"",""Motor Vehicle in Motion""]",,"[""Motor Vehicle in Motion"",""Motor Vehicle in Motion""]"
0,0,"Atlanta Police Department","2022-06-13","Ga-400 N and Lenox Rd Ne","(O) No Injury","Daylight","On Roadway - Roadway Intersection","Rear End","Lenox Rd Ne","Dry","16:27:00","[""Lap and Shoulder Belt Used"",""Lap and Shoulder Belt Used""]","Clear",0,33.852284,-84.368401,"Atlanta","FULTON","[""Motor Vehicle in Motion"",""Motor Vehicle in Motion""]","Following Too Close","[""Motor Vehicle in Motion"",""Motor Vehicle in Motion""]"
0,0,"Atlanta Police Department","2022-06-13","None and W Peachtree St Ne","(O) No Injury","Daylight","On Roadway - Roadway Intersection","Sideswipe-Same Direction","W Peachtree St Ne","Dry","17:30:00","[""Unknown"",""Unknown""]","Clear",0,33.786855,-84.387806,"Atlanta","FULTON","[""Motor Vehicle in Motion"",""Motor Vehicle in Motion""]","Changed Lanes Improperly","[""Motor Vehicle in Motion"",""Motor Vehicle in Motion""]"
0,0,"Gsp Post 00","2022-06-13","I-20 Wb and I-285 Sb","(O) No Injury","Daylight","On Roadway - Non-Intersection","Sideswipe-Same Direction","I-285 Sb","Dry","18:30:00","[""Lap and Shoulder Belt Used"",""Lap and Shoulder Belt Used""]","Clear",0,33.766652,-84.495444,"Atlanta","FULTON","[""Motor Vehicle in Motion"",""Motor Vehicle in Motion""]","Changed Lanes Improperly","[""Motor Vehicle in Motion"",""Motor Vehicle in Motion""]"
0,0,"Atlanta Police Department","2022-06-13","Lenox Rd Ne and Buford Hwy Ne","(C) Possible Injury / Complaint","Daylight","On Roadway - Roadway Intersection","Angle Crash","Buford Hwy Ne","Dry","20:05:00","[""Unknown"",""Lap and Shoulder Belt Used""]","Clear",0,33.825582,-84.352669,"Atlanta","FULTON","[""Motor Vehicle in Motion"",""Motor Vehicle in Motion""]","Disregard Other Traffic Control","Motor Vehicle in Motion"
0,0,"Atlanta Police Department","2022-06-13","None and W Peachtree St Nw","(C) Possible Injury / Complaint","Daylight","On Roadway - Roadway Intersection","Angle Crash","W Peachtree St Nw","Dry","16:00:00","[""Unknown"",""Unknown""]","Clear",0,33.793294,-84.387757,"Atlanta","FULTON","[""Motor Vehicle in Motion"",""Motor Vehicle in Motion""]",,"[""Motor Vehicle in Motion"",""Motor Vehicle in Motion""]"
0,0,"Atlanta Police Department","2022-06-13","Ellis St Ne and Piedmont Ave Ne","(O) No Injury","Daylight","On Roadway - Roadway Intersection","Angle Crash","Ellis St Ne","Dry","06:37:00","[""Lap and Shoulder Belt Used"",""Lap and Shoulder Belt Used""]","Clear",0,33.758354,-84.382208,"Atlanta","FULTON","[""Motor Vehicle in Motion"",""Motor Vehicle in Motion""]","Disregard Stop Sign/Signal","[""Motor Vehicle in Motion"",""Motor Vehicle in Motion""]"
0,0,"Atlanta Police Department","2022-06-13","Kenner Dr Sw and Fairburn Rd Sw","(O) No Injury","Daylight","On Roadway - Roadway Intersection","Angle Crash","Fairburn Rd Sw","Dry","16:10:00","[""Lap and Shoulder Belt Used"",""Lap and Shoulder Belt Used""]","Clear",0,33.755184,-84.505519,"Atlanta","FULTON","[""Motor Vehicle in Motion"",""Motor Vehicle in Motion""]","[""Failure to Yield"",""Disregard Stop Sign/Signal""]","[""Motor Vehicle in Motion"",""Motor Vehicle in Motion""]"
0,0,"Atlanta Police Department","2022-06-13","Rock St Nw and Joseph E Lowery Blvd Nw","(O) No Injury","Daylight","Off Roadway - Sidewalk","Not a Collision with Motor Vehicle","Joseph E Lowery Blvd Nw","Dry","09:15:00","[""Unknown"",""Unknown""]","Clear",0,33.76229,-84.417491,"Atlanta","FULTON","Other Non-Collision","Driver Lost Control","Tree"
0,0,"Atlanta Police Department","2022-06-13","16Th St Ne and Peachtree St Ne","(O) No Injury","Daylight","On Roadway - Roadway Intersection","Sideswipe-Same Direction","Peachtree St Ne","Dry","17:30:00","[""Unknown"",""Unknown""]","Clear",0,33.790224,-84.384867,"Atlanta","FULTON","[""Motor Vehicle in Motion"",""Motor Vehicle in Motion""]","Changed Lanes Improperly","[""Motor Vehicle in Motion"",""Motor Vehicle in Motion""]"
0,0,"Gsp Post 00","2022-06-13","Ga-400 and I-85 South","(O) No Injury","Daylight","On Roadway - Non-Intersection","Rear End","I-85 South","Dry","10:36:00","[""Lap and Shoulder Belt Used"",""Lap and Shoulder Belt Used""]","Cloudy",0,33.799929,-84.391204,"Atlanta","FULTON","[""Motor Vehicle in Motion"",""Motor Vehicle in Motion""]","Following Too Close","[""Motor Vehicle in Motion"",""Motor Vehicle in Motion""]"
0,0,"Atlanta Police Department","2022-06-13","I-75 and I-75 S","(O) No Injury","Dark-Lighted","On Roadway - Non-Intersection","Sideswipe-Same Direction","I-75","Dry","03:05:00","[""Lap and Shoulder Belt Used"",""Lap and Shoulder Belt Used""]","Clear",0,33.758711,-84.379191,"Atlanta","FULTON","[""Motor Vehicle in Motion"",""Motor Vehicle in Motion""]","[""Failure to Yield"",""Failure to Yield""]","[""Motor Vehicle in Motion"",""Motor Vehicle in Motion""]"
0,0,"Atlanta Police Department","2022-06-13","None and Ralph David Abernathy Blvd Sw","(C) Possible Injury / Complaint","Daylight","On Roadway - Roadway Intersection","Angle Crash","Ralph David Abernathy Blvd Sw","Dry","18:22:00","[""Unknown"",""Unknown"",""Unknown""]","Clear",0,33.738226,-84.408124,"Atlanta","FULTON","[""Motor Vehicle in Motion"",""Motor Vehicle in Motion""]","Disregard Stop Sign/Signal","[""Motor Vehicle in Motion"",""Motor Vehicle in Motion""]"
0,0,"Atlanta Police Department","2022-06-13","None and Meadow Ln Sw","(O) No Injury","Daylight","On Roadway - Non-Intersection","Not a Collision with Motor Vehicle","Meadow Ln Sw","Dry","14:00:00","Unknown","Clear",0,33.707138,-84.398157,"Atlanta","FULTON","Motor Vehicle in Motion","Improper Backing","Motor Vehicle in Motion"
0,0,"Atlanta Police Department","2022-06-13","Lenox Rd Ne and Piedmont Rd Ne","(O) No Injury","Daylight","On Roadway - Roadway Intersection","Sideswipe-Same Direction","Piedmont Rd Ne","Dry","18:09:00","[""Lap and Shoulder Belt Used"",""Lap and Shoulder Belt Used""]","Clear",0,33.848795,-84.374956,"Atlanta","FULTON","[""Motor Vehicle in Motion"",""Motor Vehicle in Motion""]","Changed Lanes Improperly","[""Motor Vehicle in Motion"",""Motor Vehicle in Motion""]"
0,0,"Atlanta Police Department","2022-06-13","I-75 and W Paces Ferry Rd Nw","(O) No Injury","Dark-Lighted","On Roadway - Non-Intersection","Rear End","I-75","Dry","23:44:00","[""Unknown"",""Lap and Shoulder Belt Used""]","Clear",0,33.848801,-84.431073,"Atlanta","FULTON","[""Motor Vehicle in Motion"",""Motor Vehicle in Motion""]","Following Too Close","[""Motor Vehicle in Motion"",""Motor Vehicle in Motion""]"
0,0,"Atlanta Police Department","2022-06-13","Courtland St Ne and Andrew Young International Blvd Ne","(O) No Injury","Daylight","On Roadway - Roadway Intersection","Angle Crash","Courtland St Ne","Dry","13:20:00","[""Unknown"",""Lap and Shoulder Belt Used"",""Lap and Shoulder Belt Used"",""Lap and Shoulder Belt Used""]","Clear",0,33.759644,-84.384199,"Atlanta","FULTON","[""Motor Vehicle in Motion"",""Motor Vehicle in Motion""]",,"[""Motor Vehicle in Motion"",""Motor Vehicle in Motion""]"
0,0,"Gsp Post 00","2022-06-14","10Th St and I-75 I-85 North Exit Ramp","(O) No Injury","Daylight","On Roadway - Roadway Intersection","Sideswipe-Same Direction","I-75 I-85 North Exit Ramp","Dry","10:45:00","[""Lap and Shoulder Belt Used"",""Lap and Shoulder Belt Used""]","Clear",0,33.781639,-84.390851,"Atlanta","FULTON","[""Motor Vehicle in Motion"",""Motor Vehicle in Motion""]","Improper Turn","[""Motor Vehicle in Motion"",""Motor Vehicle in Motion""]"
0,0,"Atlanta Police Department","2022-06-14","10Th St Nw and Williams St Nw","(O) No Injury","Daylight","On Roadway - Non-Intersection","Rear End","Williams St Nw","Dry","20:18:00","[""Unknown"",""Unknown""]","Clear",0,33.781394,-84.390582,"Atlanta","FULTON","[""Motor Vehicle in Motion"",""Motor Vehicle in Motion""]","Following Too Close","[""Motor Vehicle in Motion"",""Motor Vehicle in Motion""]"