"# Serious Injuries","# Visible Injuries","Agency Name (Crash Level) ","Date","Intersection Name (from Crash Report)","KABCO Severity","Light Conditions (Crash Level)","Location at Impact (Crash Level) ","Manner of Collision (Crash Level) ","Roadway (From Crash Report)","Surface Condition (Crash Level) ","Time","Safety Equipment (Crash Level) ","Weather Conditions (Crash Level)","# of Fatalities per Crash","Latitude","Longitude","Geolocated City","Geolocated County","First Harmful Event (Unit Order)","Operator/Pedestrian Contrib Factor (excl None, Other, No Contrib Factors)","Most Harmful Event (Crash Level)"
0,0,"Atlanta Police Department","2022-06-16","Lenox Rd Ne and Phipps Blvd Nw","(O) No Injury","Daylight","On Roadway - Roadway Intersection","Rear End","Lenox Rd Ne","Dry","14:24:00","[""Lap and Shoulder Belt Used"",""Lap and Shoulder Belt Used""]","Clear",0,33.852655,-84.365339,"Atlanta","FULTON","[""Motor Vehicle in Motion"",""Motor Vehicle in Motion""]","[""Following Too Close"",""Improper Turn""]","[""Motor Vehicle in Motion"",""Motor Vehicle in Motion""]"
0,0,"Atlanta Police Department","2022-06-16","Emery St Nw and Collier Rd Nw","(O) No Injury","Daylight","Off Roadway","Not a Collision with Motor Vehicle","Emery St Nw","Dry","16:09:00","None Used","Clear",0,33.809039,-84.414332,"Atlanta","FULTON","Fence","Disregard Police - Evasion","Fence"
0,0,"Gsp Post 00","2022-06-16","North Ave and I-7585 South","(O) No Injury","Daylight","On Roadway - Non-Intersection","Sideswipe-Same Direction","I-7585 South","Dry","13:56:00","[""Lap and Shoulder Belt Used"",""Lap and Shoulder Belt Used"",""Lap and Shoulder Belt Used""]","Cloudy",0,33.771117,-84.390473,"Atlanta","FULTON","[""Motor Vehicle in Motion"",""Motor Vehicle in Motion""]","Changed Lanes Improperly","[""Motor Vehicle in Motion"",""Motor Vehicle in Motion""]"
0,0,"Atlanta Police Department","2022-06-16","None and James P Brawley Dr Nw","(O) No Injury","Daylight","On Roadway - Non-Intersection","Sideswipe-Same Direction","James P Brawley Dr Nw","Dry","13:40:00","Lap and Shoulder Belt Used","Clear",0,33.775418,-84.412417,"Atlanta","FULTON","[""Motor Vehicle in Motion"",""Motor Vehicle in Motion""]","Misjudged Clearance","[""Motor Vehicle in Motion"",""Motor Vehicle in Motion""]"
0,0,"Gsp Post 00","2022-06-16","17Th St and I-85 North","(O) No Injury","Daylight","On Roadway - Non-Intersection","Rear End","I-85 North","Dry","16:13:00","[""Lap and Shoulder Belt Used"",""Lap and Shoulder Belt Used""]","Cloudy",0,33.800456,-84.389642,"Atlanta","FULTON","[""Motor Vehicle in Motion"",""Motor Vehicle in Motion""]","Following Too Close","[""Motor Vehicle in Motion"",""Motor Vehicle in Motion""]"
0,0,"Atlanta Police Department","2022-06-16","Williams St Nw and Ivan Allen Jr Blvd Nw","(O) No Injury","Daylight","On Roadway - Roadway Intersection","Sideswipe-Same Direction","Ivan Allen Jr Blvd Nw","Dry","15:46:00","[""Unknown"",""Unknown""]","Clear",0,33.764674,-84.390349,"Atlanta","FULTON","[""Motor Vehicle in Motion"",""Motor Vehicle in Motion""]","Improper Turn","[""Motor Vehicle in Motion"",""Motor Vehicle in Motion""]"
0,0,"Atlanta Police Department","2022-06-16","Jett St Nw and Joseph E Lowery Blvd Nw","(O) No Injury","Dark-Lighted","On Roadway - Roadway Intersection","Rear End","Jett St Nw","Wet","22:31:00","[""None Used"",""None Used"",""None Used""]","Rain",0,33.767084,-84.41744,"Atlanta","FULTON","[""Motor Vehicle in Motion"",""Motor Vehicle in Motion""]",,"[""Motor Vehicle in Motion"",""Motor Vehicle in Motion""]"
0,0,"Atlanta Police Department","2022-06-16","Carmia Dr Sw and Camp Creek Pkwy Sw","(O) No Injury","Daylight","On Roadway - Roadway Intersection","Rear End","Carmia Dr Sw","Dry","20:00:00","[""Lap and Shoulder Belt Used"",""Lap and Shoulder Belt Used""]","Clear",0,33.654862,-84.510241,"Atlanta","FULTON","[""Motor Vehicle in Motion"",""Motor Vehicle in Motion""]","Following Too Close","[""Motor Vehicle in Motion"",""Motor Vehicle in Motion""]"
0,3,"Atlanta Police Department","2022-06-16","7Th St Nw and St James Ave Nw","(B) Suspected Minor/Visible Injury","Daylight","On Roadway - Roadway Intersection","Angle Crash","7Th St Nw","Dry","19:14:00","[""Unknown"",""Unknown"",""Unknown"",""Unknown"",""Lap and Shoulder Belt Used""]","Clear",0,33.785963,-84.473512,"Atlanta","FULTON","[""Motor Vehicle in Motion"",""Motor Vehicle in Motion"",""Motor Vehicle in Motion""]","[""Disregard Stop Sign/Signal"",""Failure to Yield""]","[""Motor Vehicle in Motion"",""Motor Vehicle in Motion"",""Motor Vehicle in Motion""]"
0,0,"Atlanta Police Department","2022-06-16","I-75 and North Ave Nw","(O) No Injury","Daylight","On Roadway - Roadway Intersection","Angle Crash","I-75","Dry","17:41:00","[""Lap and Shoulder Belt Used"",""Lap and Shoulder Belt Used""]","Clear",0,33.771284,-84.39046,"Atlanta","FULTON","[""Motor Vehicle in Motion"",""Motor Vehicle in Motion""]","[""Changed Lanes Improperly"",""Changed Lanes Improperly""]","[""Motor Vehicle in Motion"",""Motor Vehicle in Motion""]"
0,0,"Atlanta Police Department","2022-06-16","None and North Ave Nw","(O) No Injury","Daylight","On Roadway - Non-Intersection","Rear End","North Ave Nw","Dry","17:45:00","Lap and Shoulder Belt Used","Clear",0,33.768697,-84.454528,"Atlanta","FULTON","[""Parked Motor Vehicle"",""Motor Vehicle in Motion""]","Misjudged Clearance","[""Parked Motor Vehicle"",""Motor Vehicle in Motion""]"
0,0,"Gsp Post 00","2022-06-16","I-285 Nb and Collier Drive","(O) No Injury","Daylight","On Roadway - Non-Intersection","Sideswipe-Same Direction","I-285 Nb","Dry","07:51:00","[""Lap and Shoulder Belt Used"",""Lap and Shoulder Belt Used""]","Clear",0,33.782242,-84.495842,"Atlanta","FULTON","[""Motor Vehicle in Motion"",""Motor Vehicle in Motion""]","Changed Lanes Improperly","[""Motor Vehicle in Motion"",""Motor Vehicle in Motion""]"
0,0,"Gsp Post 00","2022-06-16","I-285 North and Martin Luther King Junior Driv","(O) No Injury","Daylight","On Roadway - Non-Intersection","Rear End","I-285 North","Dry","18:25:00","[""Lap and Shoulder Belt Used"",""Lap and Shoulder Belt Used""]","Clear",0,33.751009,-84.496398,"Atlanta","FULTON","[""Motor Vehicle in Motion"",""Motor Vehicle in Motion""]","Following Too Close","[""Motor Vehicle in Motion"",""Motor Vehicle in Motion""]"
0,0,"Atlanta Police Department","2022-06-16","Lee St Sw and White Oak Ave Sw","(O) No Injury","Daylight","Off Roadway","Sideswipe-Same Direction","White Oak Ave Sw","Dry","12:50:00","Lap and Shoulder Belt Used","Clear",0,33.724115,-84.421084,"Atlanta","FULTON","[""Motor Vehicle in Motion"",""Motor Vehicle in Motion""]","Changed Lanes Improperly","[""Motor Vehicle in Motion"",""Motor Vehicle in Motion""]"
0,0,"Atlanta Police Department","2022-06-16","Ga-400 N and Sidney Marcus Blvd Ne","(O) No Injury","Daylight","On Roadway - Non-Intersection","Angle Crash","Sidney Marcus Blvd Ne","Dry","09:02:00","[""Unknown"",""Unknown""]","Clear",0,33.824917,-84.359559,"Atlanta","FULTON","[""Motor Vehicle in Motion"",""Motor Vehicle in Motion""]","Improper Turn","[""Motor Vehicle in Motion"",""Motor Vehicle in Motion""]"
0,0,"Gsp Post 00","2022-06-16","Interstate 20 and Interstate 285 Sb","(O) No Injury","Daylight","On Roadway - Non-Intersection","Rear End","Interstate 285 Sb","Dry","08:18:00","[""Lap and Shoulder Belt Used"",""Lap and Shoulder Belt Used"",""Lap and Shoulder Belt Used""]","Clear",0,33.77483,-84.496315,"Atlanta","FULTON","[""Motor Vehicle in Motion"",""Motor Vehicle in Motion"",""Motor Vehicle in Motion""]","[""Following Too Close"",""Following Too Close""]","[""Motor Vehicle in Motion"",""Motor Vehicle in Motion"",""Motor Vehicle in Motion""]"
0,0,"Atlanta Police Department","2022-06-16","Logan Cir Nw and Chattahoochee Ave Nw","(O) No Injury","Daylight","On Roadway - Non-Intersection","Rear End","Chattahoochee Ave Nw","Dry","17:40:00","[""Lap and Shoulder Belt Used"",""Lap and Shoulder Belt Used"",""Lap and Shoulder Belt Used""]","Clear",0,33.806202,-84.434321,"Atlanta","FULTON","[""Motor Vehicle in Motion"",""Motor Vehicle in Motion""]","[""Following Too Close"",""Changed Lanes Improperly""]","[""Motor Vehicle in Motion"",""Motor Vehicle in Motion""]"
0,0,"Atlanta Police Department","2022-06-16","None and I-285 Exit 9 Rp","(O) No Injury","Dark-Lighted","Entrance/Exit Ramp","Sideswipe-Same Direction","I-285 Exit 9 Rp","Water (standing or moving)","21:30:00","Unknown","Rain",0,33.758103,-84.494018,"Atlanta","FULTON","[""Motor Vehicle in Motion"",""Motor Vehicle in Motion""]","Misjudged Clearance","Other Non-Collision"
0,0,"Atlanta Police Department","2022-06-16","Lenox Rd Ne and Buford Hwy Ne","(O) No Injury","Daylight","On Roadway - Roadway Intersection","Rear End","Lenox Rd Ne","Dry","06:40:00","[""Lap and Shoulder Belt Used"",""Lap and Shoulder Belt Used""]","Clear",0,33.825566,-84.352752,"Atlanta","FULTON","[""Motor Vehicle in Motion"",""Motor Vehicle in Motion""]","Following Too Close","[""Motor Vehicle in Motion"",""Motor Vehicle in Motion""]"
0,0,"Gsp Post 00","2022-06-16","5Th St and I-75I-85Sb","(O) No Injury","Daylight","On Roadway - Non-Intersection","Sideswipe-Same Direction","I-75I-85Sb","Dry","17:50:00","[""Lap and Shoulder Belt Used"",""Lap and Shoulder Belt Used""]","Clear",0,33.771241,-84.389184,"Atlanta","FULTON","[""Motor Vehicle in Motion"",""Motor Vehicle in Motion""]","Changed Lanes Improperly","[""Motor Vehicle in Motion"",""Motor Vehicle in Motion""]"
0,0,"Atlanta Police Department","2022-06-16","Courtland St Ne and Andrew Young International Blvd Ne","(O) No Injury","Daylight","On Roadway - Non-Intersection","Angle Crash","Courtland St Ne","Dry","09:20:00","[""Unknown"",""Unknown""]","Clear",0,33.759189,-84.384207,"Atlanta","FULTON","[""Motor Vehicle in Motion"",""Motor Vehicle in Motion""]","Improper Turn","[""Motor Vehicle in Motion"",""Motor Vehicle in Motion""]"
0,0,"Atlanta Police Department","2022-06-16","Baker Rd Nw and Cedar Ave Nw","(O) No Injury","Dark-Lighted","On Roadway - Roadway Intersection","Angle Crash","Baker Rd Nw","Dry","02:00:00","[""Unknown"",""Lap and Shoulder Belt Used""]","Clear",0,33.769389,-84.465655,"Atlanta","FULTON","[""Motor Vehicle in Motion"",""Motor Vehicle in Motion""]","Too Fast for Conditions","[""Motor Vehicle in Motion"",""Motor Vehicle in Motion""]"
0,0,"Atlanta Police Department","2022-06-16","10Th St Nw and Spring St Nw","(O) No Injury","Dark-Lighted","On Roadway - Roadway Intersection","Angle Crash","10Th St Nw","Dry","23:00:00","[""Unknown"",""Unknown""]","Clear",0,33.781543,-84.389538,"Atlanta","FULTON","[""Motor Vehicle in Motion"",""Motor Vehicle in Motion""]",,"[""Motor Vehicle in Motion"",""Motor Vehicle in Motion""]"
0,0,"Gsp Post 00","2022-06-16","I-20 and I-285 Sb","(O) No Injury","Daylight","On Roadway - Non-Intersection","Sideswipe-Same Direction","I-285 Sb","Dry","12:53:00","[""Lap and Shoulder Belt Used"",""Lap and Shoulder Belt Used""]","Clear",0,33.768751,-84.494994,"Atlanta","FULTON","[""Motor Vehicle in Motion"",""Motor Vehicle in Motion""]","Changed Lanes Improperly","[""Motor Vehicle in Motion"",""Motor Vehicle in Motion""]"
0,0,"Atlanta Police Department","2022-06-16","Paul Ave Nw and Bolton Rd Nw","(O) No Injury","Daylight","On Roadway - Roadway Intersection","Rear End","Paul Ave Nw","Dry","13:45:00","[""Unknown"",""Unknown""]","Clear",0,33.814826,-84.467303,"Atlanta","FULTON","[""Motor Vehicle in Motion"",""Motor Vehicle in Motion""]",,"[""Motor Vehicle in Motion"",""Motor Vehicle in Motion""]"
0,0,"Atlanta Police Department","2022-06-16","Lavista Walk and Lavista Rd Ne","(O) No Injury","Daylight","On Roadway - Driveway Intersection","Head On","Lavista Rd Ne","Dry","18:42:00","Shoulder Belt Only Used","Clear",0,33.817962,-84.350284,"Atlanta","FULTON","[""Motor Vehicle in Motion"",""Motor Vehicle in Motion""]","Failure to Yield","Motor Vehicle in Motion"
0,0,"Atlanta Police Department","2022-06-16","Wells St Sw and Metropolitan Pkwy Sw","(O) No Injury","Daylight","On Roadway - Roadway Intersection","Angle Crash","Metropolitan Pkwy Sw","Dry","11:45:00","[""Lap and Shoulder Belt Used"",""Lap and Shoulder Belt Used""]","Clear",0,33.739103,-84.408203,"Atlanta","FULTON","[""Motor Vehicle in Motion"",""Motor Vehicle in Motion""]","Failure to Yield","[""Motor Vehicle in Motion"",""Motor Vehicle in Motion""]"
0,0,"Atlanta Police Department","2022-06-16","Cascade Ave Sw and Cascade Cir Sw","(C) Possible Injury / Complaint","Daylight","On Roadway - Roadway Intersection","Rear End","Cascade Cir Sw","Dry","18:51:00","[""Unknown"",""Unknown"",""Unknown"",""Unknown""]","Clear",0,33.726635,-84.44516,"Atlanta","FULTON","[""Motor Vehicle in Motion"",""Motor Vehicle in Motion""]","Following Too Close","[""Motor Vehicle in Motion"",""Motor Vehicle in Motion""]"
0,0,"Gsp Post 00","2022-06-16","I-7585 Sb and Courtland Street","(O) No Injury","Daylight","On Roadway - Non-Intersection","Not a Collision with Motor Vehicle","I-7585 Sb","Dry","09:35:00","[""Lap and Shoulder Belt Used"",""Lap and Shoulder Belt Used""]","Clear",0,33.764917,-84.385152,"Atlanta","FULTON","[""Cargo/Equipment Loss or Shift"",""Cargo/Equipment Loss or Shift""]",,"[""Cargo/Equipment Lost or Shift"",""Cargo/Equipment Lost or Shift""]"
0,0,"Gsp Post 00","2022-06-16","None and I-75 N","(O) No Injury","Daylight","On Roadway - Non-Intersection","Sideswipe-Same Direction","I-75 N","Dry","10:27:00","[""Unknown"",""Lap and Shoulder Belt Used""]","Clear",0,33.693902,-84.403811,"Atlanta","FULTON","[""Motor Vehicle in Motion"",""Motor Vehicle in Motion""]","Changed Lanes Improperly","[""Motor Vehicle in Motion"",""Motor Vehicle in Motion""]"
0,0,"Atlanta Police Department","2022-06-16","Kingswood Ln Nw and Northside Dr Nw","(O) No Injury","Daylight","On Roadway - Non-Intersection","Rear End","Northside Dr Nw","Dry","09:00:00","[""Lap and Shoulder Belt Used"",""Lap and Shoulder Belt Used""]","Clear",0,33.831614,-84.407459,"Atlanta","FULTON","[""Motor Vehicle in Motion"",""Parked Motor Vehicle""]","Following Too Close","[""Motor Vehicle in Motion"",""Parked Motor Vehicle""]"
0,0,"Atlanta Police Department","2022-06-16","None and Moreland Ave Se Exit 60A Rp","(C) Possible Injury / Complaint","Dawn","On Roadway - Non-Intersection","Rear End","Moreland Ave Se Exit 60A Rp","Dry","21:07:00","[""Unknown"",""Unknown""]","Clear",0,33.744636,-84.349393,"Atlanta","FULTON","[""Motor Vehicle in Motion"",""Motor Vehicle in Motion""]","Following Too Close","[""Motor Vehicle in Motion"",""Motor Vehicle in Motion""]"
0,0,"Atlanta Police Department","2022-06-16","None and I-75","(O) No Injury","Dark-Lighted","On Shoulder","Not a Collision with Motor Vehicle","I-75","Dry","21:40:00","Unknown","Rain",0,33.852517,-84.431316,"Atlanta","FULTON","Guard Rail Face","Too Fast for Conditions","Guard Rail Fence"
0,0,"Gsp Post 00","2022-06-16","7585 South and University Ave","(O) No Injury","Daylight","On Roadway - Non-Intersection","Sideswipe-Same Direction","7585 South","Dry","10:18:00","[""Lap and Shoulder Belt Used"",""Lap and Shoulder Belt Used""]","Clear",0,33.724022,-84.394103,"Atlanta","FULTON","[""Motor Vehicle in Motion"",""Motor Vehicle in Motion""]","Changed Lanes Improperly","[""Motor Vehicle in Motion"",""Motor Vehicle in Motion""]"
0,0,"Atlanta Police Department","2022-06-16","10Th St Nw and Northside Dr Nw","(O) No Injury","Dark-Lighted","On Roadway - Non-Intersection","Rear End","10Th St Nw","Wet","22:20:00","[""Unknown"",""Lap and Shoulder Belt Used""]","Clear",0,33.781552,-84.407196,"Atlanta","FULTON","[""Motor Vehicle in Motion"",""Motor Vehicle in Motion""]","Following Too Close","[""Motor Vehicle in Motion"",""Motor Vehicle in Motion""]"
0,0,"Atlanta Police Department","2022-06-16","Lee St Sw and Avon Ave Sw","(C) Possible Injury / Complaint","Dark-Lighted","Off Roadway","Rear End","Avon Ave Sw","Dry","00:03:00","[""Unknown"",""Unknown"",""Unknown""]","Clear",0,33.722285,-84.423562,"Atlanta","FULTON","[""Impact Attenuate"",""Impact Attenuate""]","Following Too Close","[""Impact Attenuate"",""Impact Attenuate""]"
0,1,"Atlanta Police Department","2022-06-16","Cato St Nw and Hollywood Rd Nw","(B) Suspected Minor/Visible Injury","Daylight","On Roadway - Roadway Intersection","Not a Collision with Motor Vehicle","Hollywood Rd Nw","Dry","17:22:00","[""Lap and Shoulder Belt Used"",""None Used""]","Clear",0,33.781225,-84.455823,"Atlanta","FULTON","[""Motor Vehicle in Motion"",""Motor Vehicle in Motion""]","Failure to Yield","[""Motor Vehicle in Motion"",""Motor Vehicle in Motion""]"
0,0,"Atlanta Police Department","2022-06-16","W Wesley Rd Nw and Habersham Rd Nw","(O) No Injury","Daylight","On Roadway - Non-Intersection","Rear End","Habersham Rd Nw","Dry","13:40:00","[""Lap and Shoulder Belt Used"",""Lap and Shoulder Belt Used""]","Clear",0,33.82913,-84.394381,"Atlanta","FULTON","[""Motor Vehicle in Motion"",""Motor Vehicle in Motion""]","Following Too Close","[""Motor Vehicle in Motion"",""Motor Vehicle in Motion""]"
0,0,"Atlanta Police Department","2022-06-16","Hightower Pl Nw and Donald Lee Hollowell Pkwy Nw","(C) Possible Injury / Complaint","Daylight","On Roadway - Roadway Intersection","Angle Crash","Donald Lee Hollowell Pkwy Nw","Dry","15:33:00","[""Lap and Shoulder Belt Used"",""Child Restraint System (Properly Used)"",""Lap and Shoulder Belt Used""]","Clear",0,33.777172,-84.475707,"Atlanta","FULTON","[""Motor Vehicle in Motion"",""Motor Vehicle in Motion""]","[""Failure to Yield"",""Disregard Other Traffic Control""]","[""Motor Vehicle in Motion"",""Motor Vehicle in Motion""]"
0,0,"Atlanta Police Department","2022-06-16","None and I-75","(O) No Injury","Dark-Lighted","On Roadway - Non-Intersection","Sideswipe-Same Direction","I-75","Dry","22:16:00","[""Lap and Shoulder Belt Used"",""Unknown""]","Clear",0,33.725374,-84.393876,"Atlanta","FULTON","[""Motor Vehicle in Motion"",""Motor Vehicle in Motion""]","Changed Lanes Improperly","Motor Vehicle in Motion"
0,0,"Atlanta Police Department","2022-06-16","Oakdale Rd Ne and Ponce De Leon Ave Ne","(O) No Injury","Daylight","On Roadway - Roadway Intersection","Angle Crash","Oakdale Rd Ne","Dry","08:35:00","[""Lap and Shoulder Belt Used"",""Lap and Shoulder Belt Used"",""Lap and Shoulder Belt Used""]","Clear",0,33.775174,-84.341557,"Atlanta","DEKALB","[""Motor Vehicle in Motion"",""Motor Vehicle in Motion""]",,"[""Motor Vehicle in Motion"",""Motor Vehicle in Motion""]"
0,0,"Gsp Post 00","2022-06-16","Fulton St and 7585 North","(O) No Injury","Daylight","On Roadway - Non-Intersection","Sideswipe-Same Direction","7585 North","Dry","11:20:00","[""Lap and Shoulder Belt Used"",""Lap and Shoulder Belt Used"",""Lap and Shoulder Belt Used""]","Clear",0,33.744404,-84.390435,"Atlanta","FULTON","[""Parked Motor Vehicle"",""Motor Vehicle in Motion""]","Changed Lanes Improperly","[""Motor Vehicle in Motion"",""Impact Attenuate""]"
0,0,"Gsp Post 00","2022-06-16","I-75Nb and Mt Paran Road","(O) No Injury","Daylight","On Roadway - Non-Intersection","Rear End","I-75Nb","Dry","16:00:00","[""Lap and Shoulder Belt Used"",""Lap and Shoulder Belt Used""]","Clear",0,33.861418,-84.436256,"Atlanta","FULTON","[""Motor Vehicle in Motion"",""Motor Vehicle in Motion""]","Following Too Close","[""Motor Vehicle in Motion"",""Motor Vehicle in Motion""]"
0,0,"Gsp Post 00","2022-06-16","I-285 Nb and Cascade Rd","(O) No Injury","Daylight","On Roadway - Non-Intersection","Rear End","I-285 Nb","Dry","13:50:00","[""Unknown"",""Lap and Shoulder Belt Used""]","Cloudy",0,33.715477,-84.501185,"Atlanta","FULTON","[""Motor Vehicle in Motion"",""Motor Vehicle in Motion""]","Following Too Close","[""Motor Vehicle in Motion"",""Motor Vehicle in Motion""]"
0,0,"Gsp Post 00","2022-06-16","14Th St and I-75I-85Sb","(O) No Injury","Daylight","On Roadway - Non-Intersection","Rear End","I-75I-85Sb","Dry","14:40:00","[""Lap and Shoulder Belt Used"",""Lap and Shoulder Belt Used""]","Cloudy",0,33.781824,-84.391215,"Atlanta","FULTON","[""Motor Vehicle in Motion"",""Motor Vehicle in Motion""]","Following Too Close","[""Motor Vehicle in Motion"",""Motor Vehicle in Motion""]"
0,0,"Gsp Post 00","2022-06-16","None and I-7585 North Entrance Ramp Fr","(O) No Injury","Daylight","Entrance/Exit Ramp","Sideswipe-Same Direction","I-7585 North Entrance Ramp Fr","Dry","15:20:00","[""Lap and Shoulder Belt Used"",""Lap and Shoulder Belt Used""]","Clear",0,33.746573,-84.387426,"Atlanta","FULTON","[""Motor Vehicle in Motion"",""Motor Vehicle in Motion""]","Failure to Yield","[""Motor Vehicle in Motion"",""Motor Vehicle in Motion""]"
0,0,"Gsp Post 00","2022-06-16","I-85 Sb and Armour Drive","(O) No Injury","Daylight","On Roadway - Non-Intersection","Rear End","I-85 Sb","Dry","10:50:00","[""Unknown"",""Lap and Shoulder Belt Used""]","Clear",0,33.798027,-84.393224,"Atlanta","FULTON","[""Motor Vehicle in Motion"",""Motor Vehicle in Motion""]","Following Too Close","[""Motor Vehicle in Motion"",""Motor Vehicle in Motion""]"
0,0,"Gsp Post 00","2022-06-16","7585 North and University Ave","(C) Possible Injury / Complaint","Daylight","On Roadway - Non-Intersection","Sideswipe-Same Direction","7585 North","Dry","09:20:00","[""Lap and Shoulder Belt Used"",""Lap and Shoulder Belt Used"",""Lap and Shoulder Belt Used""]","Clear",0,33.715785,-84.398543,"Atlanta","FULTON","[""Motor Vehicle in Motion"",""Motor Vehicle in Motion"",""Motor Vehicle in Motion""]","Changed Lanes Improperly","[""Motor Vehicle in Motion"",""Parked Motor Vehicle"",""Motor Vehicle in Motion""]"
0,0,"Gsp Post 00","2022-06-16","I-20 E and Bill Kennedy Way","(O) No Injury","Daylight","On Roadway - Non-Intersection","Rear End","I-20 E","Dry","15:11:00","[""Lap and Shoulder Belt Used"",""Unknown""]","Clear",0,33.743659,-84.35785,"Atlanta","FULTON","[""Motor Vehicle in Motion"",""Motor Vehicle in Motion""]","Following Too Close","[""Motor Vehicle in Motion"",""Motor Vehicle in Motion""]"
0,0,"Gsp Post 00","2022-06-16","I-75I-85Sb and Peachtree St","(O) No Injury","Daylight","On Roadway - Non-Intersection","Rear End","I-75I-85Sb","Dry","14:00:00","[""Unknown"",""Lap and Shoulder Belt Used""]","Clear",0,33.765659,-84.386219,"Atlanta","FULTON","[""Motor Vehicle in Motion"",""Motor Vehicle in Motion""]","Following Too Close","[""Motor Vehicle in Motion"",""Motor Vehicle in Motion""]"
0,0,"Atlanta Police Department","2022-06-16","10Th St Nw and Howell Mill Rd Nw","(O) No Injury","Daylight","On Roadway - Non-Intersection","Sideswipe-Same Direction","Howell Mill Rd Nw","Dry","16:00:00","[""Lap and Shoulder Belt Used"",""Lap and Shoulder Belt Used""]","Clear",0,33.781294,-84.411014,"Atlanta","FULTON","[""Motor Vehicle in Motion"",""Motor Vehicle in Motion""]",,"[""Motor Vehicle in Motion"",""Motor Vehicle in Motion""]"
0,0,"Atlanta Police Department","2022-06-16","Peachtree Pl Nw and W Peachtree St Nw","(O) No Injury","Daylight","On Roadway - Non-Intersection","Sideswipe-Same Direction","W Peachtree St Nw","Dry","14:46:00","[""Lap and Shoulder Belt Used"",""Lap and Shoulder Belt Used""]","Clear",0,33.780816,-84.387549,"Atlanta","FULTON","[""Motor Vehicle in Motion"",""Motor Vehicle in Motion""]","Changed Lanes Improperly","[""Motor Vehicle in Motion"",""Motor Vehicle in Motion""]"
0,0,"Gsp Post 00","2022-06-16","I-285 Sb and Bolton Road","(O) No Injury","Daylight","On Roadway - Non-Intersection","Rear End","I-285 Sb","Dry","13:00:00","[""Lap and Shoulder Belt Used"",""Lap and Shoulder Belt Used"",""Lap and Shoulder Belt Used""]","Clear",0,33.801184,-84.489731,"Atlanta","FULTON","[""Motor Vehicle in Motion"",""Motor Vehicle in Motion""]","Following Too Close","[""Motor Vehicle in Motion"",""Motor Vehicle in Motion""]"
0,0,"Gsp Post 00","2022-06-16","I-75 Sb and Deering Road","(O) No Injury","Daylight","On Roadway - Non-Intersection","Sideswipe-Same Direction","I-75 Sb","Dry","07:20:00","[""Lap and Shoulder Belt Used"",""Lap and Shoulder Belt Used"",""Lap and Shoulder Belt Used"",""Lap and Shoulder Belt Used""]","Clear",0,33.792844,-84.392713,"Atlanta","FULTON","[""Motor Vehicle in Motion"",""Motor Vehicle in Motion""]",,"[""Motor Vehicle in Motion"",""Motor Vehicle in Motion""]"
0,1,"Atlanta Police Department","2022-06-16","Epworth St Sw and Campbellton Rd Sw","(B) Suspected Minor/Visible Injury","Dark-Lighted","Off Roadway","Not a Collision with Motor Vehicle","Epworth St Sw","Dry","03:00:00","None Used","Clear",0,33.716081,-84.430832,"Atlanta","FULTON","Utility Pole",,"Over Turn"
0,0,"South Fulton Police Department","2022-06-16","285 and Cascade Rd","(O) No Injury","Daylight","On Roadway - Roadway Intersection","Rear End","Cascade Rd","Dry","19:00:00","[""Shoulder Belt Only Used"",""Shoulder Belt Only Used""]","Clear",0,33.723042,-84.504834,"South Fulton","FULTON","[""Motor Vehicle in Motion"",""Motor Vehicle in Motion""]","Following Too Close","[""Motor Vehicle in Motion"",""Motor Vehicle in Motion""]"
0,0,"Atlanta Police Department","2022-06-16","Collier Rd Nw and Peachtree Rd Ne","(O) No Injury","Daylight","On Roadway - Roadway Intersection","Sideswipe-Same Direction","Peachtree Rd Ne","Dry","14:45:00","[""Lap and Shoulder Belt Used"",""Lap and Shoulder Belt Used"",""Lap and Shoulder Belt Used""]","Clear",0,33.806734,-84.393885,"Atlanta","FULTON","[""Motor Vehicle in Motion"",""Motor Vehicle in Motion""]","Improper Turn","[""Motor Vehicle in Motion"",""Motor Vehicle in Motion""]"
0,0,"Atlanta Police Department","2022-06-16","North Ave Nw and Spring St Nw","(O) No Injury","Dark-Not Lighted","On Roadway - Roadway Intersection","Angle Crash","Spring St Nw","Wet","22:44:00","[""Unknown"",""Unknown""]","Rain",0,33.745805,-84.373389,"Atlanta","FULTON","[""Motor Vehicle in Motion"",""Motor Vehicle in Motion""]","Disregard Other Traffic Control","[""Motor Vehicle in Motion"",""Motor Vehicle in Motion""]"
0,1,"Atlanta Police Department","2022-06-16","None and Exit 247 Rp","(B) Suspected Minor/Visible Injury","Dark-Lighted","Entrance/Exit Ramp","Rear End","Exit 247 Rp","Dry","21:28:00","[""Unknown"",""Unknown""]","Clear",0,33.74832,-84.385796,"Atlanta","FULTON","[""Motor Vehicle in Motion"",""Motor Vehicle in Motion""]","Changed Lanes Improperly","[""Motor Vehicle in Motion"",""Motor Vehicle in Motion""]"
0,0,"Gsp Post 00","2022-06-16","I-285 South and Camp Creek Parkway","(C) Possible Injury / Complaint","Daylight","On Roadway - Non-Intersection","Rear End","I-285 South","Dry","11:10:00","[""Lap and Shoulder Belt Used"",""Lap and Shoulder Belt Used""]","Clear",0,33.687869,-84.500159,"Atlanta","FULTON","[""Motor Vehicle in Motion"",""Motor Vehicle in Motion""]","Following Too Close","[""Motor Vehicle in Motion"",""Motor Vehicle in Motion""]"