"# Serious Injuries","# Visible Injuries","Agency Name (Crash Level) ","Date","Intersection Name (from Crash Report)","KABCO Severity","Light Conditions (Crash Level)","Location at Impact (Crash Level) ","Manner of Collision (Crash Level) ","Roadway (From Crash Report)","Surface Condition (Crash Level) ","Time","Safety Equipment (Crash Level) ","Weather Conditions (Crash Level)","# of Fatalities per Crash","Latitude","Longitude","Geolocated City","Geolocated County","First Harmful Event (Unit Order)","Operator/Pedestrian Contrib Factor (excl None, Other, No Contrib Factors)","Most Harmful Event (Crash Level)"
0,0,"Atlanta Police Department","2022-06-16","Peachtree Rd Ne and Peachtree Battle Ave Nw","(O) No Injury","Daylight","On Roadway - Driveway Intersection","Rear End","Peachtree Rd Ne","Dry","10:29:00","[""Unknown"",""Unknown""]","Clear",0,33.819546,-84.388528,"Atlanta","FULTON","[""Motor Vehicle in Motion"",""Motor Vehicle in Motion""]","Aggressive Driving","[""Motor Vehicle in Motion"",""Motor Vehicle in Motion""]"
0,0,"Gsp Post 00","2022-06-16","I-285 E and Jonesboro Rd","(O) No Injury","Daylight","On Roadway - Non-Intersection","Rear End","I-285 E","Dry","16:29:00","[""Lap and Shoulder Belt Used"",""None Used"",""Lap and Shoulder Belt Used""]","Clear",0,33.652836,-84.366428,"Atlanta","FULTON","[""Motor Vehicle in Motion"",""Motor Vehicle in Motion""]","Following Too Close","[""Motor Vehicle in Motion"",""Motor Vehicle in Motion""]"
0,0,"Atlanta Police Department","2022-06-16","Courtland St Ne and Renaissance Pkwy Ne","(O) No Injury","Daylight","On Roadway - Roadway Intersection","Sideswipe-Same Direction","Courtland St Ne","Dry","15:08:00","Unknown","Cloudy",0,33.768391,-84.384079,"Atlanta","FULTON","[""Motor Vehicle in Motion"",""Motor Vehicle in Motion""]","Changed Lanes Improperly","Motor Vehicle in Motion"
0,0,"Atlanta Police Department","2022-06-16","None and Southside Industrial Pkwy Se","(C) Possible Injury / Complaint","Daylight","On Roadway - Non-Intersection","Rear End","Southside Industrial Pkwy Se","Dry","07:26:00","Unknown","Clear",0,33.655506,-84.374258,"Atlanta","FULTON","[""Motor Vehicle in Motion"",""Motor Vehicle in Motion""]","Inattentive or Other Distraction (Distracted)","[""Motor Vehicle in Motion"",""Motor Vehicle in Motion""]"
0,0,"Atlanta Police Department","2022-06-16","3Rd St Nw and Spring St Nw","(O) No Injury","Daylight","On Roadway - Managed Lane (HOV, HOT, Reversible)","Angle Crash","3Rd St Nw","Dry","17:58:00","[""Unknown"",""Unknown""]","Clear",0,33.773874,-84.38883,"Atlanta","FULTON","[""Motor Vehicle in Motion"",""Motor Vehicle in Motion""]","Misjudged Clearance","[""Motor Vehicle in Motion"",""Motor Vehicle in Motion""]"
0,0,"Gsp Post 00","2022-06-16","Ga-400 and I-85Sb","(O) No Injury","Daylight","On Roadway - Non-Intersection","Sideswipe-Same Direction","I-85Sb","Dry","15:25:00","[""Lap and Shoulder Belt Used"",""Lap and Shoulder Belt Used""]","Cloudy",0,33.821494,-84.360336,"Atlanta","FULTON","[""Motor Vehicle in Motion"",""Motor Vehicle in Motion""]","[""Changed Lanes Improperly"",""Failure to Yield""]","[""Motor Vehicle in Motion"",""Motor Vehicle in Motion""]"
0,0,"Gsp Post 00","2022-06-16","I-75 Nb and Cumberland Blvd","(C) Possible Injury / Complaint","Daylight","On Roadway - Non-Intersection","Rear End","I-75 Nb","Dry","16:43:00","[""Lap and Shoulder Belt Used"",""Lap and Shoulder Belt Used"",""Lap and Shoulder Belt Used"",""Lap and Shoulder Belt Used"",""Lap and Shoulder Belt Used""]","Clear",0,33.874454,-84.446488,"Atlanta","FULTON","[""Motor Vehicle in Motion"",""Motor Vehicle in Motion"",""Motor Vehicle in Motion""]","Following Too Close","[""Motor Vehicle in Motion"",""Motor Vehicle in Motion"",""Motor Vehicle in Motion""]"
0,0,"Atlanta Police Department","2022-06-16","Ridgeway Ave Nw and Howell Mill Rd Nw","(O) No Injury","Daylight","On Roadway - Roadway Intersection","Angle Crash","Ridgeway Ave Nw","Dry","16:44:00","[""Lap and Shoulder Belt Used"",""Lap and Shoulder Belt Used""]","Clear",0,33.801869,-84.415257,"Atlanta","FULTON","[""Motor Vehicle in Motion"",""Motor Vehicle in Motion""]","Failure to Yield","[""Motor Vehicle in Motion"",""Motor Vehicle in Motion""]"
0,0,"Gsp Post 00","2022-06-16","Cleveland Avenue and Ramp To I-85 South","(C) Possible Injury / Complaint","Daylight","Entrance/Exit Ramp","Not a Collision with Motor Vehicle","Ramp To I-85 South","Dry","15:19:00","Lap and Shoulder Belt Used","Clear",0,33.680995,-84.412149,"Atlanta","FULTON","Culvert","Driver Lost Control","Culvert"
0,0,"Atlanta Police Department","2022-06-16","Lenox Rd Ne and Peachtree Rd Ne","(O) No Injury","Daylight","On Roadway - Roadway Intersection","Sideswipe-Same Direction","Peachtree Rd Ne","Dry","18:20:00","[""Unknown"",""Unknown"",""Unknown"",""Unknown""]","Clear",0,33.850439,-84.362098,"Atlanta","FULTON","[""Motor Vehicle in Motion"",""Motor Vehicle in Motion""]","Changed Lanes Improperly","[""Motor Vehicle in Motion"",""Motor Vehicle in Motion""]"
0,0,"Atlanta Police Department","2022-06-16","Queen St Nw and Marietta Blvd Nw","(C) Possible Injury / Complaint","Daylight","On Roadway - Driveway Intersection","Angle Crash","Marietta Blvd Nw","Dry","17:33:00","[""Unknown"",""Unknown""]","Clear",0,33.817536,-84.448122,"Atlanta","FULTON","[""Motor Vehicle in Motion"",""Motor Vehicle in Motion""]","Improper Turn","[""Motor Vehicle in Motion"",""Motor Vehicle in Motion""]"
0,0,"Gsp Post 00","2022-06-16","I-285 Nb and Cascade Rd","(O) No Injury","Daylight","On Roadway - Non-Intersection","Rear End","I-285 Nb","Dry","13:50:00","[""Lap and Shoulder Belt Used"",""Lap and Shoulder Belt Used"",""Lap and Shoulder Belt Used""]","Cloudy",0,33.715553,-84.501489,"Atlanta","FULTON","[""Motor Vehicle in Motion"",""Motor Vehicle in Motion"",""Motor Vehicle in Motion""]","Following Too Close","[""Motor Vehicle in Motion"",""Motor Vehicle in Motion"",""Motor Vehicle in Motion""]"
0,0,"Atlanta Police Department","2022-06-16","Lakewood Ave Se and Livermore St Se","(C) Possible Injury / Complaint","Dark-Lighted","On Roadway - Roadway Intersection","Sideswipe-Same Direction","Livermore St Se","Dry","21:52:00","[""Unknown"",""Unknown"",""Unknown"",""Unknown"",""Unknown""]","Cloudy",0,33.707916,-84.379996,"Atlanta","FULTON","[""Motor Vehicle in Motion"",""Motor Vehicle in Motion"",""Motor Vehicle in Motion"",""Motor Vehicle in Motion""]","Too Fast for Conditions","[""Motor Vehicle in Motion"",""Motor Vehicle in Motion"",""Motor Vehicle in Motion"",""Motor Vehicle in Motion""]"
0,0,"Atlanta Police Department","2022-06-16","Berne St Se and Moreland Ave Se","(O) No Injury","Dark-Lighted","Off Roadway - Sidewalk","Sideswipe-Same Direction","Moreland Ave Se","Dry","02:20:00","[""Unknown"",""Unknown""]","Clear",0,33.73601,-84.349309,"Atlanta","FULTON","[""Motor Vehicle in Motion"",""Motor Vehicle in Motion""]",,"[""Motor Vehicle in Motion"",""Utility Pole""]"
0,0,"Atlanta Police Department","2022-06-16","S Gordon St Sw and Alvarado Ter Sw","(O) No Injury","Daylight","On Roadway - Roadway Intersection","Angle Crash","Alvarado Ter Sw","Dry","10:50:00","[""Unknown"",""Unknown"",""Unknown"",""Unknown""]","Clear",0,33.734552,-84.447295,"Atlanta","FULTON","[""Motor Vehicle in Motion"",""Motor Vehicle in Motion""]","Failure to Yield","[""Motor Vehicle in Motion"",""Motor Vehicle in Motion""]"
0,0,"Atlanta Police Department","2022-06-16","Roswell Rd Ne and W Wieuca Rd Ne","(O) No Injury","Dark-Lighted","On Roadway - Roadway Intersection","Sideswipe-Opposite Direction","W Wieuca Rd Ne","Wet","22:51:00","[""Lap and Shoulder Belt Used"",""Lap and Shoulder Belt Used"",""Lap and Shoulder Belt Used"",""Lap and Shoulder Belt Used"",""Lap and Shoulder Belt Used""]","Rain",0,33.876857,-84.379938,"Atlanta","FULTON","[""Motor Vehicle in Motion"",""Motor Vehicle in Motion""]","[""Disregard Stop Sign/Signal"",""Disregard Stop Sign/Signal""]","[""Motor Vehicle in Motion"",""Motor Vehicle in Motion""]"
0,0,"Atlanta Police Department","2022-06-16","Rumson Rd Ne and Vivian Ln Ne","(O) No Injury","Daylight","On Roadway - Non-Intersection","Rear End","Vivian Ln Ne","Dry","09:30:00","Unknown","Clear",0,33.831284,-84.384724,"Atlanta","FULTON","[""Motor Vehicle in Motion"",""Parked Motor Vehicle""]",,"[""Motor Vehicle in Motion"",""Parked Motor Vehicle""]"
0,0,"Atlanta Police Department","2022-06-16","Parsons St Sw and Joseph E Lowery Blvd Sw","(O) No Injury","Daylight","On Roadway - Roadway Intersection","Angle Crash","Joseph E Lowery Blvd Sw","Dry","13:30:00","[""Unknown"",""Unknown""]","Clear",0,33.751094,-84.417542,"Atlanta","FULTON","[""Motor Vehicle in Motion"",""Motor Vehicle in Motion""]","Improper Turn","[""Motor Vehicle in Motion"",""Motor Vehicle in Motion""]"
0,0,"Gsp Post 00","2022-06-16","I-85 North and Peachtree St Overpass","(O) No Injury","Daylight","On Roadway - Non-Intersection","Rear End","I-85 North","Dry","16:47:00","[""Lap and Shoulder Belt Used"",""Lap and Shoulder Belt Used""]","Cloudy",0,33.805109,-84.382551,"Atlanta","FULTON","[""Motor Vehicle in Motion"",""Motor Vehicle in Motion""]","Following Too Close","[""Motor Vehicle in Motion"",""Motor Vehicle in Motion""]"
0,0,"Atlanta Police Department","2022-06-16","Boulevard Se and Glenwood Ave Se","(C) Possible Injury / Complaint","Daylight","On Roadway - Roadway Intersection","Angle Crash","Boulevard Se","Dry","09:21:00","[""Lap and Shoulder Belt Used"",""Lap and Shoulder Belt Used""]","Clear",0,33.741954,-84.368154,"Atlanta","FULTON","[""Motor Vehicle in Motion"",""Motor Vehicle in Motion""]","Improper Turn","[""Motor Vehicle in Motion"",""Motor Vehicle in Motion""]"
0,0,"Gsp Post 00","2022-06-16","I-85 South and Chesire Bridge Rd","(O) No Injury","Daylight","On Roadway - Non-Intersection","Sideswipe-Same Direction","I-85 South","Dry","17:56:00","[""Lap and Shoulder Belt Used"",""Lap and Shoulder Belt Used""]","Cloudy",0,33.817687,-84.36258,"Atlanta","FULTON","[""Motor Vehicle in Motion"",""Motor Vehicle in Motion""]","Changed Lanes Improperly","[""Motor Vehicle in Motion"",""Motor Vehicle in Motion""]"
0,0,"Atlanta Police Department","2022-06-16","10Th St Nw and Northside Dr Nw","(O) No Injury","Daylight","On Roadway - Roadway Intersection","Angle Crash","Northside Dr Nw","Dry","11:38:00","[""Lap and Shoulder Belt Used"",""Lap and Shoulder Belt Used""]","Clear",0,33.781544,-84.407476,"Atlanta","FULTON","[""Motor Vehicle in Motion"",""Motor Vehicle in Motion""]","Failure to Yield","[""Motor Vehicle in Motion"",""Motor Vehicle in Motion""]"
0,0,"Atlanta Police Department","2022-06-16","Lindbergh Dr Ne and Peachtree Rd Ne","(C) Possible Injury / Complaint","Daylight","On Roadway - Driveway Intersection","Rear End","Peachtree Rd Ne","Dry","10:30:00","[""Unknown"",""Lap and Shoulder Belt Used""]","Clear",0,33.822826,-84.387486,"Atlanta","FULTON","[""Motor Vehicle in Motion"",""Motor Vehicle in Motion""]","Following Too Close","[""Motor Vehicle in Motion"",""Motor Vehicle in Motion""]"
0,0,"Gsp Post 00","2022-06-16","I-7585 Nb and Decatur Street","(O) No Injury","Daylight","On Roadway - Non-Intersection","Rear End","I-7585 Nb","Dry","10:48:00","[""Lap and Shoulder Belt Used"",""Lap and Shoulder Belt Used"",""Child Restraint System (Properly Used)"",""Child Restraint System (Properly Used)""]","Clear",0,33.749329,-84.382668,"Atlanta","FULTON","[""Motor Vehicle in Motion"",""Motor Vehicle in Motion""]","Following Too Close","[""Motor Vehicle in Motion"",""Motor Vehicle in Motion""]"
0,0,"Atlanta Police Department","2022-06-16","Carmia Dr and Princeton Lakes Pkwy Sw","(C) Possible Injury / Complaint","Dark-Lighted","On Roadway - Roadway Intersection","Rear End","Carmia Dr","Dry","21:00:00","[""Unknown"",""Unknown"",""Unknown""]","Clear",0,33.657172,-84.510259,"Atlanta","FULTON","[""Motor Vehicle in Motion"",""Motor Vehicle in Motion""]","[""Following Too Close"",""Under the Influence (U.I.)"",""Under the Influence (U.I.)""]","[""Motor Vehicle in Motion"",""Motor Vehicle in Motion""]"
0,0,"Atlanta Police Department","2022-06-16","Campbellton Rd Sw and Centra Villa Dr Sw","(C) Possible Injury / Complaint","Daylight","On Roadway - Roadway Intersection","Rear End","Campbellton Rd Sw","Dry","20:28:00","[""Lap and Shoulder Belt Used"",""Lap and Shoulder Belt Used"",""Lap and Shoulder Belt Used""]","Clear",0,33.707144,-84.455678,"Atlanta","FULTON","[""Motor Vehicle in Motion"",""Motor Vehicle in Motion""]",,"[""Motor Vehicle in Motion"",""Motor Vehicle in Motion""]"
0,0,"Gsp Post 00","2022-06-16","I-20 West and Windsor Street Exit Ramp I-20","(C) Possible Injury / Complaint","Dark-Lighted","Entrance/Exit Ramp","Not a Collision with Motor Vehicle","Windsor Street Exit Ramp I-20","Dry","03:39:00","Unknown","Clear",0,33.745936,-84.397616,"Atlanta","FULTON","Median Barrier","[""Too Fast for Conditions"",""Disregard Police - Evasion"",""Driver Lost Control""]","Median Barrier"
0,0,"Gsp Post 00","2022-06-16","I-285 South and Donald Lee Hollowell Pkwy","(O) No Injury","Daylight","On Roadway - Non-Intersection","Rear End","I-285 South","Dry","13:09:00","[""Unknown"",""Lap and Shoulder Belt Used""]","Clear",0,33.785497,-84.494328,"Atlanta","FULTON","[""Motor Vehicle in Motion"",""Motor Vehicle in Motion""]","Following Too Close","[""Motor Vehicle in Motion"",""Motor Vehicle in Motion""]"
0,0,"Atlanta Police Department","2022-06-16","Murphy Ave Sw and Ralph David Abernathy Blvd Sw","(O) No Injury","Dark-Lighted","On Roadway - Non-Intersection","Head On","Ralph David Abernathy Blvd Sw","Dry","21:45:00","[""Unknown"",""Unknown"",""Child Restraint System (Properly Used)""]","Clear",0,33.738249,-84.41223,"Atlanta","FULTON","[""Motor Vehicle in Motion"",""Motor Vehicle in Motion""]",,"[""Motor Vehicle in Motion"",""Motor Vehicle in Motion""]"
0,0,"Gsp Post 00","2022-06-16","14Th St and I-75I-85Nb","(O) No Injury","Daylight","On Roadway - Non-Intersection","Sideswipe-Same Direction","I-75I-85Nb","Dry","17:13:00","[""Lap and Shoulder Belt Used"",""Lap and Shoulder Belt Used""]","Cloudy",0,33.785864,-84.390825,"Atlanta","FULTON","[""Motor Vehicle in Motion"",""Motor Vehicle in Motion""]","Changed Lanes Improperly","[""Motor Vehicle in Motion"",""Motor Vehicle in Motion""]"
0,0,"Atlanta Police Department","2022-06-17","Peachtree Rd Ne and Stratford Rd Ne","(O) No Injury","Daylight","On Roadway - Driveway Intersection","Rear End","Stratford Rd Ne","Dry","13:00:00","[""Unknown"",""Unknown""]","Clear",0,33.848573,-84.366404,"Atlanta","FULTON","[""Motor Vehicle in Motion"",""Motor Vehicle in Motion""]","Driver Condition","[""Motor Vehicle in Motion"",""Motor Vehicle in Motion""]"
0,0,"Atlanta Police Department","2022-06-17","16Th St Nw and Northside Dr Nw","(O) No Injury","Daylight","On Roadway - Roadway Intersection","Sideswipe-Same Direction","Northside Dr Nw","Dry","17:00:00","[""Unknown"",""Unknown""]","Clear",0,33.788063,-84.407591,"Atlanta","FULTON","[""Motor Vehicle in Motion"",""Motor Vehicle in Motion""]",,"[""Motor Vehicle in Motion"",""Motor Vehicle in Motion""]"
0,0,"Atlanta Police Department","2022-06-17","I-20 E and Capitol Ave Se","(O) No Injury","Daylight","On Roadway - Non-Intersection","Rear End","Capitol Ave Se","Dry","16:43:00","[""Unknown"",""Unknown""]","Clear",0,33.744124,-84.387768,"Atlanta","FULTON","[""Motor Vehicle in Motion"",""Motor Vehicle in Motion""]","Following Too Close","[""Motor Vehicle in Motion"",""Motor Vehicle in Motion""]"
0,0,"Gsp Post 00","2022-06-17","I-85 South and 17Th St Ovepass","(O) No Injury","Daylight","On Roadway - Non-Intersection","Rear End","I-85 South","Dry","13:12:00","[""Lap and Shoulder Belt Used"",""Lap and Shoulder Belt Used"",""Lap and Shoulder Belt Used""]","Clear",0,33.791128,-84.391759,"Atlanta","FULTON","[""Motor Vehicle in Motion"",""Motor Vehicle in Motion""]","Following Too Close","[""Motor Vehicle in Motion"",""Motor Vehicle in Motion""]"
0,0,"Atlanta Police Department","2022-06-17","None and Bill Kennedy Way Se","(O) No Injury","Daylight","On Roadway - Non-Intersection","Angle Crash","Bill Kennedy Way Se","Dry","17:45:00","[""Unknown"",""Unknown""]","Clear",0,33.741834,-84.358166,"Atlanta","FULTON","[""Motor Vehicle in Motion"",""Motor Vehicle in Motion""]","Disregard Stop Sign/Signal","[""Motor Vehicle in Motion"",""Motor Vehicle in Motion""]"
0,0,"Atlanta Police Department","2022-06-17","Roswell Rd Ne and Ivy Chase Way Ne","(O) No Injury","Daylight","On Roadway - Non-Intersection","Angle Crash","Roswell Rd Ne","Dry","16:30:00","[""Unknown"",""Lap and Shoulder Belt Used""]","Clear",0,33.856171,-84.382594,"Atlanta","FULTON","[""Motor Vehicle in Motion"",""Motor Vehicle in Motion""]","Failure to Yield","Motor Vehicle in Motion"
0,0,"Atlanta Police Department","2022-06-17","Verner St Nw and Howell Mill Rd Nw","(C) Possible Injury / Complaint","Daylight","On Roadway - Non-Intersection","Angle Crash","Howell Mill Rd Nw","Dry","14:30:00","[""Lap and Shoulder Belt Used"",""Lap and Shoulder Belt Used"",""Lap and Shoulder Belt Used"",""Lap and Shoulder Belt Used""]","Clear",0,33.798724,-84.416045,"Atlanta","FULTON","[""Motor Vehicle in Motion"",""Motor Vehicle in Motion""]",,"[""Motor Vehicle in Motion"",""Motor Vehicle in Motion""]"
0,0,"Atlanta Police Department","2022-06-17","None and Moreland Ave Se Exit 60A Rp","(O) No Injury","Daylight","Entrance/Exit Ramp","Rear End","Moreland Ave Se Exit 60A Rp","Dry","17:00:00","[""Unknown"",""Unknown"",""Booster Seat (Properly Used)""]","Clear",0,33.744521,-84.349294,"Atlanta","FULTON","[""Motor Vehicle in Motion"",""Motor Vehicle in Motion""]","Following Too Close","Motor Vehicle in Motion"
0,0,"Atlanta Police Department","2022-06-17","Macon Dr Se and Lakewood Ave Sw","(O) No Injury","Daylight","On Roadway - Roadway Intersection","Sideswipe-Same Direction","Macon Dr Se","Dry","20:29:00","[""Unknown"",""Unknown""]","Cloudy",0,33.699364,-84.392084,"Atlanta","FULTON","[""Motor Vehicle in Motion"",""Motor Vehicle in Motion""]","[""Failure to Yield"",""Failure to Yield""]","[""Motor Vehicle in Motion"",""Motor Vehicle in Motion""]"
0,0,"Atlanta Police Department","2022-06-17","Northside Dr Nw and Northside Cir Nw","(C) Possible Injury / Complaint","Daylight","On Roadway - Roadway Intersection","Angle Crash","Northside Cir Nw","Dry","17:30:00","[""Lap and Shoulder Belt Used"",""Booster Seat (Properly Used)"",""Lap and Shoulder Belt Used""]","Clear",0,33.797255,-84.407846,"Atlanta","FULTON","[""Motor Vehicle in Motion"",""Motor Vehicle in Motion""]",,"[""Motor Vehicle in Motion"",""Motor Vehicle in Motion""]"
0,0,"Atlanta Police Department","2022-06-17","14Th St Nw and W Peachtree St Nw","(O) No Injury","Daylight","On Roadway - Roadway Intersection","Angle Crash","14Th St Nw","Dry","09:00:00","[""Lap and Shoulder Belt Used"",""Lap and Shoulder Belt Used""]","Clear",0,33.786669,-84.387796,"Atlanta","FULTON","[""Motor Vehicle in Motion"",""Motor Vehicle in Motion""]","Changed Lanes Improperly","[""Motor Vehicle in Motion"",""Motor Vehicle in Motion""]"
0,0,"Gsp Post 00","2022-06-17","Piedmont Rd and Rock Springs Rd","(O) No Injury","Dark-Not Lighted","On Roadway - Non-Intersection","Not a Collision with Motor Vehicle","Piedmont Rd","Dry","23:15:00","[""Lap and Shoulder Belt Used"",""Lap and Shoulder Belt Used"",""Lap and Shoulder Belt Used""]","Clear",0,33.805456,-84.367381,"Atlanta","FULTON","[""Pedestrian"",""Motor Vehicle in Motion""]","[""Reckless Driving"",""Disregard Police - Evasion""]","Pedestrian"
0,0,"Atlanta Police Department","2022-06-17","Harwell Rd Nw and Donald Lee Hollowell Pkwy Nw","(O) No Injury","Daylight","On Roadway - Non-Intersection","Sideswipe-Opposite Direction","Donald Lee Hollowell Pkwy Nw","Dry","09:30:00","[""Unknown"",""Unknown""]","Clear",0,33.78608,-84.491241,"Atlanta","FULTON","[""Motor Vehicle in Motion"",""Motor Vehicle in Motion""]",,"[""Motor Vehicle in Motion"",""Motor Vehicle in Motion""]"
0,0,"Gsp Post 00","2022-06-17","Piedmont Avenue and N. Rock Springs Road","(O) No Injury","Daylight","On Roadway - Roadway Intersection","Angle Crash","N. Rock Springs Road","Dry","23:15:00","[""Lap and Shoulder Belt Used"",""Unknown"",""Unknown"",""Lap and Shoulder Belt Used""]","Clear",0,33.805399,-84.367397,"Atlanta","FULTON","[""Motor Vehicle in Motion"",""Motor Vehicle in Motion""]","[""Disregard Police - Evasion"",""Reckless Driving"",""Disregard Other Traffic Control""]","[""Motor Vehicle in Motion"",""Motor Vehicle in Motion""]"
0,0,"Gsp Post 00","2022-06-17","Monroe Drive and Monroe Place Ne","(C) Possible Injury / Complaint","Dark-Not Lighted","On Roadway - Non-Intersection","Angle Crash","Monroe Drive","Dry","23:21:00","[""Lap and Shoulder Belt Used"",""Unknown"",""Unknown"",""Lap and Shoulder Belt Used"",""Lap and Shoulder Belt Used""]","Clear",0,33.810635,-84.370696,"Atlanta","FULTON","[""Motor Vehicle in Motion"",""Motor Vehicle in Motion"",""Motor Vehicle in Motion""]","[""Exceeding Speed Limit"",""Wrong Side of Road"",""Reckless Driving"",""Disregard Police - Evasion""]","[""Motor Vehicle in Motion"",""Motor Vehicle in Motion"",""Motor Vehicle in Motion""]"
0,0,"Atlanta Police Department","2022-06-17","None and Ponce De Leon Ave Ne","(O) No Injury","Daylight","On Roadway - Non-Intersection","Sideswipe-Same Direction","Ponce De Leon Ave Ne","Dry","14:09:00","[""Unknown"",""Unknown"",""Unknown""]","Clear",0,33.774291,-84.347018,"Atlanta","DEKALB","[""Motor Vehicle in Motion"",""Motor Vehicle in Motion""]",,"[""Motor Vehicle in Motion"",""Motor Vehicle in Motion""]"
0,0,"Gsp Post 00","2022-06-17","Auburn Avenue and Peachtree Street","(C) Possible Injury / Complaint","Dark-Lighted","On Roadway - Roadway Intersection","Angle Crash","Peachtree Street","Dry","00:40:00","[""Lap and Shoulder Belt Used"",""Lap and Shoulder Belt Used"",""Lap and Shoulder Belt Used"",""Lap and Shoulder Belt Used"",""Lap and Shoulder Belt Used""]","Clear",0,33.756298,-84.388467,"Atlanta","FULTON","[""Motor Vehicle in Motion"",""Motor Vehicle in Motion""]","Failure to Yield","[""Motor Vehicle in Motion"",""Motor Vehicle in Motion""]"
0,0,"Gsp Post 00","2022-06-17","Fort Street and John Lewis Freeddom Parkway","(C) Possible Injury / Complaint","Daylight","On Roadway - Roadway Intersection","Angle Crash","John Lewis Freeddom Parkway","Dry","08:14:00","[""Lap and Shoulder Belt Used"",""Lap and Shoulder Belt Used""]","Clear",0,33.759385,-84.378344,"Atlanta","FULTON","[""Motor Vehicle in Motion"",""Motor Vehicle in Motion""]","Disregard Stop Sign/Signal","[""Motor Vehicle in Motion"",""Impact Attenuate""]"
0,0,"Gsp Post 00","2022-06-17","I-285 Sb and Donald Lee Hollowell Pkwy","(O) No Injury","Daylight","On Roadway - Non-Intersection","Sideswipe-Same Direction","I-285 Sb","Dry","12:53:00","[""Lap and Shoulder Belt Used"",""Lap and Shoulder Belt Used""]","Clear",0,33.803616,-84.491536,"Atlanta","FULTON","[""Motor Vehicle in Motion"",""Motor Vehicle in Motion""]","[""Misjudged Clearance"",""Misjudged Clearance""]","[""Motor Vehicle in Motion"",""Motor Vehicle in Motion""]"
0,0,"Atlanta Police Department","2022-06-17","Macon Dr Se and Lakewood Ave Sw","(O) No Injury","Daylight","On Roadway - Roadway Intersection","Sideswipe-Same Direction","Macon Dr Se","Dry","19:30:00","[""Unknown"",""Unknown""]","Cloudy",0,33.69931,-84.392155,"Atlanta","FULTON","[""Motor Vehicle in Motion"",""Motor Vehicle in Motion""]","[""Failure to Yield"",""Failure to Yield""]","[""Motor Vehicle in Motion"",""Motor Vehicle in Motion""]"
0,0,"Atlanta Police Department","2022-06-17","Redwine Rd and Princeton Lakes Pkwy Sw","(O) No Injury","Dark-Lighted","On Roadway - Non-Intersection","Angle Crash","Redwine Rd","Dry","21:30:00","[""Unknown"",""Unknown"",""Unknown""]","Clear",0,33.659905,-84.507855,"Atlanta","FULTON","[""Motor Vehicle in Motion"",""Motor Vehicle in Motion""]","Failure to Yield","[""Motor Vehicle in Motion"",""Motor Vehicle in Motion""]"
0,0,"Gsp Post 00","2022-06-17","Capitol Avenue and Memorial Drive","(C) Possible Injury / Complaint","Daylight","On Roadway - Driveway Intersection","Angle Crash","Memorial Drive","Dry","10:29:00","[""Lap and Shoulder Belt Used"",""Lap Belt Only Used"",""Lap and Shoulder Belt Used""]","Clear",0,33.746924,-84.387696,"Atlanta","FULTON","[""Motor Vehicle in Motion"",""Motor Vehicle in Motion""]","Failure to Yield","[""Motor Vehicle in Motion"",""Impact Attenuate""]"
0,1,"Gsp Post 00","2022-06-17","I-285 Southbound and After Donald Lee Hollowell Par","(B) Suspected Minor/Visible Injury","Daylight","On Roadway - Non-Intersection","Rear End","I-285 Southbound","Dry","12:13:00","[""Lap and Shoulder Belt Used"",""Lap and Shoulder Belt Used"",""Lap and Shoulder Belt Used""]","Clear",0,33.779735,-84.496278,"Atlanta","FULTON","[""Motor Vehicle in Motion"",""Motor Vehicle in Motion""]","Following Too Close","[""Motor Vehicle in Motion"",""Motor Vehicle in Motion""]"
0,1,"Atlanta Police Department","2022-06-17","Cascade Rd Sw and Cascade Pkwy Sw","(B) Suspected Minor/Visible Injury","Daylight","On Roadway - Driveway Intersection","Rear End","Cascade Rd Sw","Dry","13:30:00","[""Lap and Shoulder Belt Used"",""Lap and Shoulder Belt Used"",""Lap and Shoulder Belt Used"",""Lap and Shoulder Belt Used""]","Cloudy",0,33.722994,-84.501069,"South Fulton","FULTON","[""Motor Vehicle in Motion"",""Motor Vehicle in Motion""]",,"[""Motor Vehicle in Motion"",""Motor Vehicle in Motion""]"
0,0,"Atlanta Police Department","2022-06-17","7Th St Ne and Glendale Ter Ne","(O) No Injury","Daylight","On Roadway - Non-Intersection","Sideswipe-Same Direction","7Th St Ne","Dry","20:00:00","Unknown","Clear",0,33.777838,-84.376211,"Atlanta","FULTON","[""Motor Vehicle in Motion"",""Motor Vehicle in Motion""]",,"[""Motor Vehicle in Motion"",""Motor Vehicle in Motion""]"
0,0,"Atlanta Police Department","2022-06-17","Williams St Nw and Ivan Allen Jr Blvd Nw","(O) No Injury","Daylight","On Roadway - Roadway Intersection","Angle Crash","Williams St Nw","Dry","09:30:00","[""Lap and Shoulder Belt Used"",""Lap and Shoulder Belt Used""]","Clear",0,33.764674,-84.390349,"Atlanta","FULTON","[""Motor Vehicle in Motion"",""Motor Vehicle in Motion""]","Changed Lanes Improperly","[""Motor Vehicle in Motion"",""Motor Vehicle in Motion""]"