"# Serious Injuries","# Visible Injuries","Agency Name (Crash Level) ","Date","Intersection Name (from Crash Report)","KABCO Severity","Light Conditions (Crash Level)","Location at Impact (Crash Level) ","Manner of Collision (Crash Level) ","Roadway (From Crash Report)","Surface Condition (Crash Level) ","Time","Safety Equipment (Crash Level) ","Weather Conditions (Crash Level)","# of Fatalities per Crash","Latitude","Longitude","Geolocated City","Geolocated County","First Harmful Event (Unit Order)","Operator/Pedestrian Contrib Factor (excl None, Other, No Contrib Factors)","Most Harmful Event (Crash Level)"
0,0,"Atlanta Police Department","2022-06-22","13Th St Nw and Spring St Nw","(O) No Injury","Daylight","On Roadway - Non-Intersection","Sideswipe-Same Direction","13Th St Nw","Dry","15:23:00","[""Unknown"",""Unknown""]","Clear",0,33.785754,-84.38923,"Atlanta","FULTON","[""Motor Vehicle in Motion"",""Motor Vehicle in Motion""]","Improper Turn","[""Motor Vehicle in Motion"",""Motor Vehicle in Motion""]"
0,0,"Atlanta Police Department","2022-06-22","University Ave Sw and Metropolitan Pkwy Sw","(O) No Injury","Daylight","On Roadway - Roadway Intersection","Sideswipe-Opposite Direction","Metropolitan Pkwy Sw","Dry","15:30:00","[""Unknown"",""Unknown"",""Child Restraint System (Properly Used)"",""Booster Seat (Properly Used)"",""Child Restraint System (Properly Used)""]","Clear",0,33.722171,-84.407868,"Atlanta","FULTON","[""Motor Vehicle in Motion"",""Motor Vehicle in Motion""]","Improper Turn","[""Motor Vehicle in Motion"",""Motor Vehicle in Motion""]"
0,0,"Atlanta Police Department","2022-06-22","10Th St Nw and Northside Dr Nw","(O) No Injury","Daylight","On Roadway - Roadway Intersection","Sideswipe-Same Direction","10Th St Nw","Dry","11:50:00","Lap and Shoulder Belt Used","Clear",0,33.781544,-84.407476,"Atlanta","FULTON","[""Motor Vehicle in Motion"",""Motor Vehicle in Motion""]","Changed Lanes Improperly","Motor Vehicle in Motion"
0,0,"Atlanta Police Department","2022-06-22","I-85 S and Piedmont Rd Ne","(O) No Injury","Daylight","On Roadway - Non-Intersection","Rear End","Piedmont Rd Ne","Dry","17:30:00","[""Lap and Shoulder Belt Used"",""Lap and Shoulder Belt Used""]","Clear",0,33.813831,-84.36676,"Atlanta","FULTON","[""Motor Vehicle in Motion"",""Motor Vehicle in Motion""]","Following Too Close","[""Motor Vehicle in Motion"",""Motor Vehicle in Motion""]"
0,0,"Atlanta Police Department","2022-06-22","Exit 2 and Ga-400","(O) No Injury","Daylight","On Roadway - Driveway Intersection","Sideswipe-Same Direction","Ga-400","Dry","09:00:00","[""Unknown"",""Unknown""]","Clear",0,33.848455,-84.367879,"Atlanta","FULTON","[""Motor Vehicle in Motion"",""Motor Vehicle in Motion""]",,"[""Motor Vehicle in Motion"",""Motor Vehicle in Motion""]"
0,2,"Atlanta Police Department","2022-06-22","I-75 and Martin Luther King Jr Dr Se","(B) Suspected Minor/Visible Injury","Daylight","Entrance/Exit Ramp","Angle Crash","I-75","Dry","18:30:00","[""Unknown"",""Unknown"",""Unknown"",""Unknown"",""Unknown""]","Clear",0,33.748353,-84.384605,"Atlanta","FULTON","[""Motor Vehicle in Motion"",""Motor Vehicle in Motion""]","Changed Lanes Improperly","[""Motor Vehicle in Motion"",""Motor Vehicle in Motion""]"
0,0,"Atlanta Police Department","2022-06-22","None and I-285","(C) Possible Injury / Complaint","Dark-Not Lighted","On Roadway - Non-Intersection","Sideswipe-Same Direction","I-285","Dry","04:10:00","[""Lap and Shoulder Belt Used"",""Lap and Shoulder Belt Used"",""Lap and Shoulder Belt Used""]","Clear",0,33.749518,-84.497253,"Atlanta","FULTON","[""Motor Vehicle in Motion"",""Motor Vehicle in Motion""]","[""Changed Lanes Improperly"",""Under the Influence (U.I.)""]","[""Motor Vehicle in Motion"",""Motor Vehicle in Motion""]"
0,0,"Atlanta Police Department","2022-06-22","North Ave Ne and Peachtree St Ne","(O) No Injury","Daylight","On Roadway - Roadway Intersection","Sideswipe-Same Direction","Peachtree St Ne","Dry","10:30:00","[""Unknown"",""Unknown"",""Unknown"",""Unknown""]","Clear",0,33.771286,-84.384966,"Atlanta","FULTON","[""Motor Vehicle in Motion"",""Motor Vehicle in Motion""]","Changed Lanes Improperly","[""Motor Vehicle in Motion"",""Motor Vehicle in Motion""]"
0,0,"Atlanta Police Department","2022-06-22","I-75 and Cleveland Ave Sw","(O) No Injury","Daylight","On Roadway - Non-Intersection","Sideswipe-Same Direction","I-75","Dry","14:00:00","[""Lap and Shoulder Belt Used"",""Lap and Shoulder Belt Used""]","Clear",0,33.681112,-84.398684,"Atlanta","FULTON","[""Motor Vehicle in Motion"",""Motor Vehicle in Motion""]","Changed Lanes Improperly","[""Motor Vehicle in Motion"",""Motor Vehicle in Motion""]"
0,0,"Atlanta Police Department","2022-06-22","Martina Dr Ne and Piedmont Rd Ne","(O) No Injury","Daylight","On Roadway - Non-Intersection","Rear End","Piedmont Rd Ne","Dry","08:10:00","[""Lap and Shoulder Belt Used"",""Lap and Shoulder Belt Used""]","Clear",0,33.842629,-84.370861,"Atlanta","FULTON","[""Motor Vehicle in Motion"",""Motor Vehicle in Motion""]","Following Too Close","[""Motor Vehicle in Motion"",""Motor Vehicle in Motion""]"
0,0,"Atlanta Police Department","2022-06-22","Commercial Ave Nw and Donald Lee Hollowell Pkwy Nw","(C) Possible Injury / Complaint","Daylight","On Roadway - Driveway Intersection","Angle Crash","Donald Lee Hollowell Pkwy Nw","Dry","16:21:00","[""Lap and Shoulder Belt Used"",""Lap and Shoulder Belt Used""]","Clear",0,33.775286,-84.471158,"Atlanta","FULTON","[""Motor Vehicle in Motion"",""Motor Vehicle in Motion""]","[""Failure to Yield"",""Misjudged Clearance""]","[""Motor Vehicle in Motion"",""Motor Vehicle in Motion""]"
0,0,"Atlanta Police Department","2022-06-22","None and I-75","(C) Possible Injury / Complaint","Daylight","On Roadway - Managed Lane (HOV, HOT, Reversible)","Rear End","I-75","Dry","09:40:00","[""Lap and Shoulder Belt Used"",""Lap and Shoulder Belt Used"",""Lap and Shoulder Belt Used"",""Lap and Shoulder Belt Used""]","Clear",0,33.746375,-84.388035,"Atlanta","FULTON","[""Motor Vehicle in Motion"",""Motor Vehicle in Motion"",""Motor Vehicle in Motion"",""Motor Vehicle in Motion""]","Following Too Close","[""Motor Vehicle in Motion"",""Motor Vehicle in Motion"",""Motor Vehicle in Motion"",""Motor Vehicle in Motion""]"
0,0,"Atlanta Police Department","2022-06-22","Marietta St Nw and Northside Dr Nw","(C) Possible Injury / Complaint","Dawn","On Roadway - Roadway Intersection","Angle Crash","Marietta St Nw","Dry","06:15:00","[""Lap and Shoulder Belt Used"",""Lap and Shoulder Belt Used""]","Clear",0,33.775858,-84.407011,"Atlanta","FULTON","[""Motor Vehicle in Motion"",""Motor Vehicle in Motion""]","Failure to Yield","[""Motor Vehicle in Motion"",""Motor Vehicle in Motion""]"
0,0,"Atlanta Police Department","2022-06-22","Northside Pkwy Nw and W Paces Ferry Rd Nw","(O) No Injury","Daylight","On Roadway - Driveway Intersection","Rear End","Northside Pkwy Nw","Dry","12:00:00","[""Unknown"",""Unknown"",""Unknown"",""Unknown""]","Clear",0,33.849575,-84.430138,"Atlanta","FULTON","[""Motor Vehicle in Motion"",""Motor Vehicle in Motion"",""Motor Vehicle in Motion""]","Following Too Close","[""Motor Vehicle in Motion"",""Motor Vehicle in Motion"",""Motor Vehicle in Motion""]"
0,0,"Atlanta Police Department","2022-06-22","Peachtree St Ne and Ivan Allen Jr Blvd Ne","(O) No Injury","Daylight","On Roadway - Non-Intersection","Rear End","Ivan Allen Jr Blvd Ne","Dry","17:30:00","[""Unknown"",""Unknown""]","Clear",0,33.764544,-84.385754,"Atlanta","FULTON","[""Motor Vehicle in Motion"",""Motor Vehicle in Motion""]","[""Vision Obscured"",""Vision Obscured""]","[""Motor Vehicle in Motion"",""Motor Vehicle in Motion""]"
0,0,"Atlanta Police Department","2022-06-22","Chappell Rd Sw and Martin Luther King Jr Dr Nw","(O) No Injury","Daylight","On Roadway - Non-Intersection","Rear End","Martin Luther King Jr Dr Nw","Dry","12:15:00","Unknown","Clear",0,33.753793,-84.43364,"Atlanta","FULTON","[""Motor Vehicle in Motion"",""Motor Vehicle in Motion""]","Improper Backing","[""Motor Vehicle in Motion"",""Motor Vehicle in Motion""]"
0,0,"Atlanta Police Department","2022-06-22","Irwin St Ne and Randolph St Ne","(O) No Injury","Daylight","On Roadway - Roadway Intersection","Angle Crash","Randolph St Ne","Dry","20:30:00","[""None Used"",""None Used""]","Clear",0,33.757593,-84.367926,"Atlanta","FULTON","[""Motor Vehicle in Motion"",""Motor Vehicle in Motion""]","Disregard Other Traffic Control","[""Motor Vehicle in Motion"",""Motor Vehicle in Motion""]"
0,2,"Atlanta Police Department","2022-06-22","Pharr Rd Ne and Piedmont Rd Ne","(B) Suspected Minor/Visible Injury","Daylight","On Roadway - Roadway Intersection","Rear End","Piedmont Rd Ne","Dry","15:10:00","[""Lap and Shoulder Belt Used"",""Lap and Shoulder Belt Used"",""Lap and Shoulder Belt Used"",""Lap and Shoulder Belt Used"",""Lap and Shoulder Belt Used"",""Lap and Shoulder Belt Used"",""Lap and Shoulder Belt Used""]","Clear",0,33.836863,-84.36805,"Atlanta","FULTON","[""Motor Vehicle in Motion"",""Motor Vehicle in Motion"",""Motor Vehicle in Motion"",""Motor Vehicle in Motion""]","Following Too Close","[""Motor Vehicle in Motion"",""Motor Vehicle in Motion"",""Motor Vehicle in Motion"",""Motor Vehicle in Motion""]"
0,0,"Atlanta Police Department","2022-06-22","Monroe Dr Ne and Ponce De Leon Ave Ne","(O) No Injury","Dark-Lighted","On Roadway - Roadway Intersection","Rear End","Monroe Dr Ne","Dry","20:00:00","[""Unknown"",""Unknown""]","Clear",0,33.774096,-84.370905,"Atlanta","FULTON","[""Motor Vehicle in Motion"",""Motor Vehicle in Motion""]","Following Too Close","[""Motor Vehicle in Motion"",""Motor Vehicle in Motion""]"
0,0,"Atlanta Police Department","2022-06-22","Oak St Sw and Lee St Sw","(O) No Injury","Daylight","On Roadway - Non-Intersection","Angle Crash","Lee St Sw","Dry","13:00:00","[""Shoulder Belt Only Used"",""Unknown"",""Unknown""]","Clear",0,33.740627,-84.414036,"Atlanta","FULTON","[""Motor Vehicle in Motion"",""Motor Vehicle in Motion""]",,"[""Motor Vehicle in Motion"",""Motor Vehicle in Motion""]"
0,0,"Atlanta Police Department","2022-06-22","Ga-400 S and Lenox Rd Ne","(O) No Injury","Dark-Lighted","On Roadway - Roadway Intersection","Rear End","Lenox Rd Ne","Dry","23:26:00","[""Lap and Shoulder Belt Used"",""Lap and Shoulder Belt Used""]","Clear",0,33.851942,-84.369778,"Atlanta","FULTON","[""Motor Vehicle in Motion"",""Motor Vehicle in Motion""]","Following Too Close","[""Motor Vehicle in Motion"",""Motor Vehicle in Motion""]"
0,0,"Atlanta Police Department","2022-06-22","None and Donnelly Ave Sw","(O) No Injury","Dark-Lighted","On Roadway - Non-Intersection","Sideswipe-Opposite Direction","Donnelly Ave Sw","Dry","00:10:00","[""Unknown"",""Unknown""]","Clear",0,33.733747,-84.428078,"Atlanta","FULTON","[""Motor Vehicle in Motion"",""Motor Vehicle in Motion""]",,"[""Motor Vehicle in Motion"",""Motor Vehicle in Motion""]"
0,0,"Atlanta Police Department","2022-06-22","I-20 and Windsor St Sw","(C) Possible Injury / Complaint","Dark-Lighted","On Roadway - Managed Lane (HOV, HOT, Reversible)","Not a Collision with Motor Vehicle","I-20","Dry","00:23:00","Unknown","Clear",0,33.744186,-84.387688,"Atlanta","FULTON","Motor Vehicle in Motion","Driver Lost Control","Motor Vehicle in Motion"
0,0,"Atlanta Police Department","2022-06-22","Pharr Rd Nw and Pharr Court North Nw","(C) Possible Injury / Complaint","Daylight","On Roadway - Driveway Intersection","Not a Collision with Motor Vehicle","Pharr Rd Nw","Dry","11:15:00","[""Unknown"",""None Used""]","Clear",0,33.836836,-84.384368,"Atlanta","FULTON","[""Motor Vehicle in Motion"",""Motor Vehicle in Motion""]","Failure to Yield","Motor Vehicle in Motion"
0,0,"Atlanta Police Department","2022-06-22","Elaine Ave Nw and Marietta Blvd Nw","(O) No Injury","Daylight","On Roadway - Roadway Intersection","Sideswipe-Same Direction","Elaine Ave Nw","Dry","14:30:00","[""Lap and Shoulder Belt Used"",""Lap and Shoulder Belt Used""]","Clear",0,33.790682,-84.429418,"Atlanta","FULTON","[""Motor Vehicle in Motion"",""Motor Vehicle in Motion""]",,"[""Motor Vehicle in Motion"",""Motor Vehicle in Motion""]"
0,0,"Atlanta Police Department","2022-06-22","Jonesboro Rd Se and Cleveland Ave Se","(O) No Injury","Daylight","On Roadway - Non-Intersection","Sideswipe-Opposite Direction","Jonesboro Rd Se","Dry","18:00:00","[""Lap and Shoulder Belt Used"",""Lap and Shoulder Belt Used""]","Clear",0,33.680268,-84.367417,"Atlanta","FULTON","[""Motor Vehicle in Motion"",""Motor Vehicle in Motion""]","Misjudged Clearance","[""Motor Vehicle in Motion"",""Motor Vehicle in Motion""]"
0,0,"Atlanta Police Department","2022-06-22","None and I-75 Exit 244 Rp","(O) No Injury","Dark-Lighted","On Roadway - Non-Intersection","Sideswipe-Same Direction","I-75 Exit 244 Rp","Dry","01:00:00","[""Unknown"",""Lap and Shoulder Belt Used""]","Clear",0,33.723948,-84.394314,"Atlanta","FULTON","[""Motor Vehicle in Motion"",""Motor Vehicle in Motion""]","Changed Lanes Improperly","Motor Vehicle in Motion"
0,0,"Atlanta Police Department","2022-06-22","Anderson Ave Nw and Martin Luther King Jr Dr Sw","(C) Possible Injury / Complaint","Daylight","On Roadway - Roadway Intersection","Angle Crash","Martin Luther King Jr Dr Sw","Dry","10:00:00","[""Unknown"",""Unknown""]","Clear",0,33.750506,-84.447285,"Atlanta","FULTON","[""Motor Vehicle in Motion"",""Motor Vehicle in Motion""]","Misjudged Clearance","[""Motor Vehicle in Motion"",""Motor Vehicle in Motion""]"
0,0,"Atlanta Police Department","2022-06-22","I-75 S and I-75 Exit 248C","(C) Possible Injury / Complaint","Daylight","On Roadway - Non-Intersection","Rear End","I-75 Exit 248C","Dry","17:02:00","[""Unknown"",""Unknown""]","Clear",0,33.76351,-84.383603,"Atlanta","FULTON","[""Parked Motor Vehicle"",""Motor Vehicle in Motion""]","Following Too Close","[""Parked Motor Vehicle"",""Motor Vehicle in Motion""]"
0,0,"Atlanta Police Department","2022-06-22","W Lake Ave Sw and Martin Luther King Jr Dr Nw","(O) No Injury","Dark-Lighted","On Roadway - Non-Intersection","Sideswipe-Same Direction","W Lake Ave Sw","Dry","21:00:00","[""Unknown"",""Unknown"",""Unknown"",""Unknown""]","Clear",0,33.751092,-84.443923,"Atlanta","FULTON","[""Motor Vehicle in Motion"",""Motor Vehicle in Motion""]","Changed Lanes Improperly","[""Motor Vehicle in Motion"",""Motor Vehicle in Motion""]"
0,0,"Atlanta Police Department","2022-06-22","None and I-20","(O) No Injury","Dark-Lighted","On Roadway - Managed Lane (HOV, HOT, Reversible)","Rear End","I-20","Dry","09:30:00","[""Unknown"",""Unknown""]","Clear",0,33.742715,-84.403318,"Atlanta","FULTON","[""Motor Vehicle in Motion"",""Motor Vehicle in Motion""]","Following Too Close","[""Motor Vehicle in Motion"",""Motor Vehicle in Motion""]"
0,0,"Atlanta Police Department","2022-06-22","14Th St Nw and Northside Dr Nw","(O) No Injury","Daylight","On Roadway - Driveway Intersection","Angle Crash","Northside Dr Nw","Dry","15:13:00","[""Unknown"",""Unknown"",""Unknown""]","Clear",0,33.785656,-84.407449,"Atlanta","FULTON","[""Motor Vehicle in Motion"",""Motor Vehicle in Motion""]",,"[""Motor Vehicle in Motion"",""Motor Vehicle in Motion""]"
0,0,"Atlanta Police Department","2022-06-22","I-75 and I-75 N","(O) No Injury","Daylight","On Roadway - Non-Intersection","Sideswipe-Same Direction","I-75","Dry","12:28:00","[""Lap and Shoulder Belt Used"",""Lap and Shoulder Belt Used""]","Clear",0,33.758673,-84.378161,"Atlanta","FULTON","[""Motor Vehicle in Motion"",""Motor Vehicle in Motion""]","[""Aggressive Driving"",""Changed Lanes Improperly""]","[""Motor Vehicle in Motion"",""Motor Vehicle in Motion""]"
0,0,"Atlanta Police Department","2022-06-22","Piedmont Rd Ne and Lindbergh Way Ne","(O) No Injury","Daylight","On Roadway - Roadway Intersection","Angle Crash","Piedmont Rd Ne","Dry","12:12:00","[""Lap and Shoulder Belt Used"",""Lap and Shoulder Belt Used""]","Clear",0,33.820642,-84.367536,"Atlanta","FULTON","[""Motor Vehicle in Motion"",""Motor Vehicle in Motion""]","Failure to Yield","[""Motor Vehicle in Motion"",""Motor Vehicle in Motion""]"
0,0,"Atlanta Police Department","2022-06-22","Pearl St Se and Memorial Dr Se","(O) No Injury","Daylight","On Roadway - Non-Intersection","Rear End","Memorial Dr Se","Dry","18:00:00","[""Unknown"",""Unknown"",""Booster Seat (Properly Used)""]","Clear",0,33.74662,-84.36085,"Atlanta","FULTON","[""Motor Vehicle in Motion"",""Motor Vehicle in Motion""]","Following Too Close","Motor Vehicle in Motion"
0,0,"South Fulton Police Department","2022-06-22","I-20 E. and Fulton Industrial Blvd.","(O) No Injury","Daylight","On Roadway - Non-Intersection","Sideswipe-Same Direction","I-20 E.","Dry","15:35:00","[""Unknown"",""Unknown"",""Unknown"",""Unknown"",""Unknown""]","Clear",0,33.765121,-84.513977,"Atlanta","FULTON","[""Motor Vehicle in Motion"",""Motor Vehicle in Motion""]","[""Changed Lanes Improperly"",""Changed Lanes Improperly""]","[""Motor Vehicle in Motion"",""Motor Vehicle in Motion""]"
0,0,"Atlanta Police Department","2022-06-22","Joseph E Lowery Blvd Sw and Martin Luther King Jr Dr Nw","(O) No Injury","Daylight","On Roadway - Non-Intersection","Rear End","Joseph E Lowery Blvd Sw","Dry","17:30:00","[""Lap and Shoulder Belt Used"",""Lap and Shoulder Belt Used"",""Lap and Shoulder Belt Used""]","Clear",0,33.754729,-84.417526,"Atlanta","FULTON","[""Motor Vehicle in Motion"",""Motor Vehicle in Motion""]",,"[""Motor Vehicle in Motion"",""Motor Vehicle in Motion""]"
0,0,"Atlanta Police Department","2022-06-22","Chappell Rd Sw and Martin Luther King Jr Dr Nw","(O) No Injury","Daylight","On Roadway - Non-Intersection","Sideswipe-Same Direction","Martin Luther King Jr Dr Nw","Dry","12:10:00","[""Unknown"",""Unknown""]","Clear",0,33.753785,-84.433809,"Atlanta","FULTON","[""Motor Vehicle in Motion"",""Motor Vehicle in Motion""]","Changed Lanes Improperly","[""Motor Vehicle in Motion"",""Motor Vehicle in Motion""]"
0,0,"Atlanta Police Department","2022-06-22","Courtland St Ne and John Portman Blvd Ne","(O) No Injury","Daylight","On Roadway - Non-Intersection","Sideswipe-Same Direction","John Portman Blvd Ne","Dry","16:40:00","[""Lap and Shoulder Belt Used"",""Lap and Shoulder Belt Used""]","Clear",0,33.760942,-84.384176,"Atlanta","FULTON","[""Motor Vehicle in Motion"",""Motor Vehicle in Motion""]","Changed Lanes Improperly","[""Motor Vehicle in Motion"",""Motor Vehicle in Motion""]"
1,0,"Atlanta Police Department","2022-06-22","Ellis St Ne and Peachtree Center Ave Ne","(A) Suspected Serious Injury","Daylight","On Roadway - Collector Distributor (CD)","Not a Collision with Motor Vehicle","Peachtree Center Ave Ne","Dry","17:30:00","[""None Used"",""Lap and Shoulder Belt Used""]","Clear",0,33.758418,-84.38607,"Atlanta","FULTON","[""Motor Vehicle in Motion"",""Motor Vehicle in Motion""]","[""Disregard Other Traffic Control"",""Disregard Other Traffic Control""]","[""Pedal-Cycle"",""Motor Vehicle in Motion""]"
0,0,"Gsp Post 00","2022-06-22","I-285 and I-20 East","(O) No Injury","Daylight","On Roadway - Non-Intersection","Rear End","I-20 East","Dry","11:40:00","[""Lap and Shoulder Belt Used"",""Lap and Shoulder Belt Used"",""None Used""]","Clear",0,33.765146,-84.513635,"Atlanta","FULTON","[""Motor Vehicle in Motion"",""Motor Vehicle in Motion""]","Changed Lanes Improperly","[""Motor Vehicle in Motion"",""Motor Vehicle in Motion""]"
0,0,"Atlanta Police Department","2022-06-22","Morosgo Dr Ne and Piedmont Rd Ne","(C) Possible Injury / Complaint","Daylight","On Roadway - Roadway Intersection","Angle Crash","Piedmont Rd Ne","Ice/Frost","11:59:00","[""Unknown"",""Unknown""]","Clear",0,33.823582,-84.367246,"Atlanta","FULTON","[""Motor Vehicle in Motion"",""Motor Vehicle in Motion""]","Failure to Yield","[""Motor Vehicle in Motion"",""Motor Vehicle in Motion""]"
0,0,"Atlanta Police Department","2022-06-22","Lee St Sw and Oakland Ln Sw","(C) Possible Injury / Complaint","Daylight","On Roadway - Roadway Intersection","Sideswipe-Same Direction","Lee St Sw","Dry","15:08:00","[""Unknown"",""Unknown"",""Unknown""]","Clear",0,33.719547,-84.424728,"Atlanta","FULTON","[""Motor Vehicle in Motion"",""Motor Vehicle in Motion"",""Motor Vehicle in Motion""]","Improper Passing","[""Motor Vehicle in Motion"",""Motor Vehicle in Motion"",""Motor Vehicle in Motion""]"
0,0,"Atlanta Police Department","2022-06-22","Harwell Rd Nw and Donald Lee Hollowell Pkwy Nw","(O) No Injury","Daylight","On Roadway - Roadway Intersection","Angle Crash","Donald Lee Hollowell Pkwy Nw","Dry","18:00:00","[""Lap and Shoulder Belt Used"",""Lap and Shoulder Belt Used""]","Clear",0,33.785677,-84.490084,"Atlanta","FULTON","[""Motor Vehicle in Motion"",""Motor Vehicle in Motion""]","Improper Turn","[""Motor Vehicle in Motion"",""Motor Vehicle in Motion""]"
0,2,"Atlanta Police Department","2022-06-22","10Th St Ne and Charles Allen Dr Ne","(B) Suspected Minor/Visible Injury","Daylight","On Roadway - Roadway Intersection","Angle Crash","10Th St Ne","Dry","10:25:00","[""Lap and Shoulder Belt Used"",""Lap and Shoulder Belt Used""]","Clear",0,33.781774,-84.372777,"Atlanta","FULTON","[""Motor Vehicle in Motion"",""Motor Vehicle in Motion""]","Disregard Stop Sign/Signal","[""Motor Vehicle in Motion"",""Motor Vehicle in Motion""]"
0,0,"Atlanta Police Department","2022-06-22","None and Ga-13","(C) Possible Injury / Complaint","Daylight","Off Roadway","Rear End","Ga-13","Dry","07:47:00","[""Lap and Shoulder Belt Used"",""Lap and Shoulder Belt Used""]","Clear",0,33.821787,-84.358281,"Atlanta","FULTON","[""Motor Vehicle in Motion"",""Motor Vehicle in Motion""]","Following Too Close","[""Motor Vehicle in Motion"",""Motor Vehicle in Motion""]"
0,0,"Atlanta Police Department","2022-06-22","North Ave Ne and Piedmont Ave Ne","(O) No Injury","Daylight","On Roadway - Roadway Intersection","Sideswipe-Same Direction","North Ave Ne","Dry","08:30:00","[""Lap and Shoulder Belt Used"",""Lap and Shoulder Belt Used""]","Clear",0,33.77128,-84.381893,"Atlanta","FULTON","[""Motor Vehicle in Motion"",""Motor Vehicle in Motion""]","Improper Turn","[""Motor Vehicle in Motion"",""Motor Vehicle in Motion""]"
0,0,"Atlanta Police Department","2022-06-22","Gilmer St Se and Courtland St Se","(O) No Injury","Daylight","On Roadway - Roadway Intersection","Angle Crash","Gilmer St Se","Dry","16:30:00","[""Unknown"",""Unknown""]","Clear",0,33.753326,-84.3851,"Atlanta","FULTON","[""Motor Vehicle in Motion"",""Motor Vehicle in Motion""]","Changed Lanes Improperly","Motor Vehicle in Motion"
0,0,"Atlanta Police Department","2022-06-22","Holderness St Sw and Ralph David Abernathy Blvd Sw","(O) No Injury","Daylight","On Roadway - Roadway Intersection","Angle Crash","Ralph David Abernathy Blvd Sw","Dry","17:39:00","[""Unknown"",""Unknown"",""Unknown""]","Clear",0,33.738633,-84.427734,"Atlanta","FULTON","[""Motor Vehicle in Motion"",""Motor Vehicle in Motion""]","Failure to Yield","[""Motor Vehicle in Motion"",""Motor Vehicle in Motion""]"
0,0,"Atlanta Police Department","2022-06-22","Williams St Nw and Andrew Young International Blvd Nw","(O) No Injury","Dark-Lighted","On Roadway - Roadway Intersection","Rear End","Andrew Young International Blvd Nw","Dry","20:30:00","[""Unknown"",""Unknown""]","Clear",0,33.759684,-84.390566,"Atlanta","FULTON","[""Motor Vehicle in Motion"",""Motor Vehicle in Motion""]","Vision Obscured","[""Motor Vehicle in Motion"",""Motor Vehicle in Motion""]"
0,0,"Atlanta Police Department","2022-06-22","Lenox Rd Ne and Buford Hwy Ne","(O) No Injury","Daylight","On Roadway - Non-Intersection","Rear End","Lenox Rd Ne","Dry","14:22:00","[""Unknown"",""Unknown""]","Clear",0,33.825807,-84.352937,"Atlanta","FULTON","[""Motor Vehicle in Motion"",""Motor Vehicle in Motion""]","Following Too Close","[""Motor Vehicle in Motion"",""Motor Vehicle in Motion""]"
0,0,"Atlanta Police Department","2022-06-22","Oldknow Dr Nw and Hamilton E Holmes Dr Nw","(C) Possible Injury / Complaint","Daylight","On Roadway - Roadway Intersection","Rear End","Hamilton E Holmes Dr Nw","Dry","16:00:00","[""Unknown"",""Unknown"",""Unknown""]","Clear",0,33.771946,-84.473525,"Atlanta","FULTON","[""Motor Vehicle in Motion"",""Motor Vehicle in Motion"",""Motor Vehicle in Motion""]","Following Too Close","[""Motor Vehicle in Motion"",""Motor Vehicle in Motion"",""Motor Vehicle in Motion""]"
0,0,"Atlanta Police Department","2022-06-22","Ga-13 and Piedmont Rd","(O) No Injury","Daylight","On Roadway - Non-Intersection","Rear End","Ga-13","Dry","13:35:00","[""Lap and Shoulder Belt Used"",""Lap and Shoulder Belt Used""]","Clear",0,33.812762,-84.367291,"Atlanta","FULTON","[""Motor Vehicle in Motion"",""Motor Vehicle in Motion""]","Following Too Close","[""Motor Vehicle in Motion"",""Motor Vehicle in Motion""]"
0,0,"Atlanta Police Department","2022-06-22","None and Langford Pkwy Rp","(O) No Injury","Dark-Lighted","On Roadway - Non-Intersection","Angle Crash","Langford Pkwy Rp","Dry","22:30:00","[""Lap and Shoulder Belt Used"",""Lap and Shoulder Belt Used""]","Clear",0,33.690858,-84.491083,"Atlanta","FULTON","[""Motor Vehicle in Motion"",""Motor Vehicle in Motion""]","Changed Lanes Improperly","[""Motor Vehicle in Motion"",""Motor Vehicle in Motion""]"
0,0,"Atlanta Police Department","2022-06-22","I-75 and North Ave Nw","(C) Possible Injury / Complaint","Daylight","On Roadway - Non-Intersection","Rear End","I-75","Dry","19:30:00","[""Unknown"",""Unknown"",""Unknown""]","Clear",0,33.771047,-84.390478,"Atlanta","FULTON","[""Motor Vehicle in Motion"",""Motor Vehicle in Motion""]","Following Too Close","[""Motor Vehicle in Motion"",""Motor Vehicle in Motion""]"
0,0,"Atlanta Police Department","2022-06-22","Roxboro Rd Ne and E Paces Ferry Rd Ne","(C) Possible Injury / Complaint","Daylight","On Roadway - Roadway Intersection","Rear End","Roxboro Rd Ne","Dry","16:14:00","[""Unknown"",""Unknown"",""Child Restraint System (Properly Used)""]","Clear",0,33.848839,-84.353246,"Atlanta","FULTON","[""Motor Vehicle in Motion"",""Motor Vehicle in Motion""]","Following Too Close","[""Motor Vehicle in Motion"",""Motor Vehicle in Motion""]"
0,0,"Atlanta Police Department","2022-06-22","Oliver St Nw and Donald Lee Hollowell Pkwy Nw","(C) Possible Injury / Complaint","Daylight","On Roadway - Roadway Intersection","Rear End","Donald Lee Hollowell Pkwy Nw","Dry","19:19:00","[""Unknown"",""Unknown""]","Clear",0,33.773058,-84.415472,"Atlanta","FULTON","[""Motor Vehicle in Motion"",""Motor Vehicle in Motion""]","Following Too Close","[""Motor Vehicle in Motion"",""Motor Vehicle in Motion""]"