"# Serious Injuries","# Visible Injuries","Agency Name (Crash Level) ","Date","Intersection Name (from Crash Report)","KABCO Severity","Light Conditions (Crash Level)","Location at Impact (Crash Level) ","Manner of Collision (Crash Level) ","Roadway (From Crash Report)","Surface Condition (Crash Level) ","Time","Safety Equipment (Crash Level) ","Weather Conditions (Crash Level)","# of Fatalities per Crash","Latitude","Longitude","Geolocated City","Geolocated County","First Harmful Event (Unit Order)","Operator/Pedestrian Contrib Factor (excl None, Other, No Contrib Factors)","Most Harmful Event (Crash Level)"
0,0,"Atlanta Police Department","2022-06-23","North Ave Nw and Northside Dr Nw","(C) Possible Injury / Complaint","Daylight","On Roadway - Roadway Intersection","Rear End","Northside Dr Nw","Dry","11:00:00","[""Unknown"",""Unknown""]","Clear",0,33.77025,-84.404774,"Atlanta","FULTON","[""Motor Vehicle in Motion"",""Motor Vehicle in Motion""]","Following Too Close","[""Motor Vehicle in Motion"",""Motor Vehicle in Motion""]"
0,0,"Atlanta Police Department","2022-06-23","Lenox Rd Ne and Johnson Rd Ne","(O) No Injury","Daylight","On Roadway - Roadway Intersection","Rear End","Lenox Rd Ne","Dry","15:30:00","[""Lap and Shoulder Belt Used"",""Lap and Shoulder Belt Used""]","Clear",0,33.797813,-84.349741,"Atlanta","FULTON","[""Motor Vehicle in Motion"",""Motor Vehicle in Motion""]",,"[""Motor Vehicle in Motion"",""Motor Vehicle in Motion""]"
0,0,"Atlanta Police Department","2022-06-23","Loridans Dr Ne and Peachtree Dunwoody Rd Ne","(O) No Injury","Daylight","On Roadway - Roadway Intersection","Rear End","Peachtree Dunwoody Rd Ne","Dry","16:59:00","[""Unknown"",""Unknown""]","Clear",0,33.874194,-84.357873,"Atlanta","FULTON","[""Motor Vehicle in Motion"",""Motor Vehicle in Motion""]","Following Too Close","[""Motor Vehicle in Motion"",""Motor Vehicle in Motion""]"
0,0,"Atlanta Police Department","2022-06-23","Faulkner Rd Ne and Cheshire Bridge Rd Ne","(O) No Injury","Daylight","On Roadway - Roadway Intersection","Rear End","Faulkner Rd Ne","Dry","15:00:00","Lap and Shoulder Belt Used","Clear",0,33.811476,-84.356433,"Atlanta","FULTON","[""Motor Vehicle in Motion"",""Motor Vehicle in Motion""]","Improper Backing","[""Motor Vehicle in Motion"",""Motor Vehicle in Motion""]"
0,0,"Atlanta Police Department","2022-06-23","I-75 N and 17Th St Nw","(O) No Injury","Dark-Lighted","On Roadway - Non-Intersection","Rear End","17Th St Nw","Dry","21:36:00","[""None Used"",""None Used""]","Clear",0,33.791897,-84.390389,"Atlanta","FULTON","[""Motor Vehicle in Motion"",""Motor Vehicle in Motion""]",,"[""Motor Vehicle in Motion"",""Motor Vehicle in Motion""]"
0,0,"Atlanta Police Department","2022-06-23","Mayson Turner Rd Nw and Martin Luther King Jr Dr Nw","(O) No Injury","Dark-Lighted","On Roadway - Non-Intersection","Rear End","Martin Luther King Jr Dr Nw","Dry","01:30:00","Lap and Shoulder Belt Used","Clear",0,33.75472,-84.415617,"Atlanta","FULTON","[""Motor Vehicle in Motion"",""Motor Vehicle in Motion""]","Driver Condition","[""Motor Vehicle in Motion"",""Motor Vehicle in Motion""]"
0,0,"Atlanta Police Department","2022-06-23","None and I-285","(O) No Injury","Daylight","On Roadway - Non-Intersection","Sideswipe-Same Direction","I-285","Dry","20:30:00","[""Lap and Shoulder Belt Used"",""Lap and Shoulder Belt Used"",""Lap and Shoulder Belt Used"",""Lap and Shoulder Belt Used"",""Lap and Shoulder Belt Used"",""Lap and Shoulder Belt Used""]","Clear",0,33.7685,-84.494916,"Atlanta","FULTON","[""Motor Vehicle in Motion"",""Motor Vehicle in Motion""]","[""Changed Lanes Improperly"",""Changed Lanes Improperly""]","[""Motor Vehicle in Motion"",""Motor Vehicle in Motion""]"
0,0,"Atlanta Police Department","2022-06-23","None and Donnelly Ave Sw","(O) No Injury","Daylight","On Roadway - Roadway Intersection","Angle Crash","Donnelly Ave Sw","Dry","08:29:00","[""Unknown"",""Unknown"",""Unknown""]","Clear",0,33.738072,-84.435317,"Atlanta","FULTON","[""Motor Vehicle in Motion"",""Motor Vehicle in Motion""]","Failure to Yield","[""Motor Vehicle in Motion"",""Motor Vehicle in Motion""]"
0,0,"Atlanta Police Department","2022-06-23","Jonesboro Rd Se and Constitution Rd Se","(O) No Injury","Daylight","On Roadway - Managed Lane (HOV, HOT, Reversible)","Rear End","Jonesboro Rd Se","Dry","12:15:00","[""Unknown"",""Unknown""]","Clear",0,33.69319,-84.36682,"Atlanta","FULTON","[""Motor Vehicle in Motion"",""Motor Vehicle in Motion""]","Improper Backing","[""Motor Vehicle in Motion"",""Motor Vehicle in Motion""]"
0,0,"Gsp Post 00","2022-06-23","Mt Paran Rd and I-75 Southbound","(O) No Injury","Daylight","On Roadway - Non-Intersection","Rear End","I-75 Southbound","Dry","08:55:00","[""Lap and Shoulder Belt Used"",""Lap and Shoulder Belt Used"",""Lap and Shoulder Belt Used""]","Clear",0,33.873828,-84.446207,"Atlanta","FULTON","[""Motor Vehicle in Motion"",""Motor Vehicle in Motion""]","Following Too Close","[""Motor Vehicle in Motion"",""Motor Vehicle in Motion""]"
0,0,"Atlanta Police Department","2022-06-23","Mckenna Pl Se and 1097 Leah Ln Se Ln","(O) No Injury","Dark-Lighted","On Roadway - Non-Intersection","Sideswipe-Same Direction","1097 Leah Ln Se Ln","Dry","22:59:00","Unknown","Clear",0,33.726337,-84.328769,"Atlanta","DEKALB","[""Motor Vehicle in Motion"",""Parked Motor Vehicle""]","Too Fast for Conditions","[""Motor Vehicle in Motion"",""Parked Motor Vehicle""]"
0,0,"Atlanta Police Department","2022-06-23","17Th St Ne and Peachtree St Ne","(O) No Injury","Dark-Lighted","On Roadway - Roadway Intersection","Sideswipe-Same Direction","Peachtree St Ne","Dry","21:57:00","[""Unknown"",""Unknown"",""Unknown""]","Cloudy",0,33.792526,-84.386386,"Atlanta","FULTON","[""Motor Vehicle in Motion"",""Motor Vehicle in Motion""]","Misjudged Clearance","[""Motor Vehicle in Motion"",""Motor Vehicle in Motion""]"
0,0,"Atlanta Police Department","2022-06-23","Briarcliff Pl Ne and N Highland Ave Ne","(O) No Injury","Daylight","On Roadway - Roadway Intersection","Angle Crash","Briarcliff Pl Ne","Dry","12:00:00","[""Unknown"",""Unknown""]","Clear",0,33.777222,-84.352516,"Atlanta","FULTON","[""Motor Vehicle in Motion"",""Motor Vehicle in Motion""]","Failure to Yield","[""Motor Vehicle in Motion"",""Motor Vehicle in Motion""]"
0,0,"Atlanta Police Department","2022-06-23","Hilliard St Se and Edgewood Ave Se","(O) No Injury","Daylight","On Roadway - Roadway Intersection","Angle Crash","Hilliard St Se","Dry","15:29:00","[""Unknown"",""Unknown""]","Clear",0,33.75437,-84.376576,"Atlanta","FULTON","[""Motor Vehicle in Motion"",""Motor Vehicle in Motion""]",,"[""Motor Vehicle in Motion"",""Motor Vehicle in Motion""]"
0,0,"Gsp Post 00","2022-06-23","I-20 and I-285 Nb","(O) No Injury","Daylight","On Roadway - Non-Intersection","Sideswipe-Same Direction","I-285 Nb","Dry","15:46:00","[""Lap and Shoulder Belt Used"",""Lap and Shoulder Belt Used"",""Lap and Shoulder Belt Used"",""Lap and Shoulder Belt Used""]","Clear",0,33.759701,-84.492982,"Atlanta","FULTON","[""Motor Vehicle in Motion"",""Motor Vehicle in Motion""]","[""Changed Lanes Improperly"",""Changed Lanes Improperly""]","[""Motor Vehicle in Motion"",""Motor Vehicle in Motion""]"
0,0,"Atlanta Police Department","2022-06-23","Piedmont Rd Ne and Sidney Marcus Blvd Ne","(O) No Injury","Dark-Not Lighted","On Roadway - Roadway Intersection","Not a Collision with Motor Vehicle","Sidney Marcus Blvd Ne","Dry","22:33:00","Unknown","Clear",0,33.825914,-84.36714,"Atlanta","FULTON","Motor Vehicle in Motion",,"Motor Vehicle in Motion"
0,0,"Atlanta Police Department","2022-06-23","Exit 12 and Donald Lee Hollowell Pkwy Nw","(O) No Injury","Daylight","On Roadway - Roadway Intersection","Sideswipe-Same Direction","Donald Lee Hollowell Pkwy Nw","Dry","18:00:00","[""Lap and Shoulder Belt Used"",""Lap and Shoulder Belt Used""]","Clear",0,33.786467,-84.492347,"Atlanta","FULTON","[""Motor Vehicle in Motion"",""Motor Vehicle in Motion""]",,"[""Motor Vehicle in Motion"",""Motor Vehicle in Motion""]"
0,0,"Atlanta Police Department","2022-06-23","18Th St Nw and W Peachtree St Ne","(O) No Injury","Daylight","On Roadway - Non-Intersection","Rear End","18Th St Nw","Dry","20:52:00","Lap and Shoulder Belt Used","Clear",0,33.793294,-84.387757,"Atlanta","FULTON","[""Motor Vehicle in Motion"",""Motor Vehicle in Motion""]","Improper Turn","[""Motor Vehicle in Motion"",""Motor Vehicle in Motion""]"
0,0,"Atlanta Police Department","2022-06-23","Phipps Dr and Monarch Dr","(C) Possible Injury / Complaint","Daylight","On Roadway - Driveway Intersection","Rear End","Monarch Dr","Dry","10:10:00","[""Lap and Shoulder Belt Used"",""Lap and Shoulder Belt Used"",""Lap and Shoulder Belt Used"",""Lap and Shoulder Belt Used"",""Booster Seat (Properly Used)"",""Lap and Shoulder Belt Used"",""Lap and Shoulder Belt Used"",""Lap and Shoulder Belt Used""]","Clear",0,33.851795,-84.363555,"Atlanta","FULTON","[""Motor Vehicle in Motion"",""Motor Vehicle in Motion""]","Changed Lanes Improperly","[""Motor Vehicle in Motion"",""Motor Vehicle in Motion""]"
0,0,"Atlanta Police Department","2022-06-23","Gould St Se and Richmond Ave Se","(C) Possible Injury / Complaint","Daylight","On Roadway - Roadway Intersection","Not a Collision with Motor Vehicle","Richmond Ave Se","Dry","16:20:00","Unknown","Clear",0,33.70732,-84.377069,"Atlanta","FULTON","Other Non-Collision","Driver Lost Control","Tree"
0,0,"Atlanta Police Department","2022-06-23","Boulevard Ne and Ponce De Leon Ave Ne","(O) No Injury","Daylight","On Roadway - Driveway Intersection","Angle Crash","Boulevard Ne","Dry","10:08:00","[""Lap and Shoulder Belt Used"",""Lap and Shoulder Belt Used"",""Lap and Shoulder Belt Used""]","Clear",0,33.77324,-84.371094,"Atlanta","FULTON","[""Motor Vehicle in Motion"",""Motor Vehicle in Motion""]","Failure to Yield","[""Motor Vehicle in Motion"",""Motor Vehicle in Motion""]"
0,0,"Atlanta Police Department","2022-06-23","5Th St Ne and Piedmont Ave Ne","(O) No Injury","Dark-Lighted","On Roadway - Roadway Intersection","Angle Crash","Piedmont Ave Ne","Dry","23:14:00","[""Lap and Shoulder Belt Used"",""Lap and Shoulder Belt Used""]","Cloudy",0,33.775924,-84.38145,"Atlanta","FULTON","[""Motor Vehicle in Motion"",""Motor Vehicle in Motion""]","Changed Lanes Improperly","[""Motor Vehicle in Motion"",""Motor Vehicle in Motion""]"
0,0,"Gsp Post 00","2022-06-23","I-285 Nb and Donald Lee Hollowell Pkwy","(O) No Injury","Daylight","On Roadway - Non-Intersection","Not a Collision with Motor Vehicle","I-285 Nb","Dry","17:50:00","Lap and Shoulder Belt Used","Clear",0,33.786807,-84.492976,"Atlanta","FULTON","Other Non-Collision",,"Other Non-Collision"
0,0,"Gsp Post 00","2022-06-23","None and Ramp To I-7585 South From Edg","(O) No Injury","Daylight","Off Roadway","Not a Collision with Motor Vehicle","Ramp To I-7585 South From Edg","Dry","13:30:00","Lap and Shoulder Belt Used","Clear",0,33.748474,-84.385342,"Atlanta","FULTON","Curb","Too Fast for Conditions","Curb"
0,0,"Atlanta Police Department","2022-06-23","Beverly Rd Ne and W Peachtree St Ne","(C) Possible Injury / Complaint","Daylight","On Roadway - Non-Intersection","Sideswipe-Same Direction","W Peachtree St Ne","Dry","08:30:00","[""Lap and Shoulder Belt Used"",""Lap and Shoulder Belt Used""]","Clear",0,33.797452,-84.387721,"Atlanta","FULTON","[""Motor Vehicle in Motion"",""Motor Vehicle in Motion""]","Misjudged Clearance","[""Motor Vehicle in Motion"",""Motor Vehicle in Motion""]"
0,0,"Gsp Post 00","2022-06-23","Fair Dr and I-7585 N","(O) No Injury","Daylight","On Roadway - Non-Intersection","Rear End","I-7585 N","Dry","12:41:00","[""Lap and Shoulder Belt Used"",""Lap and Shoulder Belt Used"",""Lap Belt Only Used""]","Clear",0,33.704353,-84.404044,"Atlanta","FULTON","[""Motor Vehicle in Motion"",""Motor Vehicle in Motion""]","Following Too Close","[""Motor Vehicle in Motion"",""Motor Vehicle in Motion""]"
0,1,"Atlanta Police Department","2022-06-23","Lois Ln Se and Cleveland Ave Se","(B) Suspected Minor/Visible Injury","Daylight","On Roadway - Non-Intersection","Rear End","Cleveland Ave Se","Dry","08:00:00","[""Unknown"",""Lap and Shoulder Belt Used"",""Child Restraint System (Properly Used)""]","Clear",0,33.68127,-84.393785,"Atlanta","FULTON","[""Motor Vehicle in Motion"",""Motor Vehicle in Motion""]","Following Too Close","[""Motor Vehicle in Motion"",""Motor Vehicle in Motion""]"
0,0,"Atlanta Police Department","2022-06-23","Williams St Nw and Ivan Allen Jr Blvd Nw","(C) Possible Injury / Complaint","Daylight","On Roadway - Roadway Intersection","Rear End","Williams St Nw","Dry","13:15:00","[""Lap and Shoulder Belt Used"",""Lap and Shoulder Belt Used""]","Clear",0,33.764651,-84.390336,"Atlanta","FULTON","[""Motor Vehicle in Motion"",""Motor Vehicle in Motion""]","Following Too Close","[""Motor Vehicle in Motion"",""Motor Vehicle in Motion""]"
0,0,"Atlanta Police Department","2022-06-23","Olive St Se and Adair Ave Se","(O) No Injury","Dark-Lighted","Off Roadway","Sideswipe-Same Direction","Adair Ave Se","Dry","00:51:00","[""Unknown"",""None Used""]","Clear",0,33.706246,-84.38756,"Atlanta","FULTON","[""Motor Vehicle in Motion"",""Parked Motor Vehicle""]","Improper Passing","Parked Motor Vehicle"
0,0,"Atlanta Police Department","2022-06-23","17Th St Nw and Spring St Nw","(O) No Injury","Daylight","On Roadway - Roadway Intersection","Sideswipe-Same Direction","Spring St Nw","Dry","18:25:00","[""Unknown"",""Unknown""]","Clear",0,33.791814,-84.3892,"Atlanta","FULTON","[""Motor Vehicle in Motion"",""Motor Vehicle in Motion""]","Misjudged Clearance","[""Motor Vehicle in Motion"",""Motor Vehicle in Motion""]"
0,0,"Atlanta Police Department","2022-06-23","Kenmare Hall Ne and E Roxboro Rd Ne","(C) Possible Injury / Complaint","Dark-Not Lighted","On Roadway - Driveway Intersection","Angle Crash","E Roxboro Rd Ne","Dry","21:40:00","[""Lap and Shoulder Belt Used"",""Lap and Shoulder Belt Used""]","Clear",0,33.845463,-84.348232,"Brookhaven","DEKALB","[""Motor Vehicle in Motion"",""Motor Vehicle in Motion""]","Failure to Yield","[""Motor Vehicle in Motion"",""Motor Vehicle in Motion""]"
0,0,"Gsp Post 00","2022-06-23","I-20 Eb and Lee Street","(O) No Injury","Daylight","On Roadway - Non-Intersection","Rear End","I-20 Eb","Dry","15:50:00","[""Lap and Shoulder Belt Used"",""Lap and Shoulder Belt Used""]","Clear",0,33.741414,-84.416462,"Atlanta","FULTON","[""Motor Vehicle in Motion"",""Motor Vehicle in Motion""]","Following Too Close","[""Motor Vehicle in Motion"",""Motor Vehicle in Motion""]"
0,0,"Gsp Post 00","2022-06-23","I-7585 N and University Ave","(O) No Injury","Daylight","On Roadway - Non-Intersection","Rear End","I-7585 N","Dry","18:02:00","[""Lap and Shoulder Belt Used"",""Lap and Shoulder Belt Used"",""Lap and Shoulder Belt Used"",""Lap and Shoulder Belt Used"",""Lap and Shoulder Belt Used"",""Child Restraint System (Properly Used)"",""Child Restraint System (Properly Used)"",""Lap and Shoulder Belt Used""]","Clear",0,33.724473,-84.394004,"Atlanta","FULTON","[""Motor Vehicle in Motion"",""Motor Vehicle in Motion""]","Following Too Close","[""Motor Vehicle in Motion"",""Motor Vehicle in Motion""]"
0,0,"Atlanta Police Department","2022-06-23","Hutchens Rd Se and Jonesboro Rd Se","(O) No Injury","Daylight","Off Roadway","Angle Crash","Jonesboro Rd Se","Dry","14:00:00","Lap and Shoulder Belt Used","Clear",0,33.671898,-84.372394,"Atlanta","FULTON","[""Motor Vehicle in Motion"",""Parked Motor Vehicle""]","Misjudged Clearance","[""Motor Vehicle in Motion"",""Parked Motor Vehicle""]"
0,0,"Atlanta Police Department","2022-06-23","E Wesley Rd Ne and Peachtree Rd Nw","(O) No Injury","Daylight","On Roadway - Roadway Intersection","Sideswipe-Opposite Direction","E Wesley Rd Ne","Dry","19:30:00","[""Lap and Shoulder Belt Used"",""Lap and Shoulder Belt Used""]","Clear",0,33.828645,-84.387456,"Atlanta","FULTON","[""Motor Vehicle in Motion"",""Motor Vehicle in Motion""]","Misjudged Clearance","[""Motor Vehicle in Motion"",""Motor Vehicle in Motion""]"
0,0,"Atlanta Police Department","2022-06-23","Anderson Ave Nw and Joseph E Boone Blvd Nw","(C) Possible Injury / Complaint","Daylight","On Roadway - Roadway Intersection","Angle Crash","Joseph E Boone Blvd Nw","Dry","10:15:00","[""Unknown"",""Unknown"",""Unknown""]","Clear",0,33.764673,-84.451431,"Atlanta","FULTON","[""Motor Vehicle in Motion"",""Motor Vehicle in Motion""]","Following Too Close","[""Motor Vehicle in Motion"",""Motor Vehicle in Motion""]"
0,0,"Gsp Post 00","2022-06-23","I-7585 N and University Ave","(O) No Injury","Daylight","On Roadway - Non-Intersection","Rear End","I-7585 N","Dry","18:06:00","[""Lap and Shoulder Belt Used"",""Lap and Shoulder Belt Used"",""Lap and Shoulder Belt Used"",""Lap and Shoulder Belt Used"",""Lap and Shoulder Belt Used"",""Lap and Shoulder Belt Used"",""Lap and Shoulder Belt Used""]","Clear",0,33.724473,-84.394004,"Atlanta","FULTON","[""Motor Vehicle in Motion"",""Motor Vehicle in Motion""]","Following Too Close","[""Motor Vehicle in Motion"",""Motor Vehicle in Motion""]"
0,0,"Atlanta Police Department","2022-06-23","Barfield Ave and Martin Luther King Jr Dr Sw","(O) No Injury","Daylight","On Roadway - Roadway Intersection","Angle Crash","Barfield Ave","Dry","13:35:00","[""Unknown"",""Lap and Shoulder Belt Used""]","Clear",0,33.751901,-84.461628,"Atlanta","FULTON","[""Motor Vehicle in Motion"",""Motor Vehicle in Motion""]","Failure to Yield","[""Motor Vehicle in Motion"",""Motor Vehicle in Motion""]"
0,0,"Atlanta Police Department","2022-06-23","Conley Rd Se and Jonesboro Rd Se","(O) No Injury","Daylight","On Roadway - Roadway Intersection","Sideswipe-Same Direction","Jonesboro Rd Se","Dry","08:00:00","[""Unknown"",""Unknown""]","Clear",0,33.648591,-84.365637,"Atlanta","FULTON","[""Motor Vehicle in Motion"",""Motor Vehicle in Motion""]","Driver Condition","[""Motor Vehicle in Motion"",""Motor Vehicle in Motion""]"
0,0,"Atlanta Police Department","2022-06-23","Bonn St Se and Claire Dr Se","(O) No Injury","Daylight","On Roadway - Non-Intersection","Sideswipe-Opposite Direction","Claire Dr Se","Dry","07:00:00","[""Unknown"",""Unknown""]","Clear",0,33.705102,-84.385126,"Atlanta","FULTON","[""Motor Vehicle in Motion"",""Motor Vehicle in Motion""]","Following Too Close","[""Motor Vehicle in Motion"",""Motor Vehicle in Motion""]"
0,0,"Atlanta Police Department","2022-06-24","18Th St Nw and W Peachtree St Ne","(O) No Injury","Dark-Lighted","On Roadway - Roadway Intersection","Sideswipe-Same Direction","18Th St Nw","Dry","19:40:00","[""Unknown"",""Unknown""]","Clear",0,33.793315,-84.387757,"Atlanta","FULTON","[""Motor Vehicle in Motion"",""Motor Vehicle in Motion""]","Improper Turn","[""Motor Vehicle in Motion"",""Motor Vehicle in Motion""]"
0,0,"Gsp Post 00","2022-06-24","I-285 and I-20 East","(C) Possible Injury / Complaint","Daylight","On Roadway - Non-Intersection","Rear End","I-20 East","Dry","11:27:00","[""Lap and Shoulder Belt Used"",""Lap and Shoulder Belt Used""]","Cloudy",0,33.766123,-84.499794,"Atlanta","FULTON","[""Motor Vehicle in Motion"",""Motor Vehicle in Motion""]","Following Too Close","[""Motor Vehicle in Motion"",""Motor Vehicle in Motion""]"
0,0,"Atlanta Police Department","2022-06-24","8Th St Nw and Howell Mill Rd Nw","(O) No Injury","Daylight","On Roadway - Roadway Intersection","Rear End","Howell Mill Rd Nw","Dry","19:35:00","[""Unknown"",""Unknown""]","Clear",0,33.779513,-84.410165,"Atlanta","FULTON","[""Motor Vehicle in Motion"",""Motor Vehicle in Motion""]",,"[""Motor Vehicle in Motion"",""Motor Vehicle in Motion""]"
0,0,"Atlanta Police Department","2022-06-24","Ted Turner Dr Nw and John Portman Blvd Nw","(O) No Injury","Daylight","On Roadway - Roadway Intersection","Angle Crash","Ted Turner Dr Nw","Dry","16:50:00","[""Unknown"",""Unknown""]","Clear",0,33.760988,-84.389046,"Atlanta","FULTON","[""Motor Vehicle in Motion"",""Motor Vehicle in Motion""]","Changed Lanes Improperly","[""Motor Vehicle in Motion"",""Motor Vehicle in Motion""]"
0,0,"Atlanta Police Department","2022-06-24","Perry Blvd Nw and Hollywood Rd Nw","(O) No Injury","Daylight","On Roadway - Roadway Intersection","Rear End","Perry Blvd Nw","Dry","14:20:00","[""Lap and Shoulder Belt Used"",""Lap and Shoulder Belt Used""]","Clear",0,33.804938,-84.470566,"Atlanta","FULTON","[""Motor Vehicle in Motion"",""Motor Vehicle in Motion""]","Following Too Close","[""Motor Vehicle in Motion"",""Motor Vehicle in Motion""]"
0,0,"Atlanta Police Department","2022-06-24","Forsyth St Nw and Carnegie Way Nw","(O) No Injury","Daylight","On Roadway - Non-Intersection","Sideswipe-Same Direction","Forsyth St Nw","Dry","14:58:00","Unknown","Clear",0,33.757667,-84.387679,"Atlanta","FULTON","[""Motor Vehicle in Motion"",""Motor Vehicle in Motion""]",,"[""Motor Vehicle in Motion"",""Motor Vehicle in Motion""]"
0,0,"Atlanta Police Department","2022-06-24","Carnegie Way Nw and Ted Turner Dr Nw","(O) No Injury","Dark-Lighted","On Roadway - Non-Intersection","Sideswipe-Same Direction","Ted Turner Dr Nw","Dry","22:05:00","[""None Used"",""None Used"",""None Used"",""None Used""]","Clear",0,33.75926,-84.389453,"Atlanta","FULTON","[""Motor Vehicle in Motion"",""Motor Vehicle in Motion""]",,"Motor Vehicle in Motion"
0,0,"Atlanta Police Department","2022-06-24","Santa Barbara Dr Nw and Hamilton E Holmes Dr Nw","(C) Possible Injury / Complaint","Daylight","On Roadway - Driveway Intersection","Rear End","Santa Barbara Dr Nw","Dry","16:17:00","[""Lap and Shoulder Belt Used"",""Lap and Shoulder Belt Used"",""Lap and Shoulder Belt Used"",""Lap and Shoulder Belt Used""]","Clear",0,33.765164,-84.470027,"Atlanta","FULTON","[""Motor Vehicle in Motion"",""Motor Vehicle in Motion"",""Motor Vehicle in Motion""]","[""Aggressive Driving"",""Following Too Close""]","[""Motor Vehicle in Motion"",""Motor Vehicle in Motion"",""Motor Vehicle in Motion""]"
0,0,"Atlanta Police Department","2022-06-24","Anjaco Rd Nw and Collier Rd Nw","(O) No Injury","Daylight","On Roadway - Non-Intersection","Rear End","Anjaco Rd Nw","Dry","17:30:00","[""Unknown"",""Unknown""]","Clear",0,33.807967,-84.396404,"Atlanta","FULTON","[""Motor Vehicle in Motion"",""Motor Vehicle in Motion""]","Following Too Close","[""Motor Vehicle in Motion"",""Motor Vehicle in Motion""]"
0,0,"Gsp Post 00","2022-06-24","Langford Pkwy and Greenbriar Pkwy","(O) No Injury","Daylight","Entrance/Exit Ramp","Rear End","Langford Pkwy","Dry","18:25:00","[""Lap and Shoulder Belt Used"",""Lap and Shoulder Belt Used""]","Clear",0,33.691056,-84.491283,"Atlanta","FULTON","[""Motor Vehicle in Motion"",""Motor Vehicle in Motion""]","Following Too Close","[""Motor Vehicle in Motion"",""Motor Vehicle in Motion""]"
0,0,"Gsp Post 00","2022-06-24","I-20 West and Boulevard Southeast","(O) No Injury","Daylight","On Roadway - Non-Intersection","Rear End","I-20 West","Dry","17:45:00","[""Lap and Shoulder Belt Used"",""Lap and Shoulder Belt Used"",""Lap and Shoulder Belt Used""]","Clear",0,33.743442,-84.368094,"Atlanta","FULTON","[""Motor Vehicle in Motion"",""Motor Vehicle in Motion""]","Following Too Close","[""Motor Vehicle in Motion"",""Motor Vehicle in Motion""]"
0,0,"Atlanta Police Department","2022-06-24","Baker St Ne and Courtland St Ne","(C) Possible Injury / Complaint","Dark-Lighted","On Roadway - Non-Intersection","Angle Crash","Courtland St Ne","Dry","23:45:00","[""Lap and Shoulder Belt Used"",""Lap and Shoulder Belt Used"",""Lap and Shoulder Belt Used""]","Clear",0,33.761758,-84.384163,"Atlanta","FULTON","[""Motor Vehicle in Motion"",""Motor Vehicle in Motion""]","[""Not Visible (Object, Person, or Vehicle)"",""Improper Backing"",""Changed Lanes Improperly""]","[""Motor Vehicle in Motion"",""Motor Vehicle in Motion""]"
0,0,"Atlanta Police Department","2022-06-24","None and Roswell Rd Ne","(O) No Injury","Daylight","On Roadway - Driveway Intersection","Angle Crash","Roswell Rd Ne","Dry","18:43:00","[""Unknown"",""Unknown""]","Clear",0,33.874779,-84.380843,"Atlanta","FULTON","[""Motor Vehicle in Motion"",""Motor Vehicle in Motion""]","[""Failure to Yield"",""Failure to Yield""]","[""Motor Vehicle in Motion"",""Motor Vehicle in Motion""]"
0,0,"Atlanta Police Department","2022-06-24","Piedmont Ave Ne and Ponce De Leon Ave Ne","(C) Possible Injury / Complaint","Dawn","On Roadway - Non-Intersection","Rear End","Ponce De Leon Ave Ne","Dry","15:30:00","[""Lap and Shoulder Belt Used"",""Lap and Shoulder Belt Used"",""Lap and Shoulder Belt Used""]","Clear",0,33.772467,-84.382447,"Atlanta","FULTON","[""Motor Vehicle in Motion"",""Motor Vehicle in Motion"",""Motor Vehicle in Motion""]","Following Too Close","[""Motor Vehicle in Motion"",""Motor Vehicle in Motion"",""Motor Vehicle in Motion""]"
0,0,"Gsp Post 00","2022-06-24","I-75 Sb and Northside Drive","(O) No Injury","Daylight","On Roadway - Non-Intersection","Not a Collision with Motor Vehicle","I-75 Sb","Dry","12:50:00","[""Lap and Shoulder Belt Used"",""Lap and Shoulder Belt Used"",""Lap and Shoulder Belt Used""]","Clear",0,33.796646,-84.395068,"Atlanta","FULTON","[""Cargo/Equipment Loss or Shift"",""Cargo/Equipment Loss or Shift""]",,"[""Cargo/Equipment Lost or Shift"",""Cargo/Equipment Lost or Shift""]"
0,0,"Gsp Post 00","2022-06-24","North Ave and I-7585 Sb","(O) No Injury","Daylight","On Roadway - Non-Intersection","Sideswipe-Same Direction","I-7585 Sb","Dry","16:00:00","[""Lap and Shoulder Belt Used"",""Lap and Shoulder Belt Used""]","Clear",0,33.772104,-84.390406,"Atlanta","FULTON","[""Motor Vehicle in Motion"",""Motor Vehicle in Motion""]","Changed Lanes Improperly","[""Motor Vehicle in Motion"",""Motor Vehicle in Motion""]"
0,0,"Atlanta Police Department","2022-06-24","None and Exit 51A Rp","(O) No Injury","Dark-Lighted","Entrance/Exit Ramp","Rear End","Exit 51A Rp","Dry","01:30:00","[""Unknown"",""Unknown"",""Unknown""]","Clear",0,33.763772,-84.49383,"Atlanta","FULTON","[""Motor Vehicle in Motion"",""Motor Vehicle in Motion""]",,"[""Motor Vehicle in Motion"",""Motor Vehicle in Motion""]"
0,0,"Gsp Post 00","2022-06-24","I-285 Nb and Martin Luther King Blvd","(O) No Injury","Daylight","On Roadway - Non-Intersection","Rear End","I-285 Nb","Dry","16:45:00","[""Lap and Shoulder Belt Used"",""Lap and Shoulder Belt Used"",""Lap and Shoulder Belt Used"",""Lap and Shoulder Belt Used""]","Cloudy",0,33.755599,-84.494561,"Atlanta","FULTON","[""Motor Vehicle in Motion"",""Motor Vehicle in Motion""]","Following Too Close","[""Motor Vehicle in Motion"",""Motor Vehicle in Motion""]"