"# Serious Injuries","# Visible Injuries","Agency Name (Crash Level) ","Date","Intersection Name (from Crash Report)","KABCO Severity","Light Conditions (Crash Level)","Location at Impact (Crash Level) ","Manner of Collision (Crash Level) ","Roadway (From Crash Report)","Surface Condition (Crash Level) ","Time","Safety Equipment (Crash Level) ","Weather Conditions (Crash Level)","# of Fatalities per Crash","Latitude","Longitude","Geolocated City","Geolocated County","First Harmful Event (Unit Order)","Operator/Pedestrian Contrib Factor (excl None, Other, No Contrib Factors)","Most Harmful Event (Crash Level)"
0,0,"Atlanta Police Department","2022-06-25","None and I-85 Rp","(C) Possible Injury / Complaint","Dark-Lighted","On Roadway - Non-Intersection","Rear End","I-85 Rp","Dry","23:04:00","[""Unknown"",""Unknown""]","Clear",0,33.799948,-84.391314,"Atlanta","FULTON","[""Motor Vehicle in Motion"",""Motor Vehicle in Motion""]","[""Disregard Police - Evasion"",""Aggressive Driving"",""Reckless Driving""]","[""Motor Vehicle in Motion"",""Motor Vehicle in Motion""]"
0,0,"Atlanta Police Department","2022-06-25","Lenox Rd Ne and Wright Ave Ne","(O) No Injury","Daylight","On Roadway - In Crosswalk","Not a Collision with Motor Vehicle","Lenox Rd Ne","Dry","13:40:00","[""Lap and Shoulder Belt Used"",""None Used""]","Clear",0,33.846707,-84.35936,"Atlanta","FULTON","[""Pedestrian"",""Motor Vehicle in Motion""]",,"Pedestrian"
0,0,"Atlanta Police Department","2022-06-25","Carroll Dr Nw and Chattahoochee Ave Nw","(O) No Injury","Daylight","On Roadway - Roadway Intersection","Rear End","Chattahoochee Ave Nw","Dry","10:15:00","[""Unknown"",""Unknown""]","Clear",0,33.803124,-84.432005,"Atlanta","FULTON","[""Motor Vehicle in Motion"",""Motor Vehicle in Motion""]",,"[""Motor Vehicle in Motion"",""Motor Vehicle in Motion""]"
0,0,"Atlanta Police Department","2022-06-25","None and I-20","(C) Possible Injury / Complaint","Daylight","On Roadway - Non-Intersection","Rear End","I-20","Dry","15:58:00","[""Lap and Shoulder Belt Used"",""Lap and Shoulder Belt Used"",""Lap and Shoulder Belt Used"",""Unknown""]","Clear",0,33.765064,-84.493539,"Atlanta","FULTON","[""Motor Vehicle in Motion"",""Motor Vehicle in Motion"",""Motor Vehicle in Motion""]","Other Activity - Mobile Device (Distracted)","[""Motor Vehicle in Motion"",""Motor Vehicle in Motion""]"
0,0,"Atlanta Police Department","2022-06-25","S Gordon St Sw and Ralph David Abernathy Blvd Sw","(O) No Injury","Daylight","On Roadway - Roadway Intersection","Angle Crash","S Gordon St Sw","Dry","16:24:00","[""Unknown"",""Unknown""]","Cloudy",0,33.739499,-84.433963,"Atlanta","FULTON","[""Motor Vehicle in Motion"",""Motor Vehicle in Motion""]",,"[""Motor Vehicle in Motion"",""Motor Vehicle in Motion""]"
0,0,"Atlanta Police Department","2022-06-25","Lenox Rd Ne and Tower Place Dr Ne","(O) No Injury","Dark-Lighted","On Roadway - Roadway Intersection","Angle Crash","Lenox Rd Ne","Dry","00:22:00","[""Lap and Shoulder Belt Used"",""Lap and Shoulder Belt Used"",""Lap and Shoulder Belt Used"",""Lap and Shoulder Belt Used""]","Clear",0,33.849887,-84.372988,"Atlanta","FULTON","[""Motor Vehicle in Motion"",""Motor Vehicle in Motion""]","Changed Lanes Improperly","[""Motor Vehicle in Motion"",""Motor Vehicle in Motion""]"
0,0,"Atlanta Police Department","2022-06-25","Collier Rd Nw and Peachtree Rd Ne","(O) No Injury","Daylight","On Roadway - Driveway Intersection","Sideswipe-Opposite Direction","Peachtree Rd Ne","Dry","13:00:00","[""Unknown"",""Unknown""]","Clear",0,33.80697,-84.393851,"Atlanta","FULTON","[""Motor Vehicle in Motion"",""Motor Vehicle in Motion""]","Failure to Yield","[""Motor Vehicle in Motion"",""Motor Vehicle in Motion""]"
0,0,"Atlanta Police Department","2022-06-25","Pryor St Sw and Trinity Ave Sw","(C) Possible Injury / Complaint","Daylight","On Roadway - Non-Intersection","Sideswipe-Same Direction","Trinity Ave Sw","Dry","13:15:00","[""Lap and Shoulder Belt Used"",""Lap and Shoulder Belt Used""]","Clear",0,33.74895,-84.392267,"Atlanta","FULTON","[""Motor Vehicle in Motion"",""Motor Vehicle in Motion""]","Changed Lanes Improperly","[""Motor Vehicle in Motion"",""Motor Vehicle in Motion""]"
0,0,"Atlanta Police Department","2022-06-25","Cascade Rd Sw and Kingsdale Dr Sw","(O) No Injury","Daylight","On Roadway - Roadway Intersection","Rear End","Cascade Rd Sw","Dry","12:40:00","[""Unknown"",""Unknown""]","Clear",0,33.721294,-84.495541,"Atlanta","FULTON","[""Motor Vehicle in Motion"",""Motor Vehicle in Motion""]","[""Aggressive Driving"",""Following Too Close""]","[""Motor Vehicle in Motion"",""Motor Vehicle in Motion""]"
0,0,"Atlanta Police Department","2022-06-25","None and I-285","(O) No Injury","Daylight","On Roadway - Non-Intersection","Not a Collision with Motor Vehicle","I-285","Dry","16:00:00","[""None Used"",""Unknown""]","Clear",0,33.719898,-84.502479,"Atlanta","FULTON","[""Motor Vehicle in Motion"",""Motor Vehicle in Motion""]","Changed Lanes Improperly","[""Motor Vehicle in Motion"",""Motor Vehicle in Motion""]"
0,0,"Atlanta Police Department","2022-06-25","Piedmont Ave Ne and Ponce De Leon Ave Ne","(O) No Injury","Dark-Lighted","On Roadway - Roadway Intersection","Sideswipe-Same Direction","Ponce De Leon Ave Ne","Dry","02:46:00","[""Unknown"",""Unknown""]","Clear",0,33.772506,-84.381679,"Atlanta","FULTON","[""Motor Vehicle in Motion"",""Motor Vehicle in Motion""]","Improper Turn","[""Motor Vehicle in Motion"",""Motor Vehicle in Motion""]"
0,0,"Atlanta Police Department","2022-06-25","None and I-20","(O) No Injury","Daylight","On Roadway - Non-Intersection","Rear End","I-20","Dry","16:00:00","[""Lap and Shoulder Belt Used"",""Lap and Shoulder Belt Used""]","Clear",0,33.742233,-84.421341,"Atlanta","FULTON","[""Motor Vehicle in Motion"",""Motor Vehicle in Motion""]",,"[""Motor Vehicle in Motion"",""Motor Vehicle in Motion""]"
0,0,"Atlanta Police Department","2022-06-25","Monroe Dr Ne and Midtown Pl Ne","(O) No Injury","Daylight","On Roadway - Non-Intersection","Rear End","Monroe Dr Ne","Dry","14:46:00","[""Lap and Shoulder Belt Used"",""Lap and Shoulder Belt Used""]","Clear",0,33.778604,-84.369702,"Atlanta","FULTON","[""Motor Vehicle in Motion"",""Motor Vehicle in Motion""]","Following Too Close","[""Motor Vehicle in Motion"",""Motor Vehicle in Motion""]"
0,0,"Atlanta Police Department","2022-06-25","None and I-285 Exit 10A Rp","(O) No Injury","Daylight","On Roadway - Non-Intersection","Rear End","I-285 Exit 10A Rp","Dry","16:30:00","[""Unknown"",""Unknown""]","Clear",0,33.758048,-84.493552,"Atlanta","FULTON","[""Motor Vehicle in Motion"",""Motor Vehicle in Motion""]","Following Too Close","[""Motor Vehicle in Motion"",""Motor Vehicle in Motion""]"
0,0,"Atlanta Police Department","2022-06-25","Olive St Sw and Campbellton Rd Sw","(O) No Injury","Dawn","On Roadway - Non-Intersection","Angle Crash","Campbellton Rd Sw","Dry","11:25:00","[""Lap and Shoulder Belt Used"",""Lap and Shoulder Belt Used""]","Clear",0,33.715664,-84.431599,"Atlanta","FULTON","[""Motor Vehicle in Motion"",""Motor Vehicle in Motion""]","Improper Turn","[""Motor Vehicle in Motion"",""Motor Vehicle in Motion""]"
0,0,"Atlanta Police Department","2022-06-25","None and I-75","(O) No Injury","Daylight","On Roadway - Non-Intersection","Sideswipe-Same Direction","I-75","Dry","17:50:00","[""Unknown"",""Unknown""]","Clear",0,33.775872,-84.390791,"Atlanta","FULTON","[""Motor Vehicle in Motion"",""Motor Vehicle in Motion""]",,"[""Motor Vehicle in Motion"",""Motor Vehicle in Motion""]"
0,0,"Atlanta Police Department","2022-06-25","North Ave Nw and W Peachtree St Nw","(C) Possible Injury / Complaint","Dark-Lighted","On Roadway - Driveway Intersection","Angle Crash","North Ave Nw","Dry","21:11:00","[""Lap and Shoulder Belt Used"",""Lap and Shoulder Belt Used"",""Lap and Shoulder Belt Used""]","Cloudy",0,33.771234,-84.387421,"Atlanta","FULTON","[""Motor Vehicle in Motion"",""Motor Vehicle in Motion""]","Failure to Yield","[""Motor Vehicle in Motion"",""Motor Vehicle in Motion""]"
0,0,"Atlanta Police Department","2022-06-25","I-85 and Plasters Ave Ne","(C) Possible Injury / Complaint","Dark-Lighted","Entrance/Exit Ramp","Rear End","I-85","Dry","00:00:00","[""Lap and Shoulder Belt Used"",""Lap and Shoulder Belt Used""]","Clear",0,33.816068,-84.363308,"Atlanta","FULTON","[""Motor Vehicle in Motion"",""Motor Vehicle in Motion""]","Changed Lanes Improperly","[""Motor Vehicle in Motion"",""Motor Vehicle in Motion""]"
0,0,"Gsp Post 00","2022-06-25","Campbellton Road and Ramp From I-285 Northbound","(C) Possible Injury / Complaint","Daylight","Entrance/Exit Ramp","Sideswipe-Same Direction","Ramp From I-285 Northbound","Dry","15:00:00","[""Unknown"",""Lap and Shoulder Belt Used""]","Clear",0,33.69127,-84.498739,"Atlanta","FULTON","[""Motor Vehicle in Motion"",""Motor Vehicle in Motion""]","[""Reckless Driving"",""Changed Lanes Improperly""]","[""Motor Vehicle in Motion"",""Guard Rail Fence""]"
0,0,"Atlanta Police Department","2022-06-25","14Th St Nw and Snyder St Nw","(O) No Injury","Daylight","On Roadway - Driveway Intersection","Angle Crash","Snyder St Nw","Dry","14:00:00","[""Lap and Shoulder Belt Used"",""Lap and Shoulder Belt Used""]","Clear",0,33.786206,-84.401896,"Atlanta","FULTON","[""Motor Vehicle in Motion"",""Motor Vehicle in Motion""]","Failure to Yield","[""Motor Vehicle in Motion"",""Motor Vehicle in Motion""]"
0,0,"Gsp Post 00","2022-06-25","North Avenue and I-7585 Southbound","(O) No Injury","Daylight","On Roadway - Non-Intersection","Sideswipe-Same Direction","I-7585 Southbound","Dry","13:25:00","[""Lap and Shoulder Belt Used"",""Lap and Shoulder Belt Used""]","Clear",0,33.785728,-84.391778,"Atlanta","FULTON","[""Motor Vehicle in Motion"",""Motor Vehicle in Motion""]","Changed Lanes Improperly","[""Motor Vehicle in Motion"",""Motor Vehicle in Motion""]"
0,0,"Atlanta Police Department","2022-06-25","None and I-20","(O) No Injury","Dark-Lighted","On Roadway - Managed Lane (HOV, HOT, Reversible)","Rear End","I-20","Dry","00:00:00","[""Unknown"",""Unknown"",""Lap and Shoulder Belt Used""]","Clear",0,33.743623,-84.386744,"Atlanta","FULTON","[""Motor Vehicle in Motion"",""Motor Vehicle in Motion""]",,"[""Motor Vehicle in Motion"",""Motor Vehicle in Motion""]"
0,0,"Atlanta Police Department","2022-06-25","I-20 and Exit 57","(O) No Injury","Daylight","On Roadway - Non-Intersection","Rear End","I-20","Dry","11:00:00","[""Lap and Shoulder Belt Used"",""Lap and Shoulder Belt Used""]","Clear",0,33.743438,-84.383826,"Atlanta","FULTON","[""Motor Vehicle in Motion"",""Motor Vehicle in Motion""]",,"[""Motor Vehicle in Motion"",""Motor Vehicle in Motion""]"
0,0,"Atlanta Police Department","2022-06-25","None and I-75 Exit 242 Rp","(C) Possible Injury / Complaint","Daylight","On Roadway - Non-Intersection","Sideswipe-Same Direction","I-75 Exit 242 Rp","Dry","17:14:00","[""Unknown"",""Lap and Shoulder Belt Used""]","Clear",0,33.68973,-84.400955,"Atlanta","FULTON","[""Motor Vehicle in Motion"",""Motor Vehicle in Motion""]","[""Misjudged Clearance"",""Changed Lanes Improperly""]","[""Motor Vehicle in Motion"",""Motor Vehicle in Motion""]"
0,0,"Atlanta Police Department","2022-06-25","Boulevard Se and Gartrell St Se","(O) No Injury","Dark-Lighted","On Roadway - Non-Intersection","Angle Crash","Gartrell St Se","Dry","02:30:00","[""Unknown"",""Unknown"",""Unknown""]","Clear",0,33.752918,-84.371708,"Atlanta","FULTON","[""Motor Vehicle in Motion"",""Motor Vehicle in Motion""]","Improper Turn","[""Motor Vehicle in Motion"",""Motor Vehicle in Motion""]"
0,0,"Atlanta Police Department","2022-06-25","Waits Dr Sw and Doster Dr Sw","(O) No Injury","Dark-Lighted","On Roadway - Non-Intersection","Head On","Waits Dr Sw","Dry","10:30:00","Unknown","Clear",0,33.752932,-84.521795,"Atlanta","FULTON","[""Motor Vehicle in Motion"",""Parked Motor Vehicle""]",,"[""Parked Motor Vehicle"",""Motor Vehicle in Motion""]"
0,0,"Gsp Post 00","2022-06-25","Peters St and Mcdaniel St Sw","(O) No Injury","Daylight","On Roadway - Non-Intersection","Angle Crash","Mcdaniel St Sw","Dry","20:37:00","[""Lap Belt Only Used"",""Lap and Shoulder Belt Used"",""Lap and Shoulder Belt Used""]","Clear",0,33.744733,-84.404749,"Atlanta","FULTON","[""Motor Vehicle in Motion"",""Motor Vehicle in Motion""]","Driver Lost Control","[""Motor Vehicle in Motion"",""Motor Vehicle in Motion""]"
0,0,"Atlanta Police Department","2022-06-25","Pryor St Sw and Ridge Ave Sw","(O) No Injury","Dark-Not Lighted","Off Roadway","Sideswipe-Same Direction","Pryor St Sw","Dry","03:00:00","[""Unknown"",""Unknown""]","Clear",0,33.726671,-84.39315,"Atlanta","FULTON","[""Motor Vehicle in Motion"",""Other - Fixed Object""]",,"[""Motor Vehicle in Motion"",""Motor Vehicle in Motion""]"
0,0,"Atlanta Police Department","2022-06-25","None and Langford Pkwy","(O) No Injury","Dark-Lighted","On Roadway - Non-Intersection","Rear End","Langford Pkwy","Dry","21:00:00","[""Unknown"",""Unknown"",""Unknown"",""Unknown"",""Unknown""]","Clear",0,33.698757,-84.45961,"Atlanta","FULTON","[""Motor Vehicle in Motion"",""Motor Vehicle in Motion""]","Following Too Close","[""Motor Vehicle in Motion"",""Motor Vehicle in Motion""]"
0,0,"Atlanta Police Department","2022-06-25","None and I-75","(O) No Injury","Dark-Lighted","On Roadway - Roadway Intersection","Rear End","I-75","Dry","22:10:00","[""Unknown"",""Lap and Shoulder Belt Used""]","Clear",0,33.726025,-84.393856,"Atlanta","FULTON","[""Motor Vehicle in Motion"",""Motor Vehicle in Motion""]","Changed Lanes Improperly","Motor Vehicle in Motion"
0,0,"Atlanta Police Department","2022-06-25","Pegg Rd Sw and Metropolitan Pkwy Sw","(O) No Injury","Daylight","On Roadway - Driveway Intersection","Head On","Metropolitan Pkwy Sw","Dry","16:30:00","[""Lap and Shoulder Belt Used"",""Lap and Shoulder Belt Used"",""Lap and Shoulder Belt Used"",""Lap and Shoulder Belt Used"",""Lap and Shoulder Belt Used""]","Clear",0,33.688598,-84.408214,"Atlanta","FULTON","[""Motor Vehicle in Motion"",""Motor Vehicle in Motion""]","Failure to Yield","[""Motor Vehicle in Motion"",""Motor Vehicle in Motion""]"
1,0,"Atlanta Police Department","2022-06-25","I-20 and Exit 52A","(A) Suspected Serious Injury","Dark-Lighted","On Roadway - Non-Intersection","Sideswipe-Same Direction","I-20","Dry","03:30:00","[""Unknown"",""Lap and Shoulder Belt Used"",""Lap and Shoulder Belt Used"",""Lap and Shoulder Belt Used""]","Clear",0,33.757437,-84.46951,"Atlanta","FULTON","[""Motor Vehicle in Motion"",""Motor Vehicle in Motion"",""Motor Vehicle in Motion""]","Driver Condition","[""Motor Vehicle in Motion"",""Motor Vehicle in Motion"",""Motor Vehicle in Motion""]"
0,0,"Gsp Post 00","2022-06-25","I-285 and I-20 Eb","(O) No Injury","Daylight","On Roadway - Non-Intersection","Not a Collision with Motor Vehicle","I-20 Eb","Dry","14:00:00","[""Unknown"",""Lap and Shoulder Belt Used""]","Clear",0,33.759828,-84.483423,"Atlanta","FULTON","[""Cargo/Equipment Loss or Shift"",""Other Object (Not Fixed)""]",,"[""Cargo/Equipment Lost or Shift"",""Impact Attenuate""]"
0,0,"Atlanta Police Department","2022-06-25","None and I-20 Exit 57 Rp","(O) No Injury","Daylight","Entrance/Exit Ramp","Rear End","I-20 Exit 57 Rp","Dry","18:31:00","[""Lap and Shoulder Belt Used"",""Lap and Shoulder Belt Used""]","Clear",0,33.744721,-84.398985,"Atlanta","FULTON","[""Motor Vehicle in Motion"",""Motor Vehicle in Motion""]","Following Too Close","[""Motor Vehicle in Motion"",""Motor Vehicle in Motion""]"
0,0,"Atlanta Police Department","2022-06-25","None and I-75 Hov Lane","(O) No Injury","Daylight","Entrance/Exit Ramp","Sideswipe-Opposite Direction","I-75 Hov Lane","Dry","13:00:00","[""Unknown"",""Unknown""]","Clear",0,33.773258,-84.389997,"Atlanta","FULTON","[""Motor Vehicle in Motion"",""Motor Vehicle in Motion""]","Changed Lanes Improperly","[""Motor Vehicle in Motion"",""Motor Vehicle in Motion""]"
0,3,"Atlanta Police Department","2022-06-25","Lee St Sw and W Whitehall St Sw","(B) Suspected Minor/Visible Injury","Daylight","On Roadway - Roadway Intersection","Head On","Lee St Sw","Dry","20:00:00","[""Unknown"",""Lap and Shoulder Belt Used"",""Lap and Shoulder Belt Used""]","Clear",0,33.732129,-84.413728,"Atlanta","FULTON","[""Motor Vehicle in Motion"",""Motor Vehicle in Motion""]","Failure to Yield","[""Motor Vehicle in Motion"",""Motor Vehicle in Motion""]"
0,0,"Atlanta Police Department","2022-06-25","14Th St Nw and Interlock Ave Nw","(C) Possible Injury / Complaint","Dark-Lighted","On Roadway - Roadway Intersection","Rear End","Interlock Ave Nw","Dry","22:18:00","Unknown","Clear",0,33.785827,-84.410306,"Atlanta","FULTON","[""Motor Vehicle in Motion"",""Motor Vehicle in Motion""]","Following Too Close","[""Motor Vehicle in Motion"",""Motor Vehicle in Motion""]"
0,0,"Atlanta Police Department","2022-06-25","None and I-75","(C) Possible Injury / Complaint","Dark-Not Lighted","Median","Not a Collision with Motor Vehicle","I-75","Dry","22:36:00","Unknown","Clear",0,33.700299,-84.404641,"Atlanta","FULTON","Other - Fixed Object","Under the Influence (U.I.)","Other - Fixed Object"
0,0,"Atlanta Police Department","2022-06-25","Bellview Ave Nw and Donald Lee Hollowell Pkwy Nw","(C) Possible Injury / Complaint","Daylight","Off Roadway - Sidewalk","Not a Collision with Motor Vehicle","Donald Lee Hollowell Pkwy Nw","Dry","17:07:00","[""Lap and Shoulder Belt Used"",""Child Restraint System (Properly Used)""]","Clear",0,33.775537,-84.472119,"Atlanta","FULTON","Other Non-Collision","Driver Lost Control","Over Turn"
0,0,"Atlanta Police Department","2022-06-25","Spring St Nw and Peachtree Pl Nw","(O) No Injury","Daylight","On Roadway - Roadway Intersection","Head On","Peachtree Pl Nw","Dry","10:59:00","[""Unknown"",""Unknown""]","Clear",0,33.780552,-84.388998,"Atlanta","FULTON","[""Motor Vehicle in Motion"",""Motor Vehicle in Motion""]","Improper Turn","[""Motor Vehicle in Motion"",""Motor Vehicle in Motion""]"
0,0,"Atlanta Police Department","2022-06-25","Lenox Rd Ne and Piedmont Rd Ne","(O) No Injury","Dark-Lighted","On Roadway - Roadway Intersection","Rear End","Piedmont Rd Ne","Dry","21:55:00","[""Lap and Shoulder Belt Used"",""Lap and Shoulder Belt Used""]","Clear",0,33.848694,-84.374698,"Atlanta","FULTON","[""Motor Vehicle in Motion"",""Motor Vehicle in Motion""]",,"[""Motor Vehicle in Motion"",""Motor Vehicle in Motion""]"
0,0,"Atlanta Police Department","2022-06-25","I-75 and Martin Luther King Jr Dr Se","(O) No Injury","Daylight","On Roadway - Non-Intersection","Rear End","I-75","Dry","11:00:00","[""Lap and Shoulder Belt Used"",""Lap and Shoulder Belt Used""]","Clear",0,33.7483,-84.38474,"Atlanta","FULTON","[""Motor Vehicle in Motion"",""Motor Vehicle in Motion""]","[""Inattentive or Other Distraction (Distracted)"",""Following Too Close""]","[""Motor Vehicle in Motion"",""Motor Vehicle in Motion""]"
0,1,"Atlanta Police Department","2022-06-25","20 East and Boulevard Se","(B) Suspected Minor/Visible Injury","Daylight","Off Roadway","Not a Collision with Motor Vehicle","Boulevard Se","Dry","17:40:00","None Used","Clear",0,33.742541,-84.368125,"Atlanta","FULTON","Other Non-Collision","[""Reckless Driving"",""Disregard Police - Evasion"",""Changed Lanes Improperly"",""Exceeding Speed Limit""]","Tree"
0,0,"Atlanta Police Department","2022-06-25","None and I-85","(C) Possible Injury / Complaint","Daylight","On Roadway - Non-Intersection","Rear End","I-85","Dry","20:35:00","[""Unknown"",""Unknown"",""Unknown""]","Clear",0,33.791807,-84.392245,"Atlanta","FULTON","[""Motor Vehicle in Motion"",""Motor Vehicle in Motion""]",,"[""Motor Vehicle in Motion"",""Motor Vehicle in Motion""]"
0,0,"Atlanta Police Department","2022-06-25","Northside Dr Nw and Northside Cir Nw","(C) Possible Injury / Complaint","Daylight","On Roadway - Roadway Intersection","Angle Crash","Northside Cir Nw","Dry","11:17:00","[""Unknown"",""Unknown""]","Clear",0,33.797254,-84.407846,"Atlanta","FULTON","[""Motor Vehicle in Motion"",""Motor Vehicle in Motion""]","[""Misjudged Clearance"",""Failure to Yield""]","[""Motor Vehicle in Motion"",""Motor Vehicle in Motion""]"
0,0,"Atlanta Police Department","2022-06-25","I-75 S and I-75 Exit 251","(O) No Injury","Daylight","On Roadway - Non-Intersection","Sideswipe-Same Direction","I-75 Exit 251","Dry","13:53:00","[""Unknown"",""Unknown""]","Clear",0,33.797951,-84.39584,"Atlanta","FULTON","[""Motor Vehicle in Motion"",""Motor Vehicle in Motion""]","Improper Passing","[""Motor Vehicle in Motion"",""Motor Vehicle in Motion""]"
0,0,"Atlanta Police Department","2022-06-25","Clinton Pl Sw and Deckner Ave Sw","(O) No Injury","Dark-Lighted","On Roadway - Non-Intersection","Rear End","Clinton Pl Sw","Dry","22:00:00","Unknown","Clear",0,33.714744,-84.402625,"Atlanta","FULTON","[""Motor Vehicle in Motion"",""Parked Motor Vehicle""]","Improper Backing","[""Motor Vehicle in Motion"",""Parked Motor Vehicle""]"
0,2,"Atlanta Police Department","2022-06-25","Jett St Nw and Sunset Ave Nw","(B) Suspected Minor/Visible Injury","Daylight","On Roadway - Roadway Intersection","Not a Collision with Motor Vehicle","Jett St Nw","Dry","11:30:00","[""Lap and Shoulder Belt Used"",""None Used"",""None Used""]","Clear",0,33.7673,-84.409876,"Atlanta","FULTON","[""Pedestrian"",""Motor Vehicle in Motion"",""Motor Vehicle in Motion""]","Disregard Stop Sign/Signal","Pedestrian"
0,0,"Gsp Post 00","2022-06-25","Collier Rd Nw and Walthall Dr Nw","(C) Possible Injury / Complaint","Dark-Lighted","On Roadway - Roadway Intersection","Angle Crash","Collier Rd Nw","Dry","01:31:00","[""Lap and Shoulder Belt Used"",""None Used"",""Lap and Shoulder Belt Used""]","Clear",0,33.811045,-84.403948,"Atlanta","FULTON","[""Motor Vehicle in Motion"",""Motor Vehicle in Motion""]","Under the Influence (U.I.)","[""Motor Vehicle in Motion"",""Motor Vehicle in Motion""]"
0,0,"Atlanta Police Department","2022-06-25","Cleveland Ave Sw and Metropolitan Pkwy Sw","(O) No Injury","Daylight","On Roadway - Roadway Intersection","Angle Crash","Cleveland Ave Sw","Dry","19:05:00","[""Lap and Shoulder Belt Used"",""Lap and Shoulder Belt Used"",""Lap and Shoulder Belt Used""]","Clear",0,33.681295,-84.408332,"Atlanta","FULTON","[""Motor Vehicle in Motion"",""Motor Vehicle in Motion""]","[""Misjudged Clearance"",""Changed Lanes Improperly"",""Failure to Yield""]","[""Motor Vehicle in Motion"",""Motor Vehicle in Motion""]"
0,1,"Atlanta Police Department","2022-06-25","Exit 55A and Park St Sw","(B) Suspected Minor/Visible Injury","Daylight","On Roadway - Non-Intersection","Angle Crash","Park St Sw","Dry","14:00:00","[""Unknown"",""Unknown""]","Clear",0,33.741904,-84.417216,"Atlanta","FULTON","[""Motor Vehicle in Motion"",""Motor Vehicle in Motion""]","Changed Lanes Improperly","[""Motor Vehicle in Motion"",""Motor Vehicle in Motion""]"
0,0,"Atlanta Police Department","2022-06-25","None and I-20","(O) No Injury","Daylight","On Roadway - Non-Intersection","Rear End","I-20","Dry","16:00:00","[""Unknown"",""Unknown"",""Unknown"",""Unknown"",""Unknown"",""Unknown"",""Unknown"",""Unknown"",""Unknown"",""Unknown""]","Clear",0,33.743493,-84.378477,"Atlanta","FULTON","[""Motor Vehicle in Motion"",""Motor Vehicle in Motion""]","Following Too Close","[""Motor Vehicle in Motion"",""Motor Vehicle in Motion""]"
0,1,"Atlanta Police Department","2022-06-25","Monroe Dr Ne and Ponce De Leon Ave Ne","(B) Suspected Minor/Visible Injury","Daylight","On Roadway - Roadway Intersection","Angle Crash","Ponce De Leon Ave Ne","Dry","16:35:00","[""Lap and Shoulder Belt Used"",""Lap and Shoulder Belt Used""]","Clear",0,33.7737,-84.370793,"Atlanta","FULTON","[""Motor Vehicle in Motion"",""Motor Vehicle in Motion""]","Improper Turn","[""Motor Vehicle in Motion"",""Motor Vehicle in Motion""]"
0,0,"Atlanta Police Department","2022-06-25","Bolling Way Ne and Peachtree Rd Ne","(O) No Injury","Daylight","On Roadway - Roadway Intersection","Sideswipe-Same Direction","Peachtree Rd Ne","Dry","18:30:00","[""Lap and Shoulder Belt Used"",""Lap and Shoulder Belt Used""]","Clear",0,33.840249,-84.378509,"Atlanta","FULTON","[""Motor Vehicle in Motion"",""Motor Vehicle in Motion""]","Failure to Yield","[""Motor Vehicle in Motion"",""Motor Vehicle in Motion""]"
0,0,"Atlanta Police Department","2022-06-25","Boulevard Se and Memorial Dr Se","(O) No Injury","Daylight","On Roadway - Roadway Intersection","Sideswipe-Same Direction","Memorial Dr Se","Dry","19:00:00","[""Unknown"",""Unknown""]","Clear",0,33.746695,-84.368096,"Atlanta","FULTON","[""Motor Vehicle in Motion"",""Motor Vehicle in Motion""]","[""Misjudged Clearance"",""Misjudged Clearance""]","[""Motor Vehicle in Motion"",""Motor Vehicle in Motion""]"
0,0,"Atlanta Police Department","2022-06-25","I-75 and 10Th St Nw","(O) No Injury","Daylight","On Roadway - Non-Intersection","Angle Crash","I-75","Dry","11:45:00","[""Lap and Shoulder Belt Used"",""Lap and Shoulder Belt Used""]","Clear",0,33.781524,-84.391215,"Atlanta","FULTON","[""Motor Vehicle in Motion"",""Motor Vehicle in Motion""]","Changed Lanes Improperly","[""Motor Vehicle in Motion"",""Motor Vehicle in Motion""]"
0,0,"Atlanta Police Department","2022-06-26","Grandview Ave Ne and E Paces Ferry Rd Ne","(C) Possible Injury / Complaint","Dark-Lighted","On Roadway - Roadway Intersection","Sideswipe-Same Direction","E Paces Ferry Rd Ne","Dry","02:30:00","[""Lap and Shoulder Belt Used"",""Lap and Shoulder Belt Used"",""Lap and Shoulder Belt Used""]","Clear",0,33.839094,-84.37644,"Atlanta","FULTON","[""Motor Vehicle in Motion"",""Motor Vehicle in Motion""]","Occupant Distraction (Distracted)","[""Motor Vehicle in Motion"",""Motor Vehicle in Motion""]"
0,0,"Atlanta Police Department","2022-06-26","North Ave Nw and Williams St Nw","(O) No Injury","Dark-Lighted","On Roadway - Roadway Intersection","Rear End","Williams St Nw","Dry","23:00:00","[""Unknown"",""Unknown"",""Unknown""]","Clear",0,33.77129,-84.390687,"Atlanta","FULTON","[""Motor Vehicle in Motion"",""Motor Vehicle in Motion""]",,"[""Motor Vehicle in Motion"",""Motor Vehicle in Motion""]"
0,0,"Atlanta Police Department","2022-06-26","Vickers St Se and Moreland Ave Se","(O) No Injury","Daylight","On Roadway - Roadway Intersection","Angle Crash","Vickers St Se","Dry","11:30:00","[""Unknown"",""Unknown""]","Clear",0,33.721804,-84.349479,"Atlanta","FULTON","[""Motor Vehicle in Motion"",""Motor Vehicle in Motion""]",,"[""Motor Vehicle in Motion"",""Motor Vehicle in Motion""]"