"# Serious Injuries","# Visible Injuries","Agency Name (Crash Level) ","Date","Intersection Name (from Crash Report)","KABCO Severity","Light Conditions (Crash Level)","Location at Impact (Crash Level) ","Manner of Collision (Crash Level) ","Roadway (From Crash Report)","Surface Condition (Crash Level) ","Time","Safety Equipment (Crash Level) ","Weather Conditions (Crash Level)","# of Fatalities per Crash","Latitude","Longitude","Geolocated City","Geolocated County","First Harmful Event (Unit Order)","Operator/Pedestrian Contrib Factor (excl None, Other, No Contrib Factors)","Most Harmful Event (Crash Level)"
0,0,"Atlanta Police Department","2022-06-26","Walnut St Sw and Parsons St Sw","(O) No Injury","Dark-Lighted","On Roadway - Non-Intersection","Sideswipe-Same Direction","Walnut St Sw","Dry","23:00:00","Unknown","Clear",0,33.750581,-84.406577,"Atlanta","FULTON","[""Motor Vehicle in Motion"",""Parked Motor Vehicle""]","[""Misjudged Clearance"",""Driver Lost Control"",""Driver Condition"",""Changed Lanes Improperly""]","[""Motor Vehicle in Motion"",""Motor Vehicle in Motion""]"
0,0,"Atlanta Police Department","2022-06-26","None and I-75","(C) Possible Injury / Complaint","Daylight","On Roadway - Non-Intersection","Rear End","I-75","Dry","14:51:00","[""Lap and Shoulder Belt Used"",""Lap and Shoulder Belt Used"",""Lap and Shoulder Belt Used""]","Clear",0,33.751451,-84.380087,"Atlanta","FULTON","[""Motor Vehicle in Motion"",""Motor Vehicle in Motion""]","Following Too Close","[""Motor Vehicle in Motion"",""Motor Vehicle in Motion""]"
0,0,"Atlanta Police Department","2022-06-26","None and Exit 51A Rp","(O) No Injury","Daylight","Entrance/Exit Ramp","Sideswipe-Same Direction","Exit 51A Rp","Dry","09:50:00","[""Unknown"",""Unknown""]","Cloudy",0,33.764687,-84.494357,"Atlanta","FULTON","[""Motor Vehicle in Motion"",""Motor Vehicle in Motion""]","Aggressive Driving","[""Motor Vehicle in Motion"",""Motor Vehicle in Motion""]"
0,0,"Atlanta Police Department","2022-06-26","Courtland St Ne and Andrew Young International Blvd Ne","(O) No Injury","Daylight","On Roadway - Roadway Intersection","Sideswipe-Opposite Direction","Andrew Young International Blvd Ne","Dry","11:20:00","[""Unknown"",""Unknown""]","Clear",0,33.759665,-84.384199,"Atlanta","FULTON","[""Motor Vehicle in Motion"",""Motor Vehicle in Motion""]","Changed Lanes Improperly","[""Motor Vehicle in Motion"",""Motor Vehicle in Motion""]"
0,0,"Atlanta Police Department","2022-06-26","Ellis St Ne and Courtland St Ne","(O) No Injury","Daylight","On Roadway - Roadway Intersection","Angle Crash","Courtland St Ne","Dry","15:06:00","[""Lap and Shoulder Belt Used"",""Lap and Shoulder Belt Used""]","Clear",0,33.758392,-84.38422,"Atlanta","FULTON","[""Motor Vehicle in Motion"",""Motor Vehicle in Motion""]","Disregard Other Traffic Control","[""Motor Vehicle in Motion"",""Motor Vehicle in Motion""]"
0,0,"Atlanta Police Department","2022-06-27","Tacoma Dr Nw and Marietta Blvd Nw","(C) Possible Injury / Complaint","Daylight","On Roadway - Non-Intersection","Sideswipe-Same Direction","Marietta Blvd Nw","Dry","17:00:00","[""Lap and Shoulder Belt Used"",""Lap and Shoulder Belt Used"",""Lap and Shoulder Belt Used""]","Cloudy",0,33.794734,-84.431901,"Atlanta","FULTON","[""Motor Vehicle in Motion"",""Motor Vehicle in Motion""]","Changed Lanes Improperly","[""Motor Vehicle in Motion"",""Motor Vehicle in Motion""]"
0,0,"Atlanta Police Department","2022-06-27","Center Hill Ave Nw and Donald Lee Hollowell Pkwy Nw","(O) No Injury","Daylight","On Roadway - Non-Intersection","Sideswipe-Same Direction","Donald Lee Hollowell Pkwy Nw","Dry","20:00:00","[""Unknown"",""Unknown""]","Clear",0,33.777042,-84.463805,"Atlanta","FULTON","[""Motor Vehicle in Motion"",""Motor Vehicle in Motion""]","[""Changed Lanes Improperly"",""Changed Lanes Improperly""]","[""Motor Vehicle in Motion"",""Motor Vehicle in Motion""]"
0,0,"Gsp Post 00","2022-06-27","I-75 and I-85 N On Ramp","(O) No Injury","Daylight","Entrance/Exit Ramp","Rear End","I-85 N On Ramp","Dry","19:30:00","[""Lap and Shoulder Belt Used"",""Lap and Shoulder Belt Used""]","Clear",0,33.79449,-84.392938,"Atlanta","FULTON","[""Motor Vehicle in Motion"",""Motor Vehicle in Motion""]","Following Too Close","[""Motor Vehicle in Motion"",""Motor Vehicle in Motion""]"
0,0,"Atlanta Police Department","2022-06-27","Glenn St Sw and Central Ave Sw","(O) No Injury","Daylight","On Roadway - Roadway Intersection","Sideswipe-Same Direction","Glenn St Sw","Wet","17:00:00","[""Unknown"",""Unknown"",""Unknown""]","Rain",0,33.738042,-84.393448,"Atlanta","FULTON","[""Motor Vehicle in Motion"",""Motor Vehicle in Motion""]",,"[""Motor Vehicle in Motion"",""Motor Vehicle in Motion""]"
0,0,"Atlanta Police Department","2022-06-27","Baker St Ne and Peachtree St Ne","(C) Possible Injury / Complaint","Daylight","On Roadway - Non-Intersection","Not a Collision with Motor Vehicle","Peachtree St Ne","Dry","11:00:00",,"Clear",0,33.762233,-84.387546,"Atlanta","FULTON","[""Motor Vehicle in Motion"",""Pedestrian""]","Improper Turn",
0,0,"Atlanta Police Department","2022-06-27","Monroe Dr Ne and Ponce De Leon Ave Ne","(O) No Injury","Daylight","On Roadway - Roadway Intersection","Sideswipe-Same Direction","Ponce De Leon Ave Ne","Dry","11:50:00","[""Lap and Shoulder Belt Used"",""Lap and Shoulder Belt Used""]","Clear",0,33.773663,-84.370914,"Atlanta","FULTON","[""Motor Vehicle in Motion"",""Motor Vehicle in Motion""]","[""Failure to Yield"",""Inattentive or Other Distraction (Distracted)""]","[""Motor Vehicle in Motion"",""Motor Vehicle in Motion""]"
0,0,"Atlanta Police Department","2022-06-27","I-75 and Exit 244","(O) No Injury","Daylight","On Shoulder","Sideswipe-Same Direction","I-75","Dry","19:00:00","[""None Used"",""Lap and Shoulder Belt Used""]","Clear",0,33.724163,-84.393706,"Atlanta","FULTON","[""Motor Vehicle in Motion"",""Motor Vehicle in Motion""]",,"[""Motor Vehicle in Motion"",""Motor Vehicle in Motion""]"
0,0,"Gsp Post 00","2022-06-27","I-75 S and Langford Pkwy","(O) No Injury","Daylight","On Roadway - Non-Intersection","Rear End","I-75 S","Wet","18:33:00","[""Lap and Shoulder Belt Used"",""Lap and Shoulder Belt Used"",""Lap and Shoulder Belt Used""]","Cloudy",0,33.702195,-84.40445,"Atlanta","FULTON","[""Motor Vehicle in Motion"",""Motor Vehicle in Motion""]","[""Too Fast for Conditions"",""Following Too Close""]","[""Motor Vehicle in Motion"",""Motor Vehicle in Motion""]"
0,0,"Atlanta Police Department","2022-06-27","Courtland St Ne and Edgewood Ave Se","(O) No Injury","Daylight","On Roadway - Roadway Intersection","Not a Collision with Motor Vehicle","Edgewood Ave Se","Dry","09:00:00","Unknown","Clear",0,33.754466,-84.384266,"Atlanta","FULTON","Other Non-Collision","Improper Turn","Tree"
0,0,"Atlanta Police Department","2022-06-27","Peachtree St Ne and W Peachtree St Nw","(O) No Injury","Daylight","On Roadway - Driveway Intersection","Not a Collision with Motor Vehicle","Peachtree St Ne","Wet","18:10:00","Lap and Shoulder Belt Used","Rain",0,33.794137,-84.387414,"Atlanta","FULTON","Other Non-Collision","Driver Lost Control","Tree"
0,0,"Atlanta Police Department","2022-06-27","I-285 and Jonesboro Rd Se","(O) No Injury","Daylight","On Roadway - Roadway Intersection","Angle Crash","I-285","Dry","13:00:00","[""Lap and Shoulder Belt Used"",""Lap and Shoulder Belt Used""]","Clear",0,33.652186,-84.367169,"Atlanta","FULTON","[""Motor Vehicle in Motion"",""Motor Vehicle in Motion""]","Failure to Yield","[""Motor Vehicle in Motion"",""Motor Vehicle in Motion""]"
0,0,"Gsp Post 00","2022-06-27","I-85 N and 17Th St","(O) No Injury","Daylight","On Roadway - Non-Intersection","Sideswipe-Same Direction","I-85 N","Dry","07:40:00","[""Unknown"",""Lap and Shoulder Belt Used""]","Clear",0,33.797535,-84.393154,"Atlanta","FULTON","[""Motor Vehicle in Motion"",""Motor Vehicle in Motion""]",,"[""Motor Vehicle in Motion"",""Motor Vehicle in Motion""]"
0,0,"Atlanta Police Department","2022-06-27","Fulton St Sw and Central Ave Sw","(C) Possible Injury / Complaint","Daylight","On Roadway - Managed Lane (HOV, HOT, Reversible)","Sideswipe-Same Direction","Fulton St Sw","Dry","09:38:00","[""Unknown"",""Unknown"",""Unknown""]","Clear",0,33.741924,-84.393407,"Atlanta","FULTON","[""Motor Vehicle in Motion"",""Motor Vehicle in Motion""]","Improper Turn","[""Motor Vehicle in Motion"",""Motor Vehicle in Motion""]"
0,0,"Atlanta Police Department","2022-06-27","Pine St Ne and Peachtree St Ne","(O) No Injury","Daylight","On Roadway - Roadway Intersection","Sideswipe-Opposite Direction","Peachtree St Ne","Dry","13:50:00","[""Unknown"",""Unknown""]","Clear",0,33.76735,-84.385392,"Atlanta","FULTON","[""Motor Vehicle in Motion"",""Motor Vehicle in Motion""]","Improper Turn","[""Motor Vehicle in Motion"",""Motor Vehicle in Motion""]"
0,0,"Atlanta Police Department","2022-06-27","None and I-75","(C) Possible Injury / Complaint","Dark-Lighted","On Roadway - Non-Intersection","Sideswipe-Same Direction","I-75","Dry","22:30:00","[""Unknown"",""Lap and Shoulder Belt Used"",""Lap and Shoulder Belt Used""]","Clear",0,33.685852,-84.398943,"Atlanta","FULTON","[""Motor Vehicle in Motion"",""Motor Vehicle in Motion""]","Aggressive Driving","[""Motor Vehicle in Motion"",""Motor Vehicle in Motion""]"
0,0,"Gsp Post 00","2022-06-27","Ga 400 and I-85 N","(O) No Injury","Daylight","On Roadway - Non-Intersection","Sideswipe-Same Direction","I-85 N","Dry","07:42:00","[""Unknown"",""Lap and Shoulder Belt Used""]","Clear",0,33.817939,-84.361911,"Atlanta","FULTON","[""Motor Vehicle in Motion"",""Motor Vehicle in Motion""]","Changed Lanes Improperly","[""Motor Vehicle in Motion"",""Motor Vehicle in Motion""]"
0,0,"Atlanta Police Department","2022-06-27","None and I-75","(C) Possible Injury / Complaint","Dark-Lighted","On Roadway - Non-Intersection","Angle Crash","I-75","Dry","22:30:00","[""Lap and Shoulder Belt Used"",""Lap and Shoulder Belt Used"",""Lap and Shoulder Belt Used"",""Lap and Shoulder Belt Used""]","Clear",0,33.689308,-84.400667,"Atlanta","FULTON","[""Other Object (Not Fixed)"",""Motor Vehicle in Motion""]",,"[""Motor Vehicle in Motion"",""Motor Vehicle in Motion""]"
0,0,"Gsp Post 00","2022-06-27","Hollowell Pkwy and I-285 Southbound","(C) Possible Injury / Complaint","Daylight","On Roadway - Non-Intersection","Rear End","I-285 Southbound","Dry","16:05:00","[""Lap and Shoulder Belt Used"",""Lap and Shoulder Belt Used""]","Cloudy",0,33.791679,-84.489225,"Atlanta","FULTON","[""Motor Vehicle in Motion"",""Motor Vehicle in Motion""]","[""Other Activity - Mobile Device (Distracted)"",""Following Too Close""]","[""Motor Vehicle in Motion"",""Motor Vehicle in Motion""]"
0,0,"Gsp Post 00","2022-06-27","Ga 166 and I 75/85","(O) No Injury","Daylight","On Roadway - Non-Intersection","Rear End","Ga 166","Wet","17:02:00","[""Lap and Shoulder Belt Used"",""Lap and Shoulder Belt Used"",""Lap and Shoulder Belt Used""]","Rain",0,33.696491,-84.409737,"Atlanta","FULTON","[""Motor Vehicle in Motion"",""Motor Vehicle in Motion""]","Following Too Close","[""Motor Vehicle in Motion"",""Motor Vehicle in Motion""]"
0,0,"Gsp Post 00","2022-06-27","I-85 S and Peachtree Road","(C) Possible Injury / Complaint","Daylight","On Roadway - Non-Intersection","Rear End","I-85 S","Dry","14:32:00","[""Unknown"",""Lap and Shoulder Belt Used"",""Lap and Shoulder Belt Used""]","Cloudy",0,33.799986,-84.391101,"Atlanta","FULTON","[""Motor Vehicle in Motion"",""Motor Vehicle in Motion""]","Following Too Close","[""Motor Vehicle in Motion"",""Motor Vehicle in Motion""]"
0,0,"Atlanta Police Department","2022-06-27","Oak St Sw and Lee St Sw","(O) No Injury","Daylight","On Roadway - Driveway Intersection","Angle Crash","Lee St Sw","Dry","14:40:00","[""Unknown"",""Unknown""]","Cloudy",0,33.740976,-84.413999,"Atlanta","FULTON","[""Motor Vehicle in Motion"",""Motor Vehicle in Motion""]","Failure to Yield","[""Motor Vehicle in Motion"",""Motor Vehicle in Motion""]"
0,0,"Atlanta Police Department","2022-06-27","None and I-20","(O) No Injury","Dark-Lighted","On Roadway - Non-Intersection","Sideswipe-Same Direction","I-20","Dry","22:45:00","[""Unknown"",""Unknown"",""Unknown"",""Unknown""]","Clear",0,33.755397,-84.466701,"Atlanta","FULTON","[""Motor Vehicle in Motion"",""Motor Vehicle in Motion""]","Changed Lanes Improperly","[""Motor Vehicle in Motion"",""Motor Vehicle in Motion""]"
0,0,"Atlanta Police Department","2022-06-27","Bakers Ferry Rd Sw and Martin Luther King Jr Dr Sw","(O) No Injury","Daylight","On Roadway - Non-Intersection","Angle Crash","Martin Luther King Jr Dr Sw","Dry","20:14:00","[""Lap and Shoulder Belt Used"",""Lap and Shoulder Belt Used"",""Lap and Shoulder Belt Used""]","Clear",0,33.761052,-84.507073,"Atlanta","FULTON","[""Motor Vehicle in Motion"",""Motor Vehicle in Motion""]","[""Failure to Yield"",""Improper Turn""]","[""Motor Vehicle in Motion"",""Motor Vehicle in Motion""]"
0,0,"Atlanta Police Department","2022-06-27","None and Donald Lee Hollowell Pkwy Nw","(O) No Injury","Daylight","On Roadway - Driveway Intersection","Angle Crash","Donald Lee Hollowell Pkwy Nw","Dry","12:45:00","[""Lap and Shoulder Belt Used"",""Lap and Shoulder Belt Used""]","Clear",0,33.785657,-84.490042,"Atlanta","FULTON","[""Motor Vehicle in Motion"",""Motor Vehicle in Motion""]","Misjudged Clearance","[""Motor Vehicle in Motion"",""Motor Vehicle in Motion""]"
0,0,"Atlanta Police Department","2022-06-27","14Th St Nw and Spring St Nw","(O) No Injury","Daylight","On Roadway - Non-Intersection","Sideswipe-Same Direction","Spring St Nw","Dry","13:40:00","[""Unknown"",""Unknown""]","Clear",0,33.786958,-84.389253,"Atlanta","FULTON","[""Motor Vehicle in Motion"",""Motor Vehicle in Motion""]","No Signal/Improper Signal","[""Motor Vehicle in Motion"",""Motor Vehicle in Motion""]"
0,0,"Atlanta Police Department","2022-06-27","None and I-75","(O) No Injury","Daylight","Entrance/Exit Ramp","Not a Collision with Motor Vehicle","I-75","Wet","18:40:00","Unknown","Cloudy",0,33.743597,-84.390266,"Atlanta","FULTON","Motor Vehicle in Motion","Driver Lost Control","Motor Vehicle in Motion"
0,0,"Atlanta Police Department","2022-06-27","Washington Pl Sw and Joseph E Lowery Blvd Sw","(C) Possible Injury / Complaint","Dawn","On Roadway - Non-Intersection","Rear End","Joseph E Lowery Blvd Sw","Other","06:42:00","[""Unknown"",""Unknown""]","Other",0,33.753561,-84.417564,"Atlanta","FULTON","[""Motor Vehicle in Motion"",""Motor Vehicle in Motion""]","Following Too Close","[""Motor Vehicle in Motion"",""Motor Vehicle in Motion""]"
0,0,"Atlanta Police Department","2022-06-27","Peachtree St Ne and Andrew Young International Blvd Ne","(O) No Injury","Daylight","On Roadway - Roadway Intersection","Rear End","Peachtree St Ne","Water (standing or moving)","16:55:00","[""Unknown"",""Unknown""]","Rain",0,33.759904,-84.38758,"Atlanta","FULTON","[""Motor Vehicle in Motion"",""Motor Vehicle in Motion""]",,"[""Motor Vehicle in Motion"",""Motor Vehicle in Motion""]"
0,0,"Atlanta Police Department","2022-06-27","Chapel St Sw and Northside Dr Sw","(O) No Injury","Daylight","On Roadway - Non-Intersection","Rear End","Northside Dr Sw","Water (standing or moving)","18:30:00","[""Unknown"",""Unknown""]","Cloudy",0,33.750619,-84.403361,"Atlanta","FULTON","[""Motor Vehicle in Motion"",""Parked Motor Vehicle""]","Driver Lost Control","[""Motor Vehicle in Motion"",""Parked Motor Vehicle""]"
0,1,"Atlanta Police Department","2022-06-27","Moreland Ave Ne and Mansfield Ave Ne","(B) Suspected Minor/Visible Injury","Daylight","On Roadway - Non-Intersection","Angle Crash","Moreland Ave Ne","Dry","14:28:00","[""Lap and Shoulder Belt Used"",""Shoulder Belt Only Used"",""Lap and Shoulder Belt Used""]","Clear",0,33.767104,-84.349046,"Atlanta","FULTON","[""Motor Vehicle in Motion"",""Motor Vehicle in Motion""]","Failure to Yield","[""Motor Vehicle in Motion"",""Motor Vehicle in Motion""]"
0,0,"Atlanta Police Department","2022-06-27","I-75 and Exit 247","(O) No Injury","Dark-Not Lighted","On Roadway - Collector Distributor (CD)","Rear End","I-75","Dry","00:00:00","[""Unknown"",""Unknown""]","Clear",0,33.748362,-84.38458,"Atlanta","FULTON","[""Motor Vehicle in Motion"",""Motor Vehicle in Motion""]","Following Too Close","Motor Vehicle in Motion"
0,0,"Atlanta Police Department","2022-06-27","None and I-75","(C) Possible Injury / Complaint","Dark-Lighted","On Roadway - Non-Intersection","Rear End","I-75","Dry","22:30:00","[""Lap and Shoulder Belt Used"",""Lap and Shoulder Belt Used"",""Lap and Shoulder Belt Used""]","Clear",0,33.68493,-84.398888,"Atlanta","FULTON","[""Motor Vehicle in Motion"",""Motor Vehicle in Motion"",""Motor Vehicle in Motion""]","Following Too Close","[""Motor Vehicle in Motion"",""Motor Vehicle in Motion"",""Motor Vehicle in Motion""]"
0,0,"Atlanta Police Department","2022-06-27","St Johns Ave Sw and Metropolitan Pkwy Sw","(C) Possible Injury / Complaint","Daylight","On Roadway - Roadway Intersection","Angle Crash","St Johns Ave Sw","Dry","15:00:00","[""Unknown"",""Unknown"",""Unknown""]","Clear",0,33.699204,-84.408095,"Atlanta","FULTON","[""Motor Vehicle in Motion"",""Motor Vehicle in Motion""]","Failure to Yield","[""Motor Vehicle in Motion"",""Motor Vehicle in Motion""]"
0,0,"Atlanta Police Department","2022-06-27","I-75 and Martin Luther King Jr Dr Se","(O) No Injury","Dark-Not Lighted","On Roadway - Collector Distributor (CD)","Rear End","I-75","Dry","03:00:00","[""Unknown"",""Unknown""]","Clear",0,33.748481,-84.384976,"Atlanta","FULTON","[""Motor Vehicle in Motion"",""Motor Vehicle in Motion""]","Following Too Close","[""Motor Vehicle in Motion"",""Motor Vehicle in Motion""]"
0,0,"Atlanta Police Department","2022-06-27","Ellis St Ne and Courtland St Ne","(O) No Injury","Daylight","On Roadway - Roadway Intersection","Rear End","Courtland St Ne","Wet","15:38:00","[""Lap and Shoulder Belt Used"",""Lap and Shoulder Belt Used""]","Rain",0,33.758392,-84.38422,"Atlanta","FULTON","[""Motor Vehicle in Motion"",""Motor Vehicle in Motion""]","Misjudged Clearance","[""Motor Vehicle in Motion"",""Motor Vehicle in Motion""]"
0,0,"Atlanta Police Department","2022-06-27","Alpine Rd Ne and Piedmont Rd Ne","(O) No Injury","Daylight","Off Roadway","Not a Collision with Motor Vehicle","Piedmont Rd Ne","Dry","09:30:00","Lap and Shoulder Belt Used","Clear",0,33.830631,-84.367964,"Atlanta","FULTON","Tree",,"Tree"
0,0,"Atlanta Police Department","2022-06-27","Oak Dr Se and Renault Rd Se","(O) No Injury","Daylight","On Roadway - Non-Intersection","Angle Crash","Oak Dr Se","Dry","13:10:00","[""Unknown"",""Unknown"",""Unknown""]","Clear",0,33.667275,-84.378132,"Atlanta","FULTON","[""Motor Vehicle in Motion"",""Motor Vehicle in Motion""]",,"[""Motor Vehicle in Motion"",""Motor Vehicle in Motion""]"
0,0,"Gsp Post 00","2022-06-27","Georgia 400 and Interstate 85 South","(O) No Injury","Daylight","On Roadway - Non-Intersection","Rear End","Interstate 85 South","Wet","18:28:00","[""Lap and Shoulder Belt Used"",""Lap and Shoulder Belt Used""]","Clear",0,33.807969,-84.379231,"Atlanta","FULTON","[""Motor Vehicle in Motion"",""Motor Vehicle in Motion""]","Following Too Close","[""Motor Vehicle in Motion"",""Motor Vehicle in Motion""]"
0,0,"Atlanta Police Department","2022-06-27","Cascade Ave Sw and Westwood Ave Sw","(C) Possible Injury / Complaint","Dark-Lighted","On Roadway - Roadway Intersection","Head On","Cascade Ave Sw","Dry","21:00:00","[""Unknown"",""Unknown"",""Unknown""]","Clear",0,33.738035,-84.435335,"Atlanta","FULTON","[""Motor Vehicle in Motion"",""Motor Vehicle in Motion""]","Misjudged Clearance","[""Motor Vehicle in Motion"",""Motor Vehicle in Motion""]"
0,0,"Gsp Post 00","2022-06-27","I-285 and I-20 Eb","(O) No Injury","Daylight","On Roadway - Non-Intersection","Sideswipe-Same Direction","I-20 Eb","Dry","14:46:00","[""Lap and Shoulder Belt Used"",""Lap and Shoulder Belt Used"",""Lap and Shoulder Belt Used""]","Cloudy",0,33.766127,-84.499547,"Atlanta","FULTON","[""Motor Vehicle in Motion"",""Motor Vehicle in Motion""]","Inattentive or Other Distraction (Distracted)","[""Motor Vehicle in Motion"",""Motor Vehicle in Motion""]"
0,0,"Atlanta Police Department","2022-06-27","14Th St Nw and Howell Mill Rd Nw","(O) No Injury","Daylight","On Roadway - Roadway Intersection","Sideswipe-Same Direction","Howell Mill Rd Nw","Wet","16:40:00","[""Unknown"",""Unknown"",""Unknown""]","Cloudy",0,33.785701,-84.411654,"Atlanta","FULTON","[""Motor Vehicle in Motion"",""Motor Vehicle in Motion""]","Changed Lanes Improperly","[""Motor Vehicle in Motion"",""Motor Vehicle in Motion""]"
0,0,"Atlanta Police Department","2022-06-27","None and I-75","(O) No Injury","Dark-Lighted","On Roadway - Managed Lane (HOV, HOT, Reversible)","Sideswipe-Same Direction","I-75","Dry","23:32:00","[""Unknown"",""Unknown""]","Clear",0,33.712445,-84.40111,"Atlanta","FULTON","[""Motor Vehicle in Motion"",""Motor Vehicle in Motion""]","Changed Lanes Improperly","[""Motor Vehicle in Motion"",""Motor Vehicle in Motion""]"
0,0,"Atlanta Police Department","2022-06-27","Brookwood Dr Ne and Lindbergh Dr Ne","(O) No Injury","Daylight","On Roadway - Non-Intersection","Rear End","Lindbergh Dr Ne","Dry","15:00:00","Unknown","Cloudy",0,33.82281,-84.380934,"Atlanta","FULTON","[""Motor Vehicle in Motion"",""Parked Motor Vehicle""]","Changed Lanes Improperly","[""Motor Vehicle in Motion"",""Parked Motor Vehicle""]"
0,0,"Atlanta Police Department","2022-06-27","Collier Rd Nw and Northside Dr Nw","(O) No Injury","Daylight","On Roadway - Roadway Intersection","Rear End","Collier Rd Nw","Dry","11:15:00","[""Lap and Shoulder Belt Used"",""Lap and Shoulder Belt Used""]","Cloudy",0,33.810183,-84.407782,"Atlanta","FULTON","[""Motor Vehicle in Motion"",""Motor Vehicle in Motion""]","Following Too Close","[""Motor Vehicle in Motion"",""Motor Vehicle in Motion""]"
0,0,"Atlanta Police Department","2022-06-27","Mclendon Ave Ne and Candler Park Dr Ne","(O) No Injury","Dark-Lighted","On Roadway - Roadway Intersection","Head On","Candler Park Dr Ne","Dry","21:30:00","Unknown","Clear",0,33.764856,-84.339417,"Atlanta","DEKALB","[""Motor Vehicle in Motion"",""Motor Vehicle in Motion"",""Motor Vehicle in Motion""]","Driver Lost Control","[""Motor Vehicle in Motion"",""Motor Vehicle in Motion"",""Motor Vehicle in Motion""]"
0,0,"Atlanta Police Department","2022-06-27","Sawtell Ave Se and Mcdonough Blvd Se","(O) No Injury","Daylight","On Roadway - Non-Intersection","Angle Crash","Mcdonough Blvd Se","Dry","17:22:00","[""None Used"",""None Used""]","Clear",0,33.713998,-84.373683,"Atlanta","FULTON","[""Motor Vehicle in Motion"",""Motor Vehicle in Motion""]",,"[""Motor Vehicle in Motion"",""Motor Vehicle in Motion""]"
0,1,"Atlanta Police Department","2022-06-27","Barge Rd Sw and Pacific Dr Sw","(B) Suspected Minor/Visible Injury","Daylight","Off Roadway","Not a Collision with Motor Vehicle","Barge Rd Sw","Wet","19:17:00","Lap and Shoulder Belt Used","Cloudy",0,33.693514,-84.50622,"Atlanta","FULTON","Other Non-Collision","Occupant Distraction (Distracted)","Utility Pole"
0,0,"Atlanta Police Department","2022-06-27","14Th St Nw and Northside Dr Nw","(C) Possible Injury / Complaint","Daylight","On Roadway - Non-Intersection","Sideswipe-Same Direction","Northside Dr Nw","Dry","16:30:00","[""Unknown"",""Unknown"",""Unknown"",""Unknown""]","Clear",0,33.785932,-84.407447,"Atlanta","FULTON","[""Motor Vehicle in Motion"",""Motor Vehicle in Motion""]",,"[""Motor Vehicle in Motion"",""Motor Vehicle in Motion""]"
0,0,"Gsp Post 00","2022-06-27","Mt. Paran Road and I-75 Northbound","(C) Possible Injury / Complaint","Daylight","On Roadway - Non-Intersection","Sideswipe-Same Direction","I-75 Northbound","Dry","17:20:00","[""Lap and Shoulder Belt Used"",""Lap and Shoulder Belt Used""]","Clear",0,33.866882,-84.441057,"Atlanta","FULTON","[""Motor Vehicle in Motion"",""Motor Vehicle in Motion""]","Changed Lanes Improperly","[""Motor Vehicle in Motion"",""Motor Vehicle in Motion""]"
0,0,"Gsp Post 00","2022-06-27","I-85Sb and Lenox Rd","(C) Possible Injury / Complaint","Daylight","On Roadway - Non-Intersection","Rear End","I-85Sb","Dry","06:45:00","[""Lap and Shoulder Belt Used"",""Lap and Shoulder Belt Used"",""Lap and Shoulder Belt Used"",""Lap and Shoulder Belt Used"",""Lap and Shoulder Belt Used""]","Clear",0,33.823577,-84.353746,"Atlanta","FULTON","[""Motor Vehicle in Motion"",""Motor Vehicle in Motion""]","Following Too Close","[""Motor Vehicle in Motion"",""Motor Vehicle in Motion""]"
0,0,"Atlanta Police Department","2022-06-27","Bass St Sw and Central Ave Sw","(O) No Injury","Daylight","On Roadway - Non-Intersection","Angle Crash","Central Ave Sw","Wet","18:00:00","[""Unknown"",""Unknown""]","Rain",0,33.73594,-84.393503,"Atlanta","FULTON","[""Motor Vehicle in Motion"",""Motor Vehicle in Motion""]","Disregard Other Traffic Control","[""Motor Vehicle in Motion"",""Motor Vehicle in Motion""]"
0,0,"Atlanta Police Department","2022-06-27","Howell Dr Sw and Martin Luther King Jr Dr Sw","(O) No Injury","Daylight","On Roadway - Driveway Intersection","Angle Crash","Martin Luther King Jr Dr Sw","Dry","16:00:00","Unknown","Clear",0,33.758608,-84.504201,"Atlanta","FULTON","[""Motor Vehicle in Motion"",""Parked Motor Vehicle""]","Improper Backing","[""Motor Vehicle in Motion"",""Parked Motor Vehicle""]"
0,0,"Gsp Post 00","2022-06-27","Fulton Street and I-7585 Northbound","(O) No Injury","Daylight","On Roadway - Non-Intersection","Rear End","I-7585 Northbound","Dry","08:35:00","[""Lap and Shoulder Belt Used"",""Lap and Shoulder Belt Used"",""Lap and Shoulder Belt Used"",""Lap and Shoulder Belt Used""]","Cloudy",0,33.744414,-84.390425,"Atlanta","FULTON","[""Motor Vehicle in Motion"",""Motor Vehicle in Motion"",""Motor Vehicle in Motion""]","Following Too Close","[""Motor Vehicle in Motion"",""Motor Vehicle in Motion"",""Motor Vehicle in Motion""]"
0,0,"Atlanta Police Department","2022-06-27","None and I-75","(O) No Injury","Dark-Lighted","On Roadway - Non-Intersection","Rear End","I-75","Dry","22:30:00","[""Unknown"",""Unknown"",""Unknown"",""Unknown""]","Clear",0,33.684215,-84.39913,"Atlanta","FULTON","[""Motor Vehicle in Motion"",""Motor Vehicle in Motion"",""Motor Vehicle in Motion""]","Following Too Close","[""Motor Vehicle in Motion"",""Parked Motor Vehicle"",""Parked Motor Vehicle""]"