"# Serious Injuries","# Visible Injuries","Agency Name (Crash Level) ","Date","Intersection Name (from Crash Report)","KABCO Severity","Light Conditions (Crash Level)","Location at Impact (Crash Level) ","Manner of Collision (Crash Level) ","Roadway (From Crash Report)","Surface Condition (Crash Level) ","Time","Safety Equipment (Crash Level) ","Weather Conditions (Crash Level)","# of Fatalities per Crash","Latitude","Longitude","Geolocated City","Geolocated County","First Harmful Event (Unit Order)","Operator/Pedestrian Contrib Factor (excl None, Other, No Contrib Factors)","Most Harmful Event (Crash Level)"
0,0,"Atlanta Police Department","2022-07-02","Carnegie Way Nw and Ted Turner Dr Nw","(O) No Injury","Dark-Lighted","On Roadway - Roadway Intersection","Sideswipe-Same Direction","Ted Turner Dr Nw","Dry","00:05:00","[""Unknown"",""Unknown""]","Clear",0,33.75926,-84.389453,"Atlanta","FULTON","[""Motor Vehicle in Motion"",""Motor Vehicle in Motion""]","Changed Lanes Improperly","[""Motor Vehicle in Motion"",""Motor Vehicle in Motion""]"
0,0,"Atlanta Police Department","2022-07-02","16Th St Ne and Peachtree St Ne","(O) No Injury","Daylight","On Roadway - Roadway Intersection","Sideswipe-Same Direction","16Th St Ne","Dry","20:41:00","[""Lap and Shoulder Belt Used"",""Lap and Shoulder Belt Used""]","Clear",0,33.790655,-84.385152,"Atlanta","FULTON","[""Motor Vehicle in Motion"",""Motor Vehicle in Motion""]","Changed Lanes Improperly","[""Motor Vehicle in Motion"",""Motor Vehicle in Motion""]"
0,0,"Atlanta Police Department","2022-07-02","North Ave Nw and W Peachtree St Nw","(O) No Injury","Dark-Lighted","On Roadway - Roadway Intersection","Sideswipe-Same Direction","North Ave Nw","Dry","03:00:00","[""Unknown"",""Unknown"",""Unknown"",""Unknown""]","Clear",0,33.771238,-84.388048,"Atlanta","FULTON","[""Railway Train/Street Car"",""Railway Train/Street Car""]","[""Changed Lanes Improperly"",""Changed Lanes Improperly""]","[""Motor Vehicle in Motion"",""Motor Vehicle in Motion""]"
0,0,"Atlanta Police Department","2022-07-02","Harwell Rd Nw and Donald Lee Hollowell Pkwy Nw","(O) No Injury","Dark-Lighted","On Roadway - Roadway Intersection","Angle Crash","Donald Lee Hollowell Pkwy Nw","Dry","01:00:00","[""Lap and Shoulder Belt Used"",""Lap and Shoulder Belt Used""]","Clear",0,33.786037,-84.491073,"Atlanta","FULTON","[""Motor Vehicle in Motion"",""Motor Vehicle in Motion""]","Failure to Yield","[""Motor Vehicle in Motion"",""Motor Vehicle in Motion""]"
0,0,"Atlanta Police Department","2022-07-02","None and Cascade Ave Sw Rp","(O) No Injury","Daylight","Entrance/Exit Ramp","Angle Crash","Cascade Ave Sw Rp","Dry","17:08:00","[""Unknown"",""Unknown""]","Cloudy",0,33.738887,-84.43342,"Atlanta","FULTON","[""Motor Vehicle in Motion"",""Motor Vehicle in Motion""]","[""Misjudged Clearance"",""Failure to Yield""]","[""Motor Vehicle in Motion"",""Motor Vehicle in Motion""]"
0,0,"Atlanta Police Department","2022-07-03","Maynard Ct Nw and Donald Lee Hollowell Pkwy Nw","(C) Possible Injury / Complaint","Daylight","Off Roadway - Sidewalk","Not a Collision with Motor Vehicle","Donald Lee Hollowell Pkwy Nw","Dry","07:07:00","Lap and Shoulder Belt Used","Clear",0,33.79305,-84.499202,"Atlanta","FULTON","Other Non-Collision","Driver Lost Control","Tree"
0,0,"Atlanta Police Department","2022-07-03","I-75 N and Cleveland Ave Sw","(O) No Injury","Dark-Lighted","On Roadway - Non-Intersection","Not a Collision with Motor Vehicle","Cleveland Ave Sw","Water (standing or moving)","21:50:00","Unknown","Rain",0,33.681128,-84.398356,"Atlanta","FULTON","Motor Vehicle in Motion","Too Fast for Conditions","Motor Vehicle in Motion"
0,0,"Atlanta Police Department","2022-07-03","Spring St Nw and Ivan Allen Jr Blvd Nw","(C) Possible Injury / Complaint","Dark-Lighted","On Roadway - Roadway Intersection","Angle Crash","Spring St Nw","Dry","22:36:00","[""Unknown"",""Unknown"",""Unknown"",""Unknown"",""Unknown"",""Unknown""]","Clear",0,33.764664,-84.388973,"Atlanta","FULTON","[""Motor Vehicle in Motion"",""Motor Vehicle in Motion""]",,"[""Motor Vehicle in Motion"",""Motor Vehicle in Motion""]"
0,0,"Atlanta Police Department","2022-07-03","None and I-75","(O) No Injury","Daylight","On Roadway - Non-Intersection","Sideswipe-Same Direction","I-75","Dry","17:30:00","[""Unknown"",""Unknown""]","Clear",0,33.774896,-84.390566,"Atlanta","FULTON","[""Motor Vehicle in Motion"",""Motor Vehicle in Motion""]","Changed Lanes Improperly","[""Motor Vehicle in Motion"",""Motor Vehicle in Motion""]"
0,0,"Atlanta Police Department","2022-07-03","N Highland Ave Ne and Ponce De Leon Ave Ne","(O) No Injury","Dark-Lighted","On Roadway - Roadway Intersection","Head On","Ponce De Leon Ave Ne","Wet","21:45:00","[""Lap and Shoulder Belt Used"",""Lap and Shoulder Belt Used"",""Lap and Shoulder Belt Used""]","Rain",0,33.773833,-84.352546,"Atlanta","FULTON","[""Motor Vehicle in Motion"",""Motor Vehicle in Motion""]","Disregard Other Traffic Control","[""Motor Vehicle in Motion"",""Motor Vehicle in Motion""]"
0,0,"Atlanta Police Department","2022-07-03","North Ave Nw and Woodlawn Ave Nw","(C) Possible Injury / Complaint","Daylight","On Roadway - Roadway Intersection","Head On","North Ave Nw","Dry","10:15:00","[""Unknown"",""Unknown""]","Clear",0,33.767985,-84.436196,"Atlanta","FULTON","[""Motor Vehicle in Motion"",""Motor Vehicle in Motion""]","Aggressive Driving","[""Motor Vehicle in Motion"",""Motor Vehicle in Motion""]"
0,0,"Atlanta Police Department","2022-07-03","Pryor St Sw and Richardson St Sw","(C) Possible Injury / Complaint","Daylight","On Roadway - Roadway Intersection","Angle Crash","Pryor St Sw","Dry","18:45:00","[""Unknown"",""Unknown""]","Clear",0,33.740734,-84.394549,"Atlanta","FULTON","[""Motor Vehicle in Motion"",""Motor Vehicle in Motion""]","Failure to Yield","[""Motor Vehicle in Motion"",""Motor Vehicle in Motion""]"
0,0,"Atlanta Police Department","2022-07-03","Joseph E Lowery Blvd Sw and Ralph David Abernathy Blvd Sw","(C) Possible Injury / Complaint","Dawn","On Roadway - Roadway Intersection","Rear End","Joseph E Lowery Blvd Sw","Dry","02:10:00","[""Unknown"",""Lap and Shoulder Belt Used"",""Lap and Shoulder Belt Used""]","Sleet",0,33.738,-84.417748,"Atlanta","FULTON","[""Motor Vehicle in Motion"",""Motor Vehicle in Motion""]","Following Too Close","[""Motor Vehicle in Motion"",""Motor Vehicle in Motion""]"
0,0,"Gsp Post 00","2022-07-03","I-75 South and Northside Drive","(O) No Injury","Dark-Lighted","On Roadway - Non-Intersection","Rear End","I-75 South","Dry","01:30:00","[""Unknown"",""Lap and Shoulder Belt Used""]","Clear",0,33.793105,-84.391299,"Atlanta","FULTON","[""Motor Vehicle in Motion"",""Motor Vehicle in Motion""]","Following Too Close","[""Motor Vehicle in Motion"",""Motor Vehicle in Motion""]"
0,0,"Atlanta Police Department","2022-07-03","Oak St Sw and Lee St Sw","(C) Possible Injury / Complaint","Daylight","On Roadway - Roadway Intersection","Sideswipe-Same Direction","Lee St Sw","Dry","14:40:00","[""Unknown"",""Unknown""]","Clear",0,33.740519,-84.414079,"Atlanta","FULTON","[""Motor Vehicle in Motion"",""Motor Vehicle in Motion""]","[""Misjudged Clearance"",""Aggressive Driving"",""Improper Passing""]","[""Motor Vehicle in Motion"",""Motor Vehicle in Motion""]"
0,0,"Atlanta Police Department","2022-07-03","None and I-75 Exit 243 Rp","(C) Possible Injury / Complaint","Dark-Not Lighted","On Roadway - Non-Intersection","Rear End","I-75 Exit 243 Rp","Dry","18:43:00","[""Lap and Shoulder Belt Used"",""Lap and Shoulder Belt Used"",""Lap and Shoulder Belt Used"",""Lap and Shoulder Belt Used""]","Clear",0,33.704356,-84.404044,"Atlanta","FULTON","[""Motor Vehicle in Motion"",""Motor Vehicle in Motion""]","Aggressive Driving","[""Motor Vehicle in Motion"",""Motor Vehicle in Motion""]"
0,1,"Atlanta Police Department","2022-07-03","East Ave Ne and Boulevard Ne","(B) Suspected Minor/Visible Injury","Dark-Lighted","On Roadway - Roadway Intersection","Rear End","Boulevard Ne","Water (standing or moving)","21:30:00","[""Unknown"",""Unknown""]","Cloudy",0,33.763288,-84.371971,"Atlanta","FULTON","[""Motor Vehicle in Motion"",""Motor Vehicle in Motion""]","Following Too Close","[""Motor Vehicle in Motion"",""Motor Vehicle in Motion""]"
0,1,"Atlanta Police Department","2022-07-03","Moreland Ave Se and Mcdonough Blvd Se","(B) Suspected Minor/Visible Injury","Daylight","On Roadway - Roadway Intersection","Angle Crash","Moreland Ave Se","Dry","13:05:00","[""Unknown"",""Unknown"",""Unknown""]","Clear",0,33.704405,-84.349539,"Atlanta","FULTON","[""Motor Vehicle in Motion"",""Motor Vehicle in Motion""]",,"[""Motor Vehicle in Motion"",""Guard Rail Fence""]"
0,0,"Atlanta Police Department","2022-07-03","Paines Ave Nw and Proctor St Nw","Unknown","Dark-Not Lighted","Off Roadway","Not a Collision with Motor Vehicle","Proctor St Nw","Dry","02:39:00",,"Clear",0,33.764967,-84.414716,"Atlanta","FULTON","Utility Pole",,"Utility Pole"
0,0,"Atlanta Police Department","2022-07-03","Sylvan Rd Sw and Perkerson Rd Sw","(C) Possible Injury / Complaint","Dark-Lighted","On Roadway - Roadway Intersection","Rear End","Sylvan Rd Sw","Dry","23:03:00","[""Unknown"",""Unknown"",""Unknown""]","Clear",0,33.701205,-84.418211,"Atlanta","FULTON","[""Motor Vehicle in Motion"",""Motor Vehicle in Motion""]","Following Too Close","[""Motor Vehicle in Motion"",""Motor Vehicle in Motion""]"
0,0,"Atlanta Police Department","2022-07-03","Lenox Rd Ne and Peachtree Rd Ne","(O) No Injury","Dark-Lighted","On Roadway - Roadway Intersection","Sideswipe-Opposite Direction","Lenox Rd Ne","Dry","03:18:00","[""Lap and Shoulder Belt Used"",""Lap and Shoulder Belt Used""]","Clear",0,33.850539,-84.362005,"Atlanta","FULTON","[""Motor Vehicle in Motion"",""Motor Vehicle in Motion""]","Failure to Yield","[""Motor Vehicle in Motion"",""Motor Vehicle in Motion""]"
0,0,"Atlanta Police Department","2022-07-03","I-75 and Memorial Dr Sw","(C) Possible Injury / Complaint","Dark-Lighted","On Roadway - Roadway Intersection","Rear End","I-75","Dry","22:25:00","[""Lap and Shoulder Belt Used"",""Lap and Shoulder Belt Used""]","Clear",0,33.747207,-84.38737,"Atlanta","FULTON","[""Motor Vehicle in Motion"",""Motor Vehicle in Motion""]","Following Too Close","[""Motor Vehicle in Motion"",""Motor Vehicle in Motion""]"
0,0,"Atlanta Police Department","2022-07-03","None and I-75","(C) Possible Injury / Complaint","Dark-Lighted","On Roadway - Managed Lane (HOV, HOT, Reversible)","Angle Crash","I-75","Dry","01:12:00","Lap and Shoulder Belt Used","Clear",0,33.790753,-84.391875,"Atlanta","FULTON","[""Motor Vehicle in Motion"",""Motor Vehicle in Motion""]","[""Failure to Yield"",""Not Visible (Object, Person, or Vehicle)""]","[""Motor Vehicle in Motion"",""Motor Vehicle in Motion""]"
0,0,"Gsp Post 00","2022-07-03","Northside Pkwy Nw and Entrance Ramp To I-75N","(O) No Injury","Daylight","On Roadway - Roadway Intersection","Angle Crash","Northside Pkwy Nw","Dry","12:50:00","[""Lap and Shoulder Belt Used"",""Lap and Shoulder Belt Used""]","Clear",0,33.862445,-84.436438,"Atlanta","FULTON","[""Motor Vehicle in Motion"",""Motor Vehicle in Motion""]","Failure to Yield","[""Motor Vehicle in Motion"",""Motor Vehicle in Motion""]"
0,0,"Atlanta Police Department","2022-07-03","None and I-285","(C) Possible Injury / Complaint","Dark-Lighted","On Roadway - Non-Intersection","Angle Crash","I-285","Dry","06:10:00","[""Unknown"",""Lap and Shoulder Belt Used""]","Cloudy",0,33.699012,-84.498792,"Atlanta","FULTON","[""Motor Vehicle in Motion"",""Motor Vehicle in Motion""]","Changed Lanes Improperly","[""Motor Vehicle in Motion"",""Motor Vehicle in Motion""]"
1,0,"South Fulton Police Department","2022-07-03","Cascade Pkwy and Cascade Rd Sw","(A) Suspected Serious Injury","Dark-Not Lighted","On Roadway - Roadway Intersection","Rear End","Cascade Rd Sw","Dry","01:04:00","[""Unknown"",""Lap and Shoulder Belt Used"",""Lap and Shoulder Belt Used""]","Clear",0,33.722994,-84.501098,"South Fulton","FULTON","[""Motor Vehicle in Motion"",""Motor Vehicle in Motion"",""Motor Vehicle in Motion""]",,"[""Motor Vehicle in Motion"",""Motor Vehicle in Motion"",""Motor Vehicle in Motion""]"
0,0,"Atlanta Police Department","2022-07-03","Pryor St Sw and Ralph David Abernathy Blvd Sw","(O) No Injury","Dark-Not Lighted","On Roadway - Driveway Intersection","Angle Crash","Pryor St Sw","Dry","23:29:00","[""Unknown"",""Unknown""]","Clear",0,33.737388,-84.3946,"Atlanta","FULTON","[""Motor Vehicle in Motion"",""Motor Vehicle in Motion""]","Improper Backing","[""Motor Vehicle in Motion"",""Motor Vehicle in Motion""]"
0,0,"Atlanta Police Department","2022-07-03","Anderson Ave Nw and Martin Luther King Jr Dr Sw","(C) Possible Injury / Complaint","Dawn","On Roadway - Roadway Intersection","Angle Crash","Martin Luther King Jr Dr Sw","Dry","20:50:00","[""None Used"",""None Used""]","Clear",0,33.750681,-84.446104,"Atlanta","FULTON","[""Motor Vehicle in Motion"",""Motor Vehicle in Motion""]","Disregard Other Traffic Control","[""Motor Vehicle in Motion"",""Motor Vehicle in Motion""]"
0,0,"Dekalb Co Police Department","2022-07-03","Hillcrest Dr and Moreland Ave","(O) No Injury","Dark-Lighted","On Roadway - Managed Lane (HOV, HOT, Reversible)","Rear End","Moreland Ave","Dry","00:00:00","[""Unknown"",""Lap and Shoulder Belt Used"",""Lap Belt Only Used""]","Clear",0,33.698409,-84.349575,"Atlanta","FULTON","[""Motor Vehicle in Motion"",""Motor Vehicle in Motion""]","Following Too Close","[""Motor Vehicle in Motion"",""Motor Vehicle in Motion""]"
0,0,"Atlanta Police Department","2022-07-03","None and I-75","(C) Possible Injury / Complaint","Daylight","On Roadway - Non-Intersection","Rear End","I-75","Dry","17:15:00","[""Unknown"",""Unknown"",""Unknown"",""Unknown""]","Clear",0,33.775817,-84.390778,"Atlanta","FULTON","[""Motor Vehicle in Motion"",""Parked Motor Vehicle"",""Motor Vehicle in Motion""]","Too Fast for Conditions","[""Motor Vehicle in Motion"",""Parked Motor Vehicle"",""Parked Motor Vehicle""]"
0,0,"Atlanta Police Department","2022-07-03","None and I-85 Exit 86 Rp","(O) No Injury","Dark-Lighted","Entrance/Exit Ramp","Not a Collision with Motor Vehicle","I-85 Exit 86 Rp","Dry","00:30:00","[""Lap and Shoulder Belt Used"",""Lap and Shoulder Belt Used""]","Clear",0,33.807266,-84.379512,"Atlanta","FULTON","Guard Rail Face","Driver Lost Control","Guard Rail Fence"
0,0,"Gsp Post 00","2022-07-03","16Th Street and Ramp From I-75 Southbound","(O) No Injury","Dark-Lighted","Entrance/Exit Ramp","Not a Collision with Motor Vehicle","Ramp From I-75 Southbound","Dry","01:49:00","Lap and Shoulder Belt Used","Clear",0,33.79014,-84.392379,"Atlanta","FULTON","Other - Fixed Object","Too Fast for Conditions","Curb"
0,1,"Atlanta Police Department","2022-07-03","None and I-20 Exit 51A Rp","(B) Suspected Minor/Visible Injury","Dark-Lighted","On Roadway - Non-Intersection","Not a Collision with Motor Vehicle","I-20 Exit 51A Rp","Water (standing or moving)","01:00:00","Motorcycle Helmet","Rain",0,33.760622,-84.484523,"Atlanta","FULTON","Other Non-Collision","[""Changed Lanes Improperly"",""Driver Lost Control""]","Fire/Explosion"
0,0,"Atlanta Police Department","2022-07-03","None and I-85","(O) No Injury","Dark-Lighted","On Roadway - Non-Intersection","Rear End","I-85","Dry","00:07:00","[""Lap and Shoulder Belt Used"",""Lap and Shoulder Belt Used"",""Lap and Shoulder Belt Used""]","Clear",0,33.805858,-84.381563,"Atlanta","FULTON","[""Motor Vehicle in Motion"",""Motor Vehicle in Motion""]","[""Following Too Close"",""Too Fast for Conditions""]","[""Motor Vehicle in Motion"",""Motor Vehicle in Motion""]"
0,0,"Atlanta Police Department","2022-07-03","Glenwood Ave Se and Bill Kennedy Way Se","(O) No Injury","Daylight","On Roadway - Non-Intersection","Rear End","Bill Kennedy Way Se","Dry","13:30:00","[""Unknown"",""Lap and Shoulder Belt Used""]","Clear",0,33.739975,-84.358175,"Atlanta","FULTON","[""Motor Vehicle in Motion"",""Motor Vehicle in Motion""]","Following Too Close","[""Motor Vehicle in Motion"",""Motor Vehicle in Motion""]"
0,0,"Atlanta Police Department","2022-07-03","St Charles Ave Ne and Ponce De Leon Pl Ne","(O) No Injury","Daylight","On Roadway - Non-Intersection","Sideswipe-Same Direction","Ponce De Leon Pl Ne","Dry","18:22:00","[""Lap and Shoulder Belt Used"",""Lap and Shoulder Belt Used""]","Clear",0,33.775126,-84.363689,"Atlanta","FULTON","[""Motor Vehicle in Motion"",""Motor Vehicle in Motion""]","Failure to Yield","[""Motor Vehicle in Motion"",""Motor Vehicle in Motion""]"
0,0,"Atlanta Police Department","2022-07-03","I-20 W and Boulevard Se","(O) No Injury","Dark-Not Lighted","On Roadway - Roadway Intersection","Angle Crash","Boulevard Se","Dry","20:50:00","[""Unknown"",""Unknown"",""Unknown""]","Clear",0,33.743903,-84.368138,"Atlanta","FULTON","[""Motor Vehicle in Motion"",""Motor Vehicle in Motion""]","[""Disregard Stop Sign/Signal"",""Disregard Stop Sign/Signal""]","[""Motor Vehicle in Motion"",""Motor Vehicle in Motion""]"
0,0,"Atlanta Police Department","2022-07-03","Fulton St Sw and Formwalt St Sw","(C) Possible Injury / Complaint","Dark-Not Lighted","On Roadway - Roadway Intersection","Angle Crash","Formwalt St Sw","Dry","01:36:00","[""Unknown"",""Unknown""]","Clear",0,33.741944,-84.395743,"Atlanta","FULTON","[""Motor Vehicle in Motion"",""Motor Vehicle in Motion""]","[""Failure to Yield"",""Not Visible (Object, Person, or Vehicle)""]","Motor Vehicle in Motion"
0,0,"Atlanta Police Department","2022-07-03","I-75 N and 17Th St Nw","(O) No Injury","Dark-Lighted","On Roadway - Non-Intersection","Sideswipe-Same Direction","17Th St Nw","Dry","23:00:00","[""Unknown"",""Unknown""]","Clear",0,33.791902,-84.390251,"Atlanta","FULTON","[""Motor Vehicle in Motion"",""Motor Vehicle in Motion""]","Improper Passing","Motor Vehicle in Motion"
0,0,"Atlanta Police Department","2022-07-03","None and Spring St Nw   I 75 85 Nb Ramp Nw Rp","(O) No Injury","Dark-Not Lighted","Entrance/Exit Ramp","Rear End","Spring St Nw   I 75 85 Nb Ramp Nw Rp","Dry","23:07:00","[""Unknown"",""Unknown""]","Clear",0,33.743649,-84.3679,"Atlanta","FULTON","[""Motor Vehicle in Motion"",""Motor Vehicle in Motion""]","Following Too Close","[""Motor Vehicle in Motion"",""Motor Vehicle in Motion""]"
0,0,"Atlanta Police Department","2022-07-03","Browntown Rd Nw and James Jackson Pkwy Nw","(C) Possible Injury / Complaint","Daylight","On Roadway - Roadway Intersection","Angle Crash","James Jackson Pkwy Nw","Dry","16:20:00","[""Unknown"",""Unknown"",""Unknown""]","Clear",0,33.802113,-84.47564,"Atlanta","FULTON","[""Motor Vehicle in Motion"",""Motor Vehicle in Motion""]",,"[""Motor Vehicle in Motion"",""Motor Vehicle in Motion""]"
0,0,"Atlanta Police Department","2022-07-03","None and Ga-400","(O) No Injury","Dark-Lighted","On Shoulder","Sideswipe-Same Direction","Ga-400","Dry","03:30:00","Lap and Shoulder Belt Used","Clear",0,33.821504,-84.360751,"Atlanta","FULTON","[""Motor Vehicle in Motion"",""Motor Vehicle in Motion""]","Following Too Close","Motor Vehicle in Motion"
0,0,"Atlanta Police Department","2022-07-03","Harwell Rd Nw and Donald Lee Hollowell Pkwy Nw","(O) No Injury","Dark-Lighted","On Roadway - Roadway Intersection","Angle Crash","Donald Lee Hollowell Pkwy Nw","Dry","00:25:00","Lap and Shoulder Belt Used","Clear",0,33.785568,-84.489868,"Atlanta","FULTON","[""Motor Vehicle in Motion"",""Parked Motor Vehicle""]","Inattentive or Other Distraction (Distracted)","[""Motor Vehicle in Motion"",""Parked Motor Vehicle""]"
0,0,"Atlanta Police Department","2022-07-03","Pine Tree Rd Ne and Arbor Gates Dr Ne","(C) Possible Injury / Complaint","Daylight","Entrance/Exit Ramp","Not a Collision with Motor Vehicle","Arbor Gates Dr Ne","Dry","19:22:00","Lap and Shoulder Belt Used","Clear",0,33.829638,-84.360589,"Atlanta","FULTON","Guard Rail End","Driver Lost Control","Guard Rail End"
0,0,"Atlanta Police Department","2022-07-03","Fort St Se and Memorial Dr Se","(O) No Injury","Daylight","On Roadway - Roadway Intersection","Angle Crash","Fort St Se","Dry","13:25:00","[""Lap and Shoulder Belt Used"",""Lap and Shoulder Belt Used""]","Clear",0,33.746839,-84.378136,"Atlanta","FULTON","[""Motor Vehicle in Motion"",""Motor Vehicle in Motion""]","Changed Lanes Improperly","[""Motor Vehicle in Motion"",""Motor Vehicle in Motion""]"
0,0,"Atlanta Police Department","2022-07-03","W Marietta St Nw and Joseph E Lowery Blvd Nw","(O) No Injury","Daylight","On Roadway - Roadway Intersection","Angle Crash","Joseph E Lowery Blvd Nw","Dry","15:00:00","[""Lap and Shoulder Belt Used"",""Shoulder Belt Only Used""]","Clear",0,33.782642,-84.41716,"Atlanta","FULTON","[""Motor Vehicle in Motion"",""Motor Vehicle in Motion""]","Failure to Yield","[""Motor Vehicle in Motion"",""Motor Vehicle in Motion""]"
0,0,"Atlanta Police Department","2022-07-03","7Th St Ne and W Peachtree St Nw","(O) No Injury","Dark-Lighted","On Roadway - Non-Intersection","Angle Crash","7Th St Ne","Dry","20:55:00","[""Unknown"",""Unknown""]","Clear",0,33.778708,-84.386879,"Atlanta","FULTON","[""Motor Vehicle in Motion"",""Motor Vehicle in Motion""]",,"[""Motor Vehicle in Motion"",""Motor Vehicle in Motion""]"
0,0,"Gsp Post 00","2022-07-03","Channing Drive and Northside Drive","(O) No Injury","Dark-Not Lighted","On Roadway - Non-Intersection","Angle Crash","Northside Drive","Dry","01:18:00","[""None Used"",""Lap and Shoulder Belt Used"",""Lap and Shoulder Belt Used"",""Lap and Shoulder Belt Used"",""Lap and Shoulder Belt Used""]","Clear",0,33.807111,-84.407794,"Atlanta","FULTON","[""Motor Vehicle in Motion"",""Motor Vehicle in Motion""]","[""Disregard Police - Evasion"",""Exceeding Speed Limit"",""Reckless Driving""]","[""Motor Vehicle in Motion"",""Motor Vehicle in Motion""]"
0,0,"Atlanta Police Department","2022-07-03","Cleveland Ave Sw and Metropolitan Pkwy Sw","(O) No Injury","Daylight","On Roadway - Non-Intersection","Angle Crash","Metropolitan Pkwy Sw","Dry","10:54:00","[""Unknown"",""Lap and Shoulder Belt Used"",""Shoulder Belt Only Used"",""Lap and Shoulder Belt Used""]","Clear",0,33.681806,-84.407743,"Atlanta","FULTON","[""Motor Vehicle in Motion"",""Motor Vehicle in Motion""]","Improper Turn","[""Motor Vehicle in Motion"",""Motor Vehicle in Motion""]"
0,0,"Atlanta Police Department","2022-07-03","I-85 S and Cleveland Ave Sw","(O) No Injury","Dark-Lighted","Off Roadway","Not a Collision with Motor Vehicle","Cleveland Ave Sw","Wet","22:25:00","Unknown","Rain",0,33.681316,-84.411666,"Atlanta","FULTON","Other - Fixed Object","[""Too Fast for Conditions"",""Driver Lost Control""]","Other - Fixed Object"
0,0,"Atlanta Police Department","2022-07-03","None and I-285","(O) No Injury","Daylight","On Roadway - Non-Intersection","Rear End","I-285","Dry","18:44:00","[""Lap and Shoulder Belt Used"",""Lap and Shoulder Belt Used"",""Lap and Shoulder Belt Used""]","Clear",0,33.695649,-84.50002,"Atlanta","FULTON","[""Motor Vehicle in Motion"",""Motor Vehicle in Motion""]","Following Too Close","[""Motor Vehicle in Motion"",""Motor Vehicle in Motion""]"
0,0,"Atlanta Police Department","2022-07-03","Oak St Sw and Langhorn St Sw","(O) No Injury","Daylight","On Roadway - Non-Intersection","Angle Crash","Langhorn St Sw","Dry","20:57:00","Unknown","Clear",0,33.740677,-84.432429,"Atlanta","FULTON","[""Motor Vehicle in Motion"",""Motor Vehicle in Motion""]","[""Driver Lost Control"",""Aggressive Driving""]","[""Motor Vehicle in Motion"",""Motor Vehicle in Motion""]"
0,0,"Atlanta Police Department","2022-07-03","I-20 and Exit 57","(O) No Injury","Dark-Lighted","On Roadway - Non-Intersection","Rear End","I-20","Dry","00:24:00","[""Unknown"",""Lap and Shoulder Belt Used""]","Clear",0,33.744502,-84.39964,"Atlanta","FULTON","[""Motor Vehicle in Motion"",""Motor Vehicle in Motion""]","Following Too Close","[""Motor Vehicle in Motion"",""Motor Vehicle in Motion""]"
0,0,"Atlanta Police Department","2022-07-03","None and I-20","(O) No Injury","Daylight","On Roadway - Roadway Intersection","Rear End","I-20","Dry","13:38:00","[""Lap and Shoulder Belt Used"",""Lap and Shoulder Belt Used""]","Clear",0,33.745301,-84.349033,"Atlanta","DEKALB","[""Motor Vehicle in Motion"",""Motor Vehicle in Motion""]",,"[""Motor Vehicle in Motion"",""Motor Vehicle in Motion""]"
0,0,"Atlanta Police Department","2022-07-03","Moreland Ave Ne and Mansfield Ave Ne","(O) No Injury","Daylight","On Roadway - Non-Intersection","Rear End","Mansfield Ave Ne","Dry","11:41:00","Lap and Shoulder Belt Used","Clear",0,33.767833,-84.349394,"Atlanta","FULTON","[""Motor Vehicle in Motion"",""Parked Motor Vehicle""]","Misjudged Clearance","[""Motor Vehicle in Motion"",""Parked Motor Vehicle""]"
0,1,"Atlanta Police Department","2022-07-03","None and I-75 Exit 247 Rp","(B) Suspected Minor/Visible Injury","Dark-Lighted","On Roadway - Non-Intersection","Rear End","I-75 Exit 247 Rp","Dry","22:00:00","[""Unknown"",""Unknown"",""Unknown"",""Unknown""]","Clear",0,33.748547,-84.384856,"Atlanta","FULTON","[""Motor Vehicle in Motion"",""Motor Vehicle in Motion"",""Motor Vehicle in Motion""]","[""Following Too Close"",""Following Too Close""]","[""Motor Vehicle in Motion"",""Motor Vehicle in Motion"",""Motor Vehicle in Motion""]"
0,0,"Atlanta Police Department","2022-07-03","Jones Ave Nw and Northside Dr Nw","(O) No Injury","Daylight","On Roadway - Driveway Intersection","Angle Crash","Jones Ave Nw","Dry","16:30:00","[""Lap Belt Only Used"",""Lap and Shoulder Belt Used"",""Lap and Shoulder Belt Used"",""Lap and Shoulder Belt Used""]","Clear",0,33.764274,-84.403452,"Atlanta","FULTON","[""Motor Vehicle in Motion"",""Motor Vehicle in Motion""]","Failure to Yield","[""Motor Vehicle in Motion"",""Motor Vehicle in Motion""]"
0,0,"Atlanta Police Department","2022-07-03","Central Ave Sw and Ralph David Abernathy Blvd Sw","(O) No Injury","Daylight","On Roadway - Roadway Intersection","Rear End","Ralph David Abernathy Blvd Sw","Dry","07:44:00","Unknown","Clear",0,33.736678,-84.393487,"Atlanta","FULTON","[""Motor Vehicle in Motion"",""Parked Motor Vehicle""]","Improper Backing","[""Motor Vehicle in Motion"",""Parked Motor Vehicle""]"