"# Serious Injuries","# Visible Injuries","Agency Name (Crash Level) ","Date","Intersection Name (from Crash Report)","KABCO Severity","Light Conditions (Crash Level)","Location at Impact (Crash Level) ","Manner of Collision (Crash Level) ","Roadway (From Crash Report)","Surface Condition (Crash Level) ","Time","Safety Equipment (Crash Level) ","Weather Conditions (Crash Level)","# of Fatalities per Crash","Latitude","Longitude","Geolocated City","Geolocated County","First Harmful Event (Unit Order)","Operator/Pedestrian Contrib Factor (excl None, Other, No Contrib Factors)","Most Harmful Event (Crash Level)"
0,0,"Atlanta Police Department","2022-07-06","14Th St Nw and Northside Dr Nw","(O) No Injury","Dark-Lighted","On Roadway - Roadway Intersection","Head On","14Th St Nw","Dry","23:20:00","[""Unknown"",""Lap and Shoulder Belt Used""]","Clear",0,33.786228,-84.407445,"Atlanta","FULTON","[""Motor Vehicle in Motion"",""Motor Vehicle in Motion""]","Improper Turn","[""Motor Vehicle in Motion"",""Motor Vehicle in Motion""]"
0,0,"Atlanta Police Department","2022-07-06","I-20 and Exit 51A","(C) Possible Injury / Complaint","Daylight","On Roadway - Non-Intersection","Sideswipe-Same Direction","I-20","Dry","11:26:00","[""Unknown"",""Unknown""]","Clear",0,33.764551,-84.492847,"Atlanta","FULTON","[""Motor Vehicle in Motion"",""Motor Vehicle in Motion""]","Changed Lanes Improperly","[""Motor Vehicle in Motion"",""Motor Vehicle in Motion""]"
0,0,"Atlanta Police Department","2022-07-06","I-75 and University Ave","(O) No Injury","Dark-Lighted","On Roadway - Non-Intersection","Sideswipe-Same Direction","I-75","Dry","22:50:00","[""Unknown"",""Unknown""]","Clear",0,33.725649,-84.393868,"Atlanta","FULTON","[""Motor Vehicle in Motion"",""Motor Vehicle in Motion""]",,"[""Motor Vehicle in Motion"",""Motor Vehicle in Motion""]"
0,0,"Atlanta Police Department","2022-07-06","Howell Mill Rd Nw and Northside Pkwy Nw","(C) Possible Injury / Complaint","Daylight","On Roadway - Roadway Intersection","Rear End","Northside Pkwy Nw","Dry","11:28:00","[""Lap and Shoulder Belt Used"",""Lap and Shoulder Belt Used""]","Clear",0,33.84612,-84.427769,"Atlanta","FULTON","[""Motor Vehicle in Motion"",""Motor Vehicle in Motion""]","Following Too Close","[""Motor Vehicle in Motion"",""Motor Vehicle in Motion""]"
0,0,"Atlanta Police Department","2022-07-06","Fulton St Sw and Mcdaniel St Sw","(C) Possible Injury / Complaint","Dark-Lighted","On Roadway - Roadway Intersection","Sideswipe-Same Direction","Mcdaniel St Sw","Dry","22:04:00","[""Unknown"",""Unknown""]","Clear",0,33.741556,-84.402936,"Atlanta","FULTON","[""Motor Vehicle in Motion"",""Motor Vehicle in Motion""]","Changed Lanes Improperly","[""Motor Vehicle in Motion"",""Motor Vehicle in Motion""]"
0,0,"Atlanta Police Department","2022-07-06","Exit 252B and Howell Mill Rd Nw","(O) No Injury","Daylight","On Roadway - Non-Intersection","Sideswipe-Same Direction","Howell Mill Rd Nw","Dry","16:31:00","[""Lap and Shoulder Belt Used"",""Lap and Shoulder Belt Used""]","Clear",0,33.805598,-84.413142,"Atlanta","FULTON","[""Motor Vehicle in Motion"",""Motor Vehicle in Motion""]",,"[""Motor Vehicle in Motion"",""Motor Vehicle in Motion""]"
0,0,"Atlanta Police Department","2022-07-06","17Th St Nw and Northside Dr Nw","(O) No Injury","Daylight","On Roadway - Roadway Intersection","Rear End","17Th St Nw","Dry","09:30:00","[""Lap and Shoulder Belt Used"",""Lap and Shoulder Belt Used""]","Clear",0,33.791285,-84.407834,"Atlanta","FULTON","[""Motor Vehicle in Motion"",""Motor Vehicle in Motion""]","Following Too Close","[""Motor Vehicle in Motion"",""Motor Vehicle in Motion""]"
0,0,"Atlanta Police Department","2022-07-06","None and I-75","(O) No Injury","Daylight","On Roadway - Non-Intersection","Rear End","I-75","Dry","15:20:00","[""Unknown"",""Unknown""]","Clear",0,33.723933,-84.394123,"Atlanta","FULTON","[""Motor Vehicle in Motion"",""Motor Vehicle in Motion""]","Following Too Close","[""Motor Vehicle in Motion"",""Motor Vehicle in Motion""]"
0,0,"Atlanta Police Department","2022-07-06","Milmar Dr Nw and Moores Mill Rd Nw","(C) Possible Injury / Complaint","Daylight","On Roadway - Roadway Intersection","Angle Crash","Milmar Dr Nw","Dry","18:30:00","[""Unknown"",""Unknown""]","Clear",0,33.833457,-84.424982,"Atlanta","FULTON","[""Motor Vehicle in Motion"",""Motor Vehicle in Motion""]","Improper Passing","[""Motor Vehicle in Motion"",""Motor Vehicle in Motion""]"
0,0,"Gsp Post 00","2022-07-06","Jonesboro Road and I-285 West Exit Ramp","(O) No Injury","Daylight","Entrance/Exit Ramp","Rear End","I-285 West Exit Ramp","Dry","17:50:00","[""Lap and Shoulder Belt Used"",""Lap and Shoulder Belt Used""]","Clear",0,33.651985,-84.367078,"Atlanta","FULTON","[""Motor Vehicle in Motion"",""Motor Vehicle in Motion""]","[""Following Too Close"",""Other Unit Contributed to Crash""]","[""Motor Vehicle in Motion"",""Motor Vehicle in Motion""]"
0,0,"Sandy Springs Police Dept.","2022-07-06","75 South and 17Th Street","(O) No Injury","Daylight","Median","Not a Collision with Motor Vehicle","75 South","Dry","01:47:00","Unknown","Clear",0,33.792334,-84.392482,"Atlanta","FULTON","Median Barrier","[""Reckless Driving"",""Driver Lost Control""]","Median Barrier"
0,0,"Atlanta Police Department","2022-07-06","None and Ponce De Leon Ave Ne","(O) No Injury","Dark-Lighted","Off Roadway","Not a Collision with Motor Vehicle","Ponce De Leon Ave Ne","Dry","00:33:00","Unknown","Clear",0,33.774918,-84.34323,"Atlanta","DEKALB","Other Non-Collision","Disregard Other Traffic Control","Tree"
0,0,"Atlanta Police Department","2022-07-06","I-75 S and University Ave Sw","(O) No Injury","Daylight","On Roadway - Managed Lane (HOV, HOT, Reversible)","Not a Collision with Motor Vehicle","University Ave Sw","Dry","09:48:00","[""Unknown"",""Unknown""]","Clear",0,33.705118,-84.403916,"Atlanta","FULTON","[""Motor Vehicle in Motion"",""Other Object (Not Fixed)""]",,"[""Other Non-Collision"",""Motor Vehicle in Motion""]"
0,0,"Atlanta Police Department","2022-07-06","10Th St Ne and W Peachtree St Nw","(O) No Injury","Daylight","On Roadway - Roadway Intersection","Sideswipe-Same Direction","W Peachtree St Nw","Dry","15:05:00","[""Unknown"",""Unknown""]","Clear",0,33.781479,-84.387797,"Atlanta","FULTON","[""Motor Vehicle in Motion"",""Motor Vehicle in Motion""]",,"[""Motor Vehicle in Motion"",""Motor Vehicle in Motion""]"
0,0,"Atlanta Police Department","2022-07-06","I-75 and Exit 256","(O) No Injury","Daylight","On Roadway - Non-Intersection","Sideswipe-Same Direction","I-75","Dry","16:00:00","[""Unknown"",""Unknown""]","Clear",0,33.868282,-84.442046,"Atlanta","FULTON","[""Motor Vehicle in Motion"",""Motor Vehicle in Motion""]","Changed Lanes Improperly","[""Motor Vehicle in Motion"",""Motor Vehicle in Motion""]"
0,0,"Atlanta Police Department","2022-07-06","Thurmond St Nw and Northside Dr Nw","(O) No Injury","Daylight","On Roadway - Non-Intersection","Angle Crash","Northside Dr Nw","Dry","08:10:00","[""Unknown"",""Unknown""]","Clear",0,33.761827,-84.402746,"Atlanta","FULTON","[""Motor Vehicle in Motion"",""Motor Vehicle in Motion""]","Changed Lanes Improperly","[""Motor Vehicle in Motion"",""Motor Vehicle in Motion""]"
0,0,"Atlanta Police Department","2022-07-06","Candler Rd Se and Memorial Dr Se","(C) Possible Injury / Complaint","Daylight","On Roadway - Non-Intersection","Angle Crash","Memorial Dr Se","Dry","18:18:00","[""Unknown"",""Unknown""]","Clear",0,33.747058,-84.291586,"Atlanta","DEKALB","[""Motor Vehicle in Motion"",""Motor Vehicle in Motion""]","Failure to Yield","[""Motor Vehicle in Motion"",""Motor Vehicle in Motion""]"
0,0,"Atlanta Police Department","2022-07-06","Cleveland Ave Sw and Old Hapeville Rd Sw","(O) No Injury","Dark-Lighted","On Roadway - Roadway Intersection","Rear End","Cleveland Ave Sw","Dry","23:15:00","[""Unknown"",""Unknown""]","Cloudy",0,33.681119,-84.393895,"Atlanta","FULTON","[""Motor Vehicle in Motion"",""Motor Vehicle in Motion""]","Inattentive or Other Distraction (Distracted)","[""Motor Vehicle in Motion"",""Motor Vehicle in Motion""]"
0,0,"Atlanta Police Department","2022-07-06","14Th St Nw and Spring St Nw","(O) No Injury","Daylight","On Roadway - Non-Intersection","Sideswipe-Same Direction","14Th St Nw","Dry","17:44:00","[""Unknown"",""Unknown""]","Clear",0,33.786682,-84.389623,"Atlanta","FULTON","[""Motor Vehicle in Motion"",""Motor Vehicle in Motion""]","Changed Lanes Improperly","[""Motor Vehicle in Motion"",""Motor Vehicle in Motion""]"
0,0,"Atlanta Police Department","2022-07-06","Ellis St Ne and Courtland St Ne","(O) No Injury","Dark-Not Lighted","On Roadway - Roadway Intersection","Sideswipe-Same Direction","Courtland St Ne","Dry","22:43:00","[""Unknown"",""Unknown""]","Clear",0,33.75858,-84.384217,"Atlanta","FULTON","[""Motor Vehicle in Motion"",""Motor Vehicle in Motion""]","Changed Lanes Improperly","[""Motor Vehicle in Motion"",""Motor Vehicle in Motion""]"
0,0,"Atlanta Police Department","2022-07-06","Gillette Ave Sw and Metropolitan Pkwy Sw","(C) Possible Injury / Complaint","Daylight","On Roadway - Roadway Intersection","Rear End","Metropolitan Pkwy Sw","Dry","18:10:00","[""Unknown"",""Unknown"",""Unknown"",""Unknown"",""Unknown""]","Clear",0,33.732793,-84.408111,"Atlanta","FULTON","[""Motor Vehicle in Motion"",""Motor Vehicle in Motion"",""Motor Vehicle in Motion""]","Following Too Close","[""Motor Vehicle in Motion"",""Motor Vehicle in Motion"",""Motor Vehicle in Motion""]"
0,0,"Atlanta Police Department","2022-07-06","Martin St Se and Milton Ave Se","(O) No Injury","Daylight","On Roadway - Non-Intersection","Angle Crash","Milton Ave Se","Dry","13:30:00","[""Lap and Shoulder Belt Used"",""Lap and Shoulder Belt Used""]","Clear",0,33.721475,-84.383318,"Atlanta","FULTON","[""Motor Vehicle in Motion"",""Motor Vehicle in Motion""]",,"[""Motor Vehicle in Motion"",""Motor Vehicle in Motion""]"
0,3,"Atlanta Police Department","2022-07-06","None and I-285","(B) Suspected Minor/Visible Injury","Daylight","On Roadway - Non-Intersection","Angle Crash","I-285","Dry","14:20:00","[""Unknown"",""Unknown"",""Unknown"",""Unknown"",""Unknown""]","Clear",0,33.75163,-84.496145,"Atlanta","FULTON","[""Motor Vehicle in Motion"",""Motor Vehicle in Motion"",""Motor Vehicle in Motion""]","Following Too Close","[""Motor Vehicle in Motion"",""Motor Vehicle in Motion"",""Motor Vehicle in Motion""]"
0,0,"Atlanta Police Department","2022-07-06","Zip Industrial Blvd Se and Southside Industrial Pkwy Se","(O) No Injury","Daylight","Off Roadway","Angle Crash","Southside Industrial Pkwy Se","Dry","15:00:00","[""Lap and Shoulder Belt Used"",""Lap and Shoulder Belt Used""]","Clear",0,33.653052,-84.389586,"Atlanta","FULTON","[""Motor Vehicle in Motion"",""Motor Vehicle in Motion""]","Improper Backing","[""Motor Vehicle in Motion"",""Motor Vehicle in Motion""]"
0,1,"Atlanta Police Department","2022-07-06","Marietta St Nw and Northside Dr Nw","(B) Suspected Minor/Visible Injury","Daylight","On Roadway - Driveway Intersection","Angle Crash","Marietta St Nw","Dry","16:33:00","[""Unknown"",""Unknown""]","Clear",0,33.776524,-84.407596,"Atlanta","FULTON","[""Motor Vehicle in Motion"",""Motor Vehicle in Motion""]","Failure to Yield","[""Motor Vehicle in Motion"",""Motor Vehicle in Motion""]"
0,0,"Atlanta Police Department","2022-07-06","None and I-20","(O) No Injury","Daylight","On Roadway - Non-Intersection","Rear End","I-20","Dry","15:00:00","[""Unknown"",""Unknown""]","Clear",0,33.765879,-84.50343,"Atlanta","FULTON","[""Motor Vehicle in Motion"",""Motor Vehicle in Motion""]","Changed Lanes Improperly","[""Motor Vehicle in Motion"",""Motor Vehicle in Motion""]"
0,0,"Atlanta Police Department","2022-07-06","14Th St Nw and Spring St Nw","(O) No Injury","Dark-Lighted","On Roadway - Roadway Intersection","Rear End","14Th St Nw","Dry","21:00:00","[""Unknown"",""Unknown""]","Clear",0,33.786679,-84.389465,"Atlanta","FULTON","[""Motor Vehicle in Motion"",""Motor Vehicle in Motion""]",,"[""Motor Vehicle in Motion"",""Motor Vehicle in Motion""]"
0,0,"Atlanta Police Department","2022-07-06","None and I-20","(C) Possible Injury / Complaint","Dawn","On Roadway - Non-Intersection","Rear End","I-20","Dry","06:50:00","[""Unknown"",""Lap and Shoulder Belt Used""]","Clear",0,33.766005,-84.501679,"Atlanta","FULTON","[""Motor Vehicle in Motion"",""Motor Vehicle in Motion""]","[""Following Too Close"",""Under the Influence (U.I.)""]","[""Motor Vehicle in Motion"",""Motor Vehicle in Motion""]"
0,0,"Atlanta Police Department","2022-07-06","I-75 and 10Th St Nw","(C) Possible Injury / Complaint","Dark-Lighted","On Roadway - Non-Intersection","Head On","I-75","Dry","22:00:00","[""Lap and Shoulder Belt Used"",""Lap and Shoulder Belt Used""]","Clear",0,33.781815,-84.391215,"Atlanta","FULTON","[""Motor Vehicle in Motion"",""Motor Vehicle in Motion""]","[""Following Too Close"",""Following Too Close""]","[""Motor Vehicle in Motion"",""Motor Vehicle in Motion""]"
0,0,"Atlanta Police Department","2022-07-06","Luckie St Nw and Ted Turner Dr Nw","(O) No Injury","Daylight","On Roadway - Non-Intersection","Sideswipe-Opposite Direction","Luckie St Nw","Dry","16:00:00","[""Unknown"",""Unknown""]","Clear",0,33.758392,-84.390668,"Atlanta","FULTON","[""Motor Vehicle in Motion"",""Motor Vehicle in Motion""]",,"[""Motor Vehicle in Motion"",""Motor Vehicle in Motion""]"
0,0,"Atlanta Police Department","2022-07-06","Richmond St Se and Hank Aaron Dr Se","(O) No Injury","Daylight","On Roadway - Non-Intersection","Rear End","Hank Aaron Dr Se","Dry","08:00:00","[""Lap and Shoulder Belt Used"",""Lap and Shoulder Belt Used""]","Clear",0,33.74055,-84.387816,"Atlanta","FULTON","[""Motor Vehicle in Motion"",""Motor Vehicle in Motion""]","Improper Backing","[""Motor Vehicle in Motion"",""Motor Vehicle in Motion""]"
0,0,"Atlanta Police Department","2022-07-06","W End Pl Sw and Ralph David Abernathy Blvd Sw","(O) No Injury","Daylight","On Roadway - Non-Intersection","Sideswipe-Same Direction","Ralph David Abernathy Blvd Sw","Dry","16:00:00","[""Unknown"",""Unknown"",""Unknown""]","Clear",0,33.738484,-84.424816,"Atlanta","FULTON","[""Motor Vehicle in Motion"",""Motor Vehicle in Motion""]","Changed Lanes Improperly","[""Motor Vehicle in Motion"",""Motor Vehicle in Motion""]"
0,0,"Atlanta Police Department","2022-07-06","Elizabeth St Ne and N Highland Ave Ne","(O) No Injury","Dark-Lighted","On Roadway - Non-Intersection","Sideswipe-Opposite Direction","Elizabeth St Ne","Wet","21:50:00","Unknown","Rain",0,33.76332,-84.35848,"Atlanta","FULTON","[""Parked Motor Vehicle"",""Motor Vehicle in Motion""]","Misjudged Clearance","[""Parked Motor Vehicle"",""Motor Vehicle in Motion""]"
0,0,"Atlanta Police Department","2022-07-06","None and I-285","(C) Possible Injury / Complaint","Daylight","On Roadway - Non-Intersection","Sideswipe-Same Direction","I-285","Dry","14:38:00","[""Unknown"",""Unknown"",""Unknown""]","Clear",0,33.750574,-84.496576,"Atlanta","FULTON","[""Motor Vehicle in Motion"",""Motor Vehicle in Motion""]","Changed Lanes Improperly","[""Motor Vehicle in Motion"",""Motor Vehicle in Motion""]"
0,0,"Atlanta Police Department","2022-07-06","I-85 and Ga-400 S","(O) No Injury","Daylight","On Roadway - Non-Intersection","Sideswipe-Same Direction","I-85","Dry","07:10:00","[""Unknown"",""Lap and Shoulder Belt Used""]","Clear",0,33.81923,-84.361048,"Atlanta","FULTON","[""Motor Vehicle in Motion"",""Motor Vehicle in Motion""]","Changed Lanes Improperly","[""Motor Vehicle in Motion"",""Motor Vehicle in Motion""]"
0,0,"Atlanta Police Department","2022-07-06","None and Moreland Ave Se Exit 60A Rp","(C) Possible Injury / Complaint","Dark-Lighted","Entrance/Exit Ramp","Rear End","Moreland Ave Se Exit 60A Rp","Dry","21:26:00","[""Unknown"",""Unknown""]","Clear",0,33.74452,-84.349293,"Atlanta","FULTON","[""Motor Vehicle in Motion"",""Motor Vehicle in Motion""]",,"[""Motor Vehicle in Motion"",""Motor Vehicle in Motion""]"
0,0,"Atlanta Police Department","2022-07-06","None and Memorial Dr Se","(O) No Injury","Daylight","On Roadway - Non-Intersection","Rear End","Memorial Dr Se","Dry","16:30:00","[""Unknown"",""Unknown""]","Clear",0,33.747344,-84.316159,"Atlanta","DEKALB","[""Motor Vehicle in Motion"",""Motor Vehicle in Motion""]","Following Too Close","[""Motor Vehicle in Motion"",""Motor Vehicle in Motion""]"
0,0,"Atlanta Police Department","2022-07-06","Ellsworth Dr Nw and Chattahoochee Ave Nw","(O) No Injury","Daylight","On Roadway - Roadway Intersection","Sideswipe-Opposite Direction","Chattahoochee Ave Nw","Dry","08:38:00","[""Lap and Shoulder Belt Used"",""Lap and Shoulder Belt Used""]","Clear",0,33.800779,-84.426986,"Atlanta","FULTON","[""Motor Vehicle in Motion"",""Motor Vehicle in Motion""]","Misjudged Clearance","[""Motor Vehicle in Motion"",""Motor Vehicle in Motion""]"
0,0,"Atlanta Police Department","2022-07-06","I-85 and Ga-13 N","(O) No Injury","Daylight","On Roadway - Non-Intersection","Sideswipe-Same Direction","I-85","Dry","08:35:00","[""Lap and Shoulder Belt Used"",""Lap and Shoulder Belt Used""]","Clear",0,33.823147,-84.356687,"Atlanta","FULTON","[""Motor Vehicle in Motion"",""Motor Vehicle in Motion""]","Changed Lanes Improperly","[""Motor Vehicle in Motion"",""Motor Vehicle in Motion""]"
0,0,"Atlanta Police Department","2022-07-06","Northside Dr Nw and Donald Lee Hollowell Pkwy Nw","(O) No Injury","Daylight","On Roadway - Roadway Intersection","Rear End","Northside Dr Nw","Dry","13:51:00","[""Unknown"",""Unknown""]","Clear",0,33.773319,-84.408776,"Atlanta","FULTON","[""Motor Vehicle in Motion"",""Motor Vehicle in Motion""]","Following Too Close","[""Motor Vehicle in Motion"",""Motor Vehicle in Motion""]"
0,0,"Atlanta Police Department","2022-07-06","Center Hill Ave Nw and Donald Lee Hollowell Pkwy Nw","(O) No Injury","Daylight","On Roadway - Non-Intersection","Sideswipe-Same Direction","Donald Lee Hollowell Pkwy Nw","Dry","10:00:00","[""Unknown"",""Unknown""]","Clear",0,33.776955,-84.464056,"Atlanta","FULTON","[""Motor Vehicle in Motion"",""Motor Vehicle in Motion""]","Improper Passing","[""Motor Vehicle in Motion"",""Motor Vehicle in Motion""]"
0,0,"Atlanta Police Department","2022-07-06","Campbellton Rd Sw and Southwood Blvd Sw","(C) Possible Injury / Complaint","Dark-Lighted","On Roadway - Roadway Intersection","Angle Crash","Southwood Blvd Sw","Dry","21:13:00","[""Unknown"",""Unknown"",""Unknown""]","Clear",0,33.693578,-84.518839,"Atlanta","FULTON","[""Motor Vehicle in Motion"",""Motor Vehicle in Motion""]","Improper Turn","[""Motor Vehicle in Motion"",""Motor Vehicle in Motion""]"
0,0,"Atlanta Police Department","2022-07-06","Washita Ave Ne and N Highland Ave Ne","(O) No Injury","Daylight","On Roadway - Non-Intersection","Rear End","Washita Ave Ne","Dry","15:20:00","Lap and Shoulder Belt Used","Clear",0,33.764743,-84.354343,"Atlanta","FULTON","[""Motor Vehicle in Motion"",""Parked Motor Vehicle""]","Misjudged Clearance","[""Motor Vehicle in Motion"",""Parked Motor Vehicle""]"
0,0,"Atlanta Police Department","2022-07-06","None and Ga-400","(O) No Injury","Dark-Not Lighted","On Roadway - Non-Intersection","Sideswipe-Same Direction","Ga-400","Dry","23:31:00","[""Lap and Shoulder Belt Used"",""Lap and Shoulder Belt Used""]","Clear",0,33.846578,-84.367112,"Atlanta","FULTON","[""Motor Vehicle in Motion"",""Motor Vehicle in Motion""]","Changed Lanes Improperly","[""Motor Vehicle in Motion"",""Motor Vehicle in Motion""]"
0,0,"Atlanta Police Department","2022-07-06","Moreland Ave Ne and Mansfield Ave Ne","(O) No Injury","Daylight","On Roadway - Non-Intersection","Angle Crash","Moreland Ave Ne","Dry","07:30:00","[""Unknown"",""Unknown""]","Clear",0,33.76745,-84.34904,"Atlanta","FULTON","[""Motor Vehicle in Motion"",""Motor Vehicle in Motion""]","Changed Lanes Improperly","[""Motor Vehicle in Motion"",""Motor Vehicle in Motion""]"
0,0,"Atlanta Police Department","2022-07-06","Colquitt Ave Ne and N Highland Ave Ne","(O) No Injury","Daylight","On Roadway - Roadway Intersection","Angle Crash","N Highland Ave Ne","Dry","13:00:00","[""Lap and Shoulder Belt Used"",""Lap and Shoulder Belt Used""]","Clear",0,33.766617,-84.35314,"Atlanta","FULTON","[""Motor Vehicle in Motion"",""Motor Vehicle in Motion""]","Misjudged Clearance","[""Motor Vehicle in Motion"",""Motor Vehicle in Motion""]"
0,0,"Atlanta Police Department","2022-07-06","Terminus Pl and Piedmont Rd Ne","(C) Possible Injury / Complaint","Daylight","On Roadway - Roadway Intersection","Rear End","Piedmont Rd Ne","Dry","15:19:00","[""Lap and Shoulder Belt Used"",""Lap and Shoulder Belt Used"",""Lap and Shoulder Belt Used"",""Lap and Shoulder Belt Used""]","Clear",0,33.845688,-84.372419,"Atlanta","FULTON","[""Motor Vehicle in Motion"",""Motor Vehicle in Motion"",""Motor Vehicle in Motion""]","[""Inattentive or Other Distraction (Distracted)"",""Following Too Close""]","[""Motor Vehicle in Motion"",""Motor Vehicle in Motion"",""Motor Vehicle in Motion""]"
0,0,"Atlanta Police Department","2022-07-06","None and Ga-13","(O) No Injury","Daylight","On Roadway - Non-Intersection","Rear End","Ga-13","Dry","16:00:00","[""Unknown"",""Unknown""]","Clear",0,33.799622,-84.390484,"Atlanta","FULTON","[""Motor Vehicle in Motion"",""Motor Vehicle in Motion""]","Following Too Close","[""Motor Vehicle in Motion"",""Motor Vehicle in Motion""]"
0,0,"Atlanta Police Department","2022-07-06","I-75 and Exit 247","(C) Possible Injury / Complaint","Daylight","On Roadway - Non-Intersection","Rear End","I-75","Dry","17:00:00","Unknown","Clear",0,33.738934,-84.391736,"Atlanta","FULTON","[""Motor Vehicle in Motion"",""Motor Vehicle in Motion""]","Following Too Close","[""Motor Vehicle in Motion"",""Motor Vehicle in Motion""]"
0,0,"Atlanta Police Department","2022-07-06","Krog St Ne and Dekalb Ave Ne","(O) No Injury","Daylight","On Roadway - Roadway Intersection","Sideswipe-Same Direction","Dekalb Ave Ne","Dry","15:30:00","[""Unknown"",""Unknown""]","Clear",0,33.753491,-84.363868,"Atlanta","FULTON","[""Motor Vehicle in Motion"",""Motor Vehicle in Motion""]","Changed Lanes Improperly","Motor Vehicle in Motion"
0,0,"Atlanta Police Department","2022-07-06","None and North Ave Ne","(O) No Injury","Daylight","On Roadway - Non-Intersection","Sideswipe-Same Direction","North Ave Ne","Dry","11:00:00","[""Lap and Shoulder Belt Used"",""Lap and Shoulder Belt Used""]","Clear",0,33.771283,-84.384641,"Atlanta","FULTON","[""Motor Vehicle in Motion"",""Motor Vehicle in Motion""]","Changed Lanes Improperly","[""Motor Vehicle in Motion"",""Motor Vehicle in Motion""]"
0,0,"Atlanta Police Department","2022-07-06","Church St Nw and Donald Lee Hollowell Pkwy Nw","(C) Possible Injury / Complaint","Daylight","On Roadway - Roadway Intersection","Angle Crash","Donald Lee Hollowell Pkwy Nw","Dry","10:00:00","[""Unknown"",""Unknown""]","Clear",0,33.775779,-84.467937,"Atlanta","FULTON","[""Motor Vehicle in Motion"",""Motor Vehicle in Motion""]","Misjudged Clearance","[""Motor Vehicle in Motion"",""Motor Vehicle in Motion""]"
0,0,"Atlanta Police Department","2022-07-06","Lenox Rd Ne and Peachtree Rd Ne","(O) No Injury","Daylight","On Roadway - Roadway Intersection","Rear End","Lenox Rd Ne","Dry","13:30:00","[""Lap and Shoulder Belt Used"",""Lap and Shoulder Belt Used""]","Clear",0,33.850539,-84.362005,"Atlanta","FULTON","[""Motor Vehicle in Motion"",""Motor Vehicle in Motion""]","Following Too Close","[""Motor Vehicle in Motion"",""Motor Vehicle in Motion""]"
0,0,"Atlanta Police Department","2022-07-06","Burton Rd Nw and Hamilton E Holmes Dr Nw","(O) No Injury","Dark-Not Lighted","On Roadway - Non-Intersection","Sideswipe-Same Direction","Hamilton E Holmes Dr Nw","Dry","23:32:00","[""Unknown"",""Unknown"",""Unknown""]","Clear",0,33.755666,-84.46857,"Atlanta","FULTON","[""Motor Vehicle in Motion"",""Motor Vehicle in Motion""]","Improper Passing","Motor Vehicle in Motion"
0,0,"Atlanta Police Department","2022-07-06","Decatur St Se and Piedmont Ave Se","(O) No Injury","Daylight","On Roadway - Roadway Intersection","Sideswipe-Same Direction","Piedmont Ave Se","Dry","10:15:00","[""Lap and Shoulder Belt Used"",""Lap and Shoulder Belt Used"",""Lap and Shoulder Belt Used""]","Clear",0,33.751458,-84.385382,"Atlanta","FULTON","[""Motor Vehicle in Motion"",""Motor Vehicle in Motion""]",,"[""Motor Vehicle in Motion"",""Motor Vehicle in Motion""]"
0,0,"Atlanta Police Department","2022-07-06","3Rd St Nw and Spring St Nw","(O) No Injury","Daylight","On Roadway - Managed Lane (HOV, HOT, Reversible)","Angle Crash","3Rd St Nw","Dry","16:26:00","[""Unknown"",""Unknown""]","Clear",0,33.773874,-84.38883,"Atlanta","FULTON","[""Motor Vehicle in Motion"",""Motor Vehicle in Motion""]","Failure to Yield","[""Motor Vehicle in Motion"",""Motor Vehicle in Motion""]"
0,0,"Atlanta Police Department","2022-07-06","None and I-75","(O) No Injury","Daylight","On Roadway - Roadway Intersection","Rear End","I-75","Dry","17:45:00","[""Lap and Shoulder Belt Used"",""Lap and Shoulder Belt Used""]","Clear",0,33.724015,-84.393732,"Atlanta","FULTON","[""Motor Vehicle in Motion"",""Motor Vehicle in Motion""]","Following Too Close","[""Motor Vehicle in Motion"",""Motor Vehicle in Motion""]"
0,0,"Atlanta Police Department","2022-07-06","Northside Dr Sw and Greensferry Ave Sw","(C) Possible Injury / Complaint","Daylight","On Roadway - Roadway Intersection","Sideswipe-Same Direction","Greensferry Ave Sw","Dry","15:30:00","[""Lap and Shoulder Belt Used"",""Lap and Shoulder Belt Used""]","Clear",0,33.746253,-84.406551,"Atlanta","FULTON","[""Motor Vehicle in Motion"",""Motor Vehicle in Motion""]","Changed Lanes Improperly","[""Motor Vehicle in Motion"",""Motor Vehicle in Motion""]"
0,0,"Atlanta Police Department","2022-07-06","I-20 and I-285","(O) No Injury","Daylight","On Roadway - Roadway Intersection","Rear End","I-285","Dry","15:25:00","[""Lap and Shoulder Belt Used"",""Lap and Shoulder Belt Used""]","Clear",0,33.771842,-84.495989,"Atlanta","FULTON","[""Motor Vehicle in Motion"",""Motor Vehicle in Motion""]","Following Too Close","[""Motor Vehicle in Motion"",""Motor Vehicle in Motion""]"
0,0,"Atlanta Police Department","2022-07-06","Murphy Ave Sw and Ralph David Abernathy Blvd Sw","(C) Possible Injury / Complaint","Daylight","On Roadway - Roadway Intersection","Not a Collision with Motor Vehicle","Ralph David Abernathy Blvd Sw","Dry","18:00:00","[""Unknown"",""None Used""]","Clear",0,33.738252,-84.412393,"Atlanta","FULTON","[""Motor Vehicle in Motion"",""Motor Vehicle in Motion""]",,"Motor Vehicle in Motion"