"# Serious Injuries","# Visible Injuries","Agency Name (Crash Level) ","Date","Intersection Name (from Crash Report)","KABCO Severity","Light Conditions (Crash Level)","Location at Impact (Crash Level) ","Manner of Collision (Crash Level) ","Roadway (From Crash Report)","Surface Condition (Crash Level) ","Time","Safety Equipment (Crash Level) ","Weather Conditions (Crash Level)","# of Fatalities per Crash","Latitude","Longitude","Geolocated City","Geolocated County","First Harmful Event (Unit Order)","Operator/Pedestrian Contrib Factor (excl None, Other, No Contrib Factors)","Most Harmful Event (Crash Level)"
0,0,"Gsp Post 00","2022-07-07","I-75 Nb and Mount Paran Road","(O) No Injury","Daylight","On Roadway - Non-Intersection","Rear End","I-75 Nb","Dry","16:00:00","[""Lap and Shoulder Belt Used"",""Lap and Shoulder Belt Used""]","Clear",0,33.868522,-84.442227,"Atlanta","FULTON","[""Motor Vehicle in Motion"",""Motor Vehicle in Motion""]","Following Too Close","[""Motor Vehicle in Motion"",""Motor Vehicle in Motion""]"
0,0,"Atlanta Police Department","2022-07-07","Parker Ave and Glenwood Ave Se","(O) No Injury","Dark-Lighted","Off Roadway - Sidewalk","Not a Collision with Motor Vehicle","Glenwood Ave Se","Wet","04:03:00","Unknown","Clear",0,33.739832,-84.300809,"Atlanta","DEKALB","Utility Pole","Driver Lost Control","Utility Pole"
0,1,"Gsp Post 00","2022-07-07","I-285 North and Martin Luther King Junior Driv","(B) Suspected Minor/Visible Injury","Daylight","On Roadway - Non-Intersection","Rear End","I-285 North","Dry","15:20:00","[""Lap and Shoulder Belt Used"",""Lap and Shoulder Belt Used"",""Lap and Shoulder Belt Used"",""Lap and Shoulder Belt Used""]","Clear",0,33.75009,-84.496773,"Atlanta","FULTON","[""Motor Vehicle in Motion"",""Motor Vehicle in Motion"",""Motor Vehicle in Motion"",""Motor Vehicle in Motion""]","[""Inattentive or Other Distraction (Distracted)"",""Following Too Close""]","[""Motor Vehicle in Motion"",""Motor Vehicle in Motion"",""Motor Vehicle in Motion"",""Guard Rail Fence""]"
0,0,"Atlanta Police Department","2022-07-07","Randolph St Ne and John Wesley Dobbs Ave Ne","(O) No Injury","Daylight","On Roadway - Roadway Intersection","Sideswipe-Same Direction","Randolph St Ne","Dry","12:25:00","[""Lap and Shoulder Belt Used"",""Lap and Shoulder Belt Used"",""Lap and Shoulder Belt Used""]","Clear",0,33.759533,-84.367869,"Atlanta","FULTON","[""Motor Vehicle in Motion"",""Motor Vehicle in Motion""]",,"[""Motor Vehicle in Motion"",""Motor Vehicle in Motion""]"
0,0,"Gsp Post 00","2022-07-07","Interstate 7585 North and Martin Luther King Jr Drive Ov","(O) No Injury","Daylight","On Roadway - Non-Intersection","Sideswipe-Same Direction","Interstate 7585 North","Dry","18:00:00","[""Lap and Shoulder Belt Used"",""Lap and Shoulder Belt Used""]","Clear",0,33.748681,-84.383214,"Atlanta","FULTON","[""Motor Vehicle in Motion"",""Motor Vehicle in Motion""]","[""Changed Lanes Improperly"",""Failure to Yield""]","[""Motor Vehicle in Motion"",""Motor Vehicle in Motion""]"
0,0,"Atlanta Police Department","2022-07-07","Campbellton Rd Sw and Country Club Dr Sw","(O) No Injury","Daylight","On Roadway - Non-Intersection","Sideswipe-Same Direction","Campbellton Rd Sw","Dry","16:51:00","[""Unknown"",""Unknown""]","Clear",0,33.690441,-84.494255,"Atlanta","FULTON","[""Motor Vehicle in Motion"",""Motor Vehicle in Motion""]","Following Too Close","[""Motor Vehicle in Motion"",""Motor Vehicle in Motion""]"
0,0,"Atlanta Police Department","2022-07-07","I-20 E and W Lake Ave Sw","(O) No Injury","Daylight","On Roadway - Non-Intersection","Sideswipe-Opposite Direction","W Lake Ave Sw","Dry","14:41:00","[""Unknown"",""Unknown"",""Unknown""]","Clear",0,33.750453,-84.444153,"Atlanta","FULTON","[""Motor Vehicle in Motion"",""Motor Vehicle in Motion""]",,"[""Motor Vehicle in Motion"",""Motor Vehicle in Motion""]"
0,0,"Atlanta Police Department","2022-07-07","Cone St Nw and Marietta St Nw","(O) No Injury","Daylight","On Roadway - Non-Intersection","Rear End","Cone St Nw","Dry","08:30:00","Lap and Shoulder Belt Used","Clear",0,33.756731,-84.39171,"Atlanta","FULTON","[""Parked Motor Vehicle"",""Motor Vehicle in Motion""]","Parked Improperly","[""Parked Motor Vehicle"",""Motor Vehicle in Motion""]"
0,0,"Atlanta Police Department","2022-07-07","Lee St Sw and Poole Pl Sw","(O) No Injury","Daylight","On Roadway - Non-Intersection","Sideswipe-Same Direction","Poole Pl Sw","Wet","15:30:00","[""Unknown"",""Unknown"",""Unknown"",""Unknown""]","Clear",0,33.73907,-84.413829,"Atlanta","FULTON","[""Motor Vehicle in Motion"",""Motor Vehicle in Motion""]","[""Failure to Yield"",""Aggressive Driving""]","[""Motor Vehicle in Motion"",""Motor Vehicle in Motion""]"
0,0,"Gsp Post 00","2022-07-07","Hill St and I-20 Eb","(C) Possible Injury / Complaint","Daylight","On Roadway - Non-Intersection","Sideswipe-Same Direction","I-20 Eb","Dry","19:14:00","[""Unknown"",""Lap and Shoulder Belt Used"",""Lap Belt Only Used""]","Cloudy",0,33.743309,-84.375118,"Atlanta","FULTON","[""Motor Vehicle in Motion"",""Motor Vehicle in Motion""]",,"[""Motor Vehicle in Motion"",""Motor Vehicle in Motion""]"
0,0,"Atlanta Police Department","2022-07-07","Richland Rd Sw and Pinehurst Ter Sw","(O) No Injury","Daylight","On Shoulder","Not a Collision with Motor Vehicle","Pinehurst Ter Sw","Dry","15:17:00","[""Lap and Shoulder Belt Used"",""Lap and Shoulder Belt Used""]","Clear",0,33.731156,-84.431664,"Atlanta","FULTON","Mail Box","Misjudged Clearance","Mail Box"
0,0,"Atlanta Police Department","2022-07-07","None and I-75","(O) No Injury","Dark-Lighted","On Roadway - Non-Intersection","Rear End","I-75","Dry","21:55:00","[""Unknown"",""Unknown""]","Clear",0,33.798459,-84.396148,"Atlanta","FULTON","[""Motor Vehicle in Motion"",""Motor Vehicle in Motion""]",,"[""Motor Vehicle in Motion"",""Motor Vehicle in Motion""]"
0,0,"Atlanta Police Department","2022-07-07","Boulevard Se and Memorial Dr Se","(O) No Injury","Daylight","On Roadway - Roadway Intersection","Sideswipe-Same Direction","Boulevard Se","Dry","15:30:00","[""None Used"",""None Used""]","Clear",0,33.74698,-84.368104,"Atlanta","FULTON","[""Motor Vehicle in Motion"",""Motor Vehicle in Motion""]","Misjudged Clearance","[""Motor Vehicle in Motion"",""Motor Vehicle in Motion""]"
0,0,"Gsp Post 00","2022-07-07","I-75 Nb and West Paces Ferry Road","(O) No Injury","Daylight","On Roadway - Non-Intersection","Rear End","I-75 Nb","Dry","17:38:00","[""Lap and Shoulder Belt Used"",""Lap and Shoulder Belt Used""]","Cloudy",0,33.849255,-84.430827,"Atlanta","FULTON","[""Motor Vehicle in Motion"",""Motor Vehicle in Motion""]","[""Following Too Close"",""Occupant Distraction (Distracted)""]","[""Motor Vehicle in Motion"",""Motor Vehicle in Motion""]"
0,0,"Atlanta Police Department","2022-07-07","Anderson Ave Nw and Martin Luther King Jr Dr Sw","(C) Possible Injury / Complaint","Daylight","Off Roadway","Not a Collision with Motor Vehicle","Martin Luther King Jr Dr Sw","Dry","10:21:00","[""Unknown"",""Unknown""]","Clear",0,33.751092,-84.443986,"Atlanta","FULTON","[""Motor Vehicle in Motion"",""Pedestrian""]",,"Motor Vehicle in Motion"
0,0,"Atlanta Police Department","2022-07-07","Piedmont Rd Ne and Lindbergh Way Ne","(O) No Injury","Daylight","On Roadway - Roadway Intersection","Sideswipe-Opposite Direction","Piedmont Rd Ne","Dry","19:40:00","[""Unknown"",""Lap and Shoulder Belt Used""]","Clear",0,33.820525,-84.367558,"Atlanta","FULTON","[""Motor Vehicle in Motion"",""Motor Vehicle in Motion""]",,"[""Motor Vehicle in Motion"",""Motor Vehicle in Motion""]"
0,0,"Gsp Post 00","2022-07-07","None and I-7585 Sb Exit 247","(O) No Injury","Daylight","Entrance/Exit Ramp","Rear End","I-7585 Sb Exit 247","Dry","17:10:00","[""Unknown"",""Lap and Shoulder Belt Used""]","Clear",0,33.747537,-84.386929,"Atlanta","FULTON","[""Motor Vehicle in Motion"",""Motor Vehicle in Motion""]","Changed Lanes Improperly","[""Motor Vehicle in Motion"",""Motor Vehicle in Motion""]"
0,0,"Atlanta Police Department","2022-07-07","Oak St Sw and Joseph E Lowery Blvd Sw","(C) Possible Injury / Complaint","Daylight","On Roadway - Roadway Intersection","Angle Crash","Joseph E Lowery Blvd Sw","Dry","13:07:00","[""Lap and Shoulder Belt Used"",""Lap and Shoulder Belt Used""]","Clear",0,33.741092,-84.417611,"Atlanta","FULTON","[""Motor Vehicle in Motion"",""Motor Vehicle in Motion""]","Improper Turn","[""Motor Vehicle in Motion"",""Motor Vehicle in Motion""]"
0,0,"Gsp Post 00","2022-07-07","I-20 Wb and Holmes Drive","(O) No Injury","Daylight","On Roadway - Non-Intersection","Sideswipe-Same Direction","I-20 Wb","Dry","18:20:00","[""Unknown"",""Lap and Shoulder Belt Used""]","Clear",0,33.756213,-84.467646,"Atlanta","FULTON","[""Motor Vehicle in Motion"",""Motor Vehicle in Motion""]",,"[""Motor Vehicle in Motion"",""Motor Vehicle in Motion""]"
0,0,"Gsp Post 00","2022-07-07","Mt Paran Rd and Northside Pkwy","(O) No Injury","Daylight","On Roadway - Non-Intersection","Sideswipe-Same Direction","Northside Pkwy","Dry","11:34:00","[""Lap and Shoulder Belt Used"",""Lap and Shoulder Belt Used""]","Clear",0,33.863217,-84.438488,"Atlanta","FULTON","[""Motor Vehicle in Motion"",""Motor Vehicle in Motion""]","Improper Passing","[""Motor Vehicle in Motion"",""Motor Vehicle in Motion""]"
0,0,"Atlanta Police Department","2022-07-07","Spring St Nw and North Ave Nw","(O) No Injury","Daylight","On Roadway - Roadway Intersection","Sideswipe-Same Direction","North Ave Nw","Water (standing or moving)","14:24:00","[""Lap and Shoulder Belt Used"",""Lap and Shoulder Belt Used"",""Lap and Shoulder Belt Used""]","Clear",0,33.771238,-84.38843,"Atlanta","FULTON","[""Motor Vehicle in Motion"",""Motor Vehicle in Motion""]",,"[""Motor Vehicle in Motion"",""Motor Vehicle in Motion""]"
0,0,"South Fulton Police Department","2022-07-07","I-20 E. and Fulton Industrial Blvd.","(O) No Injury","Daylight","On Roadway - Non-Intersection","Rear End","I-20 E.","Dry","09:22:00","[""Unknown"",""Unknown""]","Clear",0,33.765981,-84.502008,"Atlanta","FULTON","[""Other/Unknown"",""Motor Vehicle in Motion""]",,"Motor Vehicle in Motion"
0,0,"Gsp Post 00","2022-07-07","I-7585 S and University Ave","(O) No Injury","Daylight","On Roadway - Non-Intersection","Rear End","I-7585 S","Dry","15:40:00","[""Lap and Shoulder Belt Used"",""Lap and Shoulder Belt Used""]","Clear",0,33.696998,-84.404712,"Atlanta","FULTON","[""Motor Vehicle in Motion"",""Motor Vehicle in Motion""]","Following Too Close","[""Motor Vehicle in Motion"",""Motor Vehicle in Motion""]"
0,0,"Gsp Post 00","2022-07-07","Armour Dr and I-85 South","(O) No Injury","Daylight","On Roadway - Non-Intersection","Sideswipe-Same Direction","I-85 South","Dry","13:48:00","[""Unknown"",""Lap and Shoulder Belt Used""]","Cloudy",0,33.796036,-84.393678,"Atlanta","FULTON","[""Motor Vehicle in Motion"",""Motor Vehicle in Motion""]","Changed Lanes Improperly","[""Motor Vehicle in Motion"",""Motor Vehicle in Motion""]"
0,0,"Atlanta Police Department","2022-07-07","Avon Ave Sw and Oakland Dr Sw","(O) No Injury","Daylight","On Roadway - Driveway Intersection","Sideswipe-Opposite Direction","Oakland Dr Sw","Dry","12:30:00","[""Unknown"",""Unknown""]","Clear",0,33.722254,-84.427438,"Atlanta","FULTON","[""Motor Vehicle in Motion"",""Motor Vehicle in Motion""]",,"[""Motor Vehicle in Motion"",""Motor Vehicle in Motion""]"
0,0,"Atlanta Police Department","2022-07-07","Howell Mill Rd Nw and Chattahoochee Ave Nw","(O) No Injury","Daylight","On Roadway - Non-Intersection","Angle Crash","Chattahoochee Ave Nw","Dry","19:00:00","[""Lap and Shoulder Belt Used"",""Lap and Shoulder Belt Used"",""Lap and Shoulder Belt Used""]","Clear",0,33.799616,-84.416704,"Atlanta","FULTON","[""Motor Vehicle in Motion"",""Motor Vehicle in Motion""]","Improper Turn","[""Motor Vehicle in Motion"",""Motor Vehicle in Motion""]"
0,0,"Atlanta Police Department","2022-07-07","Wilson Rd Se and Southside Industrial Pkwy Se","(O) No Injury","Daylight","On Roadway - Driveway Intersection","Rear End","Southside Industrial Pkwy Se","Dry","15:00:00","[""Lap and Shoulder Belt Used"",""Lap and Shoulder Belt Used""]","Clear",0,33.652289,-84.384946,"Atlanta","FULTON","[""Motor Vehicle in Motion"",""Motor Vehicle in Motion""]","Following Too Close","[""Motor Vehicle in Motion"",""Motor Vehicle in Motion""]"
0,0,"Gsp Post 00","2022-07-07","Public Road and Fairburn Road Southbound","(O) No Injury","Daylight","On Roadway - Non-Intersection","Sideswipe-Same Direction","Fairburn Road Southbound","Wet","18:41:00","[""None Used"",""None Used"",""Lap and Shoulder Belt Used""]","Cloudy",0,33.738654,-84.51012,"Atlanta","FULTON","[""Motor Vehicle in Motion"",""Motor Vehicle in Motion""]","[""Reckless Driving"",""Exceeding Speed Limit"",""Disregard Police - Evasion""]","[""Motor Vehicle in Motion"",""Motor Vehicle in Motion""]"
0,0,"Atlanta Police Department","2022-07-07","Monroe Dr Ne and Ponce De Leon Ave Ne","(O) No Injury","Daylight","On Roadway - Roadway Intersection","Angle Crash","Monroe Dr Ne","Dry","17:04:00","[""Unknown"",""Unknown"",""Unknown"",""Unknown""]","Cloudy",0,33.773668,-84.370898,"Atlanta","FULTON","[""Motor Vehicle in Motion"",""Motor Vehicle in Motion""]","Improper Turn","[""Motor Vehicle in Motion"",""Motor Vehicle in Motion""]"
0,0,"Atlanta Police Department","2022-07-07","None and I-20","(C) Possible Injury / Complaint","Daylight","On Roadway - Driveway Intersection","Rear End","I-20","Dry","14:39:00","[""Lap and Shoulder Belt Used"",""Lap and Shoulder Belt Used""]","Clear",0,33.74144,-84.412489,"Atlanta","FULTON","[""Motor Vehicle in Motion"",""Motor Vehicle in Motion""]",,"[""Motor Vehicle in Motion"",""Motor Vehicle in Motion""]"
0,0,"Atlanta Police Department","2022-07-07","I-285 W and Jonesboro Rd Se","(O) No Injury","Dark-Lighted","On Roadway - Roadway Intersection","Angle Crash","Jonesboro Rd Se","Dry","22:40:00","[""Unknown"",""Lap and Shoulder Belt Used""]","Clear",0,33.652258,-84.367235,"Atlanta","FULTON","[""Motor Vehicle in Motion"",""Motor Vehicle in Motion""]","Disregard Stop Sign/Signal","[""Motor Vehicle in Motion"",""Motor Vehicle in Motion""]"
0,0,"Atlanta Police Department","2022-07-07","Custer Way Se and Custer Ave Se","(C) Possible Injury / Complaint","Daylight","On Roadway - Non-Intersection","Rear End","Custer Ave Se","Dry","16:56:00","[""Unknown"",""Unknown""]","Clear",0,33.71569,-84.352848,"Atlanta","FULTON","[""Motor Vehicle in Motion"",""Motor Vehicle in Motion""]","Following Too Close","[""Motor Vehicle in Motion"",""Motor Vehicle in Motion""]"
0,0,"Atlanta Police Department","2022-07-07","Baker St Nw and Marietta St Nw","(O) No Injury","Daylight","On Roadway - Roadway Intersection","Angle Crash","Marietta St Nw","Dry","14:00:00","[""Lap and Shoulder Belt Used"",""Lap and Shoulder Belt Used"",""Lap and Shoulder Belt Used""]","Clear",0,33.761308,-84.395984,"Atlanta","FULTON","[""Motor Vehicle in Motion"",""Motor Vehicle in Motion""]","Failure to Yield","[""Motor Vehicle in Motion"",""Motor Vehicle in Motion""]"
0,0,"Atlanta Police Department","2022-07-07","North Ave Ne and John Lewis Freedom Pkwy Ne","(C) Possible Injury / Complaint","Daylight","On Roadway - Roadway Intersection","Rear End","John Lewis Freedom Pkwy Ne","Dry","15:41:00","[""Lap and Shoulder Belt Used"",""Lap and Shoulder Belt Used"",""Lap and Shoulder Belt Used""]","Clear",0,33.770764,-84.359382,"Atlanta","FULTON","[""Motor Vehicle in Motion"",""Motor Vehicle in Motion"",""Motor Vehicle in Motion""]",,"[""Motor Vehicle in Motion"",""Motor Vehicle in Motion"",""Motor Vehicle in Motion""]"
0,0,"Atlanta Police Department","2022-07-07","I-75 and Ralph David Abernathy Blvd Sw","(C) Possible Injury / Complaint","Daylight","On Roadway - Non-Intersection","Sideswipe-Same Direction","I-75","Dry","16:25:00","[""Unknown"",""Unknown""]","Clear",0,33.738935,-84.391736,"Atlanta","FULTON","[""Motor Vehicle in Motion"",""Motor Vehicle in Motion""]","Changed Lanes Improperly","Motor Vehicle in Motion"
0,0,"Atlanta Police Department","2022-07-07","Fairburn Rd Sw and Redwine Pkwy Sw","(O) No Injury","Daylight","On Roadway - Roadway Intersection","Sideswipe-Opposite Direction","Fairburn Rd Sw","Dry","15:03:00","[""None Used"",""None Used""]","Clear",0,33.667867,-84.51599,"Atlanta","FULTON","[""Motor Vehicle in Motion"",""Motor Vehicle in Motion""]","Improper Turn","[""Motor Vehicle in Motion"",""Motor Vehicle in Motion""]"
0,0,"Gsp Post 00","2022-07-07","None and I-20 Wb Exit Ramp To Lee Stp","(O) No Injury","Daylight","On Roadway - Roadway Intersection","Sideswipe-Same Direction","I-20 Wb Exit Ramp To Lee Stp","Dry","17:30:00","[""Lap and Shoulder Belt Used"",""Lap and Shoulder Belt Used""]","Clear",0,33.741824,-84.413965,"Atlanta","FULTON","[""Motor Vehicle in Motion"",""Motor Vehicle in Motion""]",,"[""Motor Vehicle in Motion"",""Motor Vehicle in Motion""]"
0,0,"Atlanta Police Department","2022-07-07","Perry Blvd Nw and Mary George Ave Nw","(O) No Injury","Daylight","On Roadway - Non-Intersection","Not a Collision with Motor Vehicle","Perry Blvd Nw","Dry","11:00:00","Lap and Shoulder Belt Used","Clear",0,33.805798,-84.464582,"Atlanta","FULTON","Other Non-Collision","Reaction to Object or Animal","Tree"
0,0,"Atlanta Police Department","2022-07-07","Lenox Rd Ne and Piedmont Rd Ne","(C) Possible Injury / Complaint","Daylight","On Roadway - Non-Intersection","Rear End","Piedmont Rd Ne","Dry","15:30:00","[""Lap and Shoulder Belt Used"",""Lap and Shoulder Belt Used"",""Lap and Shoulder Belt Used""]","Clear",0,33.848415,-84.374001,"Atlanta","FULTON","[""Motor Vehicle in Motion"",""Motor Vehicle in Motion"",""Motor Vehicle in Motion""]","Following Too Close","[""Motor Vehicle in Motion"",""Motor Vehicle in Motion"",""Motor Vehicle in Motion""]"
0,0,"Atlanta Police Department","2022-07-07","I-20 E and Joseph E Lowery Blvd Sw","(O) No Injury","Daylight","On Roadway - Roadway Intersection","Angle Crash","Joseph E Lowery Blvd Sw","Dry","17:03:00","[""Unknown"",""Unknown""]","Clear",0,33.741202,-84.417626,"Atlanta","FULTON","[""Motor Vehicle in Motion"",""Motor Vehicle in Motion""]",,"[""Motor Vehicle in Motion"",""Motor Vehicle in Motion""]"
0,0,"Atlanta Police Department","2022-07-07","Metropolitan Pkwy Sw and Ralph David Abernathy Blvd Sw","(C) Possible Injury / Complaint","Daylight","On Roadway - Roadway Intersection","Angle Crash","Ralph David Abernathy Blvd Sw","Dry","12:40:00","[""Unknown"",""Lap and Shoulder Belt Used""]","Clear",0,33.738155,-84.408148,"Atlanta","FULTON","[""Motor Vehicle in Motion"",""Motor Vehicle in Motion""]","Disregard Other Traffic Control","[""Motor Vehicle in Motion"",""Motor Vehicle in Motion""]"
0,0,"Atlanta Police Department","2022-07-07","Hilliard St Se and Edgewood Ave Se","(O) No Injury","Daylight","On Roadway - Roadway Intersection","Rear End","Edgewood Ave Se","Dry","21:00:00","[""None Used"",""Unknown""]","Clear",0,33.754369,-84.376456,"Atlanta","FULTON","[""Motor Vehicle in Motion"",""Motor Vehicle in Motion""]","Following Too Close","[""Motor Vehicle in Motion"",""Motor Vehicle in Motion""]"
0,1,"Atlanta Police Department","2022-07-07","None and I-75","(B) Suspected Minor/Visible Injury","Daylight","On Roadway - Non-Intersection","Angle Crash","I-75","Wet","15:20:00","[""Unknown"",""Unknown"",""Unknown"",""Unknown"",""Unknown"",""Child Restraint System (Properly Used)"",""Child Restraint System (Properly Used)""]","Clear",0,33.701408,-84.40421,"Atlanta","FULTON","[""Motor Vehicle in Motion"",""Motor Vehicle in Motion"",""Motor Vehicle in Motion"",""Motor Vehicle in Motion""]","Too Fast for Conditions","[""Motor Vehicle in Motion"",""Motor Vehicle in Motion"",""Motor Vehicle in Motion"",""Motor Vehicle in Motion""]"
0,0,"Atlanta Police Department","2022-07-07","None and Ellsworth Dr Nw","(O) No Injury","Dark-Lighted","On Roadway - Managed Lane (HOV, HOT, Reversible)","Sideswipe-Same Direction","Ellsworth Dr Nw","Dry","00:30:00","Unknown","Clear",0,33.801814,-84.427013,"Atlanta","FULTON","[""Parked Motor Vehicle"",""Motor Vehicle in Motion""]",,"[""Parked Motor Vehicle"",""Motor Vehicle in Motion""]"
0,0,"Atlanta Police Department","2022-07-07","None and I-285","(O) No Injury","Dark-Not Lighted","On Roadway - Non-Intersection","Rear End","I-285","Dry","03:22:00","[""Lap and Shoulder Belt Used"",""Lap and Shoulder Belt Used""]","Clear",0,33.715079,-84.500986,"Atlanta","FULTON","[""Motor Vehicle in Motion"",""Motor Vehicle in Motion""]","Following Too Close","[""Motor Vehicle in Motion"",""Motor Vehicle in Motion""]"
0,0,"Atlanta Police Department","2022-07-07","Piedmont Rd Ne and Piedmont Cir Ne","(O) No Injury","Daylight","On Roadway - Roadway Intersection","Rear End","Piedmont Rd Ne","Wet","14:28:00","[""Lap and Shoulder Belt Used"",""Lap and Shoulder Belt Used""]","Cloudy",0,33.808229,-84.365892,"Atlanta","FULTON","[""Motor Vehicle in Motion"",""Motor Vehicle in Motion""]",,"[""Motor Vehicle in Motion"",""Motor Vehicle in Motion""]"
0,0,"Atlanta Police Department","2022-07-07","Brownlee Rd Nw and Martin Luther King Jr Dr Sw","(O) No Injury","Daylight","On Roadway - Roadway Intersection","Angle Crash","Brownlee Rd Nw","Dry","14:10:00","[""Unknown"",""Lap and Shoulder Belt Used""]","Clear",0,33.755727,-84.500181,"Atlanta","FULTON","[""Motor Vehicle in Motion"",""Motor Vehicle in Motion""]","Improper Turn","[""Motor Vehicle in Motion"",""Motor Vehicle in Motion""]"
0,0,"Gsp Post 00","2022-07-07","I-7585 Nb and Memorial Drive","(O) No Injury","Daylight","On Roadway - Non-Intersection","Rear End","I-7585 Nb","Dry","15:39:00","[""Lap and Shoulder Belt Used"",""Lap and Shoulder Belt Used""]","Clear",0,33.746757,-84.387517,"Atlanta","FULTON","[""Motor Vehicle in Motion"",""Motor Vehicle in Motion""]","[""Driver Condition"",""Following Too Close""]","[""Motor Vehicle in Motion"",""Motor Vehicle in Motion""]"
0,0,"Atlanta Police Department","2022-07-07","17Th St Ne and W Peachtree St Ne","(O) No Injury","Daylight","On Roadway - Managed Lane (HOV, HOT, Reversible)","Rear End","17Th St Ne","Dry","11:23:00","[""Lap and Shoulder Belt Used"",""Unknown""]","Cloudy",0,33.791864,-84.387768,"Atlanta","FULTON","[""Motor Vehicle in Motion"",""Motor Vehicle in Motion""]","Following Too Close","[""Motor Vehicle in Motion"",""Motor Vehicle in Motion""]"
0,0,"Gsp Post 00","2022-07-07","Ga-400 North and Sidney Marcus Blvd","(O) No Injury","Daylight","On Roadway - Non-Intersection","Rear End","Ga-400 North","Dry","18:18:00","[""Lap and Shoulder Belt Used"",""Lap and Shoulder Belt Used""]","Cloudy",0,33.84471,-84.364389,"Atlanta","FULTON","[""Motor Vehicle in Motion"",""Motor Vehicle in Motion""]","Following Too Close","[""Motor Vehicle in Motion"",""Motor Vehicle in Motion""]"
0,0,"Atlanta Police Department","2022-07-07","Delowe Dr Sw and Campbellton Rd Sw","(O) No Injury","Daylight","On Roadway - Non-Intersection","Rear End","Campbellton Rd Sw","Dry","17:54:00","[""Lap and Shoulder Belt Used"",""Lap and Shoulder Belt Used""]","Clear",0,33.70641,-84.457548,"Atlanta","FULTON","[""Motor Vehicle in Motion"",""Motor Vehicle in Motion""]",,"[""Motor Vehicle in Motion"",""Motor Vehicle in Motion""]"
0,0,"Atlanta Police Department","2022-07-07","Northside Dr Nw and Peachtree Battle Ave Nw","(O) No Injury","Daylight","On Roadway - Roadway Intersection","Sideswipe-Same Direction","Northside Dr Nw","Dry","09:30:00","[""Unknown"",""Unknown""]","Clear",0,33.824134,-84.40756,"Atlanta","FULTON","[""Motor Vehicle in Motion"",""Motor Vehicle in Motion""]","Improper Turn","[""Motor Vehicle in Motion"",""Motor Vehicle in Motion""]"
0,0,"Atlanta Police Department","2022-07-07","N Highland Ave Ne and Blue Ridge Ave Ne","(O) No Injury","Daylight","On Roadway - Roadway Intersection","Sideswipe-Same Direction","Blue Ridge Ave Ne","Dry","17:01:00","Unknown","Clear",0,33.772429,-84.351896,"Atlanta","FULTON","[""Parked Motor Vehicle"",""Motor Vehicle in Motion""]",,"[""Parked Motor Vehicle"",""Motor Vehicle in Motion""]"
0,0,"Atlanta Police Department","2022-07-07","None and I-20 Rp","(O) No Injury","Daylight","On Roadway - Roadway Intersection","Angle Crash","I-20 Rp","Dry","17:20:00","[""Lap and Shoulder Belt Used"",""Lap and Shoulder Belt Used""]","Cloudy",0,33.726746,-84.323835,"Atlanta","DEKALB","[""Motor Vehicle in Motion"",""Motor Vehicle in Motion""]","Failure to Yield","[""Motor Vehicle in Motion"",""Motor Vehicle in Motion""]"
0,0,"Gsp Post 00","2022-07-07","I-7585 Nb and Decatur Street","(C) Possible Injury / Complaint","Daylight","On Roadway - Non-Intersection","Rear End","I-7585 Nb","Dry","17:50:00","[""Lap and Shoulder Belt Used"",""Lap and Shoulder Belt Used"",""Lap and Shoulder Belt Used"",""Lap and Shoulder Belt Used"",""Lap and Shoulder Belt Used"",""Lap and Shoulder Belt Used"",""Lap and Shoulder Belt Used"",""Lap and Shoulder Belt Used""]","Cloudy",0,33.749491,-84.382453,"Atlanta","FULTON","[""Motor Vehicle in Motion"",""Motor Vehicle in Motion"",""Motor Vehicle in Motion""]","[""Driver Condition"",""Following Too Close""]","[""Motor Vehicle in Motion"",""Motor Vehicle in Motion"",""Motor Vehicle in Motion""]"
0,0,"Atlanta Police Department","2022-07-07","Rumson Rd Ne and Peachtree Rd Ne","(O) No Injury","Daylight","On Roadway - Non-Intersection","Sideswipe-Same Direction","Peachtree Rd Ne","Dry","11:10:00","[""Unknown"",""Unknown"",""Unknown"",""Unknown""]","Clear",0,33.831323,-84.385639,"Atlanta","FULTON","[""Motor Vehicle in Motion"",""Motor Vehicle in Motion""]",,"[""Motor Vehicle in Motion"",""Motor Vehicle in Motion""]"
0,0,"Gsp Post 00","2022-07-07","I-7585 Conn Nb and Decatur St Overpass","(O) No Injury","Daylight","On Roadway - Non-Intersection","Rear End","I-7585 Conn Nb","Dry","14:02:00","[""Lap and Shoulder Belt Used"",""Lap and Shoulder Belt Used"",""Lap and Shoulder Belt Used""]","Cloudy",0,33.748751,-84.383621,"Atlanta","FULTON","[""Motor Vehicle in Motion"",""Motor Vehicle in Motion""]","Following Too Close","[""Motor Vehicle in Motion"",""Motor Vehicle in Motion""]"
0,1,"Atlanta Police Department","2022-07-07","None and I-20","(B) Suspected Minor/Visible Injury","Dark-Not Lighted","On Roadway - Non-Intersection","Angle Crash","I-20","Dry","21:46:00","[""Lap and Shoulder Belt Used"",""Lap and Shoulder Belt Used"",""Lap and Shoulder Belt Used"",""Lap and Shoulder Belt Used"",""Lap and Shoulder Belt Used""]","Clear",0,33.751209,-84.445268,"Atlanta","FULTON","[""Parked Motor Vehicle"",""Motor Vehicle in Motion""]","[""Changed Lanes Improperly"",""Too Fast for Conditions""]","[""Motor Vehicle in Motion"",""Motor Vehicle in Motion""]"