"# Serious Injuries","# Visible Injuries","Agency Name (Crash Level) ","Date","Intersection Name (from Crash Report)","KABCO Severity","Light Conditions (Crash Level)","Location at Impact (Crash Level) ","Manner of Collision (Crash Level) ","Roadway (From Crash Report)","Surface Condition (Crash Level) ","Time","Safety Equipment (Crash Level) ","Weather Conditions (Crash Level)","# of Fatalities per Crash","Latitude","Longitude","Geolocated City","Geolocated County","First Harmful Event (Unit Order)","Operator/Pedestrian Contrib Factor (excl None, Other, No Contrib Factors)","Most Harmful Event (Crash Level)"
0,0,"Gsp Post 00","2022-07-07","None and Greenbriar Parkway","(O) No Injury","Daylight","On Roadway - Non-Intersection","Sideswipe-Same Direction","Greenbriar Parkway","Dry","21:32:00","[""Unknown"",""Lap and Shoulder Belt Used""]","Clear",0,33.686322,-84.494446,"Atlanta","FULTON","[""Motor Vehicle in Motion"",""Motor Vehicle in Motion""]","[""Exceeding Speed Limit"",""Reckless Driving"",""Disregard Police - Evasion""]","[""Utility Pole"",""Motor Vehicle in Motion""]"
0,0,"Atlanta Police Department","2022-07-07","10Th St Nw and State St Nw","(O) No Injury","Daylight","On Roadway - Roadway Intersection","Rear End","State St Nw","Dry","11:40:00","[""Lap and Shoulder Belt Used"",""Lap and Shoulder Belt Used""]","Clear",0,33.781512,-84.399148,"Atlanta","FULTON","[""Motor Vehicle in Motion"",""Motor Vehicle in Motion""]","Following Too Close","[""Motor Vehicle in Motion"",""Motor Vehicle in Motion""]"
0,0,"Atlanta Police Department","2022-07-07","Lynwyn Ln Se and Moreland Ave Se","(O) No Injury","Daylight","Off Roadway - Sidewalk","Not a Collision with Motor Vehicle","Moreland Ave Se","Dry","19:48:00","Unknown","Clear",0,33.718731,-84.349501,"Atlanta","FULTON","Other Non-Collision","Misjudged Clearance","Tree"
0,0,"Atlanta Police Department","2022-07-07","Langhorn St Sw and Ralph David Abernathy Blvd Sw","(O) No Injury","Daylight","On Roadway - Non-Intersection","Rear End","Langhorn St Sw","Dry","15:00:00","[""Unknown"",""Unknown""]","Clear",0,33.739026,-84.432405,"Atlanta","FULTON","[""Motor Vehicle in Motion"",""Motor Vehicle in Motion""]","Following Too Close","[""Motor Vehicle in Motion"",""Motor Vehicle in Motion""]"
0,0,"Atlanta Police Department","2022-07-08","Wieuca Rd and Phipps Blvd Ne","(O) No Injury","Daylight","On Roadway - Driveway Intersection","Sideswipe-Same Direction","Phipps Blvd Ne","Dry","12:37:00","[""Unknown"",""Unknown""]","Clear",0,33.855656,-84.361068,"Atlanta","FULTON","[""Motor Vehicle in Motion"",""Motor Vehicle in Motion""]","Changed Lanes Improperly","[""Motor Vehicle in Motion"",""Motor Vehicle in Motion""]"
0,1,"Gsp Post 00","2022-07-08","Alice St and Central Ave","(B) Suspected Minor/Visible Injury","Dark-Lighted","On Roadway - Roadway Intersection","Angle Crash","Central Ave","Wet","10:00:00","[""Lap and Shoulder Belt Used"",""Lap and Shoulder Belt Used""]","Rain",0,33.742574,-84.393392,"Atlanta","FULTON","[""Motor Vehicle in Motion"",""Motor Vehicle in Motion""]","[""Disregard Stop Sign/Signal"",""Failure to Yield""]","[""Motor Vehicle in Motion"",""Motor Vehicle in Motion""]"
0,0,"Dekalb Co Police Department","2022-07-08","Eastland Rd and Moreland Ave","(O) No Injury","Daylight","On Roadway - Non-Intersection","Rear End","Moreland Ave","Dry","18:50:00","[""Lap and Shoulder Belt Used"",""Lap and Shoulder Belt Used""]","Clear",0,33.720597,-84.349487,"Atlanta","FULTON","[""Motor Vehicle in Motion"",""Motor Vehicle in Motion""]","Following Too Close","[""Motor Vehicle in Motion"",""Motor Vehicle in Motion""]"
0,0,"Atlanta Police Department","2022-07-08","Amsterdam Ave Ne and N Highland Ave Ne","(O) No Injury","Daylight","Off Roadway","Angle Crash","N Highland Ave Ne","Dry","19:00:00","[""Lap and Shoulder Belt Used"",""Lap and Shoulder Belt Used""]","Clear",0,33.787593,-84.355371,"Atlanta","FULTON","[""Motor Vehicle in Motion"",""Motor Vehicle in Motion""]",,"[""Motor Vehicle in Motion"",""Motor Vehicle in Motion""]"
0,2,"Atlanta Police Department","2022-07-08","Hollywood Rd Nw and Donald Lee Hollowell Pkwy Nw","(B) Suspected Minor/Visible Injury","Dark-Lighted","On Roadway - Non-Intersection","Head On","Donald Lee Hollowell Pkwy Nw","Dry","04:24:00","[""Unknown"",""Unknown"",""Unknown""]","Clear",0,33.776146,-84.449034,"Atlanta","FULTON","[""Motor Vehicle in Motion"",""Motor Vehicle in Motion""]","Driver Lost Control","[""Other Non-Collision"",""Motor Vehicle in Motion""]"
0,0,"Atlanta Police Department","2022-07-08","14Th St Nw and Atlantic Dr Nw","(O) No Injury","Daylight","On Roadway - Roadway Intersection","Angle Crash","14Th St Nw","Dry","16:21:00","[""Unknown"",""Unknown""]","Clear",0,33.786188,-84.397636,"Atlanta","FULTON","[""Motor Vehicle in Motion"",""Motor Vehicle in Motion""]",,"[""Motor Vehicle in Motion"",""Motor Vehicle in Motion""]"
0,0,"Atlanta Police Department","2022-07-08","Joseph E Lowery Blvd Nw and Martin Luther King Jr Dr Nw","(C) Possible Injury / Complaint","Daylight","On Roadway - Roadway Intersection","Sideswipe-Same Direction","Joseph E Lowery Blvd Nw","Dry","14:20:00","[""Unknown"",""Lap and Shoulder Belt Used""]","Clear",0,33.754713,-84.417565,"Atlanta","FULTON","[""Motor Vehicle in Motion"",""Motor Vehicle in Motion""]","[""Aggressive Driving"",""Changed Lanes Improperly""]","[""Motor Vehicle in Motion"",""Motor Vehicle in Motion""]"
0,0,"Atlanta Police Department","2022-07-08","Collier Rd Nw and Peachtree Rd Ne","(O) No Injury","Daylight","On Roadway - Non-Intersection","Sideswipe-Same Direction","Peachtree Rd Ne","Dry","15:00:00","[""Shoulder Belt Only Used"",""Shoulder Belt Only Used""]","Clear",0,33.806696,-84.39389,"Atlanta","FULTON","[""Motor Vehicle in Motion"",""Motor Vehicle in Motion""]","Disregard Other Traffic Control","[""Motor Vehicle in Motion"",""Motor Vehicle in Motion""]"
0,0,"Atlanta Police Department","2022-07-08","14Th St Nw and Williams St Nw","(O) No Injury","Dark-Lighted","On Roadway - Roadway Intersection","Head On","14Th St Nw","Dry","00:30:00","[""Lap and Shoulder Belt Used"",""Lap and Shoulder Belt Used""]","Clear",0,33.786698,-84.390415,"Atlanta","FULTON","[""Motor Vehicle in Motion"",""Motor Vehicle in Motion""]","[""Failure to Yield"",""Failure to Yield""]","[""Motor Vehicle in Motion"",""Motor Vehicle in Motion""]"
0,0,"Atlanta Police Department","2022-07-08","Adina Dr Ne and Lindbergh Dr Ne","(O) No Injury","Daylight","On Roadway - Roadway Intersection","Sideswipe-Opposite Direction","Adina Dr Ne","Water (standing or moving)","20:10:00","[""Lap and Shoulder Belt Used"",""Lap and Shoulder Belt Used""]","Cloudy",0,33.820714,-84.363248,"Atlanta","FULTON","[""Motor Vehicle in Motion"",""Parked Motor Vehicle""]","Improper Turn","[""Motor Vehicle in Motion"",""Parked Motor Vehicle""]"
0,0,"Atlanta Police Department","2022-07-08","Spruce St Ne and Dekalb Ave Ne","(C) Possible Injury / Complaint","Daylight","On Roadway - Roadway Intersection","Angle Crash","Spruce St Ne","Wet","17:42:00","[""Unknown"",""Unknown"",""Unknown"",""Unknown""]","Clear",0,33.754002,-84.361195,"Atlanta","FULTON","[""Motor Vehicle in Motion"",""Motor Vehicle in Motion"",""Motor Vehicle in Motion""]",,"[""Motor Vehicle in Motion"",""Motor Vehicle in Motion"",""Motor Vehicle in Motion""]"
0,0,"Atlanta Police Department","2022-07-08","Chester Ave Se and Old Flat Shoals Rd Se","(O) No Injury","Daylight","On Roadway - Non-Intersection","Angle Crash","Old Flat Shoals Rd Se","Wet","18:30:00","[""Lap and Shoulder Belt Used"",""Lap and Shoulder Belt Used"",""Lap and Shoulder Belt Used""]","Cloudy",0,33.744997,-84.360625,"Atlanta","FULTON","[""Motor Vehicle in Motion"",""Motor Vehicle in Motion""]","Failure to Yield","[""Motor Vehicle in Motion"",""Motor Vehicle in Motion""]"
0,0,"Atlanta Police Department","2022-07-08","Rumson Rd Ne and Peachtree Rd Ne","(O) No Injury","Daylight","On Roadway - Roadway Intersection","Rear End","Peachtree Rd Ne","Dry","11:30:00","[""Unknown"",""Unknown""]","Clear",0,33.831485,-84.385475,"Atlanta","FULTON","[""Motor Vehicle in Motion"",""Motor Vehicle in Motion""]","Following Too Close","[""Motor Vehicle in Motion"",""Motor Vehicle in Motion""]"
0,0,"Gsp Post 00","2022-07-08","I-7585N and Freedom Parkway","(O) No Injury","Daylight","On Roadway - Non-Intersection","Rear End","I-7585N","Dry","11:00:00","[""Unknown"",""Lap and Shoulder Belt Used""]","Clear",0,33.781504,-84.390851,"Atlanta","FULTON","[""Motor Vehicle in Motion"",""Motor Vehicle in Motion""]","Changed Lanes Improperly","[""Motor Vehicle in Motion"",""Motor Vehicle in Motion""]"
0,0,"Atlanta Police Department","2022-07-08","Park St Sw and Joseph E Lowery Blvd Sw","(O) No Injury","Daylight","On Roadway - Roadway Intersection","Rear End","Joseph E Lowery Blvd Sw","Dry","13:30:00","[""Unknown"",""Unknown""]","Clear",0,33.741847,-84.417619,"Atlanta","FULTON","[""Motor Vehicle in Motion"",""Motor Vehicle in Motion""]","[""Improper Turn"",""Failure to Yield""]","[""Motor Vehicle in Motion"",""Motor Vehicle in Motion""]"
0,0,"Atlanta Police Department","2022-07-08","Memorial Dr Se and Moreland Ave Se","(O) No Injury","Daylight","On Roadway - Non-Intersection","Angle Crash","Moreland Ave Se","Dry","13:30:00","[""Unknown"",""Lap and Shoulder Belt Used"",""Lap and Shoulder Belt Used""]","Clear",0,33.747189,-84.349216,"Atlanta","FULTON","[""Motor Vehicle in Motion"",""Motor Vehicle in Motion"",""Motor Vehicle in Motion""]",,"[""Motor Vehicle in Motion"",""Motor Vehicle in Motion"",""Motor Vehicle in Motion""]"
0,0,"Atlanta Police Department","2022-07-08","None and I-285","(O) No Injury","Dark-Not Lighted","On Roadway - Non-Intersection","Rear End","I-285","Dry","23:08:00","[""Unknown"",""Unknown"",""Unknown""]","Clear",0,33.749276,-84.497103,"Atlanta","FULTON","[""Motor Vehicle in Motion"",""Motor Vehicle in Motion""]","Following Too Close","Motor Vehicle in Motion"
0,0,"Atlanta Police Department","2022-07-08","Camp Creek Pkwy Sw and Welcome All Rd Conn","(C) Possible Injury / Complaint","Daylight","On Roadway - Roadway Intersection","Rear End","Camp Creek Pkwy Sw","Dry","15:00:00","Unknown","Clear",0,33.656525,-84.520809,"East Point","FULTON","[""Motor Vehicle in Motion"",""Motor Vehicle in Motion""]","Inattentive or Other Distraction (Distracted)","[""Motor Vehicle in Motion"",""Motor Vehicle in Motion""]"
0,0,"Gsp Post 00","2022-07-08","North Ave and Interstate 7585 North","(O) No Injury","Daylight","On Roadway - Non-Intersection","Sideswipe-Same Direction","Interstate 7585 North","Dry","15:56:00","[""Lap and Shoulder Belt Used"",""Lap and Shoulder Belt Used""]","Clear",0,33.780914,-84.393572,"Atlanta","FULTON","[""Motor Vehicle in Motion"",""Motor Vehicle in Motion""]","Changed Lanes Improperly","[""Motor Vehicle in Motion"",""Motor Vehicle in Motion""]"
0,0,"Gsp Post 00","2022-07-08","I-85 S and Armour Dr","(C) Possible Injury / Complaint","Daylight","On Roadway - Non-Intersection","Rear End","I-85 S","Dry","16:10:00","[""Lap and Shoulder Belt Used"",""Lap and Shoulder Belt Used"",""Lap and Shoulder Belt Used"",""Lap and Shoulder Belt Used""]","Clear",0,33.81168,-84.371116,"Atlanta","FULTON","[""Motor Vehicle in Motion"",""Motor Vehicle in Motion"",""Motor Vehicle in Motion""]","Following Too Close","[""Motor Vehicle in Motion"",""Motor Vehicle in Motion"",""Motor Vehicle in Motion""]"
0,1,"Atlanta Police Department","2022-07-08","Alberta Dr Ne and Roswell Rd Ne","(B) Suspected Minor/Visible Injury","Daylight","On Roadway - Roadway Intersection","Angle Crash","Roswell Rd Ne","Dry","14:34:00","[""Lap and Shoulder Belt Used"",""Lap and Shoulder Belt Used"",""Lap and Shoulder Belt Used""]","Clear",0,33.846621,-84.381723,"Atlanta","FULTON","[""Motor Vehicle in Motion"",""Motor Vehicle in Motion"",""Motor Vehicle in Motion""]","Changed Lanes Improperly","[""Motor Vehicle in Motion"",""Motor Vehicle in Motion"",""Motor Vehicle in Motion""]"
0,0,"Atlanta Police Department","2022-07-08","Marietta St Nw and Northside Dr Nw","(O) No Injury","Daylight","On Roadway - Driveway Intersection","Angle Crash","Northside Dr Nw","Dry","15:23:00","[""Unknown"",""Unknown""]","Cloudy",0,33.775775,-84.407081,"Atlanta","FULTON","[""Motor Vehicle in Motion"",""Motor Vehicle in Motion""]","Changed Lanes Improperly","[""Motor Vehicle in Motion"",""Motor Vehicle in Motion""]"
0,0,"Gsp Post 00","2022-07-08","I-7585 N and 5Th Street","(O) No Injury","Daylight","On Roadway - Non-Intersection","Sideswipe-Same Direction","I-7585 N","Dry","10:42:00","[""Lap and Shoulder Belt Used"",""Lap and Shoulder Belt Used""]","Clear",0,33.776862,-84.391013,"Atlanta","FULTON","[""Motor Vehicle in Motion"",""Motor Vehicle in Motion""]","[""Under the Influence (U.I.)"",""Changed Lanes Improperly""]","[""Motor Vehicle in Motion"",""Motor Vehicle in Motion""]"
0,0,"Atlanta Police Department","2022-07-08","I-75 N and 10Th St Nw","(C) Possible Injury / Complaint","Dark-Lighted","On Roadway - Non-Intersection","Rear End","10Th St Nw","Dry","05:15:00","[""Lap and Shoulder Belt Used"",""Lap and Shoulder Belt Used""]","Clear",0,33.781264,-84.390852,"Atlanta","FULTON","[""Motor Vehicle in Motion"",""Motor Vehicle in Motion""]","[""Failure to Yield"",""Following Too Close""]","[""Motor Vehicle in Motion"",""Motor Vehicle in Motion""]"
0,0,"Atlanta Police Department","2022-07-08","None and I-75","(O) No Injury","Dusk","On Roadway - Non-Intersection","Rear End","I-75","Dry","23:43:00","[""Lap and Shoulder Belt Used"",""Unknown""]","Cloudy",0,33.738639,-84.391749,"Atlanta","FULTON","[""Motor Vehicle in Motion"",""Motor Vehicle in Motion""]","[""Following Too Close"",""Under the Influence (U.I.)""]","[""Motor Vehicle in Motion"",""Motor Vehicle in Motion""]"
0,0,"Dekalb Co Police Department","2022-07-08","I 20 and Glenwood Ave","(O) No Injury","Dark-Lighted","Entrance/Exit Ramp","Sideswipe-Same Direction","I 20","Wet","23:00:00","[""Unknown"",""Unknown"",""Unknown"",""Unknown"",""Unknown""]","Rain",0,33.74351,-84.332036,"Atlanta","DEKALB","[""Motor Vehicle in Motion"",""Motor Vehicle in Motion""]",,"[""Motor Vehicle in Motion"",""Median Barrier""]"
0,1,"Atlanta Police Department","2022-07-08","North Ave Nw and W Peachtree St Nw","(B) Suspected Minor/Visible Injury","Dark-Lighted","On Roadway - Roadway Intersection","Angle Crash","W Peachtree St Nw","Dry","00:55:00","[""Lap and Shoulder Belt Used"",""Lap and Shoulder Belt Used"",""Unknown""]","Clear",0,33.77124,-84.387426,"Atlanta","FULTON","[""Motor Vehicle in Motion"",""Motor Vehicle in Motion"",""Motor Vehicle in Motion""]",,"[""Motor Vehicle in Motion"",""Motor Vehicle in Motion"",""Motor Vehicle in Motion""]"
0,1,"Atlanta Police Department","2022-07-08","Boulevard Ne and North Ave Ne","(B) Suspected Minor/Visible Injury","Dark-Lighted","On Roadway - Roadway Intersection","Angle Crash","North Ave Ne","Water (standing or moving)","22:55:00","[""Unknown"",""Unknown""]","Cloudy",0,33.771176,-84.371756,"Atlanta","FULTON","[""Motor Vehicle in Motion"",""Motor Vehicle in Motion""]","Failure to Yield","[""Motor Vehicle in Motion"",""Motor Vehicle in Motion""]"
0,0,"Atlanta Police Department","2022-07-08","Bolton Rd Nw and Moores Mill Rd Nw","(O) No Injury","Daylight","On Roadway - Roadway Intersection","Rear End","Moores Mill Rd Nw","Dry","15:00:00","[""Unknown"",""Unknown""]","Clear",0,33.820599,-84.451142,"Atlanta","FULTON","[""Motor Vehicle in Motion"",""Motor Vehicle in Motion""]",,"[""Motor Vehicle in Motion"",""Motor Vehicle in Motion""]"
0,0,"Atlanta Police Department","2022-07-08","Marietta St Nw and Centennial Olympic Park Dr Nw","(O) No Injury","Daylight","On Roadway - Non-Intersection","Sideswipe-Opposite Direction","Centennial Olympic Park Dr Nw","Dry","16:16:00","[""Unknown"",""Unknown"",""Unknown"",""Unknown"",""Unknown"",""Unknown""]","Clear",0,33.757699,-84.393775,"Atlanta","FULTON","[""Motor Vehicle in Motion"",""Motor Vehicle in Motion""]","Improper Turn","[""Motor Vehicle in Motion"",""Motor Vehicle in Motion""]"
0,0,"Atlanta Police Department","2022-07-08","Ga-400 S and Sidney Marcus Blvd Ne","(O) No Injury","Daylight","Entrance/Exit Ramp","Not a Collision with Motor Vehicle","Sidney Marcus Blvd Ne","Dry","17:45:00","Lap and Shoulder Belt Used","Clear",0,33.825429,-84.359947,"Atlanta","FULTON","Other - Fixed Object",,"Other - Fixed Object"
0,0,"Gsp Post 00","2022-07-08","I-75 N and Pine St","(O) No Injury","Daylight","On Roadway - Non-Intersection","Rear End","I-75 N","Dry","12:50:00","[""Lap and Shoulder Belt Used"",""Lap and Shoulder Belt Used"",""Lap and Shoulder Belt Used""]","Clear",0,33.769236,-84.389922,"Atlanta","FULTON","[""Motor Vehicle in Motion"",""Motor Vehicle in Motion""]","Following Too Close","[""Motor Vehicle in Motion"",""Motor Vehicle in Motion""]"
0,0,"Atlanta Police Department","2022-07-08","Lenox Rd Ne and Buford Hwy Ne","(O) No Injury","Daylight","On Roadway - Roadway Intersection","Sideswipe-Same Direction","Lenox Rd Ne","Dry","15:20:00","[""Lap and Shoulder Belt Used"",""Lap and Shoulder Belt Used""]","Clear",0,33.82568,-84.352848,"Atlanta","FULTON","[""Motor Vehicle in Motion"",""Motor Vehicle in Motion""]","Changed Lanes Improperly","[""Motor Vehicle in Motion"",""Motor Vehicle in Motion""]"
0,0,"Atlanta Police Department","2022-07-08","Decatur St Se and Peachtree St Ne","(C) Possible Injury / Complaint","Daylight","On Roadway - In Crosswalk","Not a Collision with Motor Vehicle","Decatur St Se","Dry","12:53:00","[""Lap and Shoulder Belt Used"",""None Used""]","Clear",0,33.754288,-84.389716,"Atlanta","FULTON","[""Pedal-Cycle"",""Pedal-Cycle""]","Disregard Other Traffic Control","[""Pedal-Cycle"",""Pedal-Cycle""]"
0,0,"Gsp Post 00","2022-07-08","I-20 West and Candler Road","(O) No Injury","Daylight","On Roadway - Non-Intersection","Rear End","I-20 West","Dry","16:25:00","[""Unknown"",""Lap and Shoulder Belt Used""]","Clear",0,33.745556,-84.349231,"Atlanta","FULTON","[""Motor Vehicle in Motion"",""Motor Vehicle in Motion""]",,"[""Motor Vehicle in Motion"",""Motor Vehicle in Motion""]"
0,0,"Atlanta Police Department","2022-07-08","Boulevard Se and Glenwood Ave Se","(O) No Injury","Dark-Lighted","On Roadway - Non-Intersection","Head On","Boulevard Se","Water (standing or moving)","22:36:00","[""Lap and Shoulder Belt Used"",""Lap and Shoulder Belt Used"",""Lap and Shoulder Belt Used""]","Rain",0,33.742541,-84.36815,"Atlanta","FULTON","[""Motor Vehicle in Motion"",""Motor Vehicle in Motion""]","Changed Lanes Improperly","[""Motor Vehicle in Motion"",""Motor Vehicle in Motion""]"
0,0,"Gsp Post 00","2022-07-08","I-75 N and Univeristy Ave","(O) No Injury","Daylight","On Roadway - Non-Intersection","Rear End","I-75 N","Dry","17:50:00","[""Lap and Shoulder Belt Used"",""Lap and Shoulder Belt Used"",""Lap and Shoulder Belt Used""]","Clear",0,33.719453,-84.396582,"Atlanta","FULTON","[""Motor Vehicle in Motion"",""Motor Vehicle in Motion""]","Following Too Close","[""Motor Vehicle in Motion"",""Motor Vehicle in Motion""]"
0,0,"Gsp Post 00","2022-07-08","9Th St and Myrtle St","(O) No Injury","Daylight","On Roadway - Roadway Intersection","Head On","Myrtle St","Dry","20:00:00","[""Unknown"",""Lap and Shoulder Belt Used""]","Cloudy",0,33.786683,-84.389653,"Atlanta","FULTON","[""Motor Vehicle in Motion"",""Motor Vehicle in Motion""]",,"[""Motor Vehicle in Motion"",""Motor Vehicle in Motion""]"
0,0,"Gsp Post 00","2022-07-08","I-7585N and North Ave","(O) No Injury","Daylight","On Roadway - Non-Intersection","Rear End","I-7585N","Dry","09:45:00","[""Lap and Shoulder Belt Used"",""Lap and Shoulder Belt Used"",""Unknown""]","Clear",0,33.771299,-84.390065,"Atlanta","FULTON","[""Parked Motor Vehicle"",""Motor Vehicle in Motion"",""Motor Vehicle in Motion""]","Following Too Close","[""Motor Vehicle in Motion"",""Motor Vehicle in Motion"",""Motor Vehicle in Motion""]"
0,0,"Atlanta Police Department","2022-07-08","Valley Rd Nw and W Paces Ferry Rd Nw","(C) Possible Injury / Complaint","Dark-Lighted","On Shoulder","Not a Collision with Motor Vehicle","W Paces Ferry Rd Nw","Dry","03:15:00","Lap and Shoulder Belt Used","Clear",0,33.8431,-84.386616,"Atlanta","FULTON","Mail Box","[""Under the Influence (U.I.)"",""Driver Lost Control""]","Curb"
0,0,"Atlanta Police Department","2022-07-08","None and Exit 2 Rp","(O) No Injury","Dawn","Entrance/Exit Ramp","Rear End","Exit 2 Rp","Dry","05:54:00","[""Unknown"",""Unknown""]","Clear",0,33.851528,-84.369296,"Atlanta","FULTON","[""Motor Vehicle in Motion"",""Motor Vehicle in Motion""]","Following Too Close","[""Motor Vehicle in Motion"",""Motor Vehicle in Motion""]"
0,0,"Atlanta Police Department","2022-07-08","Carnegie Way Nw and Ted Turner Dr Nw","(O) No Injury","Daylight","On Roadway - Roadway Intersection","Rear End","Carnegie Way Nw","Dry","19:30:00","[""Unknown"",""Unknown""]","Clear",0,33.75926,-84.389453,"Atlanta","FULTON","[""Motor Vehicle in Motion"",""Motor Vehicle in Motion""]","[""Following Too Close"",""Vision Obscured""]","[""Motor Vehicle in Motion"",""Motor Vehicle in Motion""]"
0,0,"Atlanta Police Department","2022-07-08","Pryor St Sw and Ralph David Abernathy Blvd Sw","(O) No Injury","Daylight","On Roadway - Roadway Intersection","Sideswipe-Same Direction","Pryor St Sw","Dry","09:30:00","[""Lap and Shoulder Belt Used"",""Lap and Shoulder Belt Used""]","Clear",0,33.736851,-84.394605,"Atlanta","FULTON","[""Motor Vehicle in Motion"",""Motor Vehicle in Motion""]",,"[""Motor Vehicle in Motion"",""Motor Vehicle in Motion""]"
0,0,"Atlanta Police Department","2022-07-08","None and I-75","(C) Possible Injury / Complaint","Dark-Lighted","On Roadway - Non-Intersection","Angle Crash","I-75","Water (standing or moving)","22:30:00","[""Unknown"",""Unknown"",""Unknown"",""Unknown"",""Unknown"",""Unknown"",""Unknown"",""Unknown"",""Unknown""]","Rain",0,33.85396,-84.431777,"Atlanta","FULTON","[""Motor Vehicle in Motion"",""Motor Vehicle in Motion"",""Motor Vehicle in Motion"",""Motor Vehicle in Motion""]",,"[""Motor Vehicle in Motion"",""Motor Vehicle in Motion"",""Motor Vehicle in Motion"",""Motor Vehicle in Motion""]"
0,1,"Atlanta Police Department","2022-07-08","10Th St Ne and Piedmont Ave Ne","(B) Suspected Minor/Visible Injury","Daylight","On Roadway - Non-Intersection","Rear End","10Th St Ne","Dry","14:32:00","[""Unknown"",""Unknown"",""Unknown""]","Clear",0,33.781784,-84.380083,"Atlanta","FULTON","[""Motor Vehicle in Motion"",""Motor Vehicle in Motion""]","Following Too Close","[""Motor Vehicle in Motion"",""Motor Vehicle in Motion""]"
0,1,"Gsp Post 00","2022-07-08","E Roxboro Rd Ne and Lenox Park Blvd Ne","(B) Suspected Minor/Visible Injury","Daylight","Off Roadway","Not a Collision with Motor Vehicle","E Roxboro Rd Ne","Dry","18:58:00","Motorcycle Helmet","Cloudy",0,33.847867,-84.34938,"Atlanta","FULTON","Curb","[""Reckless Driving"",""Too Fast for Conditions"",""Driver Lost Control"",""Disregard Police - Evasion""]","Curb"
0,0,"Gsp Post 00","2022-07-08","I-7585 S and University Ave","(C) Possible Injury / Complaint","Daylight","On Roadway - Non-Intersection","Sideswipe-Same Direction","I-7585 S","Dry","18:50:00","[""Lap and Shoulder Belt Used"",""Lap and Shoulder Belt Used"",""Lap and Shoulder Belt Used""]","Cloudy",0,33.724481,-84.394002,"Atlanta","FULTON","[""Motor Vehicle in Motion"",""Motor Vehicle in Motion""]","Changed Lanes Improperly","[""Motor Vehicle in Motion"",""Motor Vehicle in Motion""]"
0,0,"Atlanta Police Department","2022-07-08","Harwell Rd Nw and Martin Luther King Jr Dr Sw","(O) No Injury","Daylight","On Roadway - Driveway Intersection","Angle Crash","Martin Luther King Jr Dr Sw","Dry","15:30:00","[""Lap and Shoulder Belt Used"",""Lap and Shoulder Belt Used"",""Lap and Shoulder Belt Used"",""Lap and Shoulder Belt Used""]","Clear",0,33.752175,-84.492157,"Atlanta","FULTON","[""Motor Vehicle in Motion"",""Motor Vehicle in Motion""]","Failure to Yield","[""Motor Vehicle in Motion"",""Motor Vehicle in Motion""]"
0,0,"Atlanta Police Department","2022-07-08","Pryor Rd Sw and Meldon St Sw","(C) Possible Injury / Complaint","Dark-Lighted","On Roadway - Roadway Intersection","Angle Crash","Meldon St Sw","Dry","20:59:00","[""Unknown"",""Unknown""]","Clear",0,33.712091,-84.393507,"Atlanta","FULTON","[""Motor Vehicle in Motion"",""Motor Vehicle in Motion""]","[""Under the Influence (U.I.)"",""Improper Turn""]","[""Motor Vehicle in Motion"",""Motor Vehicle in Motion""]"
0,0,"Atlanta Police Department","2022-07-08","I-75 and I-75 S","(C) Possible Injury / Complaint","Daylight","On Roadway - Non-Intersection","Rear End","I-75","Water (standing or moving)","18:49:00","[""Lap and Shoulder Belt Used"",""Lap and Shoulder Belt Used"",""Lap and Shoulder Belt Used""]","Clear",0,33.801886,-84.405547,"Atlanta","FULTON","[""Motor Vehicle in Motion"",""Motor Vehicle in Motion""]","Following Too Close","[""Motor Vehicle in Motion"",""Motor Vehicle in Motion""]"
0,0,"Gsp Post 00","2022-07-08","Fulton Street and I-7585 Northbound","(C) Possible Injury / Complaint","Daylight","On Roadway - Non-Intersection","Rear End","I-7585 Northbound","Dry","09:52:00","[""Lap and Shoulder Belt Used"",""Lap and Shoulder Belt Used""]","Clear",0,33.74026,-84.39167,"Atlanta","FULTON","[""Motor Vehicle in Motion"",""Motor Vehicle in Motion""]","Following Too Close","[""Motor Vehicle in Motion"",""Motor Vehicle in Motion""]"
0,0,"Atlanta Police Department","2022-07-08","Baker St Ne and Peachtree St Ne","(O) No Injury","Daylight","On Roadway - Roadway Intersection","Angle Crash","Peachtree St Ne","Dry","15:20:00","[""Unknown"",""Unknown"",""Unknown""]","Clear",0,33.762216,-84.387545,"Atlanta","FULTON","[""Motor Vehicle in Motion"",""Motor Vehicle in Motion""]","Improper Turn","[""Motor Vehicle in Motion"",""Motor Vehicle in Motion""]"
0,0,"Atlanta Police Department","2022-07-08","Baker St Nw and Park Avenue West Nw","(O) No Injury","Daylight","On Roadway - Non-Intersection","Rear End","Baker St Nw","Dry","18:51:00","[""Lap and Shoulder Belt Used"",""Lap and Shoulder Belt Used""]","Clear",0,33.762285,-84.3946,"Atlanta","FULTON","[""Motor Vehicle in Motion"",""Motor Vehicle in Motion""]","Following Too Close","[""Motor Vehicle in Motion"",""Motor Vehicle in Motion""]"