"# Serious Injuries","# Visible Injuries","Agency Name (Crash Level) ","Date","Intersection Name (from Crash Report)","KABCO Severity","Light Conditions (Crash Level)","Location at Impact (Crash Level) ","Manner of Collision (Crash Level) ","Roadway (From Crash Report)","Surface Condition (Crash Level) ","Time","Safety Equipment (Crash Level) ","Weather Conditions (Crash Level)","# of Fatalities per Crash","Latitude","Longitude","Geolocated City","Geolocated County","First Harmful Event (Unit Order)","Operator/Pedestrian Contrib Factor (excl None, Other, No Contrib Factors)","Most Harmful Event (Crash Level)"
0,0,"Atlanta Police Department","2022-07-09","Moreland Ave Se and Arkwright Pl Se","(C) Possible Injury / Complaint","Dark-Lighted","Off Roadway","Sideswipe-Same Direction","Arkwright Pl Se","Wet","01:45:00","[""Lap and Shoulder Belt Used"",""Lap and Shoulder Belt Used"",""Lap and Shoulder Belt Used"",""Lap and Shoulder Belt Used""]","Cloudy",0,33.748079,-84.349194,"Atlanta","FULTON","[""Motor Vehicle in Motion"",""Other - Fixed Object""]","Changed Lanes Improperly","[""Motor Vehicle in Motion"",""Motor Vehicle in Motion""]"
0,0,"Atlanta Police Department","2022-07-09","Penn Ave Ne and Ponce De Leon Ave Ne","(O) No Injury","Dark-Lighted","On Roadway - Roadway Intersection","Angle Crash","Ponce De Leon Ave Ne","Water (standing or moving)","23:14:00","[""Lap and Shoulder Belt Used"",""Lap and Shoulder Belt Used"",""Lap and Shoulder Belt Used""]","Cloudy",0,33.772584,-84.379035,"Atlanta","FULTON","[""Motor Vehicle in Motion"",""Motor Vehicle in Motion""]","Failure to Yield","[""Motor Vehicle in Motion"",""Motor Vehicle in Motion""]"
0,0,"Atlanta Police Department","2022-07-09","Glen Iris Dr Ne and Ralph Mcgill Blvd Ne","(O) No Injury","Dark-Lighted","On Roadway - Roadway Intersection","Angle Crash","Ralph Mcgill Blvd Ne","Dry","01:17:00","[""Lap and Shoulder Belt Used"",""Lap and Shoulder Belt Used""]","Clear",0,33.763934,-84.367804,"Atlanta","FULTON","[""Motor Vehicle in Motion"",""Motor Vehicle in Motion""]","Failure to Yield","[""Motor Vehicle in Motion"",""Motor Vehicle in Motion""]"
0,0,"Atlanta Police Department","2022-07-09","I-20 and Exit 57","(O) No Injury","Dark-Lighted","On Roadway - Managed Lane (HOV, HOT, Reversible)","Rear End","I-20","Water (standing or moving)","22:00:00","[""Unknown"",""Unknown"",""Lap and Shoulder Belt Used"",""Lap and Shoulder Belt Used"",""Lap and Shoulder Belt Used"",""Lap and Shoulder Belt Used""]","Rain",0,33.744718,-84.399063,"Atlanta","FULTON","[""Motor Vehicle in Motion"",""Motor Vehicle in Motion""]",,"[""Motor Vehicle in Motion"",""Motor Vehicle in Motion""]"
0,0,"Atlanta Police Department","2022-07-09","I-75 and Fulton St Sw","(O) No Injury","Daylight","On Roadway - Non-Intersection","Rear End","I-75","Water (standing or moving)","10:55:00","[""Unknown"",""Lap and Shoulder Belt Used""]","Rain",0,33.741918,-84.391506,"Atlanta","FULTON","[""Motor Vehicle in Motion"",""Motor Vehicle in Motion""]","[""Too Fast for Conditions"",""Following Too Close""]","[""Motor Vehicle in Motion"",""Motor Vehicle in Motion""]"
0,0,"Atlanta Police Department","2022-07-09","Rosalia St and Hansell St Se","(O) No Injury","Daylight","On Roadway - Roadway Intersection","Rear End","Hansell St Se","Dry","17:11:00","[""Unknown"",""Unknown""]","Clear",0,33.740134,-84.363974,"Atlanta","FULTON","[""Motor Vehicle in Motion"",""Motor Vehicle in Motion""]","Improper Backing","[""Motor Vehicle in Motion"",""Motor Vehicle in Motion""]"
0,0,"Atlanta Police Department","2022-07-09","None and I-75","(C) Possible Injury / Complaint","Daylight","On Roadway - Non-Intersection","Rear End","I-75","Dry","17:20:00","[""Unknown"",""Unknown"",""Unknown"",""Unknown"",""Unknown""]","Clear",0,33.771565,-84.390056,"Atlanta","FULTON","[""Motor Vehicle in Motion"",""Motor Vehicle in Motion""]","Following Too Close","[""Motor Vehicle in Motion"",""Motor Vehicle in Motion""]"
0,0,"Atlanta Police Department","2022-07-09","Thurmond St Nw and Northside Dr Nw","(O) No Injury","Dark-Lighted","On Roadway - Driveway Intersection","Angle Crash","Northside Dr Nw","Wet","21:45:00","[""Unknown"",""Unknown""]","Rain",0,33.760339,-84.402755,"Atlanta","FULTON","[""Motor Vehicle in Motion"",""Motor Vehicle in Motion""]","Improper Turn","[""Motor Vehicle in Motion"",""Motor Vehicle in Motion""]"
0,0,"Atlanta Police Department","2022-07-09","Spring St Nw and Peachtree Pl Nw","(O) No Injury","Dark-Lighted","On Roadway - Non-Intersection","Rear End","Peachtree Pl Nw","Dry","01:00:00","[""Unknown"",""Lap and Shoulder Belt Used"",""Lap and Shoulder Belt Used"",""Lap and Shoulder Belt Used"",""Lap and Shoulder Belt Used""]","Clear",0,33.780552,-84.388998,"Atlanta","FULTON","[""Motor Vehicle in Motion"",""Motor Vehicle in Motion""]","Following Too Close","[""Motor Vehicle in Motion"",""Motor Vehicle in Motion""]"
0,0,"Atlanta Police Department","2022-07-09","Williams St Nw and W Peachtree Pl Nw","(O) No Injury","Dark-Lighted","On Roadway - Roadway Intersection","Head On","Williams St Nw","Dry","10:30:00","[""Unknown"",""Unknown"",""Unknown""]","Clear",0,33.764294,-84.390355,"Atlanta","FULTON","[""Railway Train/Street Car"",""Railway Train/Street Car""]","Improper Turn","[""Motor Vehicle in Motion"",""Motor Vehicle in Motion""]"
0,0,"Atlanta Police Department","2022-07-09","Piedmont Ave Ne and E Morningside Dr Ne","(C) Possible Injury / Complaint","Daylight","On Roadway - Roadway Intersection","Angle Crash","Piedmont Ave Ne","Dry","17:00:00","[""Lap and Shoulder Belt Used"",""Lap and Shoulder Belt Used""]","Clear",0,33.799436,-84.367874,"Atlanta","FULTON","[""Motor Vehicle in Motion"",""Motor Vehicle in Motion""]",,"[""Motor Vehicle in Motion"",""Motor Vehicle in Motion""]"
0,0,"Atlanta Police Department","2022-07-09","Linden Ave Ne and Juniper St Ne","(O) No Injury","Dark-Lighted","On Roadway - Non-Intersection","Sideswipe-Same Direction","Juniper St Ne","Dry","01:20:00","[""Unknown"",""Unknown""]","Clear",0,33.770197,-84.384009,"Atlanta","FULTON","[""Motor Vehicle in Motion"",""Motor Vehicle in Motion""]","[""Changed Lanes Improperly"",""Changed Lanes Improperly""]","[""Motor Vehicle in Motion"",""Motor Vehicle in Motion""]"
0,0,"Gsp Post 00","2022-07-09","I-7585 Southbound and Martin Luther King Jr Dr","(C) Possible Injury / Complaint","Dark-Lighted","On Roadway - Non-Intersection","Angle Crash","I-7585 Southbound","Wet","22:55:00","[""Lap and Shoulder Belt Used"",""Lap and Shoulder Belt Used"",""Lap and Shoulder Belt Used"",""Lap and Shoulder Belt Used""]","Rain",0,33.750561,-84.381619,"Atlanta","FULTON","[""Other Non-Collision"",""Motor Vehicle in Motion"",""Motor Vehicle in Motion""]","Driver Lost Control","[""Motor Vehicle in Motion"",""Motor Vehicle in Motion"",""Motor Vehicle in Motion""]"
0,0,"Atlanta Police Department","2022-07-09","Terminus Pl and Piedmont Rd Ne","(O) No Injury","Daylight","On Roadway - Driveway Intersection","Sideswipe-Opposite Direction","Terminus Pl","Wet","12:46:00","[""Unknown"",""Unknown"",""Unknown"",""Booster Seat (Properly Used)"",""Child Restraint System (Properly Used)"",""Unknown""]","Cloudy",0,33.845554,-84.372354,"Atlanta","FULTON","[""Motor Vehicle in Motion"",""Motor Vehicle in Motion""]","Improper Turn","[""Motor Vehicle in Motion"",""Motor Vehicle in Motion""]"
0,0,"Atlanta Police Department","2022-07-09","I-75 N and 10Th St Nw","(O) No Injury","Daylight","On Roadway - Non-Intersection","Angle Crash","10Th St Nw","Water (standing or moving)","11:30:00","[""Lap and Shoulder Belt Used"",""Lap and Shoulder Belt Used""]","Rain",0,33.781547,-84.391206,"Atlanta","FULTON","[""Motor Vehicle in Motion"",""Motor Vehicle in Motion""]","Changed Lanes Improperly","[""Motor Vehicle in Motion"",""Motor Vehicle in Motion""]"
0,0,"Atlanta Police Department","2022-07-09","14Th St Ne and Crescent Ave Ne","(O) No Injury","Dark-Lighted","On Roadway - Roadway Intersection","Sideswipe-Same Direction","14Th St Ne","Wet","03:30:00","[""Unknown"",""Lap and Shoulder Belt Used""]","Cloudy",0,33.786653,-84.384285,"Atlanta","FULTON","[""Motor Vehicle in Motion"",""Motor Vehicle in Motion""]","Improper Turn","[""Motor Vehicle in Motion"",""Motor Vehicle in Motion""]"
0,0,"Atlanta Police Department","2022-07-09","None and I-75","(O) No Injury","Daylight","On Roadway - Non-Intersection","Sideswipe-Same Direction","I-75","Dry","14:30:00","[""Unknown"",""Unknown""]","Cloudy",0,33.749251,-84.383295,"Atlanta","FULTON","[""Motor Vehicle in Motion"",""Motor Vehicle in Motion""]","Failure to Yield","[""Motor Vehicle in Motion"",""Motor Vehicle in Motion""]"
0,0,"Atlanta Police Department","2022-07-09","Peachtree Rd Ne and Around Lenox Rd Ne","(O) No Injury","Dark-Lighted","On Roadway - Roadway Intersection","Sideswipe-Same Direction","Peachtree Rd Ne","Water (standing or moving)","22:45:00","[""Unknown"",""Unknown""]","Rain",0,33.848828,-84.365957,"Atlanta","FULTON","[""Motor Vehicle in Motion"",""Motor Vehicle in Motion""]","Changed Lanes Improperly","Motor Vehicle in Motion"
0,0,"Atlanta Police Department","2022-07-09","Windsor St Sw and Ralph David Abernathy Blvd Sw","(C) Possible Injury / Complaint","Daylight","On Roadway - Non-Intersection","Not a Collision with Motor Vehicle","Ralph David Abernathy Blvd Sw","Wet","07:00:00","[""Lap and Shoulder Belt Used"",""Lap and Shoulder Belt Used"",""None Used""]","Other",0,33.736935,-84.398026,"Atlanta","FULTON","Other Non-Collision","Inattentive or Other Distraction (Distracted)","Tree"
0,0,"Atlanta Police Department","2022-07-09","Wyman St Se and Paxon Ave Se","(C) Possible Injury / Complaint","Daylight","On Roadway - Roadway Intersection","Angle Crash","Paxon Ave Se","Dry","14:18:00","[""Lap and Shoulder Belt Used"",""Lap and Shoulder Belt Used"",""Lap and Shoulder Belt Used""]","Clear",0,33.750724,-84.33317,"Atlanta","DEKALB","[""Motor Vehicle in Motion"",""Motor Vehicle in Motion""]",,"[""Motor Vehicle in Motion"",""Motor Vehicle in Motion""]"
0,0,"Atlanta Police Department","2022-07-09","I-85 and Lindbergh Dr Ne","(O) No Injury","Daylight","On Roadway - Non-Intersection","Rear End","I-85","Dry","01:45:00","[""Lap and Shoulder Belt Used"",""Lap and Shoulder Belt Used""]","Clear",0,33.821038,-84.360744,"Atlanta","FULTON","[""Motor Vehicle in Motion"",""Motor Vehicle in Motion""]",,"[""Motor Vehicle in Motion"",""Motor Vehicle in Motion""]"
0,1,"Atlanta Police Department","2022-07-09","3Rd Ave Sw and Dearwood Dr Sw","(B) Suspected Minor/Visible Injury","Daylight","Off Roadway","Not a Collision with Motor Vehicle","Dearwood Dr Sw","Wet","12:32:00","None Used","Rain",0,33.676135,-84.404542,"Atlanta","FULTON","Tree",,"Tree"
0,0,"Atlanta Police Department","2022-07-09","Louise Pl Nw and Hollywood Rd Nw","(O) No Injury","Dark-Lighted","On Roadway - Roadway Intersection","Angle Crash","Hollywood Rd Nw","Wet","23:30:00","[""Lap and Shoulder Belt Used"",""Lap and Shoulder Belt Used""]","Rain",0,33.77852,-84.453705,"Atlanta","FULTON","[""Motor Vehicle in Motion"",""Motor Vehicle in Motion""]","Changed Lanes Improperly","[""Motor Vehicle in Motion"",""Motor Vehicle in Motion""]"
0,0,"Fulton Co Police Department","2022-07-09","I-20Wb and Fulton Indust Blvd","(O) No Injury","Daylight","On Roadway - Non-Intersection","Sideswipe-Same Direction","I-20Wb","Wet","13:01:00","[""Unknown"",""Shoulder Belt Only Used""]","Rain",0,33.765871,-84.506179,"Atlanta","FULTON","[""Motor Vehicle in Motion"",""Motor Vehicle in Motion""]",,"[""Motor Vehicle in Motion"",""Motor Vehicle in Motion""]"
0,0,"Atlanta Police Department","2022-07-09","Spring St Nw and Peachtree Pl Nw","(O) No Injury","Dark-Lighted","On Roadway - Roadway Intersection","Angle Crash","Peachtree Pl Nw","Water (standing or moving)","04:40:00","[""Lap and Shoulder Belt Used"",""Unknown"",""Unknown""]","Cloudy",0,33.780552,-84.388998,"Atlanta","FULTON","[""Motor Vehicle in Motion"",""Motor Vehicle in Motion""]","Under the Influence (U.I.)","[""Motor Vehicle in Motion"",""Motor Vehicle in Motion""]"
0,0,"Atlanta Police Department","2022-07-09","Fairburn Rd Sw and Martin Luther King Jr Dr Sw","(C) Possible Injury / Complaint","Daylight","On Roadway - Non-Intersection","Rear End","Martin Luther King Jr Dr Sw","Dry","19:00:00","[""Unknown"",""Lap and Shoulder Belt Used"",""Lap and Shoulder Belt Used"",""Lap and Shoulder Belt Used""]","Clear",0,33.758969,-84.504731,"Atlanta","FULTON","[""Motor Vehicle in Motion"",""Motor Vehicle in Motion""]","Following Too Close","[""Motor Vehicle in Motion"",""Motor Vehicle in Motion""]"
0,0,"Dekalb Co Police Department","2022-07-09","None and Moreland Ave","(O) No Injury","Daylight","On Roadway - Driveway Intersection","Rear End","Moreland Ave","Dry","12:14:00","Unknown","Clear",0,33.717367,-84.349516,"Atlanta","FULTON","[""Motor Vehicle in Motion"",""Motor Vehicle in Motion""]","Improper Backing","[""Motor Vehicle in Motion"",""Motor Vehicle in Motion""]"
0,0,"Atlanta Police Department","2022-07-09","None and I-20","(O) No Injury","Daylight","On Roadway - Non-Intersection","Sideswipe-Same Direction","I-20","Water (standing or moving)","07:50:00","[""Lap and Shoulder Belt Used"",""Lap and Shoulder Belt Used""]","Rain",0,33.755699,-84.467044,"Atlanta","FULTON","[""Motor Vehicle in Motion"",""Motor Vehicle in Motion""]","Driver Lost Control","[""Motor Vehicle in Motion"",""Motor Vehicle in Motion""]"
2,1,"Atlanta Police Department","2022-07-09","10Th St Ne and Peachtree St Ne","(A) Suspected Serious Injury","Dark-Lighted","On Roadway - Roadway Intersection","Head On","Peachtree St Ne","Wet","04:00:00","[""Lap and Shoulder Belt Used"",""Lap and Shoulder Belt Used"",""Lap and Shoulder Belt Used"",""Lap and Shoulder Belt Used"",""Lap and Shoulder Belt Used"",""Lap and Shoulder Belt Used""]","Clear",0,33.781746,-84.384012,"Atlanta","FULTON","[""Motor Vehicle in Motion"",""Motor Vehicle in Motion"",""Motor Vehicle in Motion""]","[""Following Too Close"",""Too Fast for Conditions"",""Exceeding Speed Limit"",""Improper Turn"",""Following Too Close"",""Exceeding Speed Limit"",""Too Fast for Conditions""]","[""Motor Vehicle in Motion"",""Motor Vehicle in Motion"",""Motor Vehicle in Motion""]"
0,0,"Atlanta Police Department","2022-07-09","Harden St Se and Memorial Dr Se","(C) Possible Injury / Complaint","Daylight","On Roadway - Non-Intersection","Not a Collision with Motor Vehicle","Harden St Se","Dry","14:00:00","[""Unknown"",""None Used""]","Clear",0,33.746616,-84.377022,"Atlanta","FULTON","[""Motor Vehicle in Motion"",""Motor Vehicle in Motion""]",,"Motor Vehicle in Motion"
0,0,"Atlanta Police Department","2022-07-09","Fairburn Rd Nw and Martin Luther King Jr Dr Sw","(C) Possible Injury / Complaint","Daylight","On Roadway - Driveway Intersection","Head On","Martin Luther King Jr Dr Sw","Dry","17:01:00","[""Unknown"",""Lap Belt Only Used"",""Lap and Shoulder Belt Used""]","Clear",0,33.759993,-84.505892,"Atlanta","FULTON","[""Motor Vehicle in Motion"",""Motor Vehicle in Motion""]","Failure to Yield","[""Motor Vehicle in Motion"",""Motor Vehicle in Motion""]"
0,0,"Atlanta Police Department","2022-07-09","Ga-400 and Lenox Rd Ne","(O) No Injury","Dark-Lighted","On Roadway - Roadway Intersection","Rear End","Ga-400","Dry","23:45:00","[""Lap and Shoulder Belt Used"",""Lap and Shoulder Belt Used"",""Lap and Shoulder Belt Used""]","Cloudy",0,33.851411,-84.369863,"Atlanta","FULTON","[""Motor Vehicle in Motion"",""Motor Vehicle in Motion""]","Following Too Close","[""Motor Vehicle in Motion"",""Motor Vehicle in Motion""]"
0,0,"Atlanta Police Department","2022-07-09","None and I-75 Exit 247 Rp","(O) No Injury","Daylight","On Roadway - Non-Intersection","Angle Crash","I-75 Exit 247 Rp","Dry","16:07:00","[""Unknown"",""Unknown"",""Unknown""]","Clear",0,33.748536,-84.384832,"Atlanta","FULTON","[""Motor Vehicle in Motion"",""Motor Vehicle in Motion""]","Changed Lanes Improperly","[""Motor Vehicle in Motion"",""Motor Vehicle in Motion""]"
0,1,"Atlanta Police Department","2022-07-09","None and I-20","(B) Suspected Minor/Visible Injury","Daylight","On Roadway - Non-Intersection","Rear End","I-20","Dry","15:25:00","[""Unknown"",""Unknown"",""Unknown"",""Unknown""]","Clear",0,33.766113,-84.498826,"Atlanta","FULTON","[""Motor Vehicle in Motion"",""Motor Vehicle in Motion"",""Motor Vehicle in Motion""]","Following Too Close","[""Motor Vehicle in Motion"",""Motor Vehicle in Motion"",""Motor Vehicle in Motion""]"
0,0,"Atlanta Police Department","2022-07-09","Peachtree Rd Nw and Peachtree Rd Ne","(C) Possible Injury / Complaint","Dark-Lighted","On Roadway - Managed Lane (HOV, HOT, Reversible)","Sideswipe-Opposite Direction","Peachtree Rd Ne","Water (standing or moving)","00:15:00","[""Unknown"",""Unknown""]","Cloudy",0,33.809032,-84.393301,"Atlanta","FULTON","[""Motor Vehicle in Motion"",""Motor Vehicle in Motion""]","Failure to Yield","[""Motor Vehicle in Motion"",""Motor Vehicle in Motion""]"
0,0,"Atlanta Police Department","2022-07-09","None and I-85","(O) No Injury","Daylight","On Roadway - Non-Intersection","Rear End","I-85","Water (standing or moving)","09:30:00","[""Lap and Shoulder Belt Used"",""Lap and Shoulder Belt Used""]","Rain",0,33.791477,-84.391016,"Atlanta","FULTON","[""Motor Vehicle in Motion"",""Motor Vehicle in Motion""]","Too Fast for Conditions","[""Motor Vehicle in Motion"",""Motor Vehicle in Motion""]"
0,0,"Atlanta Police Department","2022-07-09","Mitchell St Sw and Northside Dr Sw","(O) No Injury","Daylight","On Roadway - Roadway Intersection","Angle Crash","Northside Dr Sw","Dry","14:00:00","[""Lap and Shoulder Belt Used"",""Lap and Shoulder Belt Used""]","Clear",0,33.753874,-84.402811,"Atlanta","FULTON","[""Motor Vehicle in Motion"",""Motor Vehicle in Motion""]","Failure to Yield","[""Motor Vehicle in Motion"",""Motor Vehicle in Motion""]"
0,0,"Atlanta Police Department","2022-07-09","I-75 and Exit 246","(O) No Injury","Daylight","On Roadway - Non-Intersection","Rear End","I-75","Dry","13:00:00","[""Unknown"",""Unknown""]","Clear",0,33.7326,-84.391919,"Atlanta","FULTON","[""Motor Vehicle in Motion"",""Motor Vehicle in Motion""]","Following Too Close","[""Motor Vehicle in Motion"",""Motor Vehicle in Motion""]"
0,0,"Atlanta Police Department","2022-07-09","None and I-20","(C) Possible Injury / Complaint","Dark-Lighted","On Roadway - Non-Intersection","Angle Crash","I-20","Wet","02:23:00","[""Lap and Shoulder Belt Used"",""Lap and Shoulder Belt Used"",""Lap and Shoulder Belt Used"",""Lap and Shoulder Belt Used"",""Lap and Shoulder Belt Used""]","Clear",0,33.745075,-84.42691,"Atlanta","FULTON","[""Motor Vehicle in Motion"",""Motor Vehicle in Motion"",""Motor Vehicle in Motion""]","Driver Lost Control","[""Motor Vehicle in Motion"",""Motor Vehicle in Motion"",""Motor Vehicle in Motion""]"
0,0,"Atlanta Police Department","2022-07-09","Ridgeway Ave Nw and Howell Mill Rd Nw","(O) No Injury","Daylight","On Roadway - Non-Intersection","Rear End","Howell Mill Rd Nw","Wet","10:34:00","[""Lap and Shoulder Belt Used"",""Lap and Shoulder Belt Used""]","Cloudy",0,33.801664,-84.415396,"Atlanta","FULTON","[""Motor Vehicle in Motion"",""Motor Vehicle in Motion""]","Following Too Close","[""Motor Vehicle in Motion"",""Motor Vehicle in Motion""]"
0,0,"Atlanta Police Department","2022-07-09","None and I-75","(O) No Injury","Dark-Lighted","On Shoulder","Not a Collision with Motor Vehicle","I-75","Dry","01:42:00","Lap and Shoulder Belt Used","Cloudy",0,33.787778,-84.390818,"Atlanta","FULTON","Motor Vehicle in Motion","Under the Influence (U.I.)","Motor Vehicle in Motion"
0,0,"Atlanta Police Department","2022-07-09","11Th St Ne and Peachtree St Ne","(C) Possible Injury / Complaint","Dark-Lighted","On Roadway - Roadway Intersection","Head On","Peachtree St Ne","Wet","00:00:00","[""Lap and Shoulder Belt Used"",""Lap and Shoulder Belt Used"",""Lap and Shoulder Belt Used""]","Rain",0,33.783191,-84.383853,"Atlanta","FULTON","[""Motor Vehicle in Motion"",""Motor Vehicle in Motion""]","Misjudged Clearance","[""Motor Vehicle in Motion"",""Motor Vehicle in Motion""]"
0,0,"Atlanta Police Department","2022-07-09","Auburn Ave Ne and Jesse Hill Jr Dr Ne","(O) No Injury","Daylight","On Roadway - Roadway Intersection","Rear End","Auburn Ave Ne","Water (standing or moving)","09:21:00","[""Lap and Shoulder Belt Used"",""Lap and Shoulder Belt Used""]","Cloudy",0,33.755539,-84.38029,"Atlanta","FULTON","[""Motor Vehicle in Motion"",""Motor Vehicle in Motion""]","Following Too Close","[""Motor Vehicle in Motion"",""Motor Vehicle in Motion""]"
0,0,"Atlanta Police Department","2022-07-09","Moton Ave Sw and University Ave Sw","(C) Possible Injury / Complaint","Daylight","On Roadway - Roadway Intersection","Angle Crash","Moton Ave Sw","Dry","19:30:00","[""Unknown"",""Unknown""]","Clear",0,33.722126,-84.396726,"Atlanta","FULTON","[""Motor Vehicle in Motion"",""Motor Vehicle in Motion""]",,"[""Motor Vehicle in Motion"",""Motor Vehicle in Motion""]"
0,1,"Atlanta Police Department","2022-07-09","Andrews Dr Nw and W Paces Ferry Rd Nw","(B) Suspected Minor/Visible Injury","Dark-Lighted","On Roadway - Non-Intersection","Head On","W Paces Ferry Rd Nw","Dry","05:15:00","Lap and Shoulder Belt Used","Clear",0,33.843589,-84.38739,"Atlanta","FULTON","[""Motor Vehicle in Motion"",""Parked Motor Vehicle""]","Reckless Driving","[""Motor Vehicle in Motion"",""Parked Motor Vehicle""]"
0,0,"Atlanta Police Department","2022-07-09","None and I-75","(O) No Injury","Dark-Not Lighted","On Roadway - Roadway Intersection","Rear End","I-75","Wet","21:55:00","[""Unknown"",""Unknown"",""Unknown""]","Rain",0,33.765496,-84.385337,"Atlanta","FULTON","[""Motor Vehicle in Motion"",""Motor Vehicle in Motion""]","Following Too Close","[""Motor Vehicle in Motion"",""Motor Vehicle in Motion""]"
0,0,"Atlanta Police Department","2022-07-09","None and Ga-400","(C) Possible Injury / Complaint","Dark-Lighted","On Roadway - Non-Intersection","Sideswipe-Same Direction","Ga-400","Water (standing or moving)","23:00:00","[""Unknown"",""Lap and Shoulder Belt Used""]","Rain",0,33.833777,-84.359751,"Atlanta","FULTON","[""Motor Vehicle in Motion"",""Motor Vehicle in Motion""]","Driver Lost Control","[""Motor Vehicle in Motion"",""Motor Vehicle in Motion""]"
0,0,"Atlanta Police Department","2022-07-09","I-285 and Exit 5A","(C) Possible Injury / Complaint","Daylight","On Roadway - Non-Intersection","Sideswipe-Same Direction","I-285","Water (standing or moving)","12:40:00","[""Unknown"",""Lap and Shoulder Belt Used"",""Lap and Shoulder Belt Used""]","Cloudy",0,33.686119,-84.49985,"Atlanta","FULTON","[""Motor Vehicle in Motion"",""Motor Vehicle in Motion""]","Driver Lost Control","[""Motor Vehicle in Motion"",""Motor Vehicle in Motion""]"
0,0,"Atlanta Police Department","2022-07-09","None and Ga-400","(O) No Injury","Daylight","On Roadway - Non-Intersection","Rear End","Ga-400","Wet","12:50:00","[""Unknown"",""Unknown"",""Child Restraint System (Properly Used)""]","Cloudy",0,33.849091,-84.368711,"Atlanta","FULTON","[""Motor Vehicle in Motion"",""Motor Vehicle in Motion""]","Following Too Close","[""Motor Vehicle in Motion"",""Motor Vehicle in Motion""]"
0,0,"Atlanta Police Department","2022-07-09","None and I-75","(O) No Injury","Daylight","On Roadway - Managed Lane (HOV, HOT, Reversible)","Angle Crash","I-75","Water (standing or moving)","08:57:00","[""Lap and Shoulder Belt Used"",""Lap and Shoulder Belt Used""]","Rain",0,33.687907,-84.399617,"Atlanta","FULTON","[""Motor Vehicle in Motion"",""Motor Vehicle in Motion""]","Too Fast for Conditions","[""Motor Vehicle in Motion"",""Motor Vehicle in Motion""]"
0,0,"Atlanta Police Department","2022-07-09","None and I-85","(O) No Injury","Daylight","On Roadway - Non-Intersection","Angle Crash","I-85","Water (standing or moving)","08:29:00","[""Unknown"",""Unknown"",""Unknown""]","Rain",0,33.795555,-84.39333,"Atlanta","FULTON","[""Motor Vehicle in Motion"",""Motor Vehicle in Motion""]","Too Fast for Conditions","[""Motor Vehicle in Motion"",""Motor Vehicle in Motion""]"
0,1,"Atlanta Police Department","2022-07-09","Northside Dr Sw and Greensferry Ave Sw","(B) Suspected Minor/Visible Injury","Daylight","On Roadway - Roadway Intersection","Angle Crash","Northside Dr Sw","Water (standing or moving)","12:23:00","[""Unknown"",""Unknown"",""Unknown""]","Rain",0,33.746293,-84.406571,"Atlanta","FULTON","[""Motor Vehicle in Motion"",""Motor Vehicle in Motion"",""Motor Vehicle in Motion""]","Failure to Yield","[""Motor Vehicle in Motion"",""Motor Vehicle in Motion"",""Motor Vehicle in Motion""]"
0,0,"Atlanta Police Department","2022-07-09","None and I-85","(O) No Injury","Daylight","On Roadway - Non-Intersection","Sideswipe-Same Direction","I-85","Wet","11:45:00","[""Unknown"",""Unknown""]","Cloudy",0,33.799971,-84.391128,"Atlanta","FULTON","[""Motor Vehicle in Motion"",""Motor Vehicle in Motion""]","Changed Lanes Improperly","[""Motor Vehicle in Motion"",""Motor Vehicle in Motion""]"
0,0,"Atlanta Police Department","2022-07-09","Peachtree Rd Ne and Peachtree Park Dr Ne","(O) No Injury","Dark-Lighted","On Roadway - Non-Intersection","Sideswipe-Same Direction","Peachtree Rd Ne","Dry","03:11:00","[""Unknown"",""Lap and Shoulder Belt Used""]","Clear",0,33.812066,-84.392236,"Atlanta","FULTON","[""Motor Vehicle in Motion"",""Motor Vehicle in Motion""]","[""Changed Lanes Improperly"",""Aggressive Driving""]","[""Motor Vehicle in Motion"",""Motor Vehicle in Motion""]"
0,0,"Atlanta Police Department","2022-07-09","Fulton St Sw and Formwalt St Sw","(O) No Injury","Daylight","On Roadway - Non-Intersection","Angle Crash","Fulton St Sw","Wet","13:33:00","[""Lap and Shoulder Belt Used"",""Lap and Shoulder Belt Used""]","Cloudy",0,33.741927,-84.395542,"Atlanta","FULTON","[""Motor Vehicle in Motion"",""Motor Vehicle in Motion""]","Failure to Yield","[""Motor Vehicle in Motion"",""Motor Vehicle in Motion""]"
0,0,"Atlanta Police Department","2022-07-09","Northside Dr Nw and Cameron M Alexander Blvd Nw","(O) No Injury","Dark-Lighted","On Roadway - Driveway Intersection","Rear End","Cameron M Alexander Blvd Nw","Dry","21:45:00","[""Unknown"",""Unknown""]","Cloudy",0,33.768194,-84.404837,"Atlanta","FULTON","[""Motor Vehicle in Motion"",""Motor Vehicle in Motion""]","Following Too Close","[""Motor Vehicle in Motion"",""Motor Vehicle in Motion""]"