"# Serious Injuries","# Visible Injuries","Agency Name (Crash Level) ","Date","Intersection Name (from Crash Report)","KABCO Severity","Light Conditions (Crash Level)","Location at Impact (Crash Level) ","Manner of Collision (Crash Level) ","Roadway (From Crash Report)","Surface Condition (Crash Level) ","Time","Safety Equipment (Crash Level) ","Weather Conditions (Crash Level)","# of Fatalities per Crash","Latitude","Longitude","Geolocated City","Geolocated County","First Harmful Event (Unit Order)","Operator/Pedestrian Contrib Factor (excl None, Other, No Contrib Factors)","Most Harmful Event (Crash Level)"
0,0,"Atlanta Police Department","2022-07-09","Faith Ave Se and Moreland Ave Se","(O) No Injury","Daylight","On Roadway - Non-Intersection","Head On","Moreland Ave Se","Dry","18:20:00","[""Unknown"",""Lap and Shoulder Belt Used""]","Clear",0,33.74347,-84.349235,"Atlanta","FULTON","[""Motor Vehicle in Motion"",""Motor Vehicle in Motion""]","Changed Lanes Improperly","[""Motor Vehicle in Motion"",""Motor Vehicle in Motion""]"
0,0,"Atlanta Police Department","2022-07-09","Delowe Dr Sw and Langford Pkwy","(O) No Injury","Dawn","On Roadway - Non-Intersection","Not a Collision with Motor Vehicle","Langford Pkwy","Dry","21:11:00","[""Lap and Shoulder Belt Used"",""Lap and Shoulder Belt Used""]","Clear",0,33.699276,-84.457319,"East Point","FULTON","Other Non-Collision",,"Utility Pole"
0,0,"Atlanta Police Department","2022-07-09","Fair Dr Sw and Scott St Sw","(O) No Injury","Daylight","On Roadway - Driveway Intersection","Head On","Fair Dr Sw","Dry","19:00:00","[""Lap and Shoulder Belt Used"",""Lap and Shoulder Belt Used"",""Lap and Shoulder Belt Used"",""Lap and Shoulder Belt Used""]","Clear",0,33.703415,-84.405911,"Atlanta","FULTON","[""Motor Vehicle in Motion"",""Motor Vehicle in Motion""]",,"[""Motor Vehicle in Motion"",""Motor Vehicle in Motion""]"
0,2,"Atlanta Police Department","2022-07-09","Marietta St Nw and Northside Dr Nw","(B) Suspected Minor/Visible Injury","Daylight","On Roadway - Roadway Intersection","Angle Crash","Northside Dr Nw","Dry","15:34:00","[""Unknown"",""Unknown"",""Unknown""]","Cloudy",0,33.775857,-84.407012,"Atlanta","FULTON","[""Motor Vehicle in Motion"",""Motor Vehicle in Motion""]","Disregard Other Traffic Control","[""Motor Vehicle in Motion"",""Motor Vehicle in Motion""]"
0,0,"Atlanta Police Department","2022-07-09","None and I-20","(O) No Injury","Dark-Lighted","Entrance/Exit Ramp","Angle Crash","I-20","Wet","23:00:00","[""Lap and Shoulder Belt Used"",""Lap and Shoulder Belt Used""]","Clear",0,33.760272,-84.48522,"Atlanta","FULTON","[""Motor Vehicle in Motion"",""Motor Vehicle in Motion""]","Too Fast for Conditions","[""Motor Vehicle in Motion"",""Motor Vehicle in Motion""]"
0,0,"Atlanta Police Department","2022-07-09","Chapel St Sw and Northside Dr Sw","(O) No Injury","Daylight","On Roadway - Non-Intersection","Angle Crash","Northside Dr Sw","Dry","17:30:00","[""Lap and Shoulder Belt Used"",""Lap and Shoulder Belt Used""]","Clear",0,33.75148,-84.402945,"Atlanta","FULTON","[""Motor Vehicle in Motion"",""Motor Vehicle in Motion""]","Improper Turn","[""Motor Vehicle in Motion"",""Motor Vehicle in Motion""]"
0,0,"Atlanta Police Department","2022-07-09","None and Pharr Rd Ne","(O) No Injury","Daylight","On Roadway - Non-Intersection","Sideswipe-Same Direction","Pharr Rd Ne","Wet","10:15:00","[""Lap and Shoulder Belt Used"",""Lap and Shoulder Belt Used""]","Clear",0,33.837076,-84.380069,"Atlanta","FULTON","[""Motor Vehicle in Motion"",""Motor Vehicle in Motion""]",,"[""Motor Vehicle in Motion"",""Motor Vehicle in Motion""]"
0,0,"Atlanta Police Department","2022-07-09","None and Hamilton E Holmes Dr Nw","(O) No Injury","Daylight","On Roadway - Non-Intersection","Sideswipe-Same Direction","Hamilton E Holmes Dr Nw","Wet","11:30:00","[""Lap and Shoulder Belt Used"",""Lap and Shoulder Belt Used""]","Cloudy",0,33.75495,-84.466177,"Atlanta","FULTON","[""Motor Vehicle in Motion"",""Motor Vehicle in Motion""]","Changed Lanes Improperly","[""Motor Vehicle in Motion"",""Motor Vehicle in Motion""]"
0,0,"Atlanta Police Department","2022-07-09","None and John Lewis Freedom Pkwy Ne Rp","(O) No Injury","Dark-Lighted","On Roadway - Non-Intersection","Sideswipe-Same Direction","John Lewis Freedom Pkwy Ne Rp","Dry","01:00:00","[""Unknown"",""Unknown""]","Clear",0,33.760039,-84.37594,"Atlanta","FULTON","[""Motor Vehicle in Motion"",""Motor Vehicle in Motion""]",,"[""Motor Vehicle in Motion"",""Motor Vehicle in Motion""]"
0,0,"Atlanta Police Department","2022-07-09","I-75 Hov Lane and John Wesley Dobbs Ave Ne","(O) No Injury","Daylight","On Roadway - Roadway Intersection","Sideswipe-Same Direction","I-75 Hov Lane","Dry","17:00:00","[""Unknown"",""Unknown"",""Unknown"",""Child Restraint System (Properly Used)""]","Clear",0,33.757747,-84.378869,"Atlanta","FULTON","[""Motor Vehicle in Motion"",""Motor Vehicle in Motion""]","Changed Lanes Improperly","[""Motor Vehicle in Motion"",""Motor Vehicle in Motion""]"
0,0,"Atlanta Police Department","2022-07-09","Defoor Pl Nw and Chattahoochee Ave Nw","(C) Possible Injury / Complaint","Daylight","On Roadway - Roadway Intersection","Rear End","Chattahoochee Ave Nw","Wet","08:41:00","[""Lap and Shoulder Belt Used"",""Lap and Shoulder Belt Used""]","Cloudy",0,33.80124,-84.42288,"Atlanta","FULTON","[""Motor Vehicle in Motion"",""Motor Vehicle in Motion""]","Following Too Close","[""Motor Vehicle in Motion"",""Motor Vehicle in Motion""]"
0,0,"Atlanta Police Department","2022-07-09","None and I-20","(O) No Injury","Daylight","On Roadway - Non-Intersection","Rear End","I-20","Dry","18:15:00","[""Unknown"",""Lap and Shoulder Belt Used"",""Lap and Shoulder Belt Used"",""Lap and Shoulder Belt Used""]","Clear",0,33.743444,-84.375378,"Atlanta","FULTON","[""Motor Vehicle in Motion"",""Motor Vehicle in Motion"",""Motor Vehicle in Motion"",""Motor Vehicle in Motion""]","[""Changed Lanes Improperly"",""Following Too Close""]","[""Motor Vehicle in Motion"",""Motor Vehicle in Motion"",""Motor Vehicle in Motion"",""Motor Vehicle in Motion""]"
0,0,"Atlanta Police Department","2022-07-09","Hampton St Nw and Marietta St Nw","(O) No Injury","Dark-Not Lighted","On Roadway - Non-Intersection","Angle Crash","Hampton St Nw","Dry","23:00:00","[""Unknown"",""Unknown""]","Clear",0,33.777299,-84.407908,"Atlanta","FULTON","[""Motor Vehicle in Motion"",""Parked Motor Vehicle""]","Misjudged Clearance","[""Motor Vehicle in Motion"",""Parked Motor Vehicle""]"
0,0,"Atlanta Police Department","2022-07-09","11Th St Nw and Northside Dr Nw","(O) No Injury","Daylight","On Roadway - Roadway Intersection","Angle Crash","11Th St Nw","Dry","18:29:00","[""Unknown"",""Unknown""]","Clear",0,33.783004,-84.407468,"Atlanta","FULTON","[""Motor Vehicle in Motion"",""Motor Vehicle in Motion""]",,"[""Motor Vehicle in Motion"",""Motor Vehicle in Motion""]"
0,0,"Atlanta Police Department","2022-07-09","Ellsworth Dr Nw and Chattahoochee Ave Nw","(O) No Injury","Daylight","On Roadway - Roadway Intersection","Angle Crash","Ellsworth Dr Nw","Dry","17:46:00","[""Unknown"",""Unknown""]","Clear",0,33.800779,-84.426986,"Atlanta","FULTON","[""Motor Vehicle in Motion"",""Motor Vehicle in Motion""]",,"[""Motor Vehicle in Motion"",""Motor Vehicle in Motion""]"
0,0,"Atlanta Police Department","2022-07-09","Northside Dr Nw and Joseph E Boone Blvd Nw","(O) No Injury","Daylight","On Roadway - Roadway Intersection","Sideswipe-Same Direction","Northside Dr Nw","Dry","17:40:00","[""Unknown"",""Unknown"",""Unknown""]","Clear",0,33.763435,-84.402947,"Atlanta","FULTON","[""Motor Vehicle in Motion"",""Motor Vehicle in Motion""]","Changed Lanes Improperly","[""Motor Vehicle in Motion"",""Motor Vehicle in Motion""]"
0,0,"Atlanta Police Department","2022-07-09","Thurmond St Nw and Northside Dr Nw","(O) No Injury","Daylight","On Roadway - Non-Intersection","Sideswipe-Same Direction","Thurmond St Nw","Wet","13:02:00","[""Lap and Shoulder Belt Used"",""Lap and Shoulder Belt Used""]","Cloudy",0,33.761163,-84.402952,"Atlanta","FULTON","[""Motor Vehicle in Motion"",""Motor Vehicle in Motion""]","Changed Lanes Improperly","[""Motor Vehicle in Motion"",""Motor Vehicle in Motion""]"
0,0,"Atlanta Police Department","2022-07-09","Ellsworth Dr Nw and Chattahoochee Ave Nw","(O) No Injury","Daylight","On Roadway - Non-Intersection","Rear End","Chattahoochee Ave Nw","Wet","12:09:00","[""Lap and Shoulder Belt Used"",""Lap and Shoulder Belt Used""]","Clear",0,33.800861,-84.426031,"Atlanta","FULTON","[""Motor Vehicle in Motion"",""Motor Vehicle in Motion""]","[""Changed Lanes Improperly"",""Following Too Close""]","[""Motor Vehicle in Motion"",""Motor Vehicle in Motion""]"
0,0,"Atlanta Police Department","2022-07-09","I-75 S and Spring St Nw","(O) No Injury","Dark-Lighted","On Roadway - Non-Intersection","Angle Crash","Spring St Nw","Water (standing or moving)","07:48:00","[""Lap and Shoulder Belt Used"",""Lap and Shoulder Belt Used"",""Lap and Shoulder Belt Used"",""Lap and Shoulder Belt Used""]","Rain",0,33.767001,-84.388077,"Atlanta","FULTON","[""Motor Vehicle in Motion"",""Motor Vehicle in Motion""]","Driver Lost Control","[""Motor Vehicle in Motion"",""Motor Vehicle in Motion""]"
0,0,"Atlanta Police Department","2022-07-09","Sylvan Rd Sw and Langford Pkwy","(O) No Injury","Daylight","On Roadway - Non-Intersection","Not a Collision with Motor Vehicle","Langford Pkwy","Wet","10:30:00","Lap and Shoulder Belt Used","Rain",0,33.697379,-84.426443,"Atlanta","FULTON","Motor Vehicle in Motion","Too Fast for Conditions","Motor Vehicle in Motion"
0,0,"Atlanta Police Department","2022-07-09","None and I-20","(O) No Injury","Dark-Lighted","On Roadway - Roadway Intersection","Rear End","I-20","Water (standing or moving)","21:59:00","[""Unknown"",""Unknown"",""Unknown"",""Unknown""]","Rain",0,33.764092,-84.492036,"Atlanta","FULTON","[""Motor Vehicle in Motion"",""Motor Vehicle in Motion"",""Motor Vehicle in Motion"",""Motor Vehicle in Motion""]","Following Too Close","[""Motor Vehicle in Motion"",""Motor Vehicle in Motion"",""Motor Vehicle in Motion"",""Motor Vehicle in Motion""]"
0,0,"Atlanta Police Department","2022-07-09","None and I-20","(O) No Injury","Daylight","On Roadway - Non-Intersection","Not a Collision with Motor Vehicle","I-20","Wet","11:15:00","Lap and Shoulder Belt Used","Rain",0,33.744614,-84.389216,"Atlanta","FULTON","Other Non-Collision","Too Fast for Conditions","Median Barrier"
0,0,"Atlanta Police Department","2022-07-09","University Ave Sw and Metropolitan Pkwy Sw","(O) No Injury","Daylight","On Roadway - Roadway Intersection","Rear End","Metropolitan Pkwy Sw","Dry","19:18:00","[""Unknown"",""Unknown"",""Unknown""]","Clear",0,33.722022,-84.407867,"Atlanta","FULTON","[""Motor Vehicle in Motion"",""Motor Vehicle in Motion""]","Following Too Close","[""Motor Vehicle in Motion"",""Motor Vehicle in Motion""]"
0,0,"Atlanta Police Department","2022-07-09","None and I-75","(O) No Injury","Dark-Lighted","On Roadway - Non-Intersection","Rear End","I-75","Wet","22:30:00","[""Lap and Shoulder Belt Used"",""Lap and Shoulder Belt Used""]","Cloudy",0,33.747268,-84.386831,"Atlanta","FULTON","[""Motor Vehicle in Motion"",""Motor Vehicle in Motion""]",,"[""Motor Vehicle in Motion"",""Motor Vehicle in Motion""]"
0,0,"Atlanta Police Department","2022-07-09","Ga-400 S and Sidney Marcus Blvd Ne","(O) No Injury","Dark-Lighted","On Shoulder","Not a Collision with Motor Vehicle","Sidney Marcus Blvd Ne","Wet","04:45:00","[""Lap and Shoulder Belt Used"",""Lap and Shoulder Belt Used""]","Rain",0,33.825276,-84.359904,"Atlanta","FULTON","Guard Rail Face",,"Guard Rail Fence"
0,0,"Atlanta Police Department","2022-07-09","Rilman Rd Nw and W Paces Ferry Rd Nw","(O) No Injury","Daylight","On Roadway - Roadway Intersection","Rear End","W Paces Ferry Rd Nw","Dry","19:10:00","[""Lap and Shoulder Belt Used"",""Lap and Shoulder Belt Used"",""Lap and Shoulder Belt Used""]","Clear",0,33.850744,-84.419042,"Atlanta","FULTON","[""Motor Vehicle in Motion"",""Parked Motor Vehicle"",""Parked Motor Vehicle""]","Other Interior Distraction (Distracted)","[""Motor Vehicle in Motion"",""Parked Motor Vehicle"",""Parked Motor Vehicle""]"
0,0,"Atlanta Police Department","2022-07-09","Bolton Rd Nw and Northwest Dr Nw","(O) No Injury","Daylight","Entrance/Exit Ramp","Rear End","Bolton Rd Nw","Dry","15:44:00","[""Lap and Shoulder Belt Used"",""Lap and Shoulder Belt Used"",""Lap and Shoulder Belt Used"",""Lap and Shoulder Belt Used"",""Lap and Shoulder Belt Used"",""Lap and Shoulder Belt Used""]","Clear",0,33.800393,-84.488012,"Atlanta","FULTON","[""Motor Vehicle in Motion"",""Motor Vehicle in Motion""]","Following Too Close","[""Motor Vehicle in Motion"",""Motor Vehicle in Motion""]"
0,0,"Atlanta Police Department","2022-07-09","Williams St Nw and Ivan Allen Jr Blvd Nw","(O) No Injury","Dark-Lighted","On Roadway - Roadway Intersection","Angle Crash","Ivan Allen Jr Blvd Nw","Wet","22:50:00","[""Unknown"",""Unknown""]","Rain",0,33.764674,-84.390349,"Atlanta","FULTON","[""Motor Vehicle in Motion"",""Motor Vehicle in Motion""]","Disregard Other Traffic Control","Motor Vehicle in Motion"
0,0,"Atlanta Police Department","2022-07-09","None and I-85 Exit 85 Rp","(C) Possible Injury / Complaint","Daylight","On Roadway - Non-Intersection","Rear End","I-85 Exit 85 Rp","Wet","14:30:00","[""Shoulder Belt Only Used"",""Shoulder Belt Only Used""]","Rain",0,33.806539,-84.380495,"Atlanta","FULTON","[""Motor Vehicle in Motion"",""Motor Vehicle in Motion""]","Following Too Close","[""Motor Vehicle in Motion"",""Motor Vehicle in Motion""]"
0,0,"Atlanta Police Department","2022-07-09","Joseph E Lowery Blvd Sw and Martin Luther King Jr Dr Nw","(O) No Injury","Daylight","On Roadway - Roadway Intersection","Rear End","Martin Luther King Jr Dr Nw","Dry","18:00:00","[""Lap and Shoulder Belt Used"",""Lap and Shoulder Belt Used"",""Lap and Shoulder Belt Used""]","Clear",0,33.754729,-84.417526,"Atlanta","FULTON","[""Motor Vehicle in Motion"",""Motor Vehicle in Motion""]","Following Too Close","[""Motor Vehicle in Motion"",""Motor Vehicle in Motion""]"
0,0,"Atlanta Police Department","2022-07-09","17Th St Ne and W Peachtree St Ne","(O) No Injury","Dark-Lighted","On Roadway - Roadway Intersection","Sideswipe-Same Direction","W Peachtree St Ne","Wet","02:33:00","[""None Used"",""None Used"",""None Used""]","Clear",0,33.79195,-84.387768,"Atlanta","FULTON","[""Motor Vehicle in Motion"",""Motor Vehicle in Motion""]","Changed Lanes Improperly","[""Motor Vehicle in Motion"",""Motor Vehicle in Motion""]"
0,0,"Atlanta Police Department","2022-07-09","Ethel St Nw and Northside Dr Nw","(C) Possible Injury / Complaint","Dark-Lighted","On Roadway - Non-Intersection","Angle Crash","Northside Dr Nw","Dry","22:30:00","[""Lap and Shoulder Belt Used"",""Lap and Shoulder Belt Used"",""Unknown"",""Unknown""]","Clear",0,33.784987,-84.407458,"Atlanta","FULTON","[""Motor Vehicle in Motion"",""Motor Vehicle in Motion""]","[""Failure to Yield"",""Improper Turn""]","[""Motor Vehicle in Motion"",""Motor Vehicle in Motion""]"
0,0,"Atlanta Police Department","2022-07-09","None and I-20","(O) No Injury","Daylight","On Roadway - Roadway Intersection","Rear End","I-20","Wet","10:45:00","[""Unknown"",""Unknown"",""Unknown""]","Rain",0,33.750846,-84.44441,"Atlanta","FULTON","[""Motor Vehicle in Motion"",""Motor Vehicle in Motion""]","Following Too Close","[""Motor Vehicle in Motion"",""Motor Vehicle in Motion""]"
0,0,"Atlanta Police Department","2022-07-09","Peachtree Rd Ne and Peachtree Ave Ne","(C) Possible Injury / Complaint","Daylight","On Roadway - Roadway Intersection","Rear End","Peachtree Rd Ne","Wet","13:00:00","[""Lap and Shoulder Belt Used"",""Lap and Shoulder Belt Used"",""Lap and Shoulder Belt Used"",""Lap and Shoulder Belt Used""]","Cloudy",0,33.834853,-84.382451,"Atlanta","FULTON","[""Motor Vehicle in Motion"",""Motor Vehicle in Motion"",""Motor Vehicle in Motion""]","Following Too Close","[""Motor Vehicle in Motion"",""Motor Vehicle in Motion"",""Motor Vehicle in Motion""]"
0,0,"Atlanta Police Department","2022-07-09","None and Jonesboro Rd Se","(O) No Injury","Daylight","On Roadway - Driveway Intersection","Sideswipe-Same Direction","Jonesboro Rd Se","Dry","16:00:00","[""Lap and Shoulder Belt Used"",""Lap and Shoulder Belt Used""]","Clear",0,33.651028,-84.366729,"Atlanta","FULTON","[""Motor Vehicle in Motion"",""Motor Vehicle in Motion""]",,"[""Motor Vehicle in Motion"",""Motor Vehicle in Motion""]"
0,1,"Atlanta Police Department","2022-07-09","Atwood St Sw and Westview Dr Sw","(B) Suspected Minor/Visible Injury","Daylight","On Roadway - Driveway Intersection","Head On","Westview Dr Sw","Dry","17:30:00","[""Lap and Shoulder Belt Used"",""Lap and Shoulder Belt Used"",""Lap and Shoulder Belt Used"",""Lap and Shoulder Belt Used"",""Lap and Shoulder Belt Used""]","Clear",0,33.74732,-84.428871,"Atlanta","FULTON","[""Motor Vehicle in Motion"",""Motor Vehicle in Motion"",""Motor Vehicle in Motion""]","[""Driver Lost Control"",""Wrong Side of Road""]","[""Motor Vehicle in Motion"",""Motor Vehicle in Motion"",""Motor Vehicle in Motion""]"
0,1,"Atlanta Police Department","2022-07-09","None and I-285","(B) Suspected Minor/Visible Injury","Dark-Not Lighted","On Roadway - Non-Intersection","Rear End","I-285","Dry","02:00:00","[""Lap and Shoulder Belt Used"",""Lap and Shoulder Belt Used"",""Lap and Shoulder Belt Used""]","Clear",0,33.660765,-84.357578,"Atlanta","FULTON","[""Motor Vehicle in Motion"",""Motor Vehicle in Motion"",""Motor Vehicle in Motion""]","[""Reckless Driving"",""Under the Influence (U.I.)"",""Following Too Close""]","[""Motor Vehicle in Motion"",""Motor Vehicle in Motion"",""Motor Vehicle in Motion""]"
0,0,"Atlanta Police Department","2022-07-09","None and I-85","(C) Possible Injury / Complaint","Daylight","On Roadway - Managed Lane (HOV, HOT, Reversible)","Not a Collision with Motor Vehicle","I-85","Water (standing or moving)","08:59:00","Lap and Shoulder Belt Used","Rain",0,33.793533,-84.392259,"Atlanta","FULTON","Other Non-Collision",,"Median Barrier"
0,0,"Atlanta Police Department","2022-07-09","I-75 and Edgewood Ave Se","(O) No Injury","Dark-Lighted","On Roadway - Non-Intersection","Rear End","I-75","Water (standing or moving)","10:08:00","[""Lap and Shoulder Belt Used"",""Lap Belt Only Used"",""Lap and Shoulder Belt Used""]","Cloudy",0,33.754384,-84.378361,"Atlanta","FULTON","[""Motor Vehicle in Motion"",""Motor Vehicle in Motion""]","Following Too Close","[""Motor Vehicle in Motion"",""Motor Vehicle in Motion""]"
0,0,"Atlanta Police Department","2022-07-09","Auburn Ave Ne and Jackson St Ne","(O) No Injury","Daylight","On Roadway - Non-Intersection","Rear End","Jackson St Ne","Water (standing or moving)","10:41:00","[""Unknown"",""Lap and Shoulder Belt Used""]","Rain",0,33.755191,-84.374384,"Atlanta","FULTON","[""Motor Vehicle in Motion"",""Motor Vehicle in Motion""]","Following Too Close","[""Motor Vehicle in Motion"",""Motor Vehicle in Motion""]"
2,0,"Atlanta Police Department","2022-07-09","Peachtree Rd Ne and Peachtree Memorial Dr Nw","(A) Suspected Serious Injury","Daylight","On Roadway - Non-Intersection","Head On","Peachtree Rd Ne","Dry","11:20:00","[""Unknown"",""Unknown""]","Clear",0,33.816243,-84.390349,"Atlanta","FULTON","[""Motor Vehicle in Motion"",""Motor Vehicle in Motion""]","Failure to Yield","[""Motor Vehicle in Motion"",""Motor Vehicle in Motion""]"
0,0,"Atlanta Police Department","2022-07-09","Marietta Blvd Nw and Donald Lee Hollowell Pkwy Nw","(O) No Injury","Dark-Lighted","On Roadway - Roadway Intersection","Rear End","Marietta Blvd Nw","Wet","21:10:00","[""Unknown"",""Unknown""]","Rain",0,33.772936,-84.425055,"Atlanta","FULTON","[""Motor Vehicle in Motion"",""Motor Vehicle in Motion""]","Changed Lanes Improperly","[""Motor Vehicle in Motion"",""Motor Vehicle in Motion""]"
0,2,"Atlanta Police Department","2022-07-09","Garmon Rd Nw and Mt Paran Rd Nw","(B) Suspected Minor/Visible Injury","Dark-Not Lighted","On Roadway - Roadway Intersection","Angle Crash","Mt Paran Rd Nw","Wet","23:15:00","[""Unknown"",""Unknown"",""Lap and Shoulder Belt Used"",""Lap and Shoulder Belt Used""]","Rain",0,33.870125,-84.426746,"Atlanta","FULTON","[""Motor Vehicle in Motion"",""Motor Vehicle in Motion""]","Failure to Yield","[""Motor Vehicle in Motion"",""Motor Vehicle in Motion""]"
0,0,"Atlanta Police Department","2022-07-09","17Th St Nw and Village St","(O) No Injury","Daylight","On Roadway - Roadway Intersection","Angle Crash","Village St","Dry","16:42:00","[""Unknown"",""Unknown""]","Clear",0,33.789696,-84.402805,"Atlanta","FULTON","[""Motor Vehicle in Motion"",""Motor Vehicle in Motion""]",,"[""Motor Vehicle in Motion"",""Motor Vehicle in Motion""]"
0,0,"Atlanta Police Department","2022-07-09","I-75 S and I-75 Hov Lane","(O) No Injury","Dark-Lighted","On Roadway - Managed Lane (HOV, HOT, Reversible)","Rear End","I-75 Hov Lane","Water (standing or moving)","23:30:00","[""Unknown"",""Unknown"",""Unknown"",""Unknown"",""Unknown""]","Rain",0,33.770292,-84.390539,"Atlanta","FULTON","[""Motor Vehicle in Motion"",""Motor Vehicle in Motion""]","Following Too Close","[""Motor Vehicle in Motion"",""Motor Vehicle in Motion""]"
0,0,"Atlanta Police Department","2022-07-09","None and I-75","(C) Possible Injury / Complaint","Daylight","Off Roadway","Not a Collision with Motor Vehicle","I-75","Water (standing or moving)","13:53:00","[""Lap and Shoulder Belt Used"",""Child Restraint System (Properly Used)"",""Unknown"",""Lap and Shoulder Belt Used"",""Unknown""]","Rain",0,33.695491,-84.404643,"Atlanta","FULTON","Other - Fixed Object","Too Fast for Conditions","Other Object (Not Fixed)"
0,0,"Atlanta Police Department","2022-07-09","5Th St Nw and Spring St Nw","(C) Possible Injury / Complaint","Daylight","On Roadway - Roadway Intersection","Sideswipe-Same Direction","Spring St Nw","Dry","18:00:00","[""Unknown"",""Unknown""]","Clear",0,33.776814,-84.388793,"Atlanta","FULTON","[""Motor Vehicle in Motion"",""Motor Vehicle in Motion""]","Changed Lanes Improperly","[""Motor Vehicle in Motion"",""Motor Vehicle in Motion""]"
0,0,"Atlanta Police Department","2022-07-09","I-75 and 14Th St Nw","(C) Possible Injury / Complaint","Daylight","On Roadway - Non-Intersection","Angle Crash","I-75","Other","08:10:00","[""Lap and Shoulder Belt Used"",""Lap and Shoulder Belt Used"",""Lap and Shoulder Belt Used""]","Rain",0,33.797908,-84.393287,"Atlanta","FULTON","[""Motor Vehicle in Motion"",""Motor Vehicle in Motion"",""Motor Vehicle in Motion""]","Changed Lanes Improperly","[""Motor Vehicle in Motion"",""Motor Vehicle in Motion"",""Motor Vehicle in Motion""]"
0,1,"Gsp Post 00","2022-07-09","Barge Road and Ga 166 West","(B) Suspected Minor/Visible Injury","Dark-Lighted","On Roadway - Non-Intersection","Sideswipe-Same Direction","Ga 166 West","Wet","00:49:00","[""Motorcycle Helmet"",""Lap and Shoulder Belt Used"",""Lap and Shoulder Belt Used""]","Cloudy",0,33.690227,-84.505934,"Atlanta","FULTON","[""Motor Vehicle in Motion"",""Motor Vehicle in Motion""]","[""Driver Lost Control"",""Exceeding Speed Limit"",""Reckless Driving"",""Disregard Police - Evasion""]","[""Motor Vehicle in Motion"",""Motor Vehicle in Motion""]"
0,2,"Atlanta Police Department","2022-07-09","None and I-75 Exit 248D  Jesse Hill Jr Dr Ne Rp","(B) Suspected Minor/Visible Injury","Dark-Lighted","On Roadway - Non-Intersection","Rear End","I-75 Exit 248D  Jesse Hill Jr Dr Ne Rp","Wet","00:40:00","[""Lap and Shoulder Belt Used"",""Lap and Shoulder Belt Used"",""Lap and Shoulder Belt Used""]","Cloudy",0,33.760862,-84.380673,"Atlanta","FULTON","[""Motor Vehicle in Motion"",""Motor Vehicle in Motion""]","Following Too Close","[""Motor Vehicle in Motion"",""Motor Vehicle in Motion""]"
0,0,"Atlanta Police Department","2022-07-09","14Th St Nw and Techwood Dr Nw","(O) No Injury","Daylight","On Roadway - Managed Lane (HOV, HOT, Reversible)","Not a Collision with Motor Vehicle","14Th St Nw","Water (standing or moving)","06:53:00","Unknown","Rain",0,33.786704,-84.391916,"Atlanta","FULTON","Other Non-Collision",,"Tree"
0,0,"Atlanta Police Department","2022-07-09","Buford Hwy Ne and Lenox Pointe Ne","(C) Possible Injury / Complaint","Daylight","On Roadway - Roadway Intersection","Rear End","Buford Hwy Ne","Dry","18:15:00","[""Lap and Shoulder Belt Used"",""Lap and Shoulder Belt Used"",""Lap and Shoulder Belt Used""]","Cloudy",0,33.825004,-84.354714,"Atlanta","FULTON","[""Motor Vehicle in Motion"",""Motor Vehicle in Motion""]",,"[""Motor Vehicle in Motion"",""Motor Vehicle in Motion""]"
0,2,"Atlanta Police Department","2022-07-09","None and I-75","(B) Suspected Minor/Visible Injury","Daylight","On Roadway - Managed Lane (HOV, HOT, Reversible)","Angle Crash","I-75","Wet","14:26:00","[""Unknown"",""Lap and Shoulder Belt Used"",""Lap and Shoulder Belt Used"",""Lap and Shoulder Belt Used""]","Clear",0,33.833525,-84.427546,"Atlanta","FULTON","[""Motor Vehicle in Motion"",""Motor Vehicle in Motion"",""Motor Vehicle in Motion""]",,"[""Motor Vehicle in Motion"",""Motor Vehicle in Motion"",""Motor Vehicle in Motion""]"
0,0,"Atlanta Police Department","2022-07-09","None and I-75","(O) No Injury","Dark-Not Lighted","On Roadway - Roadway Intersection","Rear End","I-75","Dry","21:00:00","[""Unknown"",""Unknown"",""Unknown""]","Clear",0,33.765513,-84.385358,"Atlanta","FULTON","[""Motor Vehicle in Motion"",""Motor Vehicle in Motion""]","Following Too Close","[""Motor Vehicle in Motion"",""Motor Vehicle in Motion""]"
0,0,"Atlanta Police Department","2022-07-09","None and I-75","(O) No Injury","Dusk","On Roadway - Non-Intersection","Sideswipe-Same Direction","I-75","Dry","20:27:00","[""Unknown"",""Unknown""]","Cloudy",0,33.777824,-84.390787,"Atlanta","FULTON","[""Motor Vehicle in Motion"",""Motor Vehicle in Motion""]","Changed Lanes Improperly","[""Motor Vehicle in Motion"",""Motor Vehicle in Motion""]"
0,0,"Atlanta Police Department","2022-07-09","I-75 and Peachtree St Ne","(O) No Injury","Dark-Not Lighted","On Roadway - Roadway Intersection","Rear End","I-75","Wet","22:00:00","[""Unknown"",""Unknown"",""Unknown""]","Rain",0,33.765564,-84.385446,"Atlanta","FULTON","[""Motor Vehicle in Motion"",""Motor Vehicle in Motion""]","Following Too Close","[""Motor Vehicle in Motion"",""Motor Vehicle in Motion""]"