"# Serious Injuries","# Visible Injuries","Agency Name (Crash Level) ","Date","Intersection Name (from Crash Report)","KABCO Severity","Light Conditions (Crash Level)","Location at Impact (Crash Level) ","Manner of Collision (Crash Level) ","Roadway (From Crash Report)","Surface Condition (Crash Level) ","Time","Safety Equipment (Crash Level) ","Weather Conditions (Crash Level)","# of Fatalities per Crash","Latitude","Longitude","Geolocated City","Geolocated County","First Harmful Event (Unit Order)","Operator/Pedestrian Contrib Factor (excl None, Other, No Contrib Factors)","Most Harmful Event (Crash Level)"
0,0,"Atlanta Police Department","2022-07-13","Dekalb Ave Ne and Moreland Ave Ne","(O) No Injury","Daylight","Off Roadway","Not a Collision with Motor Vehicle","Dekalb Ave Ne","Dry","09:05:00","[""Unknown"",""Lap and Shoulder Belt Used""]","Clear",0,33.760055,-84.349256,"Atlanta","FULTON","[""Motor Vehicle in Motion"",""Other - Fixed Object""]","Improper Backing","Motor Vehicle in Motion"
0,0,"Atlanta Police Department","2022-07-13","Ellis St Ne and Piedmont Ave Ne","(C) Possible Injury / Complaint","Dark-Lighted","On Roadway - Driveway Intersection","Angle Crash","Piedmont Ave Ne","Dry","21:42:00","[""Unknown"",""Unknown""]","Clear",0,33.75836,-84.382213,"Atlanta","FULTON","[""Motor Vehicle in Motion"",""Motor Vehicle in Motion""]","Disregard Stop Sign/Signal","[""Motor Vehicle in Motion"",""Motor Vehicle in Motion""]"
0,0,"Gsp Post 00","2022-07-13","Moreland Ave and United Ave Se","(O) No Injury","Daylight","On Roadway - Non-Intersection","Rear End","United Ave Se","Dry","17:40:00","[""Unknown"",""Lap and Shoulder Belt Used""]","Clear",0,33.724003,-84.349454,"Atlanta","FULTON","[""Motor Vehicle in Motion"",""Motor Vehicle in Motion""]","Following Too Close","[""Motor Vehicle in Motion"",""Motor Vehicle in Motion""]"
0,0,"Atlanta Police Department","2022-07-13","Ethel St Nw and Northside Dr Nw","(C) Possible Injury / Complaint","Daylight","On Roadway - Roadway Intersection","Angle Crash","Northside Dr Nw","Dry","14:00:00","[""Lap and Shoulder Belt Used"",""Lap and Shoulder Belt Used""]","Clear",0,33.784554,-84.407457,"Atlanta","FULTON","[""Motor Vehicle in Motion"",""Motor Vehicle in Motion""]","Failure to Yield","[""Motor Vehicle in Motion"",""Motor Vehicle in Motion""]"
0,0,"Atlanta Police Department","2022-07-13","Pryor St Se and Park Pl South Se","(C) Possible Injury / Complaint","Daylight","On Roadway - Non-Intersection","Not a Collision with Motor Vehicle","Park Pl South Se","Dry","19:52:00","[""Unknown"",""None Used""]","Clear",0,33.753857,-84.388956,"Atlanta","FULTON","[""Motor Vehicle in Motion"",""Pedestrian""]",,"Motor Vehicle in Motion"
0,0,"Atlanta Police Department","2022-07-13","None and I-75","(C) Possible Injury / Complaint","Daylight","On Roadway - Non-Intersection","Rear End","I-75","Dry","16:38:00","[""Lap and Shoulder Belt Used"",""Lap and Shoulder Belt Used""]","Clear",0,33.790396,-84.390874,"Atlanta","FULTON","[""Motor Vehicle in Motion"",""Motor Vehicle in Motion""]","Following Too Close","[""Motor Vehicle in Motion"",""Motor Vehicle in Motion""]"
0,0,"Atlanta Police Department","2022-07-13","None and Ga-400","(O) No Injury","Daylight","On Roadway - Non-Intersection","Rear End","Ga-400","Dry","17:15:00","[""None Used"",""Lap and Shoulder Belt Used""]","Clear",0,33.854837,-84.369927,"Atlanta","FULTON","[""Motor Vehicle in Motion"",""Motor Vehicle in Motion""]","Following Too Close","[""Motor Vehicle in Motion"",""Motor Vehicle in Motion""]"
0,0,"Atlanta Police Department","2022-07-13","I-75 and Cleveland Ave Sw","(O) No Injury","Daylight","On Roadway - Non-Intersection","Rear End","I-75","Water (standing or moving)","17:00:00","[""Lap and Shoulder Belt Used"",""Lap and Shoulder Belt Used""]","Rain",0,33.68179,-84.398793,"Atlanta","FULTON","[""Motor Vehicle in Motion"",""Motor Vehicle in Motion""]","Following Too Close","[""Motor Vehicle in Motion"",""Motor Vehicle in Motion""]"
0,0,"Atlanta Police Department","2022-07-13","Lee St Sw and Donnelly Ave Sw","(C) Possible Injury / Complaint","Dark-Lighted","On Roadway - Roadway Intersection","Angle Crash","Donnelly Ave Sw","Dry","23:13:00","[""Lap and Shoulder Belt Used"",""Lap and Shoulder Belt Used"",""Lap and Shoulder Belt Used""]","Clear",0,33.727307,-84.417514,"Atlanta","FULTON","[""Motor Vehicle in Motion"",""Motor Vehicle in Motion""]","Failure to Yield","[""Motor Vehicle in Motion"",""Motor Vehicle in Motion""]"
0,0,"Atlanta Police Department","2022-07-13","Custer Ave Se and Moreland Ave Se","(O) No Injury","Daylight","On Roadway - Roadway Intersection","Sideswipe-Same Direction","Moreland Ave Se","Wet","17:35:00","[""Unknown"",""Unknown""]","Cloudy",0,33.715504,-84.349526,"Atlanta","FULTON","[""Motor Vehicle in Motion"",""Motor Vehicle in Motion""]","Changed Lanes Improperly","[""Motor Vehicle in Motion"",""Motor Vehicle in Motion""]"
0,0,"Atlanta Police Department","2022-07-13","Lee St Sw and Avon Ave Sw","(O) No Injury","Daylight","On Roadway - Driveway Intersection","Rear End","Avon Ave Sw","Dry","09:40:00","[""Unknown"",""Unknown""]","Clear",0,33.72226,-84.423039,"Atlanta","FULTON","[""Motor Vehicle in Motion"",""Motor Vehicle in Motion""]","Following Too Close","[""Motor Vehicle in Motion"",""Motor Vehicle in Motion""]"
0,0,"Atlanta Police Department","2022-07-13","Valley Rd Nw and Habersham Rd Nw","(C) Possible Injury / Complaint","Daylight","On Roadway - Roadway Intersection","Angle Crash","Habersham Rd Nw","Dry","16:00:00","[""Unknown"",""Unknown""]","Cloudy",0,33.848594,-84.389245,"Atlanta","FULTON","[""Motor Vehicle in Motion"",""Motor Vehicle in Motion""]","Improper Turn","[""Parked Motor Vehicle"",""Motor Vehicle in Motion""]"
0,0,"Atlanta Police Department","2022-07-13","Taylor St Nw and Chattahoochee Ave Nw","(O) No Injury","Daylight","On Roadway - Roadway Intersection","Rear End","Chattahoochee Ave Nw","Dry","13:22:00","[""Unknown"",""Lap and Shoulder Belt Used""]","Clear",0,33.80092,-84.421511,"Atlanta","FULTON","[""Motor Vehicle in Motion"",""Motor Vehicle in Motion""]","Following Too Close","Motor Vehicle in Motion"
0,0,"Atlanta Police Department","2022-07-13","I-20 E and I-20 Exit 56B","(O) No Injury","Dark-Lighted","On Roadway - Non-Intersection","Sideswipe-Same Direction","I-20 Exit 56B","Dry","23:00:00","[""Lap and Shoulder Belt Used"",""Lap and Shoulder Belt Used""]","Clear",0,33.74277,-84.403203,"Atlanta","FULTON","[""Motor Vehicle in Motion"",""Motor Vehicle in Motion""]",,"[""Motor Vehicle in Motion"",""Motor Vehicle in Motion""]"
0,0,"Atlanta Police Department","2022-07-13","8Th St Nw and Spring St Nw","(O) No Injury","Daylight","On Roadway - Roadway Intersection","Angle Crash","Spring St Nw","Dry","09:02:00","[""Lap and Shoulder Belt Used"",""Lap and Shoulder Belt Used""]","Clear",0,33.779463,-84.388804,"Atlanta","FULTON","[""Motor Vehicle in Motion"",""Motor Vehicle in Motion""]","Changed Lanes Improperly","[""Motor Vehicle in Motion"",""Motor Vehicle in Motion""]"
0,0,"Atlanta Police Department","2022-07-13","None and I-75 Exit 250 Rp","(C) Possible Injury / Complaint","Daylight","On Roadway - Non-Intersection","Rear End","I-75 Exit 250 Rp","Dry","19:55:00","[""Unknown"",""Unknown"",""Unknown""]","Cloudy",0,33.796851,-84.394883,"Atlanta","FULTON","[""Motor Vehicle in Motion"",""Motor Vehicle in Motion""]","Following Too Close","[""Motor Vehicle in Motion"",""Motor Vehicle in Motion""]"
0,0,"Atlanta Police Department","2022-07-13","Echota Dr Nw and Northside Dr Nw","(O) No Injury","Daylight","On Roadway - Non-Intersection","Rear End","Northside Dr Nw","Wet","18:50:00","[""Lap and Shoulder Belt Used"",""Lap and Shoulder Belt Used"",""Lap and Shoulder Belt Used""]","Cloudy",0,33.804261,-84.407802,"Atlanta","FULTON","[""Motor Vehicle in Motion"",""Motor Vehicle in Motion""]","Following Too Close","[""Motor Vehicle in Motion"",""Motor Vehicle in Motion""]"
0,0,"Atlanta Police Department","2022-07-13","Oak St Sw and Lee St Sw","(O) No Injury","Daylight","On Roadway - Non-Intersection","Sideswipe-Same Direction","Lee St Sw","Dry","13:00:00","Unknown","Clear",0,33.740516,-84.414079,"Atlanta","FULTON","[""Motor Vehicle in Motion"",""Motor Vehicle in Motion""]",,"[""Motor Vehicle in Motion"",""Motor Vehicle in Motion""]"
0,0,"Atlanta Police Department","2022-07-13","University Ave Sw and Metropolitan Pkwy Sw","(O) No Injury","Daylight","On Roadway - Driveway Intersection","Angle Crash","Metropolitan Pkwy Sw","Dry","18:14:00","[""Lap and Shoulder Belt Used"",""Lap and Shoulder Belt Used""]","Cloudy",0,33.720986,-84.407864,"Atlanta","FULTON","[""Motor Vehicle in Motion"",""Motor Vehicle in Motion""]",,"[""Motor Vehicle in Motion"",""Motor Vehicle in Motion""]"
0,0,"Atlanta Police Department","2022-07-13","14Th St Nw and W Peachtree St Nw","(O) No Injury","Dark-Lighted","On Roadway - Non-Intersection","Rear End","W Peachtree St Nw","Dry","23:59:00","[""Unknown"",""Unknown"",""Unknown""]","Cloudy",0,33.786579,-84.387808,"Atlanta","FULTON","[""Parked Motor Vehicle"",""Motor Vehicle in Motion""]","Following Too Close","[""Parked Motor Vehicle"",""Motor Vehicle in Motion""]"
0,0,"Atlanta Police Department","2022-07-13","Chapel St Sw and Spelman Ln Sw","(O) No Injury","Daylight","On Roadway - Railroad Crossing","Sideswipe-Same Direction","Chapel St Sw","Dry","10:30:00","[""Unknown"",""Unknown"",""Unknown"",""Unknown""]","Clear",0,33.744333,-84.408359,"Atlanta","FULTON","[""Motor Vehicle in Motion"",""Motor Vehicle in Motion""]",,"[""Motor Vehicle in Motion"",""Motor Vehicle in Motion""]"
0,0,"Atlanta Police Department","2022-07-13","I-75 N and Howell Mill Rd Nw","(O) No Injury","Daylight","On Roadway - Non-Intersection","Sideswipe-Same Direction","Howell Mill Rd Nw","Dry","09:00:00","[""Unknown"",""Lap and Shoulder Belt Used""]","Clear",0,33.805444,-84.413205,"Atlanta","FULTON","[""Motor Vehicle in Motion"",""Motor Vehicle in Motion""]","Changed Lanes Improperly","[""Motor Vehicle in Motion"",""Motor Vehicle in Motion""]"
0,1,"Atlanta Police Department","2022-07-13","I-75 and North Ave Nw","(B) Suspected Minor/Visible Injury","Dark-Lighted","On Roadway - Non-Intersection","Sideswipe-Same Direction","I-75","Dry","03:46:00","Unknown","Clear",0,33.770471,-84.39009,"Atlanta","FULTON","[""Motor Vehicle in Motion"",""Motor Vehicle in Motion""]","Changed Lanes Improperly","[""Motor Vehicle in Motion"",""Motor Vehicle in Motion""]"
0,0,"Atlanta Police Department","2022-07-13","None and I-75 Exit 256 Rp","(O) No Injury","Dark-Lighted","On Roadway - Non-Intersection","Not a Collision with Motor Vehicle","I-75 Exit 256 Rp","Dry","22:00:00","[""Unknown"",""Lap and Shoulder Belt Used""]","Clear",0,33.863652,-84.438041,"Atlanta","FULTON","[""Motor Vehicle in Motion"",""Other Object (Not Fixed)""]",,"[""Motor Vehicle in Motion"",""Motor Vehicle in Motion""]"
0,0,"Atlanta Police Department","2022-07-13","10Th St Nw and Williams St Nw","(O) No Injury","Dark-Lighted","On Roadway - Roadway Intersection","Angle Crash","10Th St Nw","Dry","22:15:00","[""Unknown"",""Unknown""]","Clear",0,33.781518,-84.390551,"Atlanta","FULTON","[""Motor Vehicle in Motion"",""Motor Vehicle in Motion""]","[""Disregard Stop Sign/Signal"",""Disregard Other Traffic Control""]","[""Motor Vehicle in Motion"",""Motor Vehicle in Motion""]"
0,0,"Atlanta Police Department","2022-07-13","Emery Pl Ne and Norwood Ave Ne","(C) Possible Injury / Complaint","Daylight","On Roadway - Roadway Intersection","Angle Crash","Norwood Ave Ne","Dry","14:45:00","[""Lap and Shoulder Belt Used"",""Lap and Shoulder Belt Used""]","Cloudy",0,33.757161,-84.320128,"Atlanta","DEKALB","[""Motor Vehicle in Motion"",""Motor Vehicle in Motion""]","Disregard Stop Sign/Signal","[""Motor Vehicle in Motion"",""Motor Vehicle in Motion""]"
0,0,"Atlanta Police Department","2022-07-13","4Th St Ne and Juniper St Ne","(O) No Injury","Daylight","On Roadway - Managed Lane (HOV, HOT, Reversible)","Rear End","Juniper St Ne","Wet","16:14:00","[""Unknown"",""Unknown""]","Rain",0,33.775104,-84.38305,"Atlanta","FULTON","[""Motor Vehicle in Motion"",""Motor Vehicle in Motion""]","Following Too Close","[""Motor Vehicle in Motion"",""Motor Vehicle in Motion""]"
0,0,"Atlanta Police Department","2022-07-13","I-75 and I-85 N","(O) No Injury","Daylight","On Roadway - Non-Intersection","Rear End","I-75","Wet","16:38:00","[""Lap and Shoulder Belt Used"",""Lap and Shoulder Belt Used""]","Cloudy",0,33.790563,-84.390875,"Atlanta","FULTON","[""Motor Vehicle in Motion"",""Motor Vehicle in Motion""]","Following Too Close","[""Motor Vehicle in Motion"",""Motor Vehicle in Motion""]"
0,0,"Atlanta Police Department","2022-07-13","Elaine Ave Nw and Marietta Blvd Nw","(O) No Injury","Daylight","On Roadway - Roadway Intersection","Sideswipe-Same Direction","Marietta Blvd Nw","Wet","17:00:00","[""Lap and Shoulder Belt Used"",""Lap and Shoulder Belt Used"",""Lap and Shoulder Belt Used""]","Cloudy",0,33.790683,-84.429418,"Atlanta","FULTON","[""Motor Vehicle in Motion"",""Motor Vehicle in Motion""]","Changed Lanes Improperly","[""Motor Vehicle in Motion"",""Motor Vehicle in Motion""]"
0,0,"Atlanta Police Department","2022-07-13","North Ave Ne and N Angier Ave Ne","(O) No Injury","Daylight","On Roadway - Roadway Intersection","Rear End","N Angier Ave Ne","Wet","17:30:00","[""Unknown"",""Unknown""]","Cloudy",0,33.771126,-84.365006,"Atlanta","FULTON","[""Motor Vehicle in Motion"",""Motor Vehicle in Motion""]",,"[""Motor Vehicle in Motion"",""Other - Fixed Object""]"
0,0,"Atlanta Police Department","2022-07-13","28Th St Nw and Peachtree St Ne","(O) No Injury","Dark-Lighted","On Roadway - Roadway Intersection","Angle Crash","Peachtree St Ne","Dry","19:30:00","[""Unknown"",""Unknown""]","Clear",0,33.805494,-84.393877,"Atlanta","FULTON","[""Motor Vehicle in Motion"",""Motor Vehicle in Motion""]","Failure to Yield","[""Motor Vehicle in Motion"",""Motor Vehicle in Motion""]"
0,0,"Atlanta Police Department","2022-07-13","Ga-13 S and Peachtree St Ne","(O) No Injury","Dark-Not Lighted","Median","Not a Collision with Motor Vehicle","Peachtree St Ne","Dry","04:06:00","Unknown","Clear",0,33.798988,-84.39174,"Atlanta","FULTON","Work Zone/Maintenance Equipment",,"Work Zone/Maintenance Equipment"
0,0,"Atlanta Police Department","2022-07-13","Berne St Se and Boulevard Se","(C) Possible Injury / Complaint","Daylight","On Roadway - Roadway Intersection","Angle Crash","Boulevard Se","Dry","17:00:00","[""Unknown"",""Unknown"",""Unknown""]","Clear",0,33.737152,-84.368211,"Atlanta","FULTON","[""Motor Vehicle in Motion"",""Motor Vehicle in Motion"",""Motor Vehicle in Motion""]","[""Failure to Yield"",""Failure to Yield""]","Motor Vehicle in Motion"
0,0,"Atlanta Police Department","2022-07-13","10Th St Nw and Williams St Nw","(O) No Injury","Daylight","On Roadway - Roadway Intersection","Angle Crash","10Th St Nw","Dry","11:30:00","[""Unknown"",""Unknown""]","Clear",0,33.781518,-84.390551,"Atlanta","FULTON","[""Motor Vehicle in Motion"",""Motor Vehicle in Motion""]","Improper Turn","[""Motor Vehicle in Motion"",""Motor Vehicle in Motion""]"
0,0,"Atlanta Police Department","2022-07-13","None and Exit 51A Rp","(O) No Injury","Daylight","On Roadway - Roadway Intersection","Sideswipe-Same Direction","Exit 51A Rp","Dry","17:30:00","[""Unknown"",""Unknown""]","Clear",0,33.76154,-84.48671,"Atlanta","FULTON","[""Motor Vehicle in Motion"",""Motor Vehicle in Motion""]","Changed Lanes Improperly","[""Parked Motor Vehicle"",""Motor Vehicle in Motion""]"
0,0,"Atlanta Police Department","2022-07-13","None and I-20 Rp","(O) No Injury","Daylight","Entrance/Exit Ramp","Sideswipe-Same Direction","I-20 Rp","Dry","14:17:00","[""Unknown"",""Unknown""]","Cloudy",0,33.744858,-84.39015,"Atlanta","FULTON","[""Motor Vehicle in Motion"",""Motor Vehicle in Motion""]",,"[""Motor Vehicle in Motion"",""Motor Vehicle in Motion""]"
0,0,"Atlanta Police Department","2022-07-13","10Th St Nw and Northside Dr Nw","(O) No Injury","Daylight","On Roadway - Roadway Intersection","Sideswipe-Same Direction","Northside Dr Nw","Dry","08:15:00","[""Unknown"",""Lap and Shoulder Belt Used""]","Clear",0,33.781064,-84.407478,"Atlanta","FULTON","[""Motor Vehicle in Motion"",""Motor Vehicle in Motion""]","Changed Lanes Improperly","[""Motor Vehicle in Motion"",""Motor Vehicle in Motion""]"
0,0,"Atlanta Police Department","2022-07-13","None and Moreland Ave Ne","(O) No Injury","Daylight","On Roadway - Driveway Intersection","Angle Crash","Moreland Ave Ne","Dry","12:00:00","[""Lap and Shoulder Belt Used"",""Lap and Shoulder Belt Used""]","Clear",0,33.766436,-84.349059,"Atlanta","FULTON","[""Motor Vehicle in Motion"",""Motor Vehicle in Motion""]","Failure to Yield","[""Motor Vehicle in Motion"",""Motor Vehicle in Motion""]"
0,0,"Atlanta Police Department","2022-07-13","I-75 and 10Th St Nw","(O) No Injury","Daylight","On Roadway - Non-Intersection","Rear End","I-75","Dry","16:26:00","[""Lap and Shoulder Belt Used"",""Lap and Shoulder Belt Used""]","Clear",0,33.781524,-84.391215,"Atlanta","FULTON","[""Motor Vehicle in Motion"",""Motor Vehicle in Motion""]","Following Too Close","[""Motor Vehicle in Motion"",""Motor Vehicle in Motion""]"
0,1,"Atlanta Police Department","2022-07-13","Lucile Ave Sw and Langhorn St Sw","(B) Suspected Minor/Visible Injury","Daylight","On Roadway - Roadway Intersection","Angle Crash","Lucile Ave Sw","Dry","12:00:00","[""Lap and Shoulder Belt Used"",""Lap and Shoulder Belt Used""]","Clear",0,33.742307,-84.43237,"Atlanta","FULTON","[""Motor Vehicle in Motion"",""Motor Vehicle in Motion""]","[""Disregard Police - Traffic Control"",""Driver Condition""]","[""Motor Vehicle in Motion"",""Motor Vehicle in Motion""]"
0,0,"Atlanta Police Department","2022-07-13","Spring St Nw and Armstead Pl Nw","(O) No Injury","Daylight","On Roadway - Managed Lane (HOV, HOT, Reversible)","Sideswipe-Same Direction","Spring St Nw","Dry","17:18:00","[""Unknown"",""Unknown""]","Clear",0,33.775965,-84.388806,"Atlanta","FULTON","[""Motor Vehicle in Motion"",""Motor Vehicle in Motion""]","Changed Lanes Improperly","[""Motor Vehicle in Motion"",""Motor Vehicle in Motion""]"
0,0,"Atlanta Police Department","2022-07-13","Peachtree St Nw and Peachtree Cir Ne","(O) No Injury","Daylight","On Roadway - Roadway Intersection","Angle Crash","Peachtree Cir Ne","Wet","16:50:00","[""Lap and Shoulder Belt Used"",""Lap and Shoulder Belt Used""]","Cloudy",0,33.795824,-84.387733,"Atlanta","FULTON","[""Motor Vehicle in Motion"",""Motor Vehicle in Motion""]","Improper Turn","[""Motor Vehicle in Motion"",""Motor Vehicle in Motion""]"
0,0,"Atlanta Police Department","2022-07-13","14Th St Nw and Spring St Nw","(O) No Injury","Daylight","On Roadway - Non-Intersection","Sideswipe-Same Direction","Spring St Nw","Dry","07:02:00","[""Lap and Shoulder Belt Used"",""Lap and Shoulder Belt Used""]","Clear",0,33.786518,-84.389245,"Atlanta","FULTON","[""Motor Vehicle in Motion"",""Motor Vehicle in Motion""]","Misjudged Clearance","[""Motor Vehicle in Motion"",""Motor Vehicle in Motion""]"
0,0,"Atlanta Police Department","2022-07-13","Peachtree Rd Ne and Peachtree Ave Ne","(C) Possible Injury / Complaint","Daylight","On Roadway - Driveway Intersection","Angle Crash","Peachtree Rd Ne","Dry","15:43:00","[""Lap and Shoulder Belt Used"",""Lap and Shoulder Belt Used"",""Lap and Shoulder Belt Used""]","Clear",0,33.835298,-84.382234,"Atlanta","FULTON","[""Motor Vehicle in Motion"",""Motor Vehicle in Motion""]","Failure to Yield","[""Motor Vehicle in Motion"",""Motor Vehicle in Motion""]"
0,0,"Atlanta Police Department","2022-07-13","Smith St Sw and Rockwell St Sw","(O) No Injury","Daylight","On Roadway - Non-Intersection","Sideswipe-Same Direction","Smith St Sw","Dry","20:00:00","Lap and Shoulder Belt Used","Clear",0,33.731385,-84.40083,"Atlanta","FULTON","[""Motor Vehicle in Motion"",""Parked Motor Vehicle""]",,"[""Motor Vehicle in Motion"",""Parked Motor Vehicle""]"
0,0,"Atlanta Police Department","2022-07-13","Western Ave Nw and Northside Dr Nw","(O) No Injury","Daylight","On Roadway - Roadway Intersection","Angle Crash","Northside Dr Nw","Dry","16:00:00","[""Unknown"",""Unknown""]","Cloudy",0,33.764988,-84.404024,"Atlanta","FULTON","[""Motor Vehicle in Motion"",""Motor Vehicle in Motion""]","Failure to Yield","[""Motor Vehicle in Motion"",""Motor Vehicle in Motion""]"
1,0,"Atlanta Police Department","2022-07-13","None and I-75","(A) Suspected Serious Injury","Daylight","On Roadway - Non-Intersection","Rear End","I-75","Dry","14:35:00","[""Unknown"",""Unknown"",""Unknown"",""Unknown"",""Unknown"",""Unknown"",""Unknown""]","Clear",0,33.728859,-84.392884,"Atlanta","FULTON","[""Motor Vehicle in Motion"",""Motor Vehicle in Motion"",""Motor Vehicle in Motion""]","Following Too Close","[""Motor Vehicle in Motion"",""Motor Vehicle in Motion"",""Motor Vehicle in Motion""]"
0,0,"Atlanta Police Department","2022-07-13","I-20 and Exit 60","(O) No Injury","Daylight","Entrance/Exit Ramp","Not a Collision with Motor Vehicle","I-20","Dry","19:02:00","Unknown","Clear",0,33.745388,-84.346557,"Atlanta","DEKALB","Other Non-Collision","Too Fast for Conditions","Embankment"
0,0,"Atlanta Police Department","2022-07-13","None and I-75","(O) No Injury","Daylight","On Roadway - Non-Intersection","Sideswipe-Same Direction","I-75","Water (standing or moving)","18:27:00","[""Lap and Shoulder Belt Used"",""Lap and Shoulder Belt Used""]","Cloudy",0,33.805452,-84.413887,"Atlanta","FULTON","[""Motor Vehicle in Motion"",""Motor Vehicle in Motion""]","Misjudged Clearance","[""Motor Vehicle in Motion"",""Motor Vehicle in Motion""]"
0,0,"Atlanta Police Department","2022-07-13","I-75 and I-85 N","(C) Possible Injury / Complaint","Daylight","On Roadway - Non-Intersection","Angle Crash","I-75","Wet","17:00:00","[""Lap and Shoulder Belt Used"",""Lap and Shoulder Belt Used""]","Cloudy",0,33.795036,-84.39156,"Atlanta","FULTON","[""Motor Vehicle in Motion"",""Motor Vehicle in Motion""]","Changed Lanes Improperly","[""Motor Vehicle in Motion"",""Motor Vehicle in Motion""]"
0,2,"Atlanta Police Department","2022-07-13","Olive St Se and Lakewood Ave Se","(B) Suspected Minor/Visible Injury","Dark-Lighted","On Roadway - Non-Intersection","Not a Collision with Motor Vehicle","Lakewood Ave Se","Dry","02:34:00","[""Motorcycle Helmet"",""None Used""]","Cloudy",0,33.700837,-84.387838,"Atlanta","FULTON","Other Non-Collision","Reaction to Object or Animal","Other Non-Collision"
0,0,"Atlanta Police Department","2022-07-13","I-75 and Pine St Nw","(O) No Injury","Daylight","On Roadway - Non-Intersection","Rear End","I-75","Dry","19:02:00","[""Unknown"",""Unknown"",""Unknown""]","Cloudy",0,33.76758,-84.388781,"Atlanta","FULTON","[""Motor Vehicle in Motion"",""Motor Vehicle in Motion""]","Following Too Close","[""Motor Vehicle in Motion"",""Motor Vehicle in Motion""]"
0,0,"Atlanta Police Department","2022-07-13","Sheridan Rd Ne and Cheshire Bridge Rd Ne","(O) No Injury","Daylight","On Roadway - Non-Intersection","Angle Crash","Cheshire Bridge Rd Ne","Wet","19:00:00","[""Unknown"",""Unknown""]","Clear",0,33.819868,-84.351302,"Atlanta","FULTON","[""Motor Vehicle in Motion"",""Motor Vehicle in Motion""]","[""Failure to Yield"",""Inattentive or Other Distraction (Distracted)""]","[""Motor Vehicle in Motion"",""Motor Vehicle in Motion""]"
0,0,"Atlanta Police Department","2022-07-13","Park Dr Ne and Monroe Dr Ne","(O) No Injury","Daylight","On Roadway - Non-Intersection","Sideswipe-Same Direction","Monroe Dr Ne","Wet","15:50:00","[""Unknown"",""Unknown""]","Cloudy",0,33.785443,-84.367526,"Atlanta","FULTON","[""Motor Vehicle in Motion"",""Motor Vehicle in Motion""]",,"[""Motor Vehicle in Motion"",""Motor Vehicle in Motion""]"
0,0,"Atlanta Police Department","2022-07-13","Ga-400 and Lenox Rd Ne","(O) No Injury","Daylight","On Roadway - Non-Intersection","Sideswipe-Same Direction","Ga-400","Dry","10:10:00","[""Unknown"",""Child Restraint System (Properly Used)"",""Unknown""]","Clear",0,33.847767,-84.36747,"Atlanta","FULTON","[""Motor Vehicle in Motion"",""Motor Vehicle in Motion""]",,"[""Motor Vehicle in Motion"",""Motor Vehicle in Motion""]"
0,0,"Atlanta Police Department","2022-07-13","Park St Sw and Peters St Sw","(C) Possible Injury / Complaint","Daylight","On Roadway - Roadway Intersection","Rear End","Peters St Sw","Dry","08:24:00","[""Unknown"",""Unknown"",""Unknown""]","Clear",0,33.741582,-84.411289,"Atlanta","FULTON","[""Motor Vehicle in Motion"",""Motor Vehicle in Motion"",""Motor Vehicle in Motion""]","Following Too Close","[""Motor Vehicle in Motion"",""Motor Vehicle in Motion"",""Motor Vehicle in Motion""]"
0,0,"Atlanta Police Department","2022-07-13","Decatur St Se and Cornelia St Se","(O) No Injury","Daylight","On Roadway - Roadway Intersection","Rear End","Decatur St Se","Water (standing or moving)","17:00:00","[""None Used"",""None Used"",""None Used""]","Rain",0,33.752568,-84.367506,"Atlanta","FULTON","[""Motor Vehicle in Motion"",""Motor Vehicle in Motion"",""Motor Vehicle in Motion""]",,"[""Motor Vehicle in Motion"",""Motor Vehicle in Motion"",""Motor Vehicle in Motion""]"
0,0,"Atlanta Police Department","2022-07-13","None and I-75","(O) No Injury","Daylight","On Roadway - Non-Intersection","Angle Crash","I-75","Dry","14:19:00","[""Lap and Shoulder Belt Used"",""Lap and Shoulder Belt Used""]","Clear",0,33.79835,-84.396082,"Atlanta","FULTON","[""Motor Vehicle in Motion"",""Motor Vehicle in Motion""]","Changed Lanes Improperly","[""Motor Vehicle in Motion"",""Motor Vehicle in Motion""]"
0,0,"Atlanta Police Department","2022-07-13","Melrose Dr Sw and Woodbourne Dr Sw","(O) No Injury","Daylight","On Roadway - Non-Intersection","Not a Collision with Motor Vehicle","Woodbourne Dr Sw","Water (standing or moving)","15:11:00","Lap and Shoulder Belt Used","Rain",0,33.709475,-84.421527,"Atlanta","FULTON","Other Non-Collision",,"Tree"
0,0,"Atlanta Police Department","2022-07-13","None and I-85","(C) Possible Injury / Complaint","Daylight","On Roadway - Non-Intersection","Rear End","I-85","Dry","13:24:00","[""Lap and Shoulder Belt Used"",""Lap and Shoulder Belt Used"",""Lap and Shoulder Belt Used"",""Lap and Shoulder Belt Used"",""Lap and Shoulder Belt Used"",""Lap and Shoulder Belt Used""]","Clear",0,33.803313,-84.385318,"Atlanta","FULTON","[""Motor Vehicle in Motion"",""Motor Vehicle in Motion"",""Motor Vehicle in Motion"",""Motor Vehicle in Motion""]","[""Following Too Close"",""Following Too Close""]","[""Motor Vehicle in Motion"",""Motor Vehicle in Motion"",""Motor Vehicle in Motion"",""Motor Vehicle in Motion""]"