"# Serious Injuries","# Visible Injuries","Agency Name (Crash Level) ","Date","Intersection Name (from Crash Report)","KABCO Severity","Light Conditions (Crash Level)","Location at Impact (Crash Level) ","Manner of Collision (Crash Level) ","Roadway (From Crash Report)","Surface Condition (Crash Level) ","Time","Safety Equipment (Crash Level) ","Weather Conditions (Crash Level)","# of Fatalities per Crash","Latitude","Longitude","Geolocated City","Geolocated County","First Harmful Event (Unit Order)","Operator/Pedestrian Contrib Factor (excl None, Other, No Contrib Factors)","Most Harmful Event (Crash Level)"
0,0,"Atlanta Police Department","2022-07-21","Jonesboro Rd Se and Browns Reserve St","(C) Possible Injury / Complaint","Daylight","On Roadway - Driveway Intersection","Head On","Jonesboro Rd Se","Wet","09:40:00","[""Lap and Shoulder Belt Used"",""Lap and Shoulder Belt Used""]","Rain",0,33.674264,-84.371018,"Atlanta","FULTON","[""Motor Vehicle in Motion"",""Motor Vehicle in Motion""]","Wrong Side of Road","[""Motor Vehicle in Motion"",""Motor Vehicle in Motion""]"
0,0,"Atlanta Police Department","2022-07-21","Cain St Ne and Boulevard Ne","(O) No Injury","Dawn","On Roadway - Roadway Intersection","Rear End","Boulevard Ne","Dry","20:00:00","[""Lap and Shoulder Belt Used"",""Lap and Shoulder Belt Used"",""Lap and Shoulder Belt Used"",""Lap and Shoulder Belt Used"",""Lap and Shoulder Belt Used""]","Clear",0,33.759428,-84.372086,"Atlanta","FULTON","[""Motor Vehicle in Motion"",""Motor Vehicle in Motion""]","Following Too Close","[""Motor Vehicle in Motion"",""Motor Vehicle in Motion""]"
0,0,"Gsp Post 00","2022-07-21","Fairburn Rd and I-20 Wb On Ramp From I -285","(C) Possible Injury / Complaint","Daylight","Entrance/Exit Ramp","Sideswipe-Same Direction","I-20 Wb On Ramp From I -285","Dry","15:18:00","[""Lap and Shoulder Belt Used"",""Lap and Shoulder Belt Used""]","Clear",0,33.766426,-84.498558,"Atlanta","FULTON","[""Motor Vehicle in Motion"",""Motor Vehicle in Motion""]",,"[""Motor Vehicle in Motion"",""Motor Vehicle in Motion""]"
0,2,"Gsp Post 00","2022-07-21","I-285 Nb and Bolton Rd","(B) Suspected Minor/Visible Injury","Daylight","On Roadway - Non-Intersection","Sideswipe-Same Direction","I-285 Nb","Wet","11:06:00","[""Lap and Shoulder Belt Used"",""Lap and Shoulder Belt Used"",""Lap and Shoulder Belt Used"",""Lap and Shoulder Belt Used"",""Lap and Shoulder Belt Used""]","Clear",0,33.792915,-84.488149,"Atlanta","FULTON","[""Motor Vehicle in Motion"",""Motor Vehicle in Motion""]",,"[""Motor Vehicle in Motion"",""Motor Vehicle in Motion""]"
0,0,"Atlanta Police Department","2022-07-21","Peachtree St Ne and Renaissance Pkwy Ne","(O) No Injury","Dark-Lighted","On Roadway - Non-Intersection","Angle Crash","Peachtree St Ne","Water (standing or moving)","11:58:00","[""Lap and Shoulder Belt Used"",""Lap and Shoulder Belt Used""]","Cloudy",0,33.768506,-84.38527,"Atlanta","FULTON","[""Motor Vehicle in Motion"",""Motor Vehicle in Motion""]","[""Misjudged Clearance"",""Changed Lanes Improperly""]","[""Motor Vehicle in Motion"",""Motor Vehicle in Motion""]"
0,0,"Gsp Post 00","2022-07-21","Ga 166 Sb Ramp and I-7585 Northbound","(O) No Injury","Daylight","On Shoulder","Not a Collision with Motor Vehicle","I-7585 Northbound","Wet","09:45:00","Lap and Shoulder Belt Used","Rain",0,33.698971,-84.40425,"Atlanta","FULTON","Other - Fixed Object","[""Too Fast for Conditions"",""Driver Lost Control""]","Other - Fixed Object"
0,0,"Gsp Post 00","2022-07-21","I-85 S and Peachtree Road","(O) No Injury","Daylight","On Roadway - Non-Intersection","Rear End","I-85 S","Wet","12:31:00","[""Unknown"",""Lap and Shoulder Belt Used""]","Rain",0,33.800007,-84.391062,"Atlanta","FULTON","[""Motor Vehicle in Motion"",""Motor Vehicle in Motion""]","[""Following Too Close"",""Changed Lanes Improperly""]","[""Motor Vehicle in Motion"",""Motor Vehicle in Motion""]"
0,0,"Atlanta Police Department","2022-07-21","Peachtree Rd Ne and Peachtree Way Ne","(O) No Injury","Daylight","On Roadway - Non-Intersection","Rear End","Peachtree Rd Ne","Dry","13:21:00","[""Unknown"",""Unknown"",""Unknown""]","Clear",0,33.827409,-84.387455,"Atlanta","FULTON","[""Motor Vehicle in Motion"",""Motor Vehicle in Motion""]",,"[""Motor Vehicle in Motion"",""Motor Vehicle in Motion""]"
0,0,"Atlanta Police Department","2022-07-21","Maple Dr Ne and Peachtree Rd Ne","(O) No Injury","Daylight","On Roadway - Roadway Intersection","Sideswipe-Same Direction","Peachtree Rd Ne","Wet","12:35:00","[""Lap and Shoulder Belt Used"",""Lap and Shoulder Belt Used""]","Cloudy",0,33.843068,-84.372443,"Atlanta","FULTON","[""Motor Vehicle in Motion"",""Motor Vehicle in Motion""]","[""Changed Lanes Improperly"",""Changed Lanes Improperly""]","[""Motor Vehicle in Motion"",""Motor Vehicle in Motion""]"
0,0,"Gsp Post 00","2022-07-21","I-75Nb and Piedmont Ave","(O) No Injury","Daylight","On Roadway - Non-Intersection","Rear End","I-75Nb","Wet","08:10:00","[""Lap and Shoulder Belt Used"",""Lap and Shoulder Belt Used""]","Rain",0,33.76445,-84.385334,"Atlanta","FULTON","[""Motor Vehicle in Motion"",""Motor Vehicle in Motion""]","[""Driver Condition"",""Under the Influence (U.I.)"",""Following Too Close""]","[""Motor Vehicle in Motion"",""Motor Vehicle in Motion""]"
0,0,"Atlanta Police Department","2022-07-21","Dekalb Ave Ne and Elizabeth St Ne","(C) Possible Injury / Complaint","Daylight","On Roadway - Roadway Intersection","Angle Crash","Dekalb Ave Ne","Dry","20:06:00","[""Unknown"",""Unknown""]","Cloudy",0,33.756134,-84.35474,"Atlanta","FULTON","[""Motor Vehicle in Motion"",""Motor Vehicle in Motion""]",,"[""Motor Vehicle in Motion"",""Motor Vehicle in Motion""]"
0,0,"Gsp Post 00","2022-07-21","I-20 Eb and Fairburn Rd","(C) Possible Injury / Complaint","Daylight","On Roadway - Non-Intersection","Rear End","I-20 Eb","Wet","06:52:00","[""Lap and Shoulder Belt Used"",""Lap and Shoulder Belt Used""]","Cloudy",0,33.766084,-84.500575,"Atlanta","FULTON","[""Motor Vehicle in Motion"",""Motor Vehicle in Motion""]","Following Too Close","[""Motor Vehicle in Motion"",""Motor Vehicle in Motion""]"
0,0,"Gsp Post 00","2022-07-21","Fulton Street and I-7585 Southbound","(O) No Injury","Daylight","On Roadway - Non-Intersection","Rear End","I-7585 Southbound","Wet","10:25:00","[""Unknown"",""Lap and Shoulder Belt Used"",""Lap and Shoulder Belt Used"",""Lap and Shoulder Belt Used"",""Lap and Shoulder Belt Used""]","Rain",0,33.745899,-84.389153,"Atlanta","FULTON","[""Motor Vehicle in Motion"",""Motor Vehicle in Motion""]","[""Following Too Close"",""Misjudged Clearance""]","[""Motor Vehicle in Motion"",""Motor Vehicle in Motion""]"
1,1,"Gsp Post 00","2022-07-21","I-20 Wb and Fairburn Road","(A) Suspected Serious Injury","Daylight","On Roadway - Non-Intersection","Rear End","I-20 Wb","Wet","15:34:00","[""Lap and Shoulder Belt Used"",""Lap and Shoulder Belt Used"",""Lap and Shoulder Belt Used"",""Lap and Shoulder Belt Used"",""Lap and Shoulder Belt Used"",""Lap and Shoulder Belt Used"",""Lap and Shoulder Belt Used"",""Lap and Shoulder Belt Used"",""Lap and Shoulder Belt Used"",""Lap and Shoulder Belt Used""]","Cloudy",0,33.766092,-84.502743,"Atlanta","FULTON","[""Motor Vehicle in Motion"",""Motor Vehicle in Motion"",""Motor Vehicle in Motion"",""Motor Vehicle in Motion"",""Motor Vehicle in Motion""]","[""Following Too Close"",""Too Fast for Conditions""]","[""Motor Vehicle in Motion"",""Motor Vehicle in Motion"",""Motor Vehicle in Motion"",""Motor Vehicle in Motion"",""Motor Vehicle in Motion""]"
0,0,"Atlanta Police Department","2022-07-21","I-20 and Boulevard Se","(O) No Injury","Dark-Lighted","On Shoulder","Rear End","I-20","Dry","02:18:00","Lap and Shoulder Belt Used","Clear",0,33.743443,-84.381383,"Atlanta","FULTON","[""Motor Vehicle in Motion"",""Parked Motor Vehicle""]","Changed Lanes Improperly","[""Motor Vehicle in Motion"",""Parked Motor Vehicle""]"
0,0,"Atlanta Police Department","2022-07-21","Todd Rd Ne and Virginia Ave Ne","(O) No Injury","Daylight","On Roadway - Roadway Intersection","Rear End","Virginia Ave Ne","Dry","18:38:00","Unknown","Cloudy",0,33.782337,-84.354946,"Atlanta","FULTON","[""Parked Motor Vehicle"",""Motor Vehicle in Motion""]",,"[""Parked Motor Vehicle"",""Motor Vehicle in Motion""]"
0,0,"Gsp Post 00","2022-07-21","I-285 Nb and Cascade Road","(O) No Injury","Daylight","On Roadway - Non-Intersection","Rear End","I-285 Nb","Dry","17:12:00","[""Unknown"",""Lap and Shoulder Belt Used""]","Clear",0,33.716665,-84.501699,"Atlanta","FULTON","[""Motor Vehicle in Motion"",""Motor Vehicle in Motion""]","Following Too Close","[""Motor Vehicle in Motion"",""Motor Vehicle in Motion""]"
0,0,"Atlanta Police Department","2022-07-21","Techwood Dr and North Ave Nw","(O) No Injury","Daylight","On Roadway - Non-Intersection","Angle Crash","North Ave Nw","Dry","19:00:00","[""Unknown"",""Unknown"",""Unknown""]","Clear",0,33.771289,-84.392084,"Atlanta","FULTON","[""Motor Vehicle in Motion"",""Motor Vehicle in Motion""]","Changed Lanes Improperly","[""Motor Vehicle in Motion"",""Motor Vehicle in Motion""]"
0,0,"Gsp Post 00","2022-07-21","Ga-13 S and Peachtree Street","(O) No Injury","Daylight","Median","Not a Collision with Motor Vehicle","Ga-13 S","Wet","09:00:00","Lap and Shoulder Belt Used","Rain",0,33.799659,-84.3907,"Atlanta","FULTON","Median Barrier","Too Fast for Conditions","Median Barrier"
0,0,"Atlanta Police Department","2022-07-21","Northside Pkwy Nw and W Paces Ferry Rd Nw","(O) No Injury","Daylight","On Roadway - Non-Intersection","Rear End","Northside Pkwy Nw","Wet","11:41:00","[""Lap and Shoulder Belt Used"",""Lap and Shoulder Belt Used""]","Rain",0,33.849067,-84.43003,"Atlanta","FULTON","[""Motor Vehicle in Motion"",""Motor Vehicle in Motion""]","Following Too Close","[""Motor Vehicle in Motion"",""Motor Vehicle in Motion""]"
0,0,"Atlanta Police Department","2022-07-21","Springdale Rd and Cleveland Ave Sw","(O) No Injury","Daylight","On Roadway - Roadway Intersection","Angle","Springdale Rd","Wet","12:59:00","[""Lap and Shoulder Belt Used"",""Lap and Shoulder Belt Used""]","Rain",0,33.681389,-84.415144,"Atlanta","FULTON","[""Motor Vehicle in Motion"",""Motor Vehicle in Motion""]","Occupant Distraction (Distracted)","[""Motor Vehicle in Motion"",""Motor Vehicle in Motion""]"
0,0,"Atlanta Police Department","2022-07-21","I-20 and Maynard Ter Se","(O) No Injury","Dark-Lighted","Entrance/Exit Ramp","Rear End","I-20","Dry","22:34:00","[""Unknown"",""Unknown""]","Clear",0,33.744523,-84.334367,"Atlanta","DEKALB","[""Motor Vehicle in Motion"",""Motor Vehicle in Motion""]","Following Too Close","Motor Vehicle in Motion"
0,0,"Atlanta Police Department","2022-07-21","Candler Rd Se and Memorial Dr Se","(O) No Injury","Daylight","On Roadway - Roadway Intersection","Angle Crash","Memorial Dr Se","Dry","18:30:00","[""Lap and Shoulder Belt Used"",""Lap and Shoulder Belt Used""]","Cloudy",0,33.747057,-84.291676,"Atlanta","DEKALB","[""Motor Vehicle in Motion"",""Motor Vehicle in Motion""]","Changed Lanes Improperly","[""Motor Vehicle in Motion"",""Motor Vehicle in Motion""]"
0,0,"Atlanta Police Department","2022-07-21","Harwell Rd Nw and Donald Lee Hollowell Pkwy Nw","(O) No Injury","Daylight","On Roadway - Non-Intersection","Rear End","Donald Lee Hollowell Pkwy Nw","Dry","12:35:00","[""Lap and Shoulder Belt Used"",""Lap and Shoulder Belt Used""]","Cloudy",0,33.786077,-84.491227,"Atlanta","FULTON","[""Motor Vehicle in Motion"",""Motor Vehicle in Motion""]","Following Too Close","[""Motor Vehicle in Motion"",""Motor Vehicle in Motion""]"
0,0,"Atlanta Police Department","2022-07-21","5Th St Ne and Juniper St Ne","(O) No Injury","Daylight","On Roadway - Non-Intersection","Angle Crash","Juniper St Ne","Wet","11:30:00","[""Unknown"",""Unknown""]","Rain",0,33.775885,-84.382976,"Atlanta","FULTON","[""Motor Vehicle in Motion"",""Motor Vehicle in Motion""]","Changed Lanes Improperly","[""Motor Vehicle in Motion"",""Motor Vehicle in Motion""]"
0,2,"Atlanta Police Department","2022-07-21","Maple Dr Ne and E Paces Ferry Rd Ne","(B) Suspected Minor/Visible Injury","Daylight","On Roadway - Non-Intersection","Head On","E Paces Ferry Rd Ne","Dry","19:00:00","[""None Used"",""None Used""]","Clear",0,33.838366,-84.372046,"Atlanta","FULTON","[""Motor Vehicle in Motion"",""Motor Vehicle in Motion""]","Failure to Yield","[""Motor Vehicle in Motion"",""Motor Vehicle in Motion""]"
0,0,"Gsp Post 00","2022-07-21","None and I-20 West Exit Ramp To I-7585","(C) Possible Injury / Complaint","Daylight","On Shoulder","Not a Collision with Motor Vehicle","I-20 West Exit Ramp To I-7585","Wet","11:55:00","[""Lap and Shoulder Belt Used"",""Lap and Shoulder Belt Used""]","Cloudy",0,33.745892,-84.390457,"Atlanta","FULTON","Median Barrier","Too Fast for Conditions","Median Barrier"
0,0,"Atlanta Police Department","2022-07-21","The Prado Ne and Barksdale Dr Ne","(O) No Injury","Daylight","On Roadway - Managed Lane (HOV, HOT, Reversible)","Head On","Barksdale Dr Ne","Water (standing or moving)","09:30:00","[""Unknown"",""Unknown"",""Unknown""]","Rain",0,33.791971,-84.377347,"Atlanta","FULTON","[""Motor Vehicle in Motion"",""Motor Vehicle in Motion""]","Failure to Yield","[""Motor Vehicle in Motion"",""Motor Vehicle in Motion""]"
0,0,"Gsp Post 00","2022-07-21","None and I-285","(O) No Injury","Daylight","Median","Not a Collision with Motor Vehicle","I-285","Wet","11:06:00","Lap and Shoulder Belt Used","Rain",0,33.747032,-84.497929,"Atlanta","FULTON","Median Barrier","Too Fast for Conditions","Median Barrier"
0,0,"Atlanta Police Department","2022-07-21","Exit 52B and Hamilton E Holmes Dr Nw","(O) No Injury","Daylight","On Roadway - Driveway Intersection","Angle Crash","Hamilton E Holmes Dr Nw","Dry","18:01:00","[""Lap and Shoulder Belt Used"",""Lap and Shoulder Belt Used"",""Lap and Shoulder Belt Used"",""Lap and Shoulder Belt Used""]","Clear",0,33.758834,-84.469262,"Atlanta","FULTON","[""Motor Vehicle in Motion"",""Motor Vehicle in Motion""]","Failure to Yield","[""Motor Vehicle in Motion"",""Motor Vehicle in Motion""]"
0,0,"Atlanta Police Department","2022-07-21","Fox St Nw and Joseph E Lowery Blvd Nw","(O) No Injury","Daylight","On Roadway - Roadway Intersection","Rear End","Joseph E Lowery Blvd Nw","Water (standing or moving)","12:55:00","Lap and Shoulder Belt Used","Cloudy",0,33.772184,-84.417384,"Atlanta","FULTON","[""Motor Vehicle in Motion"",""Motor Vehicle in Motion""]","Following Too Close","[""Motor Vehicle in Motion"",""Motor Vehicle in Motion""]"
0,0,"Gsp Post 00","2022-07-21","None and Mlk Jr Dr Enrance Ramp To I-75","(O) No Injury","Daylight","Entrance/Exit Ramp","Rear End","Mlk Jr Dr Enrance Ramp To I-75","Wet","09:25:00","[""Lap and Shoulder Belt Used"",""Lap and Shoulder Belt Used"",""Child Restraint System (Properly Used)"",""Child Restraint System (Properly Used)""]","Rain",0,33.751762,-84.379759,"Atlanta","FULTON","[""Motor Vehicle in Motion"",""Motor Vehicle in Motion""]","Following Too Close","[""Motor Vehicle in Motion"",""Motor Vehicle in Motion""]"
0,0,"College Park Police Dept.","2022-07-21","285E Inte and 285S Washington Rd","(O) No Injury","Dark-Lighted","On Roadway - Non-Intersection","Sideswipe-Same Direction","285E Inte","Dry","01:11:00","[""Unknown"",""Lap and Shoulder Belt Used""]","Clear",0,33.674939,-84.413715,"Atlanta","FULTON","[""Motor Vehicle in Motion"",""Motor Vehicle in Motion""]",,"[""Motor Vehicle in Motion"",""Motor Vehicle in Motion""]"
0,0,"Gsp Post 00","2022-07-21","Ga-400 S and Peachtree Road","(O) No Injury","Daylight","On Roadway - Non-Intersection","Rear End","Ga-400 S","Wet","10:48:00","[""Lap and Shoulder Belt Used"",""Lap and Shoulder Belt Used""]","Rain",0,33.836951,-84.359627,"Atlanta","FULTON","[""Motor Vehicle in Motion"",""Motor Vehicle in Motion""]","Following Too Close","[""Motor Vehicle in Motion"",""Motor Vehicle in Motion""]"
0,0,"Atlanta Police Department","2022-07-21","Whitehouse Dr Sw and Martin Luther King Jr Dr Nw","(C) Possible Injury / Complaint","Dark-Lighted","Off Roadway - Sidewalk","Not a Collision with Motor Vehicle","Martin Luther King Jr Dr Nw","Dry","01:55:00","None Used","Clear",0,33.754758,-84.420058,"Atlanta","FULTON","Other Non-Collision","[""Reckless Driving"",""Driver Lost Control"",""Under the Influence (U.I.)""]","Utility Pole"
0,0,"Atlanta Police Department","2022-07-21","Westview Pl Sw and Westview Dr Sw","(O) No Injury","Daylight","On Roadway - Roadway Intersection","Rear End","Westview Dr Sw","Wet","15:30:00","[""Lap and Shoulder Belt Used"",""Lap and Shoulder Belt Used""]","Cloudy",0,33.747422,-84.434587,"Atlanta","FULTON","[""Motor Vehicle in Motion"",""Motor Vehicle in Motion""]","Following Too Close","[""Motor Vehicle in Motion"",""Motor Vehicle in Motion""]"
0,0,"Atlanta Police Department","2022-07-21","None and Piedmont Rd Ne","(O) No Injury","Dark-Lighted","On Roadway - Driveway Intersection","Rear End","Piedmont Rd Ne","Dry","22:30:00","[""Lap and Shoulder Belt Used"",""Lap and Shoulder Belt Used""]","Clear",0,33.844718,-84.371911,"Atlanta","FULTON","[""Motor Vehicle in Motion"",""Motor Vehicle in Motion""]","Following Too Close","[""Motor Vehicle in Motion"",""Motor Vehicle in Motion""]"
0,0,"Atlanta Police Department","2022-07-21","Exit 247 and Fulton St Sw","(O) No Injury","Daylight","Entrance/Exit Ramp","Sideswipe-Same Direction","Fulton St Sw","Wet","11:59:00","[""Unknown"",""Unknown""]","Rain",0,33.741944,-84.391291,"Atlanta","FULTON","[""Motor Vehicle in Motion"",""Motor Vehicle in Motion""]","Inattentive or Other Distraction (Distracted)","[""Motor Vehicle in Motion"",""Motor Vehicle in Motion""]"
0,0,"Atlanta Police Department","2022-07-21","Roxboro Rd Ne and E Paces Ferry Rd Ne","(C) Possible Injury / Complaint","Daylight","Off Roadway - Sidewalk","Not a Collision with Motor Vehicle","Roxboro Rd Ne","Dry","15:00:00","[""Unknown"",""Unknown""]","Clear",0,33.848926,-84.353728,"Atlanta","FULTON","[""Pedestrian"",""Motor Vehicle in Motion""]","Too Fast for Conditions","[""Pedestrian"",""Motor Vehicle in Motion""]"
0,0,"Gsp Post 00","2022-07-21","I-20 East and Moreland Ave","(O) No Injury","Daylight","Median","Not a Collision with Motor Vehicle","I-20 East","Wet","10:49:00","[""Lap and Shoulder Belt Used"",""Lap and Shoulder Belt Used""]","Rain",0,33.743418,-84.358667,"Atlanta","FULTON","Median Barrier","[""Too Fast for Conditions"",""Driver Lost Control""]","Median Barrier"
0,0,"Atlanta Police Department","2022-07-21","Star Mist Dr Sw and Campbellton Rd Sw","(O) No Injury","Dark-Not Lighted","On Roadway - Non-Intersection","Sideswipe-Same Direction","Campbellton Rd Sw","Wet","11:00:00","[""Lap and Shoulder Belt Used"",""Lap and Shoulder Belt Used"",""Lap and Shoulder Belt Used"",""Lap and Shoulder Belt Used""]","Rain",0,33.693632,-84.489287,"Atlanta","FULTON","[""Motor Vehicle in Motion"",""Motor Vehicle in Motion""]","Changed Lanes Improperly","[""Motor Vehicle in Motion"",""Motor Vehicle in Motion""]"
0,0,"Atlanta Police Department","2022-07-21","Eastland Rd Se and Moreland Ave Se","(O) No Injury","Daylight","On Roadway - Roadway Intersection","Rear End","Eastland Rd Se","Dry","13:30:00","[""Unknown"",""Shoulder Belt Only Used"",""Shoulder Belt Only Used""]","Clear",0,33.719414,-84.349493,"Atlanta","FULTON","[""Motor Vehicle in Motion"",""Motor Vehicle in Motion""]","Following Too Close","[""Motor Vehicle in Motion"",""Motor Vehicle in Motion""]"
0,0,"Atlanta Police Department","2022-07-21","Northside Dr Nw and Northside Cir Nw","(C) Possible Injury / Complaint","Daylight","On Roadway - Non-Intersection","Rear End","Northside Cir Nw","Dry","16:00:00","[""Shoulder Belt Only Used"",""Shoulder Belt Only Used""]","Clear",0,33.797255,-84.407846,"Atlanta","FULTON","[""Motor Vehicle in Motion"",""Motor Vehicle in Motion""]","Following Too Close","[""Motor Vehicle in Motion"",""Motor Vehicle in Motion""]"
0,0,"Atlanta Police Department","2022-07-21","Hasty Pl Nw and Elmwood Rd Nw","(O) No Injury","Daylight","On Roadway - Non-Intersection","Sideswipe-Opposite Direction","Elmwood Rd Nw","Dry","12:47:00","Unknown","Clear",0,33.76987,-84.438826,"Atlanta","FULTON","[""Motor Vehicle in Motion"",""Parked Motor Vehicle""]","[""Wrong Side of Road"",""Reckless Driving""]","[""Motor Vehicle in Motion"",""Parked Motor Vehicle""]"
0,0,"Gsp Post 00","2022-07-21","I-7585 Nb and Freedom Pkwy","(O) No Injury","Daylight","On Roadway - Non-Intersection","Sideswipe-Same Direction","I-7585 Nb","Dry","18:40:00","[""Lap and Shoulder Belt Used"",""Lap and Shoulder Belt Used"",""Lap and Shoulder Belt Used""]","Clear",0,33.758369,-84.378487,"Atlanta","FULTON","[""Motor Vehicle in Motion"",""Motor Vehicle in Motion""]","Changed Lanes Improperly","[""Motor Vehicle in Motion"",""Motor Vehicle in Motion""]"
0,0,"Gsp Post 00","2022-07-21","I-75 Southbound and Howell Mill Road","(C) Possible Injury / Complaint","Daylight","On Roadway - Non-Intersection","Rear End","I-75 Southbound","Wet","09:44:00","[""Lap and Shoulder Belt Used"",""Lap and Shoulder Belt Used""]","Cloudy",0,33.817169,-84.422204,"Atlanta","FULTON","[""Motor Vehicle in Motion"",""Motor Vehicle in Motion""]","Following Too Close","[""Motor Vehicle in Motion"",""Motor Vehicle in Motion""]"
0,0,"Atlanta Police Department","2022-07-21","Burton Rd Nw and Linkwood Rd Nw","(C) Possible Injury / Complaint","Daylight","On Roadway - Roadway Intersection","Angle Crash","Burton Rd Nw","Water (standing or moving)","14:20:00","[""Unknown"",""Unknown"",""Unknown"",""Unknown""]","Cloudy",0,33.755909,-84.482166,"Atlanta","FULTON","[""Motor Vehicle in Motion"",""Motor Vehicle in Motion""]","Failure to Yield","[""Motor Vehicle in Motion"",""Motor Vehicle in Motion""]"
0,0,"Gsp Post 00","2022-07-21","Ga 400 and I-85 Sb","(O) No Injury","Daylight","On Roadway - Non-Intersection","Sideswipe-Same Direction","I-85 Sb","Dry","18:35:00","[""Unknown"",""Lap and Shoulder Belt Used"",""Lap and Shoulder Belt Used""]","Cloudy",0,33.804362,-84.383839,"Atlanta","FULTON","[""Motor Vehicle in Motion"",""Motor Vehicle in Motion""]","Changed Lanes Improperly","[""Motor Vehicle in Motion"",""Motor Vehicle in Motion""]"
0,0,"Atlanta Police Department","2022-07-21","10Th St Ne and Piedmont Ave Ne","(O) No Injury","Dark-Lighted","On Roadway - Roadway Intersection","Angle Crash","Piedmont Ave Ne","Dry","21:45:00","[""Lap and Shoulder Belt Used"",""Lap and Shoulder Belt Used"",""Lap and Shoulder Belt Used""]","Clear",0,33.781926,-84.380423,"Atlanta","FULTON","[""Motor Vehicle in Motion"",""Motor Vehicle in Motion""]","Changed Lanes Improperly","[""Motor Vehicle in Motion"",""Motor Vehicle in Motion""]"
0,0,"Gsp Post 00","2022-07-21","Ga-13 N and Peachtree Street","(O) No Injury","Daylight","Median","Not a Collision with Motor Vehicle","Ga-13 N","Wet","12:18:00","Lap and Shoulder Belt Used","Rain",0,33.798557,-84.392063,"Atlanta","FULTON","Median Barrier","Too Fast for Conditions","Median Barrier"
0,0,"Gsp Post 00","2022-07-21","I-285 Northbound and Bolton Road Overpass","(O) No Injury","Daylight","On Roadway - Non-Intersection","Rear End","I-285 Northbound","Wet","08:44:00","[""Lap and Shoulder Belt Used"",""Lap and Shoulder Belt Used"",""Lap and Shoulder Belt Used""]","Rain",0,33.799629,-84.488377,"Atlanta","FULTON","[""Motor Vehicle in Motion"",""Motor Vehicle in Motion""]","Following Too Close","[""Motor Vehicle in Motion"",""Motor Vehicle in Motion""]"
0,0,"Gsp Post 00","2022-07-22","Lee St and I-20 West","(C) Possible Injury / Complaint","Daylight","On Roadway - Non-Intersection","Rear End","I-20 West","Wet","14:28:00","[""Lap and Shoulder Belt Used"",""Lap and Shoulder Belt Used"",""Lap and Shoulder Belt Used"",""Lap and Shoulder Belt Used"",""Lap and Shoulder Belt Used"",""Lap and Shoulder Belt Used"",""Lap and Shoulder Belt Used"",""Lap and Shoulder Belt Used""]","Rain",0,33.741493,-84.413199,"Atlanta","FULTON","[""Motor Vehicle in Motion"",""Motor Vehicle in Motion"",""Motor Vehicle in Motion"",""Motor Vehicle in Motion""]","[""Following Too Close"",""Too Fast for Conditions""]","[""Motor Vehicle in Motion"",""Motor Vehicle in Motion"",""Motor Vehicle in Motion"",""Motor Vehicle in Motion""]"
0,0,"Atlanta Police Department","2022-07-22","Fair Dr Sw and Pickfair Way Sw","(C) Possible Injury / Complaint","Daylight","On Roadway - Non-Intersection","Sideswipe-Same Direction","Pickfair Way Sw","Dry","14:57:00","[""Unknown"",""Unknown""]","Cloudy",0,33.702619,-84.401095,"Atlanta","FULTON","[""Motor Vehicle in Motion"",""Motor Vehicle in Motion""]","Improper Turn","[""Motor Vehicle in Motion"",""Motor Vehicle in Motion""]"
0,1,"Atlanta Police Department","2022-07-22","10Th St Ne and Piedmont Ave Ne","(B) Suspected Minor/Visible Injury","Daylight","On Roadway - In Crosswalk","Not a Collision with Motor Vehicle","Piedmont Ave Ne","Dry","10:03:00","[""Lap and Shoulder Belt Used"",""None Used""]","Clear",0,33.781782,-84.380405,"Atlanta","FULTON","[""Other Object (Not Fixed)"",""Motor Vehicle in Motion""]","[""Disregard Other Traffic Control"",""Disregard Stop Sign/Signal"",""Wrong Side of Road""]","[""Other Object (Not Fixed)"",""Pedal-Cycle""]"
0,0,"Atlanta Police Department","2022-07-22","None and I-20","(O) No Injury","Daylight","On Roadway - Non-Intersection","Rear End","I-20","Dry","09:03:00","[""Lap and Shoulder Belt Used"",""Lap and Shoulder Belt Used""]","Clear",0,33.742916,-84.402899,"Atlanta","FULTON","[""Motor Vehicle in Motion"",""Motor Vehicle in Motion""]","[""Following Too Close"",""Inattentive or Other Distraction (Distracted)""]","[""Motor Vehicle in Motion"",""Motor Vehicle in Motion""]"
0,0,"Atlanta Police Department","2022-07-22","Maple Dr Ne and Peachtree Rd Ne","(O) No Injury","Daylight","On Roadway - Roadway Intersection","Angle Crash","Peachtree Rd Ne","Dry","16:41:00","[""Lap and Shoulder Belt Used"",""Lap and Shoulder Belt Used""]","Clear",0,33.842659,-84.373049,"Atlanta","FULTON","[""Motor Vehicle in Motion"",""Motor Vehicle in Motion""]","Failure to Yield","[""Motor Vehicle in Motion"",""Motor Vehicle in Motion""]"
0,0,"Atlanta Police Department","2022-07-22","Campbellton Rd Sw and County Line Rd Sw","(O) No Injury","Dark-Lighted","On Roadway - Roadway Intersection","Head On","County Line Rd Sw","Dry","22:30:00","[""Unknown"",""Lap and Shoulder Belt Used"",""Lap and Shoulder Belt Used""]","Clear",0,33.695975,-84.535336,"Atlanta","FULTON","[""Motor Vehicle in Motion"",""Motor Vehicle in Motion""]",,"[""Motor Vehicle in Motion"",""Motor Vehicle in Motion""]"