"# Serious Injuries","# Visible Injuries","Agency Name (Crash Level) ","Date","Intersection Name (from Crash Report)","KABCO Severity","Light Conditions (Crash Level)","Location at Impact (Crash Level) ","Manner of Collision (Crash Level) ","Roadway (From Crash Report)","Surface Condition (Crash Level) ","Time","Safety Equipment (Crash Level) ","Weather Conditions (Crash Level)","# of Fatalities per Crash","Latitude","Longitude","Geolocated City","Geolocated County","First Harmful Event (Unit Order)","Operator/Pedestrian Contrib Factor (excl None, Other, No Contrib Factors)","Most Harmful Event (Crash Level)"
0,0,"Atlanta Police Department","2022-07-23","None and Langford Pkwy","(O) No Injury","Daylight","On Roadway - Non-Intersection","Rear End","Langford Pkwy","Dry","17:30:00","[""Unknown"",""Unknown"",""Unknown""]","Clear",0,33.698183,-84.46034,"East Point","FULTON","[""Motor Vehicle in Motion"",""Motor Vehicle in Motion""]",,"[""Motor Vehicle in Motion"",""Motor Vehicle in Motion""]"
0,0,"Atlanta Police Department","2022-07-23","Whitehall St Sw and Northside Dr Sw","(O) No Injury","Daylight","On Roadway - Roadway Intersection","Rear End","Northside Dr Sw","Dry","15:30:00","[""None Used"",""None Used""]","Clear",0,33.742144,-84.408161,"Atlanta","FULTON","[""Motor Vehicle in Motion"",""Motor Vehicle in Motion""]",,"[""Motor Vehicle in Motion"",""Motor Vehicle in Motion""]"
0,0,"Atlanta Police Department","2022-07-23","Mary St Sw and Metropolitan Pkwy Sw","(O) No Injury","Daylight","On Roadway - Roadway Intersection","Sideswipe-Opposite Direction","Mary St Sw","Dry","15:30:00","Unknown","Clear",0,33.729353,-84.408018,"Atlanta","FULTON","[""Motor Vehicle in Motion"",""Motor Vehicle in Motion""]",,"Motor Vehicle in Motion"
0,0,"Atlanta Police Department","2022-07-23","None and I-75","(O) No Injury","Dark-Not Lighted","On Roadway - Non-Intersection","Head On","I-75","Dry","01:30:00","[""Lap and Shoulder Belt Used"",""Lap and Shoulder Belt Used"",""Lap and Shoulder Belt Used"",""Lap and Shoulder Belt Used""]","Clear",0,33.739184,-84.391724,"Atlanta","FULTON","[""Motor Vehicle in Motion"",""Motor Vehicle in Motion""]",,"[""Motor Vehicle in Motion"",""Motor Vehicle in Motion""]"
0,0,"Atlanta Police Department","2022-07-23","I-20 E and I-20 Exit 57","(O) No Injury","Daylight","On Roadway - Non-Intersection","Rear End","I-20 Exit 57","Dry","17:00:00","[""Unknown"",""Lap and Shoulder Belt Used"",""Child Restraint System (Properly Used)"",""Child Restraint System (Properly Used)"",""Child Restraint System (Properly Used)""]","Clear",0,33.744653,-84.399241,"Atlanta","FULTON","[""Motor Vehicle in Motion"",""Motor Vehicle in Motion""]",,"Motor Vehicle in Motion"
0,0,"Atlanta Police Department","2022-07-23","Chapel St Sw and Centennial Olympic Park Dr Nw","(O) No Injury","Dark-Lighted","On Roadway - Non-Intersection","Head On","Chapel St Sw","Other","21:00:00","[""Unknown"",""Unknown""]","Other",0,33.752325,-84.39914,"Atlanta","FULTON","[""Motor Vehicle in Motion"",""Motor Vehicle in Motion""]",,"[""Motor Vehicle in Motion"",""Motor Vehicle in Motion""]"
0,1,"Atlanta Police Department","2022-07-23","4Th St Ne and Juniper St Ne","(B) Suspected Minor/Visible Injury","Daylight","On Roadway - Roadway Intersection","Angle Crash","Juniper St Ne","Dry","16:30:00","[""Unknown"",""Unknown"",""Child Restraint System (Properly Used)"",""Unknown"",""Unknown"",""Unknown""]","Clear",0,33.774814,-84.383066,"Atlanta","FULTON","[""Motor Vehicle in Motion"",""Motor Vehicle in Motion""]","Failure to Yield","[""Motor Vehicle in Motion"",""Motor Vehicle in Motion""]"
0,0,"Atlanta Police Department","2022-07-23","Stonewall St Sw and Northside Dr Sw","(O) No Injury","Daylight","On Roadway - Non-Intersection","Rear End","Northside Dr Sw","Dry","16:58:00","[""Unknown"",""Unknown"",""Unknown""]","Clear",0,33.749981,-84.403799,"Atlanta","FULTON","[""Motor Vehicle in Motion"",""Motor Vehicle in Motion""]","Following Too Close","[""Motor Vehicle in Motion"",""Motor Vehicle in Motion""]"
0,0,"Atlanta Police Department","2022-07-23","None and Peachtree St Ne Exit 85 Rp","(O) No Injury","Daylight","On Roadway - Managed Lane (HOV, HOT, Reversible)","Sideswipe-Opposite Direction","Peachtree St Ne Exit 85 Rp","Dry","16:03:00","[""Unknown"",""Unknown"",""Unknown"",""Unknown"",""Unknown""]","Clear",0,33.799291,-84.392302,"Atlanta","FULTON","[""Motor Vehicle in Motion"",""Motor Vehicle in Motion""]",,"[""Motor Vehicle in Motion"",""Motor Vehicle in Motion""]"
0,0,"Atlanta Police Department","2022-07-23","None and I-85","(O) No Injury","Daylight","Entrance/Exit Ramp","Rear End","I-85","Dry","10:00:00","[""Unknown"",""Unknown""]","Clear",0,33.799547,-84.391352,"Atlanta","FULTON","[""Motor Vehicle in Motion"",""Motor Vehicle in Motion""]","Following Too Close","[""Motor Vehicle in Motion"",""Motor Vehicle in Motion""]"
0,0,"Atlanta Police Department","2022-07-23","Irby Ave Nw and Roswell Rd Ne","(C) Possible Injury / Complaint","Dark-Lighted","On Roadway - Non-Intersection","Angle Crash","Roswell Rd Ne","Dry","00:04:00","[""Unknown"",""Unknown"",""Unknown""]","Clear",0,33.842272,-84.378895,"Atlanta","FULTON","[""Motor Vehicle in Motion"",""Motor Vehicle in Motion""]","Improper Turn","[""Motor Vehicle in Motion"",""Motor Vehicle in Motion""]"
0,0,"Atlanta Police Department","2022-07-23","Williams St Nw and Ivan Allen Jr Blvd Nw","(O) No Injury","Daylight","On Roadway - Roadway Intersection","Sideswipe-Same Direction","Williams St Nw","Dry","13:25:00","[""Lap and Shoulder Belt Used"",""Lap and Shoulder Belt Used"",""Lap and Shoulder Belt Used"",""Lap and Shoulder Belt Used""]","Clear",0,33.764651,-84.390349,"Atlanta","FULTON","[""Motor Vehicle in Motion"",""Motor Vehicle in Motion""]","Changed Lanes Improperly","[""Motor Vehicle in Motion"",""Motor Vehicle in Motion""]"
0,0,"Atlanta Police Department","2022-07-23","Monroe Dr Ne and Piedmont Ave Ne","(O) No Injury","Dark-Lighted","On Roadway - Non-Intersection","Rear End","Monroe Dr Ne","Dry","20:40:00","Lap and Shoulder Belt Used","Clear",0,33.796855,-84.368787,"Atlanta","FULTON","[""Motor Vehicle in Motion"",""Motor Vehicle in Motion""]","Following Too Close","[""Motor Vehicle in Motion"",""Motor Vehicle in Motion""]"
0,0,"Atlanta Police Department","2022-07-23","None and I-75","(C) Possible Injury / Complaint","Dark-Lighted","On Roadway - Non-Intersection","Rear End","I-75","Dry","23:23:00","[""Unknown"",""Unknown""]","Clear",0,33.774769,-84.390538,"Atlanta","FULTON","[""Motor Vehicle in Motion"",""Motor Vehicle in Motion""]",,"[""Motor Vehicle in Motion"",""Motor Vehicle in Motion""]"
0,0,"Atlanta Police Department","2022-07-23","I-75 and Edgewood Ave Se","(O) No Injury","Daylight","On Roadway - Non-Intersection","Rear End","I-75","Dry","14:32:00","[""Unknown"",""Unknown"",""Unknown"",""Unknown""]","Cloudy",0,33.754384,-84.378361,"Atlanta","FULTON","[""Motor Vehicle in Motion"",""Motor Vehicle in Motion""]","Following Too Close","[""Motor Vehicle in Motion"",""Motor Vehicle in Motion""]"
0,2,"Atlanta Police Department","2022-07-23","Spring St Nw and Linden Ave Nw","(B) Suspected Minor/Visible Injury","Dawn","On Roadway - Roadway Intersection","Angle Crash","Spring St Nw","Dry","16:00:00","[""Lap and Shoulder Belt Used"",""Lap and Shoulder Belt Used"",""Lap and Shoulder Belt Used""]","Clear",0,33.769622,-84.38888,"Atlanta","FULTON","[""Motor Vehicle in Motion"",""Motor Vehicle in Motion""]","[""Inattentive or Other Distraction (Distracted)"",""Improper Turn""]","[""Motor Vehicle in Motion"",""Motor Vehicle in Motion""]"
0,0,"Atlanta Police Department","2022-07-23","Lambert St Nw and Northside Dr Nw","(O) No Injury","Dark-Lighted","On Roadway - Roadway Intersection","Sideswipe-Same Direction","Northside Dr Nw","Dry","20:00:00","[""Unknown"",""Unknown"",""Unknown""]","Clear",0,33.770674,-84.405086,"Atlanta","FULTON","[""Motor Vehicle in Motion"",""Motor Vehicle in Motion""]","Changed Lanes Improperly","[""Motor Vehicle in Motion"",""Motor Vehicle in Motion""]"
0,0,"Atlanta Police Department","2022-07-23","None and I-75","(O) No Injury","Dark-Lighted","Entrance/Exit Ramp","Rear End","I-75","Dry","00:00:00","[""Unknown"",""Unknown"",""Unknown"",""Unknown""]","Clear",0,33.741373,-84.391563,"Atlanta","FULTON","[""Motor Vehicle in Motion"",""Motor Vehicle in Motion"",""Motor Vehicle in Motion""]","Under the Influence (U.I.)","[""Motor Vehicle in Motion"",""Motor Vehicle in Motion"",""Motor Vehicle in Motion""]"
0,1,"Atlanta Police Department","2022-07-23","None and I-20","(B) Suspected Minor/Visible Injury","Daylight","On Roadway - Non-Intersection","Sideswipe-Same Direction","I-20","Dry","14:30:00","[""Unknown"",""Unknown""]","Clear",0,33.765984,-84.504623,"Atlanta","FULTON","[""Motor Vehicle in Motion"",""Motor Vehicle in Motion""]","Reaction to Object or Animal","[""Motor Vehicle in Motion"",""Motor Vehicle in Motion""]"
0,0,"Atlanta Police Department","2022-07-23","Fort St Ne and John Lewis Freedom Pkwy Ne","(C) Possible Injury / Complaint","Daylight","On Roadway - Managed Lane (HOV, HOT, Reversible)","Sideswipe-Same Direction","John Lewis Freedom Pkwy Ne","Dry","06:17:00","[""Unknown"",""Unknown""]","Cloudy",0,33.759385,-84.378344,"Atlanta","FULTON","[""Motor Vehicle in Motion"",""Motor Vehicle in Motion""]","[""Changed Lanes Improperly"",""Under the Influence (U.I.)""]","Motor Vehicle in Motion"
0,0,"Gsp Post 00","2022-07-23","I-20W and Hill Street","(O) No Injury","Daylight","On Roadway - Non-Intersection","Rear End","I-20W","Dry","20:30:00","[""Lap and Shoulder Belt Used"",""Lap and Shoulder Belt Used""]","Clear",0,33.743307,-84.379296,"Atlanta","FULTON","[""Motor Vehicle in Motion"",""Motor Vehicle in Motion""]","Following Too Close","[""Motor Vehicle in Motion"",""Motor Vehicle in Motion""]"
0,0,"Atlanta Police Department","2022-07-23","14Th St Nw and Techwood Dr Nw","(O) No Injury","Dark-Lighted","On Roadway - Roadway Intersection","Angle Crash","Techwood Dr Nw","Dry","03:00:00","[""Unknown"",""Unknown""]","Clear",0,33.786551,-84.391751,"Atlanta","FULTON","[""Motor Vehicle in Motion"",""Motor Vehicle in Motion""]",,"[""Motor Vehicle in Motion"",""Motor Vehicle in Motion""]"
0,0,"Atlanta Police Department","2022-07-23","I-75 and John Lewis Freedom Pkwy","(C) Possible Injury / Complaint","Dark-Lighted","On Roadway - Non-Intersection","Sideswipe-Same Direction","I-75","Dry","00:36:00","[""Unknown"",""Unknown"",""Unknown"",""Unknown"",""Unknown""]","Clear",0,33.759475,-84.379601,"Atlanta","FULTON","[""Motor Vehicle in Motion"",""Motor Vehicle in Motion"",""Motor Vehicle in Motion"",""Motor Vehicle in Motion""]","Changed Lanes Improperly","[""Motor Vehicle in Motion"",""Motor Vehicle in Motion"",""Motor Vehicle in Motion"",""Motor Vehicle in Motion""]"
1,1,"Atlanta Police Department","2022-07-23","Lee St Sw and Campbellton Rd Sw","(A) Suspected Serious Injury","Dark-Lighted","On Roadway - Roadway Intersection","Sideswipe-Opposite Direction","Campbellton Rd Sw","Dry","03:00:00","[""Lap and Shoulder Belt Used"",""Unknown"",""Unknown""]","Cloudy",0,33.718218,-84.425156,"Atlanta","FULTON","[""Motor Vehicle in Motion"",""Motor Vehicle in Motion""]","[""Failure to Yield"",""Driver Lost Control""]","[""Motor Vehicle in Motion"",""Motor Vehicle in Motion""]"
0,0,"Atlanta Police Department","2022-07-23","Epworth St Sw and Byrere Ter Sw","(O) No Injury","Daylight","On Roadway - Non-Intersection","Sideswipe-Opposite Direction","Byrere Ter Sw","Dry","13:30:00","Unknown","Clear",0,33.71767,-84.431582,"Atlanta","FULTON","[""Parked Motor Vehicle"",""Motor Vehicle in Motion"",""Motor Vehicle in Motion"",""Motor Vehicle in Motion""]",,"[""Parked Motor Vehicle"",""Motor Vehicle in Motion"",""Motor Vehicle in Motion"",""Motor Vehicle in Motion""]"
0,0,"Atlanta Police Department","2022-07-23","Baker St Nw and Centennial Olympic Park Dr Nw","(O) No Injury","Dark-Lighted","On Roadway - Roadway Intersection","Sideswipe-Same Direction","Centennial Olympic Park Dr Nw","Dry","23:28:00","[""Unknown"",""Unknown""]","Clear",0,33.762264,-84.392029,"Atlanta","FULTON","[""Motor Vehicle in Motion"",""Motor Vehicle in Motion""]","Misjudged Clearance","[""Motor Vehicle in Motion"",""Motor Vehicle in Motion""]"
0,0,"Atlanta Police Department","2022-07-23","Lenox Rd Ne and Canter Rd Ne","(C) Possible Injury / Complaint","Daylight","Off Roadway - Sidewalk","Not a Collision with Motor Vehicle","Lenox Rd Ne","Dry","12:45:00","Lap and Shoulder Belt Used","Clear",0,33.841673,-84.35811,"Atlanta","FULTON","Other - Fixed Object","Driver Condition","Other - Fixed Object"
0,0,"Atlanta Police Department","2022-07-23","None and Exit 87 Rp","(O) No Injury","Daylight","On Roadway - Non-Intersection","Rear End","Exit 87 Rp","Dry","10:30:00","[""Lap and Shoulder Belt Used"",""Lap and Shoulder Belt Used""]","Clear",0,33.81724,-84.361955,"Atlanta","FULTON","[""Motor Vehicle in Motion"",""Motor Vehicle in Motion""]",,"[""Motor Vehicle in Motion"",""Motor Vehicle in Motion""]"
0,0,"Atlanta Police Department","2022-07-23","Buford Hwy Ne and Sidney Marcus Blvd Ne","(O) No Injury","Daylight","Entrance/Exit Ramp","Sideswipe-Same Direction","Sidney Marcus Blvd Ne","Dry","16:53:00","[""Unknown"",""Lap and Shoulder Belt Used""]","Clear",0,33.824464,-84.357568,"Atlanta","FULTON","[""Motor Vehicle in Motion"",""Motor Vehicle in Motion""]","Aggressive Driving","[""Motor Vehicle in Motion"",""Motor Vehicle in Motion""]"
0,0,"Atlanta Police Department","2022-07-23","Monroe Dr Ne and Montgomery Ferry Dr Ne","(O) No Injury","Dark-Lighted","On Roadway - Roadway Intersection","Not a Collision with Motor Vehicle","Monroe Dr Ne","Dry","01:00:00","[""Lap and Shoulder Belt Used"",""Lap and Shoulder Belt Used""]","Clear",0,33.801903,-84.372347,"Atlanta","FULTON","Other Non-Collision","[""Occupant Distraction (Distracted)"",""Disregard Other Traffic Control"",""Too Fast for Conditions""]","Over Turn"
0,0,"Atlanta Police Department","2022-07-23","I-20 and Joseph E Lowery Blvd Sw","(O) No Injury","Daylight","On Roadway - Non-Intersection","Not a Collision with Motor Vehicle","I-20","Dry","07:53:00","Unknown","Clear",0,33.741602,-84.417435,"Atlanta","FULTON","Other Object (Not Fixed)",,"Other Object (Not Fixed)"
0,0,"Atlanta Police Department","2022-07-23","Stokes Ave Sw and Mcallister St Sw","(O) No Injury","Dark-Lighted","On Roadway - Non-Intersection","Sideswipe-Same Direction","Stokes Ave Sw","Dry","22:54:00","Unknown","Clear",0,33.740941,-84.441008,"Atlanta","FULTON","[""Parked Motor Vehicle"",""Motor Vehicle in Motion""]",,"[""Parked Motor Vehicle"",""Motor Vehicle in Motion""]"
0,0,"Atlanta Police Department","2022-07-23","Currier St Ne and Courtland St Ne","(O) No Injury","Daylight","On Roadway - Roadway Intersection","Head On","Currier St Ne","Dry","12:20:00","[""Unknown"",""Unknown"",""Unknown""]","Clear",0,33.765464,-84.384084,"Atlanta","FULTON","[""Motor Vehicle in Motion"",""Motor Vehicle in Motion""]","Disregard Other Traffic Control","[""Motor Vehicle in Motion"",""Motor Vehicle in Motion""]"
0,0,"Atlanta Police Department","2022-07-23","None and I-20","(C) Possible Injury / Complaint","Daylight","On Roadway - Non-Intersection","Rear End","I-20","Dry","15:44:00","[""Lap and Shoulder Belt Used"",""Lap and Shoulder Belt Used"",""Lap and Shoulder Belt Used""]","Cloudy",0,33.744608,-84.426042,"Atlanta","FULTON","[""Motor Vehicle in Motion"",""Motor Vehicle in Motion""]","Following Too Close","[""Motor Vehicle in Motion"",""Motor Vehicle in Motion""]"
0,0,"Atlanta Police Department","2022-07-23","Whitehall St Sw and Northside Dr Sw","(O) No Injury","Daylight","On Roadway - Roadway Intersection","Rear End","Northside Dr Sw","Dry","18:00:00","Lap and Shoulder Belt Used","Clear",0,33.742144,-84.408161,"Atlanta","FULTON","[""Motor Vehicle in Motion"",""Motor Vehicle in Motion""]","Misjudged Clearance","[""Motor Vehicle in Motion"",""Parked Motor Vehicle""]"
0,0,"Atlanta Police Department","2022-07-23","Wynnwood Dr Sw and Martin Luther King Jr Dr Sw","(C) Possible Injury / Complaint","Daylight","On Roadway - Roadway Intersection","Angle Crash","Martin Luther King Jr Dr Sw","Dry","17:37:00","[""Lap and Shoulder Belt Used"",""Lap and Shoulder Belt Used"",""Lap and Shoulder Belt Used"",""Lap and Shoulder Belt Used""]","Clear",0,33.750643,-84.458407,"Atlanta","FULTON","[""Motor Vehicle in Motion"",""Motor Vehicle in Motion""]","Disregard Stop Sign/Signal","[""Motor Vehicle in Motion"",""Motor Vehicle in Motion""]"
0,0,"Atlanta Police Department","2022-07-23","Cardo Dr Nw and Argyle Dr Nw","(O) No Injury","Dark-Lighted","Off Roadway","Angle Crash","Argyle Dr Nw","Dry","00:10:00","Lap and Shoulder Belt Used","Clear",0,33.799342,-84.47962,"Atlanta","FULTON","[""Motor Vehicle in Motion"",""Parked Motor Vehicle"",""Parked Motor Vehicle""]","Failure to Yield","[""Motor Vehicle in Motion"",""Parked Motor Vehicle"",""Parked Motor Vehicle""]"
0,0,"Atlanta Police Department","2022-07-23","Fairburn Pl Nw and Fairburn Rd Nw","(C) Possible Injury / Complaint","Dark-Not Lighted","On Roadway - Non-Intersection","Angle Crash","Fairburn Rd Nw","Dry","03:07:00","[""Unknown"",""Unknown"",""Unknown"",""Unknown""]","Clear",0,33.772031,-84.500152,"Atlanta","FULTON","[""Motor Vehicle in Motion"",""Motor Vehicle in Motion""]","[""Under the Influence (U.I.)"",""Wrong Side of Road""]","[""Motor Vehicle in Motion"",""Motor Vehicle in Motion""]"
0,0,"Atlanta Police Department","2022-07-23","Lakewood Ave Sw and Metropolitan Pkwy Sw","(O) No Injury","Daylight","On Roadway - Roadway Intersection","Sideswipe-Same Direction","Lakewood Ave Sw","Dry","09:00:00","[""Lap and Shoulder Belt Used"",""Lap and Shoulder Belt Used""]","Cloudy",0,33.697204,-84.408115,"Atlanta","FULTON","[""Motor Vehicle in Motion"",""Motor Vehicle in Motion""]","[""Misjudged Clearance"",""Misjudged Clearance""]","[""Motor Vehicle in Motion"",""Motor Vehicle in Motion""]"
0,0,"Atlanta Police Department","2022-07-23","Bolling Way Ne and Peachtree Rd Ne","(O) No Injury","Dark-Lighted","On Roadway - Non-Intersection","Sideswipe-Same Direction","Peachtree Rd Ne","Dry","02:19:00","[""Unknown"",""Unknown""]","Clear",0,33.840298,-84.378314,"Atlanta","FULTON","[""Motor Vehicle in Motion"",""Motor Vehicle in Motion""]","Changed Lanes Improperly","[""Motor Vehicle in Motion"",""Motor Vehicle in Motion""]"
0,0,"Atlanta Police Department","2022-07-23","Memorial Dr Se and Whitefoord Ave Se","(C) Possible Injury / Complaint","Daylight","On Roadway - Roadway Intersection","Angle Crash","Whitefoord Ave Se","Dry","20:30:00","[""None Used"",""None Used""]","Clear",0,33.747568,-84.342279,"Atlanta","DEKALB","[""Motor Vehicle in Motion"",""Motor Vehicle in Motion""]","Failure to Yield","[""Motor Vehicle in Motion"",""Motor Vehicle in Motion""]"
0,0,"Atlanta Police Department","2022-07-23","14Th St Ne and Piedmont Ave Ne","(O) No Injury","Dark-Lighted","On Roadway - Driveway Intersection","Angle Crash","14Th St Ne","Dry","01:43:00","[""Lap and Shoulder Belt Used"",""Lap and Shoulder Belt Used""]","Cloudy",0,33.786474,-84.378136,"Atlanta","FULTON","[""Motor Vehicle in Motion"",""Motor Vehicle in Motion""]","Improper Turn","[""Motor Vehicle in Motion"",""Motor Vehicle in Motion""]"
0,0,"Atlanta Police Department","2022-07-23","Inman St Sw and Lucile Ave Sw","(O) No Injury","Daylight","On Roadway - Roadway Intersection","Rear End","Lucile Ave Sw","Dry","15:31:00","[""Unknown"",""Unknown""]","Cloudy",0,33.742952,-84.437358,"Atlanta","FULTON","[""Motor Vehicle in Motion"",""Motor Vehicle in Motion""]",,"[""Motor Vehicle in Motion"",""Motor Vehicle in Motion""]"
0,0,"Atlanta Police Department","2022-07-23","I-75 Nb and 17Th Street","(C) Possible Injury / Complaint","Dark-Not Lighted","On Roadway - Non-Intersection","Rear End","I-75 Nb","Dry","17:20:00","[""Unknown"",""Unknown"",""Unknown"",""Unknown""]","Clear",0,33.790324,-84.390874,"Atlanta","FULTON","[""Motor Vehicle in Motion"",""Motor Vehicle in Motion""]","Following Too Close","[""Motor Vehicle in Motion"",""Motor Vehicle in Motion""]"
0,0,"Atlanta Police Department","2022-07-23","Orr St Nw and James P Brawley Dr Nw","(K) Fatal Injury","Dark-Lighted","Off Roadway","Not a Collision with Motor Vehicle","James P Brawley Dr Nw","Dry","00:48:00","[""None Used"",""None Used""]","Clear",2,33.762366,-84.412633,"Atlanta","FULTON","Tree","Too Fast for Conditions","Tree"
0,0,"Atlanta Police Department","2022-07-23","Walker Ter Ne and Piedmont Ave Ne","(C) Possible Injury / Complaint","Dark-Lighted","On Roadway - Non-Intersection","Sideswipe-Same Direction","Piedmont Ave Ne","Dry","23:54:00","[""Unknown"",""Unknown"",""Unknown""]","Clear",0,33.789977,-84.375572,"Atlanta","FULTON","[""Motor Vehicle in Motion"",""Motor Vehicle in Motion""]","Misjudged Clearance","[""Motor Vehicle in Motion"",""Motor Vehicle in Motion""]"
0,0,"Gsp Post 00","2022-07-23","Ga-13 and I-85 North","(O) No Injury","Dark-Lighted","On Roadway - Non-Intersection","Rear End","I-85 North","Dry","20:58:00","[""Lap and Shoulder Belt Used"",""Lap and Shoulder Belt Used""]","Clear",0,33.822683,-84.357345,"Atlanta","FULTON","[""Motor Vehicle in Motion"",""Motor Vehicle in Motion""]","[""Other Interior Distraction (Distracted)"",""Following Too Close""]","[""Motor Vehicle in Motion"",""Motor Vehicle in Motion""]"
0,0,"Atlanta Police Department","2022-07-23","None and I-85","(O) No Injury","Daylight","On Roadway - Non-Intersection","Rear End","I-85","Dry","12:30:00","[""Lap Belt Only Used"",""Lap and Shoulder Belt Used""]","Clear",0,33.795255,-84.393569,"Atlanta","FULTON","[""Motor Vehicle in Motion"",""Motor Vehicle in Motion""]","Following Too Close","[""Motor Vehicle in Motion"",""Motor Vehicle in Motion""]"
0,0,"Atlanta Police Department","2022-07-23","None and I-75","(C) Possible Injury / Complaint","Daylight","On Roadway - Non-Intersection","Rear End","I-75","Dry","19:54:00","[""Unknown"",""Unknown""]","Clear",0,33.774977,-84.390584,"Atlanta","FULTON","[""Motor Vehicle in Motion"",""Motor Vehicle in Motion""]","Following Too Close","[""Motor Vehicle in Motion"",""Motor Vehicle in Motion""]"
1,1,"Atlanta Police Department","2022-07-23","None and I-75","(A) Suspected Serious Injury","Dark-Lighted","On Roadway - Managed Lane (HOV, HOT, Reversible)","Rear End","I-75","Water (standing or moving)","00:55:00","[""None Used"",""None Used""]","Clear",0,33.649213,-84.39739,"Atlanta","FULTON","[""Motor Vehicle in Motion"",""Motor Vehicle in Motion""]",,"[""Motor Vehicle in Motion"",""Motor Vehicle in Motion""]"
0,0,"Atlanta Police Department","2022-07-23","North Ave Ne and Piedmont Ave Ne","(C) Possible Injury / Complaint","Dark-Lighted","On Roadway - Driveway Intersection","Angle Crash","Piedmont Ave Ne","Dry","00:19:00","[""Lap and Shoulder Belt Used"",""Lap and Shoulder Belt Used"",""Lap and Shoulder Belt Used""]","Cloudy",0,33.771279,-84.381876,"Atlanta","FULTON","[""Motor Vehicle in Motion"",""Motor Vehicle in Motion""]","Changed Lanes Improperly","[""Motor Vehicle in Motion"",""Motor Vehicle in Motion""]"
0,0,"Atlanta Police Department","2022-07-23","None and I-85","(O) No Injury","Daylight","On Shoulder","Angle Crash","I-85","Dry","15:42:00","[""Unknown"",""Unknown""]","Clear",0,33.794706,-84.393364,"Atlanta","FULTON","[""Motor Vehicle in Motion"",""Motor Vehicle in Motion""]","Changed Lanes Improperly","[""Motor Vehicle in Motion"",""Motor Vehicle in Motion""]"
0,0,"Atlanta Police Department","2022-07-23","Spring St Nw and Peachtree Pl Nw","(O) No Injury","Dark-Lighted","On Roadway - Roadway Intersection","Angle Crash","Peachtree Pl Nw","Dry","21:10:00","[""Unknown"",""Lap and Shoulder Belt Used""]","Cloudy",0,33.780552,-84.388998,"Atlanta","FULTON","[""Motor Vehicle in Motion"",""Motor Vehicle in Motion""]","Following Too Close","[""Motor Vehicle in Motion"",""Motor Vehicle in Motion""]"
0,0,"Atlanta Police Department","2022-07-23","Huff Rd Nw and Fairmont Ave Nw","(O) No Injury","Dark-Lighted","On Roadway - Non-Intersection","Rear End","Huff Rd Nw","Dry","19:30:00","[""Unknown"",""Lap and Shoulder Belt Used""]","Clear",0,33.789492,-84.422593,"Atlanta","FULTON","[""Motor Vehicle in Motion"",""Motor Vehicle in Motion""]","Following Too Close","[""Motor Vehicle in Motion"",""Motor Vehicle in Motion""]"
0,0,"Atlanta Police Department","2022-07-23","Fulton Industrial Blvd Nw and Donald Lee Hollowell Pkwy Nw","(O) No Injury","Daylight","On Roadway - Roadway Intersection","Angle Crash","Fulton Industrial Blvd Nw","Dry","15:21:00","[""Unknown"",""Lap and Shoulder Belt Used""]","Clear",0,33.789975,-84.496025,"Atlanta","FULTON","[""Motor Vehicle in Motion"",""Motor Vehicle in Motion""]",,"Motor Vehicle in Motion"
0,0,"Atlanta Police Department","2022-07-23","I-75 and 10Th St Nw","(C) Possible Injury / Complaint","Daylight","On Roadway - Non-Intersection","Rear End","I-75","Dry","17:38:00","[""Unknown"",""Unknown""]","Clear",0,33.781728,-84.391215,"Atlanta","FULTON","[""Motor Vehicle in Motion"",""Motor Vehicle in Motion""]","Following Too Close","[""Motor Vehicle in Motion"",""Motor Vehicle in Motion""]"
0,0,"Atlanta Police Department","2022-07-23","Pharr Rd Nw and Peachtree Rd Ne","(O) No Injury","Daylight","On Roadway - Roadway Intersection","Sideswipe-Same Direction","Peachtree Rd Ne","Dry","11:45:00","[""Unknown"",""Unknown"",""Unknown""]","Clear",0,33.837071,-84.381419,"Atlanta","FULTON","[""Motor Vehicle in Motion"",""Motor Vehicle in Motion""]","Failure to Yield","[""Motor Vehicle in Motion"",""Motor Vehicle in Motion""]"
0,0,"Atlanta Police Department","2022-07-23","I-20 and Anderson Ave Nw","(C) Possible Injury / Complaint","Daylight","On Roadway - Non-Intersection","Sideswipe-Same Direction","I-20","Dry","19:30:00","[""Unknown"",""Unknown""]","Clear",0,33.751374,-84.446472,"Atlanta","FULTON","[""Motor Vehicle in Motion"",""Motor Vehicle in Motion""]","Driver Lost Control","[""Motor Vehicle in Motion"",""Motor Vehicle in Motion""]"
0,1,"Atlanta Police Department","2022-07-23","Ralph Mcgill Blvd Ne and John Lewis Freedom Pkwy Ne","(B) Suspected Minor/Visible Injury","Dark-Not Lighted","On Roadway - Non-Intersection","Not a Collision with Motor Vehicle","John Lewis Freedom Pkwy Ne","Dry","21:00:00","[""None Used"",""None Used""]","Clear",0,33.768254,-84.358489,"Atlanta","FULTON","[""Motor Vehicle in Motion"",""Motor Vehicle in Motion""]","[""Failure to Yield"",""Under the Influence (U.I.)""]","Motor Vehicle in Motion"