"# Serious Injuries","# Visible Injuries","Agency Name (Crash Level) ","Date","Intersection Name (from Crash Report)","KABCO Severity","Light Conditions (Crash Level)","Location at Impact (Crash Level) ","Manner of Collision (Crash Level) ","Roadway (From Crash Report)","Surface Condition (Crash Level) ","Time","Safety Equipment (Crash Level) ","Weather Conditions (Crash Level)","# of Fatalities per Crash","Latitude","Longitude","Geolocated City","Geolocated County","First Harmful Event (Unit Order)","Operator/Pedestrian Contrib Factor (excl None, Other, No Contrib Factors)","Most Harmful Event (Crash Level)"
0,0,"Atlanta Police Department","2022-07-30","Central Ave Sw and Mitchell St Sw","(O) No Injury","Daylight","Off Roadway","Angle Crash","Mitchell St Sw","Water (standing or moving)","16:30:00","[""Unknown"",""Unknown"",""Unknown""]","Rain",0,33.74944,-84.390286,"Atlanta","FULTON","[""Motor Vehicle in Motion"",""Motor Vehicle in Motion""]",,"[""Motor Vehicle in Motion"",""Motor Vehicle in Motion""]"
0,0,"Atlanta Police Department","2022-07-30","I-285 N and Martin Luther King Jr Dr Sw","(O) No Injury","Daylight","On Roadway - Non-Intersection","Sideswipe-Same Direction","Martin Luther King Jr Dr Sw","Wet","15:45:00","[""Unknown"",""Lap and Shoulder Belt Used"",""Lap and Shoulder Belt Used""]","Rain",0,33.753483,-84.495254,"Atlanta","FULTON","[""Motor Vehicle in Motion"",""Motor Vehicle in Motion""]","Changed Lanes Improperly","[""Motor Vehicle in Motion"",""Motor Vehicle in Motion""]"
0,0,"Atlanta Police Department","2022-07-30","Pryor St Sw and Ridge Ave Sw","(C) Possible Injury / Complaint","Daylight","On Roadway - Roadway Intersection","Angle Crash","Ridge Ave Sw","Dry","15:00:00","[""Unknown"",""Unknown""]","Cloudy",0,33.727311,-84.392882,"Atlanta","FULTON","[""Motor Vehicle in Motion"",""Motor Vehicle in Motion""]","[""Under the Influence (U.I.)"",""Disregard Other Traffic Control""]","[""Motor Vehicle in Motion"",""Motor Vehicle in Motion""]"
0,0,"Atlanta Police Department","2022-07-30","None and I-75","(C) Possible Injury / Complaint","Dark-Lighted","On Roadway - Non-Intersection","Rear End","I-75","Dry","19:09:00","[""Lap and Shoulder Belt Used"",""Lap and Shoulder Belt Used""]","Clear",0,33.799871,-84.391311,"Atlanta","FULTON","[""Motor Vehicle in Motion"",""Motor Vehicle in Motion""]","Following Too Close","[""Motor Vehicle in Motion"",""Motor Vehicle in Motion""]"
0,0,"Atlanta Police Department","2022-07-30","None and I-285","(O) No Injury","Daylight","On Roadway - Non-Intersection","Rear End","I-285","Dry","18:00:00","[""Lap and Shoulder Belt Used"",""Lap and Shoulder Belt Used""]","Clear",0,33.785728,-84.494137,"Atlanta","FULTON","[""Motor Vehicle in Motion"",""Motor Vehicle in Motion""]",,"[""Motor Vehicle in Motion"",""Motor Vehicle in Motion""]"
0,0,"Atlanta Police Department","2022-07-30","Markham St Sw and Northside Dr Sw","(O) No Injury","Daylight","Off Roadway","Angle Crash","Northside Dr Sw","Dry","15:30:00","[""Unknown"",""Unknown""]","Clear",0,33.752661,-84.402843,"Atlanta","FULTON","[""Motor Vehicle in Motion"",""Motor Vehicle in Motion""]","Improper Backing","[""Motor Vehicle in Motion"",""Motor Vehicle in Motion""]"
0,0,"Atlanta Police Department","2022-07-30","North Ave Ne and N Highland Ave Ne","(O) No Injury","Daylight","On Roadway - Driveway Intersection","Sideswipe-Same Direction","N Highland Ave Ne","Dry","17:25:00","[""None Used"",""None Used""]","Clear",0,33.771075,-84.352496,"Atlanta","FULTON","[""Motor Vehicle in Motion"",""Motor Vehicle in Motion""]",,"[""Motor Vehicle in Motion"",""Motor Vehicle in Motion""]"
0,0,"Atlanta Police Department","2022-07-30","Rawson St Sw and Windsor St Sw","(O) No Injury","Daylight","On Roadway - Non-Intersection","Sideswipe-Same Direction","Windsor St Sw","Wet","15:30:00","[""Unknown"",""Unknown"",""Lap and Shoulder Belt Used"",""Lap and Shoulder Belt Used"",""Lap and Shoulder Belt Used""]","Rain",0,33.744472,-84.398165,"Atlanta","FULTON","[""Parked Motor Vehicle"",""Motor Vehicle in Motion"",""Motor Vehicle in Motion"",""Motor Vehicle in Motion""]","Disregard Police - Evasion","[""Parked Motor Vehicle"",""Motor Vehicle in Motion"",""Motor Vehicle in Motion"",""Motor Vehicle in Motion""]"
0,0,"Atlanta Police Department","2022-07-30","Fairburn Rd Nw and Martin Luther King Jr Dr Sw","(O) No Injury","Daylight","On Roadway - Roadway Intersection","Rear End","Martin Luther King Jr Dr Sw","Dry","09:43:00","[""Unknown"",""Unknown""]","Cloudy",0,33.759799,-84.505676,"Atlanta","FULTON","[""Motor Vehicle in Motion"",""Motor Vehicle in Motion""]","Following Too Close","[""Motor Vehicle in Motion"",""Motor Vehicle in Motion""]"
0,0,"Atlanta Police Department","2022-07-30","Monroe Dr Ne and Ansley Forest Dr","(O) No Injury","Daylight","On Roadway - Roadway Intersection","Sideswipe-Same Direction","Monroe Dr Ne","Dry","08:30:00","[""Lap and Shoulder Belt Used"",""Lap and Shoulder Belt Used""]","Clear",0,33.79972,-84.371032,"Atlanta","FULTON","[""Motor Vehicle in Motion"",""Motor Vehicle in Motion""]","Changed Lanes Improperly","[""Motor Vehicle in Motion"",""Motor Vehicle in Motion""]"
0,0,"Atlanta Police Department","2022-07-30","Walnut St Nw and Spencer St Nw","(O) No Injury","Dark-Lighted","On Roadway - Driveway Intersection","Angle Crash","Spencer St Nw","Dry","19:45:00","[""Lap and Shoulder Belt Used"",""Lap and Shoulder Belt Used"",""Lap and Shoulder Belt Used"",""Lap and Shoulder Belt Used"",""None Used""]","Clear",0,33.760043,-84.4064,"Atlanta","FULTON","[""Motor Vehicle in Motion"",""Motor Vehicle in Motion"",""Parked Motor Vehicle"",""Parked Motor Vehicle""]","Disregard Stop Sign/Signal","[""Motor Vehicle in Motion"",""Motor Vehicle in Motion"",""Parked Motor Vehicle"",""Parked Motor Vehicle""]"
0,0,"Atlanta Police Department","2022-07-30","Exit 60A and Moreland Ave Se","(O) No Injury","Daylight","On Roadway - Non-Intersection","Sideswipe-Same Direction","Moreland Ave Se","Dry","12:55:00","[""Shoulder Belt Only Used"",""Shoulder Belt Only Used""]","Clear",0,33.744121,-84.349235,"Atlanta","FULTON","[""Motor Vehicle in Motion"",""Motor Vehicle in Motion""]","Changed Lanes Improperly","[""Motor Vehicle in Motion"",""Motor Vehicle in Motion""]"
0,0,"Atlanta Police Department","2022-07-30","Lenox Rd Ne and Buford Hwy Ne","(O) No Injury","Daylight","On Roadway - Roadway Intersection","Rear End","Buford Hwy Ne","Wet","16:30:00","[""Lap and Shoulder Belt Used"",""Lap and Shoulder Belt Used"",""Lap and Shoulder Belt Used""]","Rain",0,33.825571,-84.353196,"Atlanta","FULTON","[""Motor Vehicle in Motion"",""Motor Vehicle in Motion""]","Following Too Close","[""Motor Vehicle in Motion"",""Motor Vehicle in Motion""]"
0,0,"Atlanta Police Department","2022-07-30","Astor Ave Sw and Sylvan Rd Sw","(O) No Injury","Daylight","On Roadway - Driveway Intersection","Rear End","Sylvan Rd Sw","Wet","17:00:00","None Used","Rain",0,33.701434,-84.418281,"Atlanta","FULTON","[""Motor Vehicle in Motion"",""Motor Vehicle in Motion""]",,"[""Motor Vehicle in Motion"",""Motor Vehicle in Motion""]"
0,0,"Atlanta Police Department","2022-07-30","I-20 W and I-20 Exit 57","(O) No Injury","Daylight","On Roadway - Roadway Intersection","Rear End","I-20 Exit 57","Wet","16:00:00","[""Unknown"",""Unknown""]","Rain",0,33.743439,-84.383522,"Atlanta","FULTON","[""Motor Vehicle in Motion"",""Motor Vehicle in Motion""]","Following Too Close","[""Motor Vehicle in Motion"",""Motor Vehicle in Motion""]"
0,0,"Atlanta Police Department","2022-07-30","14Th St Nw and Techwood Dr Nw","(C) Possible Injury / Complaint","Dark-Lighted","On Roadway - Managed Lane (HOV, HOT, Reversible)","Rear End","14Th St Nw","Dry","20:49:00","[""Lap and Shoulder Belt Used"",""Lap and Shoulder Belt Used"",""Lap and Shoulder Belt Used"",""Lap and Shoulder Belt Used"",""Lap and Shoulder Belt Used""]","Clear",0,33.786703,-84.391567,"Atlanta","FULTON","[""Motor Vehicle in Motion"",""Motor Vehicle in Motion""]","[""Following Too Close"",""Under the Influence (U.I.)""]","[""Motor Vehicle in Motion"",""Motor Vehicle in Motion""]"
0,0,"Atlanta Police Department","2022-07-30","I-75 and Spring St Nw","(C) Possible Injury / Complaint","Daylight","On Roadway - Non-Intersection","Sideswipe-Same Direction","I-75","Wet","07:30:00","[""Lap and Shoulder Belt Used"",""Lap and Shoulder Belt Used""]","Clear",0,33.768481,-84.390313,"Atlanta","FULTON","[""Motor Vehicle in Motion"",""Motor Vehicle in Motion""]","Too Fast for Conditions","[""Motor Vehicle in Motion"",""Motor Vehicle in Motion""]"
0,0,"Atlanta Police Department","2022-07-30","None and I-85","(O) No Injury","Dark-Lighted","Entrance/Exit Ramp","Rear End","I-85","Dry","18:17:00","[""Lap and Shoulder Belt Used"",""Lap and Shoulder Belt Used"",""Lap and Shoulder Belt Used""]","Cloudy",0,33.799739,-84.391004,"Atlanta","FULTON","[""Motor Vehicle in Motion"",""Motor Vehicle in Motion""]",,"[""Motor Vehicle in Motion"",""Motor Vehicle in Motion""]"
0,0,"Atlanta Police Department","2022-07-30","Cleveland Ave Se and Browns Mill Rd Se","(O) No Injury","Dark-Lighted","On Roadway - Railroad Crossing","Head On","Browns Mill Rd Se","Dry","17:00:00","[""Lap and Shoulder Belt Used"",""Lap and Shoulder Belt Used""]","Clear",0,33.680905,-84.384323,"Atlanta","FULTON","[""Motor Vehicle in Motion"",""Motor Vehicle in Motion""]","[""Following Too Close"",""Improper Backing""]","[""Motor Vehicle in Motion"",""Motor Vehicle in Motion""]"
0,1,"Atlanta Police Department","2022-07-30","St Johns Ave Sw and Metropolitan Pkwy Sw","(B) Suspected Minor/Visible Injury","Dusk","On Roadway - Roadway Intersection","Sideswipe-Same Direction","St Johns Ave Sw","Dry","00:19:00","[""Lap and Shoulder Belt Used"",""Lap and Shoulder Belt Used""]","Clear",0,33.69922,-84.408066,"Atlanta","FULTON","[""Motor Vehicle in Motion"",""Motor Vehicle in Motion""]",,"[""Motor Vehicle in Motion"",""Motor Vehicle in Motion""]"
0,0,"Atlanta Police Department","2022-07-30","Trenholm St Sw and Northside Dr Sw","(O) No Injury","Daylight","On Roadway - Roadway Intersection","Angle Crash","Northside Dr Sw","Water (standing or moving)","18:00:00","[""Unknown"",""Unknown"",""Unknown"",""Unknown""]","Cloudy",0,33.74728,-84.405664,"Atlanta","FULTON","[""Motor Vehicle in Motion"",""Motor Vehicle in Motion""]",,"[""Motor Vehicle in Motion"",""Motor Vehicle in Motion""]"
0,0,"Atlanta Police Department","2022-07-30","North Ave Ne and Argonne Ave Ne","(O) No Injury","Dusk","On Roadway - Roadway Intersection","Angle Crash","North Ave Ne","Water (standing or moving)","19:30:00","[""Lap and Shoulder Belt Used"",""Lap and Shoulder Belt Used""]","Cloudy",0,33.771233,-84.377786,"Atlanta","FULTON","[""Motor Vehicle in Motion"",""Motor Vehicle in Motion""]","Disregard Stop Sign/Signal","[""Motor Vehicle in Motion"",""Motor Vehicle in Motion""]"
0,0,"Atlanta Police Department","2022-07-30","Courtland St Ne and John Portman Blvd Ne","(C) Possible Injury / Complaint","Dark-Not Lighted","On Roadway - Roadway Intersection","Sideswipe-Same Direction","John Portman Blvd Ne","Dry","20:00:00","[""Unknown"",""Unknown"",""Unknown"",""Unknown"",""Unknown""]","Clear",0,33.760933,-84.384177,"Atlanta","FULTON","[""Motor Vehicle in Motion"",""Motor Vehicle in Motion""]","Changed Lanes Improperly","[""Motor Vehicle in Motion"",""Motor Vehicle in Motion""]"
0,0,"Atlanta Police Department","2022-07-30","None and I-75","(O) No Injury","Daylight","On Roadway - Non-Intersection","Sideswipe-Same Direction","I-75","Dry","13:14:00","[""Lap and Shoulder Belt Used"",""Lap and Shoulder Belt Used"",""Lap and Shoulder Belt Used"",""Lap and Shoulder Belt Used""]","Clear",0,33.750665,-84.381016,"Atlanta","FULTON","[""Motor Vehicle in Motion"",""Motor Vehicle in Motion""]",,"[""Motor Vehicle in Motion"",""Motor Vehicle in Motion""]"
0,0,"Atlanta Police Department","2022-07-30","None and I-75","(O) No Injury","Daylight","On Roadway - Non-Intersection","Angle Crash","I-75","Dry","09:29:00","[""Lap and Shoulder Belt Used"",""Lap and Shoulder Belt Used""]","Clear",0,33.737448,-84.391831,"Atlanta","FULTON","[""Motor Vehicle in Motion"",""Motor Vehicle in Motion""]","[""Changed Lanes Improperly"",""Changed Lanes Improperly""]","[""Motor Vehicle in Motion"",""Motor Vehicle in Motion""]"
0,0,"Atlanta Police Department","2022-07-30","Berne St Se and Boulevard Se","(O) No Injury","Daylight","On Roadway - Roadway Intersection","Sideswipe-Same Direction","Boulevard Se","Dry","13:40:00","[""Unknown"",""Unknown"",""Unknown""]","Clear",0,33.737144,-84.368207,"Atlanta","FULTON","[""Motor Vehicle in Motion"",""Motor Vehicle in Motion""]","Changed Lanes Improperly","[""Motor Vehicle in Motion"",""Motor Vehicle in Motion""]"
0,0,"Atlanta Police Department","2022-07-30","None and I-75","(O) No Injury","Dark-Not Lighted","Off Roadway","Not a Collision with Motor Vehicle","I-75","Wet","04:30:00","Unknown","Snow",0,33.745695,-84.389434,"Atlanta","FULTON","Other - Fixed Object","Following Too Close","Other - Fixed Object"
0,1,"Atlanta Police Department","2022-07-30","Boulevard Ne and Edgewood Ave Se","(B) Suspected Minor/Visible Injury","Dark-Lighted","On Roadway - Roadway Intersection","Angle Crash","Edgewood Ave Se","Other","00:05:00","[""Lap and Shoulder Belt Used"",""Lap and Shoulder Belt Used""]","Clear",0,33.754304,-84.372146,"Atlanta","FULTON","[""Motor Vehicle in Motion"",""Motor Vehicle in Motion""]","Failure to Yield","[""Motor Vehicle in Motion"",""Motor Vehicle in Motion""]"
0,1,"Atlanta Police Department","2022-07-30","Roswell Rd Ne and E Andrews Dr Nw","(B) Suspected Minor/Visible Injury","Daylight","On Roadway - Roadway Intersection","Angle Crash","Roswell Rd Ne","Water (standing or moving)","18:50:00","[""Lap and Shoulder Belt Used"",""Lap and Shoulder Belt Used""]","Cloudy",0,33.843659,-84.379295,"Atlanta","FULTON","[""Motor Vehicle in Motion"",""Motor Vehicle in Motion""]","Failure to Yield","[""Motor Vehicle in Motion"",""Motor Vehicle in Motion""]"
0,0,"Atlanta Police Department","2022-07-30","None and Ga-13","(C) Possible Injury / Complaint","Dark-Lighted","On Roadway - Driveway Intersection","Rear End","Ga-13","Dry","12:32:00","[""Unknown"",""Unknown""]","Clear",0,33.823443,-84.356779,"Atlanta","FULTON","[""Motor Vehicle in Motion"",""Motor Vehicle in Motion""]","Following Too Close","[""Motor Vehicle in Motion"",""Motor Vehicle in Motion""]"
1,0,"Atlanta Police Department","2022-07-30","I-75 and Ellis St Ne","(A) Suspected Serious Injury","Dark-Not Lighted","On Roadway - Non-Intersection","Angle Crash","I-75","Dry","23:00:00","[""Unknown"",""Unknown"",""Unknown""]","Clear",0,33.759359,-84.378297,"Atlanta","FULTON","[""Motor Vehicle in Motion"",""Motor Vehicle in Motion""]","Disregard Police - Traffic Control","[""Motor Vehicle in Motion"",""Motor Vehicle in Motion""]"
0,1,"Atlanta Police Department","2022-07-30","None and I-75","(B) Suspected Minor/Visible Injury","Daylight","Off Roadway","Rear End","I-75","Water (standing or moving)","18:30:00","[""Lap and Shoulder Belt Used"",""Lap and Shoulder Belt Used""]","Rain",0,33.784814,-84.391175,"Atlanta","FULTON","[""Motor Vehicle in Motion"",""Motor Vehicle in Motion""]","Following Too Close","[""Motor Vehicle in Motion"",""Motor Vehicle in Motion""]"
0,0,"Atlanta Police Department","2022-07-30","None and I-285","(C) Possible Injury / Complaint","Dark-Not Lighted","Median","Not a Collision with Motor Vehicle","I-285","Wet","00:40:00","Lap and Shoulder Belt Used","Rain",0,33.76835,-84.494369,"Atlanta","FULTON","Median Barrier","Driver Lost Control","Median Barrier"
0,0,"Atlanta Police Department","2022-07-30","North Ave Ne and Courtland St Ne","(O) No Injury","Daylight","On Roadway - Roadway Intersection","Rear End","Courtland St Ne","Dry","15:04:00","[""Unknown"",""Lap and Shoulder Belt Used""]","Cloudy",0,33.771281,-84.383416,"Atlanta","FULTON","[""Motor Vehicle in Motion"",""Motor Vehicle in Motion""]","Following Too Close","[""Motor Vehicle in Motion"",""Motor Vehicle in Motion""]"
0,0,"Atlanta Police Department","2022-07-30","Pryor Rd Sw and University Ave Sw","(O) No Injury","Dark-Lighted","On Roadway - Roadway Intersection","Sideswipe-Opposite Direction","University Ave Sw","Dry","23:56:00","[""Unknown"",""Unknown"",""Unknown"",""Unknown"",""Unknown"",""Unknown""]","Clear",0,33.722094,-84.393356,"Atlanta","FULTON","[""Motor Vehicle in Motion"",""Motor Vehicle in Motion""]",,"[""Motor Vehicle in Motion"",""Motor Vehicle in Motion""]"
0,0,"Atlanta Police Department","2022-07-30","None and I-75","(O) No Injury","Dark-Lighted","On Roadway - Managed Lane (HOV, HOT, Reversible)","Angle Crash","I-75","Wet","04:00:00","[""Lap and Shoulder Belt Used"",""Unknown"",""Lap and Shoulder Belt Used""]","Cloudy",0,33.772552,-84.390372,"Atlanta","FULTON","[""Motor Vehicle in Motion"",""Motor Vehicle in Motion""]","Improper Passing","[""Parked Motor Vehicle"",""Parked Motor Vehicle""]"
0,0,"Atlanta Police Department","2022-07-30","North Ave Ne and Juniper St Ne","(O) No Injury","Dark-Lighted","On Roadway - Roadway Intersection","Sideswipe-Same Direction","North Ave Ne","Dry","22:00:00","[""Unknown"",""Unknown"",""Unknown"",""Unknown"",""Booster Seat (Properly Used)""]","Clear",0,33.771281,-84.383416,"Atlanta","FULTON","[""Motor Vehicle in Motion"",""Motor Vehicle in Motion""]","Changed Lanes Improperly","[""Motor Vehicle in Motion"",""Motor Vehicle in Motion""]"
0,0,"Atlanta Police Department","2022-07-30","Piedmont Rd Ne and Peachtree Rd Ne","(C) Possible Injury / Complaint","Dark-Not Lighted","On Roadway - Roadway Intersection","Head On","Peachtree Rd Ne","Water (standing or moving)","03:40:00","[""Unknown"",""Unknown"",""Unknown"",""Unknown"",""Unknown""]","Rain",0,33.843794,-84.371404,"Atlanta","FULTON","[""Motor Vehicle in Motion"",""Motor Vehicle in Motion""]","[""Too Fast for Conditions"",""Failure to Yield"",""Disregard Other Traffic Control""]","[""Motor Vehicle in Motion"",""Motor Vehicle in Motion""]"
1,0,"Atlanta Police Department","2022-07-30","Arno Dr Nw and Hollywood Rd Nw","(A) Suspected Serious Injury","Daylight","On Roadway - Non-Intersection","Not a Collision with Motor Vehicle","Hollywood Rd Nw","Wet","16:34:00","[""Unknown"",""None Used""]","Clear",0,33.799015,-84.470058,"Atlanta","FULTON","[""Pedestrian"",""Motor Vehicle in Motion""]","[""Failure to Yield"",""Too Fast for Conditions""]","Pedestrian"
0,0,"Atlanta Police Department","2022-07-30","None and I-20","(O) No Injury","Dark-Lighted","On Roadway - Non-Intersection","Sideswipe-Same Direction","I-20","Wet","22:15:00","[""Unknown"",""Lap and Shoulder Belt Used""]","Rain",0,33.743444,-84.375268,"Atlanta","FULTON","[""Motor Vehicle in Motion"",""Motor Vehicle in Motion""]","Changed Lanes Improperly","[""Motor Vehicle in Motion"",""Motor Vehicle in Motion""]"
0,0,"Gsp Post 00","2022-07-30","Central Avenue and Mithcell Street","(O) No Injury","Daylight","On Roadway - Roadway Intersection","Angle","Central Avenue","Dry","00:00:00","[""Lap and Shoulder Belt Used"",""Lap and Shoulder Belt Used""]","Clear",0,33.749521,-84.390433,"Atlanta","FULTON","[""Motor Vehicle in Motion"",""Motor Vehicle in Motion""]","Disregard Stop Sign/Signal","[""Motor Vehicle in Motion"",""Motor Vehicle in Motion""]"
0,0,"Atlanta Police Department","2022-07-30","None and I-285 Exit 5A Rp","(O) No Injury","Daylight","On Roadway - Non-Intersection","Rear End","I-285 Exit 5A Rp","Other","18:40:00","[""Unknown"",""Unknown""]","Cloudy",0,33.688675,-84.501628,"Atlanta","FULTON","[""Motor Vehicle in Motion"",""Motor Vehicle in Motion""]","Inattentive or Other Distraction (Distracted)","[""Motor Vehicle in Motion"",""Motor Vehicle in Motion""]"
0,0,"Atlanta Police Department","2022-07-30","None and Baker St Nw","(O) No Injury","Daylight","On Roadway - Non-Intersection","Sideswipe-Opposite Direction","Baker St Nw","Other","18:30:00","[""Unknown"",""Unknown""]","Other",0,33.762256,-84.387577,"Atlanta","FULTON","[""Motor Vehicle in Motion"",""Motor Vehicle in Motion""]","[""Vision Obscured"",""Vision Obscured""]","[""Motor Vehicle in Motion"",""Motor Vehicle in Motion""]"
0,0,"Atlanta Police Department","2022-07-30","Maiden Ln Ne and Barnett St Ne","(O) No Injury","Daylight","On Roadway - Non-Intersection","Sideswipe-Same Direction","Barnett St Ne","Wet","18:46:00","Unknown","Cloudy",0,33.774902,-84.358719,"Atlanta","FULTON","[""Motor Vehicle in Motion"",""Motor Vehicle in Motion""]",,"[""Motor Vehicle in Motion"",""Motor Vehicle in Motion""]"
0,0,"Atlanta Police Department","2022-07-30","Forsyth St Sw and Peachtree St Sw","(O) No Injury","Daylight","On Roadway - Roadway Intersection","Rear End","Forsyth St Sw","Dry","18:00:00","[""Unknown"",""Unknown""]","Cloudy",0,33.746964,-84.396917,"Atlanta","FULTON","[""Motor Vehicle in Motion"",""Motor Vehicle in Motion""]","Following Too Close","[""Motor Vehicle in Motion"",""Motor Vehicle in Motion""]"
0,0,"Atlanta Police Department","2022-07-30","Fraser St Se and Vanira Ave Se","(O) No Injury","Daylight","On Roadway - Roadway Intersection","Angle Crash","Fraser St Se","Dry","10:50:00",,"Clear",0,33.729422,-84.386085,"Atlanta","FULTON","[""Motor Vehicle in Motion"",""Parked Motor Vehicle""]","Reckless Driving","[""Motor Vehicle in Motion"",""Motor Vehicle in Motion""]"
0,0,"Atlanta Police Department","2022-07-30","I-85 and Exit 85","(O) No Injury","Daylight","On Roadway - Non-Intersection","Rear End","I-85","Dry","14:50:00","[""Unknown"",""Unknown"",""Unknown""]","Clear",0,33.797484,-84.393176,"Atlanta","FULTON","[""Motor Vehicle in Motion"",""Motor Vehicle in Motion"",""Motor Vehicle in Motion""]","[""Following Too Close"",""Under the Influence (U.I.)""]","[""Motor Vehicle in Motion"",""Motor Vehicle in Motion"",""Motor Vehicle in Motion""]"
0,0,"Atlanta Police Department","2022-07-30","N Highland Ave Ne and Ponce De Leon Ave Ne","(O) No Injury","Daylight","On Roadway - Roadway Intersection","Angle Crash","N Highland Ave Ne","Dry","10:00:00","[""Unknown"",""Unknown"",""Unknown""]","Clear",0,33.773833,-84.352503,"Atlanta","FULTON","[""Motor Vehicle in Motion"",""Motor Vehicle in Motion""]","Changed Lanes Improperly","[""Motor Vehicle in Motion"",""Motor Vehicle in Motion""]"
0,0,"Atlanta Police Department","2022-07-30","Wylie St Se and Moreland Ave Se","(O) No Injury","Daylight","On Roadway - Non-Intersection","Angle Crash","Moreland Ave Se","Wet","17:00:00","[""Unknown"",""Unknown""]","Cloudy",0,33.752192,-84.349226,"Atlanta","FULTON","[""Motor Vehicle in Motion"",""Motor Vehicle in Motion""]","[""Misjudged Clearance"",""Changed Lanes Improperly""]","[""Motor Vehicle in Motion"",""Motor Vehicle in Motion""]"
0,0,"Atlanta Police Department","2022-07-30","Burns Dr Sw and Sylvan Rd Sw","(C) Possible Injury / Complaint","Daylight","On Roadway - Roadway Intersection","Angle Crash","Sylvan Rd Sw","Wet","18:22:00","[""Lap and Shoulder Belt Used"",""Lap and Shoulder Belt Used"",""Lap and Shoulder Belt Used""]","Rain",0,33.712094,-84.418167,"Atlanta","FULTON","[""Motor Vehicle in Motion"",""Motor Vehicle in Motion""]","Failure to Yield","[""Motor Vehicle in Motion"",""Motor Vehicle in Motion""]"
0,0,"Atlanta Police Department","2022-07-31","Sparta St Sw and Hartford Pl Sw","(O) No Injury","Daylight","On Roadway - Non-Intersection","Sideswipe-Opposite Direction","Hartford Pl Sw","Dry","17:30:00","[""Unknown"",""Lap and Shoulder Belt Used""]","Clear",0,33.721205,-84.414726,"Atlanta","FULTON","[""Motor Vehicle in Motion"",""Motor Vehicle in Motion""]",,"Parked Motor Vehicle"
0,0,"Atlanta Police Department","2022-07-31","Tell Rd Sw and Fairburn Rd Sw","(O) No Injury","Daylight","Off Roadway","Not a Collision with Motor Vehicle","Tell Rd Sw","Dry","19:04:00","Unknown","Clear",0,33.680272,-84.517744,"Atlanta","FULTON","Tree","Driver Lost Control","Tree"
0,0,"Atlanta Police Department","2022-07-31","None and Howell Mill Rd Nw Exit 252B Rp","(O) No Injury","Daylight","Entrance/Exit Ramp","Rear End","Howell Mill Rd Nw Exit 252B Rp","Wet","11:00:00","[""Lap and Shoulder Belt Used"",""Lap and Shoulder Belt Used"",""Lap and Shoulder Belt Used""]","Cloudy",0,33.805622,-84.413101,"Atlanta","FULTON","[""Motor Vehicle in Motion"",""Motor Vehicle in Motion""]","Following Too Close","[""Motor Vehicle in Motion"",""Motor Vehicle in Motion""]"
0,0,"Atlanta Police Department","2022-07-31","I-75 and I-75 S","(O) No Injury","Daylight","On Roadway - Non-Intersection","Head On","I-75","Dry","15:30:00","Lap and Shoulder Belt Used","Clear",0,33.771864,-84.390416,"Atlanta","FULTON","[""Motor Vehicle in Motion"",""Motor Vehicle in Motion""]","Changed Lanes Improperly","Motor Vehicle in Motion"
0,0,"Atlanta Police Department","2022-07-31","Mitchell St Sw and Northside Dr Sw","(O) No Injury","Dark-Lighted","On Roadway - Roadway Intersection","Head On","Northside Dr Sw","Dry","23:31:00","[""Unknown"",""Unknown""]","Clear",0,33.753874,-84.402811,"Atlanta","FULTON","[""Motor Vehicle in Motion"",""Motor Vehicle in Motion""]","[""Improper Turn"",""Failure to Yield""]","[""Motor Vehicle in Motion"",""Motor Vehicle in Motion""]"
0,0,"Fulton Co Sheriff's Office","2022-07-31","I 75 85 Nb and University Ave","(C) Possible Injury / Complaint","Daylight","On Roadway - Non-Intersection","Rear End","I 75 85 Nb","Dry","13:45:00","[""Unknown"",""Unknown"",""Unknown""]","Clear",0,33.725173,-84.393573,"Atlanta","FULTON","[""Motor Vehicle in Motion"",""Motor Vehicle in Motion""]","[""Inattentive or Other Distraction (Distracted)"",""Following Too Close"",""Misjudged Clearance""]","[""Impact Attenuate"",""Impact Attenuate""]"
1,1,"Atlanta Police Department","2022-07-31","Marietta St Nw and Northside Dr Nw","(A) Suspected Serious Injury","Daylight","On Roadway - Roadway Intersection","Angle Crash","Northside Dr Nw","Dry","17:00:00","[""Lap and Shoulder Belt Used"",""Lap and Shoulder Belt Used"",""Lap and Shoulder Belt Used""]","Clear",0,33.775857,-84.407012,"Atlanta","FULTON","[""Motor Vehicle in Motion"",""Motor Vehicle in Motion""]","Failure to Yield","[""Motor Vehicle in Motion"",""Motor Vehicle in Motion""]"
0,0,"Atlanta Police Department","2022-07-31","None and I-75","(O) No Injury","Dark-Lighted","On Roadway - Non-Intersection","Angle Crash","I-75","Dry","13:00:00","Lap and Shoulder Belt Used","Clear",0,33.764009,-84.383602,"Atlanta","FULTON","[""Motor Vehicle in Motion"",""Motor Vehicle in Motion""]","Changed Lanes Improperly","[""Motor Vehicle in Motion"",""Motor Vehicle in Motion""]"