"# Serious Injuries","# Visible Injuries","Agency Name (Crash Level) ","Date","Intersection Name (from Crash Report)","KABCO Severity","Light Conditions (Crash Level)","Location at Impact (Crash Level) ","Manner of Collision (Crash Level) ","Roadway (From Crash Report)","Surface Condition (Crash Level) ","Time","Safety Equipment (Crash Level) ","Weather Conditions (Crash Level)","# of Fatalities per Crash","Latitude","Longitude","Geolocated City","Geolocated County","First Harmful Event (Unit Order)","Operator/Pedestrian Contrib Factor (excl None, Other, No Contrib Factors)","Most Harmful Event (Crash Level)"
0,0,"Atlanta Police Department","2022-07-31","Peeples St Sw and Arlington Ave Sw","(O) No Injury","Dark-Not Lighted","On Roadway - Driveway Intersection","Sideswipe-Opposite Direction","Arlington Ave Sw","Dry","21:17:00","[""Unknown"",""Unknown""]","Clear",0,33.725074,-84.425723,"Atlanta","FULTON","[""Motor Vehicle in Motion"",""Parked Motor Vehicle""]","Aggressive Driving","[""Motor Vehicle in Motion"",""Parked Motor Vehicle""]"
0,0,"Atlanta Police Department","2022-07-31","None and I-75","(O) No Injury","Dark-Lighted","On Roadway - Non-Intersection","Angle Crash","I-75","Wet","03:57:00","[""Unknown"",""Unknown""]","Cloudy",0,33.76621,-84.38722,"Atlanta","FULTON","[""Motor Vehicle in Motion"",""Motor Vehicle in Motion""]","Changed Lanes Improperly","[""Motor Vehicle in Motion"",""Motor Vehicle in Motion""]"
0,0,"Atlanta Police Department","2022-07-31","None and I-85","(C) Possible Injury / Complaint","Dark-Lighted","On Roadway - Roadway Intersection","Rear End","I-85","Wet","02:00:00","[""Lap and Shoulder Belt Used"",""Lap and Shoulder Belt Used""]","Rain",0,33.82347,-84.35446,"Atlanta","FULTON","[""Motor Vehicle in Motion"",""Motor Vehicle in Motion""]","[""Following Too Close"",""Too Fast for Conditions""]","[""Motor Vehicle in Motion"",""Motor Vehicle in Motion""]"
0,0,"Atlanta Police Department","2022-07-31","Buckhead Ave Ne and Peachtree Rd Ne","(O) No Injury","Daylight","On Roadway - Roadway Intersection","Rear End","Peachtree Rd Ne","Dry","10:25:00","[""Lap and Shoulder Belt Used"",""Lap and Shoulder Belt Used""]","Clear",0,33.838129,-84.380929,"Atlanta","FULTON","[""Motor Vehicle in Motion"",""Motor Vehicle in Motion""]","Following Too Close","[""Motor Vehicle in Motion"",""Motor Vehicle in Motion""]"
0,0,"Atlanta Police Department","2022-07-31","None and Windsor St Sw Exit 57 Rp","(O) No Injury","Dark-Lighted","On Roadway - Non-Intersection","Sideswipe-Same Direction","Windsor St Sw Exit 57 Rp","Wet","02:25:00","[""Unknown"",""Unknown""]","Clear",0,33.744761,-84.398255,"Atlanta","FULTON","[""Motor Vehicle in Motion"",""Motor Vehicle in Motion""]","Changed Lanes Improperly","[""Motor Vehicle in Motion"",""Motor Vehicle in Motion""]"
0,0,"Atlanta Police Department","2022-07-31","8Th St Ne and Monroe Dr Ne","(O) No Injury","Daylight","On Roadway - Non-Intersection","Sideswipe-Same Direction","Monroe Dr Ne","Dry","15:00:00","[""Unknown"",""Lap and Shoulder Belt Used""]","Clear",0,33.779279,-84.36948,"Atlanta","FULTON","[""Motor Vehicle in Motion"",""Motor Vehicle in Motion""]","Changed Lanes Improperly","[""Motor Vehicle in Motion"",""Motor Vehicle in Motion""]"
0,0,"Atlanta Police Department","2022-07-31","Monroe Dr Ne and Ponce De Leon Ave Ne","(O) No Injury","Dark-Lighted","On Roadway - Roadway Intersection","Angle Crash","Ponce De Leon Ave Ne","Dry","02:15:00","[""Unknown"",""Unknown""]","Clear",0,33.773637,-84.371007,"Atlanta","FULTON","[""Motor Vehicle in Motion"",""Motor Vehicle in Motion""]","Changed Lanes Improperly","[""Motor Vehicle in Motion"",""Motor Vehicle in Motion""]"
0,0,"Atlanta Police Department","2022-07-31","Marietta St Nw and Northside Dr Nw","(C) Possible Injury / Complaint","Dark-Lighted","On Roadway - Roadway Intersection","Head On","Northside Dr Nw","Dry","03:20:00","[""Unknown"",""Unknown""]","Clear",0,33.775857,-84.407012,"Atlanta","FULTON","[""Motor Vehicle in Motion"",""Motor Vehicle in Motion""]","[""Failure to Yield"",""Under the Influence (U.I.)""]","[""Motor Vehicle in Motion"",""Motor Vehicle in Motion""]"
0,0,"Atlanta Police Department","2022-07-31","None and I-75","(O) No Injury","Daylight","On Roadway - Non-Intersection","Rear End","I-75","Dry","13:34:00","[""Unknown"",""Unknown""]","Clear",0,33.764949,-84.384645,"Atlanta","FULTON","[""Motor Vehicle in Motion"",""Motor Vehicle in Motion""]","Following Too Close","Motor Vehicle in Motion"
0,0,"Atlanta Police Department","2022-07-31","None and 1St Ave Ne","(O) No Injury","Dark-Lighted","On Roadway - Roadway Intersection","Angle Crash","1St Ave Ne","Dry","21:11:00","[""Lap and Shoulder Belt Used"",""Lap and Shoulder Belt Used""]","Clear",0,33.751071,-84.311219,"Atlanta","DEKALB","[""Motor Vehicle in Motion"",""Motor Vehicle in Motion""]","Failure to Yield","[""Motor Vehicle in Motion"",""Motor Vehicle in Motion""]"
0,0,"Atlanta Police Department","2022-07-31","None and I-75","(O) No Injury","Dark-Lighted","On Roadway - Managed Lane (HOV, HOT, Reversible)","Rear End","I-75","Wet","00:10:00","[""Unknown"",""Lap and Shoulder Belt Used"",""Lap and Shoulder Belt Used"",""Lap and Shoulder Belt Used"",""Lap and Shoulder Belt Used""]","Clear",0,33.761532,-84.380654,"Atlanta","FULTON","[""Motor Vehicle in Motion"",""Motor Vehicle in Motion""]","Following Too Close","Motor Vehicle in Motion"
0,0,"Atlanta Police Department","2022-07-31","Boulevard Ne and Wabash Ave Ne","(C) Possible Injury / Complaint","Dark-Lighted","On Roadway - Driveway Intersection","Rear End","Boulevard Ne","Dry","19:00:00","[""None Used"",""Unknown""]","Clear",0,33.764894,-84.371943,"Atlanta","FULTON","[""Motor Vehicle in Motion"",""Motor Vehicle in Motion""]",,"[""Motor Vehicle in Motion"",""Motor Vehicle in Motion""]"
0,0,"Atlanta Police Department","2022-07-31","Huff Rd Nw and Fairmont Ave Nw","(O) No Injury","Dark-Lighted","On Roadway - Roadway Intersection","Angle Crash","Fairmont Ave Nw","Dry","22:42:00","[""Unknown"",""Unknown"",""Unknown"",""Unknown"",""Unknown""]","Clear",0,33.789565,-84.422129,"Atlanta","FULTON","[""Motor Vehicle in Motion"",""Motor Vehicle in Motion""]","Misjudged Clearance","[""Motor Vehicle in Motion"",""Motor Vehicle in Motion""]"
0,0,"Atlanta Police Department","2022-07-31","Magnolia St Nw and Joseph E Lowery Blvd Nw","(C) Possible Injury / Complaint","Dark-Lighted","On Roadway - Roadway Intersection","Rear End","Joseph E Lowery Blvd Nw","Wet","00:54:00","[""Unknown"",""Unknown"",""Unknown"",""Unknown""]","Rain",0,33.75808,-84.41754,"Atlanta","FULTON","[""Motor Vehicle in Motion"",""Motor Vehicle in Motion""]","Under the Influence (U.I.)","[""Motor Vehicle in Motion"",""Motor Vehicle in Motion""]"
0,0,"Atlanta Police Department","2022-07-31","Joseph Ave and Glenwood Ave Se","(O) No Injury","Dark-Lighted","On Roadway - Roadway Intersection","Angle Crash","Glenwood Ave Se","Dry","01:55:00","[""Unknown"",""Unknown""]","Clear",0,33.740172,-84.346885,"Atlanta","DEKALB","[""Motor Vehicle in Motion"",""Motor Vehicle in Motion""]","Failure to Yield","[""Motor Vehicle in Motion"",""Motor Vehicle in Motion""]"
0,0,"Atlanta Police Department","2022-07-31","Capitol Ave Se and Pollard Blvd Sw","(O) No Injury","Dark-Not Lighted","On Roadway - Roadway Intersection","Angle Crash","Pollard Blvd Sw","Dry","00:49:00","[""None Used"",""Lap and Shoulder Belt Used"",""Lap and Shoulder Belt Used"",""Lap and Shoulder Belt Used""]","Clear",0,33.74313,-84.387792,"Atlanta","FULTON","[""Motor Vehicle in Motion"",""Motor Vehicle in Motion""]","Changed Lanes Improperly","[""Motor Vehicle in Motion"",""Motor Vehicle in Motion""]"
0,0,"Atlanta Police Department","2022-07-31","None and Monroe Dr Ne","(O) No Injury","Daylight","On Roadway - Non-Intersection","Sideswipe-Same Direction","Monroe Dr Ne","Dry","18:30:00","[""Unknown"",""Unknown""]","Clear",0,33.810857,-84.36851,"Atlanta","FULTON","[""Motor Vehicle in Motion"",""Motor Vehicle in Motion""]","Changed Lanes Improperly","[""Motor Vehicle in Motion"",""Motor Vehicle in Motion""]"
0,0,"Atlanta Police Department","2022-07-31","None and I-285","(O) No Injury","Dark-Lighted","On Roadway - Non-Intersection","Angle Crash","I-285","Wet","00:15:00","[""Unknown"",""Unknown""]","Rain",0,33.693433,-84.499957,"Atlanta","FULTON","[""Motor Vehicle in Motion"",""Motor Vehicle in Motion""]","Changed Lanes Improperly","[""Motor Vehicle in Motion"",""Motor Vehicle in Motion""]"
0,0,"Atlanta Police Department","2022-07-31","Piedmont Rd Ne and Sidney Marcus Blvd Ne","(O) No Injury","Dark-Lighted","On Roadway - Driveway Intersection","Sideswipe-Same Direction","Piedmont Rd Ne","Dry","03:15:00","[""Lap and Shoulder Belt Used"",""Lap and Shoulder Belt Used""]","Clear",0,33.826161,-84.367128,"Atlanta","FULTON","[""Motor Vehicle in Motion"",""Motor Vehicle in Motion""]","Following Too Close","[""Motor Vehicle in Motion"",""Motor Vehicle in Motion""]"
0,0,"Atlanta Police Department","2022-07-31","Lee St Sw and White St Sw","(O) No Injury","Dusk","On Roadway - Roadway Intersection","Rear End","Lee St Sw","Dry","18:27:00","[""Unknown"",""Unknown"",""Unknown""]","Clear",0,33.729355,-84.415849,"Atlanta","FULTON","[""Motor Vehicle in Motion"",""Motor Vehicle in Motion""]","Following Too Close","[""Motor Vehicle in Motion"",""Motor Vehicle in Motion""]"
0,0,"Atlanta Police Department","2022-07-31","Gary Rd Nw and Baker Rd Nw","(O) No Injury","Daylight","On Roadway - Driveway Intersection","Angle Crash","Baker Rd Nw","Dry","16:30:00","[""Lap and Shoulder Belt Used"",""Lap and Shoulder Belt Used"",""Lap and Shoulder Belt Used"",""Lap and Shoulder Belt Used""]","Clear",0,33.770227,-84.460573,"Atlanta","FULTON","[""Motor Vehicle in Motion"",""Motor Vehicle in Motion"",""Parked Motor Vehicle""]","Too Fast for Conditions","[""Motor Vehicle in Motion"",""Motor Vehicle in Motion"",""Parked Motor Vehicle""]"
0,0,"Atlanta Police Department","2022-07-31","Avon Ave Sw and Willow Trl Sw","(O) No Injury","Dark-Not Lighted","Off Roadway","Not a Collision with Motor Vehicle","Avon Ave Sw","Wet","01:30:00","Lap and Shoulder Belt Used","Rain",0,33.722516,-84.44083,"Atlanta","FULTON","Tree",,"Tree"
0,0,"Atlanta Police Department","2022-07-31","White St Sw and Ralph David Abernathy Blvd Sw","(O) No Injury","Dark-Lighted","On Roadway - Non-Intersection","Not a Collision with Motor Vehicle","White St Sw","Dry","03:00:00","[""Lap and Shoulder Belt Used"",""Unknown""]","Clear",0,33.73876,-84.432294,"Atlanta","FULTON","[""Motor Vehicle in Motion"",""Motor Vehicle in Motion""]","Improper Passing","[""Other - Fixed Object"",""Motor Vehicle in Motion""]"
0,0,"Atlanta Police Department","2022-07-31","14Th St Nw and Howell Mill Rd Nw","(C) Possible Injury / Complaint","Dark-Lighted","On Roadway - Driveway Intersection","Rear End","14Th St Nw","Dry","21:00:00","Unknown","Clear",0,33.785649,-84.411662,"Atlanta","FULTON","[""Motor Vehicle in Motion"",""Motor Vehicle in Motion""]","Following Too Close","[""Motor Vehicle in Motion"",""Motor Vehicle in Motion""]"
3,0,"Atlanta Police Department","2022-07-31","Peachtree Rd Ne and Peachtree Ave Ne","(A) Suspected Serious Injury","Dark-Lighted","On Roadway - Non-Intersection","Rear End","Peachtree Rd Ne","Dry","02:28:00","[""Unknown"",""Unknown"",""Unknown"",""Unknown""]","Clear",0,33.835067,-84.382341,"Atlanta","FULTON","[""Motor Vehicle in Motion"",""Motor Vehicle in Motion"",""Motor Vehicle in Motion""]","[""Reckless Driving"",""Under the Influence (U.I.)"",""Following Too Close""]","[""Motor Vehicle in Motion"",""Motor Vehicle in Motion"",""Motor Vehicle in Motion""]"
0,0,"Atlanta Police Department","2022-07-31","None and I-75","(O) No Injury","Daylight","On Roadway - Non-Intersection","Sideswipe-Same Direction","I-75","Dry","18:58:00","[""Unknown"",""Unknown""]","Clear",0,33.749148,-84.383468,"Atlanta","FULTON","[""Motor Vehicle in Motion"",""Motor Vehicle in Motion""]","[""Changed Lanes Improperly"",""Changed Lanes Improperly""]","[""Motor Vehicle in Motion"",""Motor Vehicle in Motion""]"
0,0,"Atlanta Police Department","2022-07-31","I-85 S and Piedmont Rd Ne","(C) Possible Injury / Complaint","Daylight","Off Roadway","Rear End","Piedmont Rd Ne","Dry","16:58:00","[""Lap and Shoulder Belt Used"",""Lap and Shoulder Belt Used"",""Lap and Shoulder Belt Used""]","Clear",0,33.814155,-84.366619,"Atlanta","FULTON","[""Motor Vehicle in Motion"",""Motor Vehicle in Motion""]","Following Too Close","[""Motor Vehicle in Motion"",""Motor Vehicle in Motion""]"
0,0,"Atlanta Police Department","2022-07-31","None and I-85","(C) Possible Injury / Complaint","Dark-Lighted","On Roadway - Roadway Intersection","Rear End","I-85","Wet","02:00:00","[""Lap and Shoulder Belt Used"",""Lap and Shoulder Belt Used""]","Rain",0,33.82349,-84.354325,"Atlanta","FULTON","[""Motor Vehicle in Motion"",""Motor Vehicle in Motion""]","Following Too Close","[""Motor Vehicle in Motion"",""Motor Vehicle in Motion""]"
0,0,"Atlanta Police Department","2022-07-31","Gift Ave Se and Glenwood Ave Se","(O) No Injury","Dark-Lighted","Off Roadway","Not a Collision with Motor Vehicle","Gift Ave Se","Dry","22:46:00","Unknown","Clear",0,33.74013,-84.35318,"Atlanta","FULTON","Other Non-Collision","Driver Lost Control","Fire/Explosion"
0,0,"Atlanta Police Department","2022-07-31","Plymouth Rd Nw and Marietta Blvd Nw","(O) No Injury","Dark-Lighted","On Roadway - Non-Intersection","Angle Crash","Marietta Blvd Nw","Wet","05:45:00","[""Unknown"",""Unknown""]","Cloudy",0,33.805572,-84.437351,"Atlanta","FULTON","[""Motor Vehicle in Motion"",""Motor Vehicle in Motion""]","Changed Lanes Improperly","[""Motor Vehicle in Motion"",""Motor Vehicle in Motion""]"
0,0,"Atlanta Police Department","2022-07-31","I-75 and Ralph David Abernathy Blvd Sw","(O) No Injury","Dark-Lighted","On Roadway - Managed Lane (HOV, HOT, Reversible)","Sideswipe-Same Direction","I-75","Dry","01:20:00","[""Unknown"",""Unknown""]","Clear",0,33.736314,-84.391867,"Atlanta","FULTON","[""Motor Vehicle in Motion"",""Motor Vehicle in Motion""]",,"[""Motor Vehicle in Motion"",""Motor Vehicle in Motion""]"
0,0,"Atlanta Police Department","2022-07-31","Baker St Nw and Ted Turner Dr Nw","(C) Possible Injury / Complaint","Daylight","On Roadway - Roadway Intersection","Sideswipe-Same Direction","Baker St Nw","Dry","16:17:00","[""Unknown"",""Unknown"",""Unknown""]","Clear",0,33.762212,-84.389014,"Atlanta","FULTON","[""Motor Vehicle in Motion"",""Motor Vehicle in Motion""]",,"[""Motor Vehicle in Motion"",""Motor Vehicle in Motion""]"
0,0,"Atlanta Police Department","2022-07-31","Sewanee Ave Nw and Joseph E Boone Blvd Nw","(C) Possible Injury / Complaint","Dusk","On Roadway - Driveway Intersection","Rear End","Joseph E Boone Blvd Nw","Dry","19:00:00","[""Lap and Shoulder Belt Used"",""Lap and Shoulder Belt Used"",""Lap and Shoulder Belt Used"",""Child Restraint System (Properly Used)"",""Lap and Shoulder Belt Used"",""Child Restraint System (Properly Used)""]","Clear",0,33.763617,-84.465436,"Atlanta","FULTON","[""Motor Vehicle in Motion"",""Motor Vehicle in Motion""]","Following Too Close","[""Motor Vehicle in Motion"",""Motor Vehicle in Motion""]"
0,0,"Atlanta Police Department","2022-07-31","14Th St Nw and Hemphill Ave Nw","(O) No Injury","Daylight","On Roadway - Roadway Intersection","Rear End","Hemphill Ave Nw","Dry","17:45:00","[""Lap and Shoulder Belt Used"",""Lap and Shoulder Belt Used""]","Clear",0,33.786226,-84.406976,"Atlanta","FULTON","[""Motor Vehicle in Motion"",""Motor Vehicle in Motion""]","Following Too Close","[""Motor Vehicle in Motion"",""Motor Vehicle in Motion""]"
0,1,"Atlanta Police Department","2022-07-31","None and I-285","(B) Suspected Minor/Visible Injury","Daylight","On Roadway - Non-Intersection","Rear End","I-285","Dry","18:06:00","[""Lap and Shoulder Belt Used"",""Lap and Shoulder Belt Used"",""Lap and Shoulder Belt Used"",""Lap and Shoulder Belt Used""]","Clear",0,33.76865,-84.494963,"Atlanta","FULTON","[""Motor Vehicle in Motion"",""Motor Vehicle in Motion""]","Following Too Close","[""Motor Vehicle in Motion"",""Motor Vehicle in Motion""]"
0,0,"Atlanta Police Department","2022-07-31","Claire Dr Se and Lakewood Ave Se","(O) No Injury","Dark-Lighted","On Roadway - Roadway Intersection","Angle Crash","Lakewood Ave Se","Dry","03:10:00","[""Lap and Shoulder Belt Used"",""Lap and Shoulder Belt Used""]","Clear",0,33.705073,-84.380338,"Atlanta","FULTON","[""Motor Vehicle in Motion"",""Motor Vehicle in Motion""]","Disregard Other Traffic Control","[""Motor Vehicle in Motion"",""Motor Vehicle in Motion""]"
0,0,"Atlanta Police Department","2022-07-31","Bellview Ave Nw and Donald Lee Hollowell Pkwy Nw","(O) No Injury","Daylight","On Roadway - Roadway Intersection","Sideswipe-Same Direction","Donald Lee Hollowell Pkwy Nw","Dry","14:41:00","[""Lap and Shoulder Belt Used"",""Lap and Shoulder Belt Used""]","Clear",0,33.775398,-84.47167,"Atlanta","FULTON","[""Motor Vehicle in Motion"",""Motor Vehicle in Motion""]",,"[""Motor Vehicle in Motion"",""Motor Vehicle in Motion""]"
0,3,"Atlanta Police Department","2022-07-31","I-75 and North Ave Nw","(B) Suspected Minor/Visible Injury","Dusk","On Roadway - Non-Intersection","Rear End","I-75","Dry","19:30:00","[""Lap and Shoulder Belt Used"",""Lap and Shoulder Belt Used"",""Child Restraint System (Properly Used)"",""Booster Seat (Properly Used)"",""Lap and Shoulder Belt Used""]","Clear",0,33.770788,-84.390498,"Atlanta","FULTON","[""Motor Vehicle in Motion"",""Motor Vehicle in Motion"",""Motor Vehicle in Motion""]","Following Too Close","[""Motor Vehicle in Motion"",""Motor Vehicle in Motion"",""Motor Vehicle in Motion""]"
1,0,"Atlanta Police Department","2022-07-31","I-75 N and 10Th St Nw","(A) Suspected Serious Injury","Dark-Lighted","On Roadway - Non-Intersection","Sideswipe-Same Direction","10Th St Nw","Dry","03:20:00","[""Lap and Shoulder Belt Used"",""Lap and Shoulder Belt Used""]","Clear",0,33.781032,-84.390852,"Atlanta","FULTON","[""Motor Vehicle in Motion"",""Motor Vehicle in Motion""]","Following Too Close","[""Motor Vehicle in Motion"",""Motor Vehicle in Motion""]"
0,0,"Atlanta Police Department","2022-07-31","Hunnicutt St Nw and Centennial Olympic Park Dr Nw","(O) No Injury","Dark-Lighted","On Roadway - Roadway Intersection","Angle Crash","Hunnicutt St Nw","Dry","00:50:00","[""Lap and Shoulder Belt Used"",""Lap and Shoulder Belt Used""]","Clear",0,33.766614,-84.391898,"Atlanta","FULTON","[""Motor Vehicle in Motion"",""Parked Motor Vehicle""]","Changed Lanes Improperly","[""Motor Vehicle in Motion"",""Parked Motor Vehicle""]"
0,0,"Atlanta Police Department","2022-07-31","None and I-75","(O) No Injury","Daylight","On Roadway - Non-Intersection","Rear End","I-75","Wet","07:00:00","[""Lap and Shoulder Belt Used"",""Lap and Shoulder Belt Used"",""Lap and Shoulder Belt Used"",""Lap and Shoulder Belt Used"",""Lap and Shoulder Belt Used"",""Lap and Shoulder Belt Used""]","Cloudy",0,33.810591,-84.419307,"Atlanta","FULTON","[""Motor Vehicle in Motion"",""Motor Vehicle in Motion""]","Changed Lanes Improperly","[""Motor Vehicle in Motion"",""Motor Vehicle in Motion""]"
0,0,"Atlanta Police Department","2022-07-31","Dekalb Ave Ne and Brooks Ave Ne","(O) No Injury","Dark-Lighted","On Roadway - Roadway Intersection","Angle Crash","Brooks Ave Ne","Dry","20:00:00","[""Unknown"",""Lap and Shoulder Belt Used""]","Clear",0,33.762411,-84.334101,"Atlanta","DEKALB","[""Motor Vehicle in Motion"",""Motor Vehicle in Motion""]","Failure to Yield","[""Motor Vehicle in Motion"",""Motor Vehicle in Motion""]"
0,0,"Atlanta Police Department","2022-07-31","Joseph E Lowery Blvd Nw and Donald Lee Hollowell Pkwy Nw","(O) No Injury","Dark-Lighted","On Roadway - Roadway Intersection","Rear End","Joseph E Lowery Blvd Nw","Dry","20:40:00","[""Unknown"",""Unknown""]","Cloudy",0,33.773042,-84.417346,"Atlanta","FULTON","[""Motor Vehicle in Motion"",""Motor Vehicle in Motion""]","Following Too Close","[""Motor Vehicle in Motion"",""Motor Vehicle in Motion""]"
0,0,"Atlanta Police Department","2022-07-31","248A and I-75","(O) No Injury","Daylight","On Roadway - Non-Intersection","Angle Crash","I-75","Dry","18:50:00","[""Unknown"",""Unknown"",""Unknown"",""Unknown""]","Clear",0,33.746543,-84.388263,"Atlanta","FULTON","[""Motor Vehicle in Motion"",""Motor Vehicle in Motion"",""Motor Vehicle in Motion"",""Motor Vehicle in Motion""]","Changed Lanes Improperly","[""Motor Vehicle in Motion"",""Motor Vehicle in Motion"",""Motor Vehicle in Motion"",""Motor Vehicle in Motion""]"
0,0,"Atlanta Police Department","2022-07-31","None and Caroline St Ne","(O) No Injury","Daylight","On Roadway - Non-Intersection","Sideswipe-Same Direction","Caroline St Ne","Dry","12:00:00","Lap and Shoulder Belt Used","Clear",0,33.758457,-84.348138,"Atlanta","DEKALB","[""Motor Vehicle in Motion"",""Motor Vehicle in Motion""]",,"Motor Vehicle in Motion"
0,1,"Atlanta Police Department","2022-07-31","Mitchell St Sw and Northside Dr Sw","(B) Suspected Minor/Visible Injury","Dark-Lighted","On Roadway - Roadway Intersection","Angle Crash","Northside Dr Sw","Dry","21:24:00","[""None Used"",""Lap and Shoulder Belt Used"",""Lap and Shoulder Belt Used"",""Lap and Shoulder Belt Used"",""Lap and Shoulder Belt Used"",""Lap and Shoulder Belt Used""]","Clear",0,33.753874,-84.402811,"Atlanta","FULTON","[""Motor Vehicle in Motion"",""Motor Vehicle in Motion""]","Disregard Stop Sign/Signal","[""Motor Vehicle in Motion"",""Motor Vehicle in Motion""]"
0,0,"Atlanta Police Department","2022-07-31","None and I-75","(C) Possible Injury / Complaint","Dark-Lighted","On Roadway - Non-Intersection","Rear End","I-75","Water (standing or moving)","00:42:00","[""Unknown"",""Unknown"",""Unknown"",""Unknown""]","Clear",0,33.796865,-84.393356,"Atlanta","FULTON","[""Motor Vehicle in Motion"",""Motor Vehicle in Motion""]","Following Too Close","[""Motor Vehicle in Motion"",""Motor Vehicle in Motion""]"
0,0,"Atlanta Police Department","2022-07-31","Carnegie Way Nw and Ted Turner Dr Nw","(O) No Injury","Daylight","On Roadway - Roadway Intersection","Angle Crash","Carnegie Way Nw","Dry","16:30:00","[""Unknown"",""Unknown""]","Clear",0,33.759135,-84.389308,"Atlanta","FULTON","[""Motor Vehicle in Motion"",""Motor Vehicle in Motion""]",,"[""Motor Vehicle in Motion"",""Motor Vehicle in Motion""]"
0,0,"Atlanta Police Department","2022-07-31","None and I-20","(C) Possible Injury / Complaint","Daylight","On Roadway - Roadway Intersection","Rear End","I-20","Dry","12:00:00","[""Unknown"",""Unknown""]","Clear",0,33.740153,-84.32855,"Atlanta","DEKALB","[""Motor Vehicle in Motion"",""Motor Vehicle in Motion""]","Following Too Close","[""Motor Vehicle in Motion"",""Motor Vehicle in Motion""]"
0,0,"Atlanta Police Department","2022-07-31","26Th St Nw and Peachtree St Ne","(C) Possible Injury / Complaint","Dark-Not Lighted","On Roadway - Non-Intersection","Sideswipe-Same Direction","Peachtree St Ne","Dry","03:34:00","[""Unknown"",""Unknown"",""Unknown""]","Clear",0,33.802704,-84.392904,"Atlanta","FULTON","[""Motor Vehicle in Motion"",""Parked Motor Vehicle""]","Improper Passing","[""Motor Vehicle in Motion"",""Parked Motor Vehicle""]"
0,0,"Atlanta Police Department","2022-07-31","Boulevard Ne and Edgewood Ave Se","(O) No Injury","Daylight","On Roadway - Roadway Intersection","Angle Crash","Edgewood Ave Se","Dry","10:48:00","[""None Used"",""Unknown""]","Clear",0,33.75431,-84.372544,"Atlanta","FULTON","[""Motor Vehicle in Motion"",""Motor Vehicle in Motion""]","[""Failure to Yield"",""Failure to Yield""]","[""Motor Vehicle in Motion"",""Motor Vehicle in Motion""]"
0,0,"Atlanta Police Department","2022-07-31","Ga-13 N and Peachtree St Ne","(O) No Injury","Dark-Lighted","On Roadway - Non-Intersection","Sideswipe-Same Direction","Peachtree St Ne","Wet","01:00:00","[""Unknown"",""Lap and Shoulder Belt Used""]","Clear",0,33.798916,-84.391668,"Atlanta","FULTON","[""Motor Vehicle in Motion"",""Motor Vehicle in Motion""]","Changed Lanes Improperly","Motor Vehicle in Motion"
0,0,"Atlanta Police Department","2022-07-31","None and I-285","(O) No Injury","Daylight","On Shoulder","Rear End","I-285","Dry","20:47:00","Lap and Shoulder Belt Used","Clear",0,33.768969,-84.495059,"Atlanta","FULTON","[""Parked Motor Vehicle"",""Motor Vehicle in Motion""]","Texting (Distracted)","[""Parked Motor Vehicle"",""Motor Vehicle in Motion""]"
0,0,"Atlanta Police Department","2022-07-31","None and I-20","(C) Possible Injury / Complaint","Dark-Lighted","On Roadway - Non-Intersection","Rear End","I-20","Wet","04:17:00","[""Lap Belt Only Used"",""Lap and Shoulder Belt Used"",""Lap and Shoulder Belt Used""]","Cloudy",0,33.741842,-84.420781,"Atlanta","FULTON","[""Motor Vehicle in Motion"",""Motor Vehicle in Motion""]","Following Too Close","[""Motor Vehicle in Motion"",""Motor Vehicle in Motion""]"
0,0,"Gsp Post 00","2022-07-31","Ga 400 and Lenox Road","(O) No Injury","Dark-Lighted","On Roadway - Non-Intersection","Angle Crash","Lenox Road","Dry","21:13:00","[""Lap and Shoulder Belt Used"",""Child Restraint System (Properly Used)"",""Lap and Shoulder Belt Used"",""Lap and Shoulder Belt Used""]","Clear",0,33.791485,-84.392,"Atlanta","FULTON","[""Motor Vehicle in Motion"",""Motor Vehicle in Motion""]","[""Disregard Police - Evasion"",""Reckless Driving""]","[""Motor Vehicle in Motion"",""Motor Vehicle in Motion""]"
0,0,"Atlanta Police Department","2022-07-31","None and I-75S I85S On Ramp Nw Rp","(C) Possible Injury / Complaint","Dark-Lighted","On Roadway - Non-Intersection","Rear End","I-75S I85S On Ramp Nw Rp","Dry","00:00:00","[""Lap and Shoulder Belt Used"",""Lap and Shoulder Belt Used"",""Lap and Shoulder Belt Used""]","Clear",0,33.781273,-84.390852,"Atlanta","FULTON","[""Motor Vehicle in Motion"",""Motor Vehicle in Motion""]","Following Too Close","[""Motor Vehicle in Motion"",""Motor Vehicle in Motion""]"
0,0,"Atlanta Police Department","2022-07-31","I-85 and I-85 S","(C) Possible Injury / Complaint","Dark-Lighted","On Roadway - Roadway Intersection","Angle Crash","I-85","Wet","02:00:00","[""Unknown"",""Lap and Shoulder Belt Used"",""Lap and Shoulder Belt Used"",""Lap and Shoulder Belt Used""]","Rain",0,33.823791,-84.352551,"Atlanta","FULTON","[""Motor Vehicle in Motion"",""Motor Vehicle in Motion""]","Changed Lanes Improperly","[""Motor Vehicle in Motion"",""Motor Vehicle in Motion""]"