"# Serious Injuries","# Visible Injuries","Agency Name (Crash Level) ","Date","Intersection Name (from Crash Report)","KABCO Severity","Light Conditions (Crash Level)","Location at Impact (Crash Level) ","Manner of Collision (Crash Level) ","Roadway (From Crash Report)","Surface Condition (Crash Level) ","Time","Safety Equipment (Crash Level) ","Weather Conditions (Crash Level)","# of Fatalities per Crash","Latitude","Longitude","Geolocated City","Geolocated County","First Harmful Event (Unit Order)","Operator/Pedestrian Contrib Factor (excl None, Other, No Contrib Factors)","Most Harmful Event (Crash Level)"
0,0,"Atlanta Police Department","2022-08-05","None and I-75","(O) No Injury","Dark-Lighted","Off Roadway","Not a Collision with Motor Vehicle","I-75","Dry","05:00:00","Unknown","Clear",0,33.800709,-84.398818,"Atlanta","FULTON","Other Non-Collision","Driver Lost Control","Utility Pole"
0,0,"Atlanta Police Department","2022-08-05","Marietta St Nw and Ivan Allen Jr Blvd Nw","(O) No Injury","Daylight","On Roadway - Non-Intersection","Sideswipe-Same Direction","Ivan Allen Jr Blvd Nw","Dry","10:45:00","None Used","Clear",0,33.764254,-84.397254,"Atlanta","FULTON","[""Motor Vehicle in Motion"",""Parked Motor Vehicle""]","Inattentive or Other Distraction (Distracted)","[""Motor Vehicle in Motion"",""Parked Motor Vehicle""]"
0,0,"Atlanta Police Department","2022-08-05","North Ave Nw and Northside Dr Nw","(O) No Injury","Dark-Lighted","On Roadway - Roadway Intersection","Angle Crash","Northside Dr Nw","Water (standing or moving)","20:00:00","[""Unknown"",""Unknown""]","Clear",0,33.769716,-84.404702,"Atlanta","FULTON","[""Motor Vehicle in Motion"",""Motor Vehicle in Motion""]","Failure to Yield","[""Motor Vehicle in Motion"",""Motor Vehicle in Motion""]"
0,0,"Atlanta Police Department","2022-08-05","Deckner Ave Sw and Metropolitan Pkwy Sw","(O) No Injury","Daylight","On Roadway - Roadway Intersection","Angle Crash","Metropolitan Pkwy Sw","Wet","17:00:00","[""Unknown"",""Unknown""]","Rain",0,33.714294,-84.40792,"Atlanta","FULTON","[""Motor Vehicle in Motion"",""Motor Vehicle in Motion""]",,"[""Motor Vehicle in Motion"",""Motor Vehicle in Motion""]"
0,0,"Atlanta Police Department","2022-08-05","Memorial Dr Se and Moreland Ave Se","(O) No Injury","Daylight","On Roadway - Non-Intersection","Angle Crash","Moreland Ave Se","Dry","20:00:00","[""Unknown"",""Unknown""]","Clear",0,33.747718,-84.349216,"Atlanta","FULTON","[""Motor Vehicle in Motion"",""Motor Vehicle in Motion""]","[""Misjudged Clearance"",""Misjudged Clearance""]","[""Motor Vehicle in Motion"",""Motor Vehicle in Motion""]"
0,0,"Gsp Post 00","2022-08-05","I-75Sb and Northside Dr","(O) No Injury","Daylight","On Roadway - Non-Intersection","Rear End","I-75Sb","Dry","17:10:00","[""Lap and Shoulder Belt Used"",""Lap and Shoulder Belt Used""]","Cloudy",0,33.798708,-84.396284,"Atlanta","FULTON","[""Motor Vehicle in Motion"",""Motor Vehicle in Motion""]","Following Too Close","[""Motor Vehicle in Motion"",""Motor Vehicle in Motion""]"
0,0,"Atlanta Police Department","2022-08-05","3Rd St Ne and Juniper St Ne","(O) No Injury","Daylight","On Roadway - Managed Lane (HOV, HOT, Reversible)","Angle Crash","Juniper St Ne","Dry","15:20:00","[""Unknown"",""Unknown"",""Unknown""]","Clear",0,33.773262,-84.383223,"Atlanta","FULTON","[""Motor Vehicle in Motion"",""Motor Vehicle in Motion""]","Failure to Yield","[""Motor Vehicle in Motion"",""Motor Vehicle in Motion""]"
0,0,"Atlanta Police Department","2022-08-05","14Th St Nw and Techwood Dr Nw","(O) No Injury","Daylight","On Roadway - Roadway Intersection","Angle Crash","14Th St Nw","Dry","19:16:00","[""Unknown"",""Unknown""]","Clear",0,33.786704,-84.391705,"Atlanta","FULTON","[""Motor Vehicle in Motion"",""Motor Vehicle in Motion""]",,"[""Motor Vehicle in Motion"",""Motor Vehicle in Motion""]"
0,0,"Atlanta Police Department","2022-08-05","Lee St Sw and Arlington Ave Sw","(O) No Injury","Daylight","On Roadway - Roadway Intersection","Angle Crash","Arlington Ave Sw","Dry","13:41:00","[""Unknown"",""Unknown""]","Clear",0,33.722641,-84.422712,"Atlanta","FULTON","[""Motor Vehicle in Motion"",""Motor Vehicle in Motion""]","Failure to Yield","[""Motor Vehicle in Motion"",""Motor Vehicle in Motion""]"
0,0,"Gsp Post 00","2022-08-05","Mt Paran and I-75 Southbound","(O) No Injury","Daylight","On Shoulder","Not a Collision with Motor Vehicle","I-75 Southbound","Wet","17:49:00","[""Lap and Shoulder Belt Used"",""Lap and Shoulder Belt Used""]","Rain",0,33.872292,-84.444735,"Atlanta","FULTON","Other Non-Collision","[""Too Fast for Conditions"",""Reaction to Object or Animal""]","Median Barrier"
0,0,"Atlanta Police Department","2022-08-05","Northside Dr Nw and Martin Luther King Jr Dr Nw","(C) Possible Injury / Complaint","Daylight","On Roadway - Roadway Intersection","Angle Crash","Martin Luther King Jr Dr Nw","Wet","18:30:00","[""Lap and Shoulder Belt Used"",""Lap and Shoulder Belt Used"",""Lap and Shoulder Belt Used""]","Rain",0,33.754592,-84.402787,"Atlanta","FULTON","[""Motor Vehicle in Motion"",""Motor Vehicle in Motion""]","Disregard Police - Traffic Control","[""Motor Vehicle in Motion"",""Motor Vehicle in Motion""]"
0,0,"Atlanta Police Department","2022-08-05","Exit 252B and Howell Mill Rd Nw","(O) No Injury","Daylight","On Roadway - Non-Intersection","Angle Crash","Howell Mill Rd Nw","Dry","10:30:00","[""Lap and Shoulder Belt Used"",""Lap and Shoulder Belt Used"",""Child Restraint System (Properly Used)""]","Cloudy",0,33.806187,-84.412924,"Atlanta","FULTON","[""Motor Vehicle in Motion"",""Motor Vehicle in Motion""]","Changed Lanes Improperly","[""Motor Vehicle in Motion"",""Motor Vehicle in Motion""]"
0,0,"Gsp Post 00","2022-08-05","Broad Street and Marietta Street","(O) No Injury","Dark-Lighted","On Roadway - Roadway Intersection","Angle Crash","Marietta Street","Dry","22:32:00","[""Unknown"",""Lap and Shoulder Belt Used""]","Clear",0,33.754871,-84.390586,"Atlanta","FULTON","[""Motor Vehicle in Motion"",""Motor Vehicle in Motion""]","[""Disregard Police - Evasion"",""Reckless Driving""]","[""Motor Vehicle in Motion"",""Motor Vehicle in Motion""]"
0,0,"Gsp Post 00","2022-08-05","Ga-166 and I-75 S","(O) No Injury","Daylight","On Roadway - Non-Intersection","Sideswipe-Same Direction","I-75 S","Dry","07:30:00","[""Lap and Shoulder Belt Used"",""Lap and Shoulder Belt Used"",""Lap and Shoulder Belt Used"",""Lap and Shoulder Belt Used"",""Lap and Shoulder Belt Used""]","Clear",0,33.696998,-84.404712,"Atlanta","FULTON","[""Motor Vehicle in Motion"",""Motor Vehicle in Motion""]",,"[""Motor Vehicle in Motion"",""Motor Vehicle in Motion""]"
0,0,"Atlanta Police Department","2022-08-05","Spring St Nw and Baltimore Pl Nw","(O) No Injury","Daylight","On Roadway - Non-Intersection","Sideswipe-Opposite Direction","Spring St Nw","Dry","17:30:00","[""Unknown"",""Unknown""]","Other",0,33.768345,-84.387488,"Atlanta","FULTON","[""Motor Vehicle in Motion"",""Motor Vehicle in Motion""]","Vision Obscured","[""Motor Vehicle in Motion"",""Motor Vehicle in Motion""]"
0,0,"Atlanta Police Department","2022-08-05","Bolton Rd Nw and Fairburn Rd Nw","(O) No Injury","Daylight","On Roadway - Roadway Intersection","Head On","Bolton Rd Nw","Dry","18:54:00","[""Lap and Shoulder Belt Used"",""Lap and Shoulder Belt Used""]","Cloudy",0,33.778577,-84.500023,"Atlanta","FULTON","[""Motor Vehicle in Motion"",""Motor Vehicle in Motion""]","Failure to Yield","[""Motor Vehicle in Motion"",""Motor Vehicle in Motion""]"
0,0,"Atlanta Police Department","2022-08-05","Jonesboro Rd Se and Mcwilliams Rd Se","(O) No Injury","Daylight","On Roadway - Non-Intersection","Sideswipe-Same Direction","Jonesboro Rd Se","Dry","08:30:00","[""Unknown"",""Unknown""]","Clear",0,33.688719,-84.364015,"Atlanta","FULTON","[""Motor Vehicle in Motion"",""Motor Vehicle in Motion""]",,"[""Motor Vehicle in Motion"",""Motor Vehicle in Motion""]"
0,0,"Atlanta Police Department","2022-08-05","Joseph E Lowery Blvd Nw and Donald Lee Hollowell Pkwy Nw","(O) No Injury","Daylight","On Roadway - Roadway Intersection","Angle Crash","Donald Lee Hollowell Pkwy Nw","Water (standing or moving)","17:30:00","[""Unknown"",""Unknown"",""Unknown""]","Clear",0,33.773045,-84.417506,"Atlanta","FULTON","[""Motor Vehicle in Motion"",""Motor Vehicle in Motion""]","Failure to Yield","[""Motor Vehicle in Motion"",""Motor Vehicle in Motion""]"
0,0,"Atlanta Police Department","2022-08-05","Sanders Ave Se and Moreland Ave Se","(O) No Injury","Daylight","On Roadway - Non-Intersection","Angle Crash","Moreland Ave Se","Dry","10:25:00","[""Unknown"",""Lap and Shoulder Belt Used""]","Clear",0,33.742169,-84.349248,"Atlanta","FULTON","[""Motor Vehicle in Motion"",""Motor Vehicle in Motion""]","[""Under the Influence (U.I.)"",""Aggressive Driving"",""Failure to Yield""]","[""Motor Vehicle in Motion"",""Motor Vehicle in Motion""]"
0,0,"Atlanta Police Department","2022-08-05","Chapel St Sw and Northside Dr Sw","(O) No Injury","Dark-Lighted","On Roadway - Non-Intersection","Rear End","Northside Dr Sw","Dry","22:30:00","[""Unknown"",""Unknown""]","Clear",0,33.750965,-84.403149,"Atlanta","FULTON","[""Motor Vehicle in Motion"",""Motor Vehicle in Motion""]","Following Too Close","[""Motor Vehicle in Motion"",""Motor Vehicle in Motion""]"
0,0,"Atlanta Police Department","2022-08-05","None and I-75","(O) No Injury","Dark-Lighted","On Roadway - Non-Intersection","Sideswipe-Same Direction","I-75","Dry","22:30:00","[""Unknown"",""Unknown"",""Unknown"",""Unknown"",""Unknown"",""Unknown""]","Clear",0,33.775843,-84.390785,"Atlanta","FULTON","[""Motor Vehicle in Motion"",""Motor Vehicle in Motion""]",,"[""Motor Vehicle in Motion"",""Motor Vehicle in Motion""]"
0,0,"Atlanta Police Department","2022-08-05","W Peachtree St Ne and Arts Center Way Ne","(C) Possible Injury / Complaint","Daylight","On Roadway - Non-Intersection","Sideswipe-Same Direction","W Peachtree St Ne","Dry","16:58:00","[""Unknown"",""Unknown""]","Clear",0,33.791021,-84.387774,"Atlanta","FULTON","[""Motor Vehicle in Motion"",""Motor Vehicle in Motion""]","Changed Lanes Improperly","[""Motor Vehicle in Motion"",""Motor Vehicle in Motion""]"
0,0,"Atlanta Police Department","2022-08-05","Williams St Nw and Ted Turner Dr Nw","(O) No Injury","Daylight","On Roadway - Roadway Intersection","Angle Crash","Ted Turner Dr Nw","Water (standing or moving)","18:45:00","[""Unknown"",""Unknown"",""Unknown"",""Unknown""]","Clear",0,33.758829,-84.39006,"Atlanta","FULTON","[""Motor Vehicle in Motion"",""Motor Vehicle in Motion""]","Failure to Yield","[""Motor Vehicle in Motion"",""Motor Vehicle in Motion""]"
0,0,"Atlanta Police Department","2022-08-05","North Ave Nw and W Peachtree St Nw","(O) No Injury","Daylight","On Roadway - Roadway Intersection","Angle Crash","W Peachtree St Nw","Dry","11:10:00","[""Unknown"",""Unknown""]","Clear",0,33.771267,-84.387435,"Atlanta","FULTON","[""Motor Vehicle in Motion"",""Motor Vehicle in Motion""]","Improper Turn","[""Motor Vehicle in Motion"",""Motor Vehicle in Motion""]"
0,0,"Gsp Post 00","2022-08-05","Fair Drive and I-7585 Norhtbound","(C) Possible Injury / Complaint","Daylight","On Roadway - Non-Intersection","Rear End","I-7585 Norhtbound","Dry","13:00:00","[""Unknown"",""Lap and Shoulder Belt Used"",""Lap and Shoulder Belt Used""]","Cloudy",0,33.705964,-84.40342,"Atlanta","FULTON","[""Motor Vehicle in Motion"",""Motor Vehicle in Motion"",""Motor Vehicle in Motion""]","Following Too Close","[""Motor Vehicle in Motion"",""Motor Vehicle in Motion"",""Motor Vehicle in Motion""]"
0,0,"Gsp Post 00","2022-08-05","Burton Rd and I-20 Eb Exit Ramp To H E Holme","(O) No Injury","Daylight","Entrance/Exit Ramp","Head On","I-20 Eb Exit Ramp To H E Holme","Dry","16:13:00","[""Lap and Shoulder Belt Used"",""Lap and Shoulder Belt Used""]","Cloudy",0,33.756265,-84.470097,"Atlanta","FULTON","[""Motor Vehicle in Motion"",""Motor Vehicle in Motion""]","Improper Backing","[""Motor Vehicle in Motion"",""Motor Vehicle in Motion""]"
0,0,"Gsp Post 00","2022-08-05","I-7585 S and Courtland St","(O) No Injury","Daylight","On Roadway - Non-Intersection","Rear End","I-7585 S","Dry","10:20:00","[""Lap and Shoulder Belt Used"",""Lap and Shoulder Belt Used""]","Clear",0,33.763516,-84.38361,"Atlanta","FULTON","[""Motor Vehicle in Motion"",""Motor Vehicle in Motion""]","Following Too Close","[""Motor Vehicle in Motion"",""Motor Vehicle in Motion""]"
0,0,"Atlanta Police Department","2022-08-05","Rosedale Dr Ne and N Highland Ave Ne","(O) No Injury","Daylight","On Roadway - Non-Intersection","Rear End","N Highland Ave Ne","Wet","18:04:00","[""Unknown"",""Unknown"",""Unknown""]","Cloudy",0,33.780014,-84.353446,"Atlanta","FULTON","[""Motor Vehicle in Motion"",""Motor Vehicle in Motion""]","Too Fast for Conditions","[""Motor Vehicle in Motion"",""Motor Vehicle in Motion""]"
0,0,"Gsp Post 00","2022-08-05","I-20 West and Martin Luther King Junior Driv","(C) Possible Injury / Complaint","Daylight","On Roadway - Non-Intersection","Rear End","I-20 West","Wet","18:40:00","[""Lap and Shoulder Belt Used"",""Lap and Shoulder Belt Used"",""Lap and Shoulder Belt Used"",""Lap and Shoulder Belt Used""]","Cloudy",0,33.747143,-84.437237,"Atlanta","FULTON","[""Motor Vehicle in Motion"",""Motor Vehicle in Motion""]","Following Too Close","[""Motor Vehicle in Motion"",""Guard Rail Fence""]"
0,0,"Gsp Post 00","2022-08-05","Edgewood and I-7585 Nb","(O) No Injury","Daylight","On Roadway - Non-Intersection","Sideswipe-Same Direction","I-7585 Nb","Dry","10:24:00","[""Lap and Shoulder Belt Used"",""Lap and Shoulder Belt Used""]","Clear",0,33.751077,-84.380532,"Atlanta","FULTON","[""Motor Vehicle in Motion"",""Motor Vehicle in Motion""]",,"[""Motor Vehicle in Motion"",""Motor Vehicle in Motion""]"
0,0,"Atlanta Police Department","2022-08-05","Miami Cir Ne and Piedmont Rd Ne","(C) Possible Injury / Complaint","Dark-Lighted","On Roadway - Driveway Intersection","Rear End","Piedmont Rd Ne","Dry","23:00:00","[""Unknown"",""Lap and Shoulder Belt Used"",""Lap and Shoulder Belt Used"",""Lap and Shoulder Belt Used""]","Clear",0,33.828244,-84.367365,"Atlanta","FULTON","[""Motor Vehicle in Motion"",""Motor Vehicle in Motion"",""Motor Vehicle in Motion""]","Aggressive Driving","[""Motor Vehicle in Motion"",""Motor Vehicle in Motion""]"
0,0,"Atlanta Police Department","2022-08-05","Kimberly Rd Sw and Campbellton Rd Sw","(O) No Injury","Daylight","On Roadway - Roadway Intersection","Rear End","Campbellton Rd Sw","Dry","12:30:00","[""Lap and Shoulder Belt Used"",""Lap and Shoulder Belt Used""]","Clear",0,33.695273,-84.524165,"Atlanta","FULTON","[""Motor Vehicle in Motion"",""Motor Vehicle in Motion""]","Following Too Close","[""Motor Vehicle in Motion"",""Motor Vehicle in Motion""]"
0,0,"Atlanta Police Department","2022-08-05","Pryor Rd Sw and University Ave Sw","(O) No Injury","Dawn","On Roadway - Roadway Intersection","Sideswipe-Same Direction","Pryor Rd Sw","Dry","19:00:00","[""Lap and Shoulder Belt Used"",""Lap and Shoulder Belt Used""]","Cloudy",0,33.721944,-84.393365,"Atlanta","FULTON","[""Motor Vehicle in Motion"",""Motor Vehicle in Motion""]","Changed Lanes Improperly","[""Motor Vehicle in Motion"",""Motor Vehicle in Motion""]"
0,0,"Atlanta Police Department","2022-08-05","Piedmont Rd Ne and Habersham Rd Ne","(O) No Injury","Daylight","On Roadway - Roadway Intersection","Rear End","Piedmont Rd Ne","Wet","17:57:00","[""Unknown"",""Unknown"",""Unknown"",""Unknown"",""Unknown""]","Rain",0,33.853339,-84.381598,"Atlanta","FULTON","[""Motor Vehicle in Motion"",""Motor Vehicle in Motion""]","Following Too Close","[""Motor Vehicle in Motion"",""Motor Vehicle in Motion""]"
0,0,"Atlanta Police Department","2022-08-05","Lenox Rd Ne and Buford Hwy Ne","(O) No Injury","Dark-Lighted","On Roadway - Roadway Intersection","Rear End","Buford Hwy Ne","Dry","03:10:00","[""Lap and Shoulder Belt Used"",""Lap and Shoulder Belt Used""]","Clear",0,33.825546,-84.352844,"Atlanta","FULTON","[""Motor Vehicle in Motion"",""Motor Vehicle in Motion""]","Following Too Close","[""Motor Vehicle in Motion"",""Motor Vehicle in Motion""]"
0,0,"Atlanta Police Department","2022-08-05","Euhrlee St Sw and Atlanta Student Movement Blvd Sw","(O) No Injury","Dark-Lighted","On Roadway - Non-Intersection","Rear End","Atlanta Student Movement Blvd Sw","Dry","23:54:00","[""Lap and Shoulder Belt Used"",""Lap and Shoulder Belt Used"",""Lap and Shoulder Belt Used"",""Lap and Shoulder Belt Used"",""Lap and Shoulder Belt Used""]","Clear",0,33.749224,-84.416304,"Atlanta","FULTON","[""Motor Vehicle in Motion"",""Motor Vehicle in Motion""]","Following Too Close","[""Motor Vehicle in Motion"",""Motor Vehicle in Motion""]"
0,0,"Gsp Post 00","2022-08-05","I-85 Sb and Lindbergh Drive","(O) No Injury","Daylight","On Roadway - Non-Intersection","Rear End","I-85 Sb","Dry","14:10:00","[""Lap and Shoulder Belt Used"",""Lap and Shoulder Belt Used"",""Child Restraint System (Properly Used)""]","Clear",0,33.820468,-84.361128,"Atlanta","FULTON","[""Motor Vehicle in Motion"",""Motor Vehicle in Motion""]","Changed Lanes Improperly","[""Motor Vehicle in Motion"",""Motor Vehicle in Motion""]"
0,0,"Atlanta Police Department","2022-08-05","Atlanta Industrial Pkwy Nw and Donald Lee Hollowell Pkwy Nw","(O) No Injury","Daylight","On Roadway - Non-Intersection","Angle Crash","Donald Lee Hollowell Pkwy Nw","Dry","13:25:00","[""Unknown"",""Unknown""]","Clear",0,33.791395,-84.497309,"Atlanta","FULTON","[""Motor Vehicle in Motion"",""Motor Vehicle in Motion""]","Improper Turn","[""Motor Vehicle in Motion"",""Motor Vehicle in Motion""]"
0,0,"Atlanta Police Department","2022-08-05","Hamilton E Holmes Dr Nw and Donald Lee Hollowell Pkwy Nw","(C) Possible Injury / Complaint","Daylight","On Roadway - Non-Intersection","Rear End","Hamilton E Holmes Dr Nw","Dry","10:53:00","[""Unknown"",""Unknown"",""Unknown"",""Unknown""]","Clear",0,33.776304,-84.473708,"Atlanta","FULTON","[""Motor Vehicle in Motion"",""Motor Vehicle in Motion""]","Following Too Close","[""Motor Vehicle in Motion"",""Motor Vehicle in Motion""]"
0,0,"Gsp Post 00","2022-08-05","Mt Paran and I-75 Northbound","(O) No Injury","Daylight","On Roadway - Non-Intersection","Sideswipe-Same Direction","I-75 Northbound","Dry","17:03:00","[""Lap and Shoulder Belt Used"",""Lap and Shoulder Belt Used""]","Cloudy",0,33.859766,-84.4348,"Atlanta","FULTON","[""Motor Vehicle in Motion"",""Motor Vehicle in Motion""]","Reaction to Object or Animal","[""Motor Vehicle in Motion"",""Motor Vehicle in Motion""]"
0,0,"Atlanta Police Department","2022-08-05","Delmar Ln Nw and Harwell Rd Nw","(O) No Injury","Daylight","On Roadway - Roadway Intersection","Angle Crash","Harwell Rd Nw","Dry","12:00:00","[""Unknown"",""Lap and Shoulder Belt Used""]","Clear",0,33.756084,-84.492998,"Atlanta","FULTON","[""Motor Vehicle in Motion"",""Motor Vehicle in Motion""]","[""Misjudged Clearance"",""Improper Turn""]","[""Motor Vehicle in Motion"",""Motor Vehicle in Motion""]"
0,0,"Atlanta Police Department","2022-08-05","Lee St Sw and Ralph David Abernathy Blvd Sw","(O) No Injury","Daylight","On Roadway - Roadway Intersection","Sideswipe-Same Direction","Lee St Sw","Dry","11:18:00","[""Unknown"",""Unknown""]","Clear",0,33.73824,-84.413997,"Atlanta","FULTON","[""Motor Vehicle in Motion"",""Motor Vehicle in Motion""]","Improper Turn","[""Motor Vehicle in Motion"",""Motor Vehicle in Motion""]"
0,0,"Dekalb Co Police Department","2022-08-05","Oxford Rd and N Decatur Rd","(O) No Injury","Daylight","On Roadway - Roundabout","Angle Crash","N Decatur Rd","Wet","19:07:00","[""Lap and Shoulder Belt Used"",""Lap and Shoulder Belt Used""]","Cloudy",0,33.788509,-84.325556,"Atlanta","DEKALB","[""Motor Vehicle in Motion"",""Motor Vehicle in Motion""]","Failure to Yield","[""Motor Vehicle in Motion"",""Motor Vehicle in Motion""]"
0,0,"Gsp Post 00","2022-08-05","I-285 and I-20 West","(O) No Injury","Daylight","On Shoulder","Sideswipe-Same Direction","I-20 West","Dry","19:15:00","Unknown","Clear",0,33.765008,-84.493853,"Atlanta","FULTON","[""Motor Vehicle in Motion"",""Parked Motor Vehicle""]",,"[""Motor Vehicle in Motion"",""Parked Motor Vehicle""]"
0,0,"Atlanta Police Department","2022-08-05","Marietta St Nw and Northside Dr Nw","(C) Possible Injury / Complaint","Daylight","On Roadway - Driveway Intersection","Angle Crash","Northside Dr Nw","Dry","15:10:00","[""Unknown"",""Unknown"",""Unknown""]","Clear",0,33.775857,-84.407012,"Atlanta","FULTON","[""Motor Vehicle in Motion"",""Motor Vehicle in Motion""]","Disregard Other Traffic Control","[""Motor Vehicle in Motion"",""Motor Vehicle in Motion""]"
0,0,"Atlanta Police Department","2022-08-05","14Th St Nw and Spring St Nw","(O) No Injury","Daylight","On Roadway - Roadway Intersection","Sideswipe-Same Direction","14Th St Nw","Wet","18:36:00","Unknown","Cloudy",0,33.786575,-84.389246,"Atlanta","FULTON","[""Motor Vehicle in Motion"",""Motor Vehicle in Motion""]","Changed Lanes Improperly","[""Motor Vehicle in Motion"",""Motor Vehicle in Motion""]"
0,0,"Gsp Post 00","2022-08-05","17Th St and I-75 I-85 North","(O) No Injury","Daylight","On Roadway - Non-Intersection","Sideswipe-Same Direction","I-75 I-85 North","Wet","18:30:00","[""Lap and Shoulder Belt Used"",""Lap and Shoulder Belt Used""]","Rain",0,33.790274,-84.390873,"Atlanta","FULTON","[""Motor Vehicle in Motion"",""Motor Vehicle in Motion""]","Changed Lanes Improperly","[""Motor Vehicle in Motion"",""Motor Vehicle in Motion""]"
0,0,"Dekalb Co Police Department","2022-08-05","Johnson Rd and Briarcliff Rd","(C) Possible Injury / Complaint","Daylight","On Roadway - Roadway Intersection","Angle Crash","Briarcliff Rd","Dry","16:20:00","[""Lap and Shoulder Belt Used"",""Lap and Shoulder Belt Used""]","Clear",0,33.804438,-84.337759,"Atlanta","DEKALB","[""Motor Vehicle in Motion"",""Motor Vehicle in Motion""]","Failure to Yield","[""Motor Vehicle in Motion"",""Motor Vehicle in Motion""]"
0,0,"Gsp Post 00","2022-08-05","Ga 13 and I-85 S","(O) No Injury","Daylight","On Roadway - Non-Intersection","Sideswipe-Same Direction","Ga 13","Dry","11:40:00","[""Lap and Shoulder Belt Used"",""Lap and Shoulder Belt Used""]","Clear",0,33.823083,-84.357099,"Atlanta","FULTON","[""Motor Vehicle in Motion"",""Motor Vehicle in Motion""]","Changed Lanes Improperly","[""Motor Vehicle in Motion"",""Motor Vehicle in Motion""]"
0,0,"Atlanta Police Department","2022-08-05","Brady Ave Nw and W Marietta St Nw","(C) Possible Injury / Complaint","Daylight","On Roadway - Roadway Intersection","Rear End","W Marietta St Nw","Dry","15:24:00","[""Unknown"",""Unknown"",""Unknown""]","Clear",0,33.779865,-84.412261,"Atlanta","FULTON","[""Motor Vehicle in Motion"",""Motor Vehicle in Motion""]",,"[""Motor Vehicle in Motion"",""Motor Vehicle in Motion""]"
0,0,"Atlanta Police Department","2022-08-05","Claire Dr Se and Lakewood Ave Se","(C) Possible Injury / Complaint","Daylight","On Roadway - Roadway Intersection","Angle Crash","Claire Dr Se","Dry","07:52:00","[""Unknown"",""Unknown"",""Unknown""]","Clear",0,33.705063,-84.380305,"Atlanta","FULTON","[""Motor Vehicle in Motion"",""Motor Vehicle in Motion""]","Failure to Yield","[""Motor Vehicle in Motion"",""Motor Vehicle in Motion""]"
0,0,"Gsp Post 00","2022-08-05","I-7585 Sb and 14Th Street","(O) No Injury","Daylight","On Roadway - Non-Intersection","Rear End","I-7585 Sb","Wet","19:00:00","[""Lap and Shoulder Belt Used"",""Lap and Shoulder Belt Used""]","Rain",0,33.781118,-84.391216,"Atlanta","FULTON","[""Motor Vehicle in Motion"",""Motor Vehicle in Motion""]","Following Too Close","[""Motor Vehicle in Motion"",""Motor Vehicle in Motion""]"
0,0,"Atlanta Police Department","2022-08-05","None and Moreland Ave Se Exit 60A Rp","(O) No Injury","Daylight","Entrance/Exit Ramp","Rear End","Moreland Ave Se Exit 60A Rp","Dry","18:00:00","[""Unknown"",""Unknown"",""Unknown""]","Clear",0,33.744493,-84.349269,"Atlanta","FULTON","[""Motor Vehicle in Motion"",""Motor Vehicle in Motion""]","Following Too Close","[""Motor Vehicle in Motion"",""Motor Vehicle in Motion""]"
0,0,"Atlanta Police Department","2022-08-05","Polar Rock Dr Sw and Polar Rock Ave Sw","(O) No Injury","Dusk","On Roadway - Non-Intersection","Angle Crash","Polar Rock Dr Sw","Dry","19:38:00","Unknown","Clear",0,33.689671,-84.396259,"Atlanta","FULTON","[""Parked Motor Vehicle"",""Motor Vehicle in Motion""]","Improper Turn","[""Parked Motor Vehicle"",""Motor Vehicle in Motion""]"
0,0,"Atlanta Police Department","2022-08-05","Howell Mill Rd Nw and Northside Pkwy Nw","(O) No Injury","Daylight","On Roadway - Non-Intersection","Sideswipe-Opposite Direction","Northside Pkwy Nw","Dry","16:10:00","[""Unknown"",""Lap and Shoulder Belt Used""]","Clear",0,33.846004,-84.427603,"Atlanta","FULTON","[""Motor Vehicle in Motion"",""Motor Vehicle in Motion""]","Changed Lanes Improperly","[""Motor Vehicle in Motion"",""Motor Vehicle in Motion""]"
0,0,"Atlanta Police Department","2022-08-05","Cleburne Ter Ne and Blue Ridge Ave Ne","(O) No Injury","Daylight","On Roadway - Non-Intersection","Sideswipe-Same Direction","Cleburne Ter Ne","Dry","12:40:00","Unknown","Clear",0,33.772546,-84.353489,"Atlanta","FULTON","[""Motor Vehicle in Motion"",""Motor Vehicle in Motion""]",,"[""Motor Vehicle in Motion"",""Motor Vehicle in Motion""]"
0,0,"Atlanta Police Department","2022-08-05","Defoor Pl Nw and Chattahoochee Ave Nw","(O) No Injury","Daylight","On Roadway - Roadway Intersection","Angle Crash","Chattahoochee Ave Nw","Wet","18:00:00","[""Unknown"",""Unknown""]","Cloudy",0,33.801242,-84.422806,"Atlanta","FULTON","[""Motor Vehicle in Motion"",""Motor Vehicle in Motion""]",,"Motor Vehicle in Motion"
0,0,"Atlanta Police Department","2022-08-05","Dill Ave Sw and Desoto Ave Sw","(O) No Injury","Dark-Lighted","On Shoulder","Sideswipe-Same Direction","Desoto Ave Sw","Dry","00:00:00","Unknown","Clear",0,33.718296,-84.411806,"Atlanta","FULTON","[""Motor Vehicle in Motion"",""Motor Vehicle in Motion""]","Changed Lanes Improperly","Motor Vehicle in Motion"
0,0,"Atlanta Police Department","2022-08-05","Hargis St Se and Jonesboro Rd Se","(C) Possible Injury / Complaint","Dark-Not Lighted","Off Roadway","Head On","Hargis St Se","Dry","21:00:00","[""Lap and Shoulder Belt Used"",""Lap and Shoulder Belt Used""]","Clear",0,33.687391,-84.364228,"Atlanta","FULTON","[""Motor Vehicle in Motion"",""Motor Vehicle in Motion""]","Driver Lost Control","[""Motor Vehicle in Motion"",""Motor Vehicle in Motion""]"