"# Serious Injuries","# Visible Injuries","Agency Name (Crash Level) ","Date","Intersection Name (from Crash Report)","KABCO Severity","Light Conditions (Crash Level)","Location at Impact (Crash Level) ","Manner of Collision (Crash Level) ","Roadway (From Crash Report)","Surface Condition (Crash Level) ","Time","Safety Equipment (Crash Level) ","Weather Conditions (Crash Level)","# of Fatalities per Crash","Latitude","Longitude","Geolocated City","Geolocated County","First Harmful Event (Unit Order)","Operator/Pedestrian Contrib Factor (excl None, Other, No Contrib Factors)","Most Harmful Event (Crash Level)"
0,0,"Atlanta Police Department","2022-08-07","None and I-75","(C) Possible Injury / Complaint","Daylight","On Roadway - Non-Intersection","Rear End","I-75","Dry","14:00:00","[""Lap and Shoulder Belt Used"",""Lap and Shoulder Belt Used""]","Clear",0,33.736488,-84.391864,"Atlanta","FULTON","[""Motor Vehicle in Motion"",""Motor Vehicle in Motion""]","Following Too Close","[""Motor Vehicle in Motion"",""Motor Vehicle in Motion""]"
0,0,"Atlanta Police Department","2022-08-07","None and I-20","(O) No Injury","Dark-Lighted","Entrance/Exit Ramp","Sideswipe-Same Direction","I-20","Dry","23:47:00","[""Unknown"",""Unknown""]","Clear",0,33.742493,-84.403793,"Atlanta","FULTON","[""Motor Vehicle in Motion"",""Motor Vehicle in Motion""]","Changed Lanes Improperly","[""Motor Vehicle in Motion"",""Motor Vehicle in Motion""]"
0,0,"Atlanta Police Department","2022-08-07","Ga-400 N and Lenox Rd Ne","(O) No Injury","Daylight","On Roadway - Driveway Intersection","Rear End","Lenox Rd Ne","Dry","15:00:00","[""Lap and Shoulder Belt Used"",""Lap and Shoulder Belt Used""]","Clear",0,33.851733,-84.369362,"Atlanta","FULTON","[""Motor Vehicle in Motion"",""Motor Vehicle in Motion""]","[""Following Too Close"",""Too Fast for Conditions""]","[""Motor Vehicle in Motion"",""Motor Vehicle in Motion""]"
0,0,"Atlanta Police Department","2022-08-07","Flat Shoals Rd Se and Fayetteville Rd Se","(C) Possible Injury / Complaint","Daylight","On Roadway - Roadway Intersection","Not a Collision with Motor Vehicle","Fayetteville Rd Se","Dry","19:45:00","None Used","Clear",0,33.725943,-84.322569,"Atlanta","DEKALB","Fire/Explosion","Reaction to Object or Animal","Fire/Explosion"
2,0,"Atlanta Police Department","2022-08-07","None and I-20","(A) Suspected Serious Injury","Dark-Lighted","On Roadway - Non-Intersection","Rear End","I-20","Wet","23:00:00","[""Unknown"",""Unknown"",""Unknown"",""Unknown"",""Unknown"",""Unknown"",""Unknown""]","Rain",0,33.749332,-84.442169,"Atlanta","FULTON","[""Motor Vehicle in Motion"",""Motor Vehicle in Motion"",""Motor Vehicle in Motion"",""Motor Vehicle in Motion"",""Motor Vehicle in Motion""]","Driver Lost Control","[""Motor Vehicle in Motion"",""Motor Vehicle in Motion"",""Motor Vehicle in Motion"",""Motor Vehicle in Motion"",""Motor Vehicle in Motion""]"
0,0,"Atlanta Police Department","2022-08-07","I-85 and I-75 S","(O) No Injury","Daylight","On Roadway - Non-Intersection","Angle Crash","I-75 S","Dry","17:50:00","[""Unknown"",""Unknown"",""Lap and Shoulder Belt Used"",""Lap and Shoulder Belt Used""]","Clear",0,33.688583,-84.400067,"Atlanta","FULTON","[""Motor Vehicle in Motion"",""Motor Vehicle in Motion""]","Changed Lanes Improperly","[""Motor Vehicle in Motion"",""Motor Vehicle in Motion""]"
0,1,"Atlanta Police Department","2022-08-07","Airline St Se and Dekalb Ave Ne","(B) Suspected Minor/Visible Injury","Daylight","On Roadway - Non-Intersection","Sideswipe-Same Direction","Dekalb Ave Ne","Dry","16:30:00","[""Unknown"",""Unknown"",""Child Restraint System (Properly Used)""]","Clear",0,33.753177,-84.365217,"Atlanta","FULTON","[""Motor Vehicle in Motion"",""Motor Vehicle in Motion""]","Changed Lanes Improperly","[""Motor Vehicle in Motion"",""Other - Fixed Object""]"
0,0,"Atlanta Police Department","2022-08-07","Pelham St Nw and Joseph E Lowery Blvd Nw","(O) No Injury","Dark-Lighted","Off Roadway - Sidewalk","Not a Collision with Motor Vehicle","Joseph E Lowery Blvd Nw","Dry","23:24:00","Unknown","Clear",0,33.771374,-84.417392,"Atlanta","FULTON","Other - Fixed Object","Driver Lost Control","Other - Fixed Object"
0,0,"Atlanta Police Department","2022-08-07","None and Courtland St Se","(O) No Injury","Dark-Not Lighted","On Roadway - Roadway Intersection","Sideswipe-Same Direction","Courtland St Se","Dry","00:20:00","[""Unknown"",""Unknown""]","Clear",0,33.751535,-84.387398,"Atlanta","FULTON","[""Motor Vehicle in Motion"",""Motor Vehicle in Motion""]",,"[""Motor Vehicle in Motion"",""Motor Vehicle in Motion""]"
0,0,"Atlanta Police Department","2022-08-07","Ellis St Ne and Piedmont Ave Ne","(O) No Injury","Daylight","On Roadway - Roadway Intersection","Angle Crash","Piedmont Ave Ne","Dry","17:09:00","[""Lap and Shoulder Belt Used"",""Lap and Shoulder Belt Used""]","Clear",0,33.758354,-84.382208,"Atlanta","FULTON","[""Motor Vehicle in Motion"",""Motor Vehicle in Motion""]","Disregard Other Traffic Control","[""Motor Vehicle in Motion"",""Motor Vehicle in Motion""]"
0,0,"Atlanta Police Department","2022-08-07","I-75 and 14Th St Nw","(C) Possible Injury / Complaint","Daylight","On Roadway - Non-Intersection","Sideswipe-Same Direction","I-75","Dry","12:52:00","[""Unknown"",""Unknown""]","Clear",0,33.786928,-84.391156,"Atlanta","FULTON","[""Motor Vehicle in Motion"",""Motor Vehicle in Motion""]",,"[""Motor Vehicle in Motion"",""Motor Vehicle in Motion""]"
0,0,"Atlanta Police Department","2022-08-07","I-20 and Langhorn St Sw","(C) Possible Injury / Complaint","Dark-Lighted","On Roadway - Non-Intersection","Angle Crash","I-20","Dry","04:00:00","[""Lap and Shoulder Belt Used"",""Lap and Shoulder Belt Used"",""Lap and Shoulder Belt Used""]","Cloudy",0,33.746458,-84.429923,"Atlanta","FULTON","[""Motor Vehicle in Motion"",""Motor Vehicle in Motion"",""Motor Vehicle in Motion""]","[""Misjudged Clearance"",""Failure to Yield"",""Aggressive Driving""]","[""Motor Vehicle in Motion"",""Motor Vehicle in Motion"",""Motor Vehicle in Motion""]"
0,0,"Atlanta Police Department","2022-08-07","Wylie St Se and Kenyon St Se","(O) No Injury","Daylight","On Roadway - Non-Intersection","Head On","Kenyon St Se","Dry","10:16:00","Lap and Shoulder Belt Used","Clear",0,33.75209,-84.357528,"Atlanta","FULTON","[""Motor Vehicle in Motion"",""Motor Vehicle in Motion""]","Improper Backing","[""Motor Vehicle in Motion"",""Motor Vehicle in Motion""]"
0,0,"Atlanta Police Department","2022-08-07","None and I-75","(O) No Injury","Daylight","On Roadway - Managed Lane (HOV, HOT, Reversible)","Rear End","I-75","Dry","13:45:00","[""Unknown"",""Lap and Shoulder Belt Used"",""Lap and Shoulder Belt Used"",""Lap and Shoulder Belt Used"",""Child Restraint System (Properly Used)""]","Clear",0,33.790318,-84.392108,"Atlanta","FULTON","[""Motor Vehicle in Motion"",""Motor Vehicle in Motion""]","Following Too Close","[""Motor Vehicle in Motion"",""Motor Vehicle in Motion""]"
0,0,"Atlanta Police Department","2022-08-07","None and I-75","(O) No Injury","Dark-Lighted","On Roadway - Non-Intersection","Rear End","I-75","Dry","22:10:00","[""Lap and Shoulder Belt Used"",""Lap and Shoulder Belt Used""]","Clear",0,33.804763,-84.412037,"Atlanta","FULTON","[""Work Zone/Maintenance Equipment"",""Work Zone/Maintenance Equipment""]",,"[""Work Zone/Maintenance Equipment"",""Work Zone/Maintenance Equipment""]"
0,0,"Atlanta Police Department","2022-08-07","None and Ga-400 Exit 2 Rp","(O) No Injury","Daylight","On Roadway - Non-Intersection","Rear End","Ga-400 Exit 2 Rp","Dry","12:00:00","[""None Used"",""None Used""]","Clear",0,33.84838,-84.367708,"Atlanta","FULTON","[""Motor Vehicle in Motion"",""Motor Vehicle in Motion""]",,"[""Motor Vehicle in Motion"",""Motor Vehicle in Motion""]"
0,0,"Atlanta Police Department","2022-08-07","Peachtree Rd Ne and Grandview Ave Ne","(C) Possible Injury / Complaint","Dark-Lighted","On Roadway - Non-Intersection","Rear End","Grandview Ave Ne","Wet","00:17:00","[""Unknown"",""Unknown""]","Rain",0,33.840553,-84.376483,"Atlanta","FULTON","[""Motor Vehicle in Motion"",""Motor Vehicle in Motion""]","Following Too Close","[""Motor Vehicle in Motion"",""Motor Vehicle in Motion""]"
0,0,"Gsp Post 00","2022-08-07","Peters Street and Mcdaniel Street","(O) No Injury","Daylight","On Roadway - Roadway Intersection","Angle Crash","Peters Street","Dry","19:53:00","[""Lap and Shoulder Belt Used"",""Lap and Shoulder Belt Used""]","Clear",0,33.744733,-84.404749,"Atlanta","FULTON","[""Motor Vehicle in Motion"",""Motor Vehicle in Motion""]",,"[""Motor Vehicle in Motion"",""Motor Vehicle in Motion""]"
1,0,"Atlanta Police Department","2022-08-07","None and I-75 Exit 242 Rp","(A) Suspected Serious Injury","Dark-Not Lighted","Median","Not a Collision with Motor Vehicle","I-75 Exit 242 Rp","Dry","02:30:00","Lap and Shoulder Belt Used","Clear",0,33.691402,-84.402264,"Atlanta","FULTON","Median Barrier","[""Aggressive Driving"",""Under the Influence (U.I.)""]","Median Barrier"
0,0,"Gsp Post 00","2022-08-07","Oxford Rd and North Decatur Rd","(O) No Injury","Dark-Not Lighted","Off Roadway","Not a Collision with Motor Vehicle","North Decatur Rd","Dry","21:18:00","[""Unknown"",""Unknown""]","Cloudy",0,33.788579,-84.326151,"Atlanta","DEKALB","Curb","[""Disregard Police - Evasion"",""Driver Lost Control"",""Aggressive Driving"",""Reckless Driving""]","Other - Fixed Object"
0,0,"Atlanta Police Department","2022-08-07","Crane Rd Ne and Lenox Rd Ne","(O) No Injury","Daylight","On Roadway - Non-Intersection","Rear End","Lenox Rd Ne","Dry","18:52:00","[""Lap and Shoulder Belt Used"",""Lap and Shoulder Belt Used""]","Clear",0,33.839654,-84.358109,"Atlanta","FULTON","[""Motor Vehicle in Motion"",""Motor Vehicle in Motion""]","Following Too Close","[""Motor Vehicle in Motion"",""Motor Vehicle in Motion""]"
0,0,"Atlanta Police Department","2022-08-07","None and Exit 55 Rp","(O) No Injury","Daylight","Entrance/Exit Ramp","Rear End","Exit 55 Rp","Dry","16:49:00","[""Unknown"",""Unknown"",""Unknown"",""Unknown""]","Clear",0,33.650933,-84.366981,"Atlanta","FULTON","[""Motor Vehicle in Motion"",""Motor Vehicle in Motion""]","Following Too Close","[""Motor Vehicle in Motion"",""Motor Vehicle in Motion""]"
0,0,"Atlanta Police Department","2022-08-07","10Th St Nw and Northside Dr Nw","(O) No Injury","Dark-Lighted","On Roadway - Roadway Intersection","Sideswipe-Opposite Direction","Northside Dr Nw","Dry","03:20:00","[""Unknown"",""Unknown""]","Clear",0,33.781544,-84.407476,"Atlanta","FULTON","[""Motor Vehicle in Motion"",""Motor Vehicle in Motion""]","Improper Turn","[""Motor Vehicle in Motion"",""Motor Vehicle in Motion""]"
0,0,"Atlanta Police Department","2022-08-07","Auburn Ave Ne and Courtland St Ne","(O) No Injury","Daylight","On Roadway - Roadway Intersection","Angle Crash","Auburn Ave Ne","Dry","15:08:00","[""Lap and Shoulder Belt Used"",""Lap and Shoulder Belt Used""]","Clear",0,33.755554,-84.384268,"Atlanta","FULTON","[""Motor Vehicle in Motion"",""Motor Vehicle in Motion""]","Improper Turn","[""Motor Vehicle in Motion"",""Motor Vehicle in Motion""]"
0,0,"Atlanta Police Department","2022-08-07","Andrews Dr Nw and W Paces Ferry Rd Nw","(O) No Injury","Daylight","On Roadway - Roadway Intersection","Sideswipe-Same Direction","W Paces Ferry Rd Nw","Dry","16:08:00","[""Lap and Shoulder Belt Used"",""Lap and Shoulder Belt Used""]","Clear",0,33.843779,-84.387794,"Atlanta","FULTON","[""Motor Vehicle in Motion"",""Motor Vehicle in Motion""]",,"[""Motor Vehicle in Motion"",""Motor Vehicle in Motion""]"
0,0,"Atlanta Police Department","2022-08-07","None and I-75","(O) No Injury","Dark-Lighted","On Roadway - Managed Lane (HOV, HOT, Reversible)","Sideswipe-Same Direction","I-75","Water (standing or moving)","02:00:00","[""Unknown"",""Unknown"",""Unknown"",""Unknown"",""Booster Seat (Properly Used)"",""Booster Seat (Properly Used)""]","Clear",0,33.696468,-84.40476,"Atlanta","FULTON","[""Motor Vehicle in Motion"",""Motor Vehicle in Motion"",""Motor Vehicle in Motion""]",,"[""Motor Vehicle in Motion"",""Motor Vehicle in Motion"",""Motor Vehicle in Motion""]"
0,0,"Atlanta Police Department","2022-08-07","None and I-75","(O) No Injury","Daylight","On Roadway - Non-Intersection","Sideswipe-Same Direction","I-75","Dry","13:00:00","[""Lap and Shoulder Belt Used"",""Lap and Shoulder Belt Used""]","Clear",0,33.745302,-84.389968,"Atlanta","FULTON","[""Motor Vehicle in Motion"",""Motor Vehicle in Motion""]","Changed Lanes Improperly","[""Motor Vehicle in Motion"",""Motor Vehicle in Motion""]"
0,0,"Atlanta Police Department","2022-08-07","None and I-75","(O) No Injury","Dark-Lighted","On Roadway - Roadway Intersection","Sideswipe-Same Direction","I-75","Wet","00:50:00","[""Unknown"",""Unknown""]","Clear",0,33.766466,-84.387677,"Atlanta","FULTON","[""Motor Vehicle in Motion"",""Motor Vehicle in Motion""]","Aggressive Driving","Median Barrier"
0,1,"Atlanta Police Department","2022-08-07","Pharr Rd Ne and Piedmont Rd Ne","(B) Suspected Minor/Visible Injury","Dark-Lighted","On Roadway - Driveway Intersection","Angle Crash","Piedmont Rd Ne","Wet","00:08:00","[""Unknown"",""Unknown""]","Rain",0,33.836971,-84.368074,"Atlanta","FULTON","[""Motor Vehicle in Motion"",""Motor Vehicle in Motion""]","Failure to Yield","[""Motor Vehicle in Motion"",""Motor Vehicle in Motion""]"
0,0,"Atlanta Police Department","2022-08-07","None and I-85","(O) No Injury","Dark-Lighted","On Roadway - Non-Intersection","Sideswipe-Same Direction","I-85","Wet","20:15:00","[""Unknown"",""Unknown""]","Cloudy",0,33.790823,-84.390889,"Atlanta","FULTON","[""Motor Vehicle in Motion"",""Motor Vehicle in Motion""]","[""Reaction to Object or Animal"",""Too Fast for Conditions""]","[""Motor Vehicle in Motion"",""Motor Vehicle in Motion""]"
0,0,"Atlanta Police Department","2022-08-07","None and I-75","(C) Possible Injury / Complaint","Daylight","On Roadway - Non-Intersection","Rear End","I-75","Dry","13:37:00","[""Unknown"",""Unknown""]","Clear",0,33.799805,-84.397176,"Atlanta","FULTON","[""Motor Vehicle in Motion"",""Motor Vehicle in Motion""]","Following Too Close","[""Motor Vehicle in Motion"",""Motor Vehicle in Motion""]"
0,2,"Atlanta Police Department","2022-08-08","Monroe Dr Ne and Piedmont Ave Ne","(B) Suspected Minor/Visible Injury","Dark-Lighted","On Roadway - Non-Intersection","Angle Crash","Piedmont Ave Ne","Wet","23:28:00","[""Unknown"",""Unknown""]","Rain",0,33.797564,-84.368643,"Atlanta","FULTON","[""Motor Vehicle in Motion"",""Motor Vehicle in Motion""]","Changed Lanes Improperly","[""Motor Vehicle in Motion"",""Motor Vehicle in Motion""]"
0,0,"Atlanta Police Department","2022-08-08","Deering Rd Nw and Northside Dr Nw","(O) No Injury","Daylight","On Roadway - Non-Intersection","Rear End","Northside Dr Nw","Dry","16:00:00","[""Unknown"",""Unknown""]","Clear",0,33.79568,-84.40785,"Atlanta","FULTON","[""Motor Vehicle in Motion"",""Motor Vehicle in Motion""]","Following Too Close","[""Motor Vehicle in Motion"",""Motor Vehicle in Motion""]"
0,0,"Atlanta Police Department","2022-08-08","N Elizabeth Pl Nw and Donald Lee Hollowell Pkwy Nw","(O) No Injury","Daylight","On Roadway - Roadway Intersection","Angle Crash","Donald Lee Hollowell Pkwy Nw","Dry","15:36:00","[""Lap and Shoulder Belt Used"",""Lap and Shoulder Belt Used""]","Clear",0,33.774885,-84.447395,"Atlanta","FULTON","[""Motor Vehicle in Motion"",""Motor Vehicle in Motion""]","Improper Turn","[""Motor Vehicle in Motion"",""Motor Vehicle in Motion""]"
0,0,"Atlanta Police Department","2022-08-08","Lambert Dr Ne and Piedmont Rd Ne","(O) No Injury","Dusk","On Roadway - Roadway Intersection","Rear End","Piedmont Rd Ne","Dry","19:35:00","[""Unknown"",""Unknown""]","Clear",0,33.811805,-84.366692,"Atlanta","FULTON","[""Motor Vehicle in Motion"",""Motor Vehicle in Motion""]",,"[""Motor Vehicle in Motion"",""Motor Vehicle in Motion""]"
0,0,"Atlanta Police Department","2022-08-08","Baker St Ne and Piedmont Ave Ne","(O) No Injury","Dark-Lighted","On Roadway - Roadway Intersection","Sideswipe-Same Direction","Baker St Ne","Dry","23:48:00","[""Unknown"",""Unknown""]","Clear",0,33.762225,-84.382531,"Atlanta","FULTON","[""Motor Vehicle in Motion"",""Motor Vehicle in Motion""]","Changed Lanes Improperly","[""Motor Vehicle in Motion"",""Motor Vehicle in Motion""]"
0,0,"Atlanta Police Department","2022-08-08","I-75 and Northside Pkwy Nw","(O) No Injury","Daylight","On Roadway - Roadway Intersection","Rear End","I-75","Dry","08:30:00","[""Lap and Shoulder Belt Used"",""Lap and Shoulder Belt Used""]","Clear",0,33.856162,-84.432552,"Atlanta","FULTON","[""Motor Vehicle in Motion"",""Motor Vehicle in Motion""]","Improper Backing","[""Motor Vehicle in Motion"",""Motor Vehicle in Motion""]"
0,0,"Atlanta Police Department","2022-08-08","Walton St Nw and Ted Turner Dr Nw","(O) No Injury","Daylight","On Roadway - Roadway Intersection","Sideswipe-Same Direction","Ted Turner Dr Nw","Dry","17:30:00","[""Unknown"",""Unknown""]","Clear",0,33.757546,-84.391868,"Atlanta","FULTON","[""Motor Vehicle in Motion"",""Motor Vehicle in Motion""]","Misjudged Clearance","[""Motor Vehicle in Motion"",""Motor Vehicle in Motion""]"
0,0,"Atlanta Police Department","2022-08-08","Woodlawn Ave Nw and Donald Lee Hollowell Pkwy Nw","(C) Possible Injury / Complaint","Daylight","On Roadway - Non-Intersection","Rear End","Woodlawn Ave Nw","Dry","15:07:00","[""Unknown"",""Unknown"",""Child Restraint System (Properly Used)"",""Unknown""]","Clear",0,33.771349,-84.435878,"Atlanta","FULTON","[""Motor Vehicle in Motion"",""Motor Vehicle in Motion""]","Changed Lanes Improperly","[""Motor Vehicle in Motion"",""Motor Vehicle in Motion""]"
0,0,"Atlanta Police Department","2022-08-08","Santa Barbara Dr Nw and Hamilton E Holmes Dr Nw","(O) No Injury","Daylight","On Roadway - Non-Intersection","Rear End","Hamilton E Holmes Dr Nw","Dry","18:30:00","[""Unknown"",""Unknown"",""Unknown"",""Unknown""]","Clear",0,33.765049,-84.470029,"Atlanta","FULTON","[""Motor Vehicle in Motion"",""Motor Vehicle in Motion""]","Following Too Close","[""Motor Vehicle in Motion"",""Motor Vehicle in Motion""]"
0,0,"Atlanta Police Department","2022-08-08","Adair Ave Ne and Barnett St Ne","(O) No Injury","Daylight","On Roadway - Non-Intersection","Rear End","Adair Ave Ne","Dry","11:30:00","[""Lap and Shoulder Belt Used"",""Lap and Shoulder Belt Used""]","Clear",0,33.780024,-84.358217,"Atlanta","FULTON","[""Motor Vehicle in Motion"",""Motor Vehicle in Motion""]","Improper Backing","[""Motor Vehicle in Motion"",""Motor Vehicle in Motion""]"
0,0,"Atlanta Police Department","2022-08-08","Inman Cir Ne and Peachtree Cir Ne","(O) No Injury","Daylight","On Roadway - Roadway Intersection","Sideswipe-Same Direction","Inman Cir Ne","Dry","14:25:00",,"Cloudy",0,33.792171,-84.381995,"Atlanta","FULTON","[""Motor Vehicle in Motion"",""Motor Vehicle in Motion""]","Inattentive or Other Distraction (Distracted)","Motor Vehicle in Motion"
0,0,"Atlanta Police Department","2022-08-08","Fairburn Rd Sw and Benjamin E Mays Dr Sw","(O) No Injury","Daylight","On Roadway - Non-Intersection","Angle Crash","Fairburn Rd Sw","Dry","15:21:00","[""Lap and Shoulder Belt Used"",""Lap and Shoulder Belt Used""]","Clear",0,33.740003,-84.510166,"Atlanta","FULTON","[""Motor Vehicle in Motion"",""Motor Vehicle in Motion""]",,"[""Motor Vehicle in Motion"",""Motor Vehicle in Motion""]"
0,1,"Gsp Post 00","2022-08-08","Freedom Pkwy and I-7585 Conn Nb","(B) Suspected Minor/Visible Injury","Daylight","On Roadway - Non-Intersection","Sideswipe-Same Direction","I-7585 Conn Nb","Dry","09:31:00","[""Lap and Shoulder Belt Used"",""Lap and Shoulder Belt Used""]","Clear",0,33.753311,-84.378691,"Atlanta","FULTON","[""Motor Vehicle in Motion"",""Motor Vehicle in Motion""]","Failure to Yield","[""Motor Vehicle in Motion"",""Motor Vehicle in Motion""]"
0,0,"Atlanta Police Department","2022-08-08","10Th St Ne and Piedmont Ave Ne","(O) No Injury","Daylight","On Roadway - Roadway Intersection","Rear End","Piedmont Ave Ne","Dry","17:18:00","[""Unknown"",""Unknown""]","Cloudy",0,33.781954,-84.380414,"Atlanta","FULTON","[""Motor Vehicle in Motion"",""Motor Vehicle in Motion""]","Following Too Close","[""Motor Vehicle in Motion"",""Motor Vehicle in Motion""]"
0,0,"Atlanta Police Department","2022-08-08","Lenox Rd Ne and Piedmont Rd Ne","(O) No Injury","Daylight","On Roadway - Non-Intersection","Sideswipe-Same Direction","Lenox Rd Ne","Dry","19:15:00","[""Lap and Shoulder Belt Used"",""Lap and Shoulder Belt Used"",""Lap and Shoulder Belt Used""]","Clear",0,33.849179,-84.37369,"Atlanta","FULTON","[""Motor Vehicle in Motion"",""Motor Vehicle in Motion""]","Changed Lanes Improperly","[""Motor Vehicle in Motion"",""Motor Vehicle in Motion""]"
0,0,"Atlanta Police Department","2022-08-08","Spelman Ln Sw and Northside Dr Sw","(O) No Injury","Daylight","On Roadway - Roadway Intersection","Sideswipe-Same Direction","Northside Dr Sw","Dry","18:30:00","[""None Used"",""None Used""]","Clear",0,33.744348,-84.408354,"Atlanta","FULTON","[""Motor Vehicle in Motion"",""Motor Vehicle in Motion""]",,"[""Motor Vehicle in Motion"",""Motor Vehicle in Motion""]"
0,0,"Atlanta Police Department","2022-08-08","Maple Dr Ne and E Paces Ferry Rd Ne","(O) No Injury","Daylight","On Roadway - Roadway Intersection","Angle Crash","E Paces Ferry Rd Ne","Dry","08:30:00","[""None Used"",""None Used""]","Clear",0,33.838437,-84.371637,"Atlanta","FULTON","[""Motor Vehicle in Motion"",""Motor Vehicle in Motion""]","[""Changed Lanes Improperly"",""Disregard Stop Sign/Signal""]","[""Motor Vehicle in Motion"",""Motor Vehicle in Motion""]"
0,0,"Atlanta Police Department","2022-08-08","3Rd St Ne and Juniper St Ne","(O) No Injury","Daylight","On Roadway - Railroad Crossing","Sideswipe-Same Direction","Juniper St Ne","Dry","06:37:00","[""Lap and Shoulder Belt Used"",""Lap and Shoulder Belt Used""]","Clear",0,33.773565,-84.383195,"Atlanta","FULTON","[""Motor Vehicle in Motion"",""Motor Vehicle in Motion""]","[""Improper Turn"",""Failure to Yield""]","[""Motor Vehicle in Motion"",""Motor Vehicle in Motion""]"
0,0,"Gsp Post 00","2022-08-08","Interstate 20 West and Hamilton H.E Holmes Underpass","(O) No Injury","Daylight","On Roadway - Non-Intersection","Rear End","Interstate 20 West","Dry","17:40:00","[""Lap and Shoulder Belt Used"",""Lap and Shoulder Belt Used""]","Clear",0,33.759093,-84.477203,"Atlanta","FULTON","[""Motor Vehicle in Motion"",""Motor Vehicle in Motion""]","Following Too Close","[""Motor Vehicle in Motion"",""Motor Vehicle in Motion""]"
0,0,"Atlanta Police Department","2022-08-08","None and 3Rd St Nw","(O) No Injury","Daylight","Off Roadway - Sidewalk","Not a Collision with Motor Vehicle","3Rd St Nw","Dry","13:54:00","[""Unknown"",""Unknown"",""Unknown""]","Cloudy",0,33.778569,-84.408458,"Atlanta","FULTON","[""Motor Vehicle in Motion"",""Motor Vehicle in Motion""]","[""Driver Condition"",""Wrong Side of Road""]","[""Motor Vehicle in Motion"",""Pedal-Cycle""]"
0,1,"Atlanta Police Department","2022-08-08","None and I-75","(B) Suspected Minor/Visible Injury","Dark-Not Lighted","On Roadway - Managed Lane (HOV, HOT, Reversible)","Rear End","I-75","Dry","23:55:00","[""Unknown"",""Unknown"",""Unknown"",""Unknown"",""Unknown"",""Unknown"",""Unknown"",""Unknown""]","Clear",0,33.863963,-84.438842,"Atlanta","FULTON","[""Motor Vehicle in Motion"",""Motor Vehicle in Motion"",""Motor Vehicle in Motion""]","Following Too Close","[""Motor Vehicle in Motion"",""Motor Vehicle in Motion"",""Motor Vehicle in Motion""]"
0,0,"Atlanta Police Department","2022-08-08","Langford Pkwy and Greenbriar Pkwy Sw","(O) No Injury","Dark-Not Lighted","On Roadway - Managed Lane (HOV, HOT, Reversible)","Rear End","Langford Pkwy","Dry","01:38:00","[""Lap and Shoulder Belt Used"",""Lap and Shoulder Belt Used""]","Clear",0,33.690959,-84.491807,"Atlanta","FULTON","[""Parked Motor Vehicle"",""Parked Motor Vehicle"",""Motor Vehicle in Motion"",""Motor Vehicle in Motion""]","[""Parked Improperly"",""Not Visible (Object, Person, or Vehicle)"",""Parked Improperly"",""Not Visible (Object, Person, or Vehicle)"",""Vision Obscured""]","[""Parked Motor Vehicle"",""Parked Motor Vehicle"",""Motor Vehicle in Motion"",""Motor Vehicle in Motion""]"
0,0,"Gsp Post 00","2022-08-08","I-7585 Nb and 14Th Street","(O) No Injury","Daylight","On Roadway - Non-Intersection","Rear End","I-7585 Nb","Dry","07:15:00","[""Lap and Shoulder Belt Used"",""Lap and Shoulder Belt Used"",""Lap and Shoulder Belt Used""]","Clear",0,33.779016,-84.390857,"Atlanta","FULTON","[""Motor Vehicle in Motion"",""Motor Vehicle in Motion"",""Motor Vehicle in Motion""]","Following Too Close","[""Motor Vehicle in Motion"",""Motor Vehicle in Motion"",""Motor Vehicle in Motion""]"
0,0,"Gsp Post 00","2022-08-08","I-85 Sb and Lindbergh Drive","(O) No Injury","Daylight","On Roadway - Non-Intersection","Rear End","I-85 Sb","Dry","12:10:00","[""Lap and Shoulder Belt Used"",""Lap and Shoulder Belt Used""]","Clear",0,33.819994,-84.361375,"Atlanta","FULTON","[""Motor Vehicle in Motion"",""Motor Vehicle in Motion""]",,"[""Motor Vehicle in Motion"",""Motor Vehicle in Motion""]"
0,0,"Emory Police Department","2022-08-08","Pierce Dr and Clifton Rd","(O) No Injury","Daylight","On Roadway - Roadway Intersection","Angle Crash","Clifton Rd","Dry","00:00:00","[""Unknown"",""Unknown"",""Unknown""]","Clear",0,33.793064,-84.32098,"Atlanta","DEKALB","[""Motor Vehicle in Motion"",""Motor Vehicle in Motion""]","Improper Turn","[""Motor Vehicle in Motion"",""Motor Vehicle in Motion""]"
0,0,"Gsp Post 00","2022-08-08","I- 285 and I-20 East","(C) Possible Injury / Complaint","Daylight","On Roadway - Non-Intersection","Rear End","I-20 East","Dry","13:02:00","[""Lap and Shoulder Belt Used"",""Unknown""]","Clear",0,33.765719,-84.505663,"Atlanta","FULTON","[""Motor Vehicle in Motion"",""Motor Vehicle in Motion""]","Following Too Close","[""Motor Vehicle in Motion"",""Motor Vehicle in Motion""]"
0,0,"Atlanta Police Department","2022-08-08","I-75 and I-85 S","(O) No Injury","Dusk","On Roadway - Non-Intersection","Sideswipe-Same Direction","I-75","Dry","19:47:00","[""Unknown"",""Unknown""]","Clear",0,33.691468,-84.402318,"Atlanta","FULTON","[""Motor Vehicle in Motion"",""Motor Vehicle in Motion""]",,"[""Motor Vehicle in Motion"",""Motor Vehicle in Motion""]"