"# Serious Injuries","# Visible Injuries","Agency Name (Crash Level) ","Date","Intersection Name (from Crash Report)","KABCO Severity","Light Conditions (Crash Level)","Location at Impact (Crash Level) ","Manner of Collision (Crash Level) ","Roadway (From Crash Report)","Surface Condition (Crash Level) ","Time","Safety Equipment (Crash Level) ","Weather Conditions (Crash Level)","# of Fatalities per Crash","Latitude","Longitude","Geolocated City","Geolocated County","First Harmful Event (Unit Order)","Operator/Pedestrian Contrib Factor (excl None, Other, No Contrib Factors)","Most Harmful Event (Crash Level)"
0,0,"Atlanta Police Department","2022-08-10","Decatur St Se and Cornelia St Se","(O) No Injury","Daylight","On Roadway - Roadway Intersection","Sideswipe-Same Direction","Cornelia St Se","Dry","16:30:00","[""None Used"",""None Used""]","Clear",0,33.752568,-84.367506,"Atlanta","FULTON","[""Motor Vehicle in Motion"",""Motor Vehicle in Motion""]",,"[""Motor Vehicle in Motion"",""Motor Vehicle in Motion""]"
0,0,"Atlanta Police Department","2022-08-10","Macon Dr Se and Polar Rock Rd Sw","(O) No Injury","Daylight","Off Roadway","Not a Collision with Motor Vehicle","Polar Rock Rd Sw","Water (standing or moving)","07:57:00","[""Unknown"",""Unknown""]","Rain",0,33.69761,-84.389902,"Atlanta","FULTON","Other - Fixed Object","[""Too Fast for Conditions"",""Changed Lanes Improperly""]","Animal"
0,0,"Atlanta Police Department","2022-08-10","Cascade Rd Sw and Tuckawanna Dr Sw","(O) No Injury","Daylight","On Roadway - Non-Intersection","Rear End","Cascade Rd Sw","Dry","18:30:00","[""Unknown"",""Unknown"",""Lap and Shoulder Belt Used""]","Clear",0,33.719909,-84.484686,"Atlanta","FULTON","[""Motor Vehicle in Motion"",""Motor Vehicle in Motion""]","Inattentive or Other Distraction (Distracted)","[""Motor Vehicle in Motion"",""Motor Vehicle in Motion""]"
0,0,"Atlanta Police Department","2022-08-10","Metropolitan Pkwy Sw and Ralph David Abernathy Blvd Sw","(O) No Injury","Dark-Lighted","On Roadway - Roadway Intersection","Angle Crash","Ralph David Abernathy Blvd Sw","Dry","20:00:00","[""None Used"",""None Used"",""None Used""]","Clear",0,33.738169,-84.408182,"Atlanta","FULTON","[""Motor Vehicle in Motion"",""Motor Vehicle in Motion""]",,"[""Motor Vehicle in Motion"",""Motor Vehicle in Motion""]"
0,0,"Atlanta Police Department","2022-08-10","Lawshe St Sw and Atlanta Student Movement Blvd Sw","(O) No Injury","Daylight","On Roadway - Non-Intersection","Angle Crash","Atlanta Student Movement Blvd Sw","Dry","17:15:00","[""Lap and Shoulder Belt Used"",""Lap and Shoulder Belt Used""]","Cloudy",0,33.749349,-84.411316,"Atlanta","FULTON","[""Motor Vehicle in Motion"",""Motor Vehicle in Motion""]",,"[""Motor Vehicle in Motion"",""Motor Vehicle in Motion""]"
0,0,"Hapeville Police Department","2022-08-10","I and None","(O) No Injury","Dark-Not Lighted","Median","Not a Collision with Motor Vehicle","I","Wet","21:26:00","Lap and Shoulder Belt Used","Rain",0,33.683623,-84.409534,"Atlanta","FULTON","Median Barrier","[""Driver Lost Control"",""Too Fast for Conditions""]","Median Barrier"
0,0,"Atlanta Police Department","2022-08-10","None and I-20","(O) No Injury","Dark-Lighted","On Roadway - Managed Lane (HOV, HOT, Reversible)","Not a Collision with Motor Vehicle","I-20","Water (standing or moving)","02:00:00","[""Unknown"",""Unknown""]","Clear",0,33.744572,-84.389094,"Atlanta","FULTON","Motor Vehicle in Motion",,"Motor Vehicle in Motion"
0,0,"Atlanta Police Department","2022-08-10","Connally St Se and Memorial Dr Se","(O) No Injury","Daylight","On Roadway - Non-Intersection","Sideswipe-Same Direction","Memorial Dr Se","Wet","08:00:00","[""Lap and Shoulder Belt Used"",""Lap and Shoulder Belt Used"",""Child Restraint System (Properly Used)""]","Rain",0,33.746877,-84.381207,"Atlanta","FULTON","[""Motor Vehicle in Motion"",""Motor Vehicle in Motion""]","Changed Lanes Improperly","[""Motor Vehicle in Motion"",""Motor Vehicle in Motion""]"
0,0,"Atlanta Police Department","2022-08-10","None and Ga-400","(O) No Injury","Daylight","On Roadway - Non-Intersection","Rear End","Ga-400","Dry","15:44:00","[""Lap and Shoulder Belt Used"",""Lap and Shoulder Belt Used""]","Clear",0,33.858033,-84.369299,"Atlanta","FULTON","[""Motor Vehicle in Motion"",""Motor Vehicle in Motion""]","Following Too Close","[""Motor Vehicle in Motion"",""Motor Vehicle in Motion""]"
0,0,"Atlanta Police Department","2022-08-10","None and Langford Pkwy","(O) No Injury","Daylight","On Roadway - Non-Intersection","Angle Crash","Langford Pkwy","Dry","10:00:00","[""Unknown"",""Unknown""]","Clear",0,33.690099,-84.497725,"Atlanta","FULTON","[""Motor Vehicle in Motion"",""Motor Vehicle in Motion""]","Changed Lanes Improperly","[""Motor Vehicle in Motion"",""Motor Vehicle in Motion""]"
0,0,"Atlanta Police Department","2022-08-10","None and I-20","(C) Possible Injury / Complaint","Daylight","On Roadway - Non-Intersection","Rear End","I-20","Wet","09:45:00","[""Lap and Shoulder Belt Used"",""Lap and Shoulder Belt Used""]","Cloudy",0,33.742719,-84.403309,"Atlanta","FULTON","[""Motor Vehicle in Motion"",""Motor Vehicle in Motion""]","Following Too Close","[""Motor Vehicle in Motion"",""Motor Vehicle in Motion""]"
0,0,"Atlanta Police Department","2022-08-10","Village Crest Dr Nw and James Jackson Pkwy Nw","(O) No Injury","Daylight","On Roadway - Roadway Intersection","Not a Collision with Motor Vehicle","Village Crest Dr Nw","Wet","16:00:00","Lap and Shoulder Belt Used","Clear",0,33.812862,-84.476796,"Atlanta","FULTON","Other Non-Collision","Driver Lost Control","Ditch"
0,0,"Atlanta Police Department","2022-08-10","Auburn Ave Ne and Piedmont Ave Ne","(O) No Injury","Daylight","On Roadway - Non-Intersection","Sideswipe-Same Direction","Piedmont Ave Ne","Dry","18:47:00","[""Unknown"",""Unknown""]","Clear",0,33.755885,-84.382247,"Atlanta","FULTON","[""Motor Vehicle in Motion"",""Motor Vehicle in Motion""]","Improper Turn","[""Motor Vehicle in Motion"",""Motor Vehicle in Motion""]"
0,0,"Atlanta Police Department","2022-08-10","I-285 and Exit 12","(C) Possible Injury / Complaint","Daylight","On Roadway - Non-Intersection","Sideswipe-Same Direction","I-285","Dry","17:00:00","[""Unknown"",""Unknown""]","Clear",0,33.783159,-84.495792,"Atlanta","FULTON","[""Motor Vehicle in Motion"",""Motor Vehicle in Motion""]","Failure to Yield","[""Motor Vehicle in Motion"",""Motor Vehicle in Motion""]"
0,0,"Atlanta Police Department","2022-08-10","Dekalb Ave Ne and Degress Ave Ne","(C) Possible Injury / Complaint","Daylight","On Roadway - Driveway Intersection","Sideswipe-Same Direction","Dekalb Ave Ne","Dry","17:30:00","[""None Used"",""None Used""]","Clear",0,33.758575,-84.351677,"Atlanta","FULTON","[""Motor Vehicle in Motion"",""Motor Vehicle in Motion""]",,"[""Motor Vehicle in Motion"",""Motor Vehicle in Motion""]"
0,0,"Atlanta Police Department","2022-08-10","Dill Ave Sw and Sylvan Rd Sw","(O) No Injury","Daylight","On Roadway - Roadway Intersection","Rear End","Sylvan Rd Sw","Dry","18:00:00","[""Unknown"",""Unknown""]","Clear",0,33.718037,-84.418091,"Atlanta","FULTON","[""Motor Vehicle in Motion"",""Motor Vehicle in Motion""]","Following Too Close","[""Motor Vehicle in Motion"",""Motor Vehicle in Motion""]"
0,0,"Atlanta Police Department","2022-08-10","Lindbergh Dr Ne and Cheshire Bridge Rd Ne","(O) No Injury","Daylight","On Roadway - Roadway Intersection","Sideswipe-Same Direction","Cheshire Bridge Rd Ne","Wet","07:03:00","[""Unknown"",""Lap and Shoulder Belt Used""]","Rain",0,33.818404,-84.351656,"Atlanta","FULTON","[""Motor Vehicle in Motion"",""Motor Vehicle in Motion""]","Changed Lanes Improperly","[""Motor Vehicle in Motion"",""Motor Vehicle in Motion""]"
0,0,"Atlanta Police Department","2022-08-10","Hampton St Nw and Marietta St Nw","(C) Possible Injury / Complaint","Daylight","On Roadway - Driveway Intersection","Angle Crash","Marietta St Nw","Dry","18:50:00","[""Unknown"",""Unknown""]","Clear",0,33.777517,-84.408511,"Atlanta","FULTON","[""Motor Vehicle in Motion"",""Motor Vehicle in Motion""]","Failure to Yield","[""Motor Vehicle in Motion"",""Motor Vehicle in Motion""]"
0,0,"Atlanta Police Department","2022-08-10","Maple Dr Ne and Pharr Rd Ne","(O) No Injury","Daylight","On Roadway - Non-Intersection","Sideswipe-Same Direction","Pharr Rd Ne","Dry","10:30:00","[""None Used"",""None Used""]","Clear",0,33.836994,-84.371026,"Atlanta","FULTON","[""Motor Vehicle in Motion"",""Motor Vehicle in Motion""]","Changed Lanes Improperly","[""Motor Vehicle in Motion"",""Motor Vehicle in Motion""]"
0,0,"Atlanta Police Department","2022-08-10","Hutchens Rd Se and Jonesboro Rd Se","(O) No Injury","Daylight","On Roadway - Non-Intersection","Head On","Jonesboro Rd Se","Dry","19:00:00","[""Lap and Shoulder Belt Used"",""Lap and Shoulder Belt Used"",""Lap and Shoulder Belt Used"",""Lap and Shoulder Belt Used""]","Clear",0,33.67198,-84.372369,"Atlanta","FULTON","[""Motor Vehicle in Motion"",""Motor Vehicle in Motion"",""Motor Vehicle in Motion""]","Failure to Yield","[""Motor Vehicle in Motion"",""Motor Vehicle in Motion"",""Motor Vehicle in Motion""]"
0,0,"Atlanta Police Department","2022-08-10","None and I-85","(O) No Injury","Daylight","On Roadway - Non-Intersection","Rear End","I-85","Dry","19:00:00","[""Lap and Shoulder Belt Used"",""Lap and Shoulder Belt Used"",""Lap and Shoulder Belt Used""]","Clear",0,33.824781,-84.349804,"Atlanta","FULTON","[""Motor Vehicle in Motion"",""Motor Vehicle in Motion"",""Motor Vehicle in Motion""]","Following Too Close","[""Motor Vehicle in Motion"",""Motor Vehicle in Motion"",""Motor Vehicle in Motion""]"
0,0,"Atlanta Police Department","2022-08-10","Wieuca Rd Ne and Phipps Blvd Ne","(O) No Injury","Dark-Lighted","On Roadway - Roadway Intersection","Sideswipe-Same Direction","Phipps Blvd Ne","Dry","21:00:00","[""Unknown"",""Unknown"",""Lap and Shoulder Belt Used""]","Clear",0,33.855436,-84.360711,"Atlanta","FULTON","[""Motor Vehicle in Motion"",""Motor Vehicle in Motion""]","Changed Lanes Improperly","[""Motor Vehicle in Motion"",""Motor Vehicle in Motion""]"
0,0,"Atlanta Police Department","2022-08-10","Marietta St Nw and Northside Dr Nw","(C) Possible Injury / Complaint","Daylight","On Roadway - Roadway Intersection","Angle Crash","Northside Dr Nw","Dry","17:08:00","[""Unknown"",""Unknown""]","Clear",0,33.775857,-84.407012,"Atlanta","FULTON","[""Motor Vehicle in Motion"",""Motor Vehicle in Motion""]","Disregard Stop Sign/Signal","[""Motor Vehicle in Motion"",""Motor Vehicle in Motion""]"
0,0,"Atlanta Police Department","2022-08-10","None and I-75","(O) No Injury","Daylight","On Roadway - Non-Intersection","Sideswipe-Opposite Direction","I-75","Water (standing or moving)","07:47:00","[""Unknown"",""Unknown""]","Rain",0,33.791874,-84.390734,"Atlanta","FULTON","[""Motor Vehicle in Motion"",""Motor Vehicle in Motion""]","Changed Lanes Improperly","[""Motor Vehicle in Motion"",""Motor Vehicle in Motion""]"
0,0,"Atlanta Police Department","2022-08-10","North Ave Ne and Bonaventure Ave Ne","(O) No Injury","Daylight","On Roadway - Driveway Intersection","Sideswipe-Same Direction","Bonaventure Ave Ne","Water (standing or moving)","08:20:00","[""Lap and Shoulder Belt Used"",""Lap and Shoulder Belt Used""]","Rain",0,33.77112,-84.361033,"Atlanta","FULTON","[""Motor Vehicle in Motion"",""Motor Vehicle in Motion""]","Failure to Yield","[""Motor Vehicle in Motion"",""Motor Vehicle in Motion""]"
0,0,"Atlanta Police Department","2022-08-10","Oakview Rd Se and Lakeview Dr Se","(C) Possible Injury / Complaint","Daylight","On Roadway - Roadway Intersection","Angle Crash","Oakview Rd Se","Dry","18:35:00","[""Lap and Shoulder Belt Used"",""Lap and Shoulder Belt Used""]","Clear",0,33.750067,-84.314137,"Atlanta","DEKALB","[""Motor Vehicle in Motion"",""Motor Vehicle in Motion""]","Disregard Stop Sign/Signal","[""Motor Vehicle in Motion"",""Motor Vehicle in Motion""]"
0,0,"Atlanta Police Department","2022-08-10","None and I-75","(O) No Injury","Dark-Lighted","On Roadway - Non-Intersection","Rear End","I-75","Water (standing or moving)","20:56:00","[""Unknown"",""Unknown"",""Unknown"",""Unknown"",""Unknown""]","Cloudy",0,33.771652,-84.390431,"Atlanta","FULTON","[""Motor Vehicle in Motion"",""Motor Vehicle in Motion"",""Motor Vehicle in Motion"",""Motor Vehicle in Motion"",""Motor Vehicle in Motion""]","[""Following Too Close"",""Following Too Close""]","[""Motor Vehicle in Motion"",""Motor Vehicle in Motion"",""Motor Vehicle in Motion"",""Motor Vehicle in Motion"",""Motor Vehicle in Motion""]"
0,0,"Gsp Post 00","2022-08-10","I-285 North and Hollowell Pkwy","(O) No Injury","Daylight","On Roadway - Non-Intersection","Sideswipe-Same Direction","I-285 North","Dry","10:20:00","[""Lap and Shoulder Belt Used"",""Child Restraint System (Properly Used)"",""Lap and Shoulder Belt Used"",""Lap and Shoulder Belt Used""]","Cloudy",0,33.789557,-84.490707,"Atlanta","FULTON","[""Motor Vehicle in Motion"",""Motor Vehicle in Motion""]","Changed Lanes Improperly","[""Motor Vehicle in Motion"",""Motor Vehicle in Motion""]"
0,0,"Atlanta Police Department","2022-08-10","I-75 and Peachtree Battle Ave Nw","(O) No Injury","Daylight","On Roadway - Non-Intersection","Rear End","I-75","Dry","12:25:00","[""Lap and Shoulder Belt Used"",""Lap and Shoulder Belt Used"",""Lap and Shoulder Belt Used""]","Clear",0,33.825951,-84.424386,"Atlanta","FULTON","[""Motor Vehicle in Motion"",""Motor Vehicle in Motion""]","Following Too Close","[""Motor Vehicle in Motion"",""Motor Vehicle in Motion""]"
0,0,"Atlanta Police Department","2022-08-10","None and I-75","(C) Possible Injury / Complaint","Daylight","On Roadway - Non-Intersection","Angle Crash","I-75","Dry","16:45:00","[""Lap and Shoulder Belt Used"",""Lap and Shoulder Belt Used"",""Lap and Shoulder Belt Used""]","Clear",0,33.774434,-84.390472,"Atlanta","FULTON","[""Motor Vehicle in Motion"",""Motor Vehicle in Motion""]","Changed Lanes Improperly","[""Motor Vehicle in Motion"",""Motor Vehicle in Motion""]"
0,0,"Atlanta Police Department","2022-08-10","I-75 and Exit 244","(O) No Injury","Daylight","On Roadway - Non-Intersection","Sideswipe-Same Direction","I-75","Dry","17:12:00","[""None Used"",""None Used""]","Clear",0,33.719569,-84.396482,"Atlanta","FULTON","[""Motor Vehicle in Motion"",""Motor Vehicle in Motion""]",,"[""Motor Vehicle in Motion"",""Motor Vehicle in Motion""]"
0,0,"Atlanta Police Department","2022-08-10","None and I-85","(O) No Injury","Daylight","On Roadway - Non-Intersection","Rear End","I-85","Wet","07:51:00","Unknown","Rain",0,33.805647,-84.381842,"Atlanta","FULTON","[""Motor Vehicle in Motion"",""Motor Vehicle in Motion""]","Following Too Close","[""Motor Vehicle in Motion"",""Motor Vehicle in Motion""]"
0,0,"Atlanta Police Department","2022-08-10","I-75 and Exit 249D","(C) Possible Injury / Complaint","Daylight","On Roadway - Non-Intersection","Rear End","I-75","Dry","10:55:00","[""Lap and Shoulder Belt Used"",""Lap and Shoulder Belt Used"",""Lap Belt Only Used"",""Lap and Shoulder Belt Used"",""Lap and Shoulder Belt Used""]","Cloudy",0,33.76728,-84.38839,"Atlanta","FULTON","[""Motor Vehicle in Motion"",""Motor Vehicle in Motion"",""Motor Vehicle in Motion""]","Following Too Close","[""Motor Vehicle in Motion"",""Motor Vehicle in Motion"",""Motor Vehicle in Motion""]"
0,0,"Atlanta Police Department","2022-08-10","None and I-20","(O) No Injury","Daylight","On Roadway - Non-Intersection","Rear End","I-20","Dry","11:30:00","[""Lap and Shoulder Belt Used"",""Lap and Shoulder Belt Used""]","Clear",0,33.74344,-84.384536,"Atlanta","FULTON","[""Motor Vehicle in Motion"",""Motor Vehicle in Motion""]","Following Too Close","[""Motor Vehicle in Motion"",""Motor Vehicle in Motion""]"
0,0,"Atlanta Police Department","2022-08-10","None and I-20","(O) No Injury","Daylight","On Roadway - Non-Intersection","Not a Collision with Motor Vehicle","I-20","Wet","16:50:00","Lap and Shoulder Belt Used","Rain",0,33.758554,-84.473515,"Atlanta","FULTON","Motor Vehicle in Motion",,"Motor Vehicle in Motion"
0,4,"Atlanta Police Department","2022-08-10","Pryor St Sw and Richardson St Sw","(B) Suspected Minor/Visible Injury","Daylight","On Roadway - Roadway Intersection","Angle Crash","Pryor St Sw","Dry","19:34:00","[""Unknown"",""Unknown"",""Unknown"",""Unknown""]","Clear",0,33.740734,-84.394549,"Atlanta","FULTON","[""Motor Vehicle in Motion"",""Motor Vehicle in Motion""]","[""Improper Turn"",""Improper Passing""]","[""Motor Vehicle in Motion"",""Utility Pole""]"
0,0,"Gsp Post 00","2022-08-10","North Ave and Parkway Dr Ne","(O) No Injury","Daylight","On Roadway - Non-Intersection","Sideswipe-Same Direction","Parkway Dr Ne","Dry","12:04:00","[""Unknown"",""Lap and Shoulder Belt Used"",""Lap and Shoulder Belt Used""]","Cloudy",0,33.771016,-84.372788,"Atlanta","FULTON","[""Motor Vehicle in Motion"",""Motor Vehicle in Motion"",""Motor Vehicle in Motion""]","[""Disregard Police - Evasion"",""Reckless Driving""]","[""Motor Vehicle in Motion"",""Motor Vehicle in Motion"",""Motor Vehicle in Motion""]"
0,0,"Atlanta Police Department","2022-08-10","None and Hamilton E Holmes Dr Nw Exit 52B Rp","(O) No Injury","Daylight","On Roadway - Non-Intersection","Sideswipe-Same Direction","Hamilton E Holmes Dr Nw Exit 52B Rp","Dry","17:30:00","[""Unknown"",""Unknown""]","Clear",0,33.758537,-84.469346,"Atlanta","FULTON","[""Motor Vehicle in Motion"",""Motor Vehicle in Motion""]","Failure to Yield","[""Motor Vehicle in Motion"",""Motor Vehicle in Motion""]"
0,0,"Atlanta Police Department","2022-08-10","Crown Rd Se and Browns Mill Rd Se","(O) No Injury","Daylight","On Roadway - Non-Intersection","Sideswipe-Same Direction","Browns Mill Rd Se","Dry","15:00:00","[""Lap and Shoulder Belt Used"",""Lap and Shoulder Belt Used""]","Clear",0,33.65187,-84.39427,"Atlanta","FULTON","[""Motor Vehicle in Motion"",""Motor Vehicle in Motion""]","Misjudged Clearance","[""Motor Vehicle in Motion"",""Motor Vehicle in Motion""]"
0,0,"Atlanta Police Department","2022-08-10","None and I-20","Unknown","Dark-Lighted","Entrance/Exit Ramp","Not a Collision with Motor Vehicle","I-20","Wet","23:24:00",,"Cloudy",0,33.744847,-84.391902,"Atlanta","FULTON","Median Barrier","Driver Lost Control","Median Barrier"
0,1,"Atlanta Police Department","2022-08-10","Barge Rd Sw and Valeland Ave Sw","(B) Suspected Minor/Visible Injury","Daylight","On Roadway - Roadway Intersection","Not a Collision with Motor Vehicle","Barge Rd Sw","Wet","08:23:00","Unknown","Rain",0,33.687235,-84.506276,"Atlanta","FULTON","Other Non-Collision","Too Fast for Conditions","Over Turn"
0,0,"Atlanta Police Department","2022-08-10","None and I-20","(O) No Injury","Daylight","On Roadway - Non-Intersection","Rear End","I-20","Dry","18:00:00","[""Unknown"",""Unknown""]","Clear",0,33.743765,-84.35616,"Atlanta","FULTON","[""Motor Vehicle in Motion"",""Motor Vehicle in Motion""]","Following Too Close","[""Motor Vehicle in Motion"",""Motor Vehicle in Motion""]"
0,0,"Atlanta Police Department","2022-08-10","Carmia Dr Sw and Camp Creek Pkwy Sw","(C) Possible Injury / Complaint","Daylight","On Roadway - Non-Intersection","Sideswipe-Same Direction","Camp Creek Pkwy Sw","Dry","15:43:00","[""Unknown"",""Unknown"",""Unknown""]","Clear",0,33.654927,-84.510523,"Atlanta","FULTON","[""Motor Vehicle in Motion"",""Motor Vehicle in Motion""]","Changed Lanes Improperly","[""Motor Vehicle in Motion"",""Motor Vehicle in Motion""]"
0,0,"Atlanta Police Department","2022-08-10","Macon Dr Sw and Cleveland Ave Se","(O) No Injury","Daylight","On Roadway - Non-Intersection","Sideswipe-Same Direction","Cleveland Ave Se","Dry","13:17:00","Unknown","Clear",0,33.681103,-84.388776,"Atlanta","FULTON","[""Motor Vehicle in Motion"",""Motor Vehicle in Motion""]","Improper Passing","[""Motor Vehicle in Motion"",""Motor Vehicle in Motion""]"
0,0,"Atlanta Police Department","2022-08-10","I-20 and Fulton Industrial Blvd Sw","(C) Possible Injury / Complaint","Dark-Lighted","On Roadway - Non-Intersection","Rear End","I-20","Water (standing or moving)","05:55:00","[""Unknown"",""Unknown""]","Rain",0,33.764204,-84.492217,"Atlanta","FULTON","[""Motor Vehicle in Motion"",""Motor Vehicle in Motion""]","Following Too Close","[""Motor Vehicle in Motion"",""Motor Vehicle in Motion""]"
0,0,"Atlanta Police Department","2022-08-10","Central Ave Sw and Trinity Ave Sw","(C) Possible Injury / Complaint","Daylight","On Roadway - Roadway Intersection","Angle Crash","Trinity Ave Sw","Wet","06:40:00","[""Lap and Shoulder Belt Used"",""Lap and Shoulder Belt Used"",""Lap and Shoulder Belt Used""]","Rain",0,33.748524,-84.391495,"Atlanta","FULTON","[""Motor Vehicle in Motion"",""Motor Vehicle in Motion""]","Disregard Stop Sign/Signal","[""Motor Vehicle in Motion"",""Motor Vehicle in Motion""]"
0,0,"Atlanta Police Department","2022-08-10","I-285 N and Martin Luther King Jr Dr Sw","(O) No Injury","Daylight","On Roadway - Driveway Intersection","Not a Collision with Motor Vehicle","Martin Luther King Jr Dr Sw","Wet","05:30:00","Unknown","Rain",0,33.753516,-84.495334,"Atlanta","FULTON","Motor Vehicle in Motion","Driver Lost Control","Motor Vehicle in Motion"
0,0,"Atlanta Police Department","2022-08-10","Cleveland Ave Sw and Old Hapeville Rd Sw","(C) Possible Injury / Complaint","Daylight","On Roadway - Roadway Intersection","Angle Crash","Old Hapeville Rd Sw","Dry","18:50:00","[""Unknown"",""Unknown""]","Clear",0,33.681193,-84.393749,"Atlanta","FULTON","[""Motor Vehicle in Motion"",""Motor Vehicle in Motion""]","Improper Turn","[""Motor Vehicle in Motion"",""Motor Vehicle in Motion""]"
0,0,"Atlanta Police Department","2022-08-10","18Th St Nw and W Peachtree St Ne","(C) Possible Injury / Complaint","Daylight","On Roadway - Roadway Intersection","Angle Crash","18Th St Nw","Dry","17:40:00","[""Lap and Shoulder Belt Used"",""Lap and Shoulder Belt Used""]","Clear",0,33.793294,-84.387757,"Atlanta","FULTON","[""Motor Vehicle in Motion"",""Motor Vehicle in Motion""]","Changed Lanes Improperly","[""Motor Vehicle in Motion"",""Motor Vehicle in Motion""]"
0,0,"Atlanta Police Department","2022-08-10","Lee St Sw and Sparks St Sw","(C) Possible Injury / Complaint","Daylight","On Roadway - Driveway Intersection","Rear End","Sparks St Sw","Water (standing or moving)","07:50:00","[""Unknown"",""Unknown"",""Unknown""]","Clear",0,33.725772,-84.419206,"Atlanta","FULTON","[""Motor Vehicle in Motion"",""Motor Vehicle in Motion""]","Following Too Close","[""Motor Vehicle in Motion"",""Motor Vehicle in Motion""]"
0,0,"Atlanta Police Department","2022-08-10","None and I-75","(C) Possible Injury / Complaint","Daylight","On Roadway - Non-Intersection","Rear End","I-75","Wet","08:30:00","[""Lap and Shoulder Belt Used"",""Lap and Shoulder Belt Used"",""Lap and Shoulder Belt Used""]","Cloudy",0,33.765385,-84.385196,"Atlanta","FULTON","[""Motor Vehicle in Motion"",""Motor Vehicle in Motion""]","Following Too Close","[""Motor Vehicle in Motion"",""Motor Vehicle in Motion""]"
0,0,"Atlanta Police Department","2022-08-10","None and I-75","(C) Possible Injury / Complaint","Daylight","On Roadway - Non-Intersection","Rear End","I-75","Dry","11:11:00","[""Lap and Shoulder Belt Used"",""Lap and Shoulder Belt Used""]","Clear",0,33.741189,-84.391582,"Atlanta","FULTON","[""Motor Vehicle in Motion"",""Motor Vehicle in Motion""]","[""Following Too Close"",""Other Exterior Distraction (Distracted)""]","[""Motor Vehicle in Motion"",""Motor Vehicle in Motion""]"
0,0,"Gsp Post 00","2022-08-10","Parkway Dr Ne and Ralph David Mcgill","(O) No Injury","Daylight","On Roadway - Non-Intersection","Angle Crash","Parkway Dr Ne","Dry","12:02:00","[""None Used"",""Lap and Shoulder Belt Used""]","Cloudy",0,33.771959,-84.372783,"Atlanta","FULTON","[""Motor Vehicle in Motion"",""Motor Vehicle in Motion""]","Disregard Police - Evasion","[""Motor Vehicle in Motion"",""Motor Vehicle in Motion""]"
0,0,"Atlanta Police Department","2022-08-10","Pulliam St Sw and Richardson St Sw","(O) No Injury","Daylight","On Roadway - Roadway Intersection","Angle Crash","Pulliam St Sw","Dry","10:30:00","[""Unknown"",""Lap and Shoulder Belt Used""]","Cloudy",0,33.740674,-84.392386,"Atlanta","FULTON","[""Motor Vehicle in Motion"",""Motor Vehicle in Motion""]","Changed Lanes Improperly","[""Motor Vehicle in Motion"",""Motor Vehicle in Motion""]"
0,0,"Atlanta Police Department","2022-08-10","Nassau St Nw and Centennial Olympic Park Dr Nw","(O) No Injury","Daylight","On Roadway - Non-Intersection","Sideswipe-Opposite Direction","Nassau St Nw","Dry","15:30:00","[""Unknown"",""Unknown""]","Other",0,33.758939,-84.392189,"Atlanta","FULTON","[""Motor Vehicle in Motion"",""Motor Vehicle in Motion""]","[""Vision Obscured"",""Vision Obscured""]","[""Motor Vehicle in Motion"",""Motor Vehicle in Motion""]"
0,0,"Atlanta Police Department","2022-08-10","Peachtree Rd and Roxboro Rd Ne","(O) No Injury","Daylight","On Roadway - Roadway Intersection","Angle Crash","Roxboro Rd Ne","Dry","16:31:00","[""Unknown"",""Unknown""]","Clear",0,33.853636,-84.358077,"Atlanta","FULTON","[""Motor Vehicle in Motion"",""Motor Vehicle in Motion""]","[""Failure to Yield"",""Failure to Yield""]","[""Motor Vehicle in Motion"",""Motor Vehicle in Motion""]"
0,0,"Gsp Post 00","2022-08-10","Boulevard Se and I-20 Exit Ramp","(O) No Injury","Daylight","Entrance/Exit Ramp","Angle Crash","I-20 Exit Ramp","Dry","12:00:00","[""Unknown"",""Lap and Shoulder Belt Used"",""Lap and Shoulder Belt Used"",""Lap Belt Only Used"",""Lap and Shoulder Belt Used""]","Clear",0,33.743916,-84.368135,"Atlanta","FULTON","[""Motor Vehicle in Motion"",""Motor Vehicle in Motion"",""Motor Vehicle in Motion""]","[""Disregard Stop Sign/Signal"",""Disregard Police - Evasion"",""Reckless Driving""]","[""Motor Vehicle in Motion"",""Motor Vehicle in Motion"",""Motor Vehicle in Motion""]"
0,0,"Atlanta Police Department","2022-08-10","Peachtree St Sw and Whitehall St Sw","(O) No Injury","Daylight","On Roadway - Non-Intersection","Sideswipe-Same Direction","Whitehall St Sw","Wet","08:15:00","[""Lap and Shoulder Belt Used"",""Lap and Shoulder Belt Used""]","Rain",0,33.746931,-84.397119,"Atlanta","FULTON","[""Motor Vehicle in Motion"",""Motor Vehicle in Motion""]","Changed Lanes Improperly","[""Motor Vehicle in Motion"",""Motor Vehicle in Motion""]"
0,0,"Atlanta Police Department","2022-08-10","Shelton Ave Sw and Metropolitan Pkwy Sw","(C) Possible Injury / Complaint","Daylight","On Roadway - Roadway Intersection","Not a Collision with Motor Vehicle","Shelton Ave Sw","Dry","10:45:00",,"Cloudy",0,33.734418,-84.408126,"Atlanta","FULTON","[""Motor Vehicle in Motion"",""Motor Vehicle in Motion""]",,"Pedestrian"