"# Serious Injuries","# Visible Injuries","Agency Name (Crash Level) ","Date","Intersection Name (from Crash Report)","KABCO Severity","Light Conditions (Crash Level)","Location at Impact (Crash Level) ","Manner of Collision (Crash Level) ","Roadway (From Crash Report)","Surface Condition (Crash Level) ","Time","Safety Equipment (Crash Level) ","Weather Conditions (Crash Level)","# of Fatalities per Crash","Latitude","Longitude","Geolocated City","Geolocated County","First Harmful Event (Unit Order)","Operator/Pedestrian Contrib Factor (excl None, Other, No Contrib Factors)","Most Harmful Event (Crash Level)"
0,0,"Atlanta Police Department","2022-08-12","Lee St Sw and Poole Pl Sw","(O) No Injury","Dark-Lighted","On Roadway - Non-Intersection","Sideswipe-Same Direction","Lee St Sw","Dry","21:00:00","[""Unknown"",""Lap and Shoulder Belt Used""]","Clear",0,33.739513,-84.414088,"Atlanta","FULTON","[""Motor Vehicle in Motion"",""Motor Vehicle in Motion""]","Improper Passing","Motor Vehicle in Motion"
0,0,"Atlanta Police Department","2022-08-12","Springside Dr Se and Browns Mill Rd Se","(O) No Injury","Daylight","On Roadway - Roadway Intersection","Head On","Springside Dr Se","Dry","19:30:00","[""Lap and Shoulder Belt Used"",""Lap and Shoulder Belt Used""]","Cloudy",0,33.676363,-84.384207,"Atlanta","FULTON","[""Motor Vehicle in Motion"",""Motor Vehicle in Motion""]","Failure to Yield","[""Motor Vehicle in Motion"",""Motor Vehicle in Motion""]"
0,0,"Atlanta Police Department","2022-08-12","Huff Rd Nw and Howell Mill Rd Nw","(O) No Injury","Daylight","On Roadway - Non-Intersection","Rear End","Howell Mill Rd Nw","Dry","10:20:00","[""Lap and Shoulder Belt Used"",""Lap and Shoulder Belt Used"",""Lap and Shoulder Belt Used""]","Clear",0,33.787773,-84.412949,"Atlanta","FULTON","[""Motor Vehicle in Motion"",""Motor Vehicle in Motion""]","Improper Backing","[""Motor Vehicle in Motion"",""Motor Vehicle in Motion""]"
0,0,"Gsp Post 00","2022-08-12","14Th St and I-7585 Nb","(C) Possible Injury / Complaint","Dawn","On Roadway - Non-Intersection","Rear End","I-7585 Nb","Wet","06:20:00","[""Lap and Shoulder Belt Used"",""Lap and Shoulder Belt Used"",""Lap and Shoulder Belt Used"",""Lap and Shoulder Belt Used""]","Cloudy",0,33.790053,-84.390811,"Atlanta","FULTON","[""Motor Vehicle in Motion"",""Motor Vehicle in Motion""]","Following Too Close","[""Motor Vehicle in Motion"",""Motor Vehicle in Motion""]"
0,0,"Gsp Post 00","2022-08-12","Fair Drive and I-7585 Southbound","(O) No Injury","Daylight","On Roadway - Non-Intersection","Sideswipe-Same Direction","I-7585 Southbound","Dry","18:15:00","[""Unknown"",""Lap and Shoulder Belt Used""]","Clear",0,33.693347,-84.403841,"Atlanta","FULTON","[""Motor Vehicle in Motion"",""Motor Vehicle in Motion""]","Changed Lanes Improperly","[""Motor Vehicle in Motion"",""Motor Vehicle in Motion""]"
0,0,"Atlanta Police Department","2022-08-12","Northwest Dr Nw and James Jackson Pkwy Nw","(C) Possible Injury / Complaint","Daylight","On Roadway - Roadway Intersection","Angle Crash","Northwest Dr Nw","Dry","15:04:00","[""Lap and Shoulder Belt Used"",""Lap and Shoulder Belt Used"",""Lap and Shoulder Belt Used"",""Lap and Shoulder Belt Used""]","Clear",0,33.787594,-84.476677,"Atlanta","FULTON","[""Motor Vehicle in Motion"",""Motor Vehicle in Motion""]",,"[""Motor Vehicle in Motion"",""Motor Vehicle in Motion""]"
0,0,"Atlanta Police Department","2022-08-12","14Th St Nw and I-75 85 Sb Expy","(C) Possible Injury / Complaint","Dark-Lighted","On Roadway - Non-Intersection","Rear End","I-75 85 Sb Expy","Wet","00:04:00","[""Lap and Shoulder Belt Used"",""Lap and Shoulder Belt Used"",""Lap and Shoulder Belt Used"",""Lap and Shoulder Belt Used"",""Lap and Shoulder Belt Used"",""Lap and Shoulder Belt Used""]","Rain",0,33.787147,-84.391155,"Atlanta","FULTON","[""Motor Vehicle in Motion"",""Motor Vehicle in Motion"",""Motor Vehicle in Motion"",""Motor Vehicle in Motion""]","Following Too Close","[""Motor Vehicle in Motion"",""Motor Vehicle in Motion"",""Motor Vehicle in Motion"",""Motor Vehicle in Motion""]"
0,0,"Atlanta Police Department","2022-08-12","Spring St Nw and North Ave Nw","(C) Possible Injury / Complaint","Daylight","On Roadway - Roadway Intersection","Rear End","North Ave Nw","Water (standing or moving)","09:19:00","[""Unknown"",""Unknown"",""Unknown""]","Rain",0,33.771238,-84.388149,"Atlanta","FULTON","[""Motor Vehicle in Motion"",""Motor Vehicle in Motion"",""Motor Vehicle in Motion""]","Following Too Close","[""Motor Vehicle in Motion"",""Motor Vehicle in Motion"",""Motor Vehicle in Motion""]"
0,1,"Atlanta Police Department","2022-08-12","None and Lee St Sw","(B) Suspected Minor/Visible Injury","Daylight","On Roadway - Non-Intersection","Rear End","Lee St Sw","Dry","17:28:00","[""Lap and Shoulder Belt Used"",""Lap and Shoulder Belt Used"",""Lap and Shoulder Belt Used""]","Clear",0,33.721381,-84.423713,"Atlanta","FULTON","[""Motor Vehicle in Motion"",""Motor Vehicle in Motion""]",,"[""Motor Vehicle in Motion"",""Motor Vehicle in Motion""]"
0,0,"Atlanta Police Department","2022-08-12","North Ave Ne and John Lewis Freedom Pkwy Ne","(O) No Injury","Daylight","On Roadway - Roadway Intersection","Angle Crash","North Ave Ne","Dry","08:15:00","[""Unknown"",""Unknown""]","Cloudy",0,33.771093,-84.359399,"Atlanta","FULTON","[""Motor Vehicle in Motion"",""Motor Vehicle in Motion""]","Disregard Stop Sign/Signal","[""Motor Vehicle in Motion"",""Motor Vehicle in Motion""]"
0,0,"Gsp Post 00","2022-08-12","I-285 E and Jonesboro Rd","(O) No Injury","Daylight","On Roadway - Non-Intersection","Rear End","I-285 E","Dry","18:08:00","[""Unknown"",""Lap and Shoulder Belt Used"",""Unknown""]","Clear",0,33.651985,-84.367078,"Atlanta","FULTON","[""Motor Vehicle in Motion"",""Motor Vehicle in Motion"",""Motor Vehicle in Motion""]","Following Too Close","[""Motor Vehicle in Motion"",""Motor Vehicle in Motion"",""Motor Vehicle in Motion""]"
0,0,"Gsp Post 00","2022-08-12","I-20 and I-7585 Nb","(O) No Injury","Daylight","On Roadway - Non-Intersection","Rear End","I-7585 Nb","Dry","10:40:00","[""None Used"",""Lap and Shoulder Belt Used"",""Unknown"",""Lap and Shoulder Belt Used""]","Clear",0,33.745175,-84.39013,"Atlanta","FULTON","[""Motor Vehicle in Motion"",""Motor Vehicle in Motion"",""Motor Vehicle in Motion"",""Motor Vehicle in Motion""]","Following Too Close","[""Motor Vehicle in Motion"",""Motor Vehicle in Motion"",""Motor Vehicle in Motion"",""Motor Vehicle in Motion""]"
0,0,"Atlanta Police Department","2022-08-12","Central Ave Sw and Richardson St Sw","(C) Possible Injury / Complaint","Daylight","On Roadway - Roadway Intersection","Sideswipe-Same Direction","Central Ave Sw","Dry","08:00:00","[""Lap and Shoulder Belt Used"",""Lap and Shoulder Belt Used""]","Cloudy",0,33.74074,-84.393433,"Atlanta","FULTON","[""Motor Vehicle in Motion"",""Motor Vehicle in Motion""]","Changed Lanes Improperly","[""Motor Vehicle in Motion"",""Motor Vehicle in Motion""]"
0,0,"Atlanta Police Department","2022-08-12","Roswell Rd Ne and Powers Ferry Rd Nw","(O) No Injury","Daylight","On Roadway - Non-Intersection","Rear End","Powers Ferry Rd Nw","Dry","15:46:00","[""Unknown"",""Unknown""]","Clear",0,33.855774,-84.382652,"Atlanta","FULTON","[""Motor Vehicle in Motion"",""Motor Vehicle in Motion""]",,"[""Motor Vehicle in Motion"",""Motor Vehicle in Motion""]"
0,0,"Gsp Post 00","2022-08-12","I-7585 Sb and Fulton St.","(O) No Injury","Daylight","Median","Not a Collision with Motor Vehicle","I-7585 Sb","Dry","06:50:00","[""Lap and Shoulder Belt Used"",""Motorcycle Helmet""]","Clear",0,33.742459,-84.391956,"Atlanta","FULTON","[""Median Barrier"",""Other Object (Not Fixed)""]","[""Driver Lost Control"",""Too Fast for Conditions""]","[""Median Barrier"",""Impact Attenuate""]"
0,0,"Atlanta Police Department","2022-08-12","Roxboro Rd Ne and Peachtree Dunwoody Rd Ne","(O) No Injury","Daylight","On Roadway - Driveway Intersection","Angle Crash","Roxboro Rd Ne","Dry","19:22:00","[""Unknown"",""Unknown""]","Clear",0,33.853639,-84.358077,"Atlanta","FULTON","[""Motor Vehicle in Motion"",""Motor Vehicle in Motion""]","Failure to Yield","[""Motor Vehicle in Motion"",""Motor Vehicle in Motion""]"
0,0,"Atlanta Police Department","2022-08-12","Ethel St Nw and Northside Dr Nw","(O) No Injury","Daylight","On Roadway - Non-Intersection","Angle Crash","Northside Dr Nw","Wet","08:00:00","[""Unknown"",""Unknown"",""Unknown""]","Rain",0,33.784714,-84.407456,"Atlanta","FULTON","[""Motor Vehicle in Motion"",""Motor Vehicle in Motion""]","Improper Turn","[""Motor Vehicle in Motion"",""Motor Vehicle in Motion""]"
0,0,"Atlanta Police Department","2022-08-12","Sawtell Ave Se and Mcdonough Blvd Se","(O) No Injury","Dark-Not Lighted","On Roadway - Driveway Intersection","Rear End","Mcdonough Blvd Se","Dry","21:00:00","[""Lap and Shoulder Belt Used"",""Lap and Shoulder Belt Used""]","Clear",0,33.713998,-84.373683,"Atlanta","FULTON","[""Motor Vehicle in Motion"",""Motor Vehicle in Motion""]","Following Too Close","[""Motor Vehicle in Motion"",""Motor Vehicle in Motion""]"
0,0,"Atlanta Police Department","2022-08-12","Village Crest Dr Nw and James Jackson Pkwy Nw","(O) No Injury","Daylight","On Roadway - Roadway Intersection","Angle Crash","James Jackson Pkwy Nw","Dry","15:41:00","[""Lap and Shoulder Belt Used"",""Lap and Shoulder Belt Used""]","Clear",0,33.812862,-84.476796,"Atlanta","FULTON","[""Motor Vehicle in Motion"",""Motor Vehicle in Motion""]",,"[""Motor Vehicle in Motion"",""Motor Vehicle in Motion""]"
0,0,"Atlanta Police Department","2022-08-12","Bolling Way Ne and E Paces Ferry Rd Ne","(O) No Injury","Daylight","On Roadway - Roadway Intersection","Angle Crash","Bolling Way Ne","Dry","17:32:00","[""Lap Belt Only Used"",""Lap and Shoulder Belt Used""]","Clear",0,33.839179,-84.378526,"Atlanta","FULTON","[""Motor Vehicle in Motion"",""Motor Vehicle in Motion""]",,"[""Motor Vehicle in Motion"",""Motor Vehicle in Motion""]"
0,0,"Gsp Post 00","2022-08-12","Central Avenue and Interstate 75  85 North","(O) No Injury","Dark-Lighted","On Roadway - Non-Intersection","Rear End","Interstate 75  85 North","Wet","06:25:00","[""Lap and Shoulder Belt Used"",""Lap and Shoulder Belt Used"",""Lap and Shoulder Belt Used""]","Cloudy",0,33.666804,-84.396879,"Atlanta","FULTON","[""Motor Vehicle in Motion"",""Motor Vehicle in Motion"",""Motor Vehicle in Motion""]","Following Too Close","[""Motor Vehicle in Motion"",""Motor Vehicle in Motion"",""Motor Vehicle in Motion""]"
0,0,"Atlanta Police Department","2022-08-13","I-75 S and Northside Dr Nw","(C) Possible Injury / Complaint","Dark-Lighted","On Roadway - Non-Intersection","Sideswipe-Same Direction","Northside Dr Nw","Dry","20:20:00","[""Lap and Shoulder Belt Used"",""Lap and Shoulder Belt Used"",""Lap and Shoulder Belt Used""]","Clear",0,33.803145,-84.407798,"Atlanta","FULTON","[""Motor Vehicle in Motion"",""Motor Vehicle in Motion""]",,"[""Motor Vehicle in Motion"",""Motor Vehicle in Motion""]"
0,0,"Atlanta Police Department","2022-08-13","Chantilly Dr Ne and Cheshire Bridge Rd Ne","(O) No Injury","Dark-Lighted","On Roadway - Roadway Intersection","Sideswipe-Same Direction","Cheshire Bridge Rd Ne","Dry","22:54:00","[""Lap and Shoulder Belt Used"",""Lap and Shoulder Belt Used""]","Clear",0,33.822727,-84.351693,"Atlanta","FULTON","[""Motor Vehicle in Motion"",""Motor Vehicle in Motion""]","Changed Lanes Improperly","[""Motor Vehicle in Motion"",""Motor Vehicle in Motion""]"
0,1,"Atlanta Police Department","2022-08-13","Terminus Pl and Piedmont Rd Ne","(B) Suspected Minor/Visible Injury","Dark-Not Lighted","Off Roadway","Not a Collision with Motor Vehicle","Terminus Pl","Dry","03:10:00","[""Unknown"",""Unknown"",""Unknown"",""Unknown""]","Clear",0,33.845554,-84.372354,"Atlanta","FULTON","Other - Fixed Object","Too Fast for Conditions","Other - Fixed Object"
0,0,"Atlanta Police Department","2022-08-13","Collier Rd Nw and Peachtree Rd Ne","(O) No Injury","Daylight","On Roadway - Roadway Intersection","Sideswipe-Opposite Direction","Peachtree Rd Ne","Dry","14:08:00","[""Unknown"",""Unknown"",""Unknown"",""Unknown""]","Cloudy",0,33.80712,-84.39383,"Atlanta","FULTON","[""Motor Vehicle in Motion"",""Motor Vehicle in Motion""]",,"[""Motor Vehicle in Motion"",""Motor Vehicle in Motion""]"
0,0,"Atlanta Police Department","2022-08-13","Spring St Nw and Peachtree St Ne","(O) No Injury","Daylight","On Roadway - Roadway Intersection","Sideswipe-Same Direction","Spring St Nw","Dry","13:01:00","[""Unknown"",""Lap and Shoulder Belt Used""]","Clear",0,33.797248,-84.388989,"Atlanta","FULTON","[""Motor Vehicle in Motion"",""Motor Vehicle in Motion""]","Changed Lanes Improperly","[""Motor Vehicle in Motion"",""Motor Vehicle in Motion""]"
0,0,"Atlanta Police Department","2022-08-13","Joseph E Lowery Blvd Nw and Donald Lee Hollowell Pkwy Nw","(O) No Injury","Dark-Lighted","On Roadway - Roadway Intersection","Sideswipe-Opposite Direction","Joseph E Lowery Blvd Nw","Dry","00:25:00","[""Lap and Shoulder Belt Used"",""Lap and Shoulder Belt Used""]","Clear",0,33.773041,-84.417371,"Atlanta","FULTON","[""Motor Vehicle in Motion"",""Motor Vehicle in Motion""]","Failure to Yield","[""Motor Vehicle in Motion"",""Motor Vehicle in Motion""]"
0,0,"Atlanta Police Department","2022-08-13","None and I-75","(C) Possible Injury / Complaint","Dark-Lighted","On Roadway - Non-Intersection","Rear End","I-75","Dry","20:20:00","[""Lap and Shoulder Belt Used"",""Lap and Shoulder Belt Used"",""Lap and Shoulder Belt Used"",""Lap and Shoulder Belt Used"",""Lap and Shoulder Belt Used"",""Lap and Shoulder Belt Used""]","Clear",0,33.790188,-84.390839,"Atlanta","FULTON","[""Motor Vehicle in Motion"",""Motor Vehicle in Motion"",""Motor Vehicle in Motion""]","Following Too Close","[""Motor Vehicle in Motion"",""Motor Vehicle in Motion"",""Motor Vehicle in Motion""]"
0,0,"Atlanta Police Department","2022-08-13","Ormond St Sw and Pollard Blvd Sw","(O) No Injury","Dusk","Off Roadway - Sidewalk","Not a Collision with Motor Vehicle","Pollard Blvd Sw","Dry","19:30:00","Lap and Shoulder Belt Used","Clear",0,33.731799,-84.390959,"Atlanta","FULTON","Motor Vehicle in Motion",,"Motor Vehicle in Motion"
0,0,"Atlanta Police Department","2022-08-13","Pharr Rd Nw and Peachtree Rd Ne","(O) No Injury","Daylight","On Roadway - Non-Intersection","Rear End","Pharr Rd Nw","Dry","19:43:00","[""Unknown"",""Unknown""]","Clear",0,33.837071,-84.381419,"Atlanta","FULTON","[""Motor Vehicle in Motion"",""Motor Vehicle in Motion""]","Following Too Close","[""Motor Vehicle in Motion"",""Motor Vehicle in Motion""]"
0,0,"Atlanta Police Department","2022-08-13","None and Marietta Blvd Nw","(O) No Injury","Daylight","On Roadway - Roadway Intersection","Sideswipe-Same Direction","Marietta Blvd Nw","Dry","17:00:00","[""Lap and Shoulder Belt Used"",""Lap and Shoulder Belt Used""]","Clear",0,33.821264,-84.45466,"Atlanta","FULTON","[""Motor Vehicle in Motion"",""Motor Vehicle in Motion""]","Changed Lanes Improperly","[""Motor Vehicle in Motion"",""Motor Vehicle in Motion""]"
0,0,"Atlanta Police Department","2022-08-13","I-75 and Williams St Nw","(O) No Injury","Daylight","On Roadway - Non-Intersection","Angle Crash","I-75","Dry","13:00:00","[""Lap and Shoulder Belt Used"",""Lap and Shoulder Belt Used""]","Clear",0,33.748359,-84.385297,"Atlanta","FULTON","[""Motor Vehicle in Motion"",""Motor Vehicle in Motion""]","Changed Lanes Improperly","[""Motor Vehicle in Motion"",""Motor Vehicle in Motion""]"
0,0,"Atlanta Police Department","2022-08-13","None and I-20","(O) No Injury","Dark-Lighted","Entrance/Exit Ramp","Rear End","I-20","Dry","21:25:00","[""Unknown"",""Unknown""]","Clear",0,33.745369,-84.396562,"Atlanta","FULTON","[""Motor Vehicle in Motion"",""Motor Vehicle in Motion""]","[""Following Too Close"",""No Signal/Improper Signal""]","[""Motor Vehicle in Motion"",""Motor Vehicle in Motion""]"
0,0,"Atlanta Police Department","2022-08-13","Ted Turner Dr Nw and John Portman Blvd Nw","(O) No Injury","Daylight","On Roadway - Roadway Intersection","Sideswipe-Same Direction","Ted Turner Dr Nw","Dry","11:35:00","[""Lap and Shoulder Belt Used"",""Lap and Shoulder Belt Used""]","Clear",0,33.76064,-84.389057,"Atlanta","FULTON","[""Motor Vehicle in Motion"",""Motor Vehicle in Motion""]","Changed Lanes Improperly","[""Motor Vehicle in Motion"",""Motor Vehicle in Motion""]"
0,0,"Atlanta Police Department","2022-08-13","I-85 and 17Th St Nw","(O) No Injury","Dark-Lighted","On Roadway - Non-Intersection","Sideswipe-Same Direction","I-85","Dry","05:46:00","[""Unknown"",""Lap and Shoulder Belt Used""]","Clear",0,33.79171,-84.391092,"Atlanta","FULTON","[""Motor Vehicle in Motion"",""Motor Vehicle in Motion""]","Changed Lanes Improperly","Motor Vehicle in Motion"
0,0,"Atlanta Police Department","2022-08-13","None and 10Th St Ne","(C) Possible Injury / Complaint","Daylight","On Roadway - Non-Intersection","Rear End","10Th St Ne","Dry","15:30:00","[""Lap and Shoulder Belt Used"",""Lap and Shoulder Belt Used"",""Lap and Shoulder Belt Used""]","Clear",0,33.781771,-84.371272,"Atlanta","FULTON","[""Motor Vehicle in Motion"",""Motor Vehicle in Motion""]","Following Too Close","[""Motor Vehicle in Motion"",""Motor Vehicle in Motion""]"
0,0,"Atlanta Police Department","2022-08-13","Peachtree Rd Ne and W Shadowlawn Ave Ne","(O) No Injury","Daylight","On Roadway - Roadway Intersection","Head On","Peachtree Rd Ne","Dry","13:15:00","[""Lap and Shoulder Belt Used"",""Lap and Shoulder Belt Used""]","Clear",0,33.841853,-84.374235,"Atlanta","FULTON","[""Motor Vehicle in Motion"",""Motor Vehicle in Motion""]","Failure to Yield","[""Motor Vehicle in Motion"",""Motor Vehicle in Motion""]"
0,0,"Atlanta Police Department","2022-08-13","Northside Dr Nw and Northside Cir Nw","(C) Possible Injury / Complaint","Daylight","On Roadway - Roadway Intersection","Rear End","Northside Dr Nw","Dry","19:36:00","[""Unknown"",""Unknown""]","Clear",0,33.797834,-84.407842,"Atlanta","FULTON","[""Motor Vehicle in Motion"",""Motor Vehicle in Motion""]",,"[""Motor Vehicle in Motion"",""Motor Vehicle in Motion""]"
0,0,"Gsp Post 00","2022-08-13","I-7585 Nb and Peachtree Street","(O) No Injury","Dark-Lighted","On Roadway - Non-Intersection","Rear End","I-7585 Nb","Dry","22:14:00","[""Lap and Shoulder Belt Used"",""Lap and Shoulder Belt Used""]","Clear",0,33.766148,-84.386531,"Atlanta","FULTON","[""Motor Vehicle in Motion"",""Motor Vehicle in Motion""]","Following Too Close","[""Motor Vehicle in Motion"",""Motor Vehicle in Motion""]"
0,0,"Atlanta Police Department","2022-08-13","Pryor Rd Sw and University Ave Sw","(O) No Injury","Daylight","On Roadway - Roadway Intersection","Rear End","University Ave Sw","Dry","15:55:00","[""Unknown"",""Unknown""]","Clear",0,33.722126,-84.393538,"Atlanta","FULTON","[""Motor Vehicle in Motion"",""Motor Vehicle in Motion""]","No Signal/Improper Signal","[""Motor Vehicle in Motion"",""Motor Vehicle in Motion""]"
0,0,"Atlanta Police Department","2022-08-13","None and I-75","(C) Possible Injury / Complaint","Daylight","On Roadway - Non-Intersection","Rear End","I-75","Dry","17:37:00","[""Lap and Shoulder Belt Used"",""Lap and Shoulder Belt Used"",""Lap and Shoulder Belt Used"",""Lap and Shoulder Belt Used"",""Lap and Shoulder Belt Used"",""Lap and Shoulder Belt Used"",""Lap and Shoulder Belt Used"",""Unknown""]","Clear",0,33.790329,-84.390874,"Atlanta","FULTON","[""Motor Vehicle in Motion"",""Motor Vehicle in Motion"",""Motor Vehicle in Motion""]","[""Following Too Close"",""Following Too Close""]","[""Motor Vehicle in Motion"",""Motor Vehicle in Motion""]"
0,0,"Atlanta Police Department","2022-08-13","None and I-20","(O) No Injury","Dark-Lighted","Off Roadway","Sideswipe-Opposite Direction","I-20","Dry","03:20:00","[""Lap and Shoulder Belt Used"",""Lap and Shoulder Belt Used""]","Clear",0,33.741629,-84.41857,"Atlanta","FULTON","[""Motor Vehicle in Motion"",""Motor Vehicle in Motion""]","Misjudged Clearance","[""Motor Vehicle in Motion"",""Motor Vehicle in Motion""]"
0,2,"Atlanta Police Department","2022-08-13","Mcdaniel St Sw and Whitehall St Sw","(B) Suspected Minor/Visible Injury","Daylight","On Roadway - Roadway Intersection","Angle Crash","Whitehall St Sw","Dry","14:03:00","[""Unknown"",""Unknown"",""Unknown""]","Clear",0,33.743569,-84.403996,"Atlanta","FULTON","[""Motor Vehicle in Motion"",""Motor Vehicle in Motion""]","Improper Turn","[""Motor Vehicle in Motion"",""Motor Vehicle in Motion""]"
0,0,"Atlanta Police Department","2022-08-13","None and I-75","(C) Possible Injury / Complaint","Daylight","On Roadway - Non-Intersection","Rear End","I-75","Dry","10:34:00","[""Lap and Shoulder Belt Used"",""Lap and Shoulder Belt Used"",""Lap and Shoulder Belt Used"",""Unknown""]","Clear",0,33.746092,-84.388889,"Atlanta","FULTON","[""Motor Vehicle in Motion"",""Motor Vehicle in Motion""]","Following Too Close","[""Motor Vehicle in Motion"",""Motor Vehicle in Motion""]"
0,0,"Atlanta Police Department","2022-08-13","Dekalb Ave Ne and Waverly Way Ne","(O) No Injury","Dark-Lighted","On Roadway - Non-Intersection","Angle Crash","Dekalb Ave Ne","Dry","21:45:00","[""Unknown"",""Unknown""]","Clear",0,33.754917,-84.357009,"Atlanta","FULTON","[""Motor Vehicle in Motion"",""Motor Vehicle in Motion""]","Disregard Other Traffic Control","[""Motor Vehicle in Motion"",""Motor Vehicle in Motion""]"
0,0,"Atlanta Police Department","2022-08-13","Helena Ave Sw and Martin Luther King Jr Dr Sw","(O) No Injury","Daylight","On Roadway - Driveway Intersection","Sideswipe-Same Direction","Martin Luther King Jr Dr Sw","Dry","17:59:00","[""Lap and Shoulder Belt Used"",""Lap and Shoulder Belt Used"",""Lap and Shoulder Belt Used""]","Clear",0,33.750541,-84.447048,"Atlanta","FULTON","[""Motor Vehicle in Motion"",""Motor Vehicle in Motion""]",,"[""Motor Vehicle in Motion"",""Motor Vehicle in Motion""]"
0,0,"Atlanta Police Department","2022-08-13","Harlan Rd Sw and Martin Luther King Jr Dr Sw","(C) Possible Injury / Complaint","Daylight","On Roadway - Roadway Intersection","Sideswipe-Same Direction","Martin Luther King Jr Dr Sw","Dry","19:06:00","[""Unknown"",""Lap and Shoulder Belt Used"",""Lap and Shoulder Belt Used"",""Lap and Shoulder Belt Used""]","Clear",0,33.754442,-84.481077,"Atlanta","FULTON","[""Motor Vehicle in Motion"",""Motor Vehicle in Motion""]","Improper Turn","Motor Vehicle in Motion"
0,0,"Atlanta Police Department","2022-08-13","I-75 85N and Exit 251A","(O) No Injury","Daylight","On Roadway - Non-Intersection","Angle Crash","I-75 85N","Dry","13:25:00","[""Unknown"",""Unknown"",""Unknown"",""Unknown""]","Clear",0,33.789615,-84.390812,"Atlanta","FULTON","[""Motor Vehicle in Motion"",""Motor Vehicle in Motion""]","Changed Lanes Improperly","[""Motor Vehicle in Motion"",""Motor Vehicle in Motion""]"
0,0,"Atlanta Police Department","2022-08-13","Lee St Sw and White St Sw","(O) No Injury","Dark-Not Lighted","On Roadway - Roadway Intersection","Rear End","White St Sw","Dry","03:30:00","[""Unknown"",""Unknown""]","Clear",0,33.729355,-84.415849,"Atlanta","FULTON","[""Motor Vehicle in Motion"",""Motor Vehicle in Motion""]","Following Too Close","[""Motor Vehicle in Motion"",""Motor Vehicle in Motion""]"
0,0,"Atlanta Police Department","2022-08-13","I-20 and Exit 53","(O) No Injury","Dark-Lighted","Entrance/Exit Ramp","Rear End","I-20","Dry","02:00:00","[""None Used"",""None Used""]","Clear",0,33.75137,-84.450066,"Atlanta","FULTON","[""Other Non-Collision"",""Motor Vehicle in Motion""]",,"[""Other Non-Collision"",""Motor Vehicle in Motion""]"
0,0,"Atlanta Police Department","2022-08-13","Northside Dr Sw and Whitehall St Sw","(O) No Injury","Dark-Lighted","On Roadway - Non-Intersection","Sideswipe-Opposite Direction","Whitehall St Sw","Dry","05:00:00","[""Unknown"",""Unknown""]","Clear",0,33.74238,-84.407497,"Atlanta","FULTON","[""Motor Vehicle in Motion"",""Motor Vehicle in Motion""]","Changed Lanes Improperly","[""Motor Vehicle in Motion"",""Motor Vehicle in Motion""]"
0,0,"Atlanta Police Department","2022-08-13","Piedmont Rd Ne and Sidney Marcus Blvd Ne","(C) Possible Injury / Complaint","Dark-Not Lighted","On Roadway - Roadway Intersection","Rear End","Piedmont Rd Ne","Dry","21:30:00","[""Unknown"",""Unknown"",""Unknown""]","Clear",0,33.825272,-84.367177,"Atlanta","FULTON","[""Motor Vehicle in Motion"",""Motor Vehicle in Motion"",""Motor Vehicle in Motion""]","Following Too Close","[""Motor Vehicle in Motion"",""Motor Vehicle in Motion"",""Motor Vehicle in Motion""]"
0,0,"Atlanta Police Department","2022-08-13","I-75 and Exit 249C","(O) No Injury","Daylight","On Roadway - Non-Intersection","Rear End","I-75","Dry","16:30:00","[""Unknown"",""Unknown""]","Clear",0,33.769489,-84.390581,"Atlanta","FULTON","[""Motor Vehicle in Motion"",""Motor Vehicle in Motion""]","Following Too Close","[""Motor Vehicle in Motion"",""Motor Vehicle in Motion""]"
0,0,"Atlanta Police Department","2022-08-13","Exit 5A and Langford Pkwy","(O) No Injury","Daylight","Entrance/Exit Ramp","Rear End","Langford Pkwy","Dry","13:13:00","[""Lap and Shoulder Belt Used"",""Lap and Shoulder Belt Used""]","Clear",0,33.690289,-84.496627,"Atlanta","FULTON","[""Motor Vehicle in Motion"",""Motor Vehicle in Motion""]","Following Too Close","[""Motor Vehicle in Motion"",""Motor Vehicle in Motion""]"
0,0,"Atlanta Police Department","2022-08-13","Sampson St Ne and Highland Ave Ne","(O) No Injury","Dark-Not Lighted","On Roadway - Non-Intersection","Sideswipe-Same Direction","Sampson St Ne","Dry","21:00:00","Unknown","Clear",0,33.760965,-84.365543,"Atlanta","FULTON","[""Motor Vehicle in Motion"",""Parked Motor Vehicle""]","Misjudged Clearance","[""Motor Vehicle in Motion"",""Parked Motor Vehicle""]"
0,4,"Atlanta Police Department","2022-08-13","Martin St Se and Martin Luther King Jr Dr Se","(B) Suspected Minor/Visible Injury","Dark-Lighted","On Roadway - Non-Intersection","Angle Crash","Martin Luther King Jr Dr Se","Dry","04:00:00","[""Unknown"",""Unknown"",""Unknown"",""Unknown"",""Unknown"",""Unknown""]","Clear",0,33.748062,-84.384376,"Atlanta","FULTON","[""Motor Vehicle in Motion"",""Motor Vehicle in Motion""]","Improper Turn","[""Motor Vehicle in Motion"",""Motor Vehicle in Motion""]"
0,0,"Atlanta Police Department","2022-08-13","14Th St Nw and Spring St Nw","(O) No Injury","Daylight","On Roadway - Driveway Intersection","Angle Crash","Spring St Nw","Dry","10:00:00","[""Lap and Shoulder Belt Used"",""Lap and Shoulder Belt Used""]","Clear",0,33.786289,-84.38924,"Atlanta","FULTON","[""Motor Vehicle in Motion"",""Motor Vehicle in Motion""]",,"[""Motor Vehicle in Motion"",""Motor Vehicle in Motion""]"