"# Serious Injuries","# Visible Injuries","Agency Name (Crash Level) ","Date","Intersection Name (from Crash Report)","KABCO Severity","Light Conditions (Crash Level)","Location at Impact (Crash Level) ","Manner of Collision (Crash Level) ","Roadway (From Crash Report)","Surface Condition (Crash Level) ","Time","Safety Equipment (Crash Level) ","Weather Conditions (Crash Level)","# of Fatalities per Crash","Latitude","Longitude","Geolocated City","Geolocated County","First Harmful Event (Unit Order)","Operator/Pedestrian Contrib Factor (excl None, Other, No Contrib Factors)","Most Harmful Event (Crash Level)"
0,0,"Atlanta Police Department","2022-08-18","Camp Creek Pkwy Sw and Princeton Lakes Pkwy","(O) No Injury","Daylight","On Roadway - Roadway Intersection","Angle Crash","Camp Creek Pkwy Sw","Dry","13:30:00","[""Unknown"",""Unknown""]","Clear",0,33.655549,-84.513222,"Atlanta","FULTON","[""Motor Vehicle in Motion"",""Motor Vehicle in Motion""]","Failure to Yield","[""Motor Vehicle in Motion"",""Motor Vehicle in Motion""]"
0,0,"Gsp Post 00","2022-08-18","None and I-20 Eb Exit Ramp To I-285 Sb","(O) No Injury","Daylight","Entrance/Exit Ramp","Sideswipe-Same Direction","I-20 Eb Exit Ramp To I-285 Sb","Dry","16:00:00","[""Unknown"",""Lap and Shoulder Belt Used""]","Clear",0,33.764814,-84.494484,"Atlanta","FULTON","[""Motor Vehicle in Motion"",""Motor Vehicle in Motion""]","Changed Lanes Improperly","[""Motor Vehicle in Motion"",""Motor Vehicle in Motion""]"
0,0,"Atlanta Police Department","2022-08-18","Winall Down Rd Ne and Peachtree Dunwoody Rd Ne","(O) No Injury","Daylight","On Roadway - Roadway Intersection","Angle Crash","Peachtree Dunwoody Rd Ne","Dry","13:26:00","[""Unknown"",""Unknown""]","Clear",0,33.864034,-84.357934,"Atlanta","FULTON","[""Motor Vehicle in Motion"",""Motor Vehicle in Motion""]","Failure to Yield","[""Motor Vehicle in Motion"",""Motor Vehicle in Motion""]"
0,0,"Gsp Post 00","2022-08-18","I-75 South and Northside Dr","(O) No Injury","Daylight","On Roadway - Non-Intersection","Rear End","I-75 South","Dry","10:40:00","[""Lap and Shoulder Belt Used"",""Lap and Shoulder Belt Used""]","Cloudy",0,33.797085,-84.395352,"Atlanta","FULTON","[""Motor Vehicle in Motion"",""Motor Vehicle in Motion""]","Changed Lanes Improperly","[""Motor Vehicle in Motion"",""Motor Vehicle in Motion""]"
0,0,"Atlanta Police Department","2022-08-18","None and Marietta Blvd Nw","(O) No Injury","Daylight","On Roadway - Non-Intersection","Angle Crash","Marietta Blvd Nw","Dry","12:00:00","[""Lap and Shoulder Belt Used"",""Lap and Shoulder Belt Used""]","Clear",0,33.820672,-84.453724,"Atlanta","FULTON","[""Motor Vehicle in Motion"",""Motor Vehicle in Motion""]","Failure to Yield","[""Motor Vehicle in Motion"",""Motor Vehicle in Motion""]"
0,0,"Atlanta Police Department","2022-08-18","Nelms Ave Ne and Clifton Rd Ne","(O) No Injury","Dark-Lighted","On Roadway - Driveway Intersection","Angle Crash","Clifton Rd Ne","Dry","22:25:00","Unknown","Clear",0,33.763163,-84.332967,"Atlanta","DEKALB","[""Parked Motor Vehicle"",""Motor Vehicle in Motion""]","Improper Turn","[""Parked Motor Vehicle"",""Motor Vehicle in Motion""]"
0,0,"Atlanta Police Department","2022-08-18","Garson Dr Ne and Piedmont Rd Ne","(O) No Injury","Daylight","On Roadway - Non-Intersection","Sideswipe-Same Direction","Piedmont Rd Ne","Dry","14:20:00","[""Unknown"",""Unknown""]","Cloudy",0,33.817848,-84.366986,"Atlanta","FULTON","[""Motor Vehicle in Motion"",""Motor Vehicle in Motion""]",,"[""Motor Vehicle in Motion"",""Motor Vehicle in Motion""]"
0,0,"Atlanta Police Department","2022-08-18","Lee St Sw and Park St Sw","(O) No Injury","Daylight","On Roadway - Roadway Intersection","Angle Crash","Lee St Sw","Dry","20:00:00","[""Unknown"",""Unknown""]","Clear",0,33.741825,-84.414025,"Atlanta","FULTON","[""Motor Vehicle in Motion"",""Motor Vehicle in Motion""]","Changed Lanes Improperly","[""Motor Vehicle in Motion"",""Motor Vehicle in Motion""]"
0,1,"Atlanta Police Department","2022-08-18","Cleveland Ave Sw and Old Hapeville Rd Sw","(B) Suspected Minor/Visible Injury","Dark-Lighted","On Roadway - Roadway Intersection","Not a Collision with Motor Vehicle","Cleveland Ave Sw","Wet","03:35:00","[""Lap and Shoulder Belt Used"",""Lap and Shoulder Belt Used""]","Cloudy",0,33.681119,-84.393715,"Atlanta","FULTON","Other Non-Collision","Exceeding Speed Limit","Utility Pole"
0,0,"Atlanta Police Department","2022-08-18","Spring St Nw and Peachtree St Ne","(O) No Injury","Daylight","On Roadway - Roadway Intersection","Sideswipe-Same Direction","Peachtree St Ne","Dry","09:30:00","[""Lap and Shoulder Belt Used"",""Lap and Shoulder Belt Used""]","Clear",0,33.797119,-84.388613,"Atlanta","FULTON","[""Motor Vehicle in Motion"",""Motor Vehicle in Motion""]","Changed Lanes Improperly","[""Motor Vehicle in Motion"",""Motor Vehicle in Motion""]"
0,0,"Gsp Post 00","2022-08-18","I-20 Eb and Mcdaniel St","(O) No Injury","Daylight","On Roadway - Non-Intersection","Rear End","I-20 Eb","Dry","12:30:00","[""Unknown"",""Lap and Shoulder Belt Used""]","Clear",0,33.742834,-84.403587,"Atlanta","FULTON","[""Motor Vehicle in Motion"",""Motor Vehicle in Motion""]","Following Too Close","[""Impact Attenuate"",""Motor Vehicle in Motion""]"
0,0,"Atlanta Police Department","2022-08-18","North Ave Ne and Peachtree St Ne","(O) No Injury","Dark-Lighted","On Roadway - Roadway Intersection","Angle Crash","North Ave Ne","Dry","22:48:00","[""Unknown"",""Unknown"",""Unknown""]","Clear",0,33.771286,-84.384966,"Atlanta","FULTON","[""Motor Vehicle in Motion"",""Motor Vehicle in Motion""]","Improper Turn","[""Motor Vehicle in Motion"",""Motor Vehicle in Motion""]"
0,0,"Gsp Post 00","2022-08-18","Delmar Lane and 2980 Delmar Lane","(O) No Injury","Dark-Lighted","Off Roadway","Not a Collision with Motor Vehicle","2980 Delmar Lane","Dry","21:56:00","[""Unknown"",""Unknown""]","Clear",0,33.755228,-84.484352,"Atlanta","FULTON","Other - Fixed Object","[""Reckless Driving"",""Disregard Police - Evasion""]","Other - Fixed Object"
0,0,"Atlanta Police Department","2022-08-18","Roxboro Rd Ne and E Paces Ferry Rd Ne","(C) Possible Injury / Complaint","Dark-Lighted","On Roadway - Roadway Intersection","Angle Crash","Roxboro Rd Ne","Dry","21:00:00","[""Unknown"",""Unknown""]","Clear",0,33.848839,-84.353245,"Atlanta","FULTON","[""Motor Vehicle in Motion"",""Motor Vehicle in Motion""]","[""Failure to Yield"",""Improper Turn""]","[""Motor Vehicle in Motion"",""Motor Vehicle in Motion""]"
0,0,"Atlanta Police Department","2022-08-18","N Pelham Rd Ne and E Morningside Dr Ne","(C) Possible Injury / Complaint","Daylight","On Roadway - Roadway Intersection","Angle Crash","N Pelham Rd Ne","Dry","08:00:00","[""Lap and Shoulder Belt Used"",""Lap and Shoulder Belt Used""]","Cloudy",0,33.797902,-84.359246,"Atlanta","FULTON","[""Motor Vehicle in Motion"",""Motor Vehicle in Motion""]",,"[""Motor Vehicle in Motion"",""Motor Vehicle in Motion""]"
0,0,"Atlanta Police Department","2022-08-18","Peters St Sw and Mcdaniel St Sw","(O) No Injury","Daylight","On Roadway - Roadway Intersection","Head On","Peters St Sw","Dry","18:00:00","[""Lap and Shoulder Belt Used"",""Lap and Shoulder Belt Used""]","Clear",0,33.744734,-84.404748,"Atlanta","FULTON","[""Motor Vehicle in Motion"",""Motor Vehicle in Motion""]","Failure to Yield","[""Motor Vehicle in Motion"",""Motor Vehicle in Motion""]"
0,0,"Atlanta Police Department","2022-08-18","Collier Rd Nw and Peachtree Rd Ne","(O) No Injury","Dark-Lighted","On Roadway - Managed Lane (HOV, HOT, Reversible)","Sideswipe-Same Direction","Peachtree Rd Ne","Dry","22:45:00","[""Unknown"",""Unknown"",""Unknown""]","Clear",0,33.807132,-84.393828,"Atlanta","FULTON","[""Motor Vehicle in Motion"",""Motor Vehicle in Motion""]","Changed Lanes Improperly","[""Motor Vehicle in Motion"",""Motor Vehicle in Motion""]"
0,0,"Atlanta Police Department","2022-08-18","None and I-285","(C) Possible Injury / Complaint","Dark-Lighted","On Roadway - Roadway Intersection","Angle Crash","I-285","Dry","03:00:00","[""Unknown"",""Unknown""]","Clear",0,33.700937,-84.498346,"Atlanta","FULTON","[""Motor Vehicle in Motion"",""Motor Vehicle in Motion""]","Changed Lanes Improperly","[""Motor Vehicle in Motion"",""Motor Vehicle in Motion""]"
0,0,"Atlanta Police Department","2022-08-18","North Ave Ne and Boulevard Ne","(O) No Injury","Daylight","On Roadway - Roadway Intersection","Sideswipe-Same Direction","Boulevard Ne","Dry","16:56:00","[""Unknown"",""Unknown""]","Clear",0,33.771176,-84.371756,"Atlanta","FULTON","[""Motor Vehicle in Motion"",""Motor Vehicle in Motion""]","Misjudged Clearance","[""Motor Vehicle in Motion"",""Motor Vehicle in Motion""]"
0,0,"Gsp Post 00","2022-08-18","I-75 N and Univeristy Ave","(O) No Injury","Daylight","On Roadway - Non-Intersection","Rear End","I-75 N","Dry","09:30:00","[""Lap and Shoulder Belt Used"",""Lap and Shoulder Belt Used"",""Lap and Shoulder Belt Used""]","Clear",0,33.719037,-84.396934,"Atlanta","FULTON","[""Motor Vehicle in Motion"",""Motor Vehicle in Motion"",""Motor Vehicle in Motion""]","Following Too Close","[""Motor Vehicle in Motion"",""Motor Vehicle in Motion"",""Motor Vehicle in Motion""]"
0,0,"Atlanta Police Department","2022-08-18","Ivan Allen Jr Blvd Nw and Centennial Olympic Park Dr Nw","(O) No Injury","Daylight","On Roadway - Roadway Intersection","Angle","Centennial Olympic Park Dr Nw","Dry","12:55:00","[""Unknown"",""Unknown"",""Unknown"",""Unknown""]","Clear",0,33.764636,-84.391838,"Atlanta","FULTON","[""Motor Vehicle in Motion"",""Motor Vehicle in Motion""]","Failure to Yield","[""Motor Vehicle in Motion"",""Motor Vehicle in Motion""]"
0,0,"Atlanta Police Department","2022-08-18","Arthur St Sw and Garibaldi St Sw","(O) No Injury","Daylight","On Roadway - Roadway Intersection","Head On","Arthur St Sw","Dry","17:40:00","[""Unknown"",""Unknown"",""Unknown""]","Clear",0,33.728105,-84.399293,"Atlanta","FULTON","[""Motor Vehicle in Motion"",""Motor Vehicle in Motion""]","Disregard Other Traffic Control","[""Motor Vehicle in Motion"",""Motor Vehicle in Motion""]"
0,0,"Atlanta Police Department","2022-08-18","Faith Ave Se and Moreland Ave Se","(O) No Injury","Dark-Lighted","On Roadway - Roadway Intersection","Sideswipe-Same Direction","Moreland Ave Se","Dry","21:00:00","[""Lap and Shoulder Belt Used"",""Lap and Shoulder Belt Used"",""Lap and Shoulder Belt Used""]","Clear",0,33.743597,-84.349235,"Atlanta","FULTON","[""Motor Vehicle in Motion"",""Motor Vehicle in Motion""]","Changed Lanes Improperly","[""Motor Vehicle in Motion"",""Motor Vehicle in Motion""]"
0,1,"Atlanta Police Department","2022-08-18","Middleton Rd Nw and Martin Luther King Jr Dr Sw","(B) Suspected Minor/Visible Injury","Daylight","On Roadway - Driveway Intersection","Angle Crash","Middleton Rd Nw","Dry","14:00:00","[""Lap and Shoulder Belt Used"",""Lap and Shoulder Belt Used""]","Clear",0,33.751737,-84.491185,"Atlanta","FULTON","[""Motor Vehicle in Motion"",""Motor Vehicle in Motion""]","Failure to Yield","[""Motor Vehicle in Motion"",""Motor Vehicle in Motion""]"
0,0,"Atlanta Police Department","2022-08-18","Glenn St Sw and Mcdaniel St Sw","(O) No Injury","Daylight","On Roadway - Roadway Intersection","Angle Crash","Mcdaniel St Sw","Dry","16:53:00","[""Unknown"",""Unknown""]","Clear",0,33.738114,-84.401644,"Atlanta","FULTON","[""Motor Vehicle in Motion"",""Motor Vehicle in Motion""]","Changed Lanes Improperly","[""Motor Vehicle in Motion"",""Motor Vehicle in Motion""]"
0,0,"Atlanta Police Department","2022-08-18","None and Ga-400","(O) No Injury","Daylight","On Roadway - Non-Intersection","Rear End","Ga-400","Dry","11:45:00","[""Unknown"",""Unknown""]","Clear",0,33.847996,-84.36761,"Atlanta","FULTON","[""Motor Vehicle in Motion"",""Motor Vehicle in Motion""]","Following Too Close","[""Motor Vehicle in Motion"",""Motor Vehicle in Motion""]"
0,0,"Gsp Post 00","2022-08-18","I-285 and I-20 East","(O) No Injury","Daylight","On Roadway - Non-Intersection","Sideswipe-Same Direction","I-20 East","Dry","17:26:00","[""Lap and Shoulder Belt Used"",""Lap and Shoulder Belt Used""]","Clear",0,33.765793,-84.504624,"Atlanta","FULTON","[""Motor Vehicle in Motion"",""Motor Vehicle in Motion""]",,"[""Motor Vehicle in Motion"",""Motor Vehicle in Motion""]"
0,0,"Atlanta Police Department","2022-08-18","None and Monroe Dr Ne","(O) No Injury","Dark-Lighted","On Roadway - Driveway Intersection","Rear End","Monroe Dr Ne","Dry","21:00:00","[""Unknown"",""Lap and Shoulder Belt Used""]","Clear",0,33.774417,-84.370907,"Atlanta","FULTON","[""Motor Vehicle in Motion"",""Motor Vehicle in Motion""]","Following Too Close","[""Motor Vehicle in Motion"",""Motor Vehicle in Motion""]"
0,0,"Gsp Post 00","2022-08-18","I-85 Sb and Lindbergh Drive","(O) No Injury","Daylight","On Roadway - Non-Intersection","Sideswipe-Same Direction","I-85 Sb","Dry","13:15:00","[""Lap and Shoulder Belt Used"",""Lap and Shoulder Belt Used"",""Lap and Shoulder Belt Used""]","Clear",0,33.818069,-84.362414,"Atlanta","FULTON","[""Motor Vehicle in Motion"",""Motor Vehicle in Motion""]",,"[""Motor Vehicle in Motion"",""Motor Vehicle in Motion""]"
0,0,"Dekalb Co Police Department","2022-08-18","Lynwyn Ln and Moreland Ave","(C) Possible Injury / Complaint","Daylight","On Roadway - Non-Intersection","Angle Crash","Moreland Ave","Dry","17:28:00","[""Lap and Shoulder Belt Used"",""Lap and Shoulder Belt Used"",""Lap and Shoulder Belt Used"",""Lap and Shoulder Belt Used"",""Lap and Shoulder Belt Used""]","Clear",0,33.717373,-84.349516,"Atlanta","FULTON","[""Motor Vehicle in Motion"",""Motor Vehicle in Motion"",""Motor Vehicle in Motion"",""Motor Vehicle in Motion"",""Motor Vehicle in Motion""]","Failure to Yield","[""Motor Vehicle in Motion"",""Motor Vehicle in Motion"",""Motor Vehicle in Motion"",""Motor Vehicle in Motion"",""Motor Vehicle in Motion""]"
0,0,"Atlanta Police Department","2022-08-18","17Th St Nw and Bishop St Nw","(O) No Injury","Dark-Lighted","On Roadway - Non-Intersection","Sideswipe-Same Direction","Bishop St Nw","Dry","18:00:00","[""Shoulder Belt Only Used"",""Shoulder Belt Only Used"",""Shoulder Belt Only Used""]","Clear",0,33.791717,-84.405553,"Atlanta","FULTON","[""Motor Vehicle in Motion"",""Motor Vehicle in Motion""]",,"[""Motor Vehicle in Motion"",""Motor Vehicle in Motion""]"
0,0,"Atlanta Police Department","2022-08-18","Pryor St Sw and Richardson St Sw","(O) No Injury","Daylight","On Roadway - Roadway Intersection","Angle Crash","Richardson St Sw","Dry","16:45:00","[""Unknown"",""Unknown""]","Clear",0,33.740734,-84.394549,"Atlanta","FULTON","[""Motor Vehicle in Motion"",""Motor Vehicle in Motion""]","Failure to Yield","[""Motor Vehicle in Motion"",""Motor Vehicle in Motion""]"
0,0,"Atlanta Police Department","2022-08-18","Randolph St Ne and Edgewood Ave Ne","(O) No Injury","Daylight","On Roadway - Non-Intersection","Sideswipe-Same Direction","Randolph St Ne","Dry","18:00:00",,"Clear",0,33.754619,-84.368017,"Atlanta","FULTON","[""Motor Vehicle in Motion"",""Parked Motor Vehicle""]","Misjudged Clearance","[""Motor Vehicle in Motion"",""Parked Motor Vehicle""]"
0,0,"Atlanta Police Department","2022-08-18","Bolling Way and E Paces Ferry Rd Ne","(O) No Injury","Daylight","On Roadway - Driveway Intersection","Sideswipe-Same Direction","E Paces Ferry Rd Ne","Dry","10:50:00","Lap and Shoulder Belt Used","Clear",0,33.839213,-84.378991,"Atlanta","FULTON","[""Motor Vehicle in Motion"",""Motor Vehicle in Motion""]","[""Failure to Yield"",""Parked Improperly""]","[""Motor Vehicle in Motion"",""Motor Vehicle in Motion""]"
0,0,"Atlanta Police Department","2022-08-18","None and I-20","(O) No Injury","Dark-Not Lighted","Median","Not a Collision with Motor Vehicle","I-20","Wet","00:00:00","Unknown","Cloudy",0,33.745005,-84.393995,"Atlanta","FULTON","Median Barrier",,"Median Barrier"
0,0,"Atlanta Police Department","2022-08-18","Sardis Way Nw and Roswell Rd Ne","(O) No Injury","Daylight","On Roadway - Non-Intersection","Sideswipe-Same Direction","Roswell Rd Ne","Dry","13:20:00","Unknown","Clear",0,33.840235,-84.379502,"Atlanta","FULTON","[""Motor Vehicle in Motion"",""Motor Vehicle in Motion""]","Misjudged Clearance","[""Motor Vehicle in Motion"",""Motor Vehicle in Motion""]"
0,0,"Atlanta Police Department","2022-08-18","Peters St Sw and Castleberry Station Dr Sw","(O) No Injury","Dark-Lighted","On Shoulder","Rear End","Peters St Sw","Dry","20:44:00","Unknown","Clear",0,33.746788,-84.402439,"Atlanta","FULTON","[""Parked Motor Vehicle"",""Motor Vehicle in Motion""]","Misjudged Clearance","[""Parked Motor Vehicle"",""Motor Vehicle in Motion""]"
0,0,"Gsp Post 00","2022-08-18","I-7585 North and Edgewood Avenue","(C) Possible Injury / Complaint","Daylight","On Roadway - Non-Intersection","Rear End","I-7585 North","Dry","17:33:00","[""Lap and Shoulder Belt Used"",""Lap and Shoulder Belt Used""]","Clear",0,33.752458,-84.379171,"Atlanta","FULTON","[""Motor Vehicle in Motion"",""Motor Vehicle in Motion""]","Following Too Close","[""Motor Vehicle in Motion"",""Motor Vehicle in Motion""]"
0,0,"Atlanta Police Department","2022-08-18","Candler Rd Se and St Patrick St Se","(C) Possible Injury / Complaint","Daylight","On Roadway - Non-Intersection","Rear End","Candler Rd Se","Dry","17:58:00","[""Unknown"",""Unknown"",""Unknown"",""Unknown""]","Clear",0,33.750907,-84.292296,"Atlanta","DEKALB","[""Motor Vehicle in Motion"",""Motor Vehicle in Motion"",""Motor Vehicle in Motion""]","Following Too Close","[""Motor Vehicle in Motion"",""Motor Vehicle in Motion"",""Motor Vehicle in Motion""]"
0,0,"Atlanta Police Department","2022-08-19","Slaton Dr Nw and Andrews Dr Nw","(O) No Injury","Daylight","On Roadway - Roadway Intersection","Rear End","Andrews Dr Nw","Other","10:00:00","[""Unknown"",""Unknown""]","Clear",0,33.836317,-84.387767,"Atlanta","FULTON","[""Motor Vehicle in Motion"",""Motor Vehicle in Motion""]",,"[""Motor Vehicle in Motion"",""Motor Vehicle in Motion""]"
0,0,"Atlanta Police Department","2022-08-19","Lorenzo Dr Sw and Campbellton Rd Sw","(O) No Injury","Daylight","On Roadway - Roadway Intersection","Angle Crash","Lorenzo Dr Sw","Wet","15:17:00","[""Unknown"",""Unknown""]","Rain",0,33.715169,-84.432484,"Atlanta","FULTON","[""Motor Vehicle in Motion"",""Motor Vehicle in Motion""]","Following Too Close","Motor Vehicle in Motion"
0,0,"Atlanta Police Department","2022-08-19","None and Grand Ave Sw","(C) Possible Injury / Complaint","Dark-Lighted","On Roadway - Roadway Intersection","Angle Crash","Grand Ave Sw","Water (standing or moving)","23:06:00","[""Lap and Shoulder Belt Used"",""Lap and Shoulder Belt Used"",""Lap and Shoulder Belt Used"",""Lap and Shoulder Belt Used"",""Lap and Shoulder Belt Used""]","Rain",0,33.681153,-84.401175,"Atlanta","FULTON","[""Motor Vehicle in Motion"",""Motor Vehicle in Motion""]",,"[""Motor Vehicle in Motion"",""Motor Vehicle in Motion""]"
0,1,"Atlanta Police Department","2022-08-19","I-75 and Exit 243","(B) Suspected Minor/Visible Injury","Dusk","On Roadway - Driveway Intersection","Sideswipe-Same Direction","I-75","Dry","23:51:00","[""Lap and Shoulder Belt Used"",""Lap and Shoulder Belt Used""]","Clear",0,33.704975,-84.403632,"Atlanta","FULTON","[""Motor Vehicle in Motion"",""Motor Vehicle in Motion""]","[""Aggressive Driving"",""Reckless Driving""]","[""Motor Vehicle in Motion"",""Motor Vehicle in Motion""]"
0,0,"Atlanta Police Department","2022-08-19","Ira St Sw and University Ave Sw","(O) No Injury","Daylight","On Roadway - Roadway Intersection","Sideswipe-Same Direction","Ira St Sw","Dry","18:30:00","[""None Used"",""None Used""]","Clear",0,33.722136,-84.400036,"Atlanta","FULTON","[""Motor Vehicle in Motion"",""Motor Vehicle in Motion""]",,"[""Motor Vehicle in Motion"",""Motor Vehicle in Motion""]"
0,0,"Atlanta Police Department","2022-08-19","Elmira Pl Ne and Dekalb Ave Ne","(O) No Injury","Daylight","On Roadway - Non-Intersection","Sideswipe-Same Direction","Elmira Pl Ne","Wet","15:00:00","[""Unknown"",""Unknown""]","Cloudy",0,33.760836,-84.346929,"Atlanta","DEKALB","[""Motor Vehicle in Motion"",""Motor Vehicle in Motion""]","Changed Lanes Improperly","[""Motor Vehicle in Motion"",""Motor Vehicle in Motion""]"
0,0,"Atlanta Police Department","2022-08-19","I-75 and North Ave Nw","(C) Possible Injury / Complaint","Dark-Lighted","On Roadway - Non-Intersection","Rear End","I-75","Water (standing or moving)","22:10:00","[""Unknown"",""Lap and Shoulder Belt Used"",""Lap and Shoulder Belt Used"",""Lap and Shoulder Belt Used"",""Lap and Shoulder Belt Used""]","Rain",0,33.770907,-84.390489,"Atlanta","FULTON","[""Motor Vehicle in Motion"",""Motor Vehicle in Motion"",""Motor Vehicle in Motion"",""Motor Vehicle in Motion""]","Following Too Close","[""Motor Vehicle in Motion"",""Motor Vehicle in Motion"",""Motor Vehicle in Motion"",""Motor Vehicle in Motion""]"
0,0,"Atlanta Police Department","2022-08-19","Marietta St Nw and Northside Dr Nw","(C) Possible Injury / Complaint","Daylight","On Roadway - Non-Intersection","Rear End","Northside Dr Nw","Dry","15:11:00","[""Lap and Shoulder Belt Used"",""Lap and Shoulder Belt Used""]","Cloudy",0,33.776329,-84.406993,"Atlanta","FULTON","[""Motor Vehicle in Motion"",""Motor Vehicle in Motion""]","Following Too Close","[""Motor Vehicle in Motion"",""Motor Vehicle in Motion""]"
0,0,"Atlanta Police Department","2022-08-19","Peachtree Rd Ne and Peachtree Memorial Dr Nw","(O) No Injury","Daylight","On Roadway - Non-Intersection","Sideswipe-Same Direction","Peachtree Memorial Dr Nw","Dry","16:01:00","[""Unknown"",""Lap and Shoulder Belt Used""]","Cloudy",0,33.816243,-84.390349,"Atlanta","FULTON","[""Motor Vehicle in Motion"",""Motor Vehicle in Motion""]",,"[""Motor Vehicle in Motion"",""Motor Vehicle in Motion""]"
0,0,"Gsp Post 00","2022-08-19","Pryor Rd and I-7585 North","(O) No Injury","Daylight","On Roadway - Non-Intersection","Rear End","I-7585 North","Wet","15:45:00","[""Unknown"",""Lap and Shoulder Belt Used""]","Rain",0,33.734267,-84.39165,"Atlanta","FULTON","[""Motor Vehicle in Motion"",""Motor Vehicle in Motion""]","Following Too Close","[""Motor Vehicle in Motion"",""Motor Vehicle in Motion""]"
0,0,"Gsp Post 00","2022-08-19","I-20 Wb and Hill Street","(C) Possible Injury / Complaint","Daylight","On Roadway - Non-Intersection","Rear End","I-20 Wb","Dry","19:05:00","[""Lap and Shoulder Belt Used"",""Lap and Shoulder Belt Used"",""Lap and Shoulder Belt Used"",""Lap and Shoulder Belt Used""]","Clear",0,33.743443,-84.381064,"Atlanta","FULTON","[""Motor Vehicle in Motion"",""Motor Vehicle in Motion""]","Following Too Close","[""Motor Vehicle in Motion"",""Motor Vehicle in Motion""]"
0,0,"Atlanta Police Department","2022-08-19","Bronner Bros Way Sw and Metropolitan Pkwy Sw","(O) No Injury","Daylight","On Roadway - Roadway Intersection","Sideswipe-Opposite Direction","Bronner Bros Way Sw","Dry","16:00:00","[""None Used"",""None Used""]","Clear",0,33.736903,-84.40815,"Atlanta","FULTON","[""Motor Vehicle in Motion"",""Motor Vehicle in Motion""]",,"[""Motor Vehicle in Motion"",""Motor Vehicle in Motion""]"
0,0,"Atlanta Police Department","2022-08-19","Rochelle Dr Sw and Oglethorpe Ave Sw","(C) Possible Injury / Complaint","Dusk","On Roadway - Roadway Intersection","Sideswipe-Same Direction","Oglethorpe Ave Sw","Dry","19:45:00","[""Unknown"",""None Used""]","Clear",0,33.736852,-84.434074,"Atlanta","FULTON","[""Motor Vehicle in Motion"",""Parked Motor Vehicle"",""Motor Vehicle in Motion""]","[""Aggressive Driving"",""Reckless Driving""]","[""Motor Vehicle in Motion"",""Parked Motor Vehicle""]"
0,0,"Atlanta Police Department","2022-08-19","Fairburn Rd Sw and Benjamin E Mays Dr Sw","(C) Possible Injury / Complaint","Daylight","On Roadway - Roadway Intersection","Rear End","Fairburn Rd Sw","Dry","11:10:00","[""Unknown"",""Unknown""]","Cloudy",0,33.740801,-84.510372,"Atlanta","FULTON","[""Motor Vehicle in Motion"",""Motor Vehicle in Motion""]","Inattentive or Other Distraction (Distracted)","[""Motor Vehicle in Motion"",""Motor Vehicle in Motion""]"
0,0,"Atlanta Police Department","2022-08-19","Boulevard Ne and John Wesley Dobbs Ave Ne","(C) Possible Injury / Complaint","Daylight","On Roadway - Roadway Intersection","Angle Crash","Boulevard Ne","Water (standing or moving)","12:10:00","[""Lap and Shoulder Belt Used"",""Lap and Shoulder Belt Used""]","Rain",0,33.759347,-84.372066,"Atlanta","FULTON","[""Motor Vehicle in Motion"",""Motor Vehicle in Motion""]","Improper Turn","[""Motor Vehicle in Motion"",""Motor Vehicle in Motion""]"
0,0,"Gsp Post 00","2022-08-19","I-7585 Nb and 10Th Street","(O) No Injury","Daylight","On Roadway - Non-Intersection","Sideswipe-Same Direction","I-7585 Nb","Dry","15:35:00","[""Lap and Shoulder Belt Used"",""Lap and Shoulder Belt Used"",""Lap and Shoulder Belt Used""]","Clear",0,33.789388,-84.391328,"Atlanta","FULTON","[""Motor Vehicle in Motion"",""Motor Vehicle in Motion""]","Changed Lanes Improperly","[""Motor Vehicle in Motion"",""Motor Vehicle in Motion""]"
0,0,"Atlanta Police Department","2022-08-19","Euclid Ave and Moreland Ave Ne","(O) No Injury","Daylight","On Roadway - Non-Intersection","Angle Crash","Euclid Ave","Wet","12:03:00","[""Lap and Shoulder Belt Used"",""Lap and Shoulder Belt Used""]","Rain",0,33.765405,-84.34917,"Atlanta","DEKALB","[""Motor Vehicle in Motion"",""Motor Vehicle in Motion""]","Changed Lanes Improperly","[""Motor Vehicle in Motion"",""Motor Vehicle in Motion""]"
0,0,"Atlanta Police Department","2022-08-19","Lindbergh Dr Ne and Cheshire Bridge Rd Ne","(O) No Injury","Daylight","On Roadway - Driveway Intersection","Rear End","Lindbergh Dr Ne","Dry","11:00:00","[""Unknown"",""Unknown""]","Clear",0,33.818491,-84.35183,"Atlanta","FULTON","[""Motor Vehicle in Motion"",""Parked Motor Vehicle""]","[""Following Too Close"",""Disregard Other Traffic Control""]","[""Motor Vehicle in Motion"",""Motor Vehicle in Motion""]"
0,0,"Gsp Post 00","2022-08-19","Spring St and I-7585 Sb","(O) No Injury","Daylight","On Roadway - Non-Intersection","Sideswipe-Same Direction","I-7585 Sb","Dry","10:41:00","[""Lap and Shoulder Belt Used"",""Lap and Shoulder Belt Used"",""Lap and Shoulder Belt Used""]","Cloudy",0,33.76763,-84.38884,"Atlanta","FULTON","[""Motor Vehicle in Motion"",""Motor Vehicle in Motion""]","Changed Lanes Improperly","[""Motor Vehicle in Motion"",""Motor Vehicle in Motion""]"