"# Serious Injuries","# Visible Injuries","Agency Name (Crash Level) ","Date","Intersection Name (from Crash Report)","KABCO Severity","Light Conditions (Crash Level)","Location at Impact (Crash Level) ","Manner of Collision (Crash Level) ","Roadway (From Crash Report)","Surface Condition (Crash Level) ","Time","Safety Equipment (Crash Level) ","Weather Conditions (Crash Level)","# of Fatalities per Crash","Latitude","Longitude","Geolocated City","Geolocated County","First Harmful Event (Unit Order)","Operator/Pedestrian Contrib Factor (excl None, Other, No Contrib Factors)","Most Harmful Event (Crash Level)"
0,0,"Gsp Post 00","2022-08-22","I-285 North and Langford Parkway","(O) No Injury","Daylight","On Roadway - Non-Intersection","Rear End","I-285 North","Dry","08:45:00","[""Lap and Shoulder Belt Used"",""Lap and Shoulder Belt Used"",""Child Restraint System (Properly Used)""]","Cloudy",0,33.690104,-84.499932,"Atlanta","FULTON","[""Motor Vehicle in Motion"",""Motor Vehicle in Motion""]","Following Too Close","[""Motor Vehicle in Motion"",""Motor Vehicle in Motion""]"
0,0,"Atlanta Police Department","2022-08-22","Drummond St Sw and Joseph E Lowery Blvd Sw","(C) Possible Injury / Complaint","Dark-Lighted","On Roadway - Non-Intersection","Angle Crash","Drummond St Sw","Other","02:30:00","[""Lap and Shoulder Belt Used"",""Lap and Shoulder Belt Used"",""Lap and Shoulder Belt Used""]","Clear",0,33.752834,-84.417547,"Atlanta","FULTON","[""Motor Vehicle in Motion"",""Motor Vehicle in Motion""]","Disregard Stop Sign/Signal","[""Motor Vehicle in Motion"",""Motor Vehicle in Motion""]"
0,0,"Atlanta Police Department","2022-08-22","Burton Rd Nw and Laurel Cir Nw","(O) No Injury","Daylight","On Roadway - Non-Intersection","Rear End","Burton Rd Nw","Dry","17:00:00","[""Unknown"",""Unknown""]","Clear",0,33.755812,-84.470896,"Atlanta","FULTON","[""Motor Vehicle in Motion"",""Motor Vehicle in Motion""]","Following Too Close","[""Motor Vehicle in Motion"",""Motor Vehicle in Motion""]"
0,0,"Atlanta Police Department","2022-08-22","None and I-75","(O) No Injury","Dark-Lighted","On Roadway - Non-Intersection","Rear End","I-75","Dry","22:08:00","[""Lap and Shoulder Belt Used"",""Lap and Shoulder Belt Used""]","Clear",0,33.691499,-84.402342,"Atlanta","FULTON","[""Motor Vehicle in Motion"",""Motor Vehicle in Motion""]","Following Too Close","[""Motor Vehicle in Motion"",""Motor Vehicle in Motion""]"
0,1,"Gsp Post 00","2022-08-22","I-75 Northbound and I-85 Northbound Overpass","(B) Suspected Minor/Visible Injury","Daylight","Off Roadway","Not a Collision with Motor Vehicle","I-75 Northbound","Wet","16:00:00","[""Lap and Shoulder Belt Used"",""Lap and Shoulder Belt Used""]","Rain",0,33.688119,-84.399463,"Atlanta","FULTON","Guard Rail Face","[""Driver Lost Control"",""Too Fast for Conditions""]","Guard Rail Fence"
0,0,"Atlanta Police Department","2022-08-22","Mcpherson Pl Se and Mcpherson Ave Se","(O) No Injury","Daylight","On Roadway - Non-Intersection","Sideswipe-Same Direction","Mcpherson Ave Se","Wet","07:55:00","Unknown","Cloudy",0,33.744319,-84.342099,"Atlanta","DEKALB","[""Parked Motor Vehicle"",""Parked Motor Vehicle""]",,"[""Motor Vehicle in Motion"",""Motor Vehicle in Motion""]"
0,0,"Gsp Post 00","2022-08-22","University Avenue and I-7585 Southbound Exit Ramp","(K) Fatal Injury","Daylight","Entrance/Exit Ramp","Not a Collision with Motor Vehicle","I-7585 Southbound Exit Ramp","Dry","13:45:00","Lap and Shoulder Belt Used","Cloudy",1,33.723283,-84.394328,"Atlanta","FULTON","Median Barrier",,"Over Turn"
0,1,"Atlanta Police Department","2022-08-22","None and I-75","(B) Suspected Minor/Visible Injury","Daylight","On Roadway - Non-Intersection","Angle Crash","I-75","Dry","16:50:00","[""Unknown"",""Unknown"",""Unknown"",""Unknown"",""Unknown"",""Unknown"",""Unknown""]","Clear",0,33.698332,-84.404766,"Atlanta","FULTON","[""Motor Vehicle in Motion"",""Motor Vehicle in Motion"",""Motor Vehicle in Motion""]","Driver Lost Control","[""Motor Vehicle in Motion"",""Motor Vehicle in Motion"",""Motor Vehicle in Motion""]"
0,0,"Atlanta Police Department","2022-08-22","Baker Rd Nw and Hamilton E Holmes Dr Nw","(O) No Injury","Dawn","On Roadway - Roadway Intersection","Head On","Baker Rd Nw","Dry","20:45:00","[""Bicycle Helmet"",""Lap and Shoulder Belt Used""]","Clear",0,33.769129,-84.471938,"Atlanta","FULTON","[""Motor Vehicle in Motion"",""Motor Vehicle in Motion""]","Following Too Close","[""Motor Vehicle in Motion"",""Parked Motor Vehicle""]"
0,0,"Atlanta Police Department","2022-08-22","Moreland Ave Se and Arkwright Pl Se","(O) No Injury","Daylight","On Roadway - Roadway Intersection","Rear End","Arkwright Pl Se","Dry","12:00:00","[""Lap and Shoulder Belt Used"",""Lap and Shoulder Belt Used""]","Cloudy",0,33.748109,-84.349218,"Atlanta","FULTON","[""Motor Vehicle in Motion"",""Motor Vehicle in Motion""]",,"[""Motor Vehicle in Motion"",""Motor Vehicle in Motion""]"
0,0,"Gsp Post 00","2022-08-22","I-7585 Sb and 17Th Street","(O) No Injury","Daylight","On Roadway - Non-Intersection","Sideswipe-Same Direction","I-7585 Sb","Dry","08:25:00","[""Lap and Shoulder Belt Used"",""Child Restraint System (Properly Used)"",""Lap and Shoulder Belt Used""]","Cloudy",0,33.786109,-84.391761,"Atlanta","FULTON","[""Motor Vehicle in Motion"",""Motor Vehicle in Motion""]",,"[""Motor Vehicle in Motion"",""Motor Vehicle in Motion""]"
0,0,"Gsp Post 00","2022-08-22","None and I-20 W Entrance Ramp To I-758","(C) Possible Injury / Complaint","Daylight","Entrance/Exit Ramp","Rear End","I-20 W Entrance Ramp To I-758","Wet","15:50:00","[""Lap and Shoulder Belt Used"",""Lap and Shoulder Belt Used""]","Cloudy",0,33.74541,-84.391265,"Atlanta","FULTON","[""Motor Vehicle in Motion"",""Motor Vehicle in Motion""]","Following Too Close","[""Motor Vehicle in Motion"",""Motor Vehicle in Motion""]"
0,0,"Atlanta Police Department","2022-08-22","Joseph E Lowery Blvd Nw and Donald Lee Hollowell Pkwy Nw","(O) No Injury","Dark-Lighted","On Roadway - Roadway Intersection","Head On","Joseph E Lowery Blvd Nw","Dry","00:14:00","[""Unknown"",""Unknown""]","Clear",0,33.773042,-84.417346,"Atlanta","FULTON","[""Motor Vehicle in Motion"",""Motor Vehicle in Motion""]","Failure to Yield","[""Motor Vehicle in Motion"",""Motor Vehicle in Motion""]"
0,0,"Atlanta Police Department","2022-08-22","Ga-400 N and Lenox Rd Ne","(O) No Injury","Daylight","On Roadway - Roadway Intersection","Rear End","Lenox Rd Ne","Dry","10:30:00","[""Unknown"",""Unknown""]","Clear",0,33.85223,-84.36862,"Atlanta","FULTON","[""Motor Vehicle in Motion"",""Motor Vehicle in Motion""]","Following Too Close","[""Motor Vehicle in Motion"",""Motor Vehicle in Motion""]"
0,0,"Atlanta Police Department","2022-08-22","Bronx St Nw and Stafford St Nw","(O) No Injury","Daylight","On Shoulder","Rear End","Stafford St Nw","Dry","09:00:00","[""Unknown"",""Unknown""]","Cloudy",0,33.757911,-84.425526,"Atlanta","FULTON","[""Motor Vehicle in Motion"",""Motor Vehicle in Motion""]","Aggressive Driving","[""Motor Vehicle in Motion"",""Motor Vehicle in Motion""]"
0,0,"Gsp Post 00","2022-08-22","I-85 Sb and Piedmont Rd","(O) No Injury","Daylight","On Roadway - Non-Intersection","Rear End","I-85 Sb","Dry","16:00:00","[""Lap and Shoulder Belt Used"",""Lap and Shoulder Belt Used""]","Cloudy",0,33.814279,-84.365682,"Atlanta","FULTON","[""Motor Vehicle in Motion"",""Motor Vehicle in Motion""]","Following Too Close","[""Motor Vehicle in Motion"",""Motor Vehicle in Motion""]"
0,0,"Atlanta Police Department","2022-08-22","Allen Rd Ne and Monroe Dr Ne","(O) No Injury","Dark-Lighted","Off Roadway","Not a Collision with Motor Vehicle","Monroe Dr Ne","Dry","00:45:00","Unknown","Clear",0,33.802372,-84.37263,"Atlanta","FULTON","Utility Pole","Driver Lost Control","Utility Pole"
0,0,"Gsp Post 00","2022-08-22","I-285 North and Langford Parkway","(O) No Injury","Daylight","On Roadway - Non-Intersection","Rear End","I-285 North","Dry","08:15:00","[""Lap and Shoulder Belt Used"",""Lap and Shoulder Belt Used"",""Lap and Shoulder Belt Used"",""Lap and Shoulder Belt Used""]","Cloudy",0,33.690104,-84.499932,"Atlanta","FULTON","[""Motor Vehicle in Motion"",""Motor Vehicle in Motion""]","Following Too Close","[""Motor Vehicle in Motion"",""Motor Vehicle in Motion""]"
0,0,"Gsp Post 00","2022-08-22","I-7585 North Bound and Martin Luther King Jr Drive Se","(C) Possible Injury / Complaint","Daylight","On Roadway - Non-Intersection","Sideswipe-Same Direction","I-7585 North Bound","Dry","16:45:00","[""Unknown"",""Lap and Shoulder Belt Used"",""Lap and Shoulder Belt Used""]","Cloudy",0,33.748595,-84.384016,"Atlanta","FULTON","[""Motor Vehicle in Motion"",""Motor Vehicle in Motion"",""Motor Vehicle in Motion""]","Changed Lanes Improperly","[""Motor Vehicle in Motion"",""Motor Vehicle in Motion"",""Motor Vehicle in Motion""]"
0,0,"Gsp Post 00","2022-08-22","I-7585 Sb and 17Th Street","(O) No Injury","Daylight","On Roadway - Non-Intersection","Rear End","I-7585 Sb","Dry","12:30:00","[""Lap and Shoulder Belt Used"",""Lap and Shoulder Belt Used""]","Clear",0,33.789145,-84.391471,"Atlanta","FULTON","[""Motor Vehicle in Motion"",""Motor Vehicle in Motion""]","Following Too Close","[""Motor Vehicle in Motion"",""Motor Vehicle in Motion""]"
0,1,"Atlanta Police Department","2022-08-22","Gertrude Pl Nw and Donald Lee Hollowell Pkwy Nw","(B) Suspected Minor/Visible Injury","Daylight","On Roadway - In Crosswalk","Not a Collision with Motor Vehicle","Gertrude Pl Nw","Dry","12:35:00","[""Unknown"",""Unknown""]","Clear",0,33.774073,-84.444613,"Atlanta","FULTON","[""Motor Vehicle in Motion"",""Pedestrian""]",,"Motor Vehicle in Motion"
0,1,"Atlanta Police Department","2022-08-22","Dodson Dr Sw and Campbellton Rd Sw","(B) Suspected Minor/Visible Injury","Dark-Lighted","On Roadway - Non-Intersection","Sideswipe-Opposite Direction","Campbellton Rd Sw","Dry","22:10:00","[""Lap and Shoulder Belt Used"",""Unknown"",""Lap and Shoulder Belt Used""]","Clear",0,33.702591,-84.474958,"Atlanta","FULTON","[""Motor Vehicle in Motion"",""Motor Vehicle in Motion""]","[""Driver Lost Control"",""Under the Influence (U.I.)""]","[""Motor Vehicle in Motion"",""Motor Vehicle in Motion""]"
0,0,"Atlanta Police Department","2022-08-22","Macon Dr Se and Lakewood Ave Sw","(O) No Injury","Daylight","On Roadway - Roadway Intersection","Sideswipe-Same Direction","Lakewood Ave Sw","Dry","12:10:00","[""Unknown"",""Unknown""]","Cloudy",0,33.69931,-84.392155,"Atlanta","FULTON","[""Motor Vehicle in Motion"",""Motor Vehicle in Motion""]","Misjudged Clearance","[""Motor Vehicle in Motion"",""Motor Vehicle in Motion""]"
0,0,"Atlanta Police Department","2022-08-22","Sardis Way Nw and Roswell Rd Ne","(O) No Injury","Daylight","On Roadway - Driveway Intersection","Angle Crash","Roswell Rd Ne","Dry","17:06:00","[""Lap and Shoulder Belt Used"",""Lap and Shoulder Belt Used""]","Clear",0,33.840631,-84.379331,"Atlanta","FULTON","[""Motor Vehicle in Motion"",""Motor Vehicle in Motion""]","Failure to Yield","[""Motor Vehicle in Motion"",""Motor Vehicle in Motion""]"
0,0,"Gsp Post 00","2022-08-22","I-7585 South and Capitol  Avenue Overpass","(O) No Injury","Daylight","On Roadway - Non-Intersection","Sideswipe-Same Direction","I-7585 South","Wet","15:57:00","[""Lap and Shoulder Belt Used"",""Lap and Shoulder Belt Used"",""Lap and Shoulder Belt Used"",""Lap and Shoulder Belt Used""]","Clear",0,33.741894,-84.392006,"Atlanta","FULTON","[""Motor Vehicle in Motion"",""Motor Vehicle in Motion""]","Changed Lanes Improperly","[""Motor Vehicle in Motion"",""Motor Vehicle in Motion""]"
0,1,"Gsp Post 00","2022-08-22","I-20 and I-285 North","(B) Suspected Minor/Visible Injury","Daylight","On Roadway - Non-Intersection","Rear End","I-285 North","Dry","17:46:00","[""Lap and Shoulder Belt Used"",""Lap and Shoulder Belt Used"",""Lap and Shoulder Belt Used"",""Lap and Shoulder Belt Used""]","Cloudy",0,33.761361,-84.492708,"Atlanta","FULTON","[""Motor Vehicle in Motion"",""Motor Vehicle in Motion"",""Motor Vehicle in Motion"",""Motor Vehicle in Motion"",""Motor Vehicle in Motion""]","Reaction to Object or Animal","[""Motor Vehicle in Motion"",""Over Turn"",""Tree"",""Motor Vehicle in Motion"",""Motor Vehicle in Motion""]"
0,0,"Gsp Post 00","2022-08-22","17Th St and I-7585 Nb","(C) Possible Injury / Complaint","Daylight","On Roadway - Non-Intersection","Rear End","I-7585 Nb","Dry","17:15:00","[""Lap and Shoulder Belt Used"",""Lap and Shoulder Belt Used"",""Lap and Shoulder Belt Used"",""Lap and Shoulder Belt Used""]","Cloudy",0,33.790192,-84.390843,"Atlanta","FULTON","[""Motor Vehicle in Motion"",""Motor Vehicle in Motion"",""Motor Vehicle in Motion"",""Motor Vehicle in Motion""]","Following Too Close","[""Motor Vehicle in Motion"",""Motor Vehicle in Motion"",""Motor Vehicle in Motion"",""Motor Vehicle in Motion""]"
0,0,"Atlanta Police Department","2022-08-22","Gennessee Ave Sw and Metropolitan Pkwy Sw","(C) Possible Injury / Complaint","Daylight","On Roadway - Roadway Intersection","Angle Crash","Gennessee Ave Sw","Dry","18:00:00","[""Unknown"",""Unknown""]","Clear",0,33.716212,-84.407865,"Atlanta","FULTON","[""Motor Vehicle in Motion"",""Motor Vehicle in Motion""]","Changed Lanes Improperly","[""Motor Vehicle in Motion"",""Motor Vehicle in Motion""]"
0,0,"Atlanta Police Department","2022-08-22","Holmes St Nw and Howell Mill Rd Nw","(C) Possible Injury / Complaint","Daylight","On Roadway - Non-Intersection","Angle Crash","Howell Mill Rd Nw","Dry","08:30:00","[""Lap and Shoulder Belt Used"",""Lap and Shoulder Belt Used""]","Clear",0,33.799163,-84.41604,"Atlanta","FULTON","[""Motor Vehicle in Motion"",""Motor Vehicle in Motion""]","Changed Lanes Improperly","[""Motor Vehicle in Motion"",""Motor Vehicle in Motion""]"
1,0,"Atlanta Police Department","2022-08-22","None and I-85","(A) Suspected Serious Injury","Dark-Not Lighted","On Roadway - Non-Intersection","Angle Crash","I-85","Dry","21:00:00","[""Lap and Shoulder Belt Used"",""Lap and Shoulder Belt Used"",""Lap and Shoulder Belt Used""]","Clear",0,33.685429,-84.403685,"Atlanta","FULTON","[""Motor Vehicle in Motion"",""Motor Vehicle in Motion"",""Motor Vehicle in Motion""]","Changed Lanes Improperly","[""Motor Vehicle in Motion"",""Motor Vehicle in Motion"",""Motor Vehicle in Motion""]"
0,0,"Gsp Post 00","2022-08-22","Hollowell Pkwy and I-285 Southbound","(O) No Injury","Dusk","On Roadway - Non-Intersection","Not a Collision with Motor Vehicle","I-285 Southbound","Dry","19:30:00","[""Lap and Shoulder Belt Used"",""Lap and Shoulder Belt Used"",""Lap and Shoulder Belt Used""]","Clear",0,33.78591,-84.493987,"Atlanta","FULTON","[""Other Non-Collision"",""Other Object (Not Fixed)"",""Other Object (Not Fixed)""]",,"[""Other Non-Collision"",""Impact Attenuate"",""Median Barrier""]"
0,0,"Atlanta Police Department","2022-08-22","University Ave Sw and Metropolitan Pkwy Sw","(O) No Injury","Daylight","On Roadway - Non-Intersection","Angle Crash","Metropolitan Pkwy Sw","Dry","11:00:00","[""Lap and Shoulder Belt Used"",""Lap and Shoulder Belt Used""]","Cloudy",0,33.721644,-84.407866,"Atlanta","FULTON","[""Motor Vehicle in Motion"",""Motor Vehicle in Motion""]","Changed Lanes Improperly","[""Motor Vehicle in Motion"",""Motor Vehicle in Motion""]"
0,0,"Atlanta Police Department","2022-08-22","Huff Rd Nw and Boyd Ave Nw","(O) No Injury","Daylight","On Roadway - Roadway Intersection","Rear End","Boyd Ave Nw","Water (standing or moving)","15:00:00","[""Lap and Shoulder Belt Used"",""Lap and Shoulder Belt Used""]","Rain",0,33.789555,-84.419256,"Atlanta","FULTON","[""Motor Vehicle in Motion"",""Motor Vehicle in Motion""]","Following Too Close","[""Motor Vehicle in Motion"",""Motor Vehicle in Motion""]"
0,1,"Gsp Post 00","2022-08-23","I-285 and I-20 Eb","(B) Suspected Minor/Visible Injury","Daylight","On Roadway - Non-Intersection","Rear End","I-20 Eb","Dry","16:47:00","[""None Used"",""Lap and Shoulder Belt Used""]","Clear",0,33.763689,-84.491402,"Atlanta","FULTON","[""Motor Vehicle in Motion"",""Motor Vehicle in Motion""]","Following Too Close","[""Motor Vehicle in Motion"",""Motor Vehicle in Motion""]"
0,0,"Atlanta Police Department","2022-08-23","Ga-13 S and Spring St Nw","(O) No Injury","Daylight","On Roadway - Roadway Intersection","Angle Crash","Spring St Nw","Dry","08:10:00","[""Unknown"",""Unknown""]","Clear",0,33.795584,-84.389067,"Atlanta","FULTON","[""Motor Vehicle in Motion"",""Motor Vehicle in Motion""]","Disregard Other Traffic Control","[""Motor Vehicle in Motion"",""Motor Vehicle in Motion""]"
0,1,"Gsp Post 00","2022-08-23","I-85S and Armour Dr","(B) Suspected Minor/Visible Injury","Dark-Lighted","On Roadway - Non-Intersection","Not a Collision with Motor Vehicle","I-85S","Dry","06:10:00","[""Lap and Shoulder Belt Used"",""Lap and Shoulder Belt Used"",""Lap and Shoulder Belt Used"",""Lap and Shoulder Belt Used"",""Unknown""]","Cloudy",0,33.810343,-84.37488,"Atlanta","FULTON","[""Other Object (Not Fixed)"",""Motor Vehicle in Motion"",""Motor Vehicle in Motion"",""Motor Vehicle in Motion"",""Motor Vehicle in Motion""]",,"[""Impact Attenuate"",""Motor Vehicle in Motion"",""Motor Vehicle in Motion"",""Motor Vehicle in Motion"",""Motor Vehicle in Motion""]"
0,0,"Gsp Post 00","2022-08-23","Interstate 7585 North and Edgewood Avenue Underpass","(O) No Injury","Daylight","On Roadway - Non-Intersection","Sideswipe-Same Direction","Interstate 7585 North","Dry","08:45:00","[""Lap and Shoulder Belt Used"",""Lap and Shoulder Belt Used""]","Clear",0,33.754176,-84.378401,"Atlanta","FULTON","[""Motor Vehicle in Motion"",""Motor Vehicle in Motion""]","Changed Lanes Improperly","[""Motor Vehicle in Motion"",""Motor Vehicle in Motion""]"
0,0,"Atlanta Police Department","2022-08-23","I-75 and Exit 249C","(O) No Injury","Dark-Not Lighted","On Roadway - Non-Intersection","Angle Crash","I-75","Wet","02:00:00","[""Lap and Shoulder Belt Used"",""Lap and Shoulder Belt Used""]","Clear",0,33.769514,-84.390582,"Atlanta","FULTON","[""Motor Vehicle in Motion"",""Motor Vehicle in Motion""]","[""Following Too Close"",""Driver Lost Control""]","[""Motor Vehicle in Motion"",""Motor Vehicle in Motion""]"
0,0,"Gsp Post 00","2022-08-23","Fulton Street and I-7585 Northbound","(C) Possible Injury / Complaint","Daylight","On Roadway - Non-Intersection","Rear End","I-7585 Northbound","Dry","16:40:00","[""Unknown"",""Lap and Shoulder Belt Used"",""Lap and Shoulder Belt Used"",""Lap and Shoulder Belt Used"",""Lap and Shoulder Belt Used""]","Cloudy",0,33.740226,-84.391295,"Atlanta","FULTON","[""Motor Vehicle in Motion"",""Motor Vehicle in Motion"",""Motor Vehicle in Motion""]","Following Too Close","[""Motor Vehicle in Motion"",""Motor Vehicle in Motion"",""Motor Vehicle in Motion""]"
0,0,"Atlanta Police Department","2022-08-23","Haas Ave Se and Glenwood Ave Se","(O) No Injury","Daylight","On Roadway - Non-Intersection","Sideswipe-Same Direction","Haas Ave Se","Dry","15:00:00","Unknown","Clear",0,33.740153,-84.344355,"Atlanta","DEKALB","[""Motor Vehicle in Motion"",""Motor Vehicle in Motion""]","Misjudged Clearance","Motor Vehicle in Motion"
0,0,"Gsp Post 00","2022-08-23","I-7585 Conn S and 5Th St Overpass","(O) No Injury","Daylight","On Roadway - Non-Intersection","Rear End","I-7585 Conn S","Dry","19:22:00","[""Lap and Shoulder Belt Used"",""Lap and Shoulder Belt Used""]","Cloudy",0,33.775735,-84.390759,"Atlanta","FULTON","[""Motor Vehicle in Motion"",""Motor Vehicle in Motion""]","Following Too Close","[""Motor Vehicle in Motion"",""Motor Vehicle in Motion""]"
0,0,"Atlanta Police Department","2022-08-23","Mt Paran Rd Nw and Northside Pkwy Nw","(O) No Injury","Daylight","On Roadway - Non-Intersection","Sideswipe-Same Direction","Northside Pkwy Nw","Dry","16:00:00","[""Lap and Shoulder Belt Used"",""Lap and Shoulder Belt Used""]","Clear",0,33.863356,-84.439489,"Atlanta","FULTON","[""Motor Vehicle in Motion"",""Motor Vehicle in Motion""]",,"[""Motor Vehicle in Motion"",""Motor Vehicle in Motion""]"
2,0,"Atlanta Police Department","2022-08-23","Hardee St Ne and Moreland Ave Ne","(A) Suspected Serious Injury","Daylight","On Roadway - Driveway Intersection","Not a Collision with Motor Vehicle","Hardee St Ne","Dry","13:00:00","[""Lap and Shoulder Belt Used"",""Lap and Shoulder Belt Used"",""Lap and Shoulder Belt Used""]","Clear",0,33.755422,-84.349125,"Atlanta","DEKALB","[""Motor Vehicle in Motion"",""Motor Vehicle in Motion""]","Failure to Yield","[""Motor Vehicle in Motion"",""Motor Vehicle in Motion""]"
0,0,"Atlanta Police Department","2022-08-23","16Th St Nw and Spring St Nw","(C) Possible Injury / Complaint","Daylight","On Roadway - Roadway Intersection","Angle Crash","Spring St Nw","Dry","10:40:00","[""Lap and Shoulder Belt Used"",""None Used""]","Cloudy",0,33.790018,-84.389311,"Atlanta","FULTON","[""Motor Vehicle in Motion"",""Motor Vehicle in Motion""]","Changed Lanes Improperly","[""Motor Vehicle in Motion"",""Motor Vehicle in Motion""]"
0,0,"Atlanta Police Department","2022-08-23","Dekalb Ave Ne and Elizabeth St Ne","(O) No Injury","Dark-Lighted","On Roadway - Non-Intersection","Angle Crash","Dekalb Ave Ne","Dry","15:00:00","[""Unknown"",""Unknown""]","Clear",0,33.756348,-84.354453,"Atlanta","FULTON","[""Motor Vehicle in Motion"",""Motor Vehicle in Motion""]","Improper Passing","[""Motor Vehicle in Motion"",""Motor Vehicle in Motion""]"
0,0,"Atlanta Police Department","2022-08-23","I-75 and Cleveland Ave Sw","(O) No Injury","Daylight","On Roadway - Roadway Intersection","Sideswipe-Same Direction","I-75","Dry","17:36:00","[""Unknown"",""Lap and Shoulder Belt Used""]","Clear",0,33.680976,-84.398662,"Atlanta","FULTON","[""Motor Vehicle in Motion"",""Motor Vehicle in Motion""]","Changed Lanes Improperly","Motor Vehicle in Motion"
0,0,"Atlanta Police Department","2022-08-23","Crown Rd Se and Browns Mill Rd Se","(C) Possible Injury / Complaint","Daylight","On Roadway - Driveway Intersection","Rear End","Browns Mill Rd Se","Dry","14:30:00","[""Lap and Shoulder Belt Used"",""Lap and Shoulder Belt Used""]","Clear",0,33.651871,-84.394271,"Atlanta","FULTON","[""Motor Vehicle in Motion"",""Motor Vehicle in Motion""]","Following Too Close","[""Motor Vehicle in Motion"",""Motor Vehicle in Motion""]"
0,0,"Atlanta Police Department","2022-08-23","4Th St Ne and Juniper St Ne","(C) Possible Injury / Complaint","Daylight","On Roadway - Roadway Intersection","Angle Crash","4Th St Ne","Dry","14:00:00","[""Lap and Shoulder Belt Used"",""Lap and Shoulder Belt Used"",""Lap and Shoulder Belt Used""]","Clear",0,33.774814,-84.383077,"Atlanta","FULTON","[""Motor Vehicle in Motion"",""Motor Vehicle in Motion""]","Failure to Yield","[""Motor Vehicle in Motion"",""Motor Vehicle in Motion""]"
0,0,"Atlanta Police Department","2022-08-23","Piedmont Rd Ne and E Paces Ferry Rd Ne","(C) Possible Injury / Complaint","Daylight","On Roadway - Roadway Intersection","Angle Crash","Piedmont Rd Ne","Dry","19:30:00","[""Lap and Shoulder Belt Used"",""Lap and Shoulder Belt Used""]","Clear",0,33.838905,-84.368984,"Atlanta","FULTON","[""Motor Vehicle in Motion"",""Motor Vehicle in Motion""]","Failure to Yield","[""Motor Vehicle in Motion"",""Motor Vehicle in Motion""]"
0,0,"Gsp Post 00","2022-08-23","I-7585 Nb and Edgewood Avenue","(O) No Injury","Daylight","On Roadway - Non-Intersection","Rear End","I-7585 Nb","Dry","15:44:00","[""Lap and Shoulder Belt Used"",""Lap and Shoulder Belt Used""]","Clear",0,33.751,-84.380623,"Atlanta","FULTON","[""Motor Vehicle in Motion"",""Motor Vehicle in Motion""]","Following Too Close","[""Motor Vehicle in Motion"",""Motor Vehicle in Motion""]"
0,0,"Gsp Post 00","2022-08-23","I-75 N and 14Th St","(O) No Injury","Daylight","On Roadway - Non-Intersection","Rear End","I-75 N","Dry","17:40:00","[""Unknown"",""Lap and Shoulder Belt Used""]","Clear",0,33.788993,-84.390814,"Atlanta","FULTON","[""Motor Vehicle in Motion"",""Motor Vehicle in Motion""]","Following Too Close","[""Motor Vehicle in Motion"",""Motor Vehicle in Motion""]"
0,0,"Atlanta Police Department","2022-08-23","Rilman Rd Nw and Northside Pkwy Nw","(O) No Injury","Daylight","On Roadway - Non-Intersection","Sideswipe-Same Direction","Rilman Rd Nw","Dry","15:10:00","[""Lap and Shoulder Belt Used"",""Lap and Shoulder Belt Used"",""Lap and Shoulder Belt Used""]","Clear",0,33.840598,-84.41961,"Atlanta","FULTON","[""Motor Vehicle in Motion"",""Motor Vehicle in Motion""]",,"[""Motor Vehicle in Motion"",""Motor Vehicle in Motion""]"
0,0,"Gsp Post 00","2022-08-23","I-75Nb and University Ave.","(O) No Injury","Daylight","On Roadway - Non-Intersection","Sideswipe-Same Direction","I-75Nb","Dry","08:30:00","[""Lap and Shoulder Belt Used"",""Lap and Shoulder Belt Used""]","Clear",0,33.724473,-84.394004,"Atlanta","FULTON","[""Motor Vehicle in Motion"",""Motor Vehicle in Motion""]","[""Changed Lanes Improperly"",""Changed Lanes Improperly""]","[""Motor Vehicle in Motion"",""Motor Vehicle in Motion""]"
0,0,"Atlanta Police Department","2022-08-23","Sawtell Ave Se and Jonesboro Rd Se","(O) No Injury","Daylight","On Roadway - Roadway Intersection","Sideswipe-Opposite Direction","Jonesboro Rd Se","Dry","08:45:00","[""Lap and Shoulder Belt Used"",""Lap and Shoulder Belt Used""]","Clear",0,33.705033,-84.378603,"Atlanta","FULTON","[""Parked Motor Vehicle"",""Motor Vehicle in Motion""]","Misjudged Clearance","[""Parked Motor Vehicle"",""Motor Vehicle in Motion""]"
0,0,"Atlanta Police Department","2022-08-23","Piedmont Rd Ne and E Paces Ferry Rd Ne","(O) No Injury","Daylight","On Roadway - Roadway Intersection","Angle Crash","Piedmont Rd Ne","Dry","11:27:00","[""Unknown"",""Unknown""]","Clear",0,33.839461,-84.369264,"Atlanta","FULTON","[""Motor Vehicle in Motion"",""Motor Vehicle in Motion""]",,"[""Motor Vehicle in Motion"",""Motor Vehicle in Motion""]"
0,0,"Gsp Post 00","2022-08-23","I-20 W and Holmes Dr Underpass","(O) No Injury","Daylight","On Roadway - Non-Intersection","Sideswipe-Same Direction","I-20 W","Dry","16:10:00","[""Lap and Shoulder Belt Used"",""Lap and Shoulder Belt Used"",""Lap and Shoulder Belt Used"",""Lap and Shoulder Belt Used"",""Lap and Shoulder Belt Used""]","Cloudy",0,33.757826,-84.47041,"Atlanta","FULTON","[""Motor Vehicle in Motion"",""Motor Vehicle in Motion""]","Changed Lanes Improperly","[""Motor Vehicle in Motion"",""Motor Vehicle in Motion""]"