"# Serious Injuries","# Visible Injuries","Agency Name (Crash Level) ","Date","Intersection Name (from Crash Report)","KABCO Severity","Light Conditions (Crash Level)","Location at Impact (Crash Level) ","Manner of Collision (Crash Level) ","Roadway (From Crash Report)","Surface Condition (Crash Level) ","Time","Safety Equipment (Crash Level) ","Weather Conditions (Crash Level)","# of Fatalities per Crash","Latitude","Longitude","Geolocated City","Geolocated County","First Harmful Event (Unit Order)","Operator/Pedestrian Contrib Factor (excl None, Other, No Contrib Factors)","Most Harmful Event (Crash Level)"
0,0,"Atlanta Police Department","2022-08-25","Ellis St Ne and Courtland St Ne","(O) No Injury","Dark-Not Lighted","On Roadway - Non-Intersection","Sideswipe-Same Direction","Ellis St Ne","Wet","01:30:00","Unknown","Rain",0,33.758392,-84.38422,"Atlanta","FULTON","[""Motor Vehicle in Motion"",""Motor Vehicle in Motion""]","Changed Lanes Improperly","Motor Vehicle in Motion"
0,0,"Atlanta Police Department","2022-08-25","Clifton Rd Ne and Ponce De Leon Ave Ne","(O) No Injury","Daylight","On Roadway - Roadway Intersection","Angle Crash","Clifton Rd Ne","Dry","13:33:00","[""Unknown"",""Unknown""]","Clear",0,33.773682,-84.330856,"Atlanta","DEKALB","[""Motor Vehicle in Motion"",""Motor Vehicle in Motion""]","Improper Turn","[""Motor Vehicle in Motion"",""Motor Vehicle in Motion""]"
0,0,"Atlanta Police Department","2022-08-25","Collier Rd Nw and Collier Commons Cir Nw","(C) Possible Injury / Complaint","Daylight","On Roadway - Roadway Intersection","Angle Crash","Collier Rd Nw","Dry","14:30:00","[""Lap and Shoulder Belt Used"",""Lap and Shoulder Belt Used"",""Child Restraint System (Properly Used)"",""Lap and Shoulder Belt Used""]","Clear",0,33.809443,-84.411365,"Atlanta","FULTON","[""Motor Vehicle in Motion"",""Motor Vehicle in Motion""]","[""Disregard Stop Sign/Signal"",""Failure to Yield""]","[""Motor Vehicle in Motion"",""Motor Vehicle in Motion""]"
0,0,"Gsp Post 00","2022-08-25","None and I-75 N At Mt. Paran Rd","(O) No Injury","Daylight","On Roadway - Non-Intersection","Rear End","I-75 N At Mt. Paran Rd","Dry","17:50:00","[""Lap and Shoulder Belt Used"",""Lap and Shoulder Belt Used""]","Cloudy",0,33.865236,-84.43962,"Atlanta","FULTON","[""Motor Vehicle in Motion"",""Motor Vehicle in Motion""]","Following Too Close","[""Motor Vehicle in Motion"",""Motor Vehicle in Motion""]"
0,0,"Atlanta Police Department","2022-08-25","Piedmont Rd Ne and E Paces Ferry Rd Ne","(O) No Injury","Daylight","On Roadway - Roadway Intersection","Rear End","Piedmont Rd Ne","Dry","17:15:00","[""Unknown"",""Unknown""]","Clear",0,33.839461,-84.369264,"Atlanta","FULTON","[""Motor Vehicle in Motion"",""Motor Vehicle in Motion""]","[""Following Too Close"",""Too Fast for Conditions""]","[""Motor Vehicle in Motion"",""Motor Vehicle in Motion""]"
0,0,"Atlanta Police Department","2022-08-25","Scott St Sw and Brownlee Rd Sw","(O) No Injury","Daylight","On Roadway - Roadway Intersection","Sideswipe-Same Direction","Scott St Sw","Dry","18:00:00","[""Lap and Shoulder Belt Used"",""Lap and Shoulder Belt Used""]","Clear",0,33.746569,-84.497638,"Atlanta","FULTON","[""Motor Vehicle in Motion"",""Motor Vehicle in Motion""]","Driver Condition","[""Motor Vehicle in Motion"",""Motor Vehicle in Motion""]"
0,0,"Gsp Post 00","2022-08-25","I-7585 Sb and University Ave.","(O) No Injury","Daylight","On Roadway - Non-Intersection","Rear End","I-7585 Sb","Wet","10:27:00","[""Lap and Shoulder Belt Used"",""Lap and Shoulder Belt Used""]","Cloudy",0,33.723917,-84.394127,"Atlanta","FULTON","[""Motor Vehicle in Motion"",""Motor Vehicle in Motion""]","Following Too Close","[""Motor Vehicle in Motion"",""Motor Vehicle in Motion""]"
0,0,"Gsp Post 00","2022-08-25","I-7585 Nb and Martin Luther King Jr Drive","(C) Possible Injury / Complaint","Daylight","On Shoulder","Rear End","I-7585 Nb","Wet","10:01:00","[""Lap and Shoulder Belt Used"",""Lap and Shoulder Belt Used""]","Rain",0,33.747989,-84.385516,"Atlanta","FULTON","[""Motor Vehicle in Motion"",""Motor Vehicle in Motion""]","[""Too Fast for Conditions"",""Following Too Close""]","[""Motor Vehicle in Motion"",""Motor Vehicle in Motion""]"
0,0,"Gsp Post 00","2022-08-25","None and Edgewood Ave Entrance Ramp To","(O) No Injury","Daylight","Entrance/Exit Ramp","Rear End","Edgewood Ave Entrance Ramp To","Dry","13:22:00","[""Lap and Shoulder Belt Used"",""Lap and Shoulder Belt Used""]","Cloudy",0,33.756902,-84.378792,"Atlanta","FULTON","[""Motor Vehicle in Motion"",""Motor Vehicle in Motion""]","Following Too Close","[""Motor Vehicle in Motion"",""Motor Vehicle in Motion""]"
0,0,"Gsp Post 00","2022-08-25","Langford Parkway and Interstate 285 South","(O) No Injury","Dark-Lighted","On Roadway - Non-Intersection","Sideswipe-Same Direction","Interstate 285 South","Wet","06:15:00","[""Lap and Shoulder Belt Used"",""Lap and Shoulder Belt Used""]","Rain",0,33.691314,-84.500224,"Atlanta","FULTON","[""Motor Vehicle in Motion"",""Motor Vehicle in Motion""]",,"[""Motor Vehicle in Motion"",""Motor Vehicle in Motion""]"
0,0,"Gsp Post 00","2022-08-25","Interstate 20 East and Bill Kennedy  Drive","(C) Possible Injury / Complaint","Daylight","On Roadway - Non-Intersection","Rear End","Interstate 20 East","Dry","17:20:00","[""Lap and Shoulder Belt Used"",""Lap and Shoulder Belt Used"",""Lap and Shoulder Belt Used""]","Clear",0,33.74369,-84.356584,"Atlanta","FULTON","[""Motor Vehicle in Motion"",""Motor Vehicle in Motion""]","Following Too Close","[""Motor Vehicle in Motion"",""Motor Vehicle in Motion""]"
0,0,"Gsp Post 00","2022-08-25","I-20 West and Hill Street","(C) Possible Injury / Complaint","Daylight","On Roadway - Non-Intersection","Rear End","I-20 West","Dry","17:48:00","[""Unknown"",""Lap and Shoulder Belt Used"",""Lap and Shoulder Belt Used""]","Cloudy",0,33.743439,-84.383421,"Atlanta","FULTON","[""Motor Vehicle in Motion"",""Motor Vehicle in Motion"",""Motor Vehicle in Motion""]","Following Too Close","[""Motor Vehicle in Motion"",""Motor Vehicle in Motion"",""Motor Vehicle in Motion""]"
0,0,"Atlanta Police Department","2022-08-25","Beecher Cir Sw and Fleetwood Cir Sw","(C) Possible Injury / Complaint","Dark-Not Lighted","On Roadway - Driveway Intersection","Not a Collision with Motor Vehicle","Fleetwood Cir Sw","Wet","06:00:00","[""Lap and Shoulder Belt Used"",""Lap and Shoulder Belt Used"",""Lap Belt Only Used"",""Lap Belt Only Used"",""Lap Belt Only Used"",""Lap Belt Only Used"",""Lap Belt Only Used"",""Lap Belt Only Used""]","Rain",0,33.734024,-84.461798,"Atlanta","FULTON","Other Non-Collision","Driver Condition","Tree"
0,0,"Atlanta Police Department","2022-08-25","Broadland Rd Nw and Northside Dr Nw","(O) No Injury","Daylight","On Roadway - Roadway Intersection","Rear End","Northside Dr Nw","Wet","08:30:00","[""None Used"",""None Used""]","Rain",0,33.864553,-84.405258,"Atlanta","FULTON","[""Motor Vehicle in Motion"",""Motor Vehicle in Motion""]","Following Too Close","[""Motor Vehicle in Motion"",""Motor Vehicle in Motion""]"
0,1,"Atlanta Police Department","2022-08-25","Delowe Dr Sw and Langford Pkwy","(B) Suspected Minor/Visible Injury","Dark-Lighted","On Roadway - Non-Intersection","Rear End","Langford Pkwy","Dry","20:29:00","[""Unknown"",""Unknown"",""Child Restraint System (Properly Used)""]","Clear",0,33.69946,-84.457299,"Atlanta","FULTON","[""Motor Vehicle in Motion"",""Motor Vehicle in Motion""]","Following Too Close","[""Motor Vehicle in Motion"",""Guard Rail Fence""]"
0,0,"Gsp Post 00","2022-08-25","I-7585 North and Edgewood Avenue","(O) No Injury","Daylight","On Roadway - Non-Intersection","Rear End","I-7585 North","Wet","15:30:00","[""Lap and Shoulder Belt Used"",""Lap and Shoulder Belt Used""]","Rain",0,33.750818,-84.380838,"Atlanta","FULTON","[""Motor Vehicle in Motion"",""Motor Vehicle in Motion""]","Following Too Close","[""Motor Vehicle in Motion"",""Motor Vehicle in Motion""]"
0,0,"Atlanta Police Department","2022-08-25","None and I-85","(O) No Injury","Dark-Not Lighted","Median","Not a Collision with Motor Vehicle","I-85","Wet","03:00:00","Lap and Shoulder Belt Used","Rain",0,33.685385,-84.403821,"Atlanta","FULTON","Median Barrier","Changed Lanes Improperly","Median Barrier"
0,0,"Atlanta Police Department","2022-08-26","None and I-75","(O) No Injury","Dusk","On Roadway - Managed Lane (HOV, HOT, Reversible)","Not a Collision with Motor Vehicle","I-75","Wet","06:20:00","Unknown","Rain",0,33.684658,-84.399119,"Atlanta","FULTON","Motor Vehicle in Motion","Aggressive Driving","Motor Vehicle in Motion"
0,0,"Atlanta Police Department","2022-08-26","Boulevard Ne and Angier Ave Ne","(C) Possible Injury / Complaint","Daylight","On Roadway - Driveway Intersection","Angle Crash","Angier Ave Ne","Dry","13:41:00","[""Lap and Shoulder Belt Used"",""Lap and Shoulder Belt Used""]","Clear",0,33.766374,-84.371922,"Atlanta","FULTON","[""Motor Vehicle in Motion"",""Motor Vehicle in Motion""]","Failure to Yield","[""Motor Vehicle in Motion"",""Motor Vehicle in Motion""]"
0,0,"Atlanta Police Department","2022-08-26","Ponce De Leon Ave Ne and John Lewis Freedom Pkwy Ne","(O) No Injury","Dark-Lighted","On Roadway - Roadway Intersection","Rear End","Ponce De Leon Ave Ne","Other","06:55:00","[""Unknown"",""Unknown""]","Rain",0,33.773803,-84.359743,"Atlanta","FULTON","[""Motor Vehicle in Motion"",""Motor Vehicle in Motion""]","Under the Influence (U.I.)","[""Motor Vehicle in Motion"",""Motor Vehicle in Motion""]"
0,0,"Gsp Post 00","2022-08-26","I-20 Ramps and I-7585 Northbound","(O) No Injury","Daylight","On Roadway - Non-Intersection","Sideswipe-Same Direction","I-7585 Northbound","Dry","08:09:00","[""Lap and Shoulder Belt Used"",""Lap and Shoulder Belt Used"",""Lap and Shoulder Belt Used"",""Lap and Shoulder Belt Used"",""Lap and Shoulder Belt Used""]","Clear",0,33.740555,-84.391649,"Atlanta","FULTON","[""Motor Vehicle in Motion"",""Motor Vehicle in Motion"",""Motor Vehicle in Motion""]","Changed Lanes Improperly","[""Motor Vehicle in Motion"",""Motor Vehicle in Motion"",""Motor Vehicle in Motion""]"
0,0,"Atlanta Police Department","2022-08-26","Howell Dr Sw and Martin Luther King Jr Dr Sw","(O) No Injury","Daylight","Off Roadway","Angle Crash","Martin Luther King Jr Dr Sw","Dry","10:17:00","[""Lap and Shoulder Belt Used"",""Lap and Shoulder Belt Used""]","Clear",0,33.757999,-84.503113,"Atlanta","FULTON","[""Motor Vehicle in Motion"",""Motor Vehicle in Motion""]","Improper Backing","[""Motor Vehicle in Motion"",""Motor Vehicle in Motion""]"
0,0,"Atlanta Police Department","2022-08-26","Northside Dr Nw and Bellemeade Ave Nw","(O) No Injury","Daylight","On Roadway - Roadway Intersection","Rear End","Northside Dr Nw","Dry","13:20:00","[""Lap and Shoulder Belt Used"",""Lap and Shoulder Belt Used""]","Clear",0,33.800274,-84.407828,"Atlanta","FULTON","[""Motor Vehicle in Motion"",""Motor Vehicle in Motion""]","Following Too Close","[""Motor Vehicle in Motion"",""Motor Vehicle in Motion""]"
0,1,"Atlanta Police Department","2022-08-26","Parsons St Sw and Joseph E Lowery Blvd Sw","(B) Suspected Minor/Visible Injury","Daylight","On Roadway - In Crosswalk","Not a Collision with Motor Vehicle","Parsons St Sw","Dry","14:30:00","[""Unknown"",""None Used""]","Clear",0,33.750772,-84.417482,"Atlanta","FULTON","[""Motor Vehicle in Motion"",""Motor Vehicle in Motion""]","Failure to Yield","Motor Vehicle in Motion"
0,0,"Gsp Post 00","2022-08-26","I-7585 Sb and Williams St","(C) Possible Injury / Complaint","Daylight","On Roadway - Non-Intersection","Rear End","I-7585 Sb","Dry","18:42:00","[""Unknown"",""Lap and Shoulder Belt Used""]","Cloudy",0,33.775024,-84.390595,"Atlanta","FULTON","[""Motor Vehicle in Motion"",""Motor Vehicle in Motion""]","Following Too Close","[""Motor Vehicle in Motion"",""Motor Vehicle in Motion""]"
0,0,"Atlanta Police Department","2022-08-26","Jackson St Ne and Edgewood Ave Se","(O) No Injury","Daylight","On Roadway - Roadway Intersection","Sideswipe-Same Direction","Edgewood Ave Se","Dry","09:00:00","[""Lap and Shoulder Belt Used"",""Lap and Shoulder Belt Used""]","Clear",0,33.754339,-84.374495,"Atlanta","FULTON","[""Motor Vehicle in Motion"",""Motor Vehicle in Motion""]","Improper Backing","[""Motor Vehicle in Motion"",""Motor Vehicle in Motion""]"
0,0,"Atlanta Police Department","2022-08-26","Piedmont Rd Ne and Lakeshore Dr Ne","(C) Possible Injury / Complaint","Daylight","On Roadway - Non-Intersection","Rear End","Lakeshore Dr Ne","Dry","13:00:00","[""Unknown"",""Unknown""]","Cloudy",0,33.815851,-84.366621,"Atlanta","FULTON","[""Motor Vehicle in Motion"",""Motor Vehicle in Motion""]","Following Too Close","[""Motor Vehicle in Motion"",""Motor Vehicle in Motion""]"
0,0,"Atlanta Police Department","2022-08-26","Northside Dr Sw and Martin Luther King Jr Dr Sw","(O) No Injury","Daylight","On Roadway - Roadway Intersection","Rear End","Northside Dr Sw","Dry","20:02:00","[""Unknown"",""Unknown"",""Child Restraint System (Properly Used)"",""Child Restraint System (Properly Used)""]","Clear",0,33.753874,-84.402811,"Atlanta","FULTON","[""Motor Vehicle in Motion"",""Motor Vehicle in Motion""]","Following Too Close","[""Motor Vehicle in Motion"",""Motor Vehicle in Motion""]"
0,0,"Gsp Post 00","2022-08-26","I-75 N and I-20 Split","(O) No Injury","Daylight","On Roadway - Non-Intersection","Rear End","I-75 N","Dry","09:05:00","[""Lap and Shoulder Belt Used"",""Lap and Shoulder Belt Used""]","Clear",0,33.738429,-84.391762,"Atlanta","FULTON","[""Motor Vehicle in Motion"",""Motor Vehicle in Motion""]","Following Too Close","[""Motor Vehicle in Motion"",""Motor Vehicle in Motion""]"
1,0,"Georgia Tech Police Department","2022-08-26","Ferst Dr Nw and Fowler Street Nw","(A) Suspected Serious Injury","Daylight","On Roadway - Roadway Intersection","Angle Crash","Fowler Street Nw","Dry","14:38:00","[""None Used"",""Shoulder Belt Only Used""]","Clear",0,33.776912,-84.393614,"Atlanta","FULTON","[""Motor Vehicle in Motion"",""Motor Vehicle in Motion""]","[""Disregard Stop Sign/Signal"",""Wrong Side of Road""]","[""Motor Vehicle in Motion"",""Motor Vehicle in Motion""]"
0,0,"Gsp Post 00","2022-08-26","Central Ave and 7585N Exit Ramp","(C) Possible Injury / Complaint","Daylight","Entrance/Exit Ramp","Not a Collision with Motor Vehicle","7585N Exit Ramp","Wet","07:40:00","Lap and Shoulder Belt Used","Cloudy",0,33.653404,-84.395243,"Atlanta","FULTON","Median Barrier","[""Driver Lost Control"",""Too Fast for Conditions""]","Median Barrier"
0,1,"Atlanta Police Department","2022-08-26","Conley Rd Se and Doral Park Dr","(B) Suspected Minor/Visible Injury","Dark-Lighted","On Roadway - Non-Intersection","Angle Crash","Conley Rd Se","Dry","02:22:00","[""Unknown"",""Lap and Shoulder Belt Used""]","Clear",0,33.650043,-84.358417,"Atlanta","FULTON","[""Motor Vehicle in Motion"",""Motor Vehicle in Motion""]","[""Exceeding Speed Limit"",""Aggressive Driving"",""Reckless Driving""]","[""Motor Vehicle in Motion"",""Motor Vehicle in Motion""]"
0,0,"Gsp Post 00","2022-08-26","Lakewood Avenue and Sr166  Arthur B. Langford Jr.","(O) No Injury","Daylight","On Roadway - Non-Intersection","Rear End","Sr166  Arthur B. Langford Jr.","Dry","18:30:00","[""Lap and Shoulder Belt Used"",""Lap and Shoulder Belt Used""]","Clear",0,33.696744,-84.406101,"Atlanta","FULTON","[""Motor Vehicle in Motion"",""Motor Vehicle in Motion""]",,"[""Motor Vehicle in Motion"",""Motor Vehicle in Motion""]"
0,0,"Gsp Post 00","2022-08-26","I-7585 Nb and Courtland St","(O) No Injury","Dark-Lighted","On Roadway - Non-Intersection","Rear End","I-7585 Nb","Wet","06:45:00","[""Lap and Shoulder Belt Used"",""Lap and Shoulder Belt Used""]","Cloudy",0,33.764966,-84.384665,"Atlanta","FULTON","[""Motor Vehicle in Motion"",""Motor Vehicle in Motion""]","Following Too Close","[""Motor Vehicle in Motion"",""Motor Vehicle in Motion""]"
0,0,"Atlanta Police Department","2022-08-26","I-85 and Metropolitan Pkwy Sw","(O) No Injury","Daylight","On Roadway - Roadway Intersection","Rear End","I-85","Dry","16:13:00","[""Unknown"",""Unknown""]","Clear",0,33.684277,-84.407921,"Atlanta","FULTON","[""Motor Vehicle in Motion"",""Motor Vehicle in Motion""]",,"[""Motor Vehicle in Motion"",""Motor Vehicle in Motion""]"
0,0,"Gsp Post 00","2022-08-26","I-85 Northbound and Cleveland Avenue","(O) No Injury","Daylight","On Roadway - Non-Intersection","Rear End","I-85 Northbound","Dry","13:40:00","[""Unknown"",""Lap and Shoulder Belt Used"",""Lap and Shoulder Belt Used"",""Lap and Shoulder Belt Used""]","Cloudy",0,33.679586,-84.412061,"Atlanta","FULTON","[""Motor Vehicle in Motion"",""Motor Vehicle in Motion"",""Motor Vehicle in Motion""]","Following Too Close","[""Motor Vehicle in Motion"",""Motor Vehicle in Motion"",""Motor Vehicle in Motion""]"
0,0,"Atlanta Police Department","2022-08-26","Paces Ferry Pl Nw and W Paces Ferry Rd Nw","(O) No Injury","Daylight","On Roadway - Roadway Intersection","Angle Crash","W Paces Ferry Rd Nw","Dry","13:50:00","[""Unknown"",""Unknown""]","Clear",0,33.840268,-84.381966,"Atlanta","FULTON","[""Motor Vehicle in Motion"",""Parked Motor Vehicle""]",,"[""Motor Vehicle in Motion"",""Parked Motor Vehicle""]"
0,0,"Atlanta Police Department","2022-08-26","Bolton Dr Nw and Marietta Blvd Nw","(C) Possible Injury / Complaint","Daylight","On Roadway - Non-Intersection","Rear End","Bolton Dr Nw","Dry","15:09:00","[""Shoulder Belt Only Used"",""Shoulder Belt Only Used"",""Shoulder Belt Only Used"",""Shoulder Belt Only Used"",""Shoulder Belt Only Used"",""Shoulder Belt Only Used"",""Shoulder Belt Only Used""]","Clear",0,33.816175,-84.445433,"Atlanta","FULTON","[""Motor Vehicle in Motion"",""Motor Vehicle in Motion"",""Motor Vehicle in Motion"",""Motor Vehicle in Motion""]","Following Too Close","[""Motor Vehicle in Motion"",""Motor Vehicle in Motion"",""Motor Vehicle in Motion"",""Motor Vehicle in Motion""]"
0,0,"Gsp Post 00","2022-08-26","I-85 S and Armour Drive","(O) No Injury","Daylight","On Roadway - Non-Intersection","Rear End","I-85 S","Dry","09:54:00","[""Lap and Shoulder Belt Used"",""Lap and Shoulder Belt Used""]","Cloudy",0,33.805055,-84.382912,"Atlanta","FULTON","[""Motor Vehicle in Motion"",""Motor Vehicle in Motion""]","Following Too Close","[""Motor Vehicle in Motion"",""Motor Vehicle in Motion""]"
0,0,"Gsp Post 00","2022-08-26","I-7585S and Cleveland Avenue","(O) No Injury","Daylight","Off Roadway","Not a Collision with Motor Vehicle","I-7585S","Wet","09:11:00","Lap and Shoulder Belt Used","Cloudy",0,33.693077,-84.40389,"Atlanta","FULTON","Median Barrier","Driver Lost Control","Median Barrier"
0,0,"Gsp Post 00","2022-08-26","I-20 and I-285 North","(O) No Injury","Daylight","On Roadway - Non-Intersection","Rear End","I-285 North","Dry","14:50:00","[""Lap and Shoulder Belt Used"",""Lap and Shoulder Belt Used""]","Clear",0,33.753515,-84.495375,"Atlanta","FULTON","[""Motor Vehicle in Motion"",""Motor Vehicle in Motion""]","Following Too Close","[""Motor Vehicle in Motion"",""Motor Vehicle in Motion""]"
0,0,"Dekalb Co Police Department","2022-08-26","Oxford Rd and N Decatur Rd","(O) No Injury","Dark-Not Lighted","On Roadway - Roundabout","Angle Crash","N Decatur Rd","Wet","05:23:00","[""Unknown"",""Unknown""]","Rain",0,33.788271,-84.325301,"Atlanta","DEKALB","[""Motor Vehicle in Motion"",""Motor Vehicle in Motion""]","Failure to Yield","[""Motor Vehicle in Motion"",""Motor Vehicle in Motion""]"
0,1,"Gsp Post 00","2022-08-26","I-75 and Sr166","(B) Suspected Minor/Visible Injury","Dark-Not Lighted","Off Roadway","Not a Collision with Motor Vehicle","Sr166","Wet","02:55:00","Lap and Shoulder Belt Used","Cloudy",0,33.697019,-84.407251,"Atlanta","FULTON","Guard Rail Face","Under the Influence (U.I.)","Guard Rail Fence"
0,0,"Gsp Post 00","2022-08-26","5Th St and I-7585 Nb","(C) Possible Injury / Complaint","Daylight","On Roadway - Non-Intersection","Rear End","I-7585 Nb","Wet","08:00:00","[""Unknown"",""Lap and Shoulder Belt Used""]","Cloudy",0,33.7746,-84.390139,"Atlanta","FULTON","[""Motor Vehicle in Motion"",""Motor Vehicle in Motion""]","Following Too Close","[""Motor Vehicle in Motion"",""Motor Vehicle in Motion""]"
0,0,"Gsp Post 00","2022-08-26","Blake Ave and Van Vleck Ave","(O) No Injury","Dark-Not Lighted","On Roadway - Non-Intersection","Angle Crash","Blake Ave","Dry","23:37:00","[""Unknown"",""Unknown"",""Lap and Shoulder Belt Used""]","Clear",0,33.736393,-84.338726,"Atlanta","DEKALB","[""Motor Vehicle in Motion"",""Motor Vehicle in Motion""]","[""Wrong Side of Road"",""Disregard Police - Evasion"",""Reckless Driving""]","[""Fence"",""Motor Vehicle in Motion""]"
0,0,"Atlanta Police Department","2022-08-26","Dill Ave Sw and Metropolitan Pkwy Sw","(O) No Injury","Dark-Lighted","On Roadway - Roadway Intersection","Angle Crash","Dill Ave Sw","Dry","22:50:00","[""Unknown"",""Lap and Shoulder Belt Used""]","Clear",0,33.718283,-84.407862,"Atlanta","FULTON","[""Motor Vehicle in Motion"",""Motor Vehicle in Motion""]","Misjudged Clearance","Motor Vehicle in Motion"
0,0,"Atlanta Police Department","2022-08-26","Douglas St Se and Memorial Dr Se","(O) No Injury","Dark-Lighted","On Roadway - Roadway Intersection","Rear End","Memorial Dr Se","Dry","17:30:00","[""Unknown"",""Unknown""]","Clear",0,33.747358,-84.317806,"Atlanta","DEKALB","[""Motor Vehicle in Motion"",""Motor Vehicle in Motion""]","Following Too Close","[""Motor Vehicle in Motion"",""Motor Vehicle in Motion""]"
0,0,"Atlanta Police Department","2022-08-26","Marietta St Nw and Andrew Young International Blvd Nw","(C) Possible Injury / Complaint","Daylight","On Roadway - Roadway Intersection","Sideswipe-Same Direction","Marietta St Nw","Dry","14:20:00","[""Unknown"",""Child Restraint System (Properly Used)"",""Child Restraint System (Properly Used)"",""Unknown""]","Clear",0,33.758941,-84.3943,"Atlanta","FULTON","[""Motor Vehicle in Motion"",""Motor Vehicle in Motion""]","Changed Lanes Improperly","[""Parked Motor Vehicle"",""Motor Vehicle in Motion""]"
0,0,"Atlanta Police Department","2022-08-26","Pharr Rd Nw and Peachtree Rd Ne","(O) No Injury","Daylight","On Roadway - Roadway Intersection","Angle Crash","Peachtree Rd Ne","Dry","07:00:00","[""Lap and Shoulder Belt Used"",""Lap and Shoulder Belt Used""]","Clear",0,33.837071,-84.381419,"Atlanta","FULTON","[""Motor Vehicle in Motion"",""Motor Vehicle in Motion""]","Changed Lanes Improperly","[""Motor Vehicle in Motion"",""Motor Vehicle in Motion""]"
0,1,"Gsp Post 00","2022-08-26","I-285 Nb and Donald Lee Hollowell Pkwy","(B) Suspected Minor/Visible Injury","Daylight","On Roadway - Non-Intersection","Sideswipe-Same Direction","I-285 Nb","Dry","14:45:00","[""Motorcycle Helmet"",""Lap and Shoulder Belt Used""]","Clear",0,33.790145,-84.490222,"Atlanta","FULTON","[""Motor Vehicle in Motion"",""Motor Vehicle in Motion""]","Following Too Close","[""Other - Fixed Object"",""Motor Vehicle in Motion""]"
0,0,"Atlanta Police Department","2022-08-26","Colquitt Ave Ne and N Highland Ave Ne","(O) No Injury","Dawn","On Roadway - Driveway Intersection","Rear End","N Highland Ave Ne","Dry","19:10:00","[""None Used"",""None Used""]","Clear",0,33.766617,-84.35314,"Atlanta","FULTON","[""Motor Vehicle in Motion"",""Motor Vehicle in Motion""]",,"[""Motor Vehicle in Motion"",""Motor Vehicle in Motion""]"
0,0,"Atlanta Police Department","2022-08-26","Hamilton E Holmes Dr Nw and Donald Lee Hollowell Pkwy Nw","(C) Possible Injury / Complaint","Daylight","On Roadway - Non-Intersection","Not a Collision with Motor Vehicle","Hamilton E Holmes Dr Nw","Dry","19:40:00","[""Unknown"",""None Used""]","Clear",0,33.777276,-84.474005,"Atlanta","FULTON","[""Motor Vehicle in Motion"",""Motor Vehicle in Motion""]","Failure to Yield","Motor Vehicle in Motion"
0,0,"Atlanta Police Department","2022-08-26","Pine Grove Dr Nw and Defoors Ferry Rd Nw","(O) No Injury","Daylight","Off Roadway - Sidewalk","Not a Collision with Motor Vehicle","Defoors Ferry Rd Nw","Dry","08:20:00","Lap and Shoulder Belt Used","Cloudy",0,33.820312,-84.448289,"Atlanta","FULTON","Other Non-Collision","Driver Lost Control","Tree"
0,0,"Gsp Post 00","2022-08-26","I-20 East and Windsor St","(O) No Injury","Daylight","On Roadway - Non-Intersection","Sideswipe-Same Direction","I-20 East","Dry","14:16:00","[""Lap and Shoulder Belt Used"",""Lap and Shoulder Belt Used""]","Clear",0,33.745168,-84.398032,"Atlanta","FULTON","[""Motor Vehicle in Motion"",""Motor Vehicle in Motion""]","Changed Lanes Improperly","[""Motor Vehicle in Motion"",""Other - Fixed Object""]"
0,0,"Gsp Post 00","2022-08-26","I-75 Sb and Northside Dr","(O) No Injury","Daylight","On Roadway - Non-Intersection","Sideswipe-Same Direction","I-75 Sb","Dry","14:00:00","[""Lap and Shoulder Belt Used"",""Lap and Shoulder Belt Used""]","Clear",0,33.801236,-84.401238,"Atlanta","FULTON","[""Motor Vehicle in Motion"",""Motor Vehicle in Motion""]","Changed Lanes Improperly","[""Motor Vehicle in Motion"",""Motor Vehicle in Motion""]"
0,0,"Atlanta Police Department","2022-08-26","Peachtree Rd Ne and Peachtree Park Dr Ne","(O) No Injury","Daylight","On Roadway - Roadway Intersection","Rear End","Peachtree Rd Ne","Dry","15:17:00","[""Unknown"",""Lap and Shoulder Belt Used""]","Clear",0,33.812294,-84.392271,"Atlanta","FULTON","[""Motor Vehicle in Motion"",""Motor Vehicle in Motion""]","Following Too Close","[""Motor Vehicle in Motion"",""Motor Vehicle in Motion""]"
0,0,"Atlanta Police Department","2022-08-26","None and Ga-13","(O) No Injury","Daylight","On Roadway - Non-Intersection","Sideswipe-Same Direction","Ga-13","Dry","13:44:00","Lap and Shoulder Belt Used","Clear",0,33.812319,-84.36815,"Atlanta","FULTON","[""Motor Vehicle in Motion"",""Motor Vehicle in Motion""]","Changed Lanes Improperly","[""Motor Vehicle in Motion"",""Motor Vehicle in Motion""]"
0,0,"Atlanta Police Department","2022-08-26","Ellis St Ne and Peachtree Center Ave Ne","(C) Possible Injury / Complaint","Daylight","On Roadway - Roadway Intersection","Angle Crash","Ellis St Ne","Dry","15:01:00","[""Lap and Shoulder Belt Used"",""Lap and Shoulder Belt Used""]","Clear",0,33.758411,-84.386065,"Atlanta","FULTON","[""Motor Vehicle in Motion"",""Motor Vehicle in Motion""]","[""Disregard Stop Sign/Signal"",""Disregard Stop Sign/Signal""]","[""Motor Vehicle in Motion"",""Motor Vehicle in Motion""]"