"# Serious Injuries","# Visible Injuries","Agency Name (Crash Level) ","Date","Intersection Name (from Crash Report)","KABCO Severity","Light Conditions (Crash Level)","Location at Impact (Crash Level) ","Manner of Collision (Crash Level) ","Roadway (From Crash Report)","Surface Condition (Crash Level) ","Time","Safety Equipment (Crash Level) ","Weather Conditions (Crash Level)","# of Fatalities per Crash","Latitude","Longitude","Geolocated City","Geolocated County","First Harmful Event (Unit Order)","Operator/Pedestrian Contrib Factor (excl None, Other, No Contrib Factors)","Most Harmful Event (Crash Level)"
0,0,"Atlanta Police Department","2022-08-27","Middleton Rd Nw and Martin Luther King Jr Dr Sw","(C) Possible Injury / Complaint","Dark-Lighted","On Roadway - Roadway Intersection","Angle Crash","Martin Luther King Jr Dr Sw","Dry","20:27:00","[""Lap and Shoulder Belt Used"",""Lap and Shoulder Belt Used"",""Lap and Shoulder Belt Used""]","Clear",0,33.751737,-84.491184,"Atlanta","FULTON","[""Motor Vehicle in Motion"",""Motor Vehicle in Motion""]","Failure to Yield","[""Motor Vehicle in Motion"",""Motor Vehicle in Motion""]"
0,0,"Atlanta Police Department","2022-08-27","Marietta Blvd Nw and W Marietta St Nw","(C) Possible Injury / Complaint","Daylight","On Roadway - Roadway Intersection","Rear End","W Marietta St Nw","Dry","08:48:00","[""Lap and Shoulder Belt Used"",""Lap and Shoulder Belt Used"",""Lap and Shoulder Belt Used""]","Clear",0,33.786327,-84.427812,"Atlanta","FULTON","[""Motor Vehicle in Motion"",""Motor Vehicle in Motion""]","Following Too Close","[""Motor Vehicle in Motion"",""Motor Vehicle in Motion""]"
0,0,"Atlanta Police Department","2022-08-27","14Th St Ne and Juniper St Ne","(O) No Injury","Daylight","On Roadway - Managed Lane (HOV, HOT, Reversible)","Rear End","Juniper St Ne","Dry","10:17:00","[""Unknown"",""Unknown""]","Clear",0,33.786491,-84.382136,"Atlanta","FULTON","[""Motor Vehicle in Motion"",""Motor Vehicle in Motion""]","Following Too Close","[""Motor Vehicle in Motion"",""Motor Vehicle in Motion""]"
0,0,"Gsp Post 00","2022-08-27","Perkerson Rd Sw and Sylvan Circle Sw","(C) Possible Injury / Complaint","Daylight","Off Roadway","Not a Collision with Motor Vehicle","Sylvan Circle Sw","Dry","15:34:00","Unknown","Clear",0,33.70104,-84.415872,"Atlanta","FULTON","Other Non-Collision","[""Reckless Driving"",""Too Fast for Conditions"",""Under the Influence (U.I.)"",""Disregard Police - Evasion""]","Other Non-Collision"
0,0,"Atlanta Police Department","2022-08-27","None and I-75","(O) No Injury","Daylight","On Roadway - Non-Intersection","Sideswipe-Same Direction","I-75","Dry","16:30:00","[""Unknown"",""Unknown""]","Clear",0,33.741996,-84.391498,"Atlanta","FULTON","[""Motor Vehicle in Motion"",""Motor Vehicle in Motion""]","Changed Lanes Improperly","[""Motor Vehicle in Motion"",""Motor Vehicle in Motion""]"
0,0,"Atlanta Police Department","2022-08-27","I-75 Hov Lane and John Wesley Dobbs Ave Ne","(O) No Injury","Daylight","On Roadway - Managed Lane (HOV, HOT, Reversible)","Sideswipe-Same Direction","I-75 Hov Lane","Dry","06:23:00","[""Lap and Shoulder Belt Used"",""Lap and Shoulder Belt Used""]","Clear",0,33.757032,-84.37833,"Atlanta","FULTON","[""Motor Vehicle in Motion"",""Motor Vehicle in Motion""]","[""Under the Influence (U.I.)"",""Changed Lanes Improperly""]","[""Motor Vehicle in Motion"",""Motor Vehicle in Motion""]"
0,1,"Atlanta Police Department","2022-08-27","None and I-285","(B) Suspected Minor/Visible Injury","Daylight","On Roadway - Non-Intersection","Rear End","I-285","Dry","12:00:00","[""Lap and Shoulder Belt Used"",""Lap and Shoulder Belt Used"",""Lap and Shoulder Belt Used"",""Lap and Shoulder Belt Used"",""Lap and Shoulder Belt Used""]","Clear",0,33.789126,-84.491333,"Atlanta","FULTON","[""Motor Vehicle in Motion"",""Motor Vehicle in Motion""]","Following Too Close","[""Motor Vehicle in Motion"",""Motor Vehicle in Motion""]"
0,0,"Atlanta Police Department","2022-08-27","Cain St Ne and Boulevard Ne","(O) No Injury","Dark-Lighted","On Roadway - Non-Intersection","Rear End","Boulevard Ne","Dry","21:00:00","[""Unknown"",""Unknown"",""Unknown""]","Clear",0,33.759729,-84.37208,"Atlanta","FULTON","[""Motor Vehicle in Motion"",""Motor Vehicle in Motion"",""Motor Vehicle in Motion""]","Following Too Close","[""Motor Vehicle in Motion"",""Motor Vehicle in Motion"",""Motor Vehicle in Motion""]"
0,0,"Atlanta Police Department","2022-08-27","Central Ave Sw and Martin Luther King Jr Dr Sw","(C) Possible Injury / Complaint","Daylight","On Roadway - Roadway Intersection","Angle Crash","Central Ave Sw","Dry","17:00:00","Lap and Shoulder Belt Used","Clear",0,33.749667,-84.3907,"Atlanta","FULTON","[""Motor Vehicle in Motion"",""Motor Vehicle in Motion""]","Improper Turn","[""Motor Vehicle in Motion"",""Motor Vehicle in Motion""]"
0,0,"Atlanta Police Department","2022-08-27","Collier Pl Nw and Collier Rd Nw","(O) No Injury","Daylight","On Roadway - Non-Intersection","Rear End","Collier Rd Nw","Dry","18:00:00","[""Unknown"",""Unknown""]","Clear",0,33.810513,-84.40655,"Atlanta","FULTON","[""Motor Vehicle in Motion"",""Motor Vehicle in Motion""]",,"Motor Vehicle in Motion"
0,0,"Atlanta Police Department","2022-08-27","Peachtree St Ne and Peachtree St Ne Exit 85","(O) No Injury","Daylight","On Roadway - Non-Intersection","Rear End","Peachtree St Ne Exit 85","Water (standing or moving)","17:00:00","[""Lap and Shoulder Belt Used"",""Lap and Shoulder Belt Used"",""Lap and Shoulder Belt Used"",""Lap and Shoulder Belt Used""]","Rain",0,33.799458,-84.392116,"Atlanta","FULTON","[""Motor Vehicle in Motion"",""Motor Vehicle in Motion"",""Motor Vehicle in Motion"",""Motor Vehicle in Motion""]","Following Too Close","[""Motor Vehicle in Motion"",""Motor Vehicle in Motion"",""Motor Vehicle in Motion"",""Motor Vehicle in Motion""]"
0,0,"Atlanta Police Department","2022-08-27","Richmond St Se and Hank Aaron Dr Se","(O) No Injury","Dark-Lighted","On Roadway - Managed Lane (HOV, HOT, Reversible)","Sideswipe-Same Direction","Hank Aaron Dr Se","Dry","19:05:00","[""Unknown"",""Unknown""]","Cloudy",0,33.740089,-84.387822,"Atlanta","FULTON","[""Motor Vehicle in Motion"",""Motor Vehicle in Motion""]","Changed Lanes Improperly","[""Motor Vehicle in Motion"",""Motor Vehicle in Motion""]"
0,0,"Atlanta Police Department","2022-08-27","None and I-20","(C) Possible Injury / Complaint","Dark-Not Lighted","Median","Angle Crash","I-20","Water (standing or moving)","19:40:00","[""Lap and Shoulder Belt Used"",""Lap and Shoulder Belt Used"",""Lap and Shoulder Belt Used""]","Rain",0,33.743467,-84.359796,"Atlanta","FULTON","[""Motor Vehicle in Motion"",""Median Barrier""]","Driver Lost Control","[""Motor Vehicle in Motion"",""Motor Vehicle in Motion""]"
0,0,"Atlanta Police Department","2022-08-27","Arkwright Pl Se and Moreland Ave Se","(O) No Injury","Daylight","On Roadway - Non-Intersection","Rear End","Moreland Ave Se","Dry","17:06:00","[""Unknown"",""Unknown""]","Clear",0,33.748477,-84.349219,"Atlanta","FULTON","[""Motor Vehicle in Motion"",""Motor Vehicle in Motion""]","Following Too Close","[""Motor Vehicle in Motion"",""Motor Vehicle in Motion""]"
0,0,"Atlanta Police Department","2022-08-27","14Th St Nw and Northside Dr Nw","(C) Possible Injury / Complaint","Daylight","On Roadway - Roadway Intersection","Rear End","Northside Dr Nw","Dry","12:15:00","[""Lap and Shoulder Belt Used"",""Lap and Shoulder Belt Used"",""Lap and Shoulder Belt Used"",""Lap and Shoulder Belt Used""]","Clear",0,33.786228,-84.407395,"Atlanta","FULTON","[""Motor Vehicle in Motion"",""Motor Vehicle in Motion"",""Motor Vehicle in Motion""]","Following Too Close","[""Motor Vehicle in Motion"",""Motor Vehicle in Motion"",""Motor Vehicle in Motion""]"
0,0,"Atlanta Police Department","2022-08-27","Peyton Rd Sw and Martin Luther King Jr Dr Sw","(O) No Injury","Daylight","On Roadway - Non-Intersection","Sideswipe-Same Direction","Martin Luther King Jr Dr Sw","Dry","19:30:00","[""Lap and Shoulder Belt Used"",""Lap and Shoulder Belt Used"",""Lap and Shoulder Belt Used""]","Cloudy",0,33.752211,-84.468572,"Atlanta","FULTON","[""Motor Vehicle in Motion"",""Motor Vehicle in Motion""]",,"[""Motor Vehicle in Motion"",""Motor Vehicle in Motion""]"
0,0,"Atlanta Police Department","2022-08-27","Spence Ave Se and Memorial Dr Se","(O) No Injury","Daylight","On Roadway - Non-Intersection","Rear End","Memorial Dr Se","Dry","17:33:00","[""Unknown"",""Unknown""]","Clear",0,33.74709,-84.295294,"Atlanta","DEKALB","[""Motor Vehicle in Motion"",""Motor Vehicle in Motion""]",,"[""Motor Vehicle in Motion"",""Motor Vehicle in Motion""]"
0,0,"Atlanta Police Department","2022-08-27","Rhodes St Nw and Northside Dr Nw","(O) No Injury","Daylight","On Roadway - Roadway Intersection","Rear End","Northside Dr Nw","Dry","16:35:00","[""Unknown"",""Unknown""]","Clear",0,33.756864,-84.402781,"Atlanta","FULTON","[""Motor Vehicle in Motion"",""Motor Vehicle in Motion"",""Motor Vehicle in Motion""]","Following Too Close","[""Motor Vehicle in Motion"",""Motor Vehicle in Motion"",""Motor Vehicle in Motion""]"
0,0,"Atlanta Police Department","2022-08-27","I-75 and I-20 E","(O) No Injury","Daylight","On Roadway - Roadway Intersection","Rear End","I-75","Dry","14:36:00","[""Unknown"",""Unknown"",""Unknown"",""Unknown""]","Clear",0,33.744894,-84.390042,"Atlanta","FULTON","[""Motor Vehicle in Motion"",""Motor Vehicle in Motion""]","Following Too Close","[""Motor Vehicle in Motion"",""Motor Vehicle in Motion""]"
0,0,"Atlanta Police Department","2022-08-27","Forrest Park Rd Se and S River Industrial Blvd Se","(C) Possible Injury / Complaint","Daylight","On Roadway - Non-Intersection","Sideswipe-Same Direction","S River Industrial Blvd Se","Dry","16:32:00","[""Unknown"",""Lap and Shoulder Belt Used""]","Clear",0,33.683211,-84.359079,"Atlanta","FULTON","[""Motor Vehicle in Motion"",""Motor Vehicle in Motion""]","Improper Passing","[""Motor Vehicle in Motion"",""Motor Vehicle in Motion""]"
0,0,"Atlanta Police Department","2022-08-27","I-75 N and Edgewood Ave Se","(C) Possible Injury / Complaint","Daylight","On Roadway - Roadway Intersection","Rear End","I-75 N","Dry","16:30:00","[""Unknown"",""Unknown"",""Unknown"",""Unknown"",""Unknown"",""Unknown""]","Clear",0,33.752341,-84.379249,"Atlanta","FULTON","[""Motor Vehicle in Motion"",""Motor Vehicle in Motion"",""Motor Vehicle in Motion""]","Following Too Close","[""Motor Vehicle in Motion"",""Motor Vehicle in Motion"",""Motor Vehicle in Motion""]"
0,0,"Atlanta Police Department","2022-08-27","Ellis St Ne and Courtland St Ne","(O) No Injury","Daylight","On Roadway - Roadway Intersection","Angle Crash","Ellis St Ne","Dry","13:27:00","[""Unknown"",""Unknown""]","Clear",0,33.758392,-84.38422,"Atlanta","FULTON","[""Motor Vehicle in Motion"",""Motor Vehicle in Motion""]","Improper Turn","[""Motor Vehicle in Motion"",""Motor Vehicle in Motion""]"
0,0,"Emory Police Department","2022-08-27","Clifton Rd Ne and Houston Mill Rd Ne","(O) No Injury","Daylight","On Roadway - Roadway Intersection","Angle Crash","Houston Mill Rd Ne","Dry","15:44:00","[""Unknown"",""Unknown"",""Unknown""]","Clear",0,33.798535,-84.32376,"Atlanta","DEKALB","[""Motor Vehicle in Motion"",""Motor Vehicle in Motion""]","Disregard Stop Sign/Signal","[""Motor Vehicle in Motion"",""Motor Vehicle in Motion""]"
0,0,"Atlanta Police Department","2022-08-27","Monroe Dr Ne and Amsterdam Ave Ne","(O) No Injury","Daylight","On Roadway - Non-Intersection","Rear End","Monroe Dr Ne","Dry","13:07:00","Lap and Shoulder Belt Used","Clear",0,33.788221,-84.366676,"Atlanta","FULTON","[""Motor Vehicle in Motion"",""Parked Motor Vehicle""]",,"[""Motor Vehicle in Motion"",""Parked Motor Vehicle""]"
0,0,"Atlanta Police Department","2022-08-27","Grandview Ave Ne and E Paces Ferry Rd Ne","(O) No Injury","Dark-Lighted","On Roadway - Non-Intersection","Angle Crash","E Paces Ferry Rd Ne","Dry","20:50:00","[""Unknown"",""Unknown""]","Clear",0,33.839112,-84.376663,"Atlanta","FULTON","[""Motor Vehicle in Motion"",""Motor Vehicle in Motion""]","Improper Turn","[""Motor Vehicle in Motion"",""Motor Vehicle in Motion""]"
0,0,"Atlanta Police Department","2022-08-27","United Ave Se and Moreland Ave Se","(O) No Injury","Daylight","On Roadway - Non-Intersection","Sideswipe-Same Direction","Moreland Ave Se","Dry","11:55:00","[""Lap and Shoulder Belt Used"",""Lap and Shoulder Belt Used""]","Cloudy",0,33.724141,-84.349452,"Atlanta","FULTON","[""Motor Vehicle in Motion"",""Motor Vehicle in Motion""]",,"[""Motor Vehicle in Motion"",""Motor Vehicle in Motion""]"
0,0,"Atlanta Police Department","2022-08-27","Ellis St Ne and Piedmont Ave Ne","(O) No Injury","Dark-Lighted","On Roadway - Roadway Intersection","Angle Crash","Piedmont Ave Ne","Dry","06:10:00","[""Unknown"",""Lap and Shoulder Belt Used""]","Clear",0,33.758354,-84.382208,"Atlanta","FULTON","[""Motor Vehicle in Motion"",""Motor Vehicle in Motion""]","Disregard Police - Traffic Control","[""Motor Vehicle in Motion"",""Motor Vehicle in Motion""]"
0,0,"Atlanta Police Department","2022-08-27","Baker St Ne and Courtland St Ne","(C) Possible Injury / Complaint","Dark-Lighted","On Roadway - Roadway Intersection","Angle Crash","Courtland St Ne","Dry","00:10:00","[""Unknown"",""Unknown"",""Unknown"",""Unknown"",""Unknown""]","Clear",0,33.762215,-84.384155,"Atlanta","FULTON","[""Motor Vehicle in Motion"",""Motor Vehicle in Motion""]","Disregard Other Traffic Control","[""Motor Vehicle in Motion"",""Motor Vehicle in Motion""]"
0,0,"Atlanta Police Department","2022-08-27","Virginia Ave Ne and Briarcliff Rd Ne","(O) No Injury","Daylight","On Roadway - Driveway Intersection","Angle Crash","Virginia Ave Ne","Dry","10:50:00","[""Unknown"",""Unknown""]","Cloudy",0,33.779193,-84.34629,"Atlanta","DEKALB","[""Motor Vehicle in Motion"",""Motor Vehicle in Motion"",""Motor Vehicle in Motion""]","Failure to Yield","[""Motor Vehicle in Motion"",""Motor Vehicle in Motion"",""Motor Vehicle in Motion""]"
0,0,"Atlanta Police Department","2022-08-27","Northside Dr Nw and Ivan Allen Jr Blvd Nw","(O) No Injury","Daylight","On Roadway - Non-Intersection","Angle Crash","Ivan Allen Jr Blvd Nw","Dry","13:13:00","[""Lap and Shoulder Belt Used"",""Lap and Shoulder Belt Used""]","Clear",0,33.763549,-84.402655,"Atlanta","FULTON","[""Motor Vehicle in Motion"",""Motor Vehicle in Motion""]","Changed Lanes Improperly","[""Motor Vehicle in Motion"",""Motor Vehicle in Motion""]"
0,0,"Atlanta Police Department","2022-08-27","None and I-75","(O) No Injury","Daylight","On Roadway - Non-Intersection","Sideswipe-Same Direction","I-75","Dry","10:40:00","Unknown","Clear",0,33.752907,-84.379289,"Atlanta","FULTON","[""Motor Vehicle in Motion"",""Motor Vehicle in Motion""]","Changed Lanes Improperly","[""Motor Vehicle in Motion"",""Motor Vehicle in Motion""]"
0,0,"Atlanta Police Department","2022-08-27","I-75 S and University Ave Sw","(O) No Injury","Daylight","On Roadway - Non-Intersection","Rear End","University Ave Sw","Dry","08:00:00","[""Lap and Shoulder Belt Used"",""Lap and Shoulder Belt Used""]","Clear",0,33.722233,-84.395509,"Atlanta","FULTON","[""Motor Vehicle in Motion"",""Motor Vehicle in Motion""]","Following Too Close","[""Motor Vehicle in Motion"",""Motor Vehicle in Motion""]"
0,0,"Atlanta Police Department","2022-08-27","Pollard Blvd Sw and Bill Lucas Dr Sw","(O) No Injury","Daylight","On Roadway - Roadway Intersection","Sideswipe-Same Direction","Pollard Blvd Sw","Dry","18:45:00","[""Unknown"",""Unknown""]","Cloudy",0,33.734222,-84.390876,"Atlanta","FULTON","[""Motor Vehicle in Motion"",""Motor Vehicle in Motion""]","Improper Turn","[""Motor Vehicle in Motion"",""Motor Vehicle in Motion""]"
0,0,"Atlanta Police Department","2022-08-27","14Th St Nw and Spring St Nw","(O) No Injury","Dark-Lighted","On Roadway - Roadway Intersection","Head On","14Th St Nw","Dry","02:00:00","[""Unknown"",""Unknown""]","Clear",0,33.786586,-84.389236,"Atlanta","FULTON","[""Motor Vehicle in Motion"",""Motor Vehicle in Motion""]","Failure to Yield","[""Motor Vehicle in Motion"",""Motor Vehicle in Motion""]"
0,0,"Atlanta Police Department","2022-08-27","Peachtree Rd Ne and Peachtree Park Dr Ne","(O) No Injury","Dark-Not Lighted","On Roadway - Non-Intersection","Sideswipe-Same Direction","Peachtree Park Dr Ne","Dry","04:00:00","Unknown","Clear",0,33.812335,-84.39148,"Atlanta","FULTON","[""Motor Vehicle in Motion"",""Parked Motor Vehicle""]","Reckless Driving","[""Motor Vehicle in Motion"",""Parked Motor Vehicle""]"
0,0,"Atlanta Police Department","2022-08-27","Bolton Rd Nw and Moores Mill Rd Nw","(C) Possible Injury / Complaint","Daylight","On Roadway - Non-Intersection","Angle Crash","Moores Mill Rd Nw","Dry","18:00:00","[""None Used"",""Lap and Shoulder Belt Used""]","Cloudy",0,33.820239,-84.449183,"Atlanta","FULTON","[""Motor Vehicle in Motion"",""Motor Vehicle in Motion""]","Failure to Yield","[""Motor Vehicle in Motion"",""Motor Vehicle in Motion""]"
0,0,"Atlanta Police Department","2022-08-27","Baker St Nw and Centennial Olympic Park Dr Nw","(O) No Injury","Daylight","Off Roadway","Rear End","Baker St Nw","Dry","13:20:00","[""Unknown"",""Unknown""]","Clear",0,33.76227,-84.39154,"Atlanta","FULTON","[""Motor Vehicle in Motion"",""Motor Vehicle in Motion""]","Improper Backing","[""Motor Vehicle in Motion"",""Motor Vehicle in Motion""]"
0,0,"Atlanta Police Department","2022-08-27","Garraux St Nw and Howell Mill Rd Nw","(C) Possible Injury / Complaint","Dark-Lighted","Off Roadway","Not a Collision with Motor Vehicle","Howell Mill Rd Nw","Dry","03:00:00","Lap and Shoulder Belt Used","Clear",0,33.797842,-84.416126,"Atlanta","FULTON","Utility Pole","Inattentive or Other Distraction (Distracted)","Utility Pole"
0,0,"Atlanta Police Department","2022-08-27","Boulevard Dr Ne and Moreland Ave Se","(O) No Injury","Daylight","On Roadway - Driveway Intersection","Angle Crash","Moreland Ave Se","Dry","15:06:00","[""Unknown"",""Unknown""]","Clear",0,33.753312,-84.349212,"Atlanta","FULTON","[""Motor Vehicle in Motion"",""Motor Vehicle in Motion""]","Improper Turn","[""Motor Vehicle in Motion"",""Motor Vehicle in Motion""]"
0,0,"Atlanta Police Department","2022-08-27","None and I-75","(O) No Injury","Dark-Lighted","On Roadway - Non-Intersection","Sideswipe-Same Direction","I-75","Wet","23:54:00","[""Unknown"",""Lap and Shoulder Belt Used""]","Clear",0,33.864775,-84.439558,"Atlanta","FULTON","[""Motor Vehicle in Motion"",""Motor Vehicle in Motion""]","Following Too Close","[""Motor Vehicle in Motion"",""Motor Vehicle in Motion""]"
0,0,"Atlanta Police Department","2022-08-27","Courtland St Se and Martin Luther King Jr Dr Sw","(C) Possible Injury / Complaint","Daylight","On Roadway - Roadway Intersection","Sideswipe-Opposite Direction","Martin Luther King Jr Dr Sw","Water (standing or moving)","19:22:00","[""Unknown"",""Unknown"",""Unknown"",""Unknown"",""Unknown"",""Unknown"",""Unknown"",""Unknown"",""Unknown""]","Rain",0,33.749986,-84.388498,"Atlanta","FULTON","[""Motor Vehicle in Motion"",""Motor Vehicle in Motion""]","Changed Lanes Improperly","[""Motor Vehicle in Motion"",""Motor Vehicle in Motion""]"
0,0,"Atlanta Police Department","2022-08-27","None and Peyton Pl Sw","(O) No Injury","Dark-Lighted","On Roadway - Non-Intersection","Rear End","Peyton Pl Sw","Dry","01:30:00","[""Unknown"",""Lap and Shoulder Belt Used""]","Clear",0,33.752741,-84.476417,"Atlanta","FULTON","[""Motor Vehicle in Motion"",""Motor Vehicle in Motion""]","Following Too Close","[""Motor Vehicle in Motion"",""Motor Vehicle in Motion""]"
0,0,"Atlanta Police Department","2022-08-27","Bellemeade Ave Nw and Howell Mill Rd Nw","(O) No Injury","Daylight","On Roadway - Roadway Intersection","Angle Crash","Howell Mill Rd Nw","Dry","07:53:00","[""Lap and Shoulder Belt Used"",""Lap and Shoulder Belt Used""]","Clear",0,33.800495,-84.415926,"Atlanta","FULTON","[""Motor Vehicle in Motion"",""Motor Vehicle in Motion""]","Disregard Stop Sign/Signal","[""Motor Vehicle in Motion"",""Motor Vehicle in Motion""]"
0,0,"Atlanta Police Department","2022-08-27","Sky Haven Rd Se and Moreland Ave Se","(O) No Injury","Daylight","On Roadway - Driveway Intersection","Angle Crash","Moreland Ave Se","Dry","17:15:00","[""None Used"",""None Used""]","Clear",0,33.723834,-84.349456,"Atlanta","FULTON","[""Motor Vehicle in Motion"",""Motor Vehicle in Motion""]",,"[""Motor Vehicle in Motion"",""Motor Vehicle in Motion""]"
0,0,"Atlanta Police Department","2022-08-27","None and I-85","(O) No Injury","Dark-Lighted","On Roadway - Non-Intersection","Sideswipe-Same Direction","I-85","Dry","05:00:00","[""Unknown"",""Unknown"",""Unknown"",""Unknown"",""Unknown""]","Clear",0,33.822872,-84.357998,"Atlanta","FULTON","[""Motor Vehicle in Motion"",""Motor Vehicle in Motion""]","Changed Lanes Improperly","[""Motor Vehicle in Motion"",""Motor Vehicle in Motion""]"
0,0,"Atlanta Police Department","2022-08-27","I-75 and Exit 244","(C) Possible Injury / Complaint","Dark-Not Lighted","On Roadway - Non-Intersection","Rear End","I-75","Dry","02:53:00","[""Unknown"",""Unknown""]","Clear",0,33.719078,-84.396903,"Atlanta","FULTON","[""Motor Vehicle in Motion"",""Motor Vehicle in Motion""]","Under the Influence (U.I.)","[""Motor Vehicle in Motion"",""Motor Vehicle in Motion""]"
0,0,"Atlanta Police Department","2022-08-27","White St Nw and Howell Mill Rd Nw","(O) No Injury","Daylight","On Roadway - Non-Intersection","Sideswipe-Same Direction","Howell Mill Rd Nw","Dry","09:35:00","[""Lap and Shoulder Belt Used"",""Lap and Shoulder Belt Used""]","Clear",0,33.801387,-84.415584,"Atlanta","FULTON","[""Motor Vehicle in Motion"",""Motor Vehicle in Motion""]","Misjudged Clearance","[""Motor Vehicle in Motion"",""Motor Vehicle in Motion""]"
0,0,"Atlanta Police Department","2022-08-27","Rhodes Ctr Nw and Peachtree St Nw","(O) No Injury","Dark-Lighted","On Roadway - Non-Intersection","Sideswipe-Same Direction","Peachtree St Nw","Dry","01:20:00","[""Unknown"",""Unknown"",""Unknown"",""Unknown""]","Clear",0,33.795286,-84.38774,"Atlanta","FULTON","[""Motor Vehicle in Motion"",""Motor Vehicle in Motion""]",,"[""Motor Vehicle in Motion"",""Motor Vehicle in Motion""]"
0,0,"Atlanta Police Department","2022-08-27","Lakewood Ave Se and Shadydale Ave Se","(O) No Injury","Daylight","On Roadway - Roadway Intersection","Sideswipe-Same Direction","Shadydale Ave Se","Dry","14:28:00","[""Unknown"",""Unknown"",""Unknown"",""Unknown"",""Unknown""]","Clear",0,33.702094,-84.385153,"Atlanta","FULTON","[""Motor Vehicle in Motion"",""Motor Vehicle in Motion"",""Parked Motor Vehicle""]","Changed Lanes Improperly","[""Motor Vehicle in Motion"",""Motor Vehicle in Motion"",""Parked Motor Vehicle""]"
0,0,"Atlanta Police Department","2022-08-27","Le Brun Rd Ne and Roswell Rd Ne","(O) No Injury","Daylight","On Roadway - Roadway Intersection","Head On","Roswell Rd Ne","Dry","11:47:00","[""Unknown"",""Unknown""]","Clear",0,33.861184,-84.380416,"Atlanta","FULTON","[""Motor Vehicle in Motion"",""Motor Vehicle in Motion""]","Failure to Yield","[""Motor Vehicle in Motion"",""Motor Vehicle in Motion""]"
0,0,"Atlanta Police Department","2022-08-27","Ga-13 S and Monroe Dr Ne","(C) Possible Injury / Complaint","Daylight","On Roadway - Non-Intersection","Rear End","Monroe Dr Ne","Dry","09:40:00","[""Unknown"",""Unknown"",""Unknown""]","Clear",0,33.811151,-84.368913,"Atlanta","FULTON","[""Motor Vehicle in Motion"",""Motor Vehicle in Motion""]","Following Too Close","[""Motor Vehicle in Motion"",""Motor Vehicle in Motion""]"
0,1,"Atlanta Police Department","2022-08-27","I-75N and Ralph David Abernathy Blvd Sw","(B) Suspected Minor/Visible Injury","Daylight","On Roadway - Non-Intersection","Head On","I-75N","Dry","14:21:00","[""Lap and Shoulder Belt Used"",""Lap and Shoulder Belt Used"",""Lap and Shoulder Belt Used"",""Lap and Shoulder Belt Used"",""Lap and Shoulder Belt Used"",""Lap and Shoulder Belt Used"",""Lap and Shoulder Belt Used"",""Lap and Shoulder Belt Used"",""Lap and Shoulder Belt Used""]","Clear",0,33.736292,-84.391867,"Atlanta","FULTON","[""Motor Vehicle in Motion"",""Motor Vehicle in Motion"",""Motor Vehicle in Motion"",""Motor Vehicle in Motion""]","Following Too Close","[""Motor Vehicle in Motion"",""Motor Vehicle in Motion"",""Motor Vehicle in Motion"",""Motor Vehicle in Motion""]"
0,0,"Atlanta Police Department","2022-08-27","I-285 E and Jonesboro Rd Se","(O) No Injury","Daylight","On Roadway - Roadway Intersection","Sideswipe-Same Direction","Jonesboro Rd Se","Dry","18:10:00","[""Lap and Shoulder Belt Used"",""Lap and Shoulder Belt Used"",""Lap and Shoulder Belt Used""]","Clear",0,33.650485,-84.366433,"Atlanta","FULTON","[""Motor Vehicle in Motion"",""Motor Vehicle in Motion""]","Changed Lanes Improperly","[""Motor Vehicle in Motion"",""Motor Vehicle in Motion""]"
0,0,"Atlanta Police Department","2022-08-27","Hunnicutt St Nw and Centennial Olympic Park Dr Nw","(O) No Injury","Daylight","On Roadway - Roadway Intersection","Sideswipe-Opposite Direction","Centennial Olympic Park Dr Nw","Dry","15:51:00","[""Unknown"",""Unknown""]","Clear",0,33.766787,-84.391897,"Atlanta","FULTON","[""Motor Vehicle in Motion"",""Motor Vehicle in Motion""]","[""Improper Turn"",""Misjudged Clearance""]","[""Motor Vehicle in Motion"",""Motor Vehicle in Motion""]"
0,0,"Atlanta Police Department","2022-08-27","University Ave Sw and Metropolitan Pkwy Sw","(O) No Injury","Dusk","On Roadway - Roadway Intersection","Angle Crash","Metropolitan Pkwy Sw","Dry","02:12:00","[""Lap and Shoulder Belt Used"",""Lap and Shoulder Belt Used"",""Lap and Shoulder Belt Used""]","Clear",0,33.722289,-84.407869,"Atlanta","FULTON","[""Motor Vehicle in Motion"",""Motor Vehicle in Motion""]","Failure to Yield","[""Motor Vehicle in Motion"",""Motor Vehicle in Motion""]"
0,0,"Atlanta Police Department","2022-08-27","Juniper St Ne and Ponce De Leon Ave Ne","(C) Possible Injury / Complaint","Daylight","On Roadway - Non-Intersection","Rear End","Ponce De Leon Ave Ne","Dry","15:01:00","[""Unknown"",""Unknown""]","Clear",0,33.772429,-84.38321,"Atlanta","FULTON","[""Motor Vehicle in Motion"",""Motor Vehicle in Motion""]","Following Too Close","[""Motor Vehicle in Motion"",""Motor Vehicle in Motion""]"
0,0,"Atlanta Police Department","2022-08-27","Jackson St Ne and Cain Street Ne","(O) No Injury","Dark-Lighted","On Roadway - Bicycle Lane","Sideswipe-Same Direction","Jackson St Ne","Dry","02:00:00","Lap and Shoulder Belt Used","Clear",0,33.760149,-84.374309,"Atlanta","FULTON","[""Parked Motor Vehicle"",""Parked Motor Vehicle""]","[""Misjudged Clearance"",""Parked Improperly""]","[""Motor Vehicle in Motion"",""Parked Motor Vehicle""]"