"# Serious Injuries","# Visible Injuries","Agency Name (Crash Level) ","Date","Intersection Name (from Crash Report)","KABCO Severity","Light Conditions (Crash Level)","Location at Impact (Crash Level) ","Manner of Collision (Crash Level) ","Roadway (From Crash Report)","Surface Condition (Crash Level) ","Time","Safety Equipment (Crash Level) ","Weather Conditions (Crash Level)","# of Fatalities per Crash","Latitude","Longitude","Geolocated City","Geolocated County","First Harmful Event (Unit Order)","Operator/Pedestrian Contrib Factor (excl None, Other, No Contrib Factors)","Most Harmful Event (Crash Level)"
0,0,"Atlanta Police Department","2022-08-27","None and I-75","(O) No Injury","Daylight","On Roadway - Non-Intersection","Sideswipe-Same Direction","I-75","Dry","12:10:00","[""Unknown"",""Unknown"",""Unknown"",""Unknown"",""Unknown"",""Unknown""]","Clear",0,33.753078,-84.379201,"Atlanta","FULTON","[""Motor Vehicle in Motion"",""Motor Vehicle in Motion""]","Changed Lanes Improperly","Motor Vehicle in Motion"
0,0,"Atlanta Police Department","2022-08-28","Luckie St Nw and North Ave Nw","(O) No Injury","Daylight","On Roadway - Non-Intersection","Sideswipe-Same Direction","North Ave Nw","Dry","13:30:00","[""Unknown"",""Unknown"",""Unknown"",""Unknown"",""Unknown""]","Clear",0,33.771334,-84.39602,"Atlanta","FULTON","[""Motor Vehicle in Motion"",""Motor Vehicle in Motion""]","Changed Lanes Improperly","[""Motor Vehicle in Motion"",""Motor Vehicle in Motion""]"
0,0,"Atlanta Police Department","2022-08-28","None and I-75","(O) No Injury","Daylight","On Roadway - Non-Intersection","Rear End","I-75","Dry","19:00:00","[""Lap and Shoulder Belt Used"",""Lap and Shoulder Belt Used""]","Clear",0,33.780129,-84.390854,"Atlanta","FULTON","[""Motor Vehicle in Motion"",""Motor Vehicle in Motion""]","Following Too Close","[""Motor Vehicle in Motion"",""Motor Vehicle in Motion""]"
0,0,"Dekalb Co Police Department","2022-08-28","Allendale Dr and Glenwood Ave","(O) No Injury","Daylight","On Roadway - Non-Intersection","Sideswipe-Same Direction","Glenwood Ave","Dry","01:00:00","[""Lap and Shoulder Belt Used"",""Lap Belt Only Used""]","Clear",0,33.739537,-84.295649,"Atlanta","DEKALB","[""Motor Vehicle in Motion"",""Motor Vehicle in Motion""]","Changed Lanes Improperly","[""Motor Vehicle in Motion"",""Motor Vehicle in Motion""]"
0,0,"Atlanta Police Department","2022-08-28","North Ave Ne and Peachtree St Ne","(O) No Injury","Daylight","On Roadway - Roadway Intersection","Angle Crash","North Ave Ne","Dry","18:28:00","[""Unknown"",""Unknown""]","Clear",0,33.771286,-84.384966,"Atlanta","FULTON","[""Motor Vehicle in Motion"",""Motor Vehicle in Motion""]","Failure to Yield","[""Motor Vehicle in Motion"",""Motor Vehicle in Motion""]"
0,0,"Atlanta Police Department","2022-08-28","Oliver St Nw and North Ave Nw","(O) No Injury","Daylight","On Roadway - Roadway Intersection","Angle Crash","North Ave Nw","Dry","10:50:00","[""Lap and Shoulder Belt Used"",""Lap and Shoulder Belt Used""]","Clear",0,33.770084,-84.415514,"Atlanta","FULTON","[""Motor Vehicle in Motion"",""Motor Vehicle in Motion""]","[""Disregard Stop Sign/Signal"",""Aggressive Driving""]","[""Motor Vehicle in Motion"",""Motor Vehicle in Motion""]"
0,2,"Atlanta Police Department","2022-08-28","Parsons St Sw and Joseph E Lowery Blvd Sw","(B) Suspected Minor/Visible Injury","Dark-Lighted","On Roadway - Non-Intersection","Angle Crash","Joseph E Lowery Blvd Sw","Dry","20:25:00","[""Unknown"",""Unknown""]","Clear",0,33.750771,-84.417516,"Atlanta","FULTON","[""Motor Vehicle in Motion"",""Motor Vehicle in Motion""]","Failure to Yield","[""Motor Vehicle in Motion"",""Motor Vehicle in Motion""]"
0,0,"Atlanta Police Department","2022-08-28","Lenox Rd Ne and Buford Hwy Ne","(O) No Injury","Dark-Lighted","On Roadway - Non-Intersection","Rear End","Lenox Rd Ne","Dry","19:03:00","[""Unknown"",""Unknown""]","Clear",0,33.825672,-84.352878,"Atlanta","FULTON","[""Motor Vehicle in Motion"",""Motor Vehicle in Motion""]","Following Too Close","[""Motor Vehicle in Motion"",""Motor Vehicle in Motion""]"
0,1,"Atlanta Police Department","2022-08-28","Morosgo Dr Ne and Piedmont Rd Ne","(B) Suspected Minor/Visible Injury","Daylight","On Roadway - Roadway Intersection","Angle Crash","Morosgo Dr Ne","Dry","18:30:00","[""Unknown"",""Motorcycle Helmet""]","Clear",0,33.823582,-84.367246,"Atlanta","FULTON","[""Motor Vehicle in Motion"",""Motor Vehicle in Motion""]","Failure to Yield","[""Motor Vehicle in Motion"",""Motor Vehicle in Motion""]"
0,0,"Atlanta Police Department","2022-08-28","Eastland Rd Se and Moreland Ave Se","(C) Possible Injury / Complaint","Daylight","On Roadway - Non-Intersection","Angle Crash","Moreland Ave Se","Dry","17:00:00","[""Lap and Shoulder Belt Used"",""Lap and Shoulder Belt Used"",""Unknown"",""Unknown"",""Unknown""]","Cloudy",0,33.719975,-84.349493,"Atlanta","FULTON","[""Motor Vehicle in Motion"",""Motor Vehicle in Motion"",""Motor Vehicle in Motion""]","Vision Obscured","[""Motor Vehicle in Motion"",""Motor Vehicle in Motion"",""Motor Vehicle in Motion""]"
0,0,"Atlanta Police Department","2022-08-28","I-75 Hov Lane and Howell Mill Rd Nw","(O) No Injury","Dark-Lighted","On Roadway - Collector Distributor (CD)","Rear End","I-75 Hov Lane","Wet","00:21:00","[""Unknown"",""Lap and Shoulder Belt Used""]","Rain",0,33.805037,-84.413113,"Atlanta","FULTON","[""Motor Vehicle in Motion"",""Motor Vehicle in Motion""]","Following Too Close","[""Motor Vehicle in Motion"",""Motor Vehicle in Motion""]"
0,1,"Atlanta Police Department","2022-08-28","None and I-75","(B) Suspected Minor/Visible Injury","Dark-Lighted","On Roadway - Non-Intersection","Rear End","I-75","Dry","00:43:00","[""Lap and Shoulder Belt Used"",""Lap and Shoulder Belt Used""]","Clear",0,33.824036,-84.423768,"Atlanta","FULTON","[""Motor Vehicle in Motion"",""Motor Vehicle in Motion""]","Following Too Close","[""Motor Vehicle in Motion"",""Motor Vehicle in Motion""]"
0,0,"Atlanta Police Department","2022-08-28","I-75 S and W Paces Ferry Rd Nw","(C) Possible Injury / Complaint","Daylight","On Roadway - Non-Intersection","Sideswipe-Same Direction","W Paces Ferry Rd Nw","Dry","12:00:00","[""Unknown"",""Lap and Shoulder Belt Used""]","Clear",0,33.849338,-84.431119,"Atlanta","FULTON","[""Motor Vehicle in Motion"",""Motor Vehicle in Motion""]","Following Too Close","[""Motor Vehicle in Motion"",""Motor Vehicle in Motion""]"
0,0,"Atlanta Police Department","2022-08-28","None and I-20","(C) Possible Injury / Complaint","Dark-Lighted","On Roadway - Managed Lane (HOV, HOT, Reversible)","Rear End","I-20","Dry","22:53:00","[""Lap and Shoulder Belt Used"",""Lap and Shoulder Belt Used""]","Clear",0,33.761992,-84.487219,"Atlanta","FULTON","[""Motor Vehicle in Motion"",""Motor Vehicle in Motion""]","Following Too Close","[""Motor Vehicle in Motion"",""Motor Vehicle in Motion""]"
0,0,"Atlanta Police Department","2022-08-28","Moreland Ave Ne and Ponce De Leon Ave Ne","(O) No Injury","Dark-Lighted","On Roadway - Roadway Intersection","Angle Crash","Moreland Ave Ne","Dry","02:30:00","[""Lap and Shoulder Belt Used"",""Lap and Shoulder Belt Used""]","Clear",0,33.773833,-84.348947,"Atlanta","DEKALB","[""Motor Vehicle in Motion"",""Motor Vehicle in Motion""]","Talking on Hands-Free Device (Distracted)","[""Motor Vehicle in Motion"",""Motor Vehicle in Motion""]"
0,2,"Atlanta Police Department","2022-08-28","Piedmont Rd Ne and E Paces Ferry Rd Ne","(B) Suspected Minor/Visible Injury","Daylight","On Roadway - Roadway Intersection","Angle Crash","Piedmont Rd Ne","Dry","19:30:00","[""Unknown"",""Unknown"",""Unknown""]","Clear",0,33.838905,-84.368984,"Atlanta","FULTON","[""Motor Vehicle in Motion"",""Motor Vehicle in Motion""]","Failure to Yield","[""Motor Vehicle in Motion"",""Motor Vehicle in Motion""]"
0,0,"Atlanta Police Department","2022-08-28","Exit 254 and Moores Mill Rd Nw","(O) No Injury","Dark-Lighted","Entrance/Exit Ramp","Sideswipe-Same Direction","Moores Mill Rd Nw","Dry","02:00:00","[""Unknown"",""Lap and Shoulder Belt Used""]","Clear",0,33.832153,-84.426091,"Atlanta","FULTON","[""Motor Vehicle in Motion"",""Motor Vehicle in Motion""]","Reckless Driving","[""Motor Vehicle in Motion"",""Motor Vehicle in Motion""]"
0,0,"Atlanta Police Department","2022-08-28","Park St Sw and Joseph E Lowery Blvd Sw","(O) No Injury","Daylight","On Roadway - Roadway Intersection","Sideswipe-Opposite Direction","Joseph E Lowery Blvd Sw","Dry","12:00:00","[""Unknown"",""Unknown""]","Clear",0,33.741853,-84.417692,"Atlanta","FULTON","[""Motor Vehicle in Motion"",""Motor Vehicle in Motion""]","Misjudged Clearance","[""Motor Vehicle in Motion"",""Motor Vehicle in Motion""]"
0,0,"Atlanta Police Department","2022-08-28","Lambert St Nw and Northside Dr Nw","(O) No Injury","Daylight","On Roadway - Roadway Intersection","Sideswipe-Same Direction","Northside Dr Nw","Dry","18:25:00","[""Unknown"",""Unknown""]","Clear",0,33.770466,-84.404745,"Atlanta","FULTON","[""Motor Vehicle in Motion"",""Motor Vehicle in Motion""]","Changed Lanes Improperly","[""Motor Vehicle in Motion"",""Motor Vehicle in Motion""]"
0,0,"Atlanta Police Department","2022-08-28","Cleveland Ave Sw and Metropolitan Pkwy Sw","(O) No Injury","Daylight","On Roadway - Roadway Intersection","Rear End","Metropolitan Pkwy Sw","Dry","09:50:00","[""Lap and Shoulder Belt Used"",""Lap and Shoulder Belt Used""]","Clear",0,33.681273,-84.407711,"Atlanta","FULTON","[""Motor Vehicle in Motion"",""Motor Vehicle in Motion""]",,"[""Motor Vehicle in Motion"",""Motor Vehicle in Motion""]"
0,0,"Atlanta Police Department","2022-08-28","Chappell Rd Nw and Martin Luther King Jr Dr Nw","(O) No Injury","Dark-Not Lighted","On Roadway - Roadway Intersection","Sideswipe-Opposite Direction","Chappell Rd Nw","Dry","17:00:00","[""Lap and Shoulder Belt Used"",""Lap and Shoulder Belt Used""]","Clear",0,33.753796,-84.433343,"Atlanta","FULTON","[""Motor Vehicle in Motion"",""Motor Vehicle in Motion""]","Failure to Yield","[""Motor Vehicle in Motion"",""Motor Vehicle in Motion""]"
0,0,"Atlanta Police Department","2022-08-28","Mcdaniel St Sw and University Ave Sw","(O) No Injury","Daylight","On Roadway - Roadway Intersection","Sideswipe-Same Direction","University Ave Sw","Dry","16:05:00","[""Lap and Shoulder Belt Used"",""Lap and Shoulder Belt Used""]","Clear",0,33.722145,-84.401498,"Atlanta","FULTON","[""Motor Vehicle in Motion"",""Motor Vehicle in Motion""]","Misjudged Clearance","[""Motor Vehicle in Motion"",""Motor Vehicle in Motion""]"
0,0,"Atlanta Police Department","2022-08-28","Candler Rd Se and Memorial Dr Se","(C) Possible Injury / Complaint","Dark-Not Lighted","On Roadway - Roadway Intersection","Rear End","Memorial Dr Se","Dry","20:40:00","[""Lap and Shoulder Belt Used"",""Lap and Shoulder Belt Used"",""Lap and Shoulder Belt Used""]","Clear",0,33.747057,-84.291767,"Atlanta","DEKALB","[""Motor Vehicle in Motion"",""Motor Vehicle in Motion""]","[""Following Too Close"",""Texting (Distracted)""]","[""Motor Vehicle in Motion"",""Motor Vehicle in Motion""]"
1,0,"Atlanta Police Department","2022-08-28","Boulevard Se and Ormewood Ave Se","(A) Suspected Serious Injury","Dark-Lighted","Off Roadway - Sidewalk","Not a Collision with Motor Vehicle","Boulevard Se","Dry","05:54:00","[""Unknown"",""Lap and Shoulder Belt Used"",""Unknown""]","Clear",0,33.733679,-84.368269,"Atlanta","FULTON","Other Non-Collision",,"Tree"
0,0,"Atlanta Police Department","2022-08-28","E Wesley Rd Ne and Piedmont Rd Ne","(C) Possible Injury / Complaint","Daylight","On Roadway - Roadway Intersection","Angle Crash","Piedmont Rd Ne","Dry","16:00:00","[""Lap and Shoulder Belt Used"",""Lap and Shoulder Belt Used"",""Lap and Shoulder Belt Used""]","Clear",0,33.831233,-84.36805,"Atlanta","FULTON","[""Motor Vehicle in Motion"",""Motor Vehicle in Motion""]","Failure to Yield","[""Motor Vehicle in Motion"",""Motor Vehicle in Motion""]"
0,0,"Atlanta Police Department","2022-08-28","Bolton Rd Nw and James Jackson Pkwy Nw","(C) Possible Injury / Complaint","Dark-Lighted","On Roadway - Roadway Intersection","Angle Crash","Bolton Rd Nw","Dry","23:00:00","[""Unknown"",""Unknown"",""Unknown""]","Clear",0,33.810856,-84.476416,"Atlanta","FULTON","[""Motor Vehicle in Motion"",""Motor Vehicle in Motion""]","[""Disregard Stop Sign/Signal"",""Aggressive Driving"",""Disregard Other Traffic Control"",""Disregard Police - Evasion""]","[""Motor Vehicle in Motion"",""Motor Vehicle in Motion""]"
1,0,"Dekalb Co Police Department","2022-08-28",,"(A) Suspected Serious Injury","Dark-Lighted","On Roadway - Non-Intersection","Rear End","I 20","Dry","21:29:00","[""Lap and Shoulder Belt Used"",""Motorcycle Helmet"",""Lap and Shoulder Belt Used"",""Lap and Shoulder Belt Used"",""Lap and Shoulder Belt Used""]","Clear",0,33.724517,-84.32417,"Atlanta","DEKALB","[""Motor Vehicle in Motion"",""Motor Vehicle in Motion"",""Motor Vehicle in Motion"",""Motor Vehicle in Motion""]","Changed Lanes Improperly","[""Motor Vehicle in Motion"",""Motor Vehicle in Motion"",""Motor Vehicle in Motion"",""Motor Vehicle in Motion""]"
0,0,"Gsp Post 00","2022-08-28","Flat Shoals Rd and Fayetteville Rd","(O) No Injury","Dark-Lighted","On Roadway - Roadway Intersection","Angle Crash","Flat Shoals Rd","Dry","22:30:00","[""None Used"",""Lap and Shoulder Belt Used"",""Lap and Shoulder Belt Used""]","Clear",0,33.725791,-84.322914,"Atlanta","DEKALB","[""Motor Vehicle in Motion"",""Motor Vehicle in Motion"",""Motor Vehicle in Motion""]","[""Under the Influence (U.I.)"",""Disregard Police - Evasion""]","[""Motor Vehicle in Motion"",""Motor Vehicle in Motion"",""Motor Vehicle in Motion""]"
0,0,"Atlanta Police Department","2022-08-28","None and I-75","(O) No Injury","Dark-Not Lighted","On Roadway - Non-Intersection","Angle Crash","I-75","Dry","00:00:00","[""Unknown"",""Lap and Shoulder Belt Used""]","Clear",0,33.772462,-84.390025,"Atlanta","FULTON","[""Motor Vehicle in Motion"",""Motor Vehicle in Motion""]","[""Changed Lanes Improperly"",""Following Too Close""]","[""Motor Vehicle in Motion"",""Motor Vehicle in Motion""]"
0,0,"Atlanta Police Department","2022-08-28","Juniper St Ne and Legacy Villas Ct Ne","(O) No Injury","Dark-Lighted","On Roadway - Non-Intersection","Sideswipe-Same Direction","Juniper St Ne","Dry","22:30:00","[""Unknown"",""Lap and Shoulder Belt Used""]","Clear",0,33.780148,-84.382607,"Atlanta","FULTON","[""Motor Vehicle in Motion"",""Motor Vehicle in Motion""]","Failure to Yield","[""Motor Vehicle in Motion"",""Motor Vehicle in Motion""]"
0,0,"Atlanta Police Department","2022-08-28","None and Exit 59A Rp","(C) Possible Injury / Complaint","Daylight","Entrance/Exit Ramp","Rear End","Exit 59A Rp","Dry","12:14:00","[""Unknown"",""Unknown""]","Clear",0,33.743187,-84.371029,"Atlanta","FULTON","[""Motor Vehicle in Motion"",""Motor Vehicle in Motion""]",,"[""Motor Vehicle in Motion"",""Motor Vehicle in Motion""]"
0,0,"Atlanta Police Department","2022-08-28","Joseph E Lowery Blvd Nw and Donald Lee Hollowell Pkwy Nw","(C) Possible Injury / Complaint","Daylight","On Roadway - Roadway Intersection","Rear End","Joseph E Lowery Blvd Nw","Dry","16:00:00","[""None Used"",""Lap and Shoulder Belt Used"",""Lap and Shoulder Belt Used""]","Clear",0,33.773044,-84.417463,"Atlanta","FULTON","[""Motor Vehicle in Motion"",""Motor Vehicle in Motion""]","Following Too Close","[""Motor Vehicle in Motion"",""Motor Vehicle in Motion""]"
0,0,"Atlanta Police Department","2022-08-28","None and Moreland Ave Se Exit 60A Rp","(O) No Injury","Daylight","Entrance/Exit Ramp","Rear End","Moreland Ave Se Exit 60A Rp","Dry","16:00:00","[""Lap and Shoulder Belt Used"",""Lap and Shoulder Belt Used"",""Lap and Shoulder Belt Used""]","Cloudy",0,33.744534,-84.349305,"Atlanta","FULTON","[""Motor Vehicle in Motion"",""Motor Vehicle in Motion""]","Following Too Close","[""Motor Vehicle in Motion"",""Motor Vehicle in Motion""]"
0,0,"Gsp Post 00","2022-08-28","I-20 and Glenwood Ave","(O) No Injury","Dark-Not Lighted","On Roadway - Non-Intersection","Angle Crash","Glenwood Ave","Dry","22:28:00","[""None Used"",""Lap and Shoulder Belt Used""]","Clear",0,33.739841,-84.328206,"Atlanta","DEKALB","[""Motor Vehicle in Motion"",""Motor Vehicle in Motion""]","[""Disregard Police - Evasion"",""Under the Influence (U.I.)""]","[""Motor Vehicle in Motion"",""Motor Vehicle in Motion""]"
0,0,"Atlanta Police Department","2022-08-28","Spring St Nw and W Peachtree St Nw","(O) No Injury","Daylight","On Roadway - Roadway Intersection","Sideswipe-Same Direction","Spring St Nw","Dry","13:50:00","[""Lap and Shoulder Belt Used"",""Lap and Shoulder Belt Used""]","Clear",0,33.768564,-84.387439,"Atlanta","FULTON","[""Motor Vehicle in Motion"",""Motor Vehicle in Motion""]","Misjudged Clearance","[""Motor Vehicle in Motion"",""Motor Vehicle in Motion""]"
0,0,"Atlanta Police Department","2022-08-28","7Th St Ne and W Peachtree St Nw","(O) No Injury","Dark-Lighted","On Roadway - Roadway Intersection","Angle Crash","W Peachtree St Nw","Dry","00:37:00","[""Lap and Shoulder Belt Used"",""Lap and Shoulder Belt Used""]","Cloudy",0,33.778734,-84.387283,"Atlanta","FULTON","[""Motor Vehicle in Motion"",""Motor Vehicle in Motion""]","Changed Lanes Improperly","[""Motor Vehicle in Motion"",""Motor Vehicle in Motion""]"
0,0,"Atlanta Police Department","2022-08-28","None and I-75","(O) No Injury","Daylight","On Roadway - Non-Intersection","Sideswipe-Same Direction","I-75","Dry","06:20:00","[""Lap and Shoulder Belt Used"",""Lap and Shoulder Belt Used""]","Clear",0,33.799517,-84.396863,"Atlanta","FULTON","[""Motor Vehicle in Motion"",""Motor Vehicle in Motion""]","[""Changed Lanes Improperly"",""Changed Lanes Improperly""]","[""Motor Vehicle in Motion"",""Motor Vehicle in Motion""]"
0,0,"Atlanta Police Department","2022-08-28","Garson Dr Ne and Piedmont Rd Ne","(C) Possible Injury / Complaint","Dark-Not Lighted","On Roadway - Non-Intersection","Sideswipe-Same Direction","Garson Dr Ne","Dry","02:55:00","[""Unknown"",""Unknown"",""Unknown"",""Unknown"",""Unknown"",""Unknown""]","Clear",0,33.817685,-84.366955,"Atlanta","FULTON","[""Other Object (Not Fixed)"",""Motor Vehicle in Motion"",""Motor Vehicle in Motion""]",,"[""Motor Vehicle in Motion"",""Other - Fixed Object"",""Other - Fixed Object""]"
0,0,"Atlanta Police Department","2022-08-28","Ga-400 and Wieuca Rd Ne","(O) No Injury","Dark-Lighted","Off Roadway","Not a Collision with Motor Vehicle","Ga-400","Dry","03:00:00","Lap and Shoulder Belt Used","Clear",0,33.862974,-84.368899,"Atlanta","FULTON","Motor Vehicle in Motion","Driver Lost Control","Motor Vehicle in Motion"
0,0,"Atlanta Police Department","2022-08-28","Ivan Allen Jr Blvd Nw and Centennial Olympic Park Dr Nw","(C) Possible Injury / Complaint","Dark-Lighted","On Roadway - Roadway Intersection","Rear End","Centennial Olympic Park Dr Nw","Dry","01:00:00","[""Unknown"",""Unknown""]","Clear",0,33.764642,-84.391926,"Atlanta","FULTON","[""Motor Vehicle in Motion"",""Motor Vehicle in Motion""]","Inattentive or Other Distraction (Distracted)","[""Motor Vehicle in Motion"",""Motor Vehicle in Motion""]"
0,0,"Atlanta Police Department","2022-08-28","Ellis St Ne and Piedmont Ave Ne","(O) No Injury","Dark-Not Lighted","On Roadway - Non-Intersection","Rear End","Piedmont Ave Ne","Dry","00:00:00","[""Unknown"",""Unknown""]","Clear",0,33.758354,-84.382208,"Atlanta","FULTON","[""Motor Vehicle in Motion"",""Motor Vehicle in Motion""]","Improper Backing","[""Motor Vehicle in Motion"",""Motor Vehicle in Motion""]"
0,0,"Atlanta Police Department","2022-08-28","Pine St Ne and Courtland St Ne","(O) No Injury","Dark-Lighted","On Roadway - Roadway Intersection","Rear End","Pine St Ne","Dry","01:00:00","[""Unknown"",""Unknown""]","Clear",0,33.767465,-84.384083,"Atlanta","FULTON","[""Motor Vehicle in Motion"",""Motor Vehicle in Motion""]",,"[""Motor Vehicle in Motion"",""Motor Vehicle in Motion""]"
0,0,"Atlanta Police Department","2022-08-28","Boulevard Se and Decatur St Se","(O) No Injury","Daylight","On Roadway - Driveway Intersection","Sideswipe-Same Direction","Boulevard Se","Dry","12:39:00","[""Unknown"",""Unknown""]","Clear",0,33.751521,-84.370964,"Atlanta","FULTON","[""Motor Vehicle in Motion"",""Motor Vehicle in Motion""]","Improper Turn","[""Motor Vehicle in Motion"",""Motor Vehicle in Motion""]"
0,0,"Atlanta Police Department","2022-08-28","None and I-20","(O) No Injury","Dark-Lighted","On Roadway - Managed Lane (HOV, HOT, Reversible)","Rear End","I-20","Dry","22:00:00","[""Lap and Shoulder Belt Used"",""Lap and Shoulder Belt Used""]","Clear",0,33.759767,-84.483096,"Atlanta","FULTON","[""Motor Vehicle in Motion"",""Motor Vehicle in Motion""]","Following Too Close","[""Motor Vehicle in Motion"",""Motor Vehicle in Motion""]"
0,0,"Atlanta Police Department","2022-08-28","Piedmont Ave Se and Auditorium Pl Se","(C) Possible Injury / Complaint","Daylight","On Roadway - Roadway Intersection","Rear End","Auditorium Pl Se","Dry","14:28:00","[""Lap and Shoulder Belt Used"",""Lap and Shoulder Belt Used""]","Clear",0,33.753345,-84.383385,"Atlanta","FULTON","[""Motor Vehicle in Motion"",""Motor Vehicle in Motion""]","Improper Turn","[""Motor Vehicle in Motion"",""Motor Vehicle in Motion""]"
0,1,"Dekalb Co Police Department","2022-08-28","Key Rd and Moreland Ave","(B) Suspected Minor/Visible Injury","Daylight","On Roadway - Non-Intersection","Angle Crash","Moreland Ave","Dry","12:40:00","[""Unknown"",""Unknown"",""Unknown""]","Cloudy",0,33.701964,-84.349527,"Atlanta","FULTON","[""Motor Vehicle in Motion"",""Motor Vehicle in Motion""]","Failure to Yield","[""Motor Vehicle in Motion"",""Motor Vehicle in Motion""]"
0,0,"Atlanta Police Department","2022-08-28","None and I-75 Exit 248B Rp","(O) No Injury","Daylight","On Roadway - Non-Intersection","Sideswipe-Same Direction","I-75 Exit 248B Rp","Dry","14:30:00","[""Unknown"",""Unknown""]","Clear",0,33.751742,-84.37978,"Atlanta","FULTON","[""Motor Vehicle in Motion"",""Motor Vehicle in Motion""]","Following Too Close","[""Motor Vehicle in Motion"",""Motor Vehicle in Motion""]"
0,0,"Atlanta Police Department","2022-08-28","Northside Dr Nw and Moores Mill Rd Nw","(O) No Injury","Daylight","On Roadway - Non-Intersection","Sideswipe-Same Direction","Northside Dr Nw","Dry","16:00:00","[""Unknown"",""Lap and Shoulder Belt Used""]","Clear",0,33.844371,-84.407257,"Atlanta","FULTON","[""Motor Vehicle in Motion"",""Motor Vehicle in Motion""]","Changed Lanes Improperly","[""Motor Vehicle in Motion"",""Motor Vehicle in Motion""]"
0,0,"Atlanta Police Department","2022-08-28","Ollie St Nw and Desoto St Nw","(O) No Injury","Dark-Lighted","On Roadway - Non-Intersection","Sideswipe-Same Direction","Desoto St Nw","Dry","22:00:00","Unknown","Clear",0,33.757487,-84.421255,"Atlanta","FULTON","[""Motor Vehicle in Motion"",""Motor Vehicle in Motion""]",,"[""Motor Vehicle in Motion"",""Motor Vehicle in Motion""]"
0,0,"Atlanta Police Department","2022-08-28","None and I-75 Rp","(O) No Injury","Dark-Lighted","Entrance/Exit Ramp","Rear End","I-75 Rp","Dry","19:17:00","[""Lap and Shoulder Belt Used"",""Lap and Shoulder Belt Used"",""Lap and Shoulder Belt Used""]","Clear",0,33.74564,-84.389476,"Atlanta","FULTON","[""Motor Vehicle in Motion"",""Motor Vehicle in Motion""]",,"[""Motor Vehicle in Motion"",""Motor Vehicle in Motion""]"
0,0,"Atlanta Police Department","2022-08-28","None and Mclendon Ave Ne","(O) No Injury","Daylight","On Roadway - Roadway Intersection","Angle Crash","Mclendon Ave Ne","Dry","13:34:00","[""Lap and Shoulder Belt Used"",""Lap and Shoulder Belt Used""]","Clear",0,33.764975,-84.349224,"Atlanta","FULTON","[""Motor Vehicle in Motion"",""Motor Vehicle in Motion""]","Failure to Yield","[""Motor Vehicle in Motion"",""Motor Vehicle in Motion""]"
0,0,"Atlanta Police Department","2022-08-28","14Th St Nw and Northside Dr Nw","(O) No Injury","Dark-Lighted","On Roadway - Roadway Intersection","Rear End","14Th St Nw","Dry","02:45:00","[""Unknown"",""Unknown"",""Unknown""]","Clear",0,33.786224,-84.407445,"Atlanta","FULTON","[""Railway Train/Street Car"",""Railway Train/Street Car""]","Disregard Other Traffic Control","[""Motor Vehicle in Motion"",""Motor Vehicle in Motion""]"
0,0,"Atlanta Police Department","2022-08-28","10Th St Ne and Charles Allen Dr Ne","(O) No Injury","Daylight","On Roadway - Non-Intersection","Sideswipe-Same Direction","10Th St Ne","Dry","10:10:00","Unknown","Clear",0,33.781775,-84.373016,"Atlanta","FULTON","[""Motor Vehicle in Motion"",""Motor Vehicle in Motion""]","Inattentive or Other Distraction (Distracted)","[""Motor Vehicle in Motion"",""Motor Vehicle in Motion""]"
0,0,"Atlanta Police Department","2022-08-28","I-285 E and Jonesboro Rd Se","(K) Fatal Injury","Dark-Lighted","On Roadway - Non-Intersection","Not a Collision with Motor Vehicle","Jonesboro Rd Se","Dry","00:30:00","[""Unknown"",""None Used""]","Clear",1,33.650251,-84.366336,"Atlanta","FULTON","[""Pedestrian"",""Motor Vehicle in Motion""]",,"Pedestrian"
0,0,"Atlanta Police Department","2022-08-28","None and I-85","(O) No Injury","Dark-Lighted","On Shoulder","Not a Collision with Motor Vehicle","I-85","Water (standing or moving)","03:09:00","Lap and Shoulder Belt Used","Clear",0,33.794803,-84.393412,"Atlanta","FULTON","Guard Rail Face","[""Too Fast for Conditions"",""Driver Lost Control""]","Guard Rail Fence"
0,0,"Atlanta Police Department","2022-08-28","None and I-75","(C) Possible Injury / Complaint","Dusk","On Roadway - Non-Intersection","Sideswipe-Same Direction","I-75","Dry","19:39:00","[""Lap and Shoulder Belt Used"",""Lap and Shoulder Belt Used"",""Lap and Shoulder Belt Used""]","Clear",0,33.751122,-84.380478,"Atlanta","FULTON","[""Motor Vehicle in Motion"",""Motor Vehicle in Motion""]","[""Changed Lanes Improperly"",""Changed Lanes Improperly""]","[""Motor Vehicle in Motion"",""Motor Vehicle in Motion""]"
0,0,"Atlanta Police Department","2022-08-28","Marietta Blvd Nw and Moores Mill Rd Nw","(O) No Injury","Daylight","On Roadway - Roadway Intersection","Rear End","Moores Mill Rd Nw","Dry","10:52:00","[""Lap and Shoulder Belt Used"",""Lap and Shoulder Belt Used""]","Clear",0,33.819515,-84.451705,"Atlanta","FULTON","[""Motor Vehicle in Motion"",""Motor Vehicle in Motion""]","Following Too Close","[""Motor Vehicle in Motion"",""Motor Vehicle in Motion""]"