"# Serious Injuries","# Visible Injuries","Agency Name (Crash Level) ","Date","Intersection Name (from Crash Report)","KABCO Severity","Light Conditions (Crash Level)","Location at Impact (Crash Level) ","Manner of Collision (Crash Level) ","Roadway (From Crash Report)","Surface Condition (Crash Level) ","Time","Safety Equipment (Crash Level) ","Weather Conditions (Crash Level)","# of Fatalities per Crash","Latitude","Longitude","Geolocated City","Geolocated County","First Harmful Event (Unit Order)","Operator/Pedestrian Contrib Factor (excl None, Other, No Contrib Factors)","Most Harmful Event (Crash Level)"
0,0,"Atlanta Police Department","2022-09-02","John Portman Blvd Ne and Peachtree Center Ave Ne","(O) No Injury","Daylight","On Roadway - Roadway Intersection","Rear End","John Portman Blvd Ne","Dry","16:40:00","[""Lap and Shoulder Belt Used"",""Lap and Shoulder Belt Used""]","Cloudy",0,33.760954,-84.386041,"Atlanta","FULTON","[""Motor Vehicle in Motion"",""Motor Vehicle in Motion""]","Following Too Close","[""Motor Vehicle in Motion"",""Motor Vehicle in Motion""]"
0,0,"Atlanta Police Department","2022-09-02","Bakers Ferry Rd Sw and Martin Luther King Jr Dr Sw","(C) Possible Injury / Complaint","Daylight","On Roadway - Roadway Intersection","Rear End","Bakers Ferry Rd Sw","Dry","10:50:00","[""Unknown"",""Unknown"",""Unknown""]","Clear",0,33.760998,-84.507013,"Atlanta","FULTON","[""Motor Vehicle in Motion"",""Motor Vehicle in Motion""]","Following Too Close","[""Motor Vehicle in Motion"",""Motor Vehicle in Motion""]"
0,0,"Gsp Post 00","2022-09-02","I-20 Eb and Mcdaniel St Overpass","(O) No Injury","Daylight","On Roadway - Non-Intersection","Sideswipe-Same Direction","I-20 Eb","Dry","11:16:00","[""Lap and Shoulder Belt Used"",""Lap and Shoulder Belt Used""]","Clear",0,33.742714,-84.40332,"Atlanta","FULTON","[""Motor Vehicle in Motion"",""Motor Vehicle in Motion""]","Changed Lanes Improperly","[""Motor Vehicle in Motion"",""Motor Vehicle in Motion""]"
0,0,"Atlanta Police Department","2022-09-02","Paces Ferry Pl Nw and W Paces Ferry Rd Nw","(C) Possible Injury / Complaint","Daylight","On Roadway - Non-Intersection","Head On","W Paces Ferry Rd Nw","Dry","09:10:00","[""Lap and Shoulder Belt Used"",""Lap and Shoulder Belt Used""]","Clear",0,33.840487,-84.382452,"Atlanta","FULTON","[""Motor Vehicle in Motion"",""Motor Vehicle in Motion""]","Failure to Yield","[""Motor Vehicle in Motion"",""Motor Vehicle in Motion""]"
0,0,"Atlanta Police Department","2022-09-02","I-85 S and Ga 400 S","(O) No Injury","Dark-Lighted","On Roadway - Non-Intersection","Angle Crash","I-85 S","Wet","20:32:00","[""Unknown"",""Unknown""]","Cloudy",0,33.820208,-84.360394,"Atlanta","FULTON","[""Motor Vehicle in Motion"",""Motor Vehicle in Motion""]","Changed Lanes Improperly","[""Motor Vehicle in Motion"",""Motor Vehicle in Motion""]"
0,0,"Gsp Post 00","2022-09-02","Hill St and I-20 West","(O) No Injury","Daylight","On Roadway - Non-Intersection","Sideswipe-Same Direction","I-20 West","Dry","16:25:00","[""Lap and Shoulder Belt Used"",""Lap and Shoulder Belt Used""]","Cloudy",0,33.743441,-84.382794,"Atlanta","FULTON","[""Motor Vehicle in Motion"",""Motor Vehicle in Motion""]","[""Changed Lanes Improperly"",""Misjudged Clearance""]","[""Motor Vehicle in Motion"",""Motor Vehicle in Motion""]"
0,0,"Atlanta Police Department","2022-09-02","W Peachtree St Ne and W Peachtree St Nw","(C) Possible Injury / Complaint","Dark-Lighted","On Roadway - Roadway Intersection","Angle Crash","W Peachtree St Nw","Dry","22:45:00","[""Lap and Shoulder Belt Used"",""Lap and Shoulder Belt Used"",""Unknown""]","Clear",0,33.785634,-84.387816,"Atlanta","FULTON","[""Motor Vehicle in Motion"",""Motor Vehicle in Motion""]","Improper Turn","[""Motor Vehicle in Motion"",""Motor Vehicle in Motion""]"
0,0,"Atlanta Police Department","2022-09-02","None and I-75","(O) No Injury","Daylight","On Roadway - Non-Intersection","Rear End","I-75","Dry","07:38:00","[""Unknown"",""Unknown"",""Lap and Shoulder Belt Used""]","Clear",0,33.731614,-84.392437,"Atlanta","FULTON","[""Motor Vehicle in Motion"",""Motor Vehicle in Motion""]","[""Changed Lanes Improperly"",""Following Too Close""]","[""Motor Vehicle in Motion"",""Motor Vehicle in Motion""]"
0,0,"Atlanta Police Department","2022-09-02","Kimberly Rd Sw and Campbellton Rd Sw","(O) No Injury","Daylight","On Roadway - Non-Intersection","Rear End","Campbellton Rd Sw","Dry","17:25:00","[""Unknown"",""Unknown""]","Cloudy",0,33.695387,-84.524819,"Atlanta","FULTON","[""Motor Vehicle in Motion"",""Motor Vehicle in Motion""]",,"[""Motor Vehicle in Motion"",""Motor Vehicle in Motion""]"
0,0,"Atlanta Police Department","2022-09-02","Hamilton E Holmes Dr Nw and Donald Lee Hollowell Pkwy Nw","(C) Possible Injury / Complaint","Daylight","On Roadway - Roadway Intersection","Angle Crash","Hamilton E Holmes Dr Nw","Water (standing or moving)","17:30:00","[""Unknown"",""Unknown""]","Rain",0,33.776304,-84.473708,"Atlanta","FULTON","[""Motor Vehicle in Motion"",""Motor Vehicle in Motion""]","Failure to Yield","[""Motor Vehicle in Motion"",""Motor Vehicle in Motion""]"
0,0,"Dekalb Co Police Department","2022-09-02","I 20 and Glenwood Ave","(O) No Injury","Daylight","On Roadway - Non-Intersection","Rear End","I 20","Dry","20:14:00","[""Unknown"",""Unknown""]","Clear",0,33.741479,-84.329803,"Atlanta","DEKALB","[""Motor Vehicle in Motion"",""Motor Vehicle in Motion""]","Following Too Close","[""Motor Vehicle in Motion"",""Motor Vehicle in Motion""]"
0,0,"Atlanta Police Department","2022-09-02","Spring St Nw and Ivan Allen Jr Blvd Nw","(O) No Injury","Daylight","On Roadway - Roadway Intersection","Sideswipe-Same Direction","Ivan Allen Jr Blvd Nw","Dry","16:45:00","[""Lap and Shoulder Belt Used"",""Lap and Shoulder Belt Used""]","Clear",0,33.764663,-84.388973,"Atlanta","FULTON","[""Motor Vehicle in Motion"",""Motor Vehicle in Motion""]","Changed Lanes Improperly","[""Motor Vehicle in Motion"",""Motor Vehicle in Motion""]"
0,0,"Atlanta Police Department","2022-09-02","Irby Ave Nw and Roswell Rd Ne","(O) No Injury","Dark-Lighted","On Roadway - Roadway Intersection","Sideswipe-Same Direction","Roswell Rd Ne","Dry","23:45:00","[""Unknown"",""Unknown""]","Clear",0,33.841331,-84.379075,"Atlanta","FULTON","[""Motor Vehicle in Motion"",""Motor Vehicle in Motion""]","Changed Lanes Improperly","[""Motor Vehicle in Motion"",""Motor Vehicle in Motion""]"
0,0,"Gsp Post 00","2022-09-02","I-85 Sb and Armour Drive","(C) Possible Injury / Complaint","Daylight","On Roadway - Non-Intersection","Rear End","I-85 Sb","Dry","08:30:00","[""Lap and Shoulder Belt Used"",""Lap and Shoulder Belt Used"",""Child Restraint System (Properly Used)"",""Lap and Shoulder Belt Used"",""Lap and Shoulder Belt Used""]","Clear",0,33.807006,-84.380577,"Atlanta","FULTON","[""Motor Vehicle in Motion"",""Motor Vehicle in Motion"",""Motor Vehicle in Motion""]","Following Too Close","[""Motor Vehicle in Motion"",""Motor Vehicle in Motion"",""Motor Vehicle in Motion""]"
0,0,"Atlanta Police Department","2022-09-02","None and I-20","(O) No Injury","Daylight","On Roadway - Non-Intersection","Sideswipe-Same Direction","I-20","Dry","17:30:00","[""Lap and Shoulder Belt Used"",""Lap and Shoulder Belt Used""]","Cloudy",0,33.743308,-84.378186,"Atlanta","FULTON","[""Motor Vehicle in Motion"",""Motor Vehicle in Motion""]","Reaction to Object or Animal","[""Motor Vehicle in Motion"",""Motor Vehicle in Motion""]"
0,0,"Gsp Post 00","2022-09-02","None and Ramp From I-20 East To I-7585","(O) No Injury","Daylight","On Roadway - Non-Intersection","Rear End","Ramp From I-20 East To I-7585","Dry","16:50:00","[""Lap and Shoulder Belt Used"",""Lap and Shoulder Belt Used"",""Child Restraint System (Properly Used)""]","Clear",0,33.744297,-84.389324,"Atlanta","FULTON","[""Motor Vehicle in Motion"",""Motor Vehicle in Motion""]","Following Too Close","[""Motor Vehicle in Motion"",""Motor Vehicle in Motion""]"
0,0,"Atlanta Police Department","2022-09-02","Vanira Ave Se and Hank Aaron Dr Se","(C) Possible Injury / Complaint","Daylight","On Roadway - Roadway Intersection","Angle Crash","Hank Aaron Dr Se","Dry","17:45:00","[""Unknown"",""Unknown""]","Clear",0,33.729437,-84.387956,"Atlanta","FULTON","[""Motor Vehicle in Motion"",""Motor Vehicle in Motion""]","Disregard Stop Sign/Signal","[""Motor Vehicle in Motion"",""Motor Vehicle in Motion""]"
0,0,"Gsp Post 00","2022-09-02","Interstate 285 and Interstate 20Eb","(O) No Injury","Dark-Not Lighted","On Roadway - Non-Intersection","Angle Crash","Interstate 20Eb","Dry","01:30:00","[""Lap and Shoulder Belt Used"",""Unknown""]","Cloudy",0,33.765839,-84.503996,"Atlanta","FULTON","[""Work Zone/Maintenance Equipment"",""Motor Vehicle in Motion""]",,"[""Work Zone/Maintenance Equipment"",""Motor Vehicle in Motion""]"
0,0,"Atlanta Police Department","2022-09-02","Mt Gilead Rd Sw and Star Mist Dr Sw","(C) Possible Injury / Complaint","Daylight","On Roadway - Roadway Intersection","Rear End","Star Mist Dr Sw","Water (standing or moving)","18:00:00","[""Unknown"",""Unknown""]","Cloudy",0,33.698216,-84.491121,"Atlanta","FULTON","[""Motor Vehicle in Motion"",""Motor Vehicle in Motion""]","Following Too Close","[""Motor Vehicle in Motion"",""Motor Vehicle in Motion""]"
0,0,"Gsp Post 00","2022-09-02","I-75 Sb and Peachtree Battle Ave","(O) No Injury","Daylight","On Roadway - Non-Intersection","Rear End","I-75 Sb","Dry","14:17:00","[""Lap and Shoulder Belt Used"",""Lap and Shoulder Belt Used"",""Lap and Shoulder Belt Used""]","Cloudy",0,33.824298,-84.423853,"Atlanta","FULTON","[""Motor Vehicle in Motion"",""Motor Vehicle in Motion""]","Following Too Close","[""Motor Vehicle in Motion"",""Motor Vehicle in Motion""]"
0,0,"Atlanta Police Department","2022-09-02","12Th St Nw and Williams St Nw","(O) No Injury","Daylight","On Roadway - Roadway Intersection","Rear End","Williams St Nw","Dry","18:54:00","[""Lap and Shoulder Belt Used"",""Lap and Shoulder Belt Used"",""Lap and Shoulder Belt Used"",""Lap and Shoulder Belt Used""]","Clear",0,33.784223,-84.390578,"Atlanta","FULTON","[""Motor Vehicle in Motion"",""Motor Vehicle in Motion""]","Improper Backing","[""Motor Vehicle in Motion"",""Motor Vehicle in Motion""]"
0,0,"Atlanta Police Department","2022-09-02","Rawson St Sw and Windsor St Sw","(O) No Injury","Daylight","On Roadway - Non-Intersection","Angle Crash","Rawson St Sw","Dry","15:50:00","[""Unknown"",""Lap and Shoulder Belt Used""]","Clear",0,33.744668,-84.397635,"Atlanta","FULTON","[""Motor Vehicle in Motion"",""Motor Vehicle in Motion""]","Changed Lanes Improperly","[""Motor Vehicle in Motion"",""Motor Vehicle in Motion""]"
0,0,"Atlanta Police Department","2022-09-02","Greensferry Ave Sw and James P Brawley Dr Sw","(O) No Injury","Daylight","On Roadway - Non-Intersection","Angle Crash","Greensferry Ave Sw","Dry","18:00:00","Unknown","Clear",0,33.747149,-84.41239,"Atlanta","FULTON","[""Motor Vehicle in Motion"",""Parked Motor Vehicle""]",,"[""Motor Vehicle in Motion"",""Parked Motor Vehicle""]"
0,0,"Atlanta Police Department","2022-09-02","10Th St Ne and Monroe Dr Ne","(O) No Injury","Daylight","On Roadway - Non-Intersection","Sideswipe-Same Direction","Monroe Dr Ne","Water (standing or moving)","15:10:00","[""Lap and Shoulder Belt Used"",""Lap and Shoulder Belt Used""]","Cloudy",0,33.781655,-84.368712,"Atlanta","FULTON","[""Motor Vehicle in Motion"",""Motor Vehicle in Motion""]","Changed Lanes Improperly","[""Motor Vehicle in Motion"",""Motor Vehicle in Motion""]"
0,0,"Gsp Post 00","2022-09-02","Georgia 400 South and Sidney Marcus Boulevard","(O) No Injury","Daylight","On Roadway - Non-Intersection","Rear End","Georgia 400 South","Wet","16:00:00","[""Lap and Shoulder Belt Used"",""Lap and Shoulder Belt Used""]","Rain",0,33.830785,-84.360338,"Atlanta","FULTON","[""Motor Vehicle in Motion"",""Motor Vehicle in Motion""]","Following Too Close","[""Motor Vehicle in Motion"",""Motor Vehicle in Motion""]"
0,0,"Atlanta Police Department","2022-09-02","10Th St Nw and I-75 85 Nb Expy Nw","(O) No Injury","Dark-Lighted","On Roadway - Non-Intersection","Rear End","I-75 85 Nb Expy Nw","Dry","23:15:00","[""Lap and Shoulder Belt Used"",""Lap and Shoulder Belt Used""]","Clear",0,33.77743,-84.390732,"Atlanta","FULTON","[""Motor Vehicle in Motion"",""Motor Vehicle in Motion""]","Following Too Close","[""Motor Vehicle in Motion"",""Motor Vehicle in Motion""]"
0,0,"Atlanta Police Department","2022-09-02","Moores Mill Rd Nw and Margaret Mitchell Dr Nw","(C) Possible Injury / Complaint","Daylight","On Roadway - Non-Intersection","Sideswipe-Same Direction","Moores Mill Rd Nw","Dry","13:00:00","[""Unknown"",""Unknown"",""Unknown""]","Clear",0,33.826364,-84.44209,"Atlanta","FULTON","[""Motor Vehicle in Motion"",""Motor Vehicle in Motion""]","Improper Passing","[""Motor Vehicle in Motion"",""Motor Vehicle in Motion""]"
0,0,"Gsp Post 00","2022-09-02","Langford Parkway and I-85 Northbound Ramp To I-758","(O) No Injury","Daylight","Entrance/Exit Ramp","Sideswipe-Same Direction","I-85 Northbound Ramp To I-758","Dry","13:00:00","[""Unknown"",""Lap and Shoulder Belt Used""]","Cloudy",0,33.696998,-84.404712,"Atlanta","FULTON","[""Motor Vehicle in Motion"",""Motor Vehicle in Motion""]","Exceeding Speed Limit","[""Motor Vehicle in Motion"",""Motor Vehicle in Motion""]"
0,0,"Atlanta Police Department","2022-09-02","Park Way Sw and Bagwell Dr Sw","(O) No Injury","Daylight","On Roadway - Driveway Intersection","Angle Crash","Bagwell Dr Sw","Dry","17:59:00","Unknown","Cloudy",0,33.691896,-84.398425,"Atlanta","FULTON","[""Parked Motor Vehicle"",""Motor Vehicle in Motion""]","Misjudged Clearance","[""Parked Motor Vehicle"",""Motor Vehicle in Motion""]"
0,0,"Gsp Post 00","2022-09-02","I-285 Nb and Martin Luther King Jr Dr","(O) No Injury","Daylight","On Roadway - Non-Intersection","Rear End","I-285 Nb","Wet","18:35:00","[""Lap and Shoulder Belt Used"",""Lap and Shoulder Belt Used""]","Rain",0,33.749678,-84.496942,"Atlanta","FULTON","[""Motor Vehicle in Motion"",""Motor Vehicle in Motion""]","[""Too Fast for Conditions"",""Following Too Close""]","[""Motor Vehicle in Motion"",""Motor Vehicle in Motion""]"
0,0,"Atlanta Police Department","2022-09-02","I-75 N and University Ave Sw","(O) No Injury","Dark-Lighted","On Roadway - Non-Intersection","Angle Crash","University Ave Sw","Dry","22:20:00","[""Unknown"",""Unknown""]","Clear",0,33.72196,-84.394086,"Atlanta","FULTON","[""Motor Vehicle in Motion"",""Motor Vehicle in Motion""]",,"[""Motor Vehicle in Motion"",""Motor Vehicle in Motion""]"
0,0,"Atlanta Police Department","2022-09-02","None and I-75 Exit 85 Rp","(C) Possible Injury / Complaint","Dark-Lighted","Entrance/Exit Ramp","Sideswipe-Same Direction","I-75 Exit 85 Rp","Dry","20:30:00","[""Lap and Shoulder Belt Used"",""Lap and Shoulder Belt Used"",""Lap and Shoulder Belt Used""]","Cloudy",0,33.799756,-84.396563,"Atlanta","FULTON","[""Motor Vehicle in Motion"",""Motor Vehicle in Motion"",""Motor Vehicle in Motion""]","Changed Lanes Improperly","[""Motor Vehicle in Motion"",""Motor Vehicle in Motion"",""Motor Vehicle in Motion""]"
0,0,"Atlanta Police Department","2022-09-02","Biscayne Dr Nw and Peachtree Rd Ne","(O) No Injury","Daylight","On Roadway - Roadway Intersection","Sideswipe-Same Direction","Biscayne Dr Nw","Dry","18:08:00","[""Lap and Shoulder Belt Used"",""Lap and Shoulder Belt Used"",""Lap and Shoulder Belt Used"",""Lap and Shoulder Belt Used""]","Clear",0,33.814727,-84.391836,"Atlanta","FULTON","[""Motor Vehicle in Motion"",""Motor Vehicle in Motion""]",,"[""Motor Vehicle in Motion"",""Motor Vehicle in Motion""]"
0,0,"Atlanta Police Department","2022-09-02","Baker St Ne and Courtland St Ne","(O) No Injury","Dark-Not Lighted","On Roadway - Roadway Intersection","Sideswipe-Same Direction","Courtland St Ne","Dry","18:14:00","[""Unknown"",""Unknown"",""Unknown""]","Clear",0,33.748512,-84.365686,"Atlanta","FULTON","[""Motor Vehicle in Motion"",""Motor Vehicle in Motion""]","Changed Lanes Improperly","[""Motor Vehicle in Motion"",""Motor Vehicle in Motion""]"
0,3,"Gsp Post 00","2022-09-02","Pollard Street and Ralph David Abernathy","(B) Suspected Minor/Visible Injury","Dark-Lighted","On Roadway - Non-Intersection","Rear End","Ralph David Abernathy","Dry","23:45:00","[""Unknown"",""Lap and Shoulder Belt Used"",""Lap and Shoulder Belt Used"",""Lap and Shoulder Belt Used"",""Lap and Shoulder Belt Used""]","Clear",0,33.737162,-84.390282,"Atlanta","FULTON","[""Motor Vehicle in Motion"",""Motor Vehicle in Motion""]","[""Reckless Driving"",""Following Too Close"",""Disregard Police - Evasion""]","[""Motor Vehicle in Motion"",""Motor Vehicle in Motion""]"
0,0,"Atlanta Police Department","2022-09-02","Hamilton E Holmes Dr Nw and Martin Luther King Jr Dr Sw","(O) No Injury","Daylight","Off Roadway","Not a Collision with Motor Vehicle","Martin Luther King Jr Dr Sw","Dry","17:10:00","Lap and Shoulder Belt Used","Clear",0,33.751945,-84.467473,"Atlanta","FULTON","Curb","[""Disregard Stop Sign/Signal"",""Aggressive Driving""]","Curb"
0,0,"Atlanta Police Department","2022-09-02","Peachtree St Nw and Peachtree St Ne","(O) No Injury","Daylight","On Roadway - Non-Intersection","Sideswipe-Same Direction","Peachtree St Ne","Wet","16:45:00","[""Unknown"",""Lap and Shoulder Belt Used""]","Clear",0,33.801661,-84.392753,"Atlanta","FULTON","[""Motor Vehicle in Motion"",""Motor Vehicle in Motion""]","Changed Lanes Improperly","Motor Vehicle in Motion"
0,0,"Atlanta Police Department","2022-09-02","St Johns Ave Sw and Metropolitan Pkwy Sw","(O) No Injury","Dark-Not Lighted","On Roadway - Non-Intersection","Sideswipe-Same Direction","Metropolitan Pkwy Sw","Dry","20:30:00","[""Unknown"",""Unknown""]","Clear",0,33.699662,-84.408092,"Atlanta","FULTON","[""Motor Vehicle in Motion"",""Motor Vehicle in Motion""]","Changed Lanes Improperly","[""Motor Vehicle in Motion"",""Motor Vehicle in Motion""]"
0,0,"Atlanta Police Department","2022-09-02","Ga-13 N and Peachtree St Ne","(O) No Injury","Dark-Lighted","On Roadway - Non-Intersection","Rear End","Peachtree St Ne","Dry","03:15:00","[""Lap and Shoulder Belt Used"",""Lap and Shoulder Belt Used""]","Clear",0,33.798557,-84.391268,"Atlanta","FULTON","[""Motor Vehicle in Motion"",""Motor Vehicle in Motion""]","[""Following Too Close"",""Under the Influence (U.I.)""]","[""Motor Vehicle in Motion"",""Motor Vehicle in Motion""]"
0,1,"Atlanta Police Department","2022-09-02","Wylie St Se and Kenyon St Se","(B) Suspected Minor/Visible Injury","Daylight","On Roadway - Non-Intersection","Not a Collision with Motor Vehicle","Wylie St Se","Dry","18:00:00","[""Unknown"",""Bicycle Helmet""]","Cloudy",0,33.752539,-84.35761,"Atlanta","FULTON","[""Motor Vehicle in Motion"",""Pedal-Cycle""]","Misjudged Clearance","[""Motor Vehicle in Motion"",""Pedal-Cycle""]"
0,0,"Atlanta Police Department","2022-09-02","E Pelham Rd Ne and Piedmont Ave Ne","(O) No Injury","Dark-Lighted","On Roadway - Roadway Intersection","Rear End","Piedmont Ave Ne","Dry","02:30:00","[""Unknown"",""Lap and Shoulder Belt Used""]","Clear",0,33.801224,-84.367507,"Atlanta","FULTON","[""Motor Vehicle in Motion"",""Motor Vehicle in Motion""]","Following Too Close","Motor Vehicle in Motion"
0,0,"Gsp Post 00","2022-09-02","Deering Road and Interstate 75 South","(O) No Injury","Daylight","On Roadway - Non-Intersection","Rear End","Interstate 75 South","Wet","17:11:00","[""Lap and Shoulder Belt Used"",""Lap and Shoulder Belt Used"",""Lap and Shoulder Belt Used"",""Lap and Shoulder Belt Used""]","Rain",0,33.794943,-84.393909,"Atlanta","FULTON","[""Motor Vehicle in Motion"",""Motor Vehicle in Motion""]","Following Too Close","[""Motor Vehicle in Motion"",""Motor Vehicle in Motion""]"
0,1,"Atlanta Police Department","2022-09-02","None and Moreland Ave Se","(B) Suspected Minor/Visible Injury","Daylight","On Roadway - Driveway Intersection","Not a Collision with Motor Vehicle","Moreland Ave Se","Dry","16:30:00","[""Lap and Shoulder Belt Used"",""None Used""]","Cloudy",0,33.722914,-84.349467,"Atlanta","FULTON","[""Pedal-Cycle"",""Motor Vehicle in Motion""]","Disregard Other Traffic Control","[""Motor Vehicle in Motion"",""Pedal-Cycle""]"
0,0,"Gsp Post 00","2022-09-02","Georgia 13 Sb and Entrance Ramp To I-85 Sb","(O) No Injury","Daylight","Entrance/Exit Ramp","Rear End","Entrance Ramp To I-85 Sb","Dry","10:05:00","[""Lap and Shoulder Belt Used"",""Lap and Shoulder Belt Used""]","Clear",0,33.804305,-84.384291,"Atlanta","FULTON","[""Motor Vehicle in Motion"",""Motor Vehicle in Motion""]","Following Too Close","[""Motor Vehicle in Motion"",""Motor Vehicle in Motion""]"
0,0,"Gsp Post 00","2022-09-02","Dill Avenue and Metropolitan Avenue","(O) No Injury","Dark-Lighted","On Roadway - Non-Intersection","Sideswipe-Same Direction","Dill Avenue","Dry","23:06:00","[""Unknown"",""Lap and Shoulder Belt Used""]","Clear",0,33.71829,-84.410026,"Atlanta","FULTON","[""Motor Vehicle in Motion"",""Motor Vehicle in Motion""]","[""Reckless Driving"",""Under the Influence (U.I.)"",""Disregard Police - Evasion"",""Exceeding Speed Limit""]","[""Motor Vehicle in Motion"",""Motor Vehicle in Motion""]"
0,0,"Atlanta Police Department","2022-09-02","Stone Rd Sw and Hogan Rd Sw","(C) Possible Injury / Complaint","Daylight","Off Roadway","Not a Collision with Motor Vehicle","Hogan Rd Sw","Dry","11:54:00","[""Unknown"",""None Used""]","Clear",0,33.675314,-84.503918,"Atlanta","FULTON","Other - Fixed Object",,"Other - Fixed Object"
0,0,"Atlanta Police Department","2022-09-03","14Th St Ne and Piedmont Ave Ne","(O) No Injury","Daylight","On Roadway - Non-Intersection","Sideswipe-Same Direction","Piedmont Ave Ne","Dry","18:30:00","Lap and Shoulder Belt Used","Clear",0,33.785893,-84.378218,"Atlanta","FULTON","[""Motor Vehicle in Motion"",""Motor Vehicle in Motion""]","Misjudged Clearance","[""Motor Vehicle in Motion"",""Motor Vehicle in Motion""]"
0,0,"Atlanta Police Department","2022-09-03","I-20 E and Joseph E Lowery Blvd Sw","(O) No Injury","Daylight","On Roadway - Non-Intersection","Angle Crash","Joseph E Lowery Blvd Sw","Dry","18:08:00","[""Lap and Shoulder Belt Used"",""Lap and Shoulder Belt Used"",""Lap and Shoulder Belt Used""]","Clear",0,33.741202,-84.417639,"Atlanta","FULTON","[""Motor Vehicle in Motion"",""Motor Vehicle in Motion""]","Failure to Yield","[""Motor Vehicle in Motion"",""Motor Vehicle in Motion""]"
0,0,"Atlanta Police Department","2022-09-03","None and I-20","(O) No Injury","Dark-Not Lighted","Entrance/Exit Ramp","Not a Collision with Motor Vehicle","I-20","Water (standing or moving)","00:00:00","Lap and Shoulder Belt Used","Rain",0,33.763174,-84.489607,"Atlanta","FULTON","Bridge Rail","Too Fast for Conditions","Bridge Rail"
0,0,"Atlanta Police Department","2022-09-03","Barnett St Ne and Ponce De Leon Ave Ne","(O) No Injury","Dark-Not Lighted","On Roadway - Roadway Intersection","Rear End","Barnett St Ne","Dry","23:45:00","[""Unknown"",""Unknown""]","Clear",0,33.773821,-84.358756,"Atlanta","FULTON","[""Motor Vehicle in Motion"",""Motor Vehicle in Motion""]","Following Too Close","[""Motor Vehicle in Motion"",""Motor Vehicle in Motion""]"
0,0,"Atlanta Police Department","2022-09-03","None and I-285","(C) Possible Injury / Complaint","Daylight","On Roadway - Non-Intersection","Rear End","I-285","Dry","15:20:00","[""Lap and Shoulder Belt Used"",""Lap and Shoulder Belt Used"",""Lap and Shoulder Belt Used"",""Lap and Shoulder Belt Used"",""Lap and Shoulder Belt Used"",""Lap and Shoulder Belt Used"",""Lap and Shoulder Belt Used"",""Lap and Shoulder Belt Used""]","Clear",0,33.748483,-84.497645,"Atlanta","FULTON","[""Other Object (Not Fixed)"",""Other Object (Not Fixed)"",""Motor Vehicle in Motion"",""Motor Vehicle in Motion""]","[""Following Too Close"",""Following Too Close""]","[""Motor Vehicle in Motion"",""Motor Vehicle in Motion"",""Motor Vehicle in Motion"",""Motor Vehicle in Motion""]"
0,0,"Atlanta Police Department","2022-09-03","None and Northside Pkwy Nw Rp","(O) No Injury","Dark-Lighted","Entrance/Exit Ramp","Not a Collision with Motor Vehicle","Northside Pkwy Nw Rp","Dry","05:16:00","Lap and Shoulder Belt Used","Cloudy",0,33.862534,-84.436397,"Atlanta","FULTON","Guard Rail Face","Driver Condition","Guard Rail Fence"
0,0,"Atlanta Police Department","2022-09-03","14Th St Nw and Williams St Nw","(O) No Injury","Dark-Lighted","On Roadway - Roadway Intersection","Sideswipe-Same Direction","14Th St Nw","Dry","23:50:00","[""Unknown"",""Unknown""]","Clear",0,33.786698,-84.390415,"Atlanta","FULTON","[""Motor Vehicle in Motion"",""Motor Vehicle in Motion""]","Improper Turn","[""Motor Vehicle in Motion"",""Motor Vehicle in Motion""]"
0,0,"Atlanta Police Department","2022-09-03","None and I-75","(O) No Injury","Daylight","On Roadway - Non-Intersection","Sideswipe-Same Direction","I-75","Dry","14:10:00","[""Lap and Shoulder Belt Used"",""Lap and Shoulder Belt Used""]","Cloudy",0,33.764188,-84.383775,"Atlanta","FULTON","[""Motor Vehicle in Motion"",""Motor Vehicle in Motion""]",,"[""Motor Vehicle in Motion"",""Motor Vehicle in Motion""]"
0,0,"Atlanta Police Department","2022-09-03","Fort St Ne and John Lewis Freedom Pkwy Ne","(C) Possible Injury / Complaint","Daylight","On Roadway - Roadway Intersection","Angle Crash","John Lewis Freedom Pkwy Ne","Dry","19:15:00","[""Lap and Shoulder Belt Used"",""Lap and Shoulder Belt Used""]","Clear",0,33.759384,-84.378344,"Atlanta","FULTON","[""Motor Vehicle in Motion"",""Motor Vehicle in Motion""]","Disregard Stop Sign/Signal","[""Motor Vehicle in Motion"",""Motor Vehicle in Motion""]"
0,1,"Atlanta Police Department","2022-09-03","Marietta St Nw and Northside Dr Nw","(B) Suspected Minor/Visible Injury","Dark-Lighted","On Roadway - Roadway Intersection","Angle Crash","Northside Dr Nw","Dry","00:00:00","[""Unknown"",""Unknown"",""Unknown"",""Unknown""]","Clear",0,33.775857,-84.407012,"Atlanta","FULTON","[""Motor Vehicle in Motion"",""Motor Vehicle in Motion""]","Improper Turn","[""Motor Vehicle in Motion"",""Motor Vehicle in Motion""]"
0,0,"Atlanta Police Department","2022-09-03","Peachtree Rd Ne and Stratford Rd Ne","(C) Possible Injury / Complaint","Daylight","On Roadway - Roadway Intersection","Not a Collision with Motor Vehicle","Stratford Rd Ne","Dry","14:00:00","Lap and Shoulder Belt Used","Clear",0,33.848573,-84.366404,"Atlanta","FULTON","[""Motor Vehicle in Motion"",""Pedestrian""]","Failure to Yield","Motor Vehicle in Motion"