"# Serious Injuries","# Visible Injuries","Agency Name (Crash Level) ","Date","Intersection Name (from Crash Report)","KABCO Severity","Light Conditions (Crash Level)","Location at Impact (Crash Level) ","Manner of Collision (Crash Level) ","Roadway (From Crash Report)","Surface Condition (Crash Level) ","Time","Safety Equipment (Crash Level) ","Weather Conditions (Crash Level)","# of Fatalities per Crash","Latitude","Longitude","Geolocated City","Geolocated County","First Harmful Event (Unit Order)","Operator/Pedestrian Contrib Factor (excl None, Other, No Contrib Factors)","Most Harmful Event (Crash Level)"
0,0,"Atlanta Police Department","2022-09-04","Ponce De Leon Ave Ne and Ponce City Market North Ne","(C) Possible Injury / Complaint","Daylight","On Roadway - Non-Intersection","Angle Crash","Ponce De Leon Ave Ne","Wet","16:35:00","[""Unknown"",""Unknown"",""Unknown"",""Unknown""]","Cloudy",0,33.773435,-84.366633,"Atlanta","FULTON","[""Motor Vehicle in Motion"",""Motor Vehicle in Motion""]","Improper Turn","[""Motor Vehicle in Motion"",""Motor Vehicle in Motion""]"
0,0,"Atlanta Police Department","2022-09-04","None and Cascade Rd Sw","(C) Possible Injury / Complaint","Daylight","On Roadway - Non-Intersection","Not a Collision with Motor Vehicle","Cascade Rd Sw","Dry","12:54:00","Lap and Shoulder Belt Used","Cloudy",0,33.720114,-84.476181,"Atlanta","FULTON","Other Non-Collision","Driver Lost Control","Over Turn"
0,1,"Atlanta Police Department","2022-09-04","16Th St Nw and W Peachtree St Ne","(B) Suspected Minor/Visible Injury","Dark-Lighted","On Roadway - Non-Intersection","Not a Collision with Motor Vehicle","W Peachtree St Ne","Dry","00:03:00","[""None Used"",""None Used"",""None Used""]","Clear",0,33.789756,-84.387784,"Atlanta","FULTON","[""Motor Vehicle in Motion"",""Pedestrian""]",,"Motor Vehicle in Motion"
0,0,"Atlanta Police Department","2022-09-04","None and I-75","(O) No Injury","Daylight","On Roadway - Managed Lane (HOV, HOT, Reversible)","Rear End","I-75","Wet","16:15:00","[""Unknown"",""Unknown""]","Cloudy",0,33.745888,-84.389168,"Atlanta","FULTON","[""Motor Vehicle in Motion"",""Motor Vehicle in Motion""]","Following Too Close","[""Motor Vehicle in Motion"",""Motor Vehicle in Motion""]"
0,0,"Atlanta Police Department","2022-09-04","Baker St Nw and Marietta St Nw","(O) No Injury","Dark-Lighted","On Roadway - Non-Intersection","Not a Collision with Motor Vehicle","Marietta St Nw","Dry","01:00:00","[""Unknown"",""Unknown""]","Clear",0,33.761566,-84.39618,"Atlanta","FULTON","Motor Vehicle in Motion","[""Driver Lost Control"",""Under the Influence (U.I.)""]","Motor Vehicle in Motion"
0,0,"Atlanta Police Department","2022-09-04","Newport St Nw and Joseph E Boone Blvd Nw","(O) No Injury","Dark-Lighted","On Roadway - Roadway Intersection","Rear End","Joseph E Boone Blvd Nw","Dry","01:00:00","[""Unknown"",""Unknown""]","Clear",0,33.763458,-84.413983,"Atlanta","FULTON","[""Motor Vehicle in Motion"",""Motor Vehicle in Motion""]","Following Too Close","[""Motor Vehicle in Motion"",""Motor Vehicle in Motion""]"
0,0,"Atlanta Police Department","2022-09-04","14Th St Nw and Williams St Nw","(O) No Injury","Dark-Lighted","On Roadway - Non-Intersection","Head On","Williams St Nw","Dry","02:30:00","[""Unknown"",""Unknown"",""Unknown""]","Clear",0,33.786698,-84.390415,"Atlanta","FULTON","[""Motor Vehicle in Motion"",""Motor Vehicle in Motion""]","Failure to Yield","[""Motor Vehicle in Motion"",""Motor Vehicle in Motion""]"
0,0,"Atlanta Police Department","2022-09-04","I-75 and I-75 S","(O) No Injury","Dark-Lighted","On Roadway - Non-Intersection","Rear End","I-75","Wet","20:30:00","[""Unknown"",""Unknown"",""Unknown""]","Rain",0,33.769694,-84.390585,"Atlanta","FULTON","[""Motor Vehicle in Motion"",""Motor Vehicle in Motion""]","Changed Lanes Improperly","[""Motor Vehicle in Motion"",""Motor Vehicle in Motion""]"
0,1,"Atlanta Police Department","2022-09-04","Ponce De Leon Ave Ne and John Lewis Freedom Pkwy Ne","(B) Suspected Minor/Visible Injury","Dark-Lighted","On Roadway - In Crosswalk","Not a Collision with Motor Vehicle","John Lewis Freedom Pkwy Ne","Wet","10:30:00","[""Unknown"",""None Used""]","Rain",0,33.773801,-84.359857,"Atlanta","FULTON","[""Pedestrian"",""Motor Vehicle in Motion""]","Occupant Distraction (Distracted)","Pedestrian"
0,0,"Atlanta Police Department","2022-09-04","Forrest Park Rd Se and S River Industrial Blvd Se","(O) No Injury","Dark-Lighted","On Roadway - Roadway Intersection","Angle Crash","S River Industrial Blvd Se","Wet","19:45:00","[""Unknown"",""Unknown""]","Rain",0,33.6832,-84.357885,"Atlanta","FULTON","[""Motor Vehicle in Motion"",""Motor Vehicle in Motion""]","Improper Passing","[""Motor Vehicle in Motion"",""Motor Vehicle in Motion""]"
0,0,"Atlanta Police Department","2022-09-04","Bolton Pl Nw and Marietta Blvd Nw","(O) No Injury","Daylight","On Roadway - Roadway Intersection","Angle Crash","Bolton Pl Nw","Wet","15:00:00","[""Unknown"",""Unknown""]","Rain",0,33.814285,-84.440525,"Atlanta","FULTON","[""Motor Vehicle in Motion"",""Motor Vehicle in Motion""]","[""Failure to Yield"",""Improper Turn""]","[""Motor Vehicle in Motion"",""Motor Vehicle in Motion""]"
0,0,"Atlanta Police Department","2022-09-04","None and I-85","(O) No Injury","Daylight","On Roadway - Non-Intersection","Angle Crash","I-85","Water (standing or moving)","15:30:00","[""None Used"",""None Used""]","Rain",0,33.790754,-84.390882,"Atlanta","FULTON","[""Motor Vehicle in Motion"",""Motor Vehicle in Motion""]","[""Driver Condition"",""Inattentive or Other Distraction (Distracted)""]","[""Motor Vehicle in Motion"",""Motor Vehicle in Motion""]"
0,0,"Atlanta Police Department","2022-09-04","Pine St Nw and Luckie St Nw","(O) No Injury","Dark-Lighted","On Roadway - Non-Intersection","Angle Crash","Luckie St Nw","Water (standing or moving)","02:30:00","[""Unknown"",""Lap and Shoulder Belt Used""]","Rain",0,33.767846,-84.396114,"Atlanta","FULTON","[""Motor Vehicle in Motion"",""Motor Vehicle in Motion""]","Aggressive Driving","[""Motor Vehicle in Motion"",""Motor Vehicle in Motion""]"
0,0,"Atlanta Police Department","2022-09-04","Atwood St Sw and Greenwich St Sw","(O) No Injury","Daylight","On Roadway - Non-Intersection","Sideswipe-Opposite Direction","Atwood St Sw","Water (standing or moving)","19:14:00","Unknown","Rain",0,33.743545,-84.428817,"Atlanta","FULTON","[""Parked Motor Vehicle"",""Motor Vehicle in Motion""]",,"[""Motor Vehicle in Motion"",""Motor Vehicle in Motion""]"
0,0,"Gsp Post 00","2022-09-04","I-7585 South and 85 South Split","(C) Possible Injury / Complaint","Dark-Lighted","On Roadway - Non-Intersection","Rear End","I-7585 South","Wet","22:15:00","[""Unknown"",""Lap and Shoulder Belt Used"",""Lap and Shoulder Belt Used"",""Lap and Shoulder Belt Used"",""None Used""]","Cloudy",0,33.696176,-84.405105,"Atlanta","FULTON","[""Motor Vehicle in Motion"",""Motor Vehicle in Motion""]","Following Too Close","[""Motor Vehicle in Motion"",""Motor Vehicle in Motion""]"
0,1,"Atlanta Police Department","2022-09-04","I-75 and Exit 252B","(B) Suspected Minor/Visible Injury","Daylight","On Roadway - Non-Intersection","Not a Collision with Motor Vehicle","I-75","Water (standing or moving)","19:00:00","Unknown","Rain",0,33.807373,-84.416747,"Atlanta","FULTON","Motor Vehicle in Motion",,"Motor Vehicle in Motion"
0,0,"Atlanta Police Department","2022-09-04","I-85 N and Piedmont Rd Ne","(O) No Injury","Dark-Lighted","On Roadway - Managed Lane (HOV, HOT, Reversible)","Rear End","Piedmont Rd Ne","Dry","01:42:00","[""Unknown"",""Unknown""]","Clear",0,33.813365,-84.366674,"Atlanta","FULTON","[""Motor Vehicle in Motion"",""Motor Vehicle in Motion""]","Following Too Close","[""Motor Vehicle in Motion"",""Motor Vehicle in Motion""]"
0,0,"Atlanta Police Department","2022-09-04","None and I-20","(C) Possible Injury / Complaint","Dark-Lighted","On Roadway - Non-Intersection","Sideswipe-Same Direction","I-20","Water (standing or moving)","21:00:00","[""Unknown"",""Unknown"",""Unknown"",""Unknown"",""Unknown""]","Rain",0,33.766181,-84.497459,"Atlanta","FULTON","[""Motor Vehicle in Motion"",""Motor Vehicle in Motion"",""Motor Vehicle in Motion""]","Driver Lost Control","[""Motor Vehicle in Motion"",""Motor Vehicle in Motion"",""Motor Vehicle in Motion""]"
0,2,"Atlanta Police Department","2022-09-04","None and I-20 Exit 52B Rp","(B) Suspected Minor/Visible Injury","Dark-Not Lighted","On Roadway - Roadway Intersection","Rear End","I-20 Exit 52B Rp","Wet","21:00:00","[""Unknown"",""Lap and Shoulder Belt Used"",""Lap and Shoulder Belt Used"",""Lap and Shoulder Belt Used"",""Lap and Shoulder Belt Used"",""Lap and Shoulder Belt Used"",""Lap and Shoulder Belt Used"",""Lap and Shoulder Belt Used""]","Rain",0,33.756042,-84.46733,"Atlanta","FULTON","[""Motor Vehicle in Motion"",""Motor Vehicle in Motion"",""Motor Vehicle in Motion"",""Motor Vehicle in Motion"",""Motor Vehicle in Motion"",""Motor Vehicle in Motion"",""Motor Vehicle in Motion"",""Motor Vehicle in Motion""]","[""Aggressive Driving"",""Too Fast for Conditions""]","[""Motor Vehicle in Motion"",""Motor Vehicle in Motion"",""Motor Vehicle in Motion"",""Motor Vehicle in Motion"",""Motor Vehicle in Motion"",""Motor Vehicle in Motion"",""Motor Vehicle in Motion"",""Motor Vehicle in Motion""]"
0,0,"Atlanta Police Department","2022-09-04","None and I-75","(C) Possible Injury / Complaint","Daylight","On Roadway - Non-Intersection","Rear End","I-75","Wet","16:00:00","[""Lap and Shoulder Belt Used"",""Lap and Shoulder Belt Used""]","Rain",0,33.792197,-84.390735,"Atlanta","FULTON","[""Motor Vehicle in Motion"",""Motor Vehicle in Motion""]","Following Too Close","[""Motor Vehicle in Motion"",""Motor Vehicle in Motion""]"
0,0,"Atlanta Police Department","2022-09-04","Fair St Sw and Northside Dr Sw","(O) No Injury","Dark-Lighted","On Roadway - Roadway Intersection","Rear End","Northside Dr Sw","Wet","20:12:00","[""Unknown"",""Lap and Shoulder Belt Used"",""Unknown"",""Lap and Shoulder Belt Used""]","Rain",0,33.748833,-84.404588,"Atlanta","FULTON","[""Motor Vehicle in Motion"",""Motor Vehicle in Motion""]","Following Too Close","[""Motor Vehicle in Motion"",""Motor Vehicle in Motion""]"
0,0,"Atlanta Police Department","2022-09-04","None and I-75","(O) No Injury","Daylight","On Roadway - Managed Lane (HOV, HOT, Reversible)","Rear End","I-75","Wet","18:20:00","[""Unknown"",""Unknown"",""Unknown"",""Unknown"",""Unknown"",""Unknown"",""Unknown""]","Cloudy",0,33.747193,-84.387388,"Atlanta","FULTON","[""Motor Vehicle in Motion"",""Motor Vehicle in Motion""]","Following Too Close","[""Motor Vehicle in Motion"",""Motor Vehicle in Motion""]"
0,0,"Atlanta Police Department","2022-09-04","Pine St Ne and Peachtree St Ne","(O) No Injury","Daylight","On Roadway - Non-Intersection","Rear End","Peachtree St Ne","Dry","10:01:00","[""Unknown"",""Unknown""]","Cloudy",0,33.766844,-84.385418,"Atlanta","FULTON","[""Motor Vehicle in Motion"",""Motor Vehicle in Motion""]","Following Too Close","[""Motor Vehicle in Motion"",""Motor Vehicle in Motion""]"
0,0,"Atlanta Police Department","2022-09-04","I-75 S and W Paces Ferry Rd Nw","(O) No Injury","Dark-Lighted","On Roadway - Non-Intersection","Not a Collision with Motor Vehicle","I-75 S","Wet","20:10:00","Lap and Shoulder Belt Used","Rain",0,33.848801,-84.431073,"Atlanta","FULTON","Other Non-Collision","Too Fast for Conditions","Median Barrier"
0,0,"Atlanta Police Department","2022-09-04","Trinity Ave Sw and Central Ave Sw","(O) No Injury","Dark-Not Lighted","On Roadway - Driveway Intersection","Sideswipe-Same Direction","Central Ave Sw","Dry","02:00:00","[""Unknown"",""Unknown""]","Clear",0,33.748524,-84.391495,"Atlanta","FULTON","[""Motor Vehicle in Motion"",""Motor Vehicle in Motion""]","Improper Turn","[""Motor Vehicle in Motion"",""Motor Vehicle in Motion""]"
0,2,"Atlanta Police Department","2022-09-04","I-75 and Exit 242","(B) Suspected Minor/Visible Injury","Dark-Lighted","On Roadway - Non-Intersection","Not a Collision with Motor Vehicle","I-75","Water (standing or moving)","22:10:00","[""Unknown"",""Unknown""]","Rain",0,33.69351,-84.403523,"Atlanta","FULTON","Motor Vehicle in Motion",,"Motor Vehicle in Motion"
0,0,"Atlanta Police Department","2022-09-04","Virginia Ave Ne and N Virginia Ave Ne","(O) No Injury","Daylight","On Roadway - Non-Intersection","Sideswipe-Opposite Direction","Virginia Ave Ne","Dry","22:00:00","Lap and Shoulder Belt Used","Cloudy",0,33.781459,-84.349493,"Atlanta","FULTON","[""Motor Vehicle in Motion"",""Motor Vehicle in Motion"",""Motor Vehicle in Motion""]","Driver Lost Control","[""Motor Vehicle in Motion"",""Motor Vehicle in Motion"",""Motor Vehicle in Motion""]"
1,0,"Atlanta Police Department","2022-09-04","None and I-75","(K) Fatal Injury","Dark-Lighted","On Roadway - Managed Lane (HOV, HOT, Reversible)","Not a Collision with Motor Vehicle","I-75","Wet","22:30:00","[""Lap and Shoulder Belt Used"",""Lap and Shoulder Belt Used"",""Lap and Shoulder Belt Used"",""None Used"",""None Used""]","Rain",1,33.692162,-84.402522,"Atlanta","FULTON","[""Pedestrian"",""Pedestrian"",""Pedestrian""]","Inattentive or Other Distraction (Distracted)","Motor Vehicle in Motion"
0,0,"Atlanta Police Department","2022-09-04","I-85 S and 17Th St Nw","(C) Possible Injury / Complaint","Dark-Lighted","On Roadway - Roadway Intersection","Rear End","17Th St Nw","Wet","18:46:00","[""Lap and Shoulder Belt Used"",""Lap and Shoulder Belt Used"",""Lap and Shoulder Belt Used"",""Lap and Shoulder Belt Used"",""Lap and Shoulder Belt Used"",""Lap and Shoulder Belt Used"",""Child Restraint System (Properly Used)"",""Lap and Shoulder Belt Used"",""Lap and Shoulder Belt Used"",""Lap and Shoulder Belt Used""]","Rain",0,33.791921,-84.392297,"Atlanta","FULTON","[""Motor Vehicle in Motion"",""Motor Vehicle in Motion"",""Motor Vehicle in Motion""]","Following Too Close","[""Motor Vehicle in Motion"",""Motor Vehicle in Motion"",""Motor Vehicle in Motion""]"
0,0,"Atlanta Police Department","2022-09-04","I-75 N and 17Th St Nw","(O) No Injury","Dark-Lighted","On Roadway - Roadway Intersection","Angle Crash","17Th St Nw","Dry","11:30:00","[""Unknown"",""None Used""]","Clear",0,33.791874,-84.390498,"Atlanta","FULTON","[""Motor Vehicle in Motion"",""Motor Vehicle in Motion""]","Improper Turn","[""Motor Vehicle in Motion"",""Motor Vehicle in Motion""]"
0,0,"Atlanta Police Department","2022-09-04","None and I-75","(C) Possible Injury / Complaint","Dark-Lighted","Entrance/Exit Ramp","Angle Crash","I-75","Dry","23:51:00","[""Unknown"",""Unknown"",""Unknown""]","Clear",0,33.686429,-84.398752,"Atlanta","FULTON","[""Motor Vehicle in Motion"",""Motor Vehicle in Motion"",""Parked Motor Vehicle""]","Changed Lanes Improperly","[""Motor Vehicle in Motion"",""Motor Vehicle in Motion"",""Parked Motor Vehicle""]"
0,0,"Atlanta Police Department","2022-09-04","I-75 N and North Ave Nw","(C) Possible Injury / Complaint","Dark-Lighted","On Roadway - Non-Intersection","Rear End","North Ave Nw","Wet","20:00:00","[""Unknown"",""Unknown"",""Unknown"",""Unknown"",""Unknown"",""Unknown"",""Unknown"",""Unknown"",""Unknown"",""Unknown"",""Unknown""]","Rain",0,33.771123,-84.390071,"Atlanta","FULTON","[""Motor Vehicle in Motion"",""Motor Vehicle in Motion"",""Motor Vehicle in Motion"",""Motor Vehicle in Motion"",""Motor Vehicle in Motion"",""Motor Vehicle in Motion""]","[""Changed Lanes Improperly"",""Too Fast for Conditions""]","[""Motor Vehicle in Motion"",""Motor Vehicle in Motion"",""Motor Vehicle in Motion"",""Motor Vehicle in Motion"",""Motor Vehicle in Motion"",""Motor Vehicle in Motion""]"
0,0,"Atlanta Police Department","2022-09-04","I-75 and Andrew Young International Blvd Ne","(O) No Injury","Dark-Lighted","On Roadway - Non-Intersection","Angle Crash","I-75","Dry","00:22:00","[""Unknown"",""Lap and Shoulder Belt Used"",""Lap and Shoulder Belt Used"",""Lap and Shoulder Belt Used""]","Clear",0,33.75988,-84.379856,"Atlanta","FULTON","[""Motor Vehicle in Motion"",""Motor Vehicle in Motion"",""Motor Vehicle in Motion""]","Changed Lanes Improperly","[""Motor Vehicle in Motion"",""Motor Vehicle in Motion"",""Motor Vehicle in Motion""]"
0,0,"Atlanta Police Department","2022-09-04","Hightower Ct Nw and Hamilton E Holmes Dr Nw","(C) Possible Injury / Complaint","Daylight","On Roadway - Non-Intersection","Rear End","Hamilton E Holmes Dr Nw","Dry","10:50:00","[""Unknown"",""Unknown""]","Clear",0,33.761742,-84.469775,"Atlanta","FULTON","[""Motor Vehicle in Motion"",""Motor Vehicle in Motion""]","Following Too Close","[""Motor Vehicle in Motion"",""Motor Vehicle in Motion""]"
0,0,"Atlanta Police Department","2022-09-04","None and Martin Luther King Jr Dr Sw","(O) No Injury","Daylight","On Roadway - Non-Intersection","Head On","Martin Luther King Jr Dr Sw","Wet","14:27:00","[""Lap and Shoulder Belt Used"",""Lap and Shoulder Belt Used"",""Lap and Shoulder Belt Used"",""Lap and Shoulder Belt Used""]","Rain",0,33.753875,-84.474062,"Atlanta","FULTON","[""Motor Vehicle in Motion"",""Motor Vehicle in Motion""]","[""Misjudged Clearance"",""Failure to Yield""]","[""Motor Vehicle in Motion"",""Motor Vehicle in Motion""]"
0,0,"Atlanta Police Department","2022-09-04","14Th St Nw and Howell Mill Rd Nw","(O) No Injury","Dark-Lighted","On Roadway - Roadway Intersection","Angle Crash","Howell Mill Rd Nw","Wet","20:00:00","[""Unknown"",""Unknown""]","Rain",0,33.785174,-84.41174,"Atlanta","FULTON","[""Motor Vehicle in Motion"",""Motor Vehicle in Motion""]","Failure to Yield","[""Motor Vehicle in Motion"",""Motor Vehicle in Motion""]"
0,0,"Atlanta Police Department","2022-09-04","None and I-75","(O) No Injury","Daylight","On Roadway - Non-Intersection","Rear End","I-75","Water (standing or moving)","17:30:00","[""Lap and Shoulder Belt Used"",""Lap and Shoulder Belt Used""]","Rain",0,33.765615,-84.385535,"Atlanta","FULTON","[""Motor Vehicle in Motion"",""Motor Vehicle in Motion""]","Following Too Close","[""Motor Vehicle in Motion"",""Motor Vehicle in Motion""]"
0,0,"Atlanta Police Department","2022-09-04","None and I-75","(C) Possible Injury / Complaint","Daylight","On Shoulder","Sideswipe-Same Direction","I-75","Dry","12:31:00","[""Lap and Shoulder Belt Used"",""Lap and Shoulder Belt Used"",""Unknown""]","Clear",0,33.774563,-84.390496,"Atlanta","FULTON","[""Motor Vehicle in Motion"",""Motor Vehicle in Motion"",""Motor Vehicle in Motion""]","Changed Lanes Improperly","[""Motor Vehicle in Motion"",""Motor Vehicle in Motion""]"
0,1,"Atlanta Police Department","2022-09-04","Mayson Turner Rd Nw and Joseph E Boone Blvd Nw","(B) Suspected Minor/Visible Injury","Daylight","On Roadway - Non-Intersection","Angle Crash","Joseph E Boone Blvd Nw","Wet","15:10:00","[""Unknown"",""Unknown""]","Rain",0,33.763537,-84.429276,"Atlanta","FULTON","[""Motor Vehicle in Motion"",""Motor Vehicle in Motion""]","[""Disregard Other Traffic Control"",""Disregard Other Traffic Control""]","[""Motor Vehicle in Motion"",""Motor Vehicle in Motion""]"
0,1,"Atlanta Police Department","2022-09-04","North Ave Nw and Williams St Nw","(B) Suspected Minor/Visible Injury","Daylight","Entrance/Exit Ramp","Sideswipe-Same Direction","Williams St Nw","Dry","12:00:00","Lap and Shoulder Belt Used","Cloudy",0,33.77129,-84.390686,"Atlanta","FULTON","[""Motor Vehicle in Motion"",""Motor Vehicle in Motion""]","Following Too Close","[""Motor Vehicle in Motion"",""Motor Vehicle in Motion""]"
0,0,"Atlanta Police Department","2022-09-04","None and I-75","(O) No Injury","Dark-Lighted","On Roadway - Non-Intersection","Sideswipe-Same Direction","I-75","Water (standing or moving)","21:00:00","Lap and Shoulder Belt Used","Rain",0,33.745793,-84.389297,"Atlanta","FULTON","[""Motor Vehicle in Motion"",""Motor Vehicle in Motion""]","Changed Lanes Improperly","Motor Vehicle in Motion"
0,0,"Atlanta Police Department","2022-09-04","Boulevard Ne and North Ave Ne","(O) No Injury","Dark-Lighted","On Roadway - Roadway Intersection","Angle Crash","North Ave Ne","Wet","20:00:00","[""Unknown"",""Unknown"",""Unknown""]","Rain",0,33.771176,-84.371756,"Atlanta","FULTON","[""Motor Vehicle in Motion"",""Motor Vehicle in Motion""]","Improper Turn","[""Motor Vehicle in Motion"",""Motor Vehicle in Motion""]"
0,0,"Atlanta Police Department","2022-09-04","None and Fair Dr Sw Exit 243 Rp","(O) No Injury","Dark-Lighted","Entrance/Exit Ramp","Rear End","Fair Dr Sw Exit 243 Rp","Dry","23:57:00","[""Unknown"",""Unknown"",""Unknown""]","Clear",0,33.703281,-84.404161,"Atlanta","FULTON","[""Motor Vehicle in Motion"",""Motor Vehicle in Motion""]","Following Too Close","[""Motor Vehicle in Motion"",""Motor Vehicle in Motion""]"
0,0,"Atlanta Police Department","2022-09-04","None and I-20","(C) Possible Injury / Complaint","Daylight","On Roadway - Non-Intersection","Rear End","I-20","Water (standing or moving)","14:20:00","[""Unknown"",""Unknown""]","Rain",0,33.746566,-84.430899,"Atlanta","FULTON","[""Motor Vehicle in Motion"",""Motor Vehicle in Motion""]",,"[""Motor Vehicle in Motion"",""Motor Vehicle in Motion""]"
0,0,"Atlanta Police Department","2022-09-04","N Highland Ave Ne and Ponce De Leon Ave Ne","(O) No Injury","Daylight","On Roadway - Roadway Intersection","Sideswipe-Same Direction","Ponce De Leon Ave Ne","Wet","16:28:00","[""Unknown"",""Unknown""]","Cloudy",0,33.773833,-84.352768,"Atlanta","FULTON","[""Motor Vehicle in Motion"",""Motor Vehicle in Motion""]",,"[""Motor Vehicle in Motion"",""Motor Vehicle in Motion""]"
0,0,"Atlanta Police Department","2022-09-04","None and I-20","(O) No Injury","Daylight","On Roadway - Managed Lane (HOV, HOT, Reversible)","Not a Collision with Motor Vehicle","I-20","Water (standing or moving)","14:51:00","Unknown","Clear",0,33.745645,-84.344952,"Atlanta","DEKALB","Motor Vehicle in Motion","Driver Lost Control","Motor Vehicle in Motion"
0,0,"Atlanta Police Department","2022-09-04","Marietta Blvd Nw and Moores Mill Rd Nw","(K) Fatal Injury","Dark-Lighted","On Roadway - Non-Intersection","Angle Crash","Marietta Blvd Nw","Dry","04:20:00","[""Lap and Shoulder Belt Used"",""Lap and Shoulder Belt Used""]","Clear",1,33.819016,-84.450802,"Atlanta","FULTON","[""Motor Vehicle in Motion"",""Motor Vehicle in Motion""]","Too Fast for Conditions","[""Motor Vehicle in Motion"",""Motor Vehicle in Motion""]"
0,0,"Atlanta Police Department","2022-09-04","Lenox Rd Ne and Peachtree Rd Ne","(O) No Injury","Dark-Lighted","On Roadway - Roadway Intersection","Sideswipe-Same Direction","Peachtree Rd Ne","Water (standing or moving)","22:40:00","[""Unknown"",""Lap and Shoulder Belt Used""]","Rain",0,33.850365,-84.362167,"Atlanta","FULTON","[""Motor Vehicle in Motion"",""Motor Vehicle in Motion""]","[""Too Fast for Conditions"",""Under the Influence (U.I.)"",""Reckless Driving""]","[""Motor Vehicle in Motion"",""Motor Vehicle in Motion""]"
0,0,"Atlanta Police Department","2022-09-04","I-85 and Armour Dr Ne","(C) Possible Injury / Complaint","Dark-Lighted","On Roadway - Managed Lane (HOV, HOT, Reversible)","Angle Crash","I-85","Dry","00:45:00","[""Unknown"",""Unknown"",""Unknown""]","Clear",0,33.811363,-84.371341,"Atlanta","FULTON","[""Motor Vehicle in Motion"",""Motor Vehicle in Motion""]",,"[""Motor Vehicle in Motion"",""Motor Vehicle in Motion""]"
0,0,"Atlanta Police Department","2022-09-04","I-75 and Ellis St Ne","(O) No Injury","Dark-Lighted","On Roadway - Non-Intersection","Angle Crash","I-75","Dry","01:45:00","[""Lap and Shoulder Belt Used"",""Lap and Shoulder Belt Used"",""Lap and Shoulder Belt Used"",""Lap and Shoulder Belt Used""]","Clear",0,33.759437,-84.378846,"Atlanta","FULTON","[""Motor Vehicle in Motion"",""Motor Vehicle in Motion""]","Changed Lanes Improperly","[""Motor Vehicle in Motion"",""Motor Vehicle in Motion""]"
0,0,"Atlanta Police Department","2022-09-04","None and 75 85 Nb Expy Nw   Spring St Nw Rp","(O) No Injury","Dark-Not Lighted","Off Roadway","Rear End","75 85 Nb Expy Nw   Spring St Nw Rp","Wet","16:09:00","[""Unknown"",""Child Restraint System (Properly Used)"",""Unknown"",""Unknown""]","Rain",0,33.746435,-84.331844,"Atlanta","DEKALB","[""Motor Vehicle in Motion"",""Motor Vehicle in Motion"",""Motor Vehicle in Motion""]","Following Too Close","[""Motor Vehicle in Motion"",""Motor Vehicle in Motion"",""Motor Vehicle in Motion""]"
0,0,"Atlanta Police Department","2022-09-04","Hightower Pl Nw and James Jackson Pkwy Nw","(C) Possible Injury / Complaint","Dark-Lighted","On Roadway - Roadway Intersection","Angle Crash","James Jackson Pkwy Nw","Dry","02:52:00","[""Unknown"",""Unknown""]","Clear",0,33.778907,-84.47542,"Atlanta","FULTON","[""Motor Vehicle in Motion"",""Motor Vehicle in Motion""]","Failure to Yield","[""Motor Vehicle in Motion"",""Motor Vehicle in Motion""]"
0,1,"Atlanta Police Department","2022-09-05","Thurmond St Nw and Northside Dr Nw","(B) Suspected Minor/Visible Injury","Dark-Lighted","On Roadway - Roadway Intersection","Not a Collision with Motor Vehicle","Northside Dr Nw","Dry","23:16:00","[""None Used"",""Unknown""]","Clear",0,33.761174,-84.402749,"Atlanta","FULTON","[""Motor Vehicle in Motion"",""Pedestrian""]","Disregard Stop Sign/Signal","Pedestrian"
0,0,"Atlanta Police Department","2022-09-05","Glenn St Sw and Metropolitan Pkwy Sw","(O) No Injury","Dark-Lighted","On Roadway - Non-Intersection","Sideswipe-Same Direction","Glenn St Sw","Dry","19:48:00","[""Unknown"",""Unknown""]","Clear",0,33.73821,-84.407348,"Atlanta","FULTON","[""Motor Vehicle in Motion"",""Motor Vehicle in Motion""]","[""Changed Lanes Improperly"",""Changed Lanes Improperly""]","[""Motor Vehicle in Motion"",""Motor Vehicle in Motion""]"
0,0,"Atlanta Police Department","2022-09-05","None and Jay Pl Se","(O) No Injury","Daylight","On Roadway - Non-Intersection","Angle Crash","Jay Pl Se","Dry","19:35:00","Unknown","Clear",0,33.694366,-84.387126,"Atlanta","FULTON","[""Motor Vehicle in Motion"",""Parked Motor Vehicle""]",,"Parked Motor Vehicle"
0,0,"East Point Police Department","2022-09-05",,"(O) No Injury","Daylight","On Roadway - Non-Intersection","Rear End","I 285","Wet","17:40:00","[""Unknown"",""Unknown""]","Rain",0,33.750057,-84.497038,"Atlanta","FULTON","[""Motor Vehicle in Motion"",""Motor Vehicle in Motion""]","Too Fast for Conditions","[""Motor Vehicle in Motion"",""Motor Vehicle in Motion""]"
0,0,"Atlanta Police Department","2022-09-05","I-75 and Williams St  Nw","(O) No Injury","Dark-Lighted","On Roadway - Non-Intersection","Angle Crash","I-75","Wet","04:04:00","[""Lap and Shoulder Belt Used"",""Lap and Shoulder Belt Used""]","Clear",0,33.767667,-84.389652,"Atlanta","FULTON","[""Motor Vehicle in Motion"",""Motor Vehicle in Motion""]","Too Fast for Conditions","[""Motor Vehicle in Motion"",""Motor Vehicle in Motion""]"