"# Serious Injuries","# Visible Injuries","Agency Name (Crash Level) ","Date","Intersection Name (from Crash Report)","KABCO Severity","Light Conditions (Crash Level)","Location at Impact (Crash Level) ","Manner of Collision (Crash Level) ","Roadway (From Crash Report)","Surface Condition (Crash Level) ","Time","Safety Equipment (Crash Level) ","Weather Conditions (Crash Level)","# of Fatalities per Crash","Latitude","Longitude","Geolocated City","Geolocated County","First Harmful Event (Unit Order)","Operator/Pedestrian Contrib Factor (excl None, Other, No Contrib Factors)","Most Harmful Event (Crash Level)"
0,0,"Gsp Post 00","2022-09-09","I-20 West and Martin Luther King Jr","(O) No Injury","Daylight","On Roadway - Non-Intersection","Not a Collision with Motor Vehicle","I-20 West","Dry","11:57:00","[""Lap and Shoulder Belt Used"",""Lap and Shoulder Belt Used""]","Cloudy",0,33.750952,-84.444596,"Atlanta","FULTON","Other Object (Not Fixed)",,"Impact Attenuate"
0,0,"Atlanta Police Department","2022-09-09","14Th St Nw and Northside Dr Nw","(C) Possible Injury / Complaint","Daylight","On Roadway - Roadway Intersection","Angle Crash","Northside Dr Nw","Dry","11:00:00","[""Lap and Shoulder Belt Used"",""Lap and Shoulder Belt Used""]","Cloudy",0,33.786224,-84.407445,"Atlanta","FULTON","[""Motor Vehicle in Motion"",""Motor Vehicle in Motion""]","Failure to Yield","[""Motor Vehicle in Motion"",""Motor Vehicle in Motion""]"
0,0,"Atlanta Police Department","2022-09-09","None and Exit 248C Rp","(O) No Injury","Dark-Not Lighted","Entrance/Exit Ramp","Rear End","Exit 248C Rp","Wet","22:51:00","[""Unknown"",""Unknown""]","Rain",0,33.758344,-84.378103,"Atlanta","FULTON","[""Motor Vehicle in Motion"",""Motor Vehicle in Motion""]","[""Following Too Close"",""Too Fast for Conditions""]","[""Motor Vehicle in Motion"",""Motor Vehicle in Motion""]"
0,0,"Atlanta Police Department","2022-09-09","Fairburn Rd Sw and Welcome All Rd Sw","(O) No Injury","Daylight","On Roadway - Non-Intersection","Rear End","Fairburn Rd Sw","Dry","10:00:00","[""Unknown"",""Unknown""]","Clear",0,33.664041,-84.522971,"Atlanta","FULTON","[""Motor Vehicle in Motion"",""Motor Vehicle in Motion""]","Other Activity - Mobile Device (Distracted)","[""Motor Vehicle in Motion"",""Motor Vehicle in Motion""]"
0,0,"Atlanta Police Department","2022-09-09","None and Decatur St Se","(C) Possible Injury / Complaint","Daylight","On Roadway - Non-Intersection","Angle Crash","Decatur St Se","Dry","11:00:00","[""Lap and Shoulder Belt Used"",""Lap and Shoulder Belt Used""]","Cloudy",0,33.751154,-84.372118,"Atlanta","FULTON","[""Motor Vehicle in Motion"",""Motor Vehicle in Motion""]",,"[""Motor Vehicle in Motion"",""Motor Vehicle in Motion""]"
0,0,"Atlanta Police Department","2022-09-09","None and I-75","(O) No Injury","Dark-Lighted","On Roadway - Non-Intersection","Rear End","I-75","Dry","20:00:00","[""Unknown"",""Lap and Shoulder Belt Used""]","Clear",0,33.778746,-84.390855,"Atlanta","FULTON","[""Motor Vehicle in Motion"",""Motor Vehicle in Motion""]","Following Too Close","[""Motor Vehicle in Motion"",""Motor Vehicle in Motion""]"
0,0,"Atlanta Police Department","2022-09-09","None and Howell Mill Rd Nw Exit 252B Rp","(O) No Injury","Daylight","Entrance/Exit Ramp","Angle Crash","Howell Mill Rd Nw Exit 252B Rp","Dry","09:18:00","[""Lap and Shoulder Belt Used"",""Lap and Shoulder Belt Used""]","Clear",0,33.805622,-84.413101,"Atlanta","FULTON","[""Motor Vehicle in Motion"",""Motor Vehicle in Motion""]",,"[""Motor Vehicle in Motion"",""Motor Vehicle in Motion""]"
0,0,"Atlanta Police Department","2022-09-09","Means St Nw and Marietta St Nw","(O) No Injury","Daylight","On Roadway - Non-Intersection","Rear End","Marietta St Nw","Dry","17:20:00","[""Unknown"",""Unknown""]","Clear",0,33.773119,-84.403168,"Atlanta","FULTON","[""Motor Vehicle in Motion"",""Motor Vehicle in Motion""]","Following Too Close","[""Motor Vehicle in Motion"",""Motor Vehicle in Motion""]"
0,0,"Atlanta Police Department","2022-09-09","17Th St Nw and Reservoir Dr Nw","(O) No Injury","Daylight","On Roadway - Roadway Intersection","Rear End","Reservoir Dr Nw","Dry","07:45:00","[""Unknown"",""Unknown""]","Clear",0,33.790906,-84.409223,"Atlanta","FULTON","[""Motor Vehicle in Motion"",""Motor Vehicle in Motion""]","Following Too Close","[""Motor Vehicle in Motion"",""Motor Vehicle in Motion""]"
0,0,"Atlanta Police Department","2022-09-09","14Th St Nw and Williams St Nw","(O) No Injury","Daylight","On Roadway - Roadway Intersection","Angle Crash","14Th St Nw","Dry","18:15:00","[""Unknown"",""Unknown""]","Cloudy",0,33.786698,-84.390415,"Atlanta","FULTON","[""Motor Vehicle in Motion"",""Motor Vehicle in Motion""]",,"[""Motor Vehicle in Motion"",""Motor Vehicle in Motion""]"
0,0,"Emory Police Department","2022-09-09","None and Gatewood Rd Ne","(C) Possible Injury / Complaint","Daylight","Off Roadway","Not a Collision with Motor Vehicle","Gatewood Rd Ne","Dry","10:48:00","Lap and Shoulder Belt Used","Cloudy",0,33.801653,-84.317775,"Atlanta","DEKALB","Other - Fixed Object","Driver Lost Control","Other - Fixed Object"
0,0,"Atlanta Police Department","2022-09-09","I-20 W and Maynard Ter Se","(O) No Injury","Daylight","Entrance/Exit Ramp","Sideswipe-Same Direction","Maynard Ter Se","Dry","16:10:00","[""Unknown"",""Unknown""]","Clear",0,33.745198,-84.334091,"Atlanta","DEKALB","[""Motor Vehicle in Motion"",""Motor Vehicle in Motion""]","Failure to Yield","[""Motor Vehicle in Motion"",""Motor Vehicle in Motion""]"
0,0,"Atlanta Police Department","2022-09-09","Marietta St Nw and Centennial Olympic Park Dr Nw","(O) No Injury","Daylight","On Roadway - Roadway Intersection","Angle Crash","Marietta St Nw","Dry","17:18:00","[""Unknown"",""Unknown""]","Cloudy",0,33.757896,-84.393502,"Atlanta","FULTON","[""Motor Vehicle in Motion"",""Motor Vehicle in Motion""]","Failure to Yield","[""Motor Vehicle in Motion"",""Motor Vehicle in Motion""]"
0,0,"Atlanta Police Department","2022-09-09","I-75 and Williams St Nw","(O) No Injury","Dark-Lighted","On Roadway - Non-Intersection","Rear End","I-75","Dry","23:00:00","[""Unknown"",""Lap and Shoulder Belt Used"",""Lap and Shoulder Belt Used""]","Clear",0,33.770633,-84.390511,"Atlanta","FULTON","[""Motor Vehicle in Motion"",""Motor Vehicle in Motion""]","Following Too Close","[""Motor Vehicle in Motion"",""Motor Vehicle in Motion""]"
0,0,"Atlanta Police Department","2022-09-09","None and I-75","(O) No Injury","Daylight","On Roadway - Non-Intersection","Sideswipe-Same Direction","I-75","Dry","08:15:00","[""Unknown"",""Lap and Shoulder Belt Used""]","Cloudy",0,33.789813,-84.390811,"Atlanta","FULTON","[""Motor Vehicle in Motion"",""Motor Vehicle in Motion""]","Changed Lanes Improperly","[""Motor Vehicle in Motion"",""Motor Vehicle in Motion""]"
0,0,"Atlanta Police Department","2022-09-09","Lawshe St Sw and Beckwith St Sw","(O) No Injury","Daylight","On Roadway - In Crosswalk","Angle Crash","Lawshe St Sw","Dry","17:00:00","[""Unknown"",""Unknown""]","Clear",0,33.752131,-84.411235,"Atlanta","FULTON","[""Motor Vehicle in Motion"",""Motor Vehicle in Motion""]","Misjudged Clearance","[""Motor Vehicle in Motion"",""Motor Vehicle in Motion""]"
0,0,"Atlanta Police Department","2022-09-09","Piedmont Rd Ne and Sidney Marcus Blvd Ne","(O) No Injury","Daylight","On Roadway - Roadway Intersection","Rear End","Piedmont Rd Ne","Dry","16:30:00","[""Unknown"",""Unknown""]","Clear",0,33.825448,-84.367168,"Atlanta","FULTON","[""Motor Vehicle in Motion"",""Motor Vehicle in Motion""]","Following Too Close","[""Motor Vehicle in Motion"",""Motor Vehicle in Motion""]"
0,0,"Atlanta Police Department","2022-09-09","Hilliard St Se and Edgewood Ave Se","(C) Possible Injury / Complaint","Dark-Lighted","On Roadway - In Crosswalk","Not a Collision with Motor Vehicle","Hilliard St Se","Dry","20:00:00","[""None Used"",""None Used""]","Clear",0,33.75437,-84.376576,"Atlanta","FULTON","[""Motor Vehicle in Motion"",""Pedestrian""]","Failure to Yield","Motor Vehicle in Motion"
0,0,"Atlanta Police Department","2022-09-09","None and Boulevard Ne","(C) Possible Injury / Complaint","Daylight","On Roadway - Non-Intersection","Angle Crash","Boulevard Ne","Dry","16:14:00","[""Unknown"",""Unknown"",""Unknown""]","Clear",0,33.773468,-84.371015,"Atlanta","FULTON","[""Motor Vehicle in Motion"",""Motor Vehicle in Motion"",""Motor Vehicle in Motion""]","Not Visible (Object, Person, or Vehicle)","[""Motor Vehicle in Motion"",""Motor Vehicle in Motion"",""Motor Vehicle in Motion""]"
0,0,"Atlanta Police Department","2022-09-09","Western Ave Nw and Northside Dr Nw","(O) No Injury","Dark-Lighted","On Roadway - Roadway Intersection","Angle Crash","Northside Dr Nw","Dry","18:30:00","[""Unknown"",""Unknown""]","Clear",0,33.765013,-84.404044,"Atlanta","FULTON","[""Motor Vehicle in Motion"",""Motor Vehicle in Motion""]","Failure to Yield","[""Motor Vehicle in Motion"",""Motor Vehicle in Motion""]"
0,0,"Atlanta Police Department","2022-09-09","Peachtree Rd Ne and Peachtree Ave Ne","(O) No Injury","Daylight","On Roadway - Non-Intersection","Head On","Peachtree Rd Ne","Dry","18:00:00","[""Lap and Shoulder Belt Used"",""Lap and Shoulder Belt Used""]","Clear",0,33.834291,-84.382758,"Atlanta","FULTON","[""Motor Vehicle in Motion"",""Motor Vehicle in Motion""]",,"[""Motor Vehicle in Motion"",""Motor Vehicle in Motion""]"
0,0,"Atlanta Police Department","2022-09-09","North Ave Nw and I-75 Hov Lane","(O) No Injury","Daylight","On Roadway - Non-Intersection","Not a Collision with Motor Vehicle","North Ave Nw","Dry","11:40:00","[""Lap and Shoulder Belt Used"",""Lap and Shoulder Belt Used""]","Cloudy",0,33.771085,-84.390105,"Atlanta","FULTON","Motor Vehicle in Motion",,"Motor Vehicle in Motion"
0,0,"Atlanta Police Department","2022-09-09","Hill St Se and Sydney St Se","(O) No Injury","Daylight","On Roadway - Non-Intersection","Rear End","Sydney St Se","Dry","10:01:00","[""Lap and Shoulder Belt Used"",""Lap and Shoulder Belt Used""]","Clear",0,33.741224,-84.378957,"Atlanta","FULTON","[""Motor Vehicle in Motion"",""Motor Vehicle in Motion""]","Other Interior Distraction (Distracted)","[""Motor Vehicle in Motion"",""Motor Vehicle in Motion""]"
0,0,"Gsp Post 00","2022-09-09","I-75S and Northside Dr","(O) No Injury","Daylight","On Roadway - Non-Intersection","Sideswipe-Same Direction","I-75S","Wet","16:10:00","[""Lap and Shoulder Belt Used"",""Lap and Shoulder Belt Used""]","Cloudy",0,33.795399,-84.392436,"Atlanta","FULTON","[""Motor Vehicle in Motion"",""Motor Vehicle in Motion""]",,"[""Motor Vehicle in Motion"",""Motor Vehicle in Motion""]"
0,0,"Atlanta Police Department","2022-09-09","17Th St Ne and W Peachtree St Ne","(O) No Injury","Dark-Not Lighted","On Roadway - Roadway Intersection","Angle Crash","W Peachtree St Ne","Dry","20:30:00","[""Unknown"",""Unknown""]","Clear",0,33.791864,-84.387768,"Atlanta","FULTON","[""Motor Vehicle in Motion"",""Motor Vehicle in Motion""]",,"[""Motor Vehicle in Motion"",""Motor Vehicle in Motion""]"
0,0,"Atlanta Police Department","2022-09-09","Williams St Nw and Ivan Allen Jr Blvd Nw","(O) No Injury","Dark-Lighted","On Roadway - Roadway Intersection","Rear End","Williams St Nw","Dry","20:19:00","[""Unknown"",""Unknown""]","Clear",0,33.764674,-84.390349,"Atlanta","FULTON","[""Motor Vehicle in Motion"",""Motor Vehicle in Motion""]",,"[""Motor Vehicle in Motion"",""Motor Vehicle in Motion""]"
0,0,"Gsp Post 00","2022-09-09","I-20 West and Martin Luther King Jr. Dr.","(O) No Injury","Daylight","On Roadway - Non-Intersection","Sideswipe-Same Direction","I-20 West","Dry","14:43:00","[""Unknown"",""Lap and Shoulder Belt Used""]","Cloudy",0,33.750725,-84.444199,"Atlanta","FULTON","[""Motor Vehicle in Motion"",""Motor Vehicle in Motion""]",,"[""Motor Vehicle in Motion"",""Motor Vehicle in Motion""]"
0,0,"Atlanta Police Department","2022-09-09","Moreland Ave Ne and Ponce De Leon Ave Ne","(C) Possible Injury / Complaint","Daylight","On Roadway - Roadway Intersection","Rear End","Moreland Ave Ne","Dry","17:12:00","[""Unknown"",""Unknown"",""Unknown"",""Child Restraint System (Properly Used)"",""Unknown""]","Cloudy",0,33.773835,-84.349207,"Atlanta","FULTON","[""Motor Vehicle in Motion"",""Motor Vehicle in Motion"",""Motor Vehicle in Motion""]",,"[""Motor Vehicle in Motion"",""Motor Vehicle in Motion"",""Motor Vehicle in Motion""]"
0,0,"Atlanta Police Department","2022-09-10","None and Ga-400","(O) No Injury","Daylight","On Roadway - Non-Intersection","Rear End","Ga-400","Dry","17:30:00","[""Lap and Shoulder Belt Used"",""Lap and Shoulder Belt Used""]","Cloudy",0,33.844985,-84.364879,"Atlanta","FULTON","[""Motor Vehicle in Motion"",""Motor Vehicle in Motion""]","Following Too Close","[""Motor Vehicle in Motion"",""Motor Vehicle in Motion""]"
0,0,"Atlanta Police Department","2022-09-10","None and I-75 S","(O) No Injury","Daylight","On Roadway - Non-Intersection","Rear End","I-75 S","Dry","15:40:00","[""Lap and Shoulder Belt Used"",""Lap and Shoulder Belt Used""]","Cloudy",0,33.767957,-84.389961,"Atlanta","FULTON","[""Motor Vehicle in Motion"",""Motor Vehicle in Motion""]","Following Too Close","[""Motor Vehicle in Motion"",""Motor Vehicle in Motion""]"
0,0,"Atlanta Police Department","2022-09-10","Spring St Nw and North Ave Nw","(C) Possible Injury / Complaint","Dark-Lighted","On Roadway - Non-Intersection","Rear End","North Ave Nw","Dry","23:00:00","[""Unknown"",""Unknown"",""Unknown"",""Unknown""]","Clear",0,33.771238,-84.388375,"Atlanta","FULTON","[""Motor Vehicle in Motion"",""Motor Vehicle in Motion"",""Motor Vehicle in Motion""]","Following Too Close","[""Motor Vehicle in Motion"",""Motor Vehicle in Motion""]"
0,0,"Atlanta Police Department","2022-09-10","None and Moreland Ave Se","(O) No Injury","Daylight","Off Roadway - Sidewalk","Sideswipe-Same Direction","Moreland Ave Se","Dry","12:00:00","[""Lap and Shoulder Belt Used"",""Lap and Shoulder Belt Used""]","Clear",0,33.713808,-84.349527,"Atlanta","FULTON","[""Motor Vehicle in Motion"",""Motor Vehicle in Motion""]",,"[""Motor Vehicle in Motion"",""Motor Vehicle in Motion""]"
0,0,"Atlanta Police Department","2022-09-10","Commodore Dr Nw and Donald Lee Hollowell Pkwy Nw","(O) No Injury","Dark-Lighted","On Roadway - Roadway Intersection","Sideswipe-Same Direction","Donald Lee Hollowell Pkwy Nw","Water (standing or moving)","03:05:00","[""Unknown"",""Lap and Shoulder Belt Used""]","Other",0,33.776758,-84.459205,"Atlanta","FULTON","[""Motor Vehicle in Motion"",""Motor Vehicle in Motion""]","Changed Lanes Improperly","[""Motor Vehicle in Motion"",""Motor Vehicle in Motion""]"
0,0,"Atlanta Police Department","2022-09-10","None and I-75","(O) No Injury","Dark-Lighted","On Roadway - Non-Intersection","Rear End","I-75","Wet","20:13:00","[""Unknown"",""Unknown""]","Cloudy",0,33.777477,-84.390739,"Atlanta","FULTON","[""Motor Vehicle in Motion"",""Motor Vehicle in Motion""]","Following Too Close","[""Motor Vehicle in Motion"",""Motor Vehicle in Motion""]"
0,0,"Atlanta Police Department","2022-09-10","None and I-75","(O) No Injury","Daylight","On Roadway - Non-Intersection","Rear End","I-75","Dry","15:00:00","[""Lap and Shoulder Belt Used"",""Lap and Shoulder Belt Used"",""Lap and Shoulder Belt Used"",""Lap and Shoulder Belt Used""]","Cloudy",0,33.684827,-84.398889,"Atlanta","FULTON","[""Motor Vehicle in Motion"",""Motor Vehicle in Motion"",""Parked Motor Vehicle""]","Following Too Close","[""Motor Vehicle in Motion"",""Motor Vehicle in Motion"",""Parked Motor Vehicle""]"
0,0,"Atlanta Police Department","2022-09-10","Sunset Ave Nw and Cameron M Alexander Blvd Nw","(O) No Injury","Daylight","On Roadway - Roadway Intersection","Rear End","Sunset Ave Nw","Dry","12:00:00","[""Unknown"",""Unknown""]","Cloudy",0,33.768515,-84.409894,"Atlanta","FULTON","[""Motor Vehicle in Motion"",""Motor Vehicle in Motion""]","Following Too Close","[""Motor Vehicle in Motion"",""Motor Vehicle in Motion""]"
0,0,"Atlanta Police Department","2022-09-10","14Th St Nw and Northside Dr Nw","(C) Possible Injury / Complaint","Dark-Lighted","On Roadway - Roadway Intersection","Angle Crash","Northside Dr Nw","Dry","00:09:00","[""Lap and Shoulder Belt Used"",""Lap and Shoulder Belt Used"",""Lap and Shoulder Belt Used"",""Lap and Shoulder Belt Used"",""Lap and Shoulder Belt Used""]","Clear",0,33.786224,-84.407445,"Atlanta","FULTON","[""Motor Vehicle in Motion"",""Motor Vehicle in Motion"",""Motor Vehicle in Motion""]","[""Wrong Side of Road"",""Failure to Yield""]","[""Motor Vehicle in Motion"",""Motor Vehicle in Motion"",""Motor Vehicle in Motion""]"
0,0,"Atlanta Police Department","2022-09-10","None and I-20","(C) Possible Injury / Complaint","Dark-Lighted","On Roadway - Roadway Intersection","Rear End","I-20","Dry","20:55:00","[""Unknown"",""Unknown""]","Clear",0,33.744973,-84.426723,"Atlanta","FULTON","[""Other Non-Collision"",""Other Non-Collision""]","Following Too Close","[""Motor Vehicle in Motion"",""Other Non-Collision""]"
0,0,"Atlanta Police Department","2022-09-10","Lenox Rd Ne and Kingsboro Rd Ne","(O) No Injury","Dark-Lighted","On Roadway - Roadway Intersection","Sideswipe-Same Direction","Lenox Rd Ne","Dry","21:55:00","[""Unknown"",""Unknown""]","Cloudy",0,33.848848,-84.360779,"Atlanta","FULTON","[""Motor Vehicle in Motion"",""Motor Vehicle in Motion""]",,"[""Motor Vehicle in Motion"",""Motor Vehicle in Motion""]"
0,0,"Atlanta Police Department","2022-09-10","Northside Pkwy Nw and W Paces Ferry Rd Nw","(O) No Injury","Daylight","On Roadway - Non-Intersection","Sideswipe-Same Direction","Northside Pkwy Nw","Wet","18:00:00","[""Unknown"",""Unknown"",""Unknown""]","Rain",0,33.848985,-84.430013,"Atlanta","FULTON","[""Motor Vehicle in Motion"",""Motor Vehicle in Motion""]","Failure to Yield","[""Motor Vehicle in Motion"",""Motor Vehicle in Motion""]"
0,0,"Atlanta Police Department","2022-09-10","Brownlee Rd Sw and Boulder Park Dr Sw","(C) Possible Injury / Complaint","Dark-Lighted","On Roadway - Non-Intersection","Sideswipe-Opposite Direction","Brownlee Rd Sw","Dry","21:11:00","[""Lap and Shoulder Belt Used"",""Lap and Shoulder Belt Used""]","Cloudy",0,33.750269,-84.495513,"Atlanta","FULTON","[""Motor Vehicle in Motion"",""Motor Vehicle in Motion""]","Under the Influence (U.I.)","[""Motor Vehicle in Motion"",""Motor Vehicle in Motion""]"
0,0,"Atlanta Police Department","2022-09-10","Decatur St Se and Jesse Hill Jr Dr Se","(O) No Injury","Dark-Lighted","On Roadway - Non-Intersection","Rear End","Decatur St Se","Wet","21:24:00","[""Unknown"",""Unknown""]","Cloudy",0,33.7506,-84.384179,"Atlanta","FULTON","[""Motor Vehicle in Motion"",""Motor Vehicle in Motion""]","Following Too Close","[""Motor Vehicle in Motion"",""Motor Vehicle in Motion""]"
0,1,"Gsp Post 00","2022-09-10","Ormewood Ave and Boulvevard Se","(B) Suspected Minor/Visible Injury","Dark-Not Lighted","On Roadway - Non-Intersection","Rear End","Boulvevard Se","Wet","22:20:00","[""Unknown"",""Unknown"",""Unknown"",""Unknown"",""Lap and Shoulder Belt Used"",""Lap and Shoulder Belt Used"",""Lap and Shoulder Belt Used""]","Cloudy",0,33.73437,-84.368257,"Atlanta","FULTON","[""Motor Vehicle in Motion"",""Motor Vehicle in Motion"",""Motor Vehicle in Motion""]","[""Disregard Police - Evasion"",""Following Too Close""]","[""Over Turn"",""Motor Vehicle in Motion"",""Motor Vehicle in Motion""]"
1,0,"Atlanta Police Department","2022-09-10","None and I-85","(A) Suspected Serious Injury","Dusk","On Roadway - Non-Intersection","Rear End","I-85","Dry","19:30:00","[""Unknown"",""Unknown"",""Unknown"",""Unknown""]","Clear",0,33.800603,-84.38995,"Atlanta","FULTON","[""Motor Vehicle in Motion"",""Motor Vehicle in Motion"",""Motor Vehicle in Motion""]","Following Too Close","[""Motor Vehicle in Motion"",""Motor Vehicle in Motion"",""Motor Vehicle in Motion""]"
0,0,"South Fulton Police Department","2022-09-10","Cascade Pkwy and Cascade Rd Sw","(C) Possible Injury / Complaint","Daylight","On Roadway - Roadway Intersection","Not a Collision with Motor Vehicle","Cascade Rd Sw","Wet","17:24:00","Unknown","Rain",0,33.722982,-84.500747,"South Fulton","FULTON","Other Non-Collision",,"Other Non-Collision"
0,0,"Atlanta Police Department","2022-09-10","Early St Nw and W Paces Ferry Rd Nw","(O) No Injury","Daylight","On Roadway - Roadway Intersection","Angle Crash","W Paces Ferry Rd Nw","Wet","07:50:00","[""Lap and Shoulder Belt Used"",""Lap and Shoulder Belt Used""]","Rain",0,33.839584,-84.380546,"Atlanta","FULTON","[""Motor Vehicle in Motion"",""Motor Vehicle in Motion""]","Too Fast for Conditions","[""Motor Vehicle in Motion"",""Motor Vehicle in Motion""]"
0,0,"Atlanta Police Department","2022-09-10","I-285 S and Bolton Rd Nw","(O) No Injury","Daylight","On Roadway - Roadway Intersection","Rear End","Bolton Rd Nw","Wet","11:45:00","[""Lap and Shoulder Belt Used"",""Lap and Shoulder Belt Used"",""Unknown"",""Child Restraint System (Properly Used)"",""Unknown""]","Cloudy",0,33.799291,-84.488495,"Atlanta","FULTON","[""Motor Vehicle in Motion"",""Motor Vehicle in Motion""]","Following Too Close","[""Motor Vehicle in Motion"",""Motor Vehicle in Motion""]"
0,0,"Atlanta Police Department","2022-09-10","Macon Dr Se and Lakewood Ave Sw","(O) No Injury","Dark-Lighted","On Roadway - Driveway Intersection","Angle Crash","Lakewood Ave Sw","Water (standing or moving)","06:23:00","[""Lap and Shoulder Belt Used"",""Lap and Shoulder Belt Used""]","Rain",0,33.699364,-84.392084,"Atlanta","FULTON","[""Motor Vehicle in Motion"",""Motor Vehicle in Motion""]","Improper Turn","[""Motor Vehicle in Motion"",""Motor Vehicle in Motion""]"
0,0,"Atlanta Police Department","2022-09-10","Deering Rd Nw and Deering Rd Nw Exit 251","(O) No Injury","Daylight","On Roadway - Non-Intersection","Rear End","Deering Rd Nw Exit 251","Water (standing or moving)","18:50:00","[""Unknown"",""Unknown""]","Cloudy",0,33.797431,-84.395383,"Atlanta","FULTON","[""Motor Vehicle in Motion"",""Motor Vehicle in Motion""]","Following Too Close","[""Motor Vehicle in Motion"",""Motor Vehicle in Motion""]"
0,0,"Atlanta Police Department","2022-09-10","I-75 and Exit 249C","(O) No Injury","Daylight","On Roadway - Non-Intersection","Rear End","I-75","Water (standing or moving)","18:02:00","[""Unknown"",""Unknown""]","Rain",0,33.769453,-84.390579,"Atlanta","FULTON","[""Motor Vehicle in Motion"",""Motor Vehicle in Motion""]","Following Too Close","[""Motor Vehicle in Motion"",""Motor Vehicle in Motion""]"
0,0,"Atlanta Police Department","2022-09-10","Oak St Nw and Donald Lee Hollowell Pkwy Nw","(O) No Injury","Daylight","On Roadway - Roadway Intersection","Sideswipe-Same Direction","Donald Lee Hollowell Pkwy Nw","Wet","12:00:00","[""Unknown"",""Unknown""]","Rain",0,33.777286,-84.462777,"Atlanta","FULTON","[""Motor Vehicle in Motion"",""Motor Vehicle in Motion""]",,"[""Motor Vehicle in Motion"",""Motor Vehicle in Motion""]"
0,0,"Atlanta Police Department","2022-09-10","None and I-20","(O) No Injury","Daylight","On Roadway - Non-Intersection","Rear End","I-20","Wet","19:00:00","[""Unknown"",""Unknown"",""Unknown"",""Unknown""]","Cloudy",0,33.765809,-84.507034,"Atlanta","FULTON","[""Motor Vehicle in Motion"",""Motor Vehicle in Motion"",""Motor Vehicle in Motion""]","Following Too Close","[""Motor Vehicle in Motion"",""Motor Vehicle in Motion"",""Motor Vehicle in Motion""]"
0,0,"Atlanta Police Department","2022-09-10","I-75 N and Martin Luther King Jr Dr Se","(O) No Injury","Dark-Lighted","On Roadway - Non-Intersection","Rear End","I-75 N","Dry","20:18:00","[""Unknown"",""Unknown"",""Child Restraint System (Properly Used)""]","Clear",0,33.748272,-84.384814,"Atlanta","FULTON","[""Motor Vehicle in Motion"",""Motor Vehicle in Motion""]","Following Too Close","[""Motor Vehicle in Motion"",""Motor Vehicle in Motion""]"
0,0,"Atlanta Police Department","2022-09-10","Wilson Dr Sw and Delowe Dr Sw","(C) Possible Injury / Complaint","Daylight","On Roadway - Non-Intersection","Angle Crash","Delowe Dr Sw","Wet","10:20:00","[""Lap and Shoulder Belt Used"",""Lap and Shoulder Belt Used""]","Rain",0,33.713973,-84.463785,"Atlanta","FULTON","[""Motor Vehicle in Motion"",""Motor Vehicle in Motion""]",,"[""Motor Vehicle in Motion"",""Motor Vehicle in Motion""]"
0,1,"Atlanta Police Department","2022-09-10","Marietta St Nw and Park Avenue West Nw","(B) Suspected Minor/Visible Injury","Dark-Lighted","On Roadway - Roadway Intersection","Not a Collision with Motor Vehicle","Park Avenue West Nw","Dry","22:30:00","[""Lap and Shoulder Belt Used"",""Non-Motorist Lighting""]","Cloudy",0,33.760132,-84.394865,"Atlanta","FULTON","[""Motor Vehicle in Motion"",""Motor Vehicle in Motion""]","Disregard Stop Sign/Signal","Motor Vehicle in Motion"
0,0,"Atlanta Police Department","2022-09-10","I-85 N and Metropolitan Pkwy Sw","(O) No Injury","Daylight","Off Roadway","Not a Collision with Motor Vehicle","Metropolitan Pkwy Sw","Water (standing or moving)","09:50:00","Lap and Shoulder Belt Used","Rain",0,33.684029,-84.407885,"Atlanta","FULTON","Other Non-Collision","Driver Lost Control","Utility Pole"
0,0,"Atlanta Police Department","2022-09-10","Peachtree Rd Ne and W Shadowlawn Ave Ne","(O) No Injury","Dark-Lighted","On Roadway - Roadway Intersection","Sideswipe-Same Direction","Peachtree Rd Ne","Dry","20:40:00","[""Unknown"",""Unknown"",""Unknown""]","Clear",0,33.841853,-84.374235,"Atlanta","FULTON","[""Motor Vehicle in Motion"",""Motor Vehicle in Motion""]","Changed Lanes Improperly","[""Motor Vehicle in Motion"",""Motor Vehicle in Motion""]"
0,0,"Atlanta Police Department","2022-09-10","None and I-20","(O) No Injury","Dark-Lighted","On Roadway - Non-Intersection","Rear End","I-20","Dry","20:20:00","[""Unknown"",""Unknown"",""Unknown""]","Clear",0,33.744862,-84.389943,"Atlanta","FULTON","[""Motor Vehicle in Motion"",""Motor Vehicle in Motion"",""Motor Vehicle in Motion""]","[""Aggressive Driving"",""Aggressive Driving""]","[""Motor Vehicle in Motion"",""Motor Vehicle in Motion"",""Motor Vehicle in Motion""]"
0,0,"Atlanta Police Department","2022-09-10","Exit 56B and Windsor St Sw","(C) Possible Injury / Complaint","Daylight","On Roadway - Roadway Intersection","Angle Crash","Exit 56B","Dry","17:05:00","[""Lap and Shoulder Belt Used"",""Unknown"",""Unknown"",""Unknown""]","Clear",0,33.744472,-84.398165,"Atlanta","FULTON","[""Motor Vehicle in Motion"",""Motor Vehicle in Motion""]","Disregard Stop Sign/Signal","[""Motor Vehicle in Motion"",""Motor Vehicle in Motion""]"