"# Serious Injuries","# Visible Injuries","Agency Name (Crash Level) ","Date","Intersection Name (from Crash Report)","KABCO Severity","Light Conditions (Crash Level)","Location at Impact (Crash Level) ","Manner of Collision (Crash Level) ","Roadway (From Crash Report)","Surface Condition (Crash Level) ","Time","Safety Equipment (Crash Level) ","Weather Conditions (Crash Level)","# of Fatalities per Crash","Latitude","Longitude","Geolocated City","Geolocated County","First Harmful Event (Unit Order)","Operator/Pedestrian Contrib Factor (excl None, Other, No Contrib Factors)","Most Harmful Event (Crash Level)"
0,0,"Atlanta Police Department","2022-09-10","I-75 and I-75 N","(O) No Injury","Daylight","On Roadway - Non-Intersection","Not a Collision with Motor Vehicle","I-75","Water (standing or moving)","09:00:00","[""Unknown"",""Unknown""]","Cloudy",0,33.767808,-84.389033,"Atlanta","FULTON","Motor Vehicle in Motion","Too Fast for Conditions","Motor Vehicle in Motion"
0,0,"Atlanta Police Department","2022-09-10","Manchester St Ne and Cheshire Bridge Rd Ne","(O) No Injury","Dark-Lighted","On Roadway - Non-Intersection","Sideswipe-Same Direction","Cheshire Bridge Rd Ne","Dry","21:50:00","[""Lap and Shoulder Belt Used"",""Lap and Shoulder Belt Used""]","Clear",0,33.808695,-84.363585,"Atlanta","FULTON","[""Motor Vehicle in Motion"",""Motor Vehicle in Motion""]",,"[""Motor Vehicle in Motion"",""Motor Vehicle in Motion""]"
0,0,"Atlanta Police Department","2022-09-10","17Th St Nw and Northside Dr Nw","(O) No Injury","Daylight","On Roadway - Non-Intersection","Rear End","17Th St Nw","Dry","15:00:00","[""Shoulder Belt Only Used"",""Shoulder Belt Only Used"",""Shoulder Belt Only Used"",""Shoulder Belt Only Used""]","Cloudy",0,33.791285,-84.407834,"Atlanta","FULTON","[""Motor Vehicle in Motion"",""Motor Vehicle in Motion""]","Following Too Close","[""Motor Vehicle in Motion"",""Motor Vehicle in Motion""]"
0,0,"Atlanta Police Department","2022-09-10","North Ave Ne and Somerset Ter Ne","(O) No Injury","Daylight","On Roadway - Driveway Intersection","Angle Crash","North Ave Ne","Wet","18:00:00","[""Lap and Shoulder Belt Used"",""Lap and Shoulder Belt Used""]","Rain",0,33.771134,-84.363065,"Atlanta","FULTON","[""Motor Vehicle in Motion"",""Motor Vehicle in Motion""]","Failure to Yield","[""Motor Vehicle in Motion"",""Motor Vehicle in Motion""]"
0,0,"Atlanta Police Department","2022-09-10","Bruce Cir Se and Custer Ave Se","(O) No Injury","Daylight","On Roadway - Roadway Intersection","Angle Crash","Bruce Cir Se","Water (standing or moving)","17:03:00","[""Unknown"",""Unknown""]","Clear",0,33.716706,-84.355523,"Atlanta","FULTON","[""Motor Vehicle in Motion"",""Motor Vehicle in Motion""]","Failure to Yield","Motor Vehicle in Motion"
0,0,"Atlanta Police Department","2022-09-10","I-85 and Ga-400 S","(O) No Injury","Dark-Lighted","On Roadway - Non-Intersection","Sideswipe-Same Direction","I-85","Wet","23:30:00","[""Unknown"",""Unknown""]","Cloudy",0,33.819658,-84.361547,"Atlanta","FULTON","[""Motor Vehicle in Motion"",""Motor Vehicle in Motion""]","Changed Lanes Improperly","[""Motor Vehicle in Motion"",""Motor Vehicle in Motion""]"
0,0,"Atlanta Police Department","2022-09-10","Baker St Nw and Ted Turner Dr Nw","(C) Possible Injury / Complaint","Dark-Lighted","On Roadway - Roadway Intersection","Sideswipe-Opposite Direction","Ted Turner Dr Nw","Other","19:30:00","[""Unknown"",""Unknown"",""Unknown""]","Other",0,33.762245,-84.389015,"Atlanta","FULTON","[""Motor Vehicle in Motion"",""Motor Vehicle in Motion""]","Vision Obscured","[""Motor Vehicle in Motion"",""Motor Vehicle in Motion""]"
0,0,"Atlanta Police Department","2022-09-10","Moores Mill Rd Nw and W Paces Ferry Rd Nw","(O) No Injury","Daylight","On Roadway - Non-Intersection","Rear End","Moores Mill Rd Nw","Dry","12:08:00","[""Lap and Shoulder Belt Used"",""Lap and Shoulder Belt Used""]","Cloudy",0,33.845568,-84.40469,"Atlanta","FULTON","[""Motor Vehicle in Motion"",""Motor Vehicle in Motion""]","Following Too Close","[""Motor Vehicle in Motion"",""Motor Vehicle in Motion""]"
0,0,"Atlanta Police Department","2022-09-10","North Ave Ne and Glen Iris Dr Ne","(O) No Injury","Dark-Lighted","On Roadway - Non-Intersection","Sideswipe-Same Direction","North Ave Ne","Water (standing or moving)","23:45:00","Unknown","Clear",0,33.77113,-84.367619,"Atlanta","FULTON","[""Motor Vehicle in Motion"",""Motor Vehicle in Motion""]",,"Motor Vehicle in Motion"
0,0,"Atlanta Police Department","2022-09-10","None and I-85 Hov Lane","(O) No Injury","Daylight","Entrance/Exit Ramp","Angle Crash","I-85 Hov Lane","Water (standing or moving)","08:45:00","[""Unknown"",""Unknown""]","Rain",0,33.822951,-84.357728,"Atlanta","FULTON","[""Motor Vehicle in Motion"",""Motor Vehicle in Motion""]","Driver Lost Control","[""Motor Vehicle in Motion"",""Motor Vehicle in Motion""]"
0,0,"Atlanta Police Department","2022-09-10","Frederica St Ne and Greenwood Ave Ne","(O) No Injury","Daylight","On Roadway - Driveway Intersection","Sideswipe-Same Direction","Greenwood Ave Ne","Dry","16:17:00","Unknown","Cloudy",0,33.776701,-84.354236,"Atlanta","FULTON","[""Parked Motor Vehicle"",""Motor Vehicle in Motion""]",,"Motor Vehicle in Motion"
0,0,"Atlanta Police Department","2022-09-10","None and I-20","(O) No Injury","Daylight","On Roadway - Non-Intersection","Not a Collision with Motor Vehicle","I-20","Wet","09:00:00","Unknown","Rain",0,33.74292,-84.402891,"Atlanta","FULTON","Other Non-Collision","[""Changed Lanes Improperly"",""Too Fast for Conditions""]","Tree"
0,0,"Atlanta Police Department","2022-09-10","Rockwell St Sw and Mcdaniel St Sw","(O) No Injury","Daylight","On Roadway - Driveway Intersection","Angle Crash","Mcdaniel St Sw","Wet","18:30:00","[""Unknown"",""Child Restraint System (Properly Used)"",""Unknown""]","Rain",0,33.732422,-84.401702,"Atlanta","FULTON","[""Motor Vehicle in Motion"",""Motor Vehicle in Motion""]","Improper Backing","[""Motor Vehicle in Motion"",""Motor Vehicle in Motion""]"
0,0,"Atlanta Police Department","2022-09-10","None and Exit 51A Exit 10A Rp","(C) Possible Injury / Complaint","Dark-Lighted","Off Roadway","Not a Collision with Motor Vehicle","Exit 51A Exit 10A Rp","Water (standing or moving)","01:15:00","[""Lap and Shoulder Belt Used"",""Lap and Shoulder Belt Used""]","Rain",0,33.760629,-84.484537,"Atlanta","FULTON","Other Non-Collision","Too Fast for Conditions","Ditch"
0,0,"Atlanta Police Department","2022-09-10","I-75 and Exit 242","(O) No Injury","Dark-Lighted","On Shoulder","Not a Collision with Motor Vehicle","I-75","Water (standing or moving)","02:18:00","Lap and Shoulder Belt Used","Rain",0,33.693534,-84.403967,"Atlanta","FULTON","Motor Vehicle in Motion","Too Fast for Conditions","Motor Vehicle in Motion"
0,0,"Gsp Post 00","2022-09-10","Gilmer Ave Se and Piedmont Ave Se","(O) No Injury","Dark-Not Lighted","On Roadway - Non-Intersection","Angle Crash","Piedmont Ave Se","Wet","23:26:00","[""Unknown"",""Unknown"",""Lap and Shoulder Belt Used""]","Cloudy",0,33.752037,-84.38335,"Atlanta","FULTON","[""Motor Vehicle in Motion"",""Motor Vehicle in Motion""]","Disregard Police - Evasion","[""Motor Vehicle in Motion"",""Motor Vehicle in Motion""]"
0,0,"Atlanta Police Department","2022-09-10","None and Northside Dr Nw","(O) No Injury","Daylight","On Roadway - Roadway Intersection","Angle Crash","Northside Dr Nw","Dry","20:00:00","[""Lap and Shoulder Belt Used"",""Lap and Shoulder Belt Used""]","Clear",0,33.760327,-84.402755,"Atlanta","FULTON","[""Motor Vehicle in Motion"",""Motor Vehicle in Motion""]",,"[""Motor Vehicle in Motion"",""Motor Vehicle in Motion""]"
0,1,"Atlanta Police Department","2022-09-10","None and I-20","(B) Suspected Minor/Visible Injury","Daylight","On Roadway - Non-Intersection","Rear End","I-20","Dry","14:11:00","[""Unknown"",""Unknown"",""Unknown"",""Unknown"",""Unknown""]","Clear",0,33.743445,-84.375895,"Atlanta","FULTON","[""Motor Vehicle in Motion"",""Motor Vehicle in Motion"",""Motor Vehicle in Motion"",""Motor Vehicle in Motion"",""Motor Vehicle in Motion""]","[""Following Too Close"",""Following Too Close""]","[""Motor Vehicle in Motion"",""Motor Vehicle in Motion"",""Motor Vehicle in Motion"",""Motor Vehicle in Motion"",""Motor Vehicle in Motion""]"
0,0,"Atlanta Police Department","2022-09-10","Piedmont Ave Ne and N Rock Springs Rd Ne","(O) No Injury","Daylight","On Roadway - Driveway Intersection","Angle Crash","Piedmont Ave Ne","Water (standing or moving)","10:27:00","[""Unknown"",""Unknown""]","Rain",0,33.805101,-84.367444,"Atlanta","FULTON","[""Motor Vehicle in Motion"",""Parked Motor Vehicle""]","Failure to Yield","[""Motor Vehicle in Motion"",""Parked Motor Vehicle""]"
0,0,"Atlanta Police Department","2022-09-10","None and I-85 Exit 76 Rp","(O) No Injury","Daylight","On Roadway - Managed Lane (HOV, HOT, Reversible)","Sideswipe-Same Direction","I-85 Exit 76 Rp","Wet","09:35:00","[""Unknown"",""Lap and Shoulder Belt Used"",""Lap and Shoulder Belt Used"",""Lap and Shoulder Belt Used"",""Lap and Shoulder Belt Used""]","Rain",0,33.683407,-84.410354,"Atlanta","FULTON","[""Motor Vehicle in Motion"",""Motor Vehicle in Motion"",""Motor Vehicle in Motion""]","Changed Lanes Improperly","[""Motor Vehicle in Motion"",""Motor Vehicle in Motion"",""Motor Vehicle in Motion""]"
0,0,"Atlanta Police Department","2022-09-10","Grant St Se and Pavillion St Se","(C) Possible Injury / Complaint","Daylight","On Shoulder","Rear End","Pavillion St Se","Water (standing or moving)","10:00:00","[""Unknown"",""Unknown"",""Unknown""]","Rain",0,33.735671,-84.376926,"Atlanta","FULTON","[""Motor Vehicle in Motion"",""Motor Vehicle in Motion""]","Following Too Close","[""Motor Vehicle in Motion"",""Motor Vehicle in Motion""]"
0,0,"Atlanta Police Department","2022-09-10","I-285 and Bolton Rd Nw","(O) No Injury","Daylight","On Roadway - Non-Intersection","Sideswipe-Same Direction","I-285","Water (standing or moving)","15:35:00","[""Unknown"",""Lap and Shoulder Belt Used""]","Cloudy",0,33.799455,-84.488274,"Atlanta","FULTON","[""Motor Vehicle in Motion"",""Motor Vehicle in Motion""]","Changed Lanes Improperly","[""Motor Vehicle in Motion"",""Motor Vehicle in Motion""]"
0,0,"Atlanta Police Department","2022-09-10","None and I-85","(O) No Injury","Dark-Lighted","On Roadway - Non-Intersection","Not a Collision with Motor Vehicle","I-85","Dry","20:13:00","Lap and Shoulder Belt Used","Cloudy",0,33.684179,-84.408278,"Atlanta","FULTON","Other Non-Collision","Driver Lost Control","Median Barrier"
0,0,"Atlanta Police Department","2022-09-10","None and Fair St Sw","(O) No Injury","Dark-Lighted","On Roadway - Roadway Intersection","Rear End","Fair St Sw","Dry","21:00:00","[""Unknown"",""Unknown""]","Other",0,33.748916,-84.404531,"Atlanta","FULTON","[""Motor Vehicle in Motion"",""Motor Vehicle in Motion""]",,"[""Motor Vehicle in Motion"",""Motor Vehicle in Motion""]"
0,0,"Atlanta Police Department","2022-09-10","None and Forrest Hills Dr Sw","(O) No Injury","Daylight","On Roadway - Non-Intersection","Angle Crash","Forrest Hills Dr Sw","Water (standing or moving)","17:24:00","[""Lap and Shoulder Belt Used"",""Lap and Shoulder Belt Used"",""Lap and Shoulder Belt Used""]","Cloudy",0,33.678335,-84.399318,"Atlanta","FULTON","[""Motor Vehicle in Motion"",""Motor Vehicle in Motion""]","[""Failure to Yield"",""Misjudged Clearance""]","[""Motor Vehicle in Motion"",""Motor Vehicle in Motion""]"
0,0,"Atlanta Police Department","2022-09-10","I-75 S and Langford Pkwy","(O) No Injury","Daylight","On Roadway - Non-Intersection","Rear End","Langford Pkwy","Dry","12:48:00","[""Unknown"",""Unknown"",""Unknown""]","Cloudy",0,33.696865,-84.405353,"Atlanta","FULTON","[""Motor Vehicle in Motion"",""Motor Vehicle in Motion"",""Motor Vehicle in Motion""]","[""Following Too Close"",""Following Too Close""]","[""Motor Vehicle in Motion"",""Motor Vehicle in Motion"",""Motor Vehicle in Motion""]"
0,0,"Atlanta Police Department","2022-09-10","None and I-20","(O) No Injury","Daylight","Median","Not a Collision with Motor Vehicle","I-20","Wet","18:30:00","Lap and Shoulder Belt Used","Rain",0,33.748565,-84.441425,"Atlanta","FULTON","Median Barrier","Reaction to Object or Animal","Median Barrier"
0,0,"Atlanta Police Department","2022-09-10","I-75 and Exit 249C","(O) No Injury","Dark-Lighted","On Roadway - Non-Intersection","Sideswipe-Same Direction","I-75","Wet","06:30:00","[""Unknown"",""Lap and Shoulder Belt Used""]","Rain",0,33.769472,-84.390581,"Atlanta","FULTON","[""Motor Vehicle in Motion"",""Motor Vehicle in Motion""]",,"[""Motor Vehicle in Motion"",""Motor Vehicle in Motion""]"
0,0,"Atlanta Police Department","2022-09-10","Edgewood Ave Se and Peachtree Center Ave Ne","(O) No Injury","Daylight","On Roadway - Non-Intersection","Rear End","Peachtree Center Ave Ne","Wet","09:54:00","[""Unknown"",""Unknown""]","Rain",0,33.754994,-84.386138,"Atlanta","FULTON","[""Motor Vehicle in Motion"",""Motor Vehicle in Motion""]","[""Following Too Close"",""Changed Lanes Improperly""]","[""Motor Vehicle in Motion"",""Motor Vehicle in Motion""]"
0,0,"Atlanta Police Department","2022-09-10","None and I-85","(O) No Injury","Daylight","Median","Not a Collision with Motor Vehicle","I-85","Wet","08:20:00","Lap and Shoulder Belt Used","Rain",0,33.682627,-84.411081,"Atlanta","FULTON","Median Barrier","Too Fast for Conditions","Median Barrier"
0,0,"Atlanta Police Department","2022-09-10","None and Macon Dr Sw","(O) No Injury","Daylight","Off Roadway","Head On","Macon Dr Sw","Wet","19:00:00","[""Lap and Shoulder Belt Used"",""Lap and Shoulder Belt Used""]","Clear",0,33.69656,-84.389344,"Atlanta","FULTON","[""Motor Vehicle in Motion"",""Parked Motor Vehicle"",""Parked Motor Vehicle""]","Following Too Close","[""Motor Vehicle in Motion"",""Parked Motor Vehicle"",""Parked Motor Vehicle""]"
0,0,"Atlanta Police Department","2022-09-10","Lindbergh Dr Ne and Cheshire Bridge Rd Ne","(O) No Injury","Daylight","On Roadway - Non-Intersection","Rear End","Lindbergh Dr Ne","Dry","16:00:00","[""Lap and Shoulder Belt Used"",""Lap and Shoulder Belt Used""]","Cloudy",0,33.818475,-84.351782,"Atlanta","FULTON","[""Motor Vehicle in Motion"",""Motor Vehicle in Motion""]","Following Too Close","[""Motor Vehicle in Motion"",""Motor Vehicle in Motion""]"
0,0,"Atlanta Police Department","2022-09-10","Citylane Ave Ne and Central Park Pl Ne","(C) Possible Injury / Complaint","Daylight","On Roadway - Roadway Intersection","Head On","Central Park Pl Ne","Dry","13:52:00","[""Lap and Shoulder Belt Used"",""Lap and Shoulder Belt Used"",""Lap and Shoulder Belt Used"",""Lap and Shoulder Belt Used""]","Cloudy",0,33.76993,-84.377736,"Atlanta","FULTON","[""Motor Vehicle in Motion"",""Motor Vehicle in Motion""]","Failure to Yield","[""Motor Vehicle in Motion"",""Motor Vehicle in Motion""]"
0,0,"Atlanta Police Department","2022-09-10","None and Joseph E Boone Blvd Nw","(O) No Injury","Daylight","On Roadway - Roadway Intersection","Sideswipe-Same Direction","Joseph E Boone Blvd Nw","Dry","14:00:00","[""Unknown"",""Unknown"",""Unknown""]","Clear",0,33.763474,-84.461568,"Atlanta","FULTON","[""Motor Vehicle in Motion"",""Motor Vehicle in Motion""]","Improper Passing","[""Motor Vehicle in Motion"",""Motor Vehicle in Motion""]"
0,0,"Atlanta Police Department","2022-09-10","None and Boulevard Ne","(O) No Injury","Daylight","On Roadway - Non-Intersection","Angle Crash","Boulevard Ne","Wet","13:53:00","[""Lap and Shoulder Belt Used"",""Lap and Shoulder Belt Used""]","Clear",0,33.773225,-84.3711,"Atlanta","FULTON","[""Motor Vehicle in Motion"",""Motor Vehicle in Motion""]","Failure to Yield","[""Motor Vehicle in Motion"",""Motor Vehicle in Motion""]"
0,0,"Atlanta Police Department","2022-09-10","W Lake Ave Nw and Calloway Dr Nw","(O) No Injury","Daylight","On Roadway - Driveway Intersection","Angle Crash","W Lake Ave Nw","Wet","11:42:00","[""Lap and Shoulder Belt Used"",""Lap and Shoulder Belt Used"",""Lap and Shoulder Belt Used""]","Cloudy",0,33.758026,-84.444238,"Atlanta","FULTON","[""Motor Vehicle in Motion"",""Motor Vehicle in Motion""]","Improper Backing","[""Motor Vehicle in Motion"",""Motor Vehicle in Motion""]"
0,0,"Atlanta Police Department","2022-09-10","None and Path400","(O) No Injury","Daylight","On Roadway - Non-Intersection","Sideswipe-Opposite Direction","Path400","Dry","15:00:00","Lap and Shoulder Belt Used","Cloudy",0,33.859072,-84.369212,"Atlanta","FULTON","[""Motor Vehicle in Motion"",""Motor Vehicle in Motion""]","Following Too Close","[""Parked Motor Vehicle"",""Motor Vehicle in Motion""]"
0,0,"Atlanta Police Department","2022-09-10","Marietta St Nw and Park Avenue West Nw","(O) No Injury","Daylight","On Roadway - Non-Intersection","Head On","Marietta St Nw","Other","18:30:00","[""Unknown"",""Unknown""]","Other",0,33.760189,-84.394984,"Atlanta","FULTON","[""Motor Vehicle in Motion"",""Motor Vehicle in Motion""]",,"[""Motor Vehicle in Motion"",""Motor Vehicle in Motion""]"
0,0,"Atlanta Police Department","2022-09-10","I-20 and Windsor St Sw","(C) Possible Injury / Complaint","Dark-Not Lighted","On Roadway - Non-Intersection","Rear End","I-20","Wet","01:35:00","[""Unknown"",""Unknown"",""Unknown"",""Unknown""]","Rain",0,33.744942,-84.398336,"Atlanta","FULTON","[""Motor Vehicle in Motion"",""Motor Vehicle in Motion"",""Motor Vehicle in Motion""]","Not Visible (Object, Person, or Vehicle)","[""Motor Vehicle in Motion"",""Motor Vehicle in Motion"",""Motor Vehicle in Motion""]"
0,0,"Atlanta Police Department","2022-09-10","Huber St Nw and Chattahoochee Ave Nw","(O) No Injury","Daylight","On Roadway - Roadway Intersection","Rear End","Chattahoochee Ave Nw","Wet","11:50:00","[""Lap and Shoulder Belt Used"",""Lap and Shoulder Belt Used"",""Lap and Shoulder Belt Used""]","Cloudy",0,33.801012,-84.424815,"Atlanta","FULTON","[""Motor Vehicle in Motion"",""Motor Vehicle in Motion""]","Following Too Close","[""Motor Vehicle in Motion"",""Motor Vehicle in Motion""]"
0,0,"Atlanta Police Department","2022-09-10","Fort St Ne and Edgewood Ave Se","(O) No Injury","Dark-Not Lighted","On Roadway - Non-Intersection","Rear End","Fort St Ne","Dry","00:38:00","[""Unknown"",""Unknown""]","Clear",0,33.754368,-84.377968,"Atlanta","FULTON","[""Motor Vehicle in Motion"",""Motor Vehicle in Motion""]",,"Motor Vehicle in Motion"
0,0,"Atlanta Police Department","2022-09-10","None and I-75","(O) No Injury","Daylight","On Roadway - Non-Intersection","Rear End","I-75","Wet","18:00:00","[""Unknown"",""Unknown""]","Rain",0,33.729188,-84.392761,"Atlanta","FULTON","[""Motor Vehicle in Motion"",""Motor Vehicle in Motion""]","Too Fast for Conditions","[""Motor Vehicle in Motion"",""Motor Vehicle in Motion""]"
1,0,"Atlanta Police Department","2022-09-10","Hardee St Ne and Moreland Ave Ne","(A) Suspected Serious Injury","Dark-Lighted","On Roadway - Roadway Intersection","Rear End","Moreland Ave Ne","Water (standing or moving)","03:00:00","[""Motorcycle Helmet"",""Lap and Shoulder Belt Used""]","Rain",0,33.755215,-84.34919,"Atlanta","FULTON","[""Motor Vehicle in Motion"",""Motor Vehicle in Motion""]","Too Fast for Conditions","[""Motor Vehicle in Motion"",""Motor Vehicle in Motion""]"
0,0,"Atlanta Police Department","2022-09-10","None and I-75","(O) No Injury","Dark-Lighted","On Roadway - Non-Intersection","Angle Crash","I-75","Water (standing or moving)","20:10:00","[""Unknown"",""Unknown""]","Cloudy",0,33.771781,-84.390421,"Atlanta","FULTON","[""Motor Vehicle in Motion"",""Motor Vehicle in Motion""]","Changed Lanes Improperly","[""Motor Vehicle in Motion"",""Motor Vehicle in Motion""]"
0,0,"Atlanta Police Department","2022-09-10","17Th St Nw and Market St Nw","(O) No Injury","Daylight","On Roadway - Roadway Intersection","Sideswipe-Same Direction","Market St Nw","Water (standing or moving)","19:19:00","[""Unknown"",""Unknown"",""Unknown""]","Cloudy",0,33.791242,-84.395105,"Atlanta","FULTON","[""Motor Vehicle in Motion"",""Motor Vehicle in Motion""]",,"Motor Vehicle in Motion"
0,0,"Atlanta Police Department","2022-09-10","None and I-75 Hov Lane","(C) Possible Injury / Complaint","Dark-Lighted","On Roadway - Non-Intersection","Sideswipe-Same Direction","I-75 Hov Lane","Water (standing or moving)","01:20:00","[""Unknown"",""Lap and Shoulder Belt Used""]","Cloudy",0,33.768153,-84.389344,"Atlanta","FULTON","[""Motor Vehicle in Motion"",""Motor Vehicle in Motion""]","Changed Lanes Improperly","[""Motor Vehicle in Motion"",""Motor Vehicle in Motion""]"
0,0,"Gsp Post 00","2022-09-10","Gilmer Ave Se and Jesse Hill Jr Dr Se","(C) Possible Injury / Complaint","Dark-Not Lighted","On Roadway - Non-Intersection","Angle Crash","Gilmer Ave Se","Wet","23:26:00","[""Unknown"",""Unknown"",""Lap and Shoulder Belt Used""]","Cloudy",0,33.751975,-84.383265,"Atlanta","FULTON","[""Motor Vehicle in Motion"",""Motor Vehicle in Motion""]","Disregard Police - Evasion","[""Motor Vehicle in Motion"",""Motor Vehicle in Motion""]"
0,0,"Atlanta Police Department","2022-09-10","None and I-75","(O) No Injury","Daylight","On Roadway - Non-Intersection","Rear End","I-75","Dry","12:00:00","[""Lap and Shoulder Belt Used"",""Lap and Shoulder Belt Used"",""Lap and Shoulder Belt Used""]","Cloudy",0,33.791592,-84.392156,"Atlanta","FULTON","[""Motor Vehicle in Motion"",""Motor Vehicle in Motion""]","Following Too Close","[""Motor Vehicle in Motion"",""Motor Vehicle in Motion""]"
0,0,"Atlanta Police Department","2022-09-10","16Th St Nw and I-75-85 Sb Expy Nw","(O) No Injury","Daylight","On Roadway - Non-Intersection","Angle Crash","I-75-85 Sb Expy Nw","Water (standing or moving)","11:10:00","[""Lap and Shoulder Belt Used"",""Lap and Shoulder Belt Used""]","Cloudy",0,33.745775,-84.388834,"Atlanta","FULTON","[""Motor Vehicle in Motion"",""Motor Vehicle in Motion""]","Changed Lanes Improperly","[""Motor Vehicle in Motion"",""Motor Vehicle in Motion""]"
0,0,"Atlanta Police Department","2022-09-10","Central Ave Sw and Ralph David Abernathy Blvd Sw","(O) No Injury","Daylight","On Roadway - Driveway Intersection","Rear End","Ralph David Abernathy Blvd Sw","Water (standing or moving)","11:20:00","[""Lap and Shoulder Belt Used"",""Lap and Shoulder Belt Used""]","Rain",0,33.736836,-84.393699,"Atlanta","FULTON","[""Motor Vehicle in Motion"",""Motor Vehicle in Motion""]","Following Too Close","[""Motor Vehicle in Motion"",""Motor Vehicle in Motion""]"
0,0,"Atlanta Police Department","2022-09-10","Sandcove Ct Sw and Sandlake Dr Sw","(O) No Injury","Dark-Lighted","Off Roadway","Not a Collision with Motor Vehicle","Sandlake Dr Sw","Dry","08:00:00","Lap and Shoulder Belt Used","Clear",0,33.700394,-84.543457,"Atlanta","FULTON","Other Non-Collision",,"Other - Fixed Object"
0,0,"Atlanta Police Department","2022-09-10","W Lake Ave Nw and Joseph E Boone Blvd Nw","(O) No Injury","Dark-Lighted","On Roadway - Roadway Intersection","Angle Crash","W Lake Ave Nw","Dry","11:39:00","[""Unknown"",""Unknown""]","Clear",0,33.763563,-84.441038,"Atlanta","FULTON","[""Motor Vehicle in Motion"",""Motor Vehicle in Motion""]","[""Reckless Driving"",""Under the Influence (U.I.)""]","[""Motor Vehicle in Motion"",""Motor Vehicle in Motion""]"
1,0,"Atlanta Police Department","2022-09-10","None and I-85","(A) Suspected Serious Injury","Dark-Lighted","On Roadway - Managed Lane (HOV, HOT, Reversible)","Rear End","I-85","Dry","19:40:00","[""Lap and Shoulder Belt Used"",""Lap and Shoulder Belt Used""]","Cloudy",0,33.806927,-84.380681,"Atlanta","FULTON","[""Motor Vehicle in Motion"",""Motor Vehicle in Motion""]","Under the Influence (U.I.)","[""Motor Vehicle in Motion"",""Motor Vehicle in Motion""]"
0,0,"Atlanta Police Department","2022-09-10","None and Trenton St Se","(O) No Injury","Dark-Lighted","On Shoulder","Not a Collision with Motor Vehicle","Trenton St Se","Water (standing or moving)","01:50:00","Lap and Shoulder Belt Used","Rain",0,33.746375,-84.347816,"Atlanta","DEKALB","Guard Rail End","Driver Lost Control","Guard Rail End"
0,0,"Atlanta Police Department","2022-09-10","Joseph E Lowery Blvd Nw and Donald Lee Hollowell Pkwy Nw","(C) Possible Injury / Complaint","Daylight","On Roadway - Roadway Intersection","Angle Crash","Joseph E Lowery Blvd Nw","Dry","18:28:00","[""Unknown"",""Unknown""]","Rain",0,33.773042,-84.417346,"Atlanta","FULTON","[""Motor Vehicle in Motion"",""Motor Vehicle in Motion""]","Improper Turn","[""Motor Vehicle in Motion"",""Motor Vehicle in Motion""]"
0,2,"Atlanta Police Department","2022-09-10","Forsyth St Sw and Trinity Ave Sw","(B) Suspected Minor/Visible Injury","Dark-Lighted","On Roadway - Roadway Intersection","Not a Collision with Motor Vehicle","Forsyth St Sw","Water (standing or moving)","02:30:00","[""Unknown"",""Unknown""]","Clear",0,33.750529,-84.395174,"Atlanta","FULTON","Other Non-Collision","Too Fast for Conditions","Utility Pole"
0,0,"Atlanta Police Department","2022-09-10","Piedmont Rd Ne and E Paces Ferry Rd Ne","(C) Possible Injury / Complaint","Daylight","On Roadway - Roadway Intersection","Angle Crash","Piedmont Rd Ne","Wet","17:49:00","[""Lap and Shoulder Belt Used"",""Lap and Shoulder Belt Used""]","Cloudy",0,33.838904,-84.368984,"Atlanta","FULTON","[""Motor Vehicle in Motion"",""Motor Vehicle in Motion""]","Failure to Yield","[""Motor Vehicle in Motion"",""Motor Vehicle in Motion""]"
0,0,"Atlanta Police Department","2022-09-10","Howell St Se and Decatur St Se","(O) No Injury","Daylight","On Roadway - Roadway Intersection","Angle Crash","Decatur St Se","Wet","11:30:00","[""Lap and Shoulder Belt Used"",""Lap and Shoulder Belt Used""]","Cloudy",0,33.752025,-84.369323,"Atlanta","FULTON","[""Motor Vehicle in Motion"",""Motor Vehicle in Motion""]",,"[""Motor Vehicle in Motion"",""Motor Vehicle in Motion""]"
0,0,"Atlanta Police Department","2022-09-10","Penn Ave Ne and Ponce De Leon Ave Ne","(O) No Injury","Dark-Lighted","On Roadway - Roadway Intersection","Angle Crash","Ponce De Leon Ave Ne","Dry","23:16:00","[""Lap and Shoulder Belt Used"",""Lap and Shoulder Belt Used""]","Cloudy",0,33.772584,-84.379035,"Atlanta","FULTON","[""Motor Vehicle in Motion"",""Motor Vehicle in Motion""]","[""Changed Lanes Improperly"",""Changed Lanes Improperly""]","[""Motor Vehicle in Motion"",""Motor Vehicle in Motion""]"