"# Serious Injuries","# Visible Injuries","Agency Name (Crash Level) ","Date","Intersection Name (from Crash Report)","KABCO Severity","Light Conditions (Crash Level)","Location at Impact (Crash Level) ","Manner of Collision (Crash Level) ","Roadway (From Crash Report)","Surface Condition (Crash Level) ","Time","Safety Equipment (Crash Level) ","Weather Conditions (Crash Level)","# of Fatalities per Crash","Latitude","Longitude","Geolocated City","Geolocated County","First Harmful Event (Unit Order)","Operator/Pedestrian Contrib Factor (excl None, Other, No Contrib Factors)","Most Harmful Event (Crash Level)"
0,0,"Atlanta Police Department","2022-09-16","Wells St Sw and Metropolitan Pkwy Sw","(O) No Injury","Daylight","On Roadway - Roadway Intersection","Angle Crash","Metropolitan Pkwy Sw","Dry","16:25:00","[""Unknown"",""Unknown""]","Clear",0,33.739274,-84.408203,"Atlanta","FULTON","[""Motor Vehicle in Motion"",""Motor Vehicle in Motion""]",,"[""Motor Vehicle in Motion"",""Motor Vehicle in Motion""]"
0,0,"Gsp Post 00","2022-09-16","Pryor Street and I-7585 Northbound","(O) No Injury","Daylight","On Roadway - Non-Intersection","Sideswipe-Same Direction","I-7585 Northbound","Dry","17:50:00","[""Unknown"",""Lap and Shoulder Belt Used"",""Lap and Shoulder Belt Used"",""Lap and Shoulder Belt Used""]","Clear",0,33.731086,-84.392106,"Atlanta","FULTON","[""Motor Vehicle in Motion"",""Motor Vehicle in Motion""]","Following Too Close","[""Motor Vehicle in Motion"",""Motor Vehicle in Motion""]"
0,0,"Atlanta Police Department","2022-09-16","None and I-75","(O) No Injury","Dark-Lighted","On Roadway - Non-Intersection","Sideswipe-Same Direction","I-75","Dry","22:44:00","[""Unknown"",""Unknown"",""Unknown""]","Clear",0,33.766688,-84.387491,"Atlanta","FULTON","[""Motor Vehicle in Motion"",""Motor Vehicle in Motion""]","Changed Lanes Improperly","[""Motor Vehicle in Motion"",""Motor Vehicle in Motion""]"
0,0,"Atlanta Police Department","2022-09-16","I-20 W and Moreland Ave Se","(O) No Injury","Daylight","On Roadway - Non-Intersection","Rear End","Moreland Ave Se","Dry","17:30:00","[""Unknown"",""Unknown""]","Clear",0,33.745662,-84.34918,"Atlanta","DEKALB","[""Motor Vehicle in Motion"",""Motor Vehicle in Motion""]","Following Too Close","[""Motor Vehicle in Motion"",""Motor Vehicle in Motion""]"
0,0,"Gsp Post 00","2022-09-16","Interstate 285 Nb and Martin Luther King Drive","(O) No Injury","Daylight","On Roadway - Non-Intersection","Sideswipe-Same Direction","Interstate 285 Nb","Dry","18:15:00","[""Lap and Shoulder Belt Used"",""Lap and Shoulder Belt Used"",""Lap and Shoulder Belt Used"",""Lap and Shoulder Belt Used""]","Clear",0,33.752966,-84.495599,"Atlanta","FULTON","[""Motor Vehicle in Motion"",""Motor Vehicle in Motion""]","Changed Lanes Improperly","[""Motor Vehicle in Motion"",""Motor Vehicle in Motion""]"
1,0,"Atlanta Police Department","2022-09-16","Bolling Way Ne and Peachtree Rd Ne","(A) Suspected Serious Injury","Dark-Lighted","On Roadway - In Crosswalk","Not a Collision with Motor Vehicle","Peachtree Rd Ne","Dry","00:33:00","[""Unknown"",""None Used""]","Clear",0,33.840278,-84.378412,"Atlanta","FULTON","[""Motor Vehicle in Motion"",""Motor Vehicle in Motion""]","Disregard Stop Sign/Signal","Pedestrian"
0,0,"Atlanta Police Department","2022-09-16","12Th St Ne and W Peachtree St Nw","(O) No Injury","Daylight","On Roadway - Roadway Intersection","Sideswipe-Same Direction","12Th St Ne","Dry","15:43:00","[""Unknown"",""Unknown"",""Unknown""]","Clear",0,33.784578,-84.387824,"Atlanta","FULTON","[""Motor Vehicle in Motion"",""Motor Vehicle in Motion""]","Improper Turn","[""Motor Vehicle in Motion"",""Motor Vehicle in Motion""]"
0,0,"Atlanta Police Department","2022-09-16","Boulevard Se and Mcdonough Blvd Se","(O) No Injury","Daylight","On Roadway - Non-Intersection","Sideswipe-Same Direction","Mcdonough Blvd Se","Dry","11:22:00","[""Unknown"",""Lap and Shoulder Belt Used""]","Clear",0,33.71382,-84.368594,"Atlanta","FULTON","[""Motor Vehicle in Motion"",""Motor Vehicle in Motion""]",,"[""Motor Vehicle in Motion"",""Motor Vehicle in Motion""]"
0,0,"Atlanta Police Department","2022-09-16","Lawton St Sw and Ralph David Abernathy Blvd Sw","(C) Possible Injury / Complaint","Dark-Lighted","On Roadway - Roadway Intersection","Sideswipe-Opposite Direction","Lawton St Sw","Dry","20:39:00","[""Unknown"",""Unknown"",""Unknown"",""Unknown"",""Unknown"",""Unknown"",""Unknown"",""Unknown""]","Clear",0,33.73838,-84.423335,"Atlanta","FULTON","[""Motor Vehicle in Motion"",""Motor Vehicle in Motion"",""Motor Vehicle in Motion""]","Misjudged Clearance","[""Motor Vehicle in Motion"",""Motor Vehicle in Motion"",""Motor Vehicle in Motion""]"
0,0,"Atlanta Police Department","2022-09-16","Jonesboro Rd Se and Southside Industrial Pkwy Se","(C) Possible Injury / Complaint","Daylight","On Roadway - Non-Intersection","Sideswipe-Same Direction","Jonesboro Rd Se","Dry","15:35:00","[""Unknown"",""Unknown""]","Clear",0,33.660016,-84.371739,"Atlanta","FULTON","[""Motor Vehicle in Motion"",""Motor Vehicle in Motion""]","Changed Lanes Improperly","[""Motor Vehicle in Motion"",""Motor Vehicle in Motion""]"
0,0,"Atlanta Police Department","2022-09-16","Bonaventure Ave Ne and Ponce De Leon Ave Ne","(C) Possible Injury / Complaint","Daylight","On Roadway - Roadway Intersection","Angle Crash","Ponce De Leon Ave Ne","Dry","14:31:00","[""Unknown"",""Unknown""]","Clear",0,33.773807,-84.360956,"Atlanta","FULTON","[""Motor Vehicle in Motion"",""Motor Vehicle in Motion""]","Inattentive or Other Distraction (Distracted)","[""Motor Vehicle in Motion"",""Motor Vehicle in Motion""]"
0,0,"Atlanta Police Department","2022-09-16","Peachtree Rd Ne and Around Lenox Rd Ne","(O) No Injury","Daylight","On Roadway - Roadway Intersection","Sideswipe-Same Direction","Peachtree Rd Ne","Dry","16:55:00","[""Unknown"",""Unknown""]","Clear",0,33.84896,-84.365237,"Atlanta","FULTON","[""Motor Vehicle in Motion"",""Motor Vehicle in Motion""]","[""Changed Lanes Improperly"",""Failure to Yield""]","[""Motor Vehicle in Motion"",""Motor Vehicle in Motion""]"
0,0,"Atlanta Police Department","2022-09-16","Murphy Ave Sw and Ralph David Abernathy Blvd Sw","(O) No Injury","Daylight","On Roadway - Roadway Intersection","Sideswipe-Same Direction","Ralph David Abernathy Blvd Sw","Dry","19:18:00","[""Unknown"",""Lap and Shoulder Belt Used"",""Lap and Shoulder Belt Used""]","Clear",0,33.738249,-84.41254,"Atlanta","FULTON","[""Motor Vehicle in Motion"",""Motor Vehicle in Motion""]",,"[""Motor Vehicle in Motion"",""Motor Vehicle in Motion""]"
0,0,"Atlanta Police Department","2022-09-16","Schoen St Se and Jonesboro Rd Se","(O) No Injury","Daylight","On Roadway - Non-Intersection","Angle Crash","Jonesboro Rd Se","Dry","15:23:00","[""Unknown"",""Unknown""]","Clear",0,33.703268,-84.376933,"Atlanta","FULTON","[""Motor Vehicle in Motion"",""Motor Vehicle in Motion""]","Failure to Yield","[""Motor Vehicle in Motion"",""Motor Vehicle in Motion""]"
0,0,"Atlanta Police Department","2022-09-16","Gary Rd Nw and Donald Lee Hollowell Pkwy Nw","(O) No Injury","Dark-Not Lighted","On Roadway - Non-Intersection","Rear End","Donald Lee Hollowell Pkwy Nw","Dry","22:00:00","[""Lap and Shoulder Belt Used"",""Lap and Shoulder Belt Used""]","Clear",0,33.777028,-84.460934,"Atlanta","FULTON","[""Motor Vehicle in Motion"",""Motor Vehicle in Motion""]","Following Too Close","[""Motor Vehicle in Motion"",""Motor Vehicle in Motion""]"
0,0,"Gsp Post 00","2022-09-16","I-20 and I-7585 Nb","(O) No Injury","Daylight","On Roadway - Non-Intersection","Sideswipe-Same Direction","I-7585 Nb","Dry","12:38:00","[""Lap and Shoulder Belt Used"",""Lap and Shoulder Belt Used"",""Lap and Shoulder Belt Used"",""Lap and Shoulder Belt Used""]","Clear",0,33.747067,-84.387105,"Atlanta","FULTON","[""Motor Vehicle in Motion"",""Motor Vehicle in Motion""]","Changed Lanes Improperly","[""Motor Vehicle in Motion"",""Motor Vehicle in Motion""]"
0,0,"Atlanta Police Department","2022-09-17","Verbena St Nw and Fairfield Pl Nw","(C) Possible Injury / Complaint","Daylight","On Roadway - Roadway Intersection","Angle Crash","Fairfield Pl Nw","Dry","15:05:00","[""Lap and Shoulder Belt Used"",""Lap and Shoulder Belt Used""]","Clear",0,33.755189,-84.463135,"Atlanta","FULTON","[""Motor Vehicle in Motion"",""Motor Vehicle in Motion""]","Failure to Yield","[""Motor Vehicle in Motion"",""Motor Vehicle in Motion""]"
0,0,"Atlanta Police Department","2022-09-17","None and I-285","(O) No Injury","Daylight","On Roadway - Non-Intersection","Rear End","I-285","Dry","12:30:00","[""Unknown"",""Unknown"",""Unknown"",""Child Restraint System (Properly Used)""]","Clear",0,33.778352,-84.496289,"Atlanta","FULTON","[""Motor Vehicle in Motion"",""Motor Vehicle in Motion""]","[""Following Too Close"",""Changed Lanes Improperly""]","[""Motor Vehicle in Motion"",""Motor Vehicle in Motion""]"
0,0,"Atlanta Police Department","2022-09-17","Exit 12 and Donald Lee Hollowell Pkwy Nw","(O) No Injury","Daylight","On Roadway - Roadway Intersection","Rear End","Donald Lee Hollowell Pkwy Nw","Dry","17:45:00","[""Lap and Shoulder Belt Used"",""Lap and Shoulder Belt Used""]","Clear",0,33.787294,-84.493758,"Atlanta","FULTON","[""Motor Vehicle in Motion"",""Motor Vehicle in Motion""]","Following Too Close","[""Motor Vehicle in Motion"",""Motor Vehicle in Motion""]"
0,0,"Atlanta Police Department","2022-09-17","Monroe Dr Ne and Piedmont Cir Ne","(O) No Injury","Daylight","Entrance/Exit Ramp","Rear End","Monroe Dr Ne","Dry","17:25:00","[""Unknown"",""Lap and Shoulder Belt Used""]","Clear",0,33.810662,-84.368318,"Atlanta","FULTON","[""Motor Vehicle in Motion"",""Motor Vehicle in Motion""]",,"[""Motor Vehicle in Motion"",""Motor Vehicle in Motion""]"
0,0,"Atlanta Police Department","2022-09-17","Lee St Sw and Norcross St Sw","(O) No Injury","Daylight","On Roadway - Managed Lane (HOV, HOT, Reversible)","Angle Crash","Lee St Sw","Dry","21:00:00","[""Unknown"",""Unknown""]","Clear",0,33.742562,-84.414058,"Atlanta","FULTON","[""Motor Vehicle in Motion"",""Motor Vehicle in Motion""]",,"[""Motor Vehicle in Motion"",""Motor Vehicle in Motion""]"
0,0,"Atlanta Police Department","2022-09-17","Langhorn St Sw and Ralph David Abernathy Blvd Sw","(C) Possible Injury / Complaint","Daylight","On Roadway - Roadway Intersection","Sideswipe-Same Direction","Ralph David Abernathy Blvd Sw","Dry","17:30:00","[""Unknown"",""Unknown"",""Unknown""]","Clear",0,33.739026,-84.43241,"Atlanta","FULTON","[""Motor Vehicle in Motion"",""Motor Vehicle in Motion""]",,"[""Motor Vehicle in Motion"",""Motor Vehicle in Motion""]"
0,0,"Atlanta Police Department","2022-09-17","Langhorn St Sw and Ralph David Abernathy Blvd Sw","(O) No Injury","Daylight","On Roadway - Roadway Intersection","Sideswipe-Same Direction","Ralph David Abernathy Blvd Sw","Dry","14:04:00","[""None Used"",""None Used""]","Clear",0,33.739027,-84.432426,"Atlanta","FULTON","[""Motor Vehicle in Motion"",""Motor Vehicle in Motion""]",,"[""Motor Vehicle in Motion"",""Motor Vehicle in Motion""]"
0,0,"Atlanta Police Department","2022-09-17","Northside Pkwy Nw and W Paces Ferry Rd Nw","(O) No Injury","Daylight","On Roadway - Driveway Intersection","Rear End","W Paces Ferry Rd Nw","Dry","09:07:00","[""Unknown"",""Unknown"",""Unknown"",""Unknown"",""Booster Seat (Properly Used)"",""Child Restraint System (Properly Used)""]","Clear",0,33.849089,-84.430035,"Atlanta","FULTON","[""Motor Vehicle in Motion"",""Motor Vehicle in Motion""]","Following Too Close","[""Motor Vehicle in Motion"",""Motor Vehicle in Motion""]"
0,0,"Atlanta Police Department","2022-09-17","I-20 and Boulevard Se","(C) Possible Injury / Complaint","Dark-Lighted","On Roadway - Roadway Intersection","Rear End","Boulevard Se","Dry","00:05:00","[""Unknown"",""Lap and Shoulder Belt Used""]","Clear",0,33.743904,-84.368138,"Atlanta","FULTON","[""Motor Vehicle in Motion"",""Motor Vehicle in Motion""]",,"[""Motor Vehicle in Motion"",""Motor Vehicle in Motion""]"
0,0,"Atlanta Police Department","2022-09-17","Booker Ave Sw and University Ave Sw","(C) Possible Injury / Complaint","Daylight","On Roadway - Managed Lane (HOV, HOT, Reversible)","Sideswipe-Same Direction","University Ave Sw","Dry","11:30:00","[""Unknown"",""Lap and Shoulder Belt Used"",""Lap and Shoulder Belt Used"",""Lap and Shoulder Belt Used"",""Lap and Shoulder Belt Used"",""Unknown"",""Unknown"",""Unknown""]","Clear",0,33.722119,-84.397821,"Atlanta","FULTON","[""Motor Vehicle in Motion"",""Motor Vehicle in Motion""]","Following Too Close","[""Motor Vehicle in Motion"",""Motor Vehicle in Motion""]"
0,0,"Atlanta Police Department","2022-09-17","Pollard Blvd Sw and Ralph David Abernathy Blvd Sw","(O) No Injury","Daylight","On Roadway - Non-Intersection","Angle Crash","Pollard Blvd Sw","Dry","19:25:00","[""Lap and Shoulder Belt Used"",""Lap and Shoulder Belt Used"",""Child Restraint System (Properly Used)"",""Lap and Shoulder Belt Used""]","Clear",0,33.73642,-84.390877,"Atlanta","FULTON","[""Motor Vehicle in Motion"",""Motor Vehicle in Motion""]","[""Improper Turn"",""Occupant Distraction (Distracted)""]","[""Motor Vehicle in Motion"",""Motor Vehicle in Motion""]"
0,1,"Atlanta Police Department","2022-09-17","Exit 85 and Peachtree St Ne","(B) Suspected Minor/Visible Injury","Daylight","On Roadway - Non-Intersection","Rear End","Exit 85","Dry","14:39:00","[""Unknown"",""Unknown""]","Clear",0,33.800129,-84.390981,"Atlanta","FULTON","[""Motor Vehicle in Motion"",""Motor Vehicle in Motion""]","Following Too Close","[""Motor Vehicle in Motion"",""Motor Vehicle in Motion""]"
0,0,"Atlanta Police Department","2022-09-17","Martina Dr Ne and Piedmont Rd Ne","(C) Possible Injury / Complaint","Daylight","On Roadway - Roadway Intersection","Not a Collision with Motor Vehicle","Martina Dr Ne","Dry","11:23:00","[""Unknown"",""Unknown"",""None Used""]","Cloudy",0,33.842068,-84.37053,"Atlanta","FULTON","[""Motor Vehicle in Motion"",""Motor Vehicle in Motion""]",,"Pedestrian"
0,0,"Atlanta Police Department","2022-09-17","I-75 and Andrew Young International Blvd Ne","(C) Possible Injury / Complaint","Dark-Lighted","On Roadway - Non-Intersection","Rear End","I-75","Dry","18:30:00","[""Lap and Shoulder Belt Used"",""Lap and Shoulder Belt Used"",""Lap and Shoulder Belt Used""]","Clear",0,33.759896,-84.379098,"Atlanta","FULTON","[""Motor Vehicle in Motion"",""Motor Vehicle in Motion"",""Motor Vehicle in Motion""]","Following Too Close","[""Motor Vehicle in Motion"",""Motor Vehicle in Motion"",""Motor Vehicle in Motion""]"
0,0,"Atlanta Police Department","2022-09-17","I-75 and 17Th St Nw","(O) No Injury","Dark-Not Lighted","On Roadway - Non-Intersection","Angle Crash","I-75","Dry","06:49:00","[""Unknown"",""Lap and Shoulder Belt Used"",""Lap and Shoulder Belt Used"",""Lap and Shoulder Belt Used""]","Clear",0,33.791784,-84.390733,"Atlanta","FULTON","[""Motor Vehicle in Motion"",""Motor Vehicle in Motion"",""Motor Vehicle in Motion"",""Motor Vehicle in Motion""]","[""Changed Lanes Improperly"",""Following Too Close""]","[""Motor Vehicle in Motion"",""Motor Vehicle in Motion"",""Motor Vehicle in Motion""]"
0,0,"Atlanta Police Department","2022-09-17","I-85 and 17Th St Nw","(O) No Injury","Daylight","On Roadway - Non-Intersection","Rear End","I-85","Dry","13:33:00","[""Unknown"",""Unknown""]","Clear",0,33.791456,-84.392107,"Atlanta","FULTON","[""Motor Vehicle in Motion"",""Motor Vehicle in Motion""]",,"[""Motor Vehicle in Motion"",""Motor Vehicle in Motion""]"
0,0,"Atlanta Police Department","2022-09-17","None and I-75","(O) No Injury","Daylight","On Roadway - Roadway Intersection","Rear End","I-75","Dry","10:00:00","[""Lap and Shoulder Belt Used"",""Lap and Shoulder Belt Used""]","Clear",0,33.774859,-84.390558,"Atlanta","FULTON","[""Motor Vehicle in Motion"",""Motor Vehicle in Motion""]","Following Too Close","[""Motor Vehicle in Motion"",""Motor Vehicle in Motion""]"
0,0,"Atlanta Police Department","2022-09-17","None and I-20","(C) Possible Injury / Complaint","Daylight","On Roadway - Non-Intersection","Sideswipe-Same Direction","I-20","Dry","18:13:00","[""Unknown"",""Unknown"",""Unknown"",""Unknown"",""Unknown""]","Clear",0,33.743498,-84.378732,"Atlanta","FULTON","[""Motor Vehicle in Motion"",""Motor Vehicle in Motion""]",,"[""Motor Vehicle in Motion"",""Motor Vehicle in Motion""]"
0,0,"Atlanta Police Department","2022-09-17","None and I-75","(O) No Injury","Dark-Lighted","On Roadway - Non-Intersection","Sideswipe-Same Direction","I-75","Dry","05:25:00","[""Unknown"",""Lap and Shoulder Belt Used"",""Lap and Shoulder Belt Used"",""Lap and Shoulder Belt Used""]","Clear",0,33.737483,-84.392133,"Atlanta","FULTON","[""Motor Vehicle in Motion"",""Motor Vehicle in Motion""]","[""Changed Lanes Improperly"",""Failure to Yield""]","[""Motor Vehicle in Motion"",""Motor Vehicle in Motion""]"
0,0,"Atlanta Police Department","2022-09-17","Huff Rd Nw and Marietta Blvd Nw","(O) No Injury","Daylight","On Roadway - Non-Intersection","Sideswipe-Same Direction","Marietta Blvd Nw","Dry","17:45:00","[""Lap and Shoulder Belt Used"",""Lap and Shoulder Belt Used""]","Clear",0,33.788729,-84.428325,"Atlanta","FULTON","[""Motor Vehicle in Motion"",""Motor Vehicle in Motion""]",,"[""Motor Vehicle in Motion"",""Motor Vehicle in Motion""]"
0,0,"Atlanta Police Department","2022-09-17","None and Moreland Ave Se Exit 60A Rp","(O) No Injury","Daylight","Entrance/Exit Ramp","Rear End","Moreland Ave Se Exit 60A Rp","Dry","19:30:00","[""Unknown"",""Unknown"",""Unknown""]","Clear",0,33.744512,-84.349286,"Atlanta","FULTON","[""Motor Vehicle in Motion"",""Motor Vehicle in Motion""]","Following Too Close","[""Motor Vehicle in Motion"",""Motor Vehicle in Motion""]"
0,1,"Atlanta Police Department","2022-09-17","Barge Rd Sw and Campbellton Rd Sw","(B) Suspected Minor/Visible Injury","Dark-Lighted","Off Roadway","Not a Collision with Motor Vehicle","Campbellton Rd Sw","Dry","02:54:00","Lap and Shoulder Belt Used","Clear",0,33.690166,-84.506389,"Atlanta","FULTON","Utility Pole","Reaction to Object or Animal","Utility Pole"
0,0,"Atlanta Police Department","2022-09-17","Faith Ave Se and Moreland Ave Se","(O) No Injury","Dark-Lighted","On Roadway - Roadway Intersection","Rear End","Moreland Ave Se","Dry","22:30:00","[""Unknown"",""Lap and Shoulder Belt Used"",""Lap and Shoulder Belt Used""]","Clear",0,33.743385,-84.349235,"Atlanta","FULTON","[""Motor Vehicle in Motion"",""Motor Vehicle in Motion""]","Improper Backing","[""Motor Vehicle in Motion"",""Motor Vehicle in Motion""]"
0,0,"Atlanta Police Department","2022-09-17","Lawton St Sw and Lucile Ave Sw","(C) Possible Injury / Complaint","Daylight","On Roadway - Roadway Intersection","Sideswipe-Opposite Direction","Lucile Ave Sw","Dry","11:16:00","[""Unknown"",""Unknown""]","Clear",0,33.742294,-84.423344,"Atlanta","FULTON","[""Motor Vehicle in Motion"",""Motor Vehicle in Motion""]","[""Improper Turn"",""Aggressive Driving"",""Aggressive Driving""]","[""Motor Vehicle in Motion"",""Motor Vehicle in Motion""]"
0,0,"Atlanta Police Department","2022-09-17","None and I-75","(O) No Injury","Dusk","On Roadway - Non-Intersection","Sideswipe-Same Direction","I-75","Dry","19:13:00","[""Unknown"",""Unknown""]","Clear",0,33.708213,-84.402949,"Atlanta","FULTON","[""Motor Vehicle in Motion"",""Motor Vehicle in Motion""]","Misjudged Clearance","[""Motor Vehicle in Motion"",""Motor Vehicle in Motion""]"
0,0,"Atlanta Police Department","2022-09-17","14Th St Nw and Northside Dr Nw","(C) Possible Injury / Complaint","Dark-Lighted","On Roadway - Roadway Intersection","Angle Crash","Northside Dr Nw","Dry","20:05:00","[""Unknown"",""Unknown"",""Unknown"",""Unknown"",""Unknown"",""Unknown""]","Clear",0,33.786224,-84.407445,"Atlanta","FULTON","[""Motor Vehicle in Motion"",""Motor Vehicle in Motion""]","Improper Turn","[""Motor Vehicle in Motion"",""Motor Vehicle in Motion""]"
0,0,"Atlanta Police Department","2022-09-17","Mitchell St Sw and Martin Luther King Jr Dr Sw","(O) No Injury","Daylight","On Roadway - Roadway Intersection","Head On","Mitchell St Sw","Dry","18:34:00","[""Unknown"",""Unknown""]","Clear",0,33.753933,-84.400113,"Atlanta","FULTON","[""Motor Vehicle in Motion"",""Motor Vehicle in Motion""]","[""Improper Backing"",""Under the Influence (U.I.)""]","[""Motor Vehicle in Motion"",""Motor Vehicle in Motion""]"
0,0,"Atlanta Police Department","2022-09-17","16Th St Nw and W Peachtree St Ne","(O) No Injury","Daylight","On Roadway - Managed Lane (HOV, HOT, Reversible)","Angle Crash","16Th St Nw","Dry","14:53:00","[""Unknown"",""Unknown"",""Unknown""]","Clear",0,33.789914,-84.387783,"Atlanta","FULTON","[""Motor Vehicle in Motion"",""Motor Vehicle in Motion""]","Improper Turn","[""Motor Vehicle in Motion"",""Motor Vehicle in Motion""]"
0,0,"Atlanta Police Department","2022-09-17","Lenox Rd Ne and Buford Hwy Ne","(C) Possible Injury / Complaint","Daylight","On Roadway - Managed Lane (HOV, HOT, Reversible)","Rear End","Buford Hwy Ne","Dry","14:53:00","[""Unknown"",""Unknown""]","Clear",0,33.825575,-84.352783,"Atlanta","FULTON","[""Motor Vehicle in Motion"",""Motor Vehicle in Motion""]","[""Following Too Close"",""Inattentive or Other Distraction (Distracted)""]","[""Motor Vehicle in Motion"",""Motor Vehicle in Motion""]"
0,0,"Atlanta Police Department","2022-09-17","Fulton St Sw and Mcdaniel St Sw","(C) Possible Injury / Complaint","Daylight","On Roadway - Roadway Intersection","Head On","Mcdaniel St Sw","Dry","17:45:00","[""Unknown"",""Unknown""]","Clear",0,33.741565,-84.40294,"Atlanta","FULTON","[""Motor Vehicle in Motion"",""Motor Vehicle in Motion""]","Misjudged Clearance","[""Motor Vehicle in Motion"",""Motor Vehicle in Motion""]"
0,0,"Atlanta Police Department","2022-09-17","None and I-285","(O) No Injury","Daylight","On Roadway - Non-Intersection","Sideswipe-Same Direction","I-285","Dry","07:00:00","[""Unknown"",""Unknown"",""Unknown""]","Clear",0,33.648452,-84.369758,"Atlanta","FULTON","[""Motor Vehicle in Motion"",""Motor Vehicle in Motion""]","Changed Lanes Improperly","[""Motor Vehicle in Motion"",""Motor Vehicle in Motion""]"
0,0,"Atlanta Police Department","2022-09-17","Bolton Rd Nw and Northwest Dr Nw","(O) No Injury","Daylight","On Roadway - Roadway Intersection","Sideswipe-Opposite Direction","Bolton Rd Nw","Dry","13:30:00","[""Unknown"",""Lap and Shoulder Belt Used""]","Clear",0,33.801134,-84.48746,"Atlanta","FULTON","[""Motor Vehicle in Motion"",""Motor Vehicle in Motion""]","Misjudged Clearance","[""Motor Vehicle in Motion"",""Motor Vehicle in Motion""]"
0,0,"Atlanta Police Department","2022-09-17","None and I-75 Exit 250 Rp","(O) No Injury","Dark-Lighted","On Roadway - Managed Lane (HOV, HOT, Reversible)","Sideswipe-Same Direction","I-75 Exit 250 Rp","Dry","22:30:00","[""Unknown"",""Lap and Shoulder Belt Used""]","Clear",0,33.777599,-84.390757,"Atlanta","FULTON","[""Motor Vehicle in Motion"",""Motor Vehicle in Motion""]","[""Changed Lanes Improperly"",""Aggressive Driving""]","[""Motor Vehicle in Motion"",""Motor Vehicle in Motion""]"
0,0,"Atlanta Police Department","2022-09-17","Luckie St Nw and Ted Turner Dr Nw","(O) No Injury","Dark-Lighted","On Roadway - Non-Intersection","Sideswipe-Opposite Direction","Ted Turner Dr Nw","Other","22:00:00","[""Unknown"",""Unknown""]","Other",0,33.75828,-84.390833,"Atlanta","FULTON","[""Motor Vehicle in Motion"",""Motor Vehicle in Motion""]",,"[""Motor Vehicle in Motion"",""Motor Vehicle in Motion""]"
0,0,"Atlanta Police Department","2022-09-17","None and I-85","(C) Possible Injury / Complaint","Dark-Lighted","On Roadway - Non-Intersection","Rear End","I-85","Dry","23:15:00","[""Lap and Shoulder Belt Used"",""Lap and Shoulder Belt Used""]","Clear",0,33.806747,-84.380465,"Atlanta","FULTON","[""Motor Vehicle in Motion"",""Motor Vehicle in Motion""]","Following Too Close","[""Motor Vehicle in Motion"",""Motor Vehicle in Motion""]"
0,0,"Atlanta Police Department","2022-09-17","I-85 N and Lenox Rd Ne","(C) Possible Injury / Complaint","Daylight","On Roadway - Managed Lane (HOV, HOT, Reversible)","Rear End","Lenox Rd Ne","Dry","14:53:00","[""Unknown"",""Unknown""]","Clear",0,33.823559,-84.35246,"Atlanta","FULTON","[""Motor Vehicle in Motion"",""Motor Vehicle in Motion""]","[""Following Too Close"",""Inattentive or Other Distraction (Distracted)""]","[""Motor Vehicle in Motion"",""Motor Vehicle in Motion""]"
0,0,"Atlanta Police Department","2022-09-17","Ga-400 N and Peachtree Rd Ne","(O) No Injury","Dark-Lighted","On Roadway - Non-Intersection","Sideswipe-Same Direction","Peachtree Rd Ne","Dry","01:24:00","[""Unknown"",""Unknown""]","Clear",0,33.848109,-84.366933,"Atlanta","FULTON","[""Motor Vehicle in Motion"",""Motor Vehicle in Motion""]",,"[""Motor Vehicle in Motion"",""Motor Vehicle in Motion""]"
0,0,"Atlanta Police Department","2022-09-17","Boulevard Se and United Ave Se","(O) No Injury","Dark-Lighted","On Roadway - Roadway Intersection","Angle Crash","United Ave Se","Dry","20:36:00","[""Unknown"",""Lap and Shoulder Belt Used""]","Clear",0,33.735696,-84.368233,"Atlanta","FULTON","[""Motor Vehicle in Motion"",""Motor Vehicle in Motion""]","Misjudged Clearance","Motor Vehicle in Motion"
0,0,"Atlanta Police Department","2022-09-17","Fair Dr Sw and Metropolitan Pkwy Sw","(K) Fatal Injury","Daylight","On Roadway - Non-Intersection","Not a Collision with Motor Vehicle","Metropolitan Pkwy Sw","Dry","18:30:00","[""Lap and Shoulder Belt Used"",""None Used""]","Clear",1,33.704014,-84.408066,"Atlanta","FULTON","[""Pedestrian"",""Pedestrian""]",,"Pedestrian"
0,1,"Atlanta Police Department","2022-09-17","I-75 85 N and 17Th St Nw","(B) Suspected Minor/Visible Injury","Dark-Lighted","On Roadway - Roadway Intersection","Rear End","17Th St Nw","Dry","01:15:00","[""Lap and Shoulder Belt Used"",""Lap and Shoulder Belt Used"",""Lap and Shoulder Belt Used"",""Lap and Shoulder Belt Used"",""Lap and Shoulder Belt Used""]","Clear",0,33.791984,-84.391203,"Atlanta","FULTON","[""Motor Vehicle in Motion"",""Motor Vehicle in Motion"",""Motor Vehicle in Motion"",""Motor Vehicle in Motion""]","Following Too Close","[""Motor Vehicle in Motion"",""Motor Vehicle in Motion"",""Motor Vehicle in Motion"",""Motor Vehicle in Motion""]"
0,0,"Atlanta Police Department","2022-09-17","None and I-75","(O) No Injury","Daylight","On Roadway - Non-Intersection","Rear End","I-75","Dry","07:00:00","[""Unknown"",""Unknown"",""Unknown"",""Unknown""]","Clear",0,33.789856,-84.390811,"Atlanta","FULTON","[""Motor Vehicle in Motion"",""Motor Vehicle in Motion"",""Motor Vehicle in Motion""]","Following Too Close","[""Motor Vehicle in Motion"",""Motor Vehicle in Motion"",""Motor Vehicle in Motion""]"