"# Serious Injuries","# Visible Injuries","Agency Name (Crash Level) ","Date","Intersection Name (from Crash Report)","KABCO Severity","Light Conditions (Crash Level)","Location at Impact (Crash Level) ","Manner of Collision (Crash Level) ","Roadway (From Crash Report)","Surface Condition (Crash Level) ","Time","Safety Equipment (Crash Level) ","Weather Conditions (Crash Level)","# of Fatalities per Crash","Latitude","Longitude","Geolocated City","Geolocated County","First Harmful Event (Unit Order)","Operator/Pedestrian Contrib Factor (excl None, Other, No Contrib Factors)","Most Harmful Event (Crash Level)"
0,0,"Atlanta Police Department","2022-09-18","St Johns Ave Sw and Metropolitan Pkwy Sw","(O) No Injury","Daylight","On Roadway - Roadway Intersection","Angle Crash","St Johns Ave Sw","Dry","17:50:00","[""Lap and Shoulder Belt Used"",""Lap and Shoulder Belt Used""]","Clear",0,33.699204,-84.408095,"Atlanta","FULTON","[""Motor Vehicle in Motion"",""Motor Vehicle in Motion""]","Improper Turn","[""Motor Vehicle in Motion"",""Motor Vehicle in Motion""]"
0,0,"Atlanta Police Department","2022-09-18","Lawton St Sw and Ralph David Abernathy Blvd Sw","(C) Possible Injury / Complaint","Daylight","On Roadway - Roadway Intersection","Sideswipe-Opposite Direction","Lawton St Sw","Dry","18:09:00","[""Unknown"",""Unknown"",""Unknown"",""Unknown"",""Unknown"",""Unknown""]","Clear",0,33.73838,-84.423335,"Atlanta","FULTON","[""Motor Vehicle in Motion"",""Motor Vehicle in Motion""]","Misjudged Clearance","[""Motor Vehicle in Motion"",""Motor Vehicle in Motion""]"
0,0,"Atlanta Police Department","2022-09-18","None and I-20","(O) No Injury","Daylight","On Roadway - Non-Intersection","Rear End","I-20","Dry","11:54:00","[""Unknown"",""Unknown"",""Unknown""]","Clear",0,33.743445,-84.376137,"Atlanta","FULTON","[""Motor Vehicle in Motion"",""Motor Vehicle in Motion""]",,"[""Motor Vehicle in Motion"",""Motor Vehicle in Motion""]"
0,0,"Atlanta Police Department","2022-09-18","None and Langford Pkwy Rp","(O) No Injury","Daylight","On Roadway - Non-Intersection","Sideswipe-Same Direction","Langford Pkwy Rp","Dry","16:08:00","[""Unknown"",""Unknown"",""Unknown""]","Clear",0,33.69033,-84.493669,"Atlanta","FULTON","[""Motor Vehicle in Motion"",""Motor Vehicle in Motion""]","[""Changed Lanes Improperly"",""Changed Lanes Improperly""]","[""Motor Vehicle in Motion"",""Motor Vehicle in Motion""]"
0,0,"Atlanta Police Department","2022-09-18","None and I-20","(O) No Injury","Daylight","On Roadway - Non-Intersection","Rear End","I-20","Dry","12:00:00","[""Lap and Shoulder Belt Used"",""Lap and Shoulder Belt Used""]","Clear",0,33.766061,-84.500906,"Atlanta","FULTON","[""Motor Vehicle in Motion"",""Motor Vehicle in Motion""]","Following Too Close","[""Motor Vehicle in Motion"",""Motor Vehicle in Motion""]"
0,0,"Atlanta Police Department","2022-09-18","None and Memorial Dr Se","(C) Possible Injury / Complaint","Daylight","On Roadway - Non-Intersection","Rear End","Memorial Dr Se","Dry","17:27:00","[""Lap and Shoulder Belt Used"",""Lap and Shoulder Belt Used"",""Lap and Shoulder Belt Used""]","Clear",0,33.747558,-84.339197,"Atlanta","DEKALB","[""Motor Vehicle in Motion"",""Motor Vehicle in Motion""]","Following Too Close","[""Motor Vehicle in Motion"",""Motor Vehicle in Motion""]"
0,0,"Atlanta Police Department","2022-09-18","None and I-75 Hov Lane","(O) No Injury","Daylight","On Roadway - Non-Intersection","Sideswipe-Same Direction","I-75 Hov Lane","Dry","14:50:00","[""Unknown"",""Lap and Shoulder Belt Used""]","Clear",0,33.739358,-84.391713,"Atlanta","FULTON","[""Motor Vehicle in Motion"",""Motor Vehicle in Motion""]","Changed Lanes Improperly","[""Motor Vehicle in Motion"",""Motor Vehicle in Motion""]"
0,1,"Atlanta Police Department","2022-09-18","I-85Sb and 17Th Street","(B) Suspected Minor/Visible Injury","Dark-Not Lighted","On Roadway - Non-Intersection","Rear End","I-85Sb","Dry","20:03:00","[""Unknown"",""Unknown"",""Unknown"",""Unknown"",""Unknown"",""Unknown"",""Unknown"",""Unknown"",""Unknown""]","Clear",0,33.799913,-84.391233,"Atlanta","FULTON","[""Motor Vehicle in Motion"",""Motor Vehicle in Motion""]","Following Too Close","[""Motor Vehicle in Motion"",""Motor Vehicle in Motion""]"
0,0,"Atlanta Police Department","2022-09-18","None and I-285","(O) No Injury","Daylight","On Roadway - Non-Intersection","Sideswipe-Same Direction","I-285","Dry","15:45:00","[""Unknown"",""Unknown""]","Clear",0,33.721826,-84.502564,"Atlanta","FULTON","[""Motor Vehicle in Motion"",""Motor Vehicle in Motion""]",,"[""Motor Vehicle in Motion"",""Motor Vehicle in Motion""]"
0,0,"Atlanta Police Department","2022-09-18","Ralph Mcgill Blvd Ne and John Lewis Freedom Pkwy Ne","(O) No Injury","Daylight","On Roadway - Roadway Intersection","Sideswipe-Same Direction","John Lewis Freedom Pkwy Ne","Dry","18:00:00","[""Unknown"",""Unknown""]","Clear",0,33.768202,-84.358618,"Atlanta","FULTON","[""Motor Vehicle in Motion"",""Motor Vehicle in Motion""]",,"[""Motor Vehicle in Motion"",""Motor Vehicle in Motion""]"
0,0,"Atlanta Police Department","2022-09-18","None and I-285","(C) Possible Injury / Complaint","Dark-Lighted","On Roadway - Non-Intersection","Not a Collision with Motor Vehicle","I-285","Dry","21:28:00","Lap and Shoulder Belt Used","Clear",0,33.652507,-84.366678,"Atlanta","FULTON","Other Non-Collision","[""Driver Lost Control"",""Driver Condition""]","Fire/Explosion"
0,0,"Atlanta Police Department","2022-09-18","Hollis Ter Nw and Hedgewood Ln Nw","(O) No Injury","Dark-Lighted","On Roadway - Non-Intersection","Rear End","Hedgewood Ln Nw","Dry","20:00:00","Unknown","Clear",0,33.757694,-84.475378,"Atlanta","FULTON","[""Motor Vehicle in Motion"",""Parked Motor Vehicle""]","Following Too Close","Parked Motor Vehicle"
0,0,"Atlanta Police Department","2022-09-18","None and Donald Lee Hollowell Pkwy Nw Exit 12 Rp","(O) No Injury","Dark-Lighted","Entrance/Exit Ramp","Rear End","Donald Lee Hollowell Pkwy Nw Exit 12 Rp","Dry","00:48:00","[""Lap and Shoulder Belt Used"",""Lap and Shoulder Belt Used""]","Clear",0,33.786377,-84.492407,"Atlanta","FULTON","[""Motor Vehicle in Motion"",""Motor Vehicle in Motion""]","Improper Backing","[""Motor Vehicle in Motion"",""Motor Vehicle in Motion""]"
0,0,"Atlanta Police Department","2022-09-18","Exit 76 and Cleveland Ave Sw","(O) No Injury","Daylight","On Roadway - Non-Intersection","Sideswipe-Same Direction","Cleveland Ave Sw","Dry","14:01:00","[""Lap and Shoulder Belt Used"",""Lap and Shoulder Belt Used""]","Clear",0,33.681304,-84.409802,"Atlanta","FULTON","[""Motor Vehicle in Motion"",""Motor Vehicle in Motion""]","Driver Lost Control","[""Motor Vehicle in Motion"",""Motor Vehicle in Motion""]"
0,0,"Atlanta Police Department","2022-09-18","None and Metropolitan Pkwy Sw","(O) No Injury","Daylight","On Roadway - Non-Intersection","Angle Crash","Metropolitan Pkwy Sw","Dry","18:30:00","[""Lap and Shoulder Belt Used"",""Lap and Shoulder Belt Used""]","Clear",0,33.700773,-84.408089,"Atlanta","FULTON","[""Motor Vehicle in Motion"",""Motor Vehicle in Motion""]","Improper Turn","[""Motor Vehicle in Motion"",""Motor Vehicle in Motion""]"
0,0,"Atlanta Police Department","2022-09-18","Mcdaniel St Sw and University Ave Sw","(O) No Injury","Dark-Lighted","Off Roadway","Not a Collision with Motor Vehicle","University Ave Sw","Dry","23:20:00","Lap and Shoulder Belt Used","Clear",0,33.722145,-84.401489,"Atlanta","FULTON","Curb","Improper Turn","Curb"
0,0,"Atlanta Police Department","2022-09-18","Langston Dr Sw and Metropolitan Pkwy Sw","(O) No Injury","Dark-Lighted","On Roadway - Managed Lane (HOV, HOT, Reversible)","Rear End","Metropolitan Pkwy Sw","Dry","04:45:00","[""Unknown"",""Unknown""]","Clear",0,33.695342,-84.408137,"Atlanta","FULTON","[""Motor Vehicle in Motion"",""Motor Vehicle in Motion""]","Following Too Close","[""Motor Vehicle in Motion"",""Motor Vehicle in Motion""]"
0,0,"Atlanta Police Department","2022-09-18","Ga-13 and Spring St Nw","(O) No Injury","Dark-Lighted","On Roadway - Managed Lane (HOV, HOT, Reversible)","Not a Collision with Motor Vehicle","Ga-13","Dry","23:30:00","Unknown","Clear",0,33.795584,-84.389067,"Atlanta","FULTON","Other Non-Collision","Driver Lost Control","Tree"
0,0,"Atlanta Police Department","2022-09-18","Roswell Rd Ne and Habersham Rd Ne","(C) Possible Injury / Complaint","Dark-Lighted","On Roadway - Roadway Intersection","Angle Crash","Roswell Rd Ne","Dry","03:20:00","[""Lap and Shoulder Belt Used"",""Lap and Shoulder Belt Used""]","Clear",0,33.853294,-84.382676,"Atlanta","FULTON","[""Motor Vehicle in Motion"",""Motor Vehicle in Motion""]","Failure to Yield","[""Motor Vehicle in Motion"",""Motor Vehicle in Motion""]"
0,0,"Gsp Post 00","2022-09-18","I-20 West and Langhorn St","(O) No Injury","Daylight","On Shoulder","Not a Collision with Motor Vehicle","I-20 West","Dry","10:28:00","Lap and Shoulder Belt Used","Clear",0,33.744628,-84.42608,"Atlanta","FULTON","Median Barrier","Too Fast for Conditions","Median Barrier"
0,0,"Atlanta Police Department","2022-09-18","Spring St and Linden Ave","(C) Possible Injury / Complaint","Dark-Lighted","On Roadway - Roadway Intersection","Angle Crash","Linden Ave","Dry","21:00:00","[""Unknown"",""Lap and Shoulder Belt Used"",""Lap and Shoulder Belt Used"",""Child Restraint System (Properly Used)""]","Clear",0,33.769614,-84.38888,"Atlanta","FULTON","[""Motor Vehicle in Motion"",""Motor Vehicle in Motion""]","Disregard Police - Traffic Control","[""Motor Vehicle in Motion"",""Motor Vehicle in Motion""]"
0,0,"Atlanta Police Department","2022-09-18","Lenox Rd Ne and Johnson Rd Ne","(O) No Injury","Daylight","On Roadway - Roadway Intersection","Sideswipe-Opposite Direction","Lenox Rd Ne","Dry","15:00:00","[""Unknown"",""Unknown"",""Unknown""]","Clear",0,33.797419,-84.349739,"Atlanta","FULTON","[""Motor Vehicle in Motion"",""Motor Vehicle in Motion""]","Improper Turn","[""Motor Vehicle in Motion"",""Motor Vehicle in Motion""]"
0,0,"Atlanta Police Department","2022-09-18","Boulevard Ne and John Wesley Dobbs Ave Ne","(C) Possible Injury / Complaint","Daylight","On Roadway - Roadway Intersection","Angle Crash","John Wesley Dobbs Ave Ne","Dry","19:18:00","[""Lap and Shoulder Belt Used"",""Motorcycle Helmet""]","Clear",0,33.759347,-84.372066,"Atlanta","FULTON","[""Motor Vehicle in Motion"",""Motor Vehicle in Motion""]","Failure to Yield","[""Motor Vehicle in Motion"",""Motor Vehicle in Motion""]"
0,0,"Atlanta Police Department","2022-09-18","I-20 and Lee St Sw","(O) No Injury","Dark-Lighted","On Roadway - Non-Intersection","Rear End","I-20","Dry","21:30:00","[""Lap and Shoulder Belt Used"",""Lap and Shoulder Belt Used""]","Clear",0,33.741333,-84.413811,"Atlanta","FULTON","[""Motor Vehicle in Motion"",""Motor Vehicle in Motion""]","Following Too Close","[""Motor Vehicle in Motion"",""Motor Vehicle in Motion""]"
0,1,"Atlanta Police Department","2022-09-18","Piedmont Ave Ne and Andrew Young International Blvd Ne","(B) Suspected Minor/Visible Injury","Dark-Lighted","On Roadway - Roadway Intersection","Angle Crash","Andrew Young International Blvd Ne","Dry","03:10:00","[""Unknown"",""Bicycle Helmet""]","Clear",0,33.759624,-84.382189,"Atlanta","FULTON","[""Motor Vehicle in Motion"",""Motor Vehicle in Motion""]","Disregard Stop Sign/Signal","[""Motor Vehicle in Motion"",""Motor Vehicle in Motion""]"
0,0,"Atlanta Police Department","2022-09-18","Irwin St Ne and Jackson St Ne","(O) No Injury","Daylight","On Roadway - Non-Intersection","Angle Crash","Irwin St Ne","Dry","17:00:00","[""Lap and Shoulder Belt Used"",""Lap and Shoulder Belt Used""]","Clear",0,33.757688,-84.374795,"Atlanta","FULTON","[""Motor Vehicle in Motion"",""Motor Vehicle in Motion""]",,"[""Motor Vehicle in Motion"",""Motor Vehicle in Motion""]"
0,0,"Atlanta Police Department","2022-09-18","Lee St Sw and White St Sw","(C) Possible Injury / Complaint","Dusk","On Roadway - Roadway Intersection","Angle Crash","White St Sw","Dry","19:44:00","[""Unknown"",""Unknown""]","Clear",0,33.729355,-84.415849,"Atlanta","FULTON","[""Motor Vehicle in Motion"",""Motor Vehicle in Motion""]","[""Improper Turn"",""Aggressive Driving""]","[""Motor Vehicle in Motion"",""Motor Vehicle in Motion""]"
0,0,"Atlanta Police Department","2022-09-18","Sanders Ave Se and Moreland Ave Se","(C) Possible Injury / Complaint","Dark-Not Lighted","On Roadway - Driveway Intersection","Angle Crash","Moreland Ave Se","Dry","01:55:00","[""Unknown"",""Unknown""]","Clear",0,33.742194,-84.349248,"Atlanta","FULTON","[""Motor Vehicle in Motion"",""Motor Vehicle in Motion""]","Changed Lanes Improperly","[""Motor Vehicle in Motion"",""Motor Vehicle in Motion""]"
0,0,"Atlanta Police Department","2022-09-18","None and I-75","(O) No Injury","Daylight","On Roadway - Non-Intersection","Rear End","I-75","Dry","12:00:00","Lap and Shoulder Belt Used","Clear",0,33.742157,-84.391481,"Atlanta","FULTON","[""Motor Vehicle in Motion"",""Motor Vehicle in Motion""]","Following Too Close","[""Motor Vehicle in Motion"",""Motor Vehicle in Motion""]"
0,0,"Atlanta Police Department","2022-09-18","Exit 60A and Moreland Ave Se","(C) Possible Injury / Complaint","Dusk","On Roadway - Non-Intersection","Rear End","Moreland Ave Se","Dry","17:40:00","[""Lap and Shoulder Belt Used"",""Lap and Shoulder Belt Used""]","Clear",0,33.743903,-84.349235,"Atlanta","FULTON","[""Motor Vehicle in Motion"",""Motor Vehicle in Motion""]","Following Too Close","[""Motor Vehicle in Motion"",""Motor Vehicle in Motion""]"
0,0,"Atlanta Police Department","2022-09-18","I-75 and Exit 238B","(C) Possible Injury / Complaint","Daylight","On Roadway - Non-Intersection","Angle Crash","I-75","Dry","13:00:00","[""Unknown"",""Unknown"",""Unknown"",""Unknown""]","Clear",0,33.648212,-84.397415,"Atlanta","FULTON","[""Motor Vehicle in Motion"",""Motor Vehicle in Motion"",""Motor Vehicle in Motion""]",,"[""Motor Vehicle in Motion"",""Motor Vehicle in Motion"",""Motor Vehicle in Motion""]"
0,0,"Atlanta Police Department","2022-09-18","14Th St Nw and Northside Dr Nw","(C) Possible Injury / Complaint","Dark-Lighted","On Roadway - Roadway Intersection","Rear End","14Th St Nw","Dry","22:12:00","[""Unknown"",""Unknown"",""Unknown""]","Clear",0,33.786204,-84.407445,"Atlanta","FULTON","[""Motor Vehicle in Motion"",""Motor Vehicle in Motion""]","Following Too Close","[""Motor Vehicle in Motion"",""Motor Vehicle in Motion""]"
0,0,"Atlanta Police Department","2022-09-18","10Th St Nw and Techwood Dr Nw","(O) No Injury","Daylight","On Roadway - Roadway Intersection","Sideswipe-Same Direction","Techwood Dr Nw","Dry","17:17:00","[""Lap and Shoulder Belt Used"",""Lap and Shoulder Belt Used""]","Clear",0,33.781543,-84.391609,"Atlanta","FULTON","[""Motor Vehicle in Motion"",""Motor Vehicle in Motion""]","Disregard Other Traffic Control","[""Motor Vehicle in Motion"",""Motor Vehicle in Motion""]"
0,0,"Atlanta Police Department","2022-09-18","Roswell Rd Ne and Lakeland Dr Nw","(C) Possible Injury / Complaint","Daylight","Off Roadway - Sidewalk","Not a Collision with Motor Vehicle","Roswell Rd Ne","Dry","18:40:00","[""Lap and Shoulder Belt Used"",""Lap and Shoulder Belt Used"",""Lap and Shoulder Belt Used""]","Clear",0,33.849439,-84.38278,"Atlanta","FULTON","[""Motor Vehicle in Motion"",""Motor Vehicle in Motion""]","[""Too Fast for Conditions"",""Following Too Close""]","[""Motor Vehicle in Motion"",""Motor Vehicle in Motion""]"
0,0,"Gsp Post 00","2022-09-18","Ga-400 and Interstate 85 South","(O) No Injury","Dark-Lighted","On Roadway - Non-Intersection","Angle Crash","Interstate 85 South","Dry","23:37:00","[""Lap and Shoulder Belt Used"",""Lap and Shoulder Belt Used""]","Cloudy",0,33.821444,-84.360387,"Atlanta","FULTON","[""Motor Vehicle in Motion"",""Motor Vehicle in Motion""]",,"[""Motor Vehicle in Motion"",""Motor Vehicle in Motion""]"
0,0,"Atlanta Police Department","2022-09-18","Courtland St Ne and Andrew Young International Blvd Ne","(O) No Injury","Dark-Lighted","On Roadway - Roadway Intersection","Rear End","Andrew Young International Blvd Ne","Dry","05:00:00","[""Unknown"",""Unknown"",""Unknown"",""Unknown"",""Unknown"",""Unknown"",""Unknown""]","Clear",0,33.759644,-84.384199,"Atlanta","FULTON","[""Railway Train/Street Car"",""Railway Train/Street Car""]","Changed Lanes Improperly","[""Motor Vehicle in Motion"",""Motor Vehicle in Motion""]"
0,0,"Atlanta Police Department","2022-09-18","None and I-75","(O) No Injury","Daylight","On Roadway - Non-Intersection","Rear End","I-75","Dry","11:30:00","[""Unknown"",""Unknown"",""Unknown""]","Clear",0,33.74628,-84.388162,"Atlanta","FULTON","[""Motor Vehicle in Motion"",""Motor Vehicle in Motion""]","[""Too Fast for Conditions"",""Following Too Close""]","[""Motor Vehicle in Motion"",""Motor Vehicle in Motion""]"
0,0,"Atlanta Police Department","2022-09-18","The Prado Ne and Piedmont Ave Ne","(O) No Injury","Dark-Lighted","On Roadway - Roadway Intersection","Rear End","Piedmont Ave Ne","Dry","02:10:00","[""Unknown"",""Unknown""]","Clear",0,33.79172,-84.374167,"Atlanta","FULTON","[""Motor Vehicle in Motion"",""Motor Vehicle in Motion""]","[""Following Too Close"",""Disregard Stop Sign/Signal""]","[""Motor Vehicle in Motion"",""Motor Vehicle in Motion""]"
0,1,"Atlanta Police Department","2022-09-18","Oakdale Rd Ne and Ponce De Leon Ave Ne","(B) Suspected Minor/Visible Injury","Daylight","On Roadway - Roadway Intersection","Angle Crash","Ponce De Leon Ave Ne","Dry","01:06:00","[""Unknown"",""Unknown"",""Unknown"",""Unknown""]","Clear",0,33.775174,-84.341557,"Atlanta","DEKALB","[""Motor Vehicle in Motion"",""Motor Vehicle in Motion""]","[""Under the Influence (U.I.)"",""Failure to Yield""]","[""Motor Vehicle in Motion"",""Motor Vehicle in Motion""]"
0,0,"Atlanta Police Department","2022-09-18","I-75 S and Northside Dr Nw","(O) No Injury","Daylight","On Roadway - Non-Intersection","Sideswipe-Same Direction","Northside Dr Nw","Dry","15:45:00","[""Lap and Shoulder Belt Used"",""Lap and Shoulder Belt Used"",""Lap and Shoulder Belt Used"",""Lap and Shoulder Belt Used""]","Clear",0,33.801758,-84.407651,"Atlanta","FULTON","[""Motor Vehicle in Motion"",""Motor Vehicle in Motion""]","[""Changed Lanes Improperly"",""Disregard Stop Sign/Signal"",""Reckless Driving""]","[""Motor Vehicle in Motion"",""Motor Vehicle in Motion""]"
0,0,"Atlanta Police Department","2022-09-18","None and I-75 Exit 248A Rp","(C) Possible Injury / Complaint","Dark-Lighted","On Roadway - Non-Intersection","Rear End","I-75 Exit 248A Rp","Dry","20:50:00","[""Unknown"",""Unknown"",""Unknown"",""Unknown""]","Clear",0,33.750498,-84.381697,"Atlanta","FULTON","[""Motor Vehicle in Motion"",""Motor Vehicle in Motion""]","Following Too Close","[""Motor Vehicle in Motion"",""Motor Vehicle in Motion""]"
0,0,"Atlanta Police Department","2022-09-18","Northside Dr Nw and Donald Lee Hollowell Pkwy Nw","(O) No Injury","Dark-Lighted","On Roadway - Roadway Intersection","Angle Crash","Donald Lee Hollowell Pkwy Nw","Dry","21:27:00","[""Unknown"",""Unknown""]","Clear",0,33.773181,-84.408957,"Atlanta","FULTON","[""Motor Vehicle in Motion"",""Motor Vehicle in Motion""]","Disregard Stop Sign/Signal","[""Motor Vehicle in Motion"",""Motor Vehicle in Motion""]"
0,0,"Atlanta Police Department","2022-09-18","None and I-85","(C) Possible Injury / Complaint","Daylight","On Roadway - Non-Intersection","Rear End","I-85","Dry","17:06:00","[""Unknown"",""Unknown"",""Unknown""]","Clear",0,33.799967,-84.391135,"Atlanta","FULTON","[""Motor Vehicle in Motion"",""Motor Vehicle in Motion""]","[""Following Too Close"",""Driver Condition""]","[""Motor Vehicle in Motion"",""Motor Vehicle in Motion""]"
0,0,"Atlanta Police Department","2022-09-18","None and I-85","(C) Possible Injury / Complaint","Dark-Lighted","On Roadway - Non-Intersection","Rear End","I-85","Dry","00:14:00","[""Lap and Shoulder Belt Used"",""Lap and Shoulder Belt Used"",""Lap and Shoulder Belt Used"",""Lap and Shoulder Belt Used"",""Lap and Shoulder Belt Used"",""Lap and Shoulder Belt Used""]","Clear",0,33.803852,-84.384551,"Atlanta","FULTON","[""Motor Vehicle in Motion"",""Motor Vehicle in Motion"",""Motor Vehicle in Motion""]","Following Too Close","[""Motor Vehicle in Motion"",""Motor Vehicle in Motion"",""Motor Vehicle in Motion""]"
0,0,"Atlanta Police Department","2022-09-18","None and I-75","(C) Possible Injury / Complaint","Dark-Not Lighted","On Roadway - Non-Intersection","Rear End","I-75","Dry","03:00:00","[""Unknown"",""Lap and Shoulder Belt Used""]","Clear",0,33.679304,-84.398393,"Atlanta","FULTON","[""Motor Vehicle in Motion"",""Motor Vehicle in Motion""]","Following Too Close","Median Barrier"
0,0,"Atlanta Police Department","2022-09-18","None and I-20","(O) No Injury","Daylight","On Roadway - Non-Intersection","Sideswipe-Same Direction","I-20","Dry","10:00:00","[""Unknown"",""Unknown""]","Clear",0,33.751037,-84.456174,"Atlanta","FULTON","[""Motor Vehicle in Motion"",""Motor Vehicle in Motion""]","Changed Lanes Improperly","Motor Vehicle in Motion"
0,0,"Atlanta Police Department","2022-09-18","Vineyards Dr Se and Cleveland Ave Se","(C) Possible Injury / Complaint","Daylight","On Roadway - Non-Intersection","Angle Crash","Cleveland Ave Se","Dry","16:30:00","[""Unknown"",""Unknown""]","Clear",0,33.68068,-84.368039,"Atlanta","FULTON","[""Motor Vehicle in Motion"",""Motor Vehicle in Motion""]","Changed Lanes Improperly","[""Motor Vehicle in Motion"",""Motor Vehicle in Motion""]"
0,0,"Atlanta Police Department","2022-09-18","None and I-20","(O) No Injury","Daylight","On Roadway - Non-Intersection","Sideswipe-Same Direction","I-20","Dry","11:00:00","[""Unknown"",""Unknown"",""Unknown""]","Clear",0,33.742999,-84.422904,"Atlanta","FULTON","[""Motor Vehicle in Motion"",""Motor Vehicle in Motion""]","Failure to Yield","[""Motor Vehicle in Motion"",""Motor Vehicle in Motion""]"
0,0,"Atlanta Police Department","2022-09-18","Boulevard Se and Custer Ave Se","(C) Possible Injury / Complaint","Daylight","On Roadway - Roadway Intersection","Rear End","Boulevard Se","Dry","12:36:00","[""Unknown"",""Lap and Shoulder Belt Used"",""Lap and Shoulder Belt Used"",""Lap and Shoulder Belt Used"",""Child Restraint System (Properly Used)""]","Clear",0,33.717169,-84.368556,"Atlanta","FULTON","[""Motor Vehicle in Motion"",""Motor Vehicle in Motion""]","Following Too Close","[""Motor Vehicle in Motion"",""Motor Vehicle in Motion""]"
0,0,"Atlanta Police Department","2022-09-18","Wade Ave and Clay St Ne","(O) No Injury","Daylight","On Roadway - Non-Intersection","Angle Crash","Clay St Ne","Dry","11:00:00","Unknown","Clear",0,33.754587,-84.330365,"Atlanta","DEKALB","[""Motor Vehicle in Motion"",""Motor Vehicle in Motion""]","Changed Lanes Improperly","[""Motor Vehicle in Motion"",""Motor Vehicle in Motion""]"
0,0,"Atlanta Police Department","2022-09-18","I-75 and Northside Dr Nw","(O) No Injury","Dark-Lighted","Entrance/Exit Ramp","Sideswipe-Same Direction","I-75","Dry","19:40:00","[""Lap and Shoulder Belt Used"",""Lap and Shoulder Belt Used"",""Lap and Shoulder Belt Used"",""Lap and Shoulder Belt Used"",""Lap and Shoulder Belt Used"",""Lap and Shoulder Belt Used"",""Child Restraint System (Properly Used)"",""Lap and Shoulder Belt Used""]","Clear",0,33.803342,-84.408529,"Atlanta","FULTON","[""Motor Vehicle in Motion"",""Motor Vehicle in Motion""]","Changed Lanes Improperly","[""Motor Vehicle in Motion"",""Motor Vehicle in Motion""]"
0,0,"Atlanta Police Department","2022-09-18","Ralph Mcgill Blvd Ne and John Lewis Freedom Pkwy Ne","(C) Possible Injury / Complaint","Dark-Lighted","On Roadway - Non-Intersection","Angle Crash","Ralph Mcgill Blvd Ne","Dry","00:30:00","[""Unknown"",""Unknown"",""Unknown""]","Clear",0,33.768173,-84.358731,"Atlanta","FULTON","[""Motor Vehicle in Motion"",""Motor Vehicle in Motion"",""Motor Vehicle in Motion""]","Changed Lanes Improperly","[""Motor Vehicle in Motion"",""Motor Vehicle in Motion"",""Motor Vehicle in Motion""]"
0,0,"Atlanta Police Department","2022-09-18","Summit North Dr Ne and Sidney Marcus Blvd Ne","(O) No Injury","Dark-Lighted","On Roadway - Non-Intersection","Sideswipe-Same Direction","Sidney Marcus Blvd Ne","Dry","21:00:00","Lap and Shoulder Belt Used","Clear",0,33.825851,-84.362512,"Atlanta","FULTON","[""Motor Vehicle in Motion"",""Motor Vehicle in Motion""]",,"[""Motor Vehicle in Motion"",""Motor Vehicle in Motion""]"
0,0,"Atlanta Police Department","2022-09-18","Lenox Rd Ne and Peachtree Rd Ne","(O) No Injury","Daylight","On Roadway - Non-Intersection","Sideswipe-Same Direction","Peachtree Rd Ne","Dry","13:30:00","[""Unknown"",""Unknown""]","Clear",0,33.849396,-84.363301,"Atlanta","FULTON","[""Motor Vehicle in Motion"",""Motor Vehicle in Motion""]","[""Changed Lanes Improperly"",""Failure to Yield""]","[""Motor Vehicle in Motion"",""Motor Vehicle in Motion""]"
0,0,"Atlanta Police Department","2022-09-18","None and I-85","(O) No Injury","Daylight","On Roadway - Non-Intersection","Sideswipe-Same Direction","I-85","Dry","18:02:00","[""Unknown"",""Unknown""]","Clear",0,33.800354,-84.390416,"Atlanta","FULTON","[""Motor Vehicle in Motion"",""Motor Vehicle in Motion""]","[""Improper Passing"",""No Signal/Improper Signal""]","[""Motor Vehicle in Motion"",""Motor Vehicle in Motion""]"
0,0,"Atlanta Police Department","2022-09-18","Oak St Sw and Lee St Sw","(O) No Injury","Daylight","On Roadway - Non-Intersection","Angle Crash","Lee St Sw","Dry","09:56:00","[""Unknown"",""Unknown"",""Unknown"",""Child Restraint System (Properly Used)"",""Child Restraint System (Properly Used)"",""Child Restraint System (Properly Used)"",""Unknown""]","Cloudy",0,33.740409,-84.41408,"Atlanta","FULTON","[""Motor Vehicle in Motion"",""Motor Vehicle in Motion""]","Changed Lanes Improperly","[""Motor Vehicle in Motion"",""Motor Vehicle in Motion""]"
0,0,"Fulton Co Police Department","2022-09-18","I-20 Eb and Fulton Industrial","(O) No Injury","Dark-Lighted","On Roadway - Non-Intersection","Sideswipe-Same Direction","I-20 Eb","Dry","01:20:00","[""Lap and Shoulder Belt Used"",""Lap and Shoulder Belt Used"",""Lap and Shoulder Belt Used""]","Clear",0,33.765297,-84.514084,"Atlanta","FULTON","[""Motor Vehicle in Motion"",""Motor Vehicle in Motion""]",,"[""Motor Vehicle in Motion"",""Motor Vehicle in Motion""]"