"# Serious Injuries","# Visible Injuries","Agency Name (Crash Level) ","Date","Intersection Name (from Crash Report)","KABCO Severity","Light Conditions (Crash Level)","Location at Impact (Crash Level) ","Manner of Collision (Crash Level) ","Roadway (From Crash Report)","Surface Condition (Crash Level) ","Time","Safety Equipment (Crash Level) ","Weather Conditions (Crash Level)","# of Fatalities per Crash","Latitude","Longitude","Geolocated City","Geolocated County","First Harmful Event (Unit Order)","Operator/Pedestrian Contrib Factor (excl None, Other, No Contrib Factors)","Most Harmful Event (Crash Level)"
0,0,"Atlanta Police Department","2022-09-21","12Th St Ne and Peachtree St Ne","(C) Possible Injury / Complaint","Dark-Lighted","On Roadway - Roadway Intersection","Angle Crash","Peachtree St Ne","Dry","12:00:00","[""Lap and Shoulder Belt Used"",""Lap and Shoulder Belt Used"",""Lap Belt Only Used"",""Booster Seat (Properly Used)""]","Clear",0,33.784342,-84.383063,"Atlanta","FULTON","[""Motor Vehicle in Motion"",""Motor Vehicle in Motion""]","Changed Lanes Improperly","[""Motor Vehicle in Motion"",""Motor Vehicle in Motion""]"
0,0,"Atlanta Police Department","2022-09-21","Bolton Rd Nw and Northwest Dr Nw","(O) No Injury","Daylight","Entrance/Exit Ramp","Sideswipe-Same Direction","Bolton Rd Nw","Dry","13:30:00","[""Unknown"",""Lap and Shoulder Belt Used""]","Clear",0,33.800536,-84.487936,"Atlanta","FULTON","[""Motor Vehicle in Motion"",""Motor Vehicle in Motion""]","Improper Turn","[""Motor Vehicle in Motion"",""Motor Vehicle in Motion""]"
0,0,"Atlanta Police Department","2022-09-21","Lakewood Ter Se and Lakewood Ave Se","(O) No Injury","Dusk","On Roadway - Non-Intersection","Angle Crash","Lakewood Ave Se","Dry","20:30:00","[""Lap and Shoulder Belt Used"",""Lap and Shoulder Belt Used"",""Lap and Shoulder Belt Used""]","Clear",0,33.701747,-84.385752,"Atlanta","FULTON","[""Motor Vehicle in Motion"",""Motor Vehicle in Motion""]","Failure to Yield","[""Motor Vehicle in Motion"",""Motor Vehicle in Motion""]"
0,0,"Atlanta Police Department","2022-09-21","Piedmont Rd Ne and Lindbergh Way Ne","(O) No Injury","Daylight","On Roadway - Non-Intersection","Rear End","Lindbergh Way Ne","Dry","13:00:00","[""Unknown"",""Unknown""]","Clear",0,33.820641,-84.3684,"Atlanta","FULTON","[""Motor Vehicle in Motion"",""Motor Vehicle in Motion""]","Following Too Close","[""Motor Vehicle in Motion"",""Motor Vehicle in Motion""]"
0,0,"Atlanta Police Department","2022-09-21","Wieuca Rd Ne and Roswell Rd Ne","(O) No Injury","Daylight","On Roadway - Non-Intersection","Sideswipe-Same Direction","Roswell Rd Ne","Dry","07:55:00","[""Unknown"",""Child Restraint System (Properly Used)"",""Unknown""]","Clear",0,33.875771,-84.380481,"Atlanta","FULTON","[""Motor Vehicle in Motion"",""Motor Vehicle in Motion""]","Changed Lanes Improperly","[""Motor Vehicle in Motion"",""Motor Vehicle in Motion""]"
0,0,"Atlanta Police Department","2022-09-21","None and I-75","(O) No Injury","Daylight","On Roadway - Non-Intersection","Angle Crash","I-75","Dry","17:32:00","[""Unknown"",""Unknown""]","Clear",0,33.774846,-84.390555,"Atlanta","FULTON","[""Motor Vehicle in Motion"",""Motor Vehicle in Motion""]","Changed Lanes Improperly","[""Motor Vehicle in Motion"",""Motor Vehicle in Motion""]"
0,0,"Atlanta Police Department","2022-09-21","Bolton Rd Nw and Fairlane Dr Nw","(C) Possible Injury / Complaint","Dawn","On Roadway - Roadway Intersection","Angle Crash","Bolton Rd Nw","Dry","06:37:00","[""Lap and Shoulder Belt Used"",""Lap and Shoulder Belt Used"",""Lap and Shoulder Belt Used"",""Lap and Shoulder Belt Used""]","Clear",0,33.76652,-84.50924,"Atlanta","FULTON","[""Motor Vehicle in Motion"",""Motor Vehicle in Motion""]","Failure to Yield","[""Motor Vehicle in Motion"",""Motor Vehicle in Motion""]"
0,0,"Atlanta Police Department","2022-09-21","Piedmont Rd Ne and Peachtree Rd Ne","(C) Possible Injury / Complaint","Daylight","On Roadway - Roadway Intersection","Angle Crash","Piedmont Rd Ne","Dry","15:43:00","[""Lap and Shoulder Belt Used"",""Lap and Shoulder Belt Used"",""Lap and Shoulder Belt Used"",""Lap and Shoulder Belt Used""]","Clear",0,33.843796,-84.371405,"Atlanta","FULTON","[""Motor Vehicle in Motion"",""Motor Vehicle in Motion""]","Changed Lanes Improperly","[""Motor Vehicle in Motion"",""Motor Vehicle in Motion""]"
0,0,"Atlanta Police Department","2022-09-21","Pearl St Se and Memorial Dr Se","(C) Possible Injury / Complaint","Daylight","On Roadway - Non-Intersection","Rear End","Pearl St Se","Dry","12:40:00","[""Lap and Shoulder Belt Used"",""Lap and Shoulder Belt Used"",""Lap and Shoulder Belt Used""]","Clear",0,33.74663,-84.362325,"Atlanta","FULTON","[""Motor Vehicle in Motion"",""Motor Vehicle in Motion""]","Following Too Close","[""Motor Vehicle in Motion"",""Motor Vehicle in Motion""]"
0,0,"Atlanta Police Department","2022-09-21","Woodward Ave Se and Bill Kennedy Way Se","(C) Possible Injury / Complaint","Daylight","On Roadway - In Crosswalk","Not a Collision with Motor Vehicle","Woodward Ave Se","Dry","19:00:00","[""Unknown"",""Bicycle Helmet""]","Clear",0,33.745363,-84.358259,"Atlanta","FULTON","[""Motor Vehicle in Motion"",""Pedal-Cycle""]","[""Misjudged Clearance"",""Misjudged Clearance""]","[""Motor Vehicle in Motion"",""Pedal-Cycle""]"
0,0,"Atlanta Police Department","2022-09-21","None and Howell Mill Rd Nw","(O) No Injury","Daylight","On Roadway - Non-Intersection","Rear End","Howell Mill Rd Nw","Dry","16:32:00","[""Lap and Shoulder Belt Used"",""Lap and Shoulder Belt Used""]","Clear",0,33.80329,-84.414293,"Atlanta","FULTON","[""Motor Vehicle in Motion"",""Motor Vehicle in Motion""]","Following Too Close","[""Motor Vehicle in Motion"",""Motor Vehicle in Motion""]"
0,0,"Atlanta Police Department","2022-09-21","Pharr Rd Nw and Peachtree Rd Ne","(O) No Injury","Daylight","On Roadway - Roadway Intersection","Rear End","Peachtree Rd Ne","Dry","09:00:00","[""None Used"",""None Used""]","Clear",0,33.837209,-84.381357,"Atlanta","FULTON","[""Motor Vehicle in Motion"",""Motor Vehicle in Motion""]","Changed Lanes Improperly","[""Motor Vehicle in Motion"",""Motor Vehicle in Motion""]"
0,0,"Atlanta Police Department","2022-09-21","Marietta Blvd Nw and Chattahoochee Ave Nw","(O) No Injury","Daylight","On Roadway - Roadway Intersection","Angle Crash","Marietta Blvd Nw","Dry","08:30:00","[""Unknown"",""Unknown""]","Clear",0,33.810405,-84.438743,"Atlanta","FULTON","[""Motor Vehicle in Motion"",""Motor Vehicle in Motion""]",,"[""Motor Vehicle in Motion"",""Motor Vehicle in Motion""]"
0,0,"Atlanta Police Department","2022-09-21","10Th St Nw and Spring St Nw","(O) No Injury","Dark-Lighted","On Roadway - Roadway Intersection","Sideswipe-Same Direction","Spring St Nw","Dry","03:32:00","[""Unknown"",""Unknown""]","Clear",0,33.781507,-84.389146,"Atlanta","FULTON","[""Motor Vehicle in Motion"",""Motor Vehicle in Motion""]","Improper Turn","[""Motor Vehicle in Motion"",""Motor Vehicle in Motion""]"
0,0,"Atlanta Police Department","2022-09-21","Florence Pl Nw and Donald Lee Hollowell Pkwy Nw","(O) No Injury","Daylight","On Roadway - Non-Intersection","Sideswipe-Same Direction","Donald Lee Hollowell Pkwy Nw","Dry","18:15:00","[""Lap and Shoulder Belt Used"",""Lap and Shoulder Belt Used""]","Clear",0,33.772745,-84.441852,"Atlanta","FULTON","[""Motor Vehicle in Motion"",""Motor Vehicle in Motion""]","[""Aggressive Driving"",""Misjudged Clearance""]","[""Motor Vehicle in Motion"",""Motor Vehicle in Motion""]"
0,0,"Gsp Post 00","2022-09-21","None and 74 Fulton St Se","(O) No Injury","Daylight","On Roadway - Non-Intersection","Rear End","74 Fulton St Se","Dry","16:20:00","[""None Used"",""None Used"",""Lap and Shoulder Belt Used"",""Lap and Shoulder Belt Used""]","Clear",0,33.742015,-84.385116,"Atlanta","FULTON","[""Motor Vehicle in Motion"",""Motor Vehicle in Motion""]","[""Reckless Driving"",""Disregard Police - Evasion""]","[""Motor Vehicle in Motion"",""Motor Vehicle in Motion""]"
0,0,"Atlanta Police Department","2022-09-21","Gennessee Ave Sw and Metropolitan Pkwy Sw","(O) No Injury","Daylight","On Roadway - Managed Lane (HOV, HOT, Reversible)","Sideswipe-Same Direction","Metropolitan Pkwy Sw","Dry","09:16:00","[""Unknown"",""Unknown""]","Clear",0,33.716088,-84.407889,"Atlanta","FULTON","[""Motor Vehicle in Motion"",""Motor Vehicle in Motion""]","Changed Lanes Improperly","[""Motor Vehicle in Motion"",""Motor Vehicle in Motion""]"
0,0,"Atlanta Police Department","2022-09-21","Marietta Blvd Nw and Chattahoochee Ave Nw","(O) No Injury","Daylight","On Roadway - Non-Intersection","Sideswipe-Same Direction","Chattahoochee Ave Nw","Dry","08:55:00","[""Unknown"",""Unknown""]","Clear",0,33.809963,-84.438082,"Atlanta","FULTON","[""Motor Vehicle in Motion"",""Motor Vehicle in Motion""]","Changed Lanes Improperly","[""Motor Vehicle in Motion"",""Motor Vehicle in Motion""]"
0,0,"Atlanta Police Department","2022-09-21","None and I-20","(C) Possible Injury / Complaint","Daylight","On Roadway - Non-Intersection","Rear End","I-20","Dry","08:20:00","[""Unknown"",""Unknown""]","Clear",0,33.750689,-84.454675,"Atlanta","FULTON","[""Motor Vehicle in Motion"",""Motor Vehicle in Motion""]","Following Too Close","[""Motor Vehicle in Motion"",""Motor Vehicle in Motion""]"
0,0,"Atlanta Police Department","2022-09-21","None and I-85","(O) No Injury","Daylight","On Roadway - Non-Intersection","Sideswipe-Same Direction","I-85","Dry","14:25:00","[""Unknown"",""Unknown""]","Clear",0,33.683792,-84.409117,"Atlanta","FULTON","[""Motor Vehicle in Motion"",""Motor Vehicle in Motion""]","Changed Lanes Improperly","[""Motor Vehicle in Motion"",""Motor Vehicle in Motion""]"
0,0,"Atlanta Police Department","2022-09-21","I-75 and 10Th St Nw","(O) No Injury","Daylight","On Roadway - Non-Intersection","Rear End","I-75","Dry","16:25:00","[""Unknown"",""Unknown""]","Clear",0,33.782158,-84.391214,"Atlanta","FULTON","[""Motor Vehicle in Motion"",""Motor Vehicle in Motion""]","Following Too Close","[""Motor Vehicle in Motion"",""Motor Vehicle in Motion""]"
0,0,"Atlanta Police Department","2022-09-21","None and I-75","(O) No Injury","Dark-Lighted","On Roadway - Non-Intersection","Sideswipe-Same Direction","I-75","Dry","05:38:00","[""Unknown"",""Unknown""]","Clear",0,33.766519,-84.387201,"Atlanta","FULTON","[""Motor Vehicle in Motion"",""Motor Vehicle in Motion""]","Changed Lanes Improperly","[""Motor Vehicle in Motion"",""Motor Vehicle in Motion""]"
0,0,"Atlanta Police Department","2022-09-21","None and I-75","(O) No Injury","Daylight","On Roadway - Non-Intersection","Sideswipe-Same Direction","I-75","Dry","18:15:00","[""Unknown"",""Unknown""]","Clear",0,33.750319,-84.381914,"Atlanta","FULTON","[""Motor Vehicle in Motion"",""Motor Vehicle in Motion""]","Changed Lanes Improperly","[""Motor Vehicle in Motion"",""Motor Vehicle in Motion""]"
0,0,"Atlanta Police Department","2022-09-21","I-20 and Exit 59B","(O) No Injury","Daylight","On Roadway - Roadway Intersection","Sideswipe-Same Direction","I-20","Dry","10:00:00","[""Lap and Shoulder Belt Used"",""Lap and Shoulder Belt Used""]","Clear",0,33.743574,-84.367135,"Atlanta","FULTON","[""Motor Vehicle in Motion"",""Motor Vehicle in Motion""]","Changed Lanes Improperly","[""Motor Vehicle in Motion"",""Motor Vehicle in Motion""]"
0,1,"Gsp Post 00","2022-09-21","Delowe and 2097 Campbellton Rd Sw","(B) Suspected Minor/Visible Injury","Daylight","On Roadway - Roadway Intersection","Rear End","2097 Campbellton Rd Sw","Dry","11:30:00","[""Lap and Shoulder Belt Used"",""Lap and Shoulder Belt Used""]","Clear",0,33.706415,-84.457443,"Atlanta","FULTON","[""Motor Vehicle in Motion"",""Motor Vehicle in Motion""]","Following Too Close","[""Motor Vehicle in Motion"",""Motor Vehicle in Motion""]"
0,0,"Atlanta Police Department","2022-09-21","Beverly Rd Ne and Peachtree St Ne","(O) No Injury","Daylight","On Roadway - Non-Intersection","Angle Crash","Peachtree St Ne","Dry","08:00:00","[""Unknown"",""Unknown""]","Clear",0,33.796755,-84.387995,"Atlanta","FULTON","[""Motor Vehicle in Motion"",""Motor Vehicle in Motion""]","Changed Lanes Improperly","[""Motor Vehicle in Motion"",""Motor Vehicle in Motion""]"
0,0,"Atlanta Police Department","2022-09-21","None and I-75","(O) No Injury","Daylight","On Roadway - Non-Intersection","Rear End","I-75","Dry","18:04:00","[""Lap and Shoulder Belt Used"",""Lap and Shoulder Belt Used""]","Clear",0,33.805221,-84.412941,"Atlanta","FULTON","[""Motor Vehicle in Motion"",""Motor Vehicle in Motion""]","Following Too Close","[""Motor Vehicle in Motion"",""Motor Vehicle in Motion""]"
0,0,"Atlanta Police Department","2022-09-21","Boulevard Ne and Highland Ave Ne","(O) No Injury","Dark-Lighted","On Roadway - Roadway Intersection","Head On","Highland Ave Ne","Dry","06:08:00","[""Unknown"",""Lap and Shoulder Belt Used""]","Clear",0,33.761356,-84.372027,"Atlanta","FULTON","[""Motor Vehicle in Motion"",""Motor Vehicle in Motion""]","[""Failure to Yield"",""Improper Turn""]","[""Motor Vehicle in Motion"",""Motor Vehicle in Motion""]"
0,0,"Atlanta Police Department","2022-09-21","Paynes Ave Nw and Donald Lee Hollowell Pkwy Nw","(C) Possible Injury / Complaint","Daylight","On Roadway - Roadway Intersection","Angle Crash","Paynes Ave Nw","Dry","11:15:00","[""Lap and Shoulder Belt Used"",""Lap and Shoulder Belt Used""]","Clear",0,33.773057,-84.414406,"Atlanta","FULTON","[""Motor Vehicle in Motion"",""Motor Vehicle in Motion""]","Failure to Yield","[""Motor Vehicle in Motion"",""Motor Vehicle in Motion""]"
0,0,"Atlanta Police Department","2022-09-21","Fairburn Rd Sw and Campbellton Rd Sw","(O) No Injury","Daylight","On Roadway - Roadway Intersection","Rear End","Campbellton Rd Sw","Dry","17:15:00","[""Lap and Shoulder Belt Used"",""Lap and Shoulder Belt Used"",""Lap and Shoulder Belt Used""]","Clear",0,33.690552,-84.511009,"Atlanta","FULTON","[""Motor Vehicle in Motion"",""Motor Vehicle in Motion""]","Following Too Close","[""Motor Vehicle in Motion"",""Motor Vehicle in Motion""]"
0,0,"Atlanta Police Department","2022-09-21","Bolton Rd Nw and Parrott Ave Nw","(O) No Injury","Daylight","On Roadway - Non-Intersection","Sideswipe-Same Direction","Bolton Rd Nw","Dry","16:00:00","[""Lap and Shoulder Belt Used"",""Lap and Shoulder Belt Used""]","Clear",0,33.810677,-84.477556,"Atlanta","FULTON","[""Parked Motor Vehicle"",""Motor Vehicle in Motion""]","Changed Lanes Improperly","[""Motor Vehicle in Motion"",""Motor Vehicle in Motion""]"
0,0,"Atlanta Police Department","2022-09-21","Kenner Dr Sw and Bakers Ferry Dr Sw","(C) Possible Injury / Complaint","Daylight","On Roadway - Non-Intersection","Sideswipe-Same Direction","Bakers Ferry Dr Sw","Dry","07:35:00","[""Unknown"",""Unknown"",""Unknown""]","Clear",0,33.759905,-84.50779,"Atlanta","FULTON","[""Motor Vehicle in Motion"",""Motor Vehicle in Motion""]","Changed Lanes Improperly","[""Motor Vehicle in Motion"",""Motor Vehicle in Motion""]"
0,0,"Gsp Post 00","2022-09-21","University Avenue and I-7585 Northbound","(C) Possible Injury / Complaint","Daylight","On Roadway - Non-Intersection","Rear End","I-7585 Northbound","Dry","18:03:00","[""Lap and Shoulder Belt Used"",""Lap and Shoulder Belt Used""]","Clear",0,33.720714,-84.395642,"Atlanta","FULTON","[""Motor Vehicle in Motion"",""Motor Vehicle in Motion""]","Under the Influence (U.I.)","[""Motor Vehicle in Motion"",""Motor Vehicle in Motion""]"
0,0,"South Fulton Police Department","2022-09-21","1-285 Nb Ramp and Cascade Rd Sw","(O) No Injury","Daylight","On Roadway - Roadway Intersection","Angle Crash","Cascade Rd Sw","Dry","12:05:00","[""Lap and Shoulder Belt Used"",""Lap and Shoulder Belt Used""]","Clear",0,33.723021,-84.502106,"South Fulton","FULTON","[""Motor Vehicle in Motion"",""Motor Vehicle in Motion""]",,"[""Motor Vehicle in Motion"",""Motor Vehicle in Motion""]"
0,0,"Atlanta Police Department","2022-09-21","Boulevard Se and Mcdonald St Se","(C) Possible Injury / Complaint","Dawn","On Roadway - Roadway Intersection","Angle Crash","Mcdonald St Se","Dry","07:08:00","[""Lap and Shoulder Belt Used"",""Lap and Shoulder Belt Used""]","Clear",0,33.746044,-84.368115,"Atlanta","FULTON","[""Motor Vehicle in Motion"",""Motor Vehicle in Motion""]","[""Vision Obscured"",""Failure to Yield""]","[""Motor Vehicle in Motion"",""Motor Vehicle in Motion""]"
0,0,"Atlanta Police Department","2022-09-21","Hank Aaron Dr Se and Mcdonough Blvd Se","(O) No Injury","Daylight","On Roadway - Non-Intersection","Angle Crash","Hank Aaron Dr Se","Dry","19:00:00","[""None Used"",""None Used"",""None Used""]","Clear",0,33.721821,-84.388332,"Atlanta","FULTON","[""Motor Vehicle in Motion"",""Motor Vehicle in Motion""]",,"[""Motor Vehicle in Motion"",""Motor Vehicle in Motion""]"
0,0,"Atlanta Police Department","2022-09-21","Ponce De Leon Pl Ne and Ponce De Leon Ave Ne","(C) Possible Injury / Complaint","Daylight","On Roadway - Non-Intersection","Sideswipe-Same Direction","Ponce De Leon Pl Ne","Dry","16:42:00","[""Unknown"",""Unknown""]","Clear",0,33.773568,-84.363797,"Atlanta","FULTON","[""Motor Vehicle in Motion"",""Motor Vehicle in Motion""]","Changed Lanes Improperly","[""Motor Vehicle in Motion"",""Motor Vehicle in Motion""]"
0,0,"Atlanta Police Department","2022-09-21","Ethel St Nw and Northside Dr Nw","(O) No Injury","Daylight","On Roadway - Non-Intersection","Angle Crash","Northside Dr Nw","Dry","14:53:00","[""Unknown"",""Unknown""]","Clear",0,33.785214,-84.407452,"Atlanta","FULTON","[""Motor Vehicle in Motion"",""Motor Vehicle in Motion""]",,"[""Motor Vehicle in Motion"",""Motor Vehicle in Motion""]"
0,0,"Atlanta Police Department","2022-09-21","I-75 S and Ralph Mcgill Blvd Ne","(O) No Injury","Daylight","On Roadway - Non-Intersection","Rear End","Ralph Mcgill Blvd Ne","Dry","09:13:00","[""Unknown"",""Unknown""]","Clear",0,33.764376,-84.384403,"Atlanta","FULTON","[""Motor Vehicle in Motion"",""Motor Vehicle in Motion""]","Following Too Close","[""Motor Vehicle in Motion"",""Motor Vehicle in Motion""]"
0,0,"Atlanta Police Department","2022-09-21","None and I-20","(C) Possible Injury / Complaint","Dark-Lighted","On Roadway - Non-Intersection","Rear End","I-20","Dry","05:25:00","[""Lap and Shoulder Belt Used"",""Lap and Shoulder Belt Used""]","Cloudy",0,33.759239,-84.478207,"Atlanta","FULTON","[""Motor Vehicle in Motion"",""Motor Vehicle in Motion""]","Following Too Close","[""Motor Vehicle in Motion"",""Motor Vehicle in Motion""]"
0,0,"Atlanta Police Department","2022-09-21","Capitol Sq Sw and Capitol Ave Se","(C) Possible Injury / Complaint","Daylight","On Roadway - Non-Intersection","Rear End","Capitol Ave Se","Dry","13:05:00","[""Unknown"",""Unknown"",""Unknown""]","Clear",0,33.747657,-84.387705,"Atlanta","FULTON","[""Motor Vehicle in Motion"",""Motor Vehicle in Motion""]","[""Following Too Close"",""Improper Backing""]","[""Motor Vehicle in Motion"",""Motor Vehicle in Motion""]"
0,0,"Atlanta Police Department","2022-09-21","Hill St Se and Decatur St Se","(O) No Injury","Dark-Lighted","On Roadway - Driveway Intersection","Angle Crash","Decatur St Se","Dry","21:38:00","[""Unknown"",""Lap and Shoulder Belt Used""]","Clear",0,33.749837,-84.378975,"Atlanta","FULTON","[""Motor Vehicle in Motion"",""Motor Vehicle in Motion""]","Failure to Yield","[""Motor Vehicle in Motion"",""Motor Vehicle in Motion""]"
0,0,"Atlanta Police Department","2022-09-21","None and Langford Pkwy","(O) No Injury","Daylight","On Roadway - Non-Intersection","Sideswipe-Same Direction","Langford Pkwy","Dry","17:36:00","[""Lap and Shoulder Belt Used"",""Lap and Shoulder Belt Used""]","Clear",0,33.696616,-84.410927,"Atlanta","FULTON","[""Motor Vehicle in Motion"",""Motor Vehicle in Motion""]",,"[""Motor Vehicle in Motion"",""Motor Vehicle in Motion""]"
0,0,"Atlanta Police Department","2022-09-22","W Peachtree St Nw and Ponce De Leon Ave Nw","(O) No Injury","Daylight","On Roadway - In Crosswalk","Angle Crash","Ponce De Leon Ave Nw","Dry","06:04:00","[""Lap and Shoulder Belt Used"",""Lap and Shoulder Belt Used""]","Clear",0,33.772314,-84.387352,"Atlanta","FULTON","[""Motor Vehicle in Motion"",""Motor Vehicle in Motion""]","Disregard Stop Sign/Signal","[""Motor Vehicle in Motion"",""Motor Vehicle in Motion""]"
0,0,"Atlanta Police Department","2022-09-22","Piedmont Rd Ne and Peachtree Rd Ne","(O) No Injury","Daylight","On Roadway - Roadway Intersection","Angle Crash","Peachtree Rd Ne","Dry","14:59:00","[""Lap and Shoulder Belt Used"",""Lap and Shoulder Belt Used""]","Clear",0,33.843905,-84.371054,"Atlanta","FULTON","[""Motor Vehicle in Motion"",""Motor Vehicle in Motion""]","Changed Lanes Improperly","[""Motor Vehicle in Motion"",""Motor Vehicle in Motion""]"
0,0,"Atlanta Police Department","2022-09-22","Piedmont Ave Ne and Andrew Young International Blvd Ne","(O) No Injury","Daylight","On Roadway - Non-Intersection","Rear End","Piedmont Ave Ne","Dry","16:01:00","[""Unknown"",""Unknown""]","Clear",0,33.759631,-84.382185,"Atlanta","FULTON","[""Parked Motor Vehicle"",""Motor Vehicle in Motion""]","Following Too Close","[""Parked Motor Vehicle"",""Motor Vehicle in Motion""]"
0,0,"Atlanta Police Department","2022-09-22","I-75 and Pryor St Sw","(O) No Injury","Dark-Lighted","On Roadway - Roadway Intersection","Sideswipe-Same Direction","I-75","Dry","21:30:00","[""None Used"",""Lap and Shoulder Belt Used""]","Clear",0,33.730165,-84.392792,"Atlanta","FULTON","[""Motor Vehicle in Motion"",""Motor Vehicle in Motion""]",,"[""Motor Vehicle in Motion"",""Motor Vehicle in Motion""]"
0,0,"Atlanta Police Department","2022-09-22","Northside Dr Nw and Spring Valley Rd Nw","(O) No Injury","Dark-Lighted","On Roadway - Roadway Intersection","Rear End","Northside Dr Nw","Dry","19:11:00","[""Lap and Shoulder Belt Used"",""Lap and Shoulder Belt Used""]","Clear",0,33.808294,-84.407791,"Atlanta","FULTON","[""Motor Vehicle in Motion"",""Motor Vehicle in Motion""]","Following Too Close","[""Motor Vehicle in Motion"",""Motor Vehicle in Motion""]"
0,0,"Gsp Post 00","2022-09-22","None and Edgewood Ave Entrance Ramp To","(O) No Injury","Daylight","Entrance/Exit Ramp","Rear End","Edgewood Ave Entrance Ramp To","Dry","18:08:00","[""Unknown"",""Lap and Shoulder Belt Used""]","Clear",0,33.751384,-84.380855,"Atlanta","FULTON","[""Motor Vehicle in Motion"",""Motor Vehicle in Motion""]","Following Too Close","[""Motor Vehicle in Motion"",""Motor Vehicle in Motion""]"
0,0,"Atlanta Police Department","2022-09-22","Lenox Rd Ne and Peachtree Rd Ne","(O) No Injury","Daylight","On Roadway - Non-Intersection","Sideswipe-Same Direction","Lenox Rd Ne","Dry","15:15:00","[""Lap and Shoulder Belt Used"",""None Used"",""None Used"",""None Used"",""None Used"",""None Used"",""None Used"",""None Used"",""None Used"",""None Used"",""None Used"",""None Used"",""None Used"",""None Used"",""None Used"",""None Used"",""None Used"",""None Used"",""None Used"",""None Used"",""None Used"",""None Used"",""None Used"",""None Used"",""None Used"",""None Used"",""None Used"",""None Used"",""None Used"",""None Used"",""None Used"",""None Used"",""None Used"",""None Used"",""None Used"",""None Used"",""None Used"",""None Used"",""None Used"",""None Used"",""None Used"",""None Used"",""None Used"",""None Used"",""None Used"",""None Used"",""None Used"",""None Used"",""None Used"",""None Used"",""None Used"",""None Used"",""None Used"",""None Used"",""Unknown""]","Cloudy",0,33.850075,-84.361592,"Atlanta","FULTON","[""Motor Vehicle in Motion"",""Motor Vehicle in Motion""]",,"[""Motor Vehicle in Motion"",""Motor Vehicle in Motion""]"
0,0,"Atlanta Police Department","2022-09-22","Westmont Rd Sw and Richland Rd Sw","(O) No Injury","Dark-Lighted","On Roadway - Non-Intersection","Angle Crash","Richland Rd Sw","Dry","21:14:00","[""Lap and Shoulder Belt Used"",""None Used"",""Lap and Shoulder Belt Used""]","Clear",0,33.731285,-84.43758,"Atlanta","FULTON","[""Motor Vehicle in Motion"",""Motor Vehicle in Motion""]","[""Improper Turn"",""Misjudged Clearance""]","[""Motor Vehicle in Motion"",""Motor Vehicle in Motion""]"
0,0,"Atlanta Police Department","2022-09-22","Howell Mill Rd Nw and Chattahoochee Ave Nw","(O) No Injury","Dusk","On Roadway - Roadway Intersection","Sideswipe-Same Direction","Howell Mill Rd Nw","Dry","19:30:00","[""Unknown"",""Unknown"",""Unknown""]","Clear",0,33.799686,-84.416005,"Atlanta","FULTON","[""Motor Vehicle in Motion"",""Motor Vehicle in Motion"",""Motor Vehicle in Motion""]","Changed Lanes Improperly","[""Motor Vehicle in Motion"",""Motor Vehicle in Motion"",""Motor Vehicle in Motion""]"
0,0,"Gsp Post 00","2022-09-22","Chesire Bridge Road and Interstate 85 South","(O) No Injury","Daylight","On Roadway - Non-Intersection","Sideswipe-Same Direction","Interstate 85 South","Dry","17:32:00","[""Lap and Shoulder Belt Used"",""Lap and Shoulder Belt Used""]","Clear",0,33.825079,-84.349199,"Atlanta","FULTON","[""Motor Vehicle in Motion"",""Motor Vehicle in Motion""]","Changed Lanes Improperly","[""Motor Vehicle in Motion"",""Motor Vehicle in Motion""]"
0,0,"Gsp Post 00","2022-09-22","I-75/85 and I-20 West","(O) No Injury","Daylight","On Roadway - Non-Intersection","Rear End","I-20 West","Dry","13:22:00","[""Lap and Shoulder Belt Used"",""Lap and Shoulder Belt Used"",""Lap and Shoulder Belt Used"",""Lap and Shoulder Belt Used""]","Clear",0,33.745175,-84.39013,"Atlanta","FULTON","[""Motor Vehicle in Motion"",""Motor Vehicle in Motion""]","Following Too Close","[""Motor Vehicle in Motion"",""Motor Vehicle in Motion""]"
0,0,"Gsp Post 00","2022-09-22","I-85 N and Ga 400 N","(O) No Injury","Daylight","On Roadway - Non-Intersection","Sideswipe-Same Direction","I-85 N","Dry","11:35:00","[""Lap and Shoulder Belt Used"",""Lap and Shoulder Belt Used""]","Clear",0,33.819415,-84.361671,"Atlanta","FULTON","[""Motor Vehicle in Motion"",""Motor Vehicle in Motion""]",,"[""Motor Vehicle in Motion"",""Motor Vehicle in Motion""]"
0,0,"Gsp Post 00","2022-09-22","I-7585 North and Exit Lanes To Sr166","(O) No Injury","Daylight","On Roadway - Non-Intersection","Sideswipe-Same Direction","I-7585 North","Dry","07:05:00","[""Lap and Shoulder Belt Used"",""Lap and Shoulder Belt Used"",""Lap and Shoulder Belt Used""]","Clear",0,33.685289,-84.398622,"Atlanta","FULTON","[""Motor Vehicle in Motion"",""Motor Vehicle in Motion""]","Changed Lanes Improperly","[""Motor Vehicle in Motion"",""Motor Vehicle in Motion""]"
0,0,"Atlanta Police Department","2022-09-22","None and I-85","(O) No Injury","Dark-Lighted","On Roadway - Non-Intersection","Sideswipe-Same Direction","I-85","Dry","07:37:00","[""Unknown"",""Lap and Shoulder Belt Used""]","Clear",0,33.818417,-84.361592,"Atlanta","FULTON","[""Motor Vehicle in Motion"",""Motor Vehicle in Motion""]","Misjudged Clearance","[""Motor Vehicle in Motion"",""Motor Vehicle in Motion""]"