"# Serious Injuries","# Visible Injuries","Agency Name (Crash Level) ","Date","Intersection Name (from Crash Report)","KABCO Severity","Light Conditions (Crash Level)","Location at Impact (Crash Level) ","Manner of Collision (Crash Level) ","Roadway (From Crash Report)","Surface Condition (Crash Level) ","Time","Safety Equipment (Crash Level) ","Weather Conditions (Crash Level)","# of Fatalities per Crash","Latitude","Longitude","Geolocated City","Geolocated County","First Harmful Event (Unit Order)","Operator/Pedestrian Contrib Factor (excl None, Other, No Contrib Factors)","Most Harmful Event (Crash Level)"
0,0,"Gsp Post 00","2022-09-22","I-7585Nb and University Ave","(C) Possible Injury / Complaint","Dark-Lighted","On Roadway - Non-Intersection","Rear End","I-7585Nb","Dry","05:55:00","[""Unknown"",""Lap Belt Only Used"",""Lap and Shoulder Belt Used"",""Lap and Shoulder Belt Used""]","Clear",0,33.720726,-84.395634,"Atlanta","FULTON","[""Motor Vehicle in Motion"",""Motor Vehicle in Motion"",""Motor Vehicle in Motion"",""Motor Vehicle in Motion""]","Following Too Close","[""Motor Vehicle in Motion"",""Motor Vehicle in Motion"",""Motor Vehicle in Motion"",""Motor Vehicle in Motion""]"
0,0,"Atlanta Police Department","2022-09-22","11Th St Ne and Peachtree Walk Ne","(O) No Injury","Dark-Lighted","On Roadway - Roadway Intersection","Rear End","11Th St Ne","Dry","22:15:00","[""Unknown"",""Lap and Shoulder Belt Used"",""Lap and Shoulder Belt Used""]","Clear",0,33.783272,-84.386289,"Atlanta","FULTON","[""Motor Vehicle in Motion"",""Motor Vehicle in Motion""]","[""Disregard Other Traffic Control"",""Inattentive or Other Distraction (Distracted)"",""Following Too Close""]","[""Motor Vehicle in Motion"",""Motor Vehicle in Motion""]"
0,0,"Gsp Post 00","2022-09-22","I-75I-85Nb and Piedmont Ave","(O) No Injury","Daylight","On Roadway - Non-Intersection","Rear End","I-75I-85Nb","Wet","19:00:00","[""Lap and Shoulder Belt Used"",""Lap and Shoulder Belt Used""]","Clear",0,33.763858,-84.383973,"Atlanta","FULTON","[""Motor Vehicle in Motion"",""Motor Vehicle in Motion""]","Following Too Close","[""Motor Vehicle in Motion"",""Motor Vehicle in Motion""]"
0,0,"Atlanta Police Department","2022-09-22","Howard St Nw and Martin Luther King Jr Dr Sw","(O) No Injury","Dark-Not Lighted","Off Roadway","Angle Crash","Martin Luther King Jr Dr Sw","Dry","02:40:00","[""Unknown"",""Unknown"",""Unknown"",""Unknown""]","Clear",0,33.750075,-84.452259,"Atlanta","FULTON","[""Motor Vehicle in Motion"",""Motor Vehicle in Motion""]","Improper Backing","[""Motor Vehicle in Motion"",""Motor Vehicle in Motion""]"
0,0,"Atlanta Police Department","2022-09-22","Fairburn Rd Sw and Boulder Park Dr Sw","(O) No Injury","Daylight","On Roadway - Roadway Intersection","Sideswipe-Same Direction","Fairburn Rd Sw","Dry","14:50:00","[""Unknown"",""Lap and Shoulder Belt Used""]","Clear",0,33.748738,-84.508289,"Atlanta","FULTON","[""Motor Vehicle in Motion"",""Motor Vehicle in Motion""]","Improper Passing","Motor Vehicle in Motion"
0,0,"Atlanta Police Department","2022-09-22","4Th St Nw and Spring St Nw","(O) No Injury","Daylight","On Roadway - Managed Lane (HOV, HOT, Reversible)","Angle Crash","Spring St Nw","Water (standing or moving)","18:26:00","[""Unknown"",""Unknown""]","Clear",0,33.775084,-84.388818,"Atlanta","FULTON","[""Motor Vehicle in Motion"",""Motor Vehicle in Motion""]",,"[""Motor Vehicle in Motion"",""Motor Vehicle in Motion""]"
0,0,"Atlanta Police Department","2022-09-22","Amal Dr Sw and Pryor Rd Sw","(O) No Injury","Daylight","On Roadway - Roadway Intersection","Rear End","Amal Dr Sw","Dry","17:42:00","[""Lap and Shoulder Belt Used"",""Lap and Shoulder Belt Used""]","Clear",0,33.707004,-84.397576,"Atlanta","FULTON","[""Motor Vehicle in Motion"",""Motor Vehicle in Motion""]","Following Too Close","[""Motor Vehicle in Motion"",""Motor Vehicle in Motion""]"
0,0,"Atlanta Police Department","2022-09-22","Ga-13 N and Peachtree St Ne","(O) No Injury","Dark-Lighted","On Roadway - Roadway Intersection","Rear End","Peachtree St Ne","Dry","19:30:00","[""Lap and Shoulder Belt Used"",""Lap and Shoulder Belt Used""]","Clear",0,33.798097,-84.390609,"Atlanta","FULTON","[""Motor Vehicle in Motion"",""Motor Vehicle in Motion""]",,"[""Motor Vehicle in Motion"",""Motor Vehicle in Motion""]"
0,0,"Atlanta Police Department","2022-09-22","Love St Sw and Cooper St Sw","(O) No Injury","Daylight","On Roadway - Non-Intersection","Sideswipe-Same Direction","Cooper St Sw","Dry","19:16:00","Unknown","Clear",0,33.733958,-84.397123,"Atlanta","FULTON","[""Motor Vehicle in Motion"",""Motor Vehicle in Motion""]",,"[""Motor Vehicle in Motion"",""Parked Motor Vehicle""]"
0,0,"Atlanta Police Department","2022-09-22","Pine St Ne and Courtland St Ne","(O) No Injury","Daylight","On Roadway - Non-Intersection","Sideswipe-Same Direction","Courtland St Ne","Dry","15:46:00","[""Lap and Shoulder Belt Used"",""Lap and Shoulder Belt Used""]","Clear",0,33.767253,-84.384085,"Atlanta","FULTON","[""Motor Vehicle in Motion"",""Motor Vehicle in Motion""]","Changed Lanes Improperly","[""Motor Vehicle in Motion"",""Motor Vehicle in Motion""]"
0,0,"Atlanta Police Department","2022-09-22","Pollard Blvd Sw and Ralph David Abernathy Blvd Sw","(O) No Injury","Daylight","On Roadway - Non-Intersection","Angle Crash","Pollard Blvd Sw","Dry","16:44:00","[""None Used"",""None Used""]","Clear",0,33.736881,-84.390918,"Atlanta","FULTON","[""Motor Vehicle in Motion"",""Motor Vehicle in Motion""]",,"[""Motor Vehicle in Motion"",""Motor Vehicle in Motion""]"
0,1,"Atlanta Police Department","2022-09-22","14Th St Nw and Atlantic Dr Nw","(B) Suspected Minor/Visible Injury","Daylight","On Roadway - Roadway Intersection","Angle Crash","Atlantic Dr Nw","Dry","16:56:00","[""Unknown"",""Unknown""]","Clear",0,33.786175,-84.397662,"Atlanta","FULTON","[""Motor Vehicle in Motion"",""Motor Vehicle in Motion""]",,"[""Motor Vehicle in Motion"",""Motor Vehicle in Motion""]"
0,0,"Gsp Post 00","2022-09-22","Hill St and I-20 West","(O) No Injury","Daylight","On Roadway - Non-Intersection","Rear End","I-20 West","Dry","10:14:00","[""Lap and Shoulder Belt Used"",""Lap and Shoulder Belt Used"",""Lap and Shoulder Belt Used""]","Clear",0,33.743443,-84.382005,"Atlanta","FULTON","[""Motor Vehicle in Motion"",""Motor Vehicle in Motion""]","Following Too Close","[""Motor Vehicle in Motion"",""Motor Vehicle in Motion""]"
0,0,"Atlanta Police Department","2022-09-22","None and Boulevard Ne","(O) No Injury","Daylight","On Roadway - Non-Intersection","Angle Crash","Boulevard Ne","Dry","11:38:00","[""Lap and Shoulder Belt Used"",""Lap and Shoulder Belt Used""]","Clear",0,33.773227,-84.371099,"Atlanta","FULTON","[""Motor Vehicle in Motion"",""Motor Vehicle in Motion""]","Failure to Yield","[""Motor Vehicle in Motion"",""Motor Vehicle in Motion""]"
0,0,"Atlanta Police Department","2022-09-22","Hightower Rd Nw and Hollywood Rd Nw","(C) Possible Injury / Complaint","Daylight","On Roadway - Driveway Intersection","Angle Crash","Hollywood Rd Nw","Dry","16:00:00","[""Lap and Shoulder Belt Used"",""Lap and Shoulder Belt Used"",""Lap and Shoulder Belt Used"",""Lap and Shoulder Belt Used"",""Lap and Shoulder Belt Used"",""Lap and Shoulder Belt Used"",""Lap and Shoulder Belt Used"",""Lap and Shoulder Belt Used"",""Lap and Shoulder Belt Used"",""Lap and Shoulder Belt Used"",""Lap and Shoulder Belt Used""]","Clear",0,33.792876,-84.469053,"Atlanta","FULTON","[""Motor Vehicle in Motion"",""Motor Vehicle in Motion""]","Failure to Yield","[""Motor Vehicle in Motion"",""Motor Vehicle in Motion""]"
0,0,"Gsp Post 00","2022-09-22","I-7585 Sb and Martin Luther King Jr","(O) No Injury","Daylight","On Roadway - Non-Intersection","Sideswipe-Same Direction","I-7585 Sb","Dry","09:30:00","[""Lap and Shoulder Belt Used"",""Lap and Shoulder Belt Used"",""Lap and Shoulder Belt Used""]","Clear",0,33.748775,-84.384218,"Atlanta","FULTON","[""Motor Vehicle in Motion"",""Motor Vehicle in Motion""]","Changed Lanes Improperly","[""Motor Vehicle in Motion"",""Motor Vehicle in Motion""]"
0,0,"Atlanta Police Department","2022-09-22","None and I-285","(C) Possible Injury / Complaint","Daylight","On Roadway - Non-Intersection","Rear End","I-285","Dry","17:38:00","Lap and Shoulder Belt Used","Clear",0,33.777532,-84.496295,"Atlanta","FULTON","[""Motor Vehicle in Motion"",""Motor Vehicle in Motion""]","Following Too Close","Motor Vehicle in Motion"
0,0,"Atlanta Police Department","2022-09-22","Piedmont Rd Ne and Lindbergh Dr Ne","(O) No Injury","Daylight","On Roadway - Non-Intersection","Rear End","Lindbergh Dr Ne","Dry","18:30:00","[""Unknown"",""Unknown""]","Clear",0,33.82144,-84.367455,"Atlanta","FULTON","[""Motor Vehicle in Motion"",""Motor Vehicle in Motion""]","Following Too Close","[""Motor Vehicle in Motion"",""Motor Vehicle in Motion""]"
0,0,"Gsp Post 00","2022-09-22","I-285 and I-20 East","(C) Possible Injury / Complaint","Daylight","On Roadway - Non-Intersection","Rear End","I-20 East","Dry","12:06:00","[""Lap and Shoulder Belt Used"",""Lap and Shoulder Belt Used""]","Clear",0,33.765783,-84.504764,"Atlanta","FULTON","[""Motor Vehicle in Motion"",""Motor Vehicle in Motion""]","Following Too Close","[""Motor Vehicle in Motion"",""Motor Vehicle in Motion""]"
0,0,"Gsp Post 00","2022-09-22","I-7585 North and Andrew Young International Blv","(O) No Injury","Daylight","On Roadway - Non-Intersection","Rear End","I-7585 North","Dry","14:08:00","[""Lap and Shoulder Belt Used"",""Lap and Shoulder Belt Used""]","Clear",0,33.760142,-84.37924,"Atlanta","FULTON","[""Motor Vehicle in Motion"",""Motor Vehicle in Motion""]","Following Too Close","[""Motor Vehicle in Motion"",""Motor Vehicle in Motion""]"
0,0,"Fulton Co Sheriff's Office","2022-09-22","Lee St Sw and Tyler Perry Studio Way Sw","(O) No Injury","Daylight","On Roadway - Roadway Intersection","Rear End","Lee St Sw","Dry","09:19:00","[""Lap and Shoulder Belt Used"",""Child Restraint System (Properly Used)"",""Lap and Shoulder Belt Used"",""Lap and Shoulder Belt Used"",""Child Restraint System (Properly Used)""]","Clear",0,33.70136,-84.429144,"Atlanta","FULTON","[""Motor Vehicle in Motion"",""Motor Vehicle in Motion""]","Following Too Close","[""Motor Vehicle in Motion"",""Motor Vehicle in Motion""]"
0,0,"Atlanta Police Department","2022-09-22","Lakeview Dr Se and Hosea L Williams Dr Ne","(O) No Injury","Dark-Lighted","On Roadway - Non-Intersection","Sideswipe-Opposite Direction","Lakeview Dr Se","Dry","02:00:00","Unknown","Clear",0,33.750637,-84.314211,"Atlanta","DEKALB","[""Motor Vehicle in Motion"",""Parked Motor Vehicle""]","Aggressive Driving","[""Motor Vehicle in Motion"",""Parked Motor Vehicle""]"
0,0,"Atlanta Police Department","2022-09-22","8Th St Ne and Monroe Dr Ne","(O) No Injury","Dawn","Off Roadway","Rear End","Monroe Dr Ne","Dry","19:00:00","[""None Used"",""None Used""]","Clear",0,33.779517,-84.369401,"Atlanta","FULTON","[""Motor Vehicle in Motion"",""Motor Vehicle in Motion""]",,"[""Motor Vehicle in Motion"",""Motor Vehicle in Motion""]"
0,0,"Atlanta Police Department","2022-09-22","17Th St Nw and Howell Mill Rd Nw","(C) Possible Injury / Complaint","Daylight","On Roadway - Non-Intersection","Rear End","Howell Mill Rd Nw","Dry","18:39:00","[""Shoulder Belt Only Used"",""Shoulder Belt Only Used""]","Clear",0,33.790663,-84.412197,"Atlanta","FULTON","[""Motor Vehicle in Motion"",""Motor Vehicle in Motion""]","Following Too Close","[""Motor Vehicle in Motion"",""Motor Vehicle in Motion""]"
0,0,"Atlanta Police Department","2022-09-22","None and I-75","(O) No Injury","Dark-Lighted","On Roadway - Managed Lane (HOV, HOT, Reversible)","Sideswipe-Same Direction","I-75","Dry","05:00:00","[""Unknown"",""Unknown""]","Clear",0,33.723374,-84.393936,"Atlanta","FULTON","[""Motor Vehicle in Motion"",""Motor Vehicle in Motion""]","[""Changed Lanes Improperly"",""Under the Influence (U.I.)""]","[""Motor Vehicle in Motion"",""Motor Vehicle in Motion""]"
0,0,"Gsp Post 00","2022-09-22","None and Peachtree St Ne","(O) No Injury","Daylight","On Roadway - Non-Intersection","Rear End","Peachtree St Ne","Dry","15:50:00","[""Unknown"",""Lap and Shoulder Belt Used"",""Lap and Shoulder Belt Used""]","Clear",0,33.772021,-84.384929,"Atlanta","FULTON","[""Motor Vehicle in Motion"",""Motor Vehicle in Motion""]","[""Disregard Police - Evasion"",""Reckless Driving""]","[""Motor Vehicle in Motion"",""Motor Vehicle in Motion""]"
0,0,"Atlanta Police Department","2022-09-22","Peyton Rd Nw and James Jackson Pkwy Nw","(C) Possible Injury / Complaint","Daylight","On Roadway - Roadway Intersection","Sideswipe-Same Direction","Peyton Rd Nw","Dry","20:00:00","[""Lap and Shoulder Belt Used"",""Lap and Shoulder Belt Used"",""Lap and Shoulder Belt Used""]","Clear",0,33.808049,-84.475921,"Atlanta","FULTON","[""Motor Vehicle in Motion"",""Motor Vehicle in Motion""]","Driver Lost Control","[""Motor Vehicle in Motion"",""Motor Vehicle in Motion""]"
0,0,"Atlanta Police Department","2022-09-22","Mecaslin St Nw and Trabert Ave Nw","(O) No Injury","Dark-Lighted","On Roadway - Roadway Intersection","Angle Crash","Trabert Ave Nw","Dry","18:18:00","[""Lap and Shoulder Belt Used"",""Lap and Shoulder Belt Used""]","Clear",0,33.794703,-84.399803,"Atlanta","FULTON","[""Motor Vehicle in Motion"",""Motor Vehicle in Motion""]","Failure to Yield","[""Motor Vehicle in Motion"",""Motor Vehicle in Motion""]"
0,0,"Atlanta Police Department","2022-09-22","Barge Rd Sw and Campbellton Rd Sw","(O) No Injury","Dark-Lighted","On Roadway - Roadway Intersection","Angle Crash","Campbellton Rd Sw","Dry","23:00:00","[""Unknown"",""Lap and Shoulder Belt Used""]","Clear",0,33.690184,-84.506251,"Atlanta","FULTON","[""Motor Vehicle in Motion"",""Motor Vehicle in Motion""]","Failure to Yield","[""Motor Vehicle in Motion"",""Motor Vehicle in Motion""]"
0,0,"Atlanta Police Department","2022-09-22","Spelman Ln Sw and Northside Dr Sw","(C) Possible Injury / Complaint","Dark-Not Lighted","On Roadway - Roadway Intersection","Angle Crash","Northside Dr Sw","Dry","21:15:00","[""Lap and Shoulder Belt Used"",""Lap and Shoulder Belt Used""]","Clear",0,33.74434,-84.408392,"Atlanta","FULTON","[""Motor Vehicle in Motion"",""Motor Vehicle in Motion""]","Failure to Yield","[""Motor Vehicle in Motion"",""Motor Vehicle in Motion""]"
0,0,"Atlanta Police Department","2022-09-22","Central Ave Sw and Martin Luther King Jr Dr Sw","(O) No Injury","Daylight","On Roadway - Roadway Intersection","Sideswipe-Same Direction","Central Ave Sw","Dry","12:32:00","[""Unknown"",""Unknown""]","Clear",0,33.750777,-84.389813,"Atlanta","FULTON","[""Motor Vehicle in Motion"",""Motor Vehicle in Motion""]","Improper Turn","[""Motor Vehicle in Motion"",""Motor Vehicle in Motion""]"
0,0,"Gsp Post 00","2022-09-22","5Th St and I-75I-85Sb","(O) No Injury","Dusk","On Roadway - Non-Intersection","Rear End","I-75I-85Sb","Dry","19:30:00","[""Lap and Shoulder Belt Used"",""Lap and Shoulder Belt Used""]","Cloudy",0,33.778108,-84.391168,"Atlanta","FULTON","[""Motor Vehicle in Motion"",""Motor Vehicle in Motion""]",,"[""Motor Vehicle in Motion"",""Motor Vehicle in Motion""]"
0,0,"Atlanta Police Department","2022-09-22","Pharr Rd Ne and Piedmont Rd Ne","(O) No Injury","Daylight","On Roadway - Roadway Intersection","Sideswipe-Same Direction","Piedmont Rd Ne","Dry","17:40:00","Lap and Shoulder Belt Used","Clear",0,33.836971,-84.368074,"Atlanta","FULTON","[""Motor Vehicle in Motion"",""Motor Vehicle in Motion""]",,"[""Motor Vehicle in Motion"",""Motor Vehicle in Motion""]"
0,0,"Atlanta Police Department","2022-09-22","North Ave Nw and Northside Dr Nw","(C) Possible Injury / Complaint","Daylight","On Roadway - Managed Lane (HOV, HOT, Reversible)","Rear End","Northside Dr Nw","Dry","16:14:00","[""Unknown"",""Unknown""]","Clear",0,33.769878,-84.404683,"Atlanta","FULTON","[""Motor Vehicle in Motion"",""Motor Vehicle in Motion""]",,"[""Motor Vehicle in Motion"",""Motor Vehicle in Motion""]"
0,0,"Gsp Post 00","2022-09-22","None and Howell Mill Rd Entrance Ramp T","(O) No Injury","Dusk","On Roadway - Non-Intersection","Rear End","Howell Mill Rd Entrance Ramp T","Wet","19:15:00","[""Lap and Shoulder Belt Used"",""Lap and Shoulder Belt Used""]","Clear",0,33.804035,-84.410915,"Atlanta","FULTON","[""Motor Vehicle in Motion"",""Motor Vehicle in Motion""]","Following Too Close","[""Motor Vehicle in Motion"",""Motor Vehicle in Motion""]"
0,0,"Atlanta Police Department","2022-09-22","Northside Dr Nw and Bellemeade Ave Nw","(C) Possible Injury / Complaint","Daylight","On Roadway - Non-Intersection","Rear End","Northside Dr Nw","Wet","20:30:00","[""Shoulder Belt Only Used"",""Shoulder Belt Only Used""]","Cloudy",0,33.800973,-84.40782,"Atlanta","FULTON","[""Motor Vehicle in Motion"",""Motor Vehicle in Motion""]","Following Too Close","[""Motor Vehicle in Motion"",""Motor Vehicle in Motion""]"
0,0,"Atlanta Police Department","2022-09-22","5Th St Ne and Cypress St Ne","(O) No Injury","Daylight","On Roadway - Non-Intersection","Angle Crash","5Th St Ne","Dry","18:47:00","[""Unknown"",""Unknown""]","Clear",0,33.776234,-84.385992,"Atlanta","FULTON","[""Motor Vehicle in Motion"",""Motor Vehicle in Motion""]",,"[""Motor Vehicle in Motion"",""Motor Vehicle in Motion""]"
0,0,"Atlanta Police Department","2022-09-22","Collier Pl Nw and Collier Rd Nw","(C) Possible Injury / Complaint","Daylight","On Roadway - Non-Intersection","Rear End","Collier Rd Nw","Dry","10:33:00","[""None Used"",""None Used"",""None Used""]","Clear",0,33.81048,-84.406675,"Atlanta","FULTON","[""Motor Vehicle in Motion"",""Motor Vehicle in Motion""]","Following Too Close","[""Motor Vehicle in Motion"",""Motor Vehicle in Motion""]"
0,0,"Atlanta Police Department","2022-09-22","West End Ave Sw and Joseph E Lowery Blvd Sw","(O) No Injury","Daylight","On Roadway - Roadway Intersection","Rear End","Joseph E Lowery Blvd Sw","Dry","18:00:00","[""None Used"",""None Used""]","Clear",0,33.744514,-84.417552,"Atlanta","FULTON","[""Motor Vehicle in Motion"",""Motor Vehicle in Motion""]",,"[""Motor Vehicle in Motion"",""Motor Vehicle in Motion""]"
0,0,"Gsp Post 00","2022-09-22","14Th Street and Interstate 75 South Ramp","(O) No Injury","Daylight","Entrance/Exit Ramp","Rear End","Interstate 75 South Ramp","Dry","19:42:00","[""Lap and Shoulder Belt Used"",""Lap and Shoulder Belt Used""]","Clear",0,33.784533,-84.391947,"Atlanta","FULTON","[""Motor Vehicle in Motion"",""Motor Vehicle in Motion""]","Following Too Close","[""Motor Vehicle in Motion"",""Motor Vehicle in Motion""]"
0,0,"Atlanta Police Department","2022-09-22","Livermore St Se and Jonesboro Rd Se","(O) No Injury","Dark-Lighted","On Roadway - Roadway Intersection","Angle Crash","Jonesboro Rd Se","Dry","17:20:00","[""Unknown"",""Unknown"",""Unknown"",""Unknown""]","Clear",0,33.708013,-84.38059,"Atlanta","FULTON","[""Motor Vehicle in Motion"",""Motor Vehicle in Motion""]","Failure to Yield","[""Motor Vehicle in Motion"",""Motor Vehicle in Motion""]"
0,0,"Gsp Post 00","2022-09-22","Fulton St and 7585 North","(C) Possible Injury / Complaint","Daylight","On Roadway - Non-Intersection","Rear End","7585 North","Dry","07:18:00","[""Lap and Shoulder Belt Used"",""Lap and Shoulder Belt Used""]","Clear",0,33.731649,-84.392005,"Atlanta","FULTON","[""Motor Vehicle in Motion"",""Motor Vehicle in Motion""]","Following Too Close","[""Motor Vehicle in Motion"",""Motor Vehicle in Motion""]"
0,0,"Atlanta Police Department","2022-09-22","Headland Dr Sw and Greenbriar Pkwy Sw","(C) Possible Injury / Complaint","Daylight","On Roadway - Driveway Intersection","Angle Crash","Headland Dr Sw","Dry","14:46:00","[""Lap and Shoulder Belt Used"",""Child Restraint System (Properly Used)"",""Unknown""]","Clear",0,33.689578,-84.487817,"Atlanta","FULTON","[""Motor Vehicle in Motion"",""Motor Vehicle in Motion""]","Failure to Yield","[""Motor Vehicle in Motion"",""Motor Vehicle in Motion""]"
0,0,"Gsp Post 00","2022-09-22","None and Ramp From I-20 East To I-7585","(O) No Injury","Daylight","Entrance/Exit Ramp","Rear End","Ramp From I-20 East To I-7585","Dry","07:14:00","[""Lap and Shoulder Belt Used"",""Lap and Shoulder Belt Used""]","Clear",0,33.745151,-84.390175,"Atlanta","FULTON","[""Motor Vehicle in Motion"",""Motor Vehicle in Motion""]","Following Too Close","[""Motor Vehicle in Motion"",""Motor Vehicle in Motion""]"
0,0,"Atlanta Police Department","2022-09-22","W Peachtree Pl Nw and W Peachtree St Nw","(O) No Injury","Daylight","On Roadway - Non-Intersection","Sideswipe-Opposite Direction","W Peachtree St Nw","Other","16:30:00","[""Unknown"",""Unknown""]","Other",0,33.763984,-84.387527,"Atlanta","FULTON","[""Motor Vehicle in Motion"",""Motor Vehicle in Motion""]",,"[""Motor Vehicle in Motion"",""Motor Vehicle in Motion""]"
0,0,"Atlanta Police Department","2022-09-22","I-75 N and Howell Mill Rd Nw","(O) No Injury","Daylight","On Roadway - Non-Intersection","Sideswipe-Same Direction","Howell Mill Rd Nw","Dry","19:44:00","[""Unknown"",""Lap and Shoulder Belt Used""]","Clear",0,33.80536,-84.413239,"Atlanta","FULTON","[""Motor Vehicle in Motion"",""Motor Vehicle in Motion""]",,"Motor Vehicle in Motion"
0,1,"Atlanta Police Department","2022-09-22","Fulton St Sw and Windsor St Sw","(B) Suspected Minor/Visible Injury","Daylight","On Roadway - Roadway Intersection","Angle Crash","Windsor St Sw","Dry","18:18:00","[""Unknown"",""Unknown""]","Clear",0,33.741985,-84.398207,"Atlanta","FULTON","[""Motor Vehicle in Motion"",""Motor Vehicle in Motion""]","Improper Turn","[""Motor Vehicle in Motion"",""Motor Vehicle in Motion""]"
0,0,"Dekalb Co Police Department","2022-09-22","Desmond Dr and Clairmont Rd","(O) No Injury","Daylight","On Roadway - Non-Intersection","Sideswipe-Same Direction","Clairmont Rd","Dry","18:30:00","Lap and Shoulder Belt Used","Clear",0,33.798858,-84.307403,"Atlanta","DEKALB","[""Motor Vehicle in Motion"",""Motor Vehicle in Motion""]",,"[""Motor Vehicle in Motion"",""Motor Vehicle in Motion""]"
0,0,"Atlanta Police Department","2022-09-22","Oakdale Rd Ne and Mclendon Ave Ne","(O) No Injury","Daylight","On Roadway - Non-Intersection","Angle Crash","Mclendon Ave Ne","Dry","13:16:00","[""Lap and Shoulder Belt Used"",""Lap and Shoulder Belt Used""]","Clear",0,33.764877,-84.341377,"Atlanta","DEKALB","[""Motor Vehicle in Motion"",""Motor Vehicle in Motion""]","Improper Backing","[""Motor Vehicle in Motion"",""Motor Vehicle in Motion""]"
0,0,"Atlanta Police Department","2022-09-22","Deering Rd Nw and Northside Dr Nw","(O) No Injury","Daylight","On Roadway - Roadway Intersection","Angle Crash","Deering Rd Nw","Wet","18:54:00","[""Shoulder Belt Only Used"",""Shoulder Belt Only Used"",""Shoulder Belt Only Used"",""Shoulder Belt Only Used"",""Shoulder Belt Only Used""]","Cloudy",0,33.796164,-84.407849,"Atlanta","FULTON","[""Motor Vehicle in Motion"",""Motor Vehicle in Motion""]","Misjudged Clearance","[""Motor Vehicle in Motion"",""Motor Vehicle in Motion""]"
0,0,"Atlanta Police Department","2022-09-22","Morosgo Way Ne and Lindbergh Dr Ne","(O) No Injury","Daylight","On Roadway - Roadway Intersection","Angle Crash","Lindbergh Dr Ne","Dry","19:11:00","[""Unknown"",""Unknown""]","Clear",0,33.820694,-84.3651,"Atlanta","FULTON","[""Motor Vehicle in Motion"",""Motor Vehicle in Motion""]","Failure to Yield","[""Motor Vehicle in Motion"",""Motor Vehicle in Motion""]"
0,0,"Gsp Post 00","2022-09-22","Milk Jr Dr and I-7585 Conn S","(O) No Injury","Daylight","On Roadway - Non-Intersection","Rear End","I-7585 Conn S","Dry","14:15:00","[""Lap and Shoulder Belt Used"",""Lap and Shoulder Belt Used"",""Lap and Shoulder Belt Used""]","Clear",0,33.751564,-84.380464,"Atlanta","FULTON","[""Motor Vehicle in Motion"",""Motor Vehicle in Motion""]","Following Too Close","[""Motor Vehicle in Motion"",""Motor Vehicle in Motion""]"
0,0,"Atlanta Police Department","2022-09-22","Howell Mill Rd Nw and Howell Mill Rd Nw Exit 252B","(O) No Injury","Daylight","Entrance/Exit Ramp","Angle Crash","Howell Mill Rd Nw Exit 252B","Dry","11:15:00","[""Lap and Shoulder Belt Used"",""Lap and Shoulder Belt Used""]","Clear",0,33.805598,-84.413142,"Atlanta","FULTON","[""Motor Vehicle in Motion"",""Motor Vehicle in Motion""]","Failure to Yield","[""Motor Vehicle in Motion"",""Motor Vehicle in Motion""]"
0,0,"Atlanta Police Department","2022-09-22","Mcdaniel St Sw and Whitehall St Sw","(O) No Injury","Daylight","On Roadway - Non-Intersection","Angle Crash","Mcdaniel St Sw","Dry","17:32:00","[""Unknown"",""Unknown""]","Clear",0,33.744072,-84.404263,"Atlanta","FULTON","[""Motor Vehicle in Motion"",""Motor Vehicle in Motion""]","Improper Backing","[""Parked Motor Vehicle"",""Motor Vehicle in Motion""]"
0,0,"Gsp Post 00","2022-09-22","I-7585 N and Decatur St Sw","(O) No Injury","Daylight","On Roadway - Non-Intersection","Sideswipe-Same Direction","I-7585 N","Dry","08:29:00","[""Lap and Shoulder Belt Used"",""Lap and Shoulder Belt Used"",""Lap and Shoulder Belt Used""]","Clear",0,33.749655,-84.382245,"Atlanta","FULTON","[""Motor Vehicle in Motion"",""Motor Vehicle in Motion""]","Changed Lanes Improperly","[""Motor Vehicle in Motion"",""Motor Vehicle in Motion""]"
0,0,"Gsp Post 00","2022-09-22","I-285 Sb and Bolton Road","(O) No Injury","Daylight","On Roadway - Non-Intersection","Sideswipe-Same Direction","I-285 Sb","Dry","12:28:00","[""Lap and Shoulder Belt Used"",""Lap and Shoulder Belt Used""]","Clear",0,33.795037,-84.487671,"Atlanta","FULTON","[""Motor Vehicle in Motion"",""Motor Vehicle in Motion""]",,"[""Motor Vehicle in Motion"",""Motor Vehicle in Motion""]"
0,0,"Atlanta Police Department","2022-09-22","Hoke St Nw and Northside Dr Nw","(O) No Injury","Daylight","On Roadway - Non-Intersection","Rear End","Northside Dr Nw","Dry","18:47:00","[""Lap and Shoulder Belt Used"",""Lap and Shoulder Belt Used"",""Lap and Shoulder Belt Used"",""Lap and Shoulder Belt Used""]","Clear",0,33.792513,-84.40791,"Atlanta","FULTON","[""Motor Vehicle in Motion"",""Motor Vehicle in Motion""]","Following Too Close","[""Motor Vehicle in Motion"",""Motor Vehicle in Motion""]"
0,1,"Atlanta Police Department","2022-09-22","Maple Dr Ne and Peachtree Rd Ne","(B) Suspected Minor/Visible Injury","Daylight","On Roadway - Non-Intersection","Angle Crash","Peachtree Rd Ne","Dry","09:15:00","[""Lap and Shoulder Belt Used"",""Lap and Shoulder Belt Used""]","Clear",0,33.842687,-84.373008,"Atlanta","FULTON","[""Motor Vehicle in Motion"",""Motor Vehicle in Motion""]","Improper Turn","[""Motor Vehicle in Motion"",""Motor Vehicle in Motion""]"