"# Serious Injuries","# Visible Injuries","Agency Name (Crash Level) ","Date","Intersection Name (from Crash Report)","KABCO Severity","Light Conditions (Crash Level)","Location at Impact (Crash Level) ","Manner of Collision (Crash Level) ","Roadway (From Crash Report)","Surface Condition (Crash Level) ","Time","Safety Equipment (Crash Level) ","Weather Conditions (Crash Level)","# of Fatalities per Crash","Latitude","Longitude","Geolocated City","Geolocated County","First Harmful Event (Unit Order)","Operator/Pedestrian Contrib Factor (excl None, Other, No Contrib Factors)","Most Harmful Event (Crash Level)"
0,0,"Atlanta Police Department","2022-09-24","None and I-75","(O) No Injury","Dark-Lighted","On Roadway - Non-Intersection","Rear End","I-75","Dry","23:00:00","[""Lap and Shoulder Belt Used"",""Lap and Shoulder Belt Used"",""Lap and Shoulder Belt Used"",""Lap and Shoulder Belt Used"",""Lap and Shoulder Belt Used""]","Clear",0,33.729473,-84.392655,"Atlanta","FULTON","[""Motor Vehicle in Motion"",""Motor Vehicle in Motion"",""Motor Vehicle in Motion""]","Following Too Close","[""Motor Vehicle in Motion"",""Motor Vehicle in Motion"",""Motor Vehicle in Motion""]"
0,0,"Atlanta Police Department","2022-09-24","Mills St Nw and Luckie St Nw","(O) No Injury","Dark-Lighted","On Roadway - Non-Intersection","Sideswipe-Same Direction","Mills St Nw","Dry","01:00:00","Lap and Shoulder Belt Used","Clear",0,33.765323,-84.395834,"Atlanta","FULTON","[""Parked Motor Vehicle"",""Motor Vehicle in Motion""]","Improper Passing","[""Parked Motor Vehicle"",""Motor Vehicle in Motion""]"
0,0,"Atlanta Police Department","2022-09-24","I-75 N and University Ave Sw","(C) Possible Injury / Complaint","Daylight","On Roadway - Non-Intersection","Rear End","I-75 N","Dry","12:52:00","[""Unknown"",""Unknown"",""Unknown""]","Clear",0,33.718983,-84.396975,"Atlanta","FULTON","[""Motor Vehicle in Motion"",""Motor Vehicle in Motion""]","Following Too Close","[""Motor Vehicle in Motion"",""Motor Vehicle in Motion""]"
0,0,"Atlanta Police Department","2022-09-24","Kenmore St Sw and Chatham Ave Sw","(O) No Injury","Daylight","On Roadway - Non-Intersection","Rear End","Kenmore St Sw","Dry","16:55:00","None Used","Clear",0,33.723444,-84.44005,"Atlanta","FULTON","[""Motor Vehicle in Motion"",""Parked Motor Vehicle""]","Misjudged Clearance","[""Motor Vehicle in Motion"",""Parked Motor Vehicle""]"
0,0,"Atlanta Police Department","2022-09-24","Pine St Ne and Peachtree St Ne","(O) No Injury","Daylight","On Roadway - Roadway Intersection","Sideswipe-Same Direction","Peachtree St Ne","Dry","19:06:00","[""Unknown"",""Unknown"",""Unknown""]","Clear",0,33.767338,-84.385394,"Atlanta","FULTON","[""Motor Vehicle in Motion"",""Motor Vehicle in Motion""]",,"[""Motor Vehicle in Motion"",""Motor Vehicle in Motion""]"
0,0,"Atlanta Police Department","2022-09-24","I-20 Eb Expy Nw and I-285 Sb Expy Nw","(O) No Injury","Daylight","On Roadway - Non-Intersection","Rear End","I-285 Sb Expy Nw","Dry","14:45:00","[""Unknown"",""Unknown"",""Child Restraint System (Properly Used)"",""Unknown"",""Unknown"",""Unknown"",""Child Restraint System (Properly Used)""]","Clear",0,33.776394,-84.49609,"Atlanta","FULTON","[""Motor Vehicle in Motion"",""Motor Vehicle in Motion"",""Motor Vehicle in Motion""]","Following Too Close","[""Motor Vehicle in Motion"",""Motor Vehicle in Motion"",""Motor Vehicle in Motion""]"
0,0,"Atlanta Police Department","2022-09-24","Moreland Ave Ne and Ponce De Leon Ave Ne","(O) No Injury","Dark-Lighted","On Roadway - Roadway Intersection","Angle Crash","Ponce De Leon Ave Ne","Dry","21:03:00","[""Unknown"",""Unknown"",""Unknown"",""Unknown""]","Clear",0,33.773833,-84.348946,"Atlanta","DEKALB","[""Motor Vehicle in Motion"",""Motor Vehicle in Motion""]","Failure to Yield","[""Motor Vehicle in Motion"",""Motor Vehicle in Motion""]"
0,0,"Atlanta Police Department","2022-09-24","I-285 and Donald Lee Hollowell Pkwy Nw","(O) No Injury","Daylight","On Roadway - Roadway Intersection","Angle Crash","I-285","Dry","09:00:00","[""Lap and Shoulder Belt Used"",""Child Restraint System (Properly Used)"",""Child Restraint System (Properly Used)"",""Lap and Shoulder Belt Used""]","Clear",0,33.787486,-84.494022,"Atlanta","FULTON","[""Motor Vehicle in Motion"",""Motor Vehicle in Motion""]","Misjudged Clearance","[""Motor Vehicle in Motion"",""Motor Vehicle in Motion""]"
0,0,"Atlanta Police Department","2022-09-24","None and Northside Dr Nw","(C) Possible Injury / Complaint","Daylight","On Roadway - Non-Intersection","Angle Crash","Northside Dr Nw","Dry","19:00:00","[""Shoulder Belt Only Used"",""Shoulder Belt Only Used"",""Shoulder Belt Only Used""]","Clear",0,33.801136,-84.407818,"Atlanta","FULTON","[""Motor Vehicle in Motion"",""Motor Vehicle in Motion""]","Failure to Yield","[""Motor Vehicle in Motion"",""Motor Vehicle in Motion""]"
0,0,"Atlanta Police Department","2022-09-24","None and I-75","(O) No Injury","Daylight","On Roadway - Non-Intersection","Rear End","I-75","Dry","12:08:00","[""Lap and Shoulder Belt Used"",""Lap and Shoulder Belt Used"",""Lap and Shoulder Belt Used"",""Lap and Shoulder Belt Used""]","Clear",0,33.776302,-84.390513,"Atlanta","FULTON","[""Motor Vehicle in Motion"",""Motor Vehicle in Motion"",""Motor Vehicle in Motion""]","Following Too Close","[""Motor Vehicle in Motion"",""Motor Vehicle in Motion"",""Motor Vehicle in Motion""]"
0,0,"Atlanta Police Department","2022-09-24","Riada Dr Nw and Wesley Dr Nw","(O) No Injury","Dark-Lighted","On Roadway - Roadway Intersection","Sideswipe-Same Direction","Wesley Dr Nw","Dry","23:06:00","[""Unknown"",""Lap and Shoulder Belt Used""]","Clear",0,33.822653,-84.4144,"Atlanta","FULTON","[""Motor Vehicle in Motion"",""Motor Vehicle in Motion""]","[""Under the Influence (U.I.)"",""Improper Passing"",""Aggressive Driving""]","[""Motor Vehicle in Motion"",""Motor Vehicle in Motion""]"
0,0,"Atlanta Police Department","2022-09-24","None and I-75","(O) No Injury","Daylight","Off Roadway","Rear End","I-75","Dry","10:44:00","[""Lap and Shoulder Belt Used"",""Lap and Shoulder Belt Used"",""Lap and Shoulder Belt Used"",""Lap and Shoulder Belt Used""]","Clear",0,33.789149,-84.391472,"Atlanta","FULTON","[""Motor Vehicle in Motion"",""Impact Attenuate""]","Following Too Close","[""Motor Vehicle in Motion"",""Impact Attenuate""]"
0,0,"Atlanta Police Department","2022-09-24","Carter St Nw and Northside Dr Nw","(C) Possible Injury / Complaint","Daylight","On Roadway - Roadway Intersection","Angle Crash","Northside Dr Nw","Dry","13:56:00","[""Unknown"",""Unknown"",""Unknown"",""Unknown""]","Clear",0,33.756317,-84.402776,"Atlanta","FULTON","[""Motor Vehicle in Motion"",""Motor Vehicle in Motion"",""Motor Vehicle in Motion""]",,"[""Motor Vehicle in Motion"",""Motor Vehicle in Motion"",""Motor Vehicle in Motion""]"
0,1,"Atlanta Police Department","2022-09-24","None and Exit 10A Rp","(B) Suspected Minor/Visible Injury","Dark-Lighted","Off Roadway","Not a Collision with Motor Vehicle","Exit 10A Rp","Dry","23:35:00","Lap and Shoulder Belt Used","Clear",0,33.760627,-84.484533,"Atlanta","FULTON","Motor Vehicle in Motion","Changed Lanes Improperly","Motor Vehicle in Motion"
0,0,"Atlanta Police Department","2022-09-24","Hilltop Dr Sw and Lakewood Way Sw","(O) No Injury","Dark-Lighted","On Roadway - Non-Intersection","Head On","Lakewood Way Sw","Dry","23:30:00","[""Unknown"",""Unknown""]","Clear",0,33.699784,-84.393276,"Atlanta","FULTON","[""Motor Vehicle in Motion"",""Motor Vehicle in Motion""]","Wrong Side of Road","[""Motor Vehicle in Motion"",""Motor Vehicle in Motion""]"
0,0,"Atlanta Police Department","2022-09-24","Exit 247 and Fulton St Sw","(O) No Injury","Daylight","On Roadway - Non-Intersection","Rear End","Fulton St Sw","Dry","10:00:00","[""Lap and Shoulder Belt Used"",""Lap and Shoulder Belt Used"",""Lap and Shoulder Belt Used"",""Lap and Shoulder Belt Used"",""Lap and Shoulder Belt Used"",""Lap and Shoulder Belt Used""]","Clear",0,33.741943,-84.390997,"Atlanta","FULTON","[""Motor Vehicle in Motion"",""Motor Vehicle in Motion"",""Motor Vehicle in Motion"",""Motor Vehicle in Motion""]","Following Too Close","[""Motor Vehicle in Motion"",""Motor Vehicle in Motion"",""Motor Vehicle in Motion"",""Motor Vehicle in Motion""]"
0,0,"Atlanta Police Department","2022-09-24","None and I-75","(O) No Injury","Dark-Lighted","On Roadway - Non-Intersection","Rear End","I-75","Dry","20:00:00","[""Unknown"",""Unknown""]","Clear",0,33.754215,-84.378747,"Atlanta","FULTON","[""Motor Vehicle in Motion"",""Motor Vehicle in Motion""]","Failure to Yield","[""Motor Vehicle in Motion"",""Motor Vehicle in Motion""]"
0,0,"Atlanta Police Department","2022-09-24","None and Ga-400","(O) No Injury","Daylight","On Roadway - Non-Intersection","Sideswipe-Same Direction","Ga-400","Dry","14:40:00","Unknown","Clear",0,33.845949,-84.366137,"Atlanta","FULTON","[""Motor Vehicle in Motion"",""Motor Vehicle in Motion""]",,"[""Motor Vehicle in Motion"",""Motor Vehicle in Motion""]"
0,0,"Atlanta Police Department","2022-09-24","None and I-75","(O) No Injury","Dark-Lighted","On Roadway - Managed Lane (HOV, HOT, Reversible)","Sideswipe-Same Direction","I-75","Dry","01:10:00","[""Unknown"",""Unknown""]","Clear",0,33.810506,-84.418949,"Atlanta","FULTON","[""Motor Vehicle in Motion"",""Motor Vehicle in Motion""]","Changed Lanes Improperly","[""Motor Vehicle in Motion"",""Motor Vehicle in Motion""]"
0,0,"Atlanta Police Department","2022-09-24","None and I-20","(C) Possible Injury / Complaint","Daylight","On Roadway - Non-Intersection","Angle Crash","I-20","Dry","09:30:00","[""Unknown"",""Unknown""]","Clear",0,33.743485,-84.37802,"Atlanta","FULTON","[""Motor Vehicle in Motion"",""Motor Vehicle in Motion""]","[""Changed Lanes Improperly"",""Changed Lanes Improperly""]","[""Motor Vehicle in Motion"",""Motor Vehicle in Motion""]"
0,0,"Atlanta Police Department","2022-09-24","Ga-400 S and Lenox Rd Ne","(C) Possible Injury / Complaint","Daylight","Entrance/Exit Ramp","Rear End","Lenox Rd Ne","Dry","10:32:00","[""Unknown"",""Unknown""]","Clear",0,33.851591,-84.370958,"Atlanta","FULTON","[""Motor Vehicle in Motion"",""Motor Vehicle in Motion""]",,"[""Motor Vehicle in Motion"",""Motor Vehicle in Motion""]"
0,0,"Atlanta Police Department","2022-09-24","Peachtree Rd Ne and E Paces Ferry Rd Ne","(O) No Injury","Daylight","On Roadway - Roadway Intersection","Rear End","E Paces Ferry Rd Ne","Dry","18:00:00","[""Lap and Shoulder Belt Used"",""Lap and Shoulder Belt Used""]","Clear",0,33.839421,-84.379837,"Atlanta","FULTON","[""Motor Vehicle in Motion"",""Motor Vehicle in Motion""]",,"[""Motor Vehicle in Motion"",""Motor Vehicle in Motion""]"
0,0,"Atlanta Police Department","2022-09-24","Lee St Sw and Park St Sw","(O) No Injury","Daylight","Entrance/Exit Ramp","Angle Crash","Park St Sw","Dry","14:00:00","[""Lap and Shoulder Belt Used"",""Lap and Shoulder Belt Used"",""Lap and Shoulder Belt Used"",""Lap and Shoulder Belt Used"",""Lap and Shoulder Belt Used""]","Clear",0,33.741822,-84.41391,"Atlanta","FULTON","[""Motor Vehicle in Motion"",""Motor Vehicle in Motion""]","Not Visible (Object, Person, or Vehicle)","[""Motor Vehicle in Motion"",""Motor Vehicle in Motion""]"
0,0,"Atlanta Police Department","2022-09-24","None and I-20","(O) No Injury","Daylight","On Roadway - Non-Intersection","Rear End","I-20","Dry","17:00:00","[""Unknown"",""Unknown"",""Unknown""]","Clear",0,33.743445,-84.375622,"Atlanta","FULTON","[""Motor Vehicle in Motion"",""Motor Vehicle in Motion"",""Motor Vehicle in Motion""]","Following Too Close","[""Motor Vehicle in Motion"",""Motor Vehicle in Motion"",""Motor Vehicle in Motion""]"
0,0,"Atlanta Police Department","2022-09-24","None and I-75","(O) No Injury","Daylight","On Roadway - Non-Intersection","Rear End","I-75","Dry","12:50:00","[""Unknown"",""Unknown"",""Unknown"",""Unknown""]","Clear",0,33.805308,-84.413103,"Atlanta","FULTON","[""Motor Vehicle in Motion"",""Motor Vehicle in Motion""]","Following Too Close","[""Motor Vehicle in Motion"",""Motor Vehicle in Motion""]"
0,0,"Atlanta Police Department","2022-09-24","None and I-85","(C) Possible Injury / Complaint","Daylight","On Roadway - Non-Intersection","Rear End","I-85","Dry","18:00:00","[""Lap and Shoulder Belt Used"",""Lap and Shoulder Belt Used"",""Lap and Shoulder Belt Used""]","Clear",0,33.799895,-84.391266,"Atlanta","FULTON","[""Motor Vehicle in Motion"",""Motor Vehicle in Motion""]",,"[""Motor Vehicle in Motion"",""Motor Vehicle in Motion""]"
0,0,"Atlanta Police Department","2022-09-24","Edgewood Ave Se and Wm Holmes Borders Sr Dr Ne","(O) No Injury","Dark-Lighted","On Roadway - Roadway Intersection","Sideswipe-Same Direction","Wm Holmes Borders Sr Dr Ne","Dry","23:20:00","Unknown","Clear",0,33.754355,-84.375523,"Atlanta","FULTON","[""Motor Vehicle in Motion"",""Motor Vehicle in Motion""]","Misjudged Clearance","[""Motor Vehicle in Motion"",""Motor Vehicle in Motion""]"
0,0,"Atlanta Police Department","2022-09-24","None and I-20","(O) No Injury","Daylight","On Roadway - Non-Intersection","Rear End","I-20","Dry","17:30:00","[""Unknown"",""Unknown""]","Clear",0,33.743495,-84.378573,"Atlanta","FULTON","[""Motor Vehicle in Motion"",""Motor Vehicle in Motion""]","Following Too Close","[""Motor Vehicle in Motion"",""Motor Vehicle in Motion""]"
0,0,"Atlanta Police Department","2022-09-24","None and I-75","(O) No Injury","Dark-Lighted","On Roadway - Non-Intersection","Sideswipe-Same Direction","I-75","Dry","20:30:00","[""Unknown"",""Unknown""]","Clear",0,33.697289,-84.40501,"Atlanta","FULTON","[""Motor Vehicle in Motion"",""Motor Vehicle in Motion""]","[""Changed Lanes Improperly"",""Changed Lanes Improperly""]","[""Motor Vehicle in Motion"",""Motor Vehicle in Motion""]"
0,0,"Atlanta Police Department","2022-09-24","I-75 85 Sb and Mlk Jr Dr Exit","(C) Possible Injury / Complaint","Daylight","On Roadway - Non-Intersection","Rear End","I-75 85 Sb","Dry","17:15:00","[""Unknown"",""Unknown"",""Unknown"",""Unknown"",""Unknown"",""Unknown"",""Unknown"",""Unknown""]","Clear",0,33.748891,-84.383969,"Atlanta","FULTON","[""Motor Vehicle in Motion"",""Motor Vehicle in Motion"",""Motor Vehicle in Motion""]","Following Too Close","[""Motor Vehicle in Motion"",""Motor Vehicle in Motion"",""Motor Vehicle in Motion""]"
0,0,"Atlanta Police Department","2022-09-24","Lenox Rd Ne and Buford Hwy Ne","(C) Possible Injury / Complaint","Daylight","On Roadway - Roadway Intersection","Sideswipe-Same Direction","Lenox Rd Ne","Dry","16:49:00","[""Unknown"",""Lap and Shoulder Belt Used"",""Lap and Shoulder Belt Used""]","Clear",0,33.825535,-84.35289,"Atlanta","FULTON","[""Motor Vehicle in Motion"",""Motor Vehicle in Motion"",""Motor Vehicle in Motion""]","Reckless Driving","[""Motor Vehicle in Motion"",""Motor Vehicle in Motion"",""Motor Vehicle in Motion""]"
0,0,"Atlanta Police Department","2022-09-24","Delmar Ln Nw and Linkwood Rd Nw","(O) No Injury","Daylight","On Roadway - Roadway Intersection","Rear End","Linkwood Rd Nw","Dry","13:00:00","[""Unknown"",""Unknown""]","Clear",0,33.754952,-84.48193,"Atlanta","FULTON","[""Motor Vehicle in Motion"",""Motor Vehicle in Motion""]","[""Following Too Close"",""Following Too Close""]","[""Motor Vehicle in Motion"",""Motor Vehicle in Motion""]"
0,1,"Atlanta Police Department","2022-09-24","Peachtree Rd Ne and Oak Valley Rd Ne","(B) Suspected Minor/Visible Injury","Daylight","Off Roadway","Not a Collision with Motor Vehicle","Peachtree Rd Ne","Dry","07:30:00","Unknown","Clear",0,33.851993,-84.360729,"Atlanta","FULTON","Curb","Driver Lost Control","Curb"
0,1,"Atlanta Police Department","2022-09-24","Andrews Dr Nw and Cherokee Rd Nw","(B) Suspected Minor/Visible Injury","Daylight","On Roadway - Driveway Intersection","Angle Crash","Andrews Dr Nw","Dry","13:10:00","[""Lap and Shoulder Belt Used"",""Lap and Shoulder Belt Used""]","Clear",0,33.833717,-84.389264,"Atlanta","FULTON","[""Motor Vehicle in Motion"",""Motor Vehicle in Motion""]","Failure to Yield","[""Motor Vehicle in Motion"",""Motor Vehicle in Motion""]"
0,0,"Atlanta Police Department","2022-09-24","Exit 248C and John Wesley Dobbs Ave Ne","(O) No Injury","Dark-Lighted","On Roadway - Non-Intersection","Sideswipe-Same Direction","John Wesley Dobbs Ave Ne","Dry","20:30:00","Lap and Shoulder Belt Used","Clear",0,33.757727,-84.378226,"Atlanta","FULTON","[""Parked Motor Vehicle"",""Parked Motor Vehicle""]","Misjudged Clearance","[""Motor Vehicle in Motion"",""Motor Vehicle in Motion""]"
0,0,"Atlanta Police Department","2022-09-24","Camp Ground Rd Sw and Campbellton Rd Sw","(O) No Injury","Daylight","On Roadway - Roadway Intersection","Sideswipe-Same Direction","Campbellton Rd Sw","Dry","12:34:00","[""Unknown"",""Unknown""]","Clear",0,33.690842,-84.513363,"Atlanta","FULTON","[""Motor Vehicle in Motion"",""Motor Vehicle in Motion""]","Changed Lanes Improperly","[""Motor Vehicle in Motion"",""Motor Vehicle in Motion""]"
0,0,"Atlanta Police Department","2022-09-24","Leslie St Se and Hosea L Williams Dr Ne","(O) No Injury","Daylight","On Roadway - Roadway Intersection","Angle Crash","Leslie St Se","Dry","13:00:00","[""Lap and Shoulder Belt Used"",""Lap and Shoulder Belt Used""]","Clear",0,33.753443,-84.343396,"Atlanta","DEKALB","[""Motor Vehicle in Motion"",""Motor Vehicle in Motion""]",,"[""Motor Vehicle in Motion"",""Motor Vehicle in Motion""]"
0,0,"Atlanta Police Department","2022-09-24","Parker Ave and Glenwood Ave Se","(O) No Injury","Daylight","On Roadway - Roadway Intersection","Rear End","Parker Ave","Dry","18:00:00","[""Unknown"",""Unknown""]","Cloudy",0,33.739822,-84.300416,"Atlanta","DEKALB","[""Motor Vehicle in Motion"",""Motor Vehicle in Motion""]","Following Too Close","[""Motor Vehicle in Motion"",""Motor Vehicle in Motion""]"
0,0,"Atlanta Police Department","2022-09-24","Fairview Rd Ne and Ponce De Leon Ave Ne","(O) No Injury","Daylight","On Roadway - Roadway Intersection","Rear End","Ponce De Leon Ave Ne","Dry","10:46:00","[""Lap and Shoulder Belt Used"",""Lap and Shoulder Belt Used""]","Clear",0,33.773923,-84.337154,"Atlanta","DEKALB","[""Motor Vehicle in Motion"",""Motor Vehicle in Motion""]","Following Too Close","[""Motor Vehicle in Motion"",""Motor Vehicle in Motion""]"
0,0,"Atlanta Police Department","2022-09-24","None and I-20","(O) No Injury","Daylight","On Roadway - Non-Intersection","Rear End","I-20","Dry","11:15:00","[""Unknown"",""Unknown""]","Clear",0,33.742473,-84.421879,"Atlanta","FULTON","[""Motor Vehicle in Motion"",""Motor Vehicle in Motion""]","[""Changed Lanes Improperly"",""Following Too Close""]","[""Motor Vehicle in Motion"",""Motor Vehicle in Motion""]"
0,0,"Atlanta Police Department","2022-09-24","Edgewood Ave Se and Jesse Hill Jr Dr Ne","(O) No Injury","Daylight","On Roadway - Roadway Intersection","Rear End","Jesse Hill Jr Dr Ne","Dry","19:02:00","[""Unknown"",""Unknown""]","Clear",0,33.754417,-84.380264,"Atlanta","FULTON","[""Motor Vehicle in Motion"",""Motor Vehicle in Motion""]","Following Too Close","[""Motor Vehicle in Motion"",""Motor Vehicle in Motion""]"
0,0,"Atlanta Police Department","2022-09-24","None and I-20","(O) No Injury","Dark-Lighted","On Roadway - Non-Intersection","Sideswipe-Same Direction","I-20","Dry","02:26:00","[""Unknown"",""Lap and Shoulder Belt Used""]","Clear",0,33.766123,-84.499805,"Atlanta","FULTON","[""Motor Vehicle in Motion"",""Motor Vehicle in Motion""]","Changed Lanes Improperly","Motor Vehicle in Motion"
0,0,"Atlanta Police Department","2022-09-24","None and I-75","(O) No Injury","Daylight","On Roadway - Managed Lane (HOV, HOT, Reversible)","Rear End","I-75","Dry","17:30:00","Lap and Shoulder Belt Used","Clear",0,33.797865,-84.395797,"Atlanta","FULTON","[""Motor Vehicle in Motion"",""Motor Vehicle in Motion""]",,"Motor Vehicle in Motion"
0,0,"Atlanta Police Department","2022-09-24","Ottley Dr Ne and Carter Dr Ne","(O) No Injury","Dark-Lighted","Off Roadway - Sidewalk","Not a Collision with Motor Vehicle","Carter Dr Ne","Dry","03:25:00","Lap Belt Only Used","Clear",0,33.806247,-84.384671,"Atlanta","FULTON","Motor Vehicle in Motion","Under the Influence (U.I.)","Motor Vehicle in Motion"
0,0,"Atlanta Police Department","2022-09-24","None and I-75","(C) Possible Injury / Complaint","Dark-Not Lighted","On Roadway - Non-Intersection","Angle Crash","I-75","Dry","02:00:00","[""Lap and Shoulder Belt Used"",""Lap and Shoulder Belt Used"",""Lap and Shoulder Belt Used""]","Clear",0,33.684172,-84.399129,"Atlanta","FULTON","[""Motor Vehicle in Motion"",""Motor Vehicle in Motion""]","Changed Lanes Improperly","[""Motor Vehicle in Motion"",""Motor Vehicle in Motion""]"
0,0,"Atlanta Police Department","2022-09-24","I-285 and Campbellton Rd Sw","(O) No Injury","Dark-Lighted","On Roadway - Non-Intersection","Rear End","I-285","Dry","22:00:00","[""Lap and Shoulder Belt Used"",""Lap and Shoulder Belt Used"",""Lap and Shoulder Belt Used"",""Lap and Shoulder Belt Used"",""Child Restraint System (Properly Used)""]","Clear",0,33.690475,-84.500208,"Atlanta","FULTON","[""Motor Vehicle in Motion"",""Motor Vehicle in Motion"",""Motor Vehicle in Motion""]","[""Following Too Close"",""Following Too Close""]","[""Motor Vehicle in Motion"",""Motor Vehicle in Motion"",""Motor Vehicle in Motion""]"
0,0,"Atlanta Police Department","2022-09-24","I-75 S and Northside Dr Nw","(O) No Injury","Daylight","On Roadway - Roadway Intersection","Rear End","Northside Dr Nw","Dry","18:28:00","[""Lap and Shoulder Belt Used"",""Lap and Shoulder Belt Used""]","Clear",0,33.802539,-84.40786,"Atlanta","FULTON","[""Motor Vehicle in Motion"",""Motor Vehicle in Motion""]","Following Too Close","[""Motor Vehicle in Motion"",""Motor Vehicle in Motion""]"
0,0,"Atlanta Police Department","2022-09-24","None and Roswell Rd Ne","(O) No Injury","Dark-Lighted","On Roadway - Non-Intersection","Angle Crash","Roswell Rd Ne","Dry","20:34:00","[""Unknown"",""Unknown""]","Clear",0,33.859992,-84.38058,"Atlanta","FULTON","[""Motor Vehicle in Motion"",""Motor Vehicle in Motion""]",,"[""Motor Vehicle in Motion"",""Motor Vehicle in Motion""]"
0,0,"Atlanta Police Department","2022-09-24","Jones Ave Nw and Northside Dr Nw","(O) No Injury","Dark-Lighted","On Roadway - Roadway Intersection","Angle Crash","Northside Dr Nw","Dry","02:00:00","[""Unknown"",""Unknown""]","Clear",0,33.764274,-84.403452,"Atlanta","FULTON","[""Motor Vehicle in Motion"",""Motor Vehicle in Motion""]","Changed Lanes Improperly","[""Motor Vehicle in Motion"",""Motor Vehicle in Motion""]"
0,0,"Atlanta Police Department","2022-09-24","None and I-75","(C) Possible Injury / Complaint","Daylight","On Roadway - Non-Intersection","Rear End","I-75","Dry","18:00:00","[""Unknown"",""Unknown"",""Unknown"",""Unknown"",""Unknown"",""Unknown""]","Clear",0,33.727443,-84.393694,"Atlanta","FULTON","[""Motor Vehicle in Motion"",""Motor Vehicle in Motion"",""Motor Vehicle in Motion""]",,"[""Motor Vehicle in Motion"",""Motor Vehicle in Motion"",""Motor Vehicle in Motion""]"
0,2,"Atlanta Police Department","2022-09-24","Northside Dr Nw and Ivan Allen Jr Blvd Nw","(B) Suspected Minor/Visible Injury","Dark-Lighted","On Roadway - Roadway Intersection","Angle Crash","Ivan Allen Jr Blvd Nw","Dry","21:32:00","[""Lap and Shoulder Belt Used"",""Lap and Shoulder Belt Used"",""Child Restraint System (Properly Used)"",""Lap and Shoulder Belt Used""]","Clear",0,33.76344,-84.402925,"Atlanta","FULTON","[""Motor Vehicle in Motion"",""Motor Vehicle in Motion""]","Failure to Yield","[""Motor Vehicle in Motion"",""Motor Vehicle in Motion""]"
0,0,"Atlanta Police Department","2022-09-24","Turman Ave Se and Jonesboro Rd Se","(O) No Injury","Daylight","On Roadway - Non-Intersection","Angle Crash","Jonesboro Rd Se","Dry","17:20:00","[""Lap and Shoulder Belt Used"",""Lap and Shoulder Belt Used""]","Clear",0,33.708123,-84.380665,"Atlanta","FULTON","[""Motor Vehicle in Motion"",""Motor Vehicle in Motion""]","[""Failure to Yield"",""Misjudged Clearance""]","[""Motor Vehicle in Motion"",""Motor Vehicle in Motion""]"
0,0,"Atlanta Police Department","2022-09-24","None and Exit 10A Rp","(O) No Injury","Dark-Lighted","On Roadway - Non-Intersection","Not a Collision with Motor Vehicle","Exit 10A Rp","Dry","03:00:00","Lap and Shoulder Belt Used","Cloudy",0,33.761188,-84.489695,"Atlanta","FULTON","Motor Vehicle in Motion","Driver Lost Control","Motor Vehicle in Motion"
0,0,"Atlanta Police Department","2022-09-24","None and I-75","(C) Possible Injury / Complaint","Daylight","On Roadway - Non-Intersection","Rear End","I-75","Dry","09:30:00","[""Lap and Shoulder Belt Used"",""Lap and Shoulder Belt Used"",""Lap and Shoulder Belt Used"",""Lap and Shoulder Belt Used""]","Clear",0,33.790181,-84.390829,"Atlanta","FULTON","[""Motor Vehicle in Motion"",""Motor Vehicle in Motion"",""Motor Vehicle in Motion"",""Motor Vehicle in Motion""]",,"[""Motor Vehicle in Motion"",""Motor Vehicle in Motion"",""Motor Vehicle in Motion"",""Motor Vehicle in Motion""]"
0,0,"Atlanta Police Department","2022-09-24","None and I-75","(O) No Injury","Daylight","On Roadway - Non-Intersection","Rear End","I-75","Dry","15:40:00","[""Lap and Shoulder Belt Used"",""Lap and Shoulder Belt Used""]","Clear",0,33.829411,-84.425564,"Atlanta","FULTON","[""Motor Vehicle in Motion"",""Motor Vehicle in Motion""]",,"[""Motor Vehicle in Motion"",""Motor Vehicle in Motion""]"
0,0,"Atlanta Police Department","2022-09-24","I-75 and Ellis St Ne","(O) No Injury","Dark-Lighted","On Roadway - Non-Intersection","Rear End","I-75","Dry","22:49:00","[""Unknown"",""Unknown""]","Clear",0,33.758954,-84.379283,"Atlanta","FULTON","[""Motor Vehicle in Motion"",""Motor Vehicle in Motion""]",,"[""Motor Vehicle in Motion"",""Motor Vehicle in Motion""]"
0,0,"Atlanta Police Department","2022-09-24","Cain St Ne and Boulevard Ne","(O) No Injury","Dark-Lighted","On Roadway - Non-Intersection","Sideswipe-Opposite Direction","Cain St Ne","Dry","20:30:00","None Used","Clear",0,33.759514,-84.372085,"Atlanta","FULTON","[""Motor Vehicle in Motion"",""Motor Vehicle in Motion""]","Changed Lanes Improperly","[""Motor Vehicle in Motion"",""Motor Vehicle in Motion""]"