"# Serious Injuries","# Visible Injuries","Agency Name (Crash Level) ","Date","Intersection Name (from Crash Report)","KABCO Severity","Light Conditions (Crash Level)","Location at Impact (Crash Level) ","Manner of Collision (Crash Level) ","Roadway (From Crash Report)","Surface Condition (Crash Level) ","Time","Safety Equipment (Crash Level) ","Weather Conditions (Crash Level)","# of Fatalities per Crash","Latitude","Longitude","Geolocated City","Geolocated County","First Harmful Event (Unit Order)","Operator/Pedestrian Contrib Factor (excl None, Other, No Contrib Factors)","Most Harmful Event (Crash Level)"
0,0,"Gsp Post 00","2022-09-27","I-85 North and Peachtree St Overpass","(O) No Injury","Daylight","On Roadway - Non-Intersection","Rear End","I-85 North","Dry","18:20:00","[""Lap and Shoulder Belt Used"",""Lap and Shoulder Belt Used""]","Clear",0,33.806961,-84.380194,"Atlanta","FULTON","[""Motor Vehicle in Motion"",""Motor Vehicle in Motion""]","Following Too Close","[""Motor Vehicle in Motion"",""Motor Vehicle in Motion""]"
0,0,"Atlanta Police Department","2022-09-27","Auburn Ave Ne and Piedmont Ave Ne","(O) No Injury","Daylight","On Roadway - Non-Intersection","Angle Crash","Piedmont Ave Ne","Dry","13:23:00","[""Unknown"",""Unknown""]","Clear",0,33.75509,-84.382273,"Atlanta","FULTON","[""Motor Vehicle in Motion"",""Motor Vehicle in Motion""]","Improper Backing","[""Motor Vehicle in Motion"",""Motor Vehicle in Motion""]"
0,0,"Gsp Post 00","2022-09-27","Decatur Street and I-7585 Southbound","(O) No Injury","Daylight","On Roadway - Non-Intersection","Angle Crash","I-7585 Southbound","Dry","17:35:00","[""Lap and Shoulder Belt Used"",""Lap and Shoulder Belt Used""]","Clear",0,33.748896,-84.383961,"Atlanta","FULTON","[""Motor Vehicle in Motion"",""Motor Vehicle in Motion""]","Changed Lanes Improperly","[""Motor Vehicle in Motion"",""Motor Vehicle in Motion""]"
0,0,"Atlanta Police Department","2022-09-27","Pharr Rd Nw and Slaton Dr Nw","(O) No Injury","Daylight","On Roadway - Roadway Intersection","Rear End","Pharr Rd Nw","Dry","15:07:00","[""Lap and Shoulder Belt Used"",""Lap and Shoulder Belt Used""]","Clear",0,33.83679,-84.386363,"Atlanta","FULTON","[""Motor Vehicle in Motion"",""Motor Vehicle in Motion""]","Following Too Close","[""Motor Vehicle in Motion"",""Motor Vehicle in Motion""]"
0,0,"Atlanta Police Department","2022-09-27","Auburn Ave Ne and Piedmont Ave Ne","(O) No Injury","Daylight","On Roadway - Roadway Intersection","Sideswipe-Same Direction","Piedmont Ave Ne","Dry","16:39:00","[""Unknown"",""Unknown""]","Clear",0,33.755115,-84.382272,"Atlanta","FULTON","[""Motor Vehicle in Motion"",""Motor Vehicle in Motion""]",,"[""Motor Vehicle in Motion"",""Motor Vehicle in Motion""]"
0,1,"Atlanta Police Department","2022-09-27","None and I-20","(B) Suspected Minor/Visible Injury","Dark-Not Lighted","Entrance/Exit Ramp","Not a Collision with Motor Vehicle","I-20","Dry","22:00:00","Unknown","Clear",0,33.760652,-84.484584,"Atlanta","FULTON","Motor Vehicle in Motion",,"Motor Vehicle in Motion"
0,0,"Atlanta Police Department","2022-09-27","Sylvan Rd Sw and Langford Pkwy","(C) Possible Injury / Complaint","Daylight","On Roadway - Roadway Intersection","Angle Crash","Sylvan Rd Sw","Dry","13:45:00","[""Lap and Shoulder Belt Used"",""Lap and Shoulder Belt Used""]","Clear",0,33.698164,-84.418328,"Atlanta","FULTON","[""Motor Vehicle in Motion"",""Motor Vehicle in Motion""]","Failure to Yield","[""Motor Vehicle in Motion"",""Motor Vehicle in Motion""]"
0,0,"Atlanta Police Department","2022-09-27","Brownlee Rd Sw and Cedar Island Dr Sw","(O) No Injury","Dark-Lighted","On Roadway - Roadway Intersection","Angle Crash","Cedar Island Dr Sw","Dry","19:56:00","[""Unknown"",""Unknown"",""Unknown""]","Clear",0,33.738739,-84.496137,"Atlanta","FULTON","[""Motor Vehicle in Motion"",""Motor Vehicle in Motion""]","Disregard Other Traffic Control","[""Motor Vehicle in Motion"",""Motor Vehicle in Motion""]"
0,0,"Dekalb Co Police Department","2022-09-27","I 20 and Moreland Ave","(O) No Injury","Daylight","On Roadway - Non-Intersection","Sideswipe-Same Direction","I 20","Dry","07:30:00","[""Unknown"",""Unknown"",""Unknown"",""Unknown"",""Unknown""]","Clear",0,33.745546,-84.349308,"Atlanta","FULTON","[""Motor Vehicle in Motion"",""Motor Vehicle in Motion"",""Motor Vehicle in Motion""]","Changed Lanes Improperly","[""Motor Vehicle in Motion"",""Motor Vehicle in Motion"",""Motor Vehicle in Motion""]"
0,1,"Atlanta Police Department","2022-09-27","Northside Dr Nw and Castlewood Dr Nw","(B) Suspected Minor/Visible Injury","Daylight","On Roadway - Roadway Intersection","Angle Crash","Northside Dr Nw","Dry","12:00:00","[""Lap and Shoulder Belt Used"",""Booster Seat (Properly Used)"",""Lap and Shoulder Belt Used""]","Clear",0,33.83505,-84.407416,"Atlanta","FULTON","[""Motor Vehicle in Motion"",""Motor Vehicle in Motion""]","Improper Turn","[""Motor Vehicle in Motion"",""Motor Vehicle in Motion""]"
0,0,"Gsp Post 00","2022-09-27","Bolton Road and Interstate 285 Nb","(O) No Injury","Daylight","On Shoulder","Sideswipe-Same Direction","Interstate 285 Nb","Dry","14:50:00","Lap and Shoulder Belt Used","Clear",0,33.79943,-84.488259,"Atlanta","FULTON","[""Parked Motor Vehicle"",""Motor Vehicle in Motion""]","Under the Influence (U.I.)","[""Parked Motor Vehicle"",""Motor Vehicle in Motion""]"
0,0,"Atlanta Police Department","2022-09-27","None and Howell Mill Rd Nw","(O) No Injury","Daylight","On Roadway - Driveway Intersection","Sideswipe-Same Direction","Howell Mill Rd Nw","Dry","12:19:00","[""Unknown"",""Unknown""]","Clear",0,33.803929,-84.413869,"Atlanta","FULTON","[""Motor Vehicle in Motion"",""Motor Vehicle in Motion""]","Following Too Close","[""Motor Vehicle in Motion"",""Motor Vehicle in Motion""]"
0,0,"Gsp Post 00","2022-09-27","I-285 N and Mlk Jr Dr","(C) Possible Injury / Complaint","Daylight","On Roadway - Non-Intersection","Rear End","I-285 N","Dry","09:18:00","[""Lap and Shoulder Belt Used"",""Lap and Shoulder Belt Used""]","Clear",0,33.750091,-84.496773,"Atlanta","FULTON","[""Motor Vehicle in Motion"",""Motor Vehicle in Motion""]","[""Failure to Yield"",""Changed Lanes Improperly""]","[""Motor Vehicle in Motion"",""Motor Vehicle in Motion""]"
0,0,"Atlanta Police Department","2022-09-27","None and I-75","(K) Fatal Injury","Dark-Not Lighted","On Shoulder","Not a Collision with Motor Vehicle","I-75","Dry","03:20:00","None Used","Clear",1,33.68654,-84.399284,"Atlanta","FULTON","Guard Rail Face","Driver Lost Control","Animal"
1,0,"Atlanta Police Department","2022-09-27","Fairburn Rd Sw and Campbellton Rd Sw","(A) Suspected Serious Injury","Dark-Not Lighted","On Roadway - Non-Intersection","Rear End","Fairburn Rd Sw","Dry","15:15:00","[""Unknown"",""Unknown""]","Clear",0,33.690546,-84.511458,"Atlanta","FULTON","[""Motor Vehicle in Motion"",""Motor Vehicle in Motion""]",,"[""Motor Vehicle in Motion"",""Motor Vehicle in Motion""]"
0,1,"Gsp Post 00","2022-09-27","Ga 13 and I-85 North","(B) Suspected Minor/Visible Injury","Dark-Lighted","On Roadway - Non-Intersection","Rear End","I-85 North","Dry","06:10:00","[""Lap and Shoulder Belt Used"",""Lap and Shoulder Belt Used"",""Lap and Shoulder Belt Used""]","Clear",0,33.808961,-84.377245,"Atlanta","FULTON","[""Motor Vehicle in Motion"",""Motor Vehicle in Motion""]","Following Too Close","[""Motor Vehicle in Motion"",""Motor Vehicle in Motion""]"
0,0,"Atlanta Police Department","2022-09-27","Murphy Ave Sw and Brookline St Sw","(O) No Injury","Daylight","On Roadway - Roadway Intersection","Rear End","Murphy Ave Sw","Dry","16:50:00","[""Unknown"",""Unknown"",""Unknown""]","Clear",0,33.728225,-84.416163,"Atlanta","FULTON","[""Motor Vehicle in Motion"",""Motor Vehicle in Motion"",""Motor Vehicle in Motion""]","Changed Lanes Improperly","[""Motor Vehicle in Motion"",""Motor Vehicle in Motion""]"
0,0,"Atlanta Police Department","2022-09-27","Mackenzie Dr Ne and Highland Ave Ne","(O) No Injury","Dark-Lighted","On Roadway - Non-Intersection","Angle Crash","Highland Ave Ne","Dry","20:30:00","[""Unknown"",""Unknown""]","Clear",0,33.761349,-84.371237,"Atlanta","FULTON","[""Motor Vehicle in Motion"",""Motor Vehicle in Motion""]","Failure to Yield","[""Motor Vehicle in Motion"",""Motor Vehicle in Motion""]"
0,0,"Atlanta Police Department","2022-09-27","Lindbergh Dr Ne and Peachtree Rd Ne","(O) No Injury","Daylight","On Roadway - Non-Intersection","Sideswipe-Same Direction","Peachtree Rd Ne","Dry","13:15:00","[""Unknown"",""Unknown"",""Unknown""]","Clear",0,33.822671,-84.387554,"Atlanta","FULTON","[""Motor Vehicle in Motion"",""Motor Vehicle in Motion""]","[""Changed Lanes Improperly"",""Misjudged Clearance""]","[""Motor Vehicle in Motion"",""Motor Vehicle in Motion""]"
0,0,"Gsp Post 00","2022-09-27","I-7585 North and Edgewood Avenue","(O) No Injury","Daylight","On Roadway - Non-Intersection","Rear End","I-7585 North","Dry","07:13:00","[""Lap and Shoulder Belt Used"",""Lap and Shoulder Belt Used"",""Lap and Shoulder Belt Used""]","Clear",0,33.750913,-84.380727,"Atlanta","FULTON","[""Motor Vehicle in Motion"",""Motor Vehicle in Motion""]","Following Too Close","[""Parked Motor Vehicle"",""Motor Vehicle in Motion""]"
0,0,"Gsp Post 00","2022-09-27","Interstate 20 West and Interstate 285 Underpass","(C) Possible Injury / Complaint","Daylight","On Roadway - Non-Intersection","Rear End","Interstate 20 West","Dry","16:25:00","[""Lap and Shoulder Belt Used"",""Lap and Shoulder Belt Used""]","Clear",0,33.762043,-84.487322,"Atlanta","FULTON","[""Motor Vehicle in Motion"",""Motor Vehicle in Motion""]","Following Too Close","[""Motor Vehicle in Motion"",""Motor Vehicle in Motion""]"
0,0,"Atlanta Police Department","2022-09-27","Howell Mill Rd Nw and Chattahoochee Ave Nw","(O) No Injury","Daylight","On Roadway - Non-Intersection","Sideswipe-Opposite Direction","Chattahoochee Ave Nw","Dry","09:00:00","[""Unknown"",""Lap and Shoulder Belt Used"",""Lap and Shoulder Belt Used"",""Lap and Shoulder Belt Used"",""Lap and Shoulder Belt Used""]","Clear",0,33.799598,-84.416011,"Atlanta","FULTON","[""Motor Vehicle in Motion"",""Motor Vehicle in Motion""]","Improper Passing","[""Motor Vehicle in Motion"",""Motor Vehicle in Motion""]"
0,0,"Atlanta Police Department","2022-09-27","W Marietta St Nw and Joseph E Lowery Blvd Nw","(O) No Injury","Daylight","On Roadway - Non-Intersection","Rear End","W Marietta St Nw","Dry","13:38:00","[""Unknown"",""Unknown""]","Clear",0,33.782627,-84.417149,"Atlanta","FULTON","[""Motor Vehicle in Motion"",""Motor Vehicle in Motion""]","Following Too Close","[""Motor Vehicle in Motion"",""Motor Vehicle in Motion""]"
0,0,"Gsp Post 00","2022-09-27","Interstate 7585 North and Edgewood Avenue Overpass","(C) Possible Injury / Complaint","Daylight","On Roadway - Non-Intersection","Rear End","Interstate 7585 North","Dry","14:50:00","[""Unknown"",""Lap and Shoulder Belt Used""]","Clear",0,33.753279,-84.378707,"Atlanta","FULTON","[""Motor Vehicle in Motion"",""Motor Vehicle in Motion""]","Following Too Close","[""Motor Vehicle in Motion"",""Motor Vehicle in Motion""]"
0,0,"Atlanta Police Department","2022-09-27","Springdale Rd Sw and Cleveland Ave Sw","(O) No Injury","Daylight","On Roadway - Roadway Intersection","Rear End","Cleveland Ave Sw","Dry","18:30:00","[""Unknown"",""Unknown""]","Cloudy",0,33.681386,-84.415043,"Atlanta","FULTON","[""Motor Vehicle in Motion"",""Motor Vehicle in Motion""]","Following Too Close","[""Motor Vehicle in Motion"",""Motor Vehicle in Motion""]"
0,0,"Gsp Post 00","2022-09-27","I-20 and I-285 Nb","(O) No Injury","Daylight","On Roadway - Non-Intersection","Sideswipe-Same Direction","I-285 Nb","Dry","17:55:00","[""Lap and Shoulder Belt Used"",""Lap and Shoulder Belt Used""]","Clear",0,33.770916,-84.495466,"Atlanta","FULTON","[""Motor Vehicle in Motion"",""Motor Vehicle in Motion""]",,"[""Motor Vehicle in Motion"",""Motor Vehicle in Motion""]"
0,0,"Atlanta Police Department","2022-09-27","North Ave Ne and Peachtree St Ne","(C) Possible Injury / Complaint","Daylight","On Roadway - Managed Lane (HOV, HOT, Reversible)","Angle Crash","North Ave Ne","Dry","18:30:00","[""Unknown"",""Unknown"",""Unknown""]","Clear",0,33.771299,-84.38609,"Atlanta","FULTON","[""Motor Vehicle in Motion"",""Motor Vehicle in Motion""]",,"[""Motor Vehicle in Motion"",""Motor Vehicle in Motion""]"
1,0,"Atlanta Police Department","2022-09-28","None and I-75","(A) Suspected Serious Injury","Dusk","On Roadway - Non-Intersection","Rear End","I-75","Dry","21:55:00","[""Lap and Shoulder Belt Used"",""Lap and Shoulder Belt Used""]","Clear",0,33.695741,-84.404086,"Atlanta","FULTON","[""Motor Vehicle in Motion"",""Motor Vehicle in Motion""]","Changed Lanes Improperly","[""Motor Vehicle in Motion"",""Motor Vehicle in Motion""]"
0,0,"Atlanta Police Department","2022-09-28","Willis Mill Rd Sw and Campbellton Rd Sw","(O) No Injury","Daylight","On Roadway - Non-Intersection","Sideswipe-Same Direction","Campbellton Rd Sw","Dry","14:30:00","[""Lap and Shoulder Belt Used"",""Lap and Shoulder Belt Used""]","Clear",0,33.70434,-84.464507,"Atlanta","FULTON","[""Motor Vehicle in Motion"",""Motor Vehicle in Motion""]",,"[""Motor Vehicle in Motion"",""Motor Vehicle in Motion""]"
0,0,"Atlanta Police Department","2022-09-28","Dollar Mill Rd Sw and Boulder Park Dr Sw","(C) Possible Injury / Complaint","Dusk","On Roadway - Non-Intersection","Sideswipe-Opposite Direction","Boulder Park Dr Sw","Dry","19:52:00","[""Unknown"",""Unknown"",""Unknown""]","Clear",0,33.746302,-84.532281,"Atlanta","FULTON","[""Motor Vehicle in Motion"",""Motor Vehicle in Motion""]","[""Improper Passing"",""Changed Lanes Improperly""]","[""Motor Vehicle in Motion"",""Motor Vehicle in Motion""]"
0,0,"Atlanta Police Department","2022-09-28","Oakdale Rd Ne and Dekalb Ave Ne","(O) No Injury","Daylight","On Roadway - Non-Intersection","Rear End","Dekalb Ave Ne","Dry","18:00:00","[""Unknown"",""Unknown""]","Clear",0,33.761743,-84.342161,"Atlanta","DEKALB","[""Motor Vehicle in Motion"",""Motor Vehicle in Motion""]","Following Too Close","Motor Vehicle in Motion"
0,0,"Atlanta Police Department","2022-09-28","14Th St Nw and Northside Dr Nw","(O) No Injury","Daylight","On Roadway - Non-Intersection","Angle Crash","14Th St Nw","Dry","10:00:00","[""Lap and Shoulder Belt Used"",""Lap and Shoulder Belt Used""]","Clear",0,33.786228,-84.407445,"Atlanta","FULTON","[""Motor Vehicle in Motion"",""Motor Vehicle in Motion""]",,"[""Motor Vehicle in Motion"",""Motor Vehicle in Motion""]"
0,0,"Atlanta Police Department","2022-09-28","Lenox Rd Ne and Canter Rd Ne","(C) Possible Injury / Complaint","Daylight","On Roadway - Roadway Intersection","Rear End","Canter Rd Ne","Dry","10:50:00","[""Lap and Shoulder Belt Used"",""Lap and Shoulder Belt Used""]","Clear",0,33.841556,-84.358101,"Atlanta","FULTON","[""Motor Vehicle in Motion"",""Motor Vehicle in Motion""]","Following Too Close","[""Motor Vehicle in Motion"",""Motor Vehicle in Motion""]"
0,0,"Gsp Post 00","2022-09-28","Trinity Ave and Capitol Place","(O) No Injury","Daylight","On Roadway - Non-Intersection","Angle Crash","Capitol Place","Dry","17:20:00","[""Lap and Shoulder Belt Used"",""Lap and Shoulder Belt Used""]","Cloudy",0,33.747486,-84.388622,"Atlanta","FULTON","[""Motor Vehicle in Motion"",""Motor Vehicle in Motion""]","Failure to Yield","[""Motor Vehicle in Motion"",""Motor Vehicle in Motion""]"
0,0,"Atlanta Police Department","2022-09-28","Langford Pkwy and Millirons Dr Sw","(O) No Injury","Dark-Lighted","On Roadway - Non-Intersection","Sideswipe-Same Direction","Langford Pkwy","Dry","21:00:00","[""Unknown"",""Unknown""]","Clear",0,33.697678,-84.416977,"Atlanta","FULTON","[""Motor Vehicle in Motion"",""Motor Vehicle in Motion""]","Changed Lanes Improperly","[""Motor Vehicle in Motion"",""Motor Vehicle in Motion""]"
0,0,"Atlanta Police Department","2022-09-28","Hardee St Ne and Moreland Ave Ne","(O) No Injury","Dark-Lighted","On Roadway - Roadway Intersection","Sideswipe-Same Direction","Moreland Ave Ne","Dry","01:07:00","[""Lap and Shoulder Belt Used"",""Lap and Shoulder Belt Used""]","Clear",0,33.755479,-84.349187,"Atlanta","FULTON","[""Motor Vehicle in Motion"",""Motor Vehicle in Motion""]","Under the Influence (U.I.)","[""Motor Vehicle in Motion"",""Motor Vehicle in Motion""]"
0,0,"Atlanta Police Department","2022-09-28","None and I-285","(O) No Injury","Dark-Lighted","On Roadway - Non-Intersection","Rear End","I-285","Dry","21:34:00","[""Unknown"",""Unknown""]","Clear",0,33.804498,-84.49219,"Atlanta","FULTON","[""Motor Vehicle in Motion"",""Motor Vehicle in Motion""]","Following Too Close","[""Motor Vehicle in Motion"",""Motor Vehicle in Motion""]"
0,0,"Atlanta Police Department","2022-09-28","I-85 Nb Ramp and Lindbergh Dr Ne","(O) No Injury","Daylight","Entrance/Exit Ramp","Sideswipe-Same Direction","Lindbergh Dr Ne","Dry","10:15:00","[""Unknown"",""Unknown""]","Clear",0,33.820697,-84.361695,"Atlanta","FULTON","[""Motor Vehicle in Motion"",""Motor Vehicle in Motion""]",,"[""Motor Vehicle in Motion"",""Motor Vehicle in Motion""]"
0,0,"Atlanta Police Department","2022-09-28","I-85 Nb Ramp and Lindbergh Dr Ne","(O) No Injury","Daylight","Entrance/Exit Ramp","Rear End","Lindbergh Dr Ne","Dry","10:00:00","[""Unknown"",""Unknown""]","Clear",0,33.820695,-84.36144,"Atlanta","FULTON","[""Motor Vehicle in Motion"",""Parked Motor Vehicle""]","Following Too Close","[""Motor Vehicle in Motion"",""Parked Motor Vehicle""]"
0,0,"Atlanta Police Department","2022-09-28","None and I-20","(C) Possible Injury / Complaint","Daylight","On Roadway - Non-Intersection","Rear End","I-20","Dry","17:10:00","[""Unknown"",""Unknown"",""Unknown""]","Clear",0,33.744869,-84.398603,"Atlanta","FULTON","[""Motor Vehicle in Motion"",""Motor Vehicle in Motion""]","Following Too Close","[""Motor Vehicle in Motion"",""Motor Vehicle in Motion""]"
0,0,"Atlanta Police Department","2022-09-28","Piedmont Ave Ne and E Morningside Dr Ne","(O) No Injury","Dark-Lighted","On Roadway - Non-Intersection","Angle Crash","Piedmont Ave Ne","Dry","18:10:00","[""Unknown"",""Unknown""]","Clear",0,33.798928,-84.368015,"Atlanta","FULTON","[""Motor Vehicle in Motion"",""Motor Vehicle in Motion""]","Changed Lanes Improperly","[""Motor Vehicle in Motion"",""Motor Vehicle in Motion""]"
0,0,"Atlanta Police Department","2022-09-28","Park Dr Ne and Monroe Dr Ne","(O) No Injury","Daylight","On Roadway - Roadway Intersection","Rear End","Park Dr Ne","Dry","11:15:00","[""Unknown"",""Unknown""]","Clear",0,33.785668,-84.367459,"Atlanta","FULTON","[""Motor Vehicle in Motion"",""Motor Vehicle in Motion""]","Following Too Close","[""Motor Vehicle in Motion"",""Motor Vehicle in Motion""]"
0,0,"Atlanta Police Department","2022-09-28","None and I-20","(O) No Injury","Daylight","On Roadway - Non-Intersection","Rear End","I-20","Dry","17:32:00","[""Lap and Shoulder Belt Used"",""Lap and Shoulder Belt Used"",""Lap and Shoulder Belt Used""]","Clear",0,33.741788,-84.406041,"Atlanta","FULTON","[""Motor Vehicle in Motion"",""Motor Vehicle in Motion"",""Motor Vehicle in Motion""]",,"[""Motor Vehicle in Motion"",""Motor Vehicle in Motion"",""Motor Vehicle in Motion""]"
0,0,"Atlanta Police Department","2022-09-28","Piedmont Rd Ne and Habersham Rd Ne","(O) No Injury","Daylight","On Roadway - Roadway Intersection","Rear End","Piedmont Rd Ne","Dry","11:00:00","[""Unknown"",""Unknown""]","Clear",0,33.853339,-84.381598,"Atlanta","FULTON","[""Motor Vehicle in Motion"",""Motor Vehicle in Motion""]","Following Too Close","[""Motor Vehicle in Motion"",""Motor Vehicle in Motion""]"
0,0,"Atlanta Police Department","2022-09-28","Grand Ave Sw and Cleveland Ave Sw","(O) No Injury","Daylight","Off Roadway","Angle Crash","Cleveland Ave Sw","Dry","10:00:00","[""Unknown"",""Unknown""]","Clear",0,33.681164,-84.401488,"Atlanta","FULTON","[""Motor Vehicle in Motion"",""Motor Vehicle in Motion""]","Improper Passing","[""Motor Vehicle in Motion"",""Motor Vehicle in Motion""]"
0,0,"Atlanta Police Department","2022-09-28","Harbin Rd Sw and Cascade Rd Sw","(O) No Injury","Daylight","On Roadway - Roadway Intersection","Angle Crash","Cascade Rd Sw","Dry","11:09:00","[""Unknown"",""Unknown""]","Clear",0,33.719948,-84.483658,"Atlanta","FULTON","[""Motor Vehicle in Motion"",""Motor Vehicle in Motion""]","Failure to Yield","[""Motor Vehicle in Motion"",""Motor Vehicle in Motion""]"
0,0,"Atlanta Police Department","2022-09-28","Spelman Ln Sw and Northside Dr Sw","(O) No Injury","Daylight","On Roadway - Roadway Intersection","Sideswipe-Same Direction","Northside Dr Sw","Dry","07:36:00","[""Unknown"",""Unknown"",""Unknown"",""Unknown"",""Unknown"",""Unknown""]","Clear",0,33.744387,-84.408334,"Atlanta","FULTON","[""Motor Vehicle in Motion"",""Motor Vehicle in Motion""]","Changed Lanes Improperly","[""Motor Vehicle in Motion"",""Motor Vehicle in Motion""]"
0,0,"Atlanta Police Department","2022-09-28","16Th St Nw and Northside Dr Nw","(O) No Injury","Daylight","On Roadway - Non-Intersection","Rear End","Northside Dr Nw","Dry","16:24:00","[""Lap and Shoulder Belt Used"",""Lap and Shoulder Belt Used""]","Clear",0,33.78859,-84.407669,"Atlanta","FULTON","[""Motor Vehicle in Motion"",""Motor Vehicle in Motion""]","Following Too Close","[""Motor Vehicle in Motion"",""Motor Vehicle in Motion""]"
0,0,"Atlanta Police Department","2022-09-28","Peachtree Pl Nw and W Peachtree St Nw","(O) No Injury","Daylight","On Roadway - Non-Intersection","Sideswipe-Same Direction","W Peachtree St Nw","Dry","09:31:00","[""Lap and Shoulder Belt Used"",""Lap and Shoulder Belt Used""]","Clear",0,33.780725,-84.387507,"Atlanta","FULTON","[""Motor Vehicle in Motion"",""Motor Vehicle in Motion""]","Changed Lanes Improperly","[""Motor Vehicle in Motion"",""Motor Vehicle in Motion""]"
0,0,"Atlanta Police Department","2022-09-28","None and I-75","(O) No Injury","Daylight","On Roadway - Non-Intersection","Sideswipe-Same Direction","I-75","Dry","10:46:00","[""Unknown"",""Unknown"",""Unknown""]","Clear",0,33.754866,-84.378287,"Atlanta","FULTON","[""Motor Vehicle in Motion"",""Motor Vehicle in Motion""]","Changed Lanes Improperly","[""Motor Vehicle in Motion"",""Motor Vehicle in Motion""]"
0,0,"Atlanta Police Department","2022-09-28","None and I-75","(C) Possible Injury / Complaint","Dark-Lighted","On Roadway - Non-Intersection","Sideswipe-Same Direction","I-75","Dry","05:30:00","[""Lap and Shoulder Belt Used"",""Lap and Shoulder Belt Used"",""Lap and Shoulder Belt Used"",""Lap and Shoulder Belt Used""]","Clear",0,33.72775,-84.393624,"Atlanta","FULTON","[""Motor Vehicle in Motion"",""Motor Vehicle in Motion"",""Motor Vehicle in Motion""]",,"[""Median Barrier"",""Motor Vehicle in Motion"",""Motor Vehicle in Motion""]"
0,0,"Atlanta Police Department","2022-09-28","None and Langford Pkwy","(O) No Injury","Dark-Not Lighted","On Roadway - Non-Intersection","Angle Crash","Langford Pkwy","Dry","05:00:00","[""Lap and Shoulder Belt Used"",""Lap and Shoulder Belt Used""]","Clear",0,33.697906,-84.401853,"Atlanta","FULTON","[""Motor Vehicle in Motion"",""Motor Vehicle in Motion""]","Changed Lanes Improperly","[""Motor Vehicle in Motion"",""Motor Vehicle in Motion""]"
0,0,"Atlanta Police Department","2022-09-28","None and Exit 248C Rp","(O) No Injury","Dark-Lighted","On Roadway - Non-Intersection","Sideswipe-Same Direction","Exit 248C Rp","Dry","06:15:00","Unknown","Clear",0,33.756179,-84.378118,"Atlanta","FULTON","[""Motor Vehicle in Motion"",""Motor Vehicle in Motion""]","Changed Lanes Improperly","Motor Vehicle in Motion"
0,0,"Atlanta Police Department","2022-09-28","Delowe Dr Sw and The Park At Lakewood Apartments","(O) No Injury","Daylight","On Roadway - Non-Intersection","Angle Crash","Delowe Dr Sw","Dry","13:00:00","[""Lap and Shoulder Belt Used"",""Lap and Shoulder Belt Used""]","Clear",0,33.700386,-84.457361,"Atlanta","FULTON","[""Motor Vehicle in Motion"",""Motor Vehicle in Motion""]","Failure to Yield","[""Motor Vehicle in Motion"",""Motor Vehicle in Motion""]"
0,0,"Atlanta Police Department","2022-09-28","Hemphill Ave Nw and Northside Dr Nw","(O) No Injury","Daylight","On Roadway - Roadway Intersection","Angle Crash","Northside Dr Nw","Dry","18:40:00","[""Lap and Shoulder Belt Used"",""Lap and Shoulder Belt Used""]","Clear",0,33.787199,-84.407463,"Atlanta","FULTON","[""Motor Vehicle in Motion"",""Motor Vehicle in Motion""]",,"[""Motor Vehicle in Motion"",""Motor Vehicle in Motion""]"
0,0,"Atlanta Police Department","2022-09-28","None and I-285","(O) No Injury","Dark-Not Lighted","On Roadway - Non-Intersection","Rear End","I-285","Dry","19:55:00","[""Lap and Shoulder Belt Used"",""Lap and Shoulder Belt Used""]","Clear",0,33.808507,-84.494882,"Atlanta","FULTON","[""Motor Vehicle in Motion"",""Motor Vehicle in Motion""]","Following Too Close","[""Motor Vehicle in Motion"",""Motor Vehicle in Motion""]"
0,0,"Atlanta Police Department","2022-09-28","North Ave and I-85 North","(O) No Injury","Daylight","On Roadway - Non-Intersection","Sideswipe-Same Direction","I-85 North","Dry","15:58:00","[""Unknown"",""Unknown""]","Clear",0,33.771722,-84.390051,"Atlanta","FULTON","[""Motor Vehicle in Motion"",""Motor Vehicle in Motion""]","Changed Lanes Improperly","[""Motor Vehicle in Motion"",""Motor Vehicle in Motion""]"
0,0,"Atlanta Police Department","2022-09-28","Monroe Dr Ne and Ponce De Leon Ave Ne","(O) No Injury","Daylight","On Roadway - Roadway Intersection","Rear End","Monroe Dr Ne","Dry","09:17:00","[""Lap and Shoulder Belt Used"",""Lap and Shoulder Belt Used""]","Clear",0,33.773671,-84.370889,"Atlanta","FULTON","[""Motor Vehicle in Motion"",""Motor Vehicle in Motion""]","Following Too Close","[""Motor Vehicle in Motion"",""Motor Vehicle in Motion""]"
0,0,"Atlanta Police Department","2022-09-28","I-75 N and University Ave Sw","(O) No Injury","Daylight","On Roadway - Non-Intersection","Sideswipe-Opposite Direction","University Ave Sw","Dry","13:00:00","[""Lap and Shoulder Belt Used"",""Lap and Shoulder Belt Used""]","Clear",0,33.722134,-84.394556,"Atlanta","FULTON","[""Motor Vehicle in Motion"",""Motor Vehicle in Motion""]","Changed Lanes Improperly","[""Motor Vehicle in Motion"",""Motor Vehicle in Motion""]"
0,0,"Atlanta Police Department","2022-09-28","I-20 and Moreland Ave Se","(C) Possible Injury / Complaint","Daylight","On Roadway - Roadway Intersection","Rear End","I-20","Dry","07:40:00","[""Lap and Shoulder Belt Used"",""Lap and Shoulder Belt Used""]","Clear",0,33.745592,-84.348589,"Atlanta","DEKALB","[""Motor Vehicle in Motion"",""Motor Vehicle in Motion""]","Following Too Close","[""Motor Vehicle in Motion"",""Motor Vehicle in Motion""]"