"# Serious Injuries","# Visible Injuries","Agency Name (Crash Level) ","Date","Intersection Name (from Crash Report)","KABCO Severity","Light Conditions (Crash Level)","Location at Impact (Crash Level) ","Manner of Collision (Crash Level) ","Roadway (From Crash Report)","Surface Condition (Crash Level) ","Time","Safety Equipment (Crash Level) ","Weather Conditions (Crash Level)","# of Fatalities per Crash","Latitude","Longitude","Geolocated City","Geolocated County","First Harmful Event (Unit Order)","Operator/Pedestrian Contrib Factor (excl None, Other, No Contrib Factors)","Most Harmful Event (Crash Level)"
0,0,"Atlanta Police Department","2022-10-05","W Marietta St Nw and Joseph E Lowery Blvd Nw","(O) No Injury","Dark-Lighted","Off Roadway - Sidewalk","Not a Collision with Motor Vehicle","Joseph E Lowery Blvd Nw","Dry","20:01:00","Unknown","Clear",0,33.780234,-84.417332,"Atlanta","FULTON","Other - Fixed Object","Changed Lanes Improperly","Other - Fixed Object"
0,0,"Atlanta Police Department","2022-10-05","None and I-20","(O) No Injury","Dark-Lighted","On Roadway - Managed Lane (HOV, HOT, Reversible)","Rear End","I-20","Dry","23:46:00","[""Lap and Shoulder Belt Used"",""Lap and Shoulder Belt Used""]","Clear",0,33.750557,-84.443933,"Atlanta","FULTON","[""Motor Vehicle in Motion"",""Motor Vehicle in Motion""]",,"[""Motor Vehicle in Motion"",""Motor Vehicle in Motion""]"
0,0,"Atlanta Police Department","2022-10-05","Peachtree Center Ave Ne and Andrew Young International Blvd Ne","(O) No Injury","Daylight","On Roadway - Non-Intersection","Angle Crash","Andrew Young International Blvd Ne","Dry","13:03:00","[""Unknown"",""Unknown""]","Clear",0,33.7597,-84.386776,"Atlanta","FULTON","[""Motor Vehicle in Motion"",""Motor Vehicle in Motion""]",,"[""Motor Vehicle in Motion"",""Motor Vehicle in Motion""]"
0,0,"Atlanta Police Department","2022-10-05","Memorial Dr Se and Bill Kennedy Way Se","(O) No Injury","Daylight","On Roadway - Roadway Intersection","Rear End","Memorial Dr Se","Dry","16:30:00","[""Unknown"",""Unknown""]","Clear",0,33.746592,-84.358166,"Atlanta","FULTON","[""Motor Vehicle in Motion"",""Motor Vehicle in Motion""]","Following Too Close","[""Motor Vehicle in Motion"",""Motor Vehicle in Motion""]"
0,0,"Atlanta Police Department","2022-10-05","None and I-75","(O) No Injury","Daylight","On Roadway - Non-Intersection","Sideswipe-Same Direction","I-75","Dry","08:33:00","[""Lap and Shoulder Belt Used"",""Lap and Shoulder Belt Used""]","Clear",0,33.788436,-84.391284,"Atlanta","FULTON","[""Motor Vehicle in Motion"",""Motor Vehicle in Motion""]","Changed Lanes Improperly","[""Motor Vehicle in Motion"",""Motor Vehicle in Motion""]"
0,0,"Atlanta Police Department","2022-10-05","None and I-285","(O) No Injury","Dawn","On Roadway - Non-Intersection","Rear End","I-285","Dry","06:35:00","[""Lap and Shoulder Belt Used"",""Lap and Shoulder Belt Used"",""Lap and Shoulder Belt Used"",""Lap and Shoulder Belt Used""]","Clear",0,33.785227,-84.49428,"Atlanta","FULTON","[""Motor Vehicle in Motion"",""Motor Vehicle in Motion"",""Motor Vehicle in Motion""]","[""Following Too Close"",""Failure to Yield""]","[""Motor Vehicle in Motion"",""Motor Vehicle in Motion"",""Motor Vehicle in Motion""]"
0,0,"Atlanta Police Department","2022-10-05","Northgate Dr Nw and Northside Pkwy Nw","(O) No Injury","Daylight","On Roadway - Non-Intersection","Rear End","Northside Pkwy Nw","Dry","14:55:00","[""Lap and Shoulder Belt Used"",""Lap and Shoulder Belt Used""]","Clear",0,33.865157,-84.451471,"Atlanta","FULTON","[""Motor Vehicle in Motion"",""Motor Vehicle in Motion""]","Following Too Close","[""Motor Vehicle in Motion"",""Motor Vehicle in Motion""]"
0,0,"Atlanta Police Department","2022-10-05","14Th St Nw and Spring St Nw","(O) No Injury","Dark-Lighted","On Roadway - Non-Intersection","Rear End","14Th St Nw","Dry","20:00:00","[""Unknown"",""Unknown""]","Clear",0,33.786653,-84.389247,"Atlanta","FULTON","[""Motor Vehicle in Motion"",""Motor Vehicle in Motion""]",,"[""Motor Vehicle in Motion"",""Motor Vehicle in Motion""]"
0,0,"Atlanta Police Department","2022-10-05","None and Jonesboro Rd Se","(O) No Injury","Dark-Not Lighted","On Roadway - Roadway Intersection","Head On","Jonesboro Rd Se","Dry","03:58:00","[""Lap and Shoulder Belt Used"",""Unknown""]","Clear",0,33.653967,-84.367861,"Atlanta","FULTON","[""Motor Vehicle in Motion"",""Motor Vehicle in Motion""]","Failure to Yield","[""Motor Vehicle in Motion"",""Motor Vehicle in Motion""]"
0,0,"Atlanta Police Department","2022-10-05","None and I-75","(O) No Injury","Dark-Not Lighted","On Roadway - Non-Intersection","Sideswipe-Same Direction","I-75","Dry","23:25:00","[""Unknown"",""Unknown"",""Unknown"",""Unknown"",""Unknown""]","Clear",0,33.801207,-84.401086,"Atlanta","FULTON","[""Motor Vehicle in Motion"",""Motor Vehicle in Motion""]","Failure to Yield","[""Motor Vehicle in Motion"",""Motor Vehicle in Motion""]"
0,0,"Atlanta Police Department","2022-10-05","Phipps Dr and Lenox Rd Ne","(O) No Injury","Daylight","On Roadway - Roadway Intersection","Angle Crash","Lenox Rd Ne","Dry","18:00:00","[""Lap and Shoulder Belt Used"",""Lap and Shoulder Belt Used""]","Clear",0,33.851899,-84.363692,"Atlanta","FULTON","[""Motor Vehicle in Motion"",""Motor Vehicle in Motion""]","Changed Lanes Improperly","[""Motor Vehicle in Motion"",""Motor Vehicle in Motion""]"
0,0,"Atlanta Police Department","2022-10-05","17Th St Nw and Spring St Nw","(C) Possible Injury / Complaint","Daylight","On Roadway - Roadway Intersection","Rear End","17Th St Nw","Dry","15:00:00","[""Unknown"",""Unknown""]","Clear",0,33.791815,-84.3892,"Atlanta","FULTON","[""Motor Vehicle in Motion"",""Motor Vehicle in Motion""]","Following Too Close","[""Motor Vehicle in Motion"",""Motor Vehicle in Motion""]"
0,0,"Atlanta Police Department","2022-10-05","Peachtree Rd Ne and Mathieson Dr Ne","(O) No Injury","Daylight","On Roadway - Roadway Intersection","Rear End","Mathieson Dr Ne","Dry","12:50:00","[""Lap and Shoulder Belt Used"",""Lap and Shoulder Belt Used""]","Clear",0,33.840451,-84.376994,"Atlanta","FULTON","[""Motor Vehicle in Motion"",""Motor Vehicle in Motion""]","Changed Lanes Improperly","[""Motor Vehicle in Motion"",""Motor Vehicle in Motion""]"
0,0,"Atlanta Police Department","2022-10-05","I-75 S and I-75 Exit 249C","(O) No Injury","Dark-Not Lighted","On Roadway - Non-Intersection","Angle Crash","I-75 Exit 249C","Dry","19:45:00","[""Lap and Shoulder Belt Used"",""Lap and Shoulder Belt Used""]","Clear",0,33.769342,-84.390569,"Atlanta","FULTON","[""Motor Vehicle in Motion"",""Motor Vehicle in Motion""]","Changed Lanes Improperly","[""Motor Vehicle in Motion"",""Motor Vehicle in Motion""]"
0,0,"Atlanta Police Department","2022-10-05","Greenbriar Pkwy Sw and Continental Colony Pkwy Sw","(O) No Injury","Daylight","On Roadway - Non-Intersection","Rear End","Greenbriar Pkwy Sw","Dry","16:13:00","[""Unknown"",""Unknown""]","Clear",0,33.686364,-84.491974,"Atlanta","FULTON","[""Motor Vehicle in Motion"",""Motor Vehicle in Motion""]","Changed Lanes Improperly","[""Motor Vehicle in Motion"",""Motor Vehicle in Motion""]"
0,0,"Atlanta Police Department","2022-10-05","None and Pratt St Se","(O) No Injury","Daylight","On Roadway - Non-Intersection","Sideswipe-Same Direction","Pratt St Se","Dry","12:30:00","[""Unknown"",""Shoulder Belt Only Used"",""Shoulder Belt Only Used""]","Clear",0,33.751029,-84.381729,"Atlanta","FULTON","[""Motor Vehicle in Motion"",""Motor Vehicle in Motion""]","Failure to Yield","[""Motor Vehicle in Motion"",""Motor Vehicle in Motion""]"
0,0,"Atlanta Police Department","2022-10-05","Piedmont Rd Ne and Peachtree Rd Ne","(O) No Injury","Daylight","On Roadway - Non-Intersection","Sideswipe-Same Direction","Peachtree Rd Ne","Dry","11:10:00","[""Unknown"",""Unknown""]","Clear",0,33.843415,-84.371895,"Atlanta","FULTON","[""Motor Vehicle in Motion"",""Motor Vehicle in Motion""]",,"[""Motor Vehicle in Motion"",""Motor Vehicle in Motion""]"
0,0,"Atlanta Police Department","2022-10-05","Club Dr Ne and Peachtree Rd Ne","(O) No Injury","Daylight","On Roadway - Non-Intersection","Sideswipe-Same Direction","Peachtree Rd Ne","Dry","15:55:00","[""Unknown"",""Unknown""]","Clear",0,33.857443,-84.348553,"Atlanta","FULTON","[""Motor Vehicle in Motion"",""Motor Vehicle in Motion""]","Improper Passing of School Bus","[""Motor Vehicle in Motion"",""Motor Vehicle in Motion""]"
0,0,"Atlanta Police Department","2022-10-05","Baker St Ne and Courtland St Ne","(O) No Injury","Daylight","On Roadway - Roadway Intersection","Rear End","Courtland St Ne","Dry","12:18:00","[""Unknown"",""Unknown""]","Clear",0,33.762298,-84.384154,"Atlanta","FULTON","[""Motor Vehicle in Motion"",""Motor Vehicle in Motion""]","Following Too Close","[""Motor Vehicle in Motion"",""Motor Vehicle in Motion""]"
0,0,"Atlanta Police Department","2022-10-05","I-75 and Spring St Nw","(O) No Injury","Daylight","On Roadway - Roadway Intersection","Sideswipe-Same Direction","I-75","Dry","17:18:00","[""Unknown"",""Unknown""]","Clear",0,33.767457,-84.389371,"Atlanta","FULTON","[""Motor Vehicle in Motion"",""Motor Vehicle in Motion""]","Changed Lanes Improperly","[""Motor Vehicle in Motion"",""Motor Vehicle in Motion""]"
0,0,"Atlanta Police Department","2022-10-05","Piedmont Ave Ne and John Wesley Dobbs Ave Ne","(O) No Injury","Daylight","On Roadway - Non-Intersection","Angle Crash","John Wesley Dobbs Ave Ne","Dry","14:00:00","[""Unknown"",""Unknown"",""Unknown"",""Unknown""]","Clear",0,33.757105,-84.383102,"Atlanta","FULTON","[""Motor Vehicle in Motion"",""Motor Vehicle in Motion""]","Improper Turn","[""Motor Vehicle in Motion"",""Motor Vehicle in Motion""]"
0,0,"Atlanta Police Department","2022-10-05","Hemphill Ave Nw and Northside Dr Nw","(C) Possible Injury / Complaint","Daylight","On Roadway - Non-Intersection","Rear End","Northside Dr Nw","Dry","09:10:00","[""Lap and Shoulder Belt Used"",""Lap and Shoulder Belt Used"",""Lap and Shoulder Belt Used""]","Clear",0,33.787331,-84.407482,"Atlanta","FULTON","[""Motor Vehicle in Motion"",""Motor Vehicle in Motion""]","Changed Lanes Improperly","[""Motor Vehicle in Motion"",""Motor Vehicle in Motion""]"
0,0,"Atlanta Police Department","2022-10-05","Dill Ave Sw and Sylvan Rd Sw","(O) No Injury","Daylight","On Roadway - Non-Intersection","Rear End","Sylvan Rd Sw","Dry","16:19:00","[""Lap and Shoulder Belt Used"",""Lap and Shoulder Belt Used"",""Lap and Shoulder Belt Used""]","Clear",0,33.718294,-84.418086,"Atlanta","FULTON","[""Motor Vehicle in Motion"",""Motor Vehicle in Motion""]",,"[""Motor Vehicle in Motion"",""Motor Vehicle in Motion""]"
0,0,"Atlanta Police Department","2022-10-05","None and I-75","(O) No Injury","Daylight","On Roadway - Non-Intersection","Sideswipe-Same Direction","I-75","Dry","09:10:00","[""Unknown"",""Unknown"",""Unknown""]","Clear",0,33.755096,-84.378257,"Atlanta","FULTON","[""Motor Vehicle in Motion"",""Motor Vehicle in Motion""]","Changed Lanes Improperly","[""Motor Vehicle in Motion"",""Motor Vehicle in Motion""]"
0,0,"Atlanta Police Department","2022-10-05","None and Cheshire Bridge Rd Ne","(O) No Injury","Daylight","On Roadway - Non-Intersection","Rear End","Cheshire Bridge Rd Ne","Dry","15:00:00","Unknown","Clear",0,33.812157,-84.355014,"Atlanta","FULTON","[""Motor Vehicle in Motion"",""Motor Vehicle in Motion"",""Motor Vehicle in Motion""]","Following Too Close","[""Motor Vehicle in Motion"",""Motor Vehicle in Motion"",""Motor Vehicle in Motion""]"
0,0,"Atlanta Police Department","2022-10-05","None and I-75","(C) Possible Injury / Complaint","Daylight","On Roadway - Non-Intersection","Rear End","I-75","Dry","07:15:00","[""Lap and Shoulder Belt Used"",""Lap and Shoulder Belt Used""]","Clear",0,33.676071,-84.397583,"Atlanta","FULTON","[""Motor Vehicle in Motion"",""Motor Vehicle in Motion""]","Following Too Close","[""Motor Vehicle in Motion"",""Motor Vehicle in Motion""]"
0,0,"Gsp Post 00","2022-10-05","Mm256 and Interstate 75","(O) No Injury","Dark-Not Lighted","On Roadway - Non-Intersection","Sideswipe-Same Direction","Interstate 75","Dry","03:45:00","[""Lap and Shoulder Belt Used"",""Lap and Shoulder Belt Used""]","Clear",0,33.864203,-84.438709,"Atlanta","FULTON","[""Motor Vehicle in Motion"",""Motor Vehicle in Motion""]","Failure to Yield","[""Motor Vehicle in Motion"",""Motor Vehicle in Motion""]"
0,0,"Atlanta Police Department","2022-10-05","None and I-20","(O) No Injury","Dusk","On Roadway - Non-Intersection","Rear End","I-20","Dry","19:29:00","[""Lap and Shoulder Belt Used"",""Lap and Shoulder Belt Used""]","Clear",0,33.766039,-84.50386,"Atlanta","FULTON","[""Motor Vehicle in Motion"",""Motor Vehicle in Motion""]","Vision Obscured","[""Motor Vehicle in Motion"",""Motor Vehicle in Motion""]"
0,0,"Atlanta Police Department","2022-10-05","Waldo St Se and United Ave Se","(O) No Injury","Daylight","On Roadway - Roadway Intersection","Angle Crash","Waldo St Se","Dry","16:35:00","[""Lap and Shoulder Belt Used"",""Lap and Shoulder Belt Used""]","Clear",0,33.735351,-84.366718,"Atlanta","FULTON","[""Motor Vehicle in Motion"",""Motor Vehicle in Motion""]",,"[""Motor Vehicle in Motion"",""Motor Vehicle in Motion""]"
0,0,"Atlanta Police Department","2022-10-05","Gilmer St Se and Piedmont Ave Se","(O) No Injury","Dark-Lighted","On Roadway - Non-Intersection","Angle Crash","Gilmer St Se","Dry","00:00:00","[""Lap and Shoulder Belt Used"",""Lap and Shoulder Belt Used""]","Clear",0,33.752626,-84.38415,"Atlanta","FULTON","[""Motor Vehicle in Motion"",""Motor Vehicle in Motion""]","[""Aggressive Driving"",""Aggressive Driving""]","[""Motor Vehicle in Motion"",""Motor Vehicle in Motion""]"
0,0,"Atlanta Police Department","2022-10-05","North Ave Nw and W Peachtree St Nw","(C) Possible Injury / Complaint","Daylight","On Roadway - Roadway Intersection","Sideswipe-Same Direction","North Ave Nw","Dry","18:55:00","[""Unknown"",""Unknown"",""Unknown""]","Clear",0,33.771237,-84.387937,"Atlanta","FULTON","[""Motor Vehicle in Motion"",""Motor Vehicle in Motion""]","Disregard Other Traffic Control","[""Motor Vehicle in Motion"",""Motor Vehicle in Motion""]"
0,0,"Atlanta Police Department","2022-10-05","Baker St Nw and Williams St Nw","(O) No Injury","Daylight","On Roadway - Roadway Intersection","Angle Crash","Williams St Nw","Dry","16:00:00","[""Unknown"",""Unknown""]","Clear",0,33.762272,-84.390496,"Atlanta","FULTON","[""Motor Vehicle in Motion"",""Motor Vehicle in Motion""]",,"[""Motor Vehicle in Motion"",""Motor Vehicle in Motion""]"
0,0,"Atlanta Police Department","2022-10-05","Piedmont Rd and Buford Hwy Connector","(O) No Injury","Daylight","On Roadway - Non-Intersection","Angle Crash","Buford Hwy Connector","Dry","17:19:00","[""Unknown"",""Unknown""]","Clear",0,33.812465,-84.367549,"Atlanta","FULTON","[""Motor Vehicle in Motion"",""Motor Vehicle in Motion""]","Changed Lanes Improperly","[""Motor Vehicle in Motion"",""Motor Vehicle in Motion""]"
0,0,"Atlanta Police Department","2022-10-05","Northgate Dr Nw and Northside Pkwy Nw","(O) No Injury","Daylight","On Roadway - Non-Intersection","Rear End","Northside Pkwy Nw","Dry","08:46:00","[""Lap and Shoulder Belt Used"",""Lap and Shoulder Belt Used""]","Clear",0,33.865023,-84.451263,"Atlanta","FULTON","[""Motor Vehicle in Motion"",""Motor Vehicle in Motion""]","Following Too Close","[""Motor Vehicle in Motion"",""Motor Vehicle in Motion""]"
0,0,"Atlanta Police Department","2022-10-05","Moreland Ave Ne and Blue Ridge Ave Ne","(O) No Injury","Daylight","On Roadway - Roadway Intersection","Sideswipe-Same Direction","Blue Ridge Ave Ne","Dry","12:05:00","[""Lap and Shoulder Belt Used"",""Lap and Shoulder Belt Used""]","Clear",0,33.772434,-84.348994,"Atlanta","FULTON","[""Motor Vehicle in Motion"",""Motor Vehicle in Motion""]","Failure to Yield","[""Motor Vehicle in Motion"",""Motor Vehicle in Motion""]"
0,0,"Atlanta Police Department","2022-10-05","Penn Ave Ne and North Ave Ne","(C) Possible Injury / Complaint","Dark-Lighted","On Roadway - Non-Intersection","Angle Crash","North Ave Ne","Dry","01:02:00","[""Lap and Shoulder Belt Used"",""Lap and Shoulder Belt Used"",""Lap and Shoulder Belt Used""]","Clear",0,33.771253,-84.379529,"Atlanta","FULTON","[""Motor Vehicle in Motion"",""Motor Vehicle in Motion""]","[""Failure to Yield"",""Exceeding Speed Limit""]","[""Motor Vehicle in Motion"",""Motor Vehicle in Motion""]"
0,0,"Atlanta Police Department","2022-10-05","E Lake Dr Ne and Hosea L Williams Dr Ne","(C) Possible Injury / Complaint","Daylight","On Roadway - Roadway Intersection","Angle Crash","Hosea L Williams Dr Ne","Dry","10:51:00","[""Lap and Shoulder Belt Used"",""Lap and Shoulder Belt Used""]","Clear",0,33.751296,-84.301376,"Atlanta","DEKALB","[""Motor Vehicle in Motion"",""Motor Vehicle in Motion""]","Failure to Yield","[""Motor Vehicle in Motion"",""Motor Vehicle in Motion""]"
0,0,"Atlanta Police Department","2022-10-05","None and I-75 Hov Lane","(O) No Injury","Dark-Not Lighted","On Roadway - Non-Intersection","Rear End","I-75 Hov Lane","Dry","22:30:00","[""None Used"",""None Used"",""None Used""]","Clear",0,33.741436,-84.391556,"Atlanta","FULTON","[""Motor Vehicle in Motion"",""Motor Vehicle in Motion"",""Motor Vehicle in Motion""]",,"[""Motor Vehicle in Motion"",""Motor Vehicle in Motion"",""Motor Vehicle in Motion""]"
0,0,"Atlanta Police Department","2022-10-05","Baker St Ne and Courtland St Ne","(O) No Injury","Daylight","On Roadway - Roadway Intersection","Sideswipe-Same Direction","Courtland St Ne","Dry","12:00:00","[""Lap and Shoulder Belt Used"",""Lap and Shoulder Belt Used""]","Clear",0,33.762204,-84.384155,"Atlanta","FULTON","[""Motor Vehicle in Motion"",""Motor Vehicle in Motion""]","Changed Lanes Improperly","[""Motor Vehicle in Motion"",""Motor Vehicle in Motion""]"
0,0,"Atlanta Police Department","2022-10-05","None and I-75","(O) No Injury","Daylight","On Roadway - Non-Intersection","Rear End","I-75","Dry","11:26:00","[""Unknown"",""Unknown"",""Unknown"",""Unknown""]","Clear",0,33.749574,-84.382347,"Atlanta","FULTON","[""Motor Vehicle in Motion"",""Motor Vehicle in Motion"",""Motor Vehicle in Motion""]","Following Too Close","[""Motor Vehicle in Motion"",""Motor Vehicle in Motion"",""Motor Vehicle in Motion""]"
0,0,"Atlanta Police Department","2022-10-05","Anderson Ave Nw and Martin Luther King Jr Dr Sw","(O) No Injury","Daylight","On Roadway - Roadway Intersection","Sideswipe-Same Direction","Martin Luther King Jr Dr Sw","Dry","07:01:00","[""Unknown"",""Unknown"",""Unknown""]","Clear",0,33.750692,-84.446015,"Atlanta","FULTON","[""Motor Vehicle in Motion"",""Motor Vehicle in Motion""]","Changed Lanes Improperly","[""Motor Vehicle in Motion"",""Motor Vehicle in Motion""]"
0,0,"Atlanta Police Department","2022-10-05","None and Hilliard St Ne","(O) No Injury","Daylight","On Roadway - Roadway Intersection","Angle Crash","Hilliard St Ne","Dry","07:47:00","[""Lap and Shoulder Belt Used"",""Lap and Shoulder Belt Used""]","Clear",0,33.75437,-84.376573,"Atlanta","FULTON","[""Motor Vehicle in Motion"",""Motor Vehicle in Motion""]","Disregard Other Traffic Control","[""Motor Vehicle in Motion"",""Motor Vehicle in Motion""]"
0,0,"Atlanta Police Department","2022-10-05","Vickers St Se and Moreland Ave Se","(O) No Injury","Daylight","On Roadway - Non-Intersection","Sideswipe-Same Direction","Moreland Ave Se","Dry","09:14:00","[""Lap and Shoulder Belt Used"",""Lap and Shoulder Belt Used"",""Lap and Shoulder Belt Used"",""Lap and Shoulder Belt Used""]","Clear",0,33.720923,-84.349483,"Atlanta","FULTON","[""Motor Vehicle in Motion"",""Motor Vehicle in Motion"",""Motor Vehicle in Motion""]","[""Too Fast for Conditions"",""Changed Lanes Improperly""]","[""Motor Vehicle in Motion"",""Motor Vehicle in Motion"",""Motor Vehicle in Motion""]"
0,0,"Atlanta Police Department","2022-10-05","I-75 S and Howell Mill Rd Nw","(O) No Injury","Daylight","Entrance/Exit Ramp","Rear End","Howell Mill Rd Nw","Dry","09:00:00","[""Unknown"",""Unknown""]","Clear",0,33.804786,-84.413475,"Atlanta","FULTON","[""Motor Vehicle in Motion"",""Motor Vehicle in Motion""]","Misjudged Clearance","[""Motor Vehicle in Motion"",""Motor Vehicle in Motion""]"
0,0,"Georgia Tech Police Department","2022-10-05","4Th Street Nw and Brittain Drive Nw","(O) No Injury","Dusk","On Roadway - Driveway Intersection","Sideswipe-Same Direction","Brittain Drive Nw","Dry","07:20:00",,"Clear",0,33.775265,-84.393127,"Atlanta","FULTON","[""Other/Unknown"",""Parked Motor Vehicle""]",,"Motor Vehicle in Motion"
0,0,"Atlanta Police Department","2022-10-05","I-85 S and Ga-400","(O) No Injury","Daylight","On Roadway - Non-Intersection","Rear End","Ga-400","Dry","18:00:00","[""Unknown"",""Unknown""]","Clear",0,33.819752,-84.361499,"Atlanta","FULTON","[""Motor Vehicle in Motion"",""Motor Vehicle in Motion""]","Following Too Close","[""Motor Vehicle in Motion"",""Motor Vehicle in Motion""]"
0,0,"Atlanta Police Department","2022-10-05","Piedmont Ave Ne and N Rock Springs Rd Ne","(O) No Injury","Daylight","On Roadway - Roadway Intersection","Rear End","Piedmont Ave Ne","Dry","12:15:00","[""Lap and Shoulder Belt Used"",""Lap and Shoulder Belt Used""]","Clear",0,33.805456,-84.367381,"Atlanta","FULTON","[""Motor Vehicle in Motion"",""Motor Vehicle in Motion""]","Following Too Close","[""Motor Vehicle in Motion"",""Motor Vehicle in Motion""]"
0,0,"Atlanta Police Department","2022-10-05","None and Exit 56B Rp","(O) No Injury","Daylight","On Roadway - Non-Intersection","Sideswipe-Same Direction","Exit 56B Rp","Dry","18:50:00","[""None Used"",""None Used""]","Clear",0,33.744952,-84.38848,"Atlanta","FULTON","[""Motor Vehicle in Motion"",""Motor Vehicle in Motion""]",,"[""Motor Vehicle in Motion"",""Motor Vehicle in Motion""]"
0,0,"Atlanta Police Department","2022-10-05","Path400 and Lenox Rd Ne","(O) No Injury","Dark-Not Lighted","On Roadway - Roadway Intersection","Rear End","Lenox Rd Ne","Dry","16:00:00","[""Unknown"",""Unknown""]","Clear",0,33.851652,-84.370818,"Atlanta","FULTON","[""Motor Vehicle in Motion"",""Motor Vehicle in Motion""]","Following Too Close","[""Motor Vehicle in Motion"",""Motor Vehicle in Motion""]"
0,0,"Atlanta Police Department","2022-10-05","I-75 and Exit 251A","(C) Possible Injury / Complaint","Dark-Lighted","On Shoulder","Head On","I-75","Dry","00:00:00","[""Unknown"",""Unknown"",""Unknown""]","Clear",0,33.784694,-84.390832,"Atlanta","FULTON","[""Highway Traffic Sign Post"",""Highway Traffic Sign Post""]",,"[""Motor Vehicle in Motion"",""Motor Vehicle in Motion""]"
0,0,"Atlanta Police Department","2022-10-05","Lynhurst Dr Sw and Benjamin E Mays Dr Sw","(C) Possible Injury / Complaint","Dark-Lighted","On Roadway - Roadway Intersection","Angle Crash","Benjamin E Mays Dr Sw","Dry","19:20:00","[""Unknown"",""Unknown"",""Unknown""]","Clear",0,33.732991,-84.488918,"Atlanta","FULTON","[""Motor Vehicle in Motion"",""Motor Vehicle in Motion""]","Failure to Yield","[""Motor Vehicle in Motion"",""Motor Vehicle in Motion""]"
0,0,"Atlanta Police Department","2022-10-05","None and I-75","(C) Possible Injury / Complaint","Daylight","On Roadway - Non-Intersection","Rear End","I-75","Dry","12:00:00","[""Lap and Shoulder Belt Used"",""Lap and Shoulder Belt Used"",""Lap and Shoulder Belt Used"",""Lap and Shoulder Belt Used"",""Lap and Shoulder Belt Used""]","Clear",0,33.728834,-84.392894,"Atlanta","FULTON","[""Motor Vehicle in Motion"",""Motor Vehicle in Motion"",""Motor Vehicle in Motion"",""Motor Vehicle in Motion"",""Motor Vehicle in Motion""]","Following Too Close","[""Motor Vehicle in Motion"",""Motor Vehicle in Motion"",""Motor Vehicle in Motion"",""Motor Vehicle in Motion"",""Motor Vehicle in Motion""]"
0,0,"Atlanta Police Department","2022-10-05","I-75 and Exit 245","(C) Possible Injury / Complaint","Daylight","On Roadway - Non-Intersection","Rear End","I-75","Dry","08:03:00","[""Unknown"",""Unknown"",""Unknown"",""Lap and Shoulder Belt Used""]","Clear",0,33.728688,-84.392948,"Atlanta","FULTON","[""Motor Vehicle in Motion"",""Motor Vehicle in Motion"",""Motor Vehicle in Motion"",""Motor Vehicle in Motion""]","[""Too Fast for Conditions"",""Following Too Close""]","[""Motor Vehicle in Motion"",""Motor Vehicle in Motion"",""Motor Vehicle in Motion"",""Motor Vehicle in Motion""]"
0,0,"Atlanta Police Department","2022-10-05","W Marietta St Nw and Marietta Blvd Nw","(O) No Injury","Daylight","On Roadway - Driveway Intersection","Sideswipe-Same Direction","Marietta Blvd Nw","Dry","15:09:00","[""Lap and Shoulder Belt Used"",""Lap and Shoulder Belt Used""]","Clear",0,33.786329,-84.427823,"Atlanta","FULTON","[""Motor Vehicle in Motion"",""Motor Vehicle in Motion""]",,"[""Motor Vehicle in Motion"",""Motor Vehicle in Motion""]"
0,0,"Atlanta Police Department","2022-10-05","Northside Pkwy Nw and W Paces Ferry Rd Nw","(O) No Injury","Daylight","On Roadway - Non-Intersection","Angle Crash","W Paces Ferry Rd Nw","Dry","08:18:00","[""Lap and Shoulder Belt Used"",""Lap and Shoulder Belt Used""]","Clear",0,33.849165,-84.429675,"Atlanta","FULTON","[""Motor Vehicle in Motion"",""Motor Vehicle in Motion""]","Failure to Yield","[""Motor Vehicle in Motion"",""Motor Vehicle in Motion""]"
0,0,"Atlanta Police Department","2022-10-05","Huff Rd Nw and Marietta Blvd Nw","(O) No Injury","Daylight","On Roadway - Non-Intersection","Sideswipe-Same Direction","Huff Rd Nw","Dry","17:50:00","[""Lap and Shoulder Belt Used"",""Lap and Shoulder Belt Used"",""Lap and Shoulder Belt Used""]","Clear",0,33.788482,-84.428242,"Atlanta","FULTON","[""Motor Vehicle in Motion"",""Motor Vehicle in Motion""]",,"[""Motor Vehicle in Motion"",""Motor Vehicle in Motion""]"
0,0,"Atlanta Police Department","2022-10-05","Trinity Ave Sw and Peachtree St Sw","(O) No Injury","Daylight","On Roadway - Non-Intersection","Angle Crash","Trinity Ave Sw","Dry","17:09:00","[""Lap and Shoulder Belt Used"",""Lap and Shoulder Belt Used""]","Clear",0,33.7496,-84.393447,"Atlanta","FULTON","[""Motor Vehicle in Motion"",""Motor Vehicle in Motion""]","Improper Backing","[""Motor Vehicle in Motion"",""Motor Vehicle in Motion""]"