"# Serious Injuries","# Visible Injuries","Agency Name (Crash Level) ","Date","Intersection Name (from Crash Report)","KABCO Severity","Light Conditions (Crash Level)","Location at Impact (Crash Level) ","Manner of Collision (Crash Level) ","Roadway (From Crash Report)","Surface Condition (Crash Level) ","Time","Safety Equipment (Crash Level) ","Weather Conditions (Crash Level)","# of Fatalities per Crash","Latitude","Longitude","Geolocated City","Geolocated County","First Harmful Event (Unit Order)","Operator/Pedestrian Contrib Factor (excl None, Other, No Contrib Factors)","Most Harmful Event (Crash Level)"
0,0,"Atlanta Police Department","2022-10-05","None and Briarcliff Rd Ne","(O) No Injury","Dark-Lighted","Off Roadway","Sideswipe-Same Direction","Briarcliff Rd Ne","Dry","21:00:00","[""Lap and Shoulder Belt Used"",""None Used""]","Clear",0,33.773833,-84.348953,"Atlanta","DEKALB","[""Motor Vehicle in Motion"",""Motor Vehicle in Motion""]","Changed Lanes Improperly","[""Motor Vehicle in Motion"",""Motor Vehicle in Motion""]"
2,0,"Atlanta Police Department","2022-10-05","Cummings Dr Sw and Centra Villa Dr Sw","(A) Suspected Serious Injury","Daylight","On Roadway - Roadway Intersection","Angle Crash","Cummings Dr Sw","Dry","09:43:00","[""Lap and Shoulder Belt Used"",""Lap and Shoulder Belt Used"",""Lap and Shoulder Belt Used""]","Clear",0,33.717627,-84.452894,"Atlanta","FULTON","[""Motor Vehicle in Motion"",""Motor Vehicle in Motion""]","Failure to Yield","[""Motor Vehicle in Motion"",""Motor Vehicle in Motion""]"
0,0,"Atlanta Police Department","2022-10-05","10Th St Ne and Myrtle St Ne","(O) No Injury","Dark-Lighted","On Roadway - Roadway Intersection","Rear End","10Th St Ne","Dry","22:40:00","[""Unknown"",""Lap and Shoulder Belt Used""]","Clear",0,33.781787,-84.379545,"Atlanta","FULTON","[""Motor Vehicle in Motion"",""Parked Motor Vehicle""]","Following Too Close","[""Motor Vehicle in Motion"",""Parked Motor Vehicle""]"
0,0,"Atlanta Police Department","2022-10-06","Thurmond St Nw and Joseph E Lowery Blvd Nw","(O) No Injury","Daylight","On Roadway - Roadway Intersection","Angle Crash","Thurmond St Nw","Dry","18:00:00","[""Unknown"",""Unknown""]","Clear",0,33.760414,-84.417512,"Atlanta","FULTON","[""Motor Vehicle in Motion"",""Motor Vehicle in Motion""]","Failure to Yield","[""Motor Vehicle in Motion"",""Motor Vehicle in Motion""]"
0,0,"Atlanta Police Department","2022-10-06","I-75 and Howell Mill Rd Nw","(C) Possible Injury / Complaint","Daylight","On Roadway - Non-Intersection","Not a Collision with Motor Vehicle","I-75","Dry","18:10:00","[""Unknown"",""Unknown""]","Clear",0,33.805358,-84.413196,"Atlanta","FULTON","[""Pedestrian"",""Motor Vehicle in Motion""]","Under the Influence (U.I.)","Motor Vehicle in Motion"
0,0,"Atlanta Police Department","2022-10-06","Dill Ave Sw and Everhart St Sw","(O) No Injury","Dark-Lighted","On Roadway - Roadway Intersection","Sideswipe-Same Direction","Dill Ave Sw","Dry","19:30:00","Unknown","Clear",0,33.718137,-84.414051,"Atlanta","FULTON","[""Motor Vehicle in Motion"",""Motor Vehicle in Motion""]",,"Motor Vehicle in Motion"
0,0,"Atlanta Police Department","2022-10-06","17Th St Nw and Village St","(O) No Injury","Dark-Lighted","Off Roadway - Sidewalk","Not a Collision with Motor Vehicle","Village St","Dry","21:08:00","Unknown","Clear",0,33.789537,-84.402778,"Atlanta","FULTON","Other Non-Collision","Driver Lost Control","Tree"
0,0,"Gsp Post 00","2022-10-06","I-75 N and Exit Ramp To Ga-166 W","(O) No Injury","Daylight","Entrance/Exit Ramp","Sideswipe-Same Direction","I-75 N","Dry","18:11:00","[""Unknown"",""Lap and Shoulder Belt Used""]","Clear",0,33.696917,-84.405088,"Atlanta","FULTON","[""Motor Vehicle in Motion"",""Motor Vehicle in Motion""]",,"[""Motor Vehicle in Motion"",""Motor Vehicle in Motion""]"
0,0,"Atlanta Police Department","2022-10-06","Path400 and Lenox Rd Ne","(O) No Injury","Daylight","On Roadway - Roundabout","Angle Crash","Lenox Rd Ne","Dry","15:00:00","[""Lap and Shoulder Belt Used"",""Lap and Shoulder Belt Used"",""Lap and Shoulder Belt Used"",""Lap and Shoulder Belt Used""]","Clear",0,33.851841,-84.370304,"Atlanta","FULTON","[""Motor Vehicle in Motion"",""Motor Vehicle in Motion""]","Failure to Yield","[""Motor Vehicle in Motion"",""Motor Vehicle in Motion""]"
0,0,"Atlanta Police Department","2022-10-06","Peachtree Rd Ne and Grandview Ave Ne","(O) No Injury","Daylight","On Roadway - Roadway Intersection","Rear End","Peachtree Rd Ne","Dry","17:30:00","[""Unknown"",""Lap and Shoulder Belt Used""]","Clear",0,33.841052,-84.375625,"Atlanta","FULTON","[""Motor Vehicle in Motion"",""Motor Vehicle in Motion""]","Following Too Close","[""Motor Vehicle in Motion"",""Motor Vehicle in Motion""]"
0,0,"Atlanta Police Department","2022-10-06","Lenox Rd Ne and Kingsboro Rd Ne","(O) No Injury","Daylight","On Roadway - Roadway Intersection","Angle Crash","Lenox Rd Ne","Dry","17:55:00","[""Unknown"",""Lap and Shoulder Belt Used""]","Clear",0,33.848723,-84.360696,"Atlanta","FULTON","[""Motor Vehicle in Motion"",""Motor Vehicle in Motion""]","Improper Backing","[""Motor Vehicle in Motion"",""Motor Vehicle in Motion""]"
0,0,"Gsp Post 00","2022-10-06","I-20 Wb and Boulevard Se","(O) No Injury","Daylight","On Roadway - Non-Intersection","Sideswipe-Same Direction","I-20 Wb","Dry","08:36:00","[""Lap and Shoulder Belt Used"",""Lap and Shoulder Belt Used"",""None Used"",""Lap and Shoulder Belt Used"",""Lap and Shoulder Belt Used""]","Clear",0,33.743583,-84.3669,"Atlanta","FULTON","[""Motor Vehicle in Motion"",""Motor Vehicle in Motion""]","Changed Lanes Improperly","[""Motor Vehicle in Motion"",""Motor Vehicle in Motion""]"
0,0,"Gsp Post 00","2022-10-06","Ga 166 Ramps and I-85 Northbound","(C) Possible Injury / Complaint","Dusk","On Roadway - Non-Intersection","Rear End","I-85 Northbound","Dry","19:30:00","[""Lap and Shoulder Belt Used"",""Lap and Shoulder Belt Used"",""Lap and Shoulder Belt Used"",""Lap and Shoulder Belt Used"",""Lap and Shoulder Belt Used""]","Clear",0,33.685225,-84.403763,"Atlanta","FULTON","[""Motor Vehicle in Motion"",""Motor Vehicle in Motion"",""Motor Vehicle in Motion""]","Following Too Close","[""Motor Vehicle in Motion"",""Motor Vehicle in Motion"",""Motor Vehicle in Motion""]"
0,0,"Gsp Post 00","2022-10-06","I-285 and I-20 East","(O) No Injury","Daylight","On Roadway - Non-Intersection","Sideswipe-Same Direction","I-20 East","Dry","13:38:00","[""Lap and Shoulder Belt Used"",""Lap and Shoulder Belt Used""]","Clear",0,33.765008,-84.493853,"Atlanta","FULTON","[""Motor Vehicle in Motion"",""Motor Vehicle in Motion""]","Changed Lanes Improperly","[""Motor Vehicle in Motion"",""Motor Vehicle in Motion""]"
0,0,"Dekalb Co Police Department","2022-10-06","Clifton Rd and N Decatur Rd","(O) No Injury","Dark-Lighted","On Roadway - Roadway Intersection","Angle Crash","N Decatur Rd","Dry","22:36:00","[""Lap and Shoulder Belt Used"",""Lap and Shoulder Belt Used""]","Clear",0,33.788867,-84.320921,"Atlanta","DEKALB","[""Motor Vehicle in Motion"",""Motor Vehicle in Motion""]","Improper Turn","[""Motor Vehicle in Motion"",""Motor Vehicle in Motion""]"
0,0,"Gsp Post 00","2022-10-06","None and I-20 E Entrance Ramp To I-285","(O) No Injury","Dusk","Entrance/Exit Ramp","Rear End","I-20 E Entrance Ramp To I-285","Dry","06:20:00","[""Lap and Shoulder Belt Used"",""Lap and Shoulder Belt Used""]","Clear",0,33.765614,-84.495861,"Atlanta","FULTON","[""Motor Vehicle in Motion"",""Motor Vehicle in Motion""]","Following Too Close","[""Motor Vehicle in Motion"",""Motor Vehicle in Motion""]"
0,0,"Atlanta Police Department","2022-10-06","Boulevard Ne and Wabash Ave Ne","(O) No Injury","Daylight","On Roadway - Roadway Intersection","Rear End","Boulevard Ne","Dry","13:05:00","[""Lap and Shoulder Belt Used"",""Lap and Shoulder Belt Used""]","Clear",0,33.764746,-84.371945,"Atlanta","FULTON","[""Motor Vehicle in Motion"",""Motor Vehicle in Motion""]","Following Too Close","[""Motor Vehicle in Motion"",""Motor Vehicle in Motion""]"
0,0,"Gsp Post 00","2022-10-06","Freedom Pkwy and I-7585 North","(O) No Injury","Daylight","On Roadway - Non-Intersection","Rear End","I-7585 North","Dry","16:54:00","[""Lap and Shoulder Belt Used"",""Lap and Shoulder Belt Used"",""Lap and Shoulder Belt Used""]","Clear",0,33.756046,-84.378248,"Atlanta","FULTON","[""Motor Vehicle in Motion"",""Motor Vehicle in Motion""]","Following Too Close","[""Motor Vehicle in Motion"",""Motor Vehicle in Motion""]"
0,0,"Atlanta Police Department","2022-10-06","Exit 252B and Howell Mill Rd Nw","(C) Possible Injury / Complaint","Dark-Lighted","On Roadway - Roadway Intersection","Rear End","Howell Mill Rd Nw","Dry","22:50:00","[""Lap and Shoulder Belt Used"",""Lap and Shoulder Belt Used"",""Unknown""]","Clear",0,33.805585,-84.413147,"Atlanta","FULTON","[""Motor Vehicle in Motion"",""Motor Vehicle in Motion""]","Following Too Close","[""Motor Vehicle in Motion"",""Motor Vehicle in Motion""]"
0,0,"Atlanta Police Department","2022-10-06","Piedmont Rd Ne and Piedmont Cir Ne","(O) No Injury","Dark-Lighted","On Roadway - Roadway Intersection","Sideswipe-Same Direction","Piedmont Rd Ne","Dry","20:30:00","[""Lap and Shoulder Belt Used"",""Lap and Shoulder Belt Used""]","Clear",0,33.808372,-84.365872,"Atlanta","FULTON","[""Motor Vehicle in Motion"",""Motor Vehicle in Motion""]","Changed Lanes Improperly","[""Motor Vehicle in Motion"",""Motor Vehicle in Motion""]"
0,0,"Atlanta Police Department","2022-10-06","Lee St Sw and Ralph David Abernathy Blvd Sw","(C) Possible Injury / Complaint","Daylight","On Roadway - Non-Intersection","Rear End","Lee St Sw","Dry","17:00:00","[""Unknown"",""Unknown""]","Clear",0,33.737945,-84.414087,"Atlanta","FULTON","[""Motor Vehicle in Motion"",""Motor Vehicle in Motion""]","Following Too Close","[""Motor Vehicle in Motion"",""Motor Vehicle in Motion""]"
0,0,"Gsp Post 00","2022-10-06","William Street and Entrance Ramp To I-75 Nb","(C) Possible Injury / Complaint","Dark-Not Lighted","On Roadway - Non-Intersection","Sideswipe-Same Direction","Entrance Ramp To I-75 Nb","Dry","18:28:00","[""Unknown"",""Lap and Shoulder Belt Used""]","Clear",0,33.769446,-84.389743,"Atlanta","FULTON","[""Motor Vehicle in Motion"",""Motor Vehicle in Motion""]","Improper Passing","[""Motor Vehicle in Motion"",""Motor Vehicle in Motion""]"
0,0,"Emory Police Department","2022-10-06","Clifton Rd Ne and N Decatur Rd Ne","(O) No Injury","Dark-Lighted","On Roadway - In Crosswalk","Angle Crash","Clifton Rd Ne","Dry","19:45:00","[""Lap and Shoulder Belt Used"",""Lap and Shoulder Belt Used"",""Lap and Shoulder Belt Used"",""Lap and Shoulder Belt Used""]","Clear",0,33.788821,-84.320947,"Atlanta","DEKALB","[""Motor Vehicle in Motion"",""Motor Vehicle in Motion""]","Failure to Yield","[""Motor Vehicle in Motion"",""Motor Vehicle in Motion""]"
0,0,"Gsp Post 00","2022-10-06","I-7585 N and 5Th Street","(O) No Injury","Daylight","On Roadway - Non-Intersection","Sideswipe-Same Direction","I-7585 N","Dry","17:13:00","[""Lap and Shoulder Belt Used"",""Lap and Shoulder Belt Used""]","Clear",0,33.774622,-84.390144,"Atlanta","FULTON","[""Motor Vehicle in Motion"",""Motor Vehicle in Motion""]",,"[""Motor Vehicle in Motion"",""Motor Vehicle in Motion""]"
0,0,"Atlanta Police Department","2022-10-06","Dekalb Ave Ne and Waverly Way Ne","(O) No Injury","Daylight","On Roadway - Roadway Intersection","Angle Crash","Dekalb Ave Ne","Dry","08:40:00","[""Lap and Shoulder Belt Used"",""Lap and Shoulder Belt Used""]","Clear",0,33.75503,-84.356716,"Atlanta","FULTON","[""Motor Vehicle in Motion"",""Motor Vehicle in Motion""]","Misjudged Clearance","[""Motor Vehicle in Motion"",""Motor Vehicle in Motion""]"
0,0,"Atlanta Police Department","2022-10-06","Cleveland Ave Sw and Old Hapeville Rd Sw","(O) No Injury","Dark-Not Lighted","On Roadway - Non-Intersection","Rear End","Cleveland Ave Sw","Dry","20:34:00","[""Unknown"",""Unknown"",""Unknown""]","Clear",0,33.68112,-84.394411,"Atlanta","FULTON","[""Motor Vehicle in Motion"",""Motor Vehicle in Motion""]","Following Too Close","[""Motor Vehicle in Motion"",""Motor Vehicle in Motion""]"
0,0,"Hapeville Police Department","2022-10-06","Woolman Pl and N Outer Loop Rd","(O) No Injury","Dark-Not Lighted","Entrance/Exit Ramp","Rear End","N Outer Loop Rd","Dry","00:00:00","[""Lap and Shoulder Belt Used"",""Lap and Shoulder Belt Used""]","Clear",0,33.657605,-84.426842,"Atlanta","FULTON","[""Motor Vehicle in Motion"",""Parked Motor Vehicle""]","Other Interior Distraction (Distracted)","[""Motor Vehicle in Motion"",""Parked Motor Vehicle""]"
0,0,"Gsp Post 00","2022-10-06","I-285 Sb and Donald Lee Hollowell Pkwy","(O) No Injury","Daylight","On Roadway - Non-Intersection","Rear End","I-285 Sb","Dry","16:21:00","[""Unknown"",""Lap and Shoulder Belt Used""]","Clear",0,33.77583,-84.496307,"Atlanta","FULTON","[""Motor Vehicle in Motion"",""Motor Vehicle in Motion""]","Changed Lanes Improperly","[""Motor Vehicle in Motion"",""Motor Vehicle in Motion""]"
0,0,"Atlanta Police Department","2022-10-06","I-20 W and Boulevard Se","(O) No Injury","Daylight","On Roadway - Roadway Intersection","Angle Crash","Boulevard Se","Dry","15:45:00","[""Lap and Shoulder Belt Used"",""Lap and Shoulder Belt Used""]","Clear",0,33.743638,-84.368143,"Atlanta","FULTON","[""Motor Vehicle in Motion"",""Motor Vehicle in Motion""]","Changed Lanes Improperly","[""Motor Vehicle in Motion"",""Motor Vehicle in Motion""]"
0,0,"Gsp Post 00","2022-10-06","Ga 166 On Ramps and I-85 Northbound","(O) No Injury","Daylight","On Roadway - Non-Intersection","Rear End","I-85 Northbound","Dry","18:04:00","[""Lap and Shoulder Belt Used"",""Lap and Shoulder Belt Used"",""Lap and Shoulder Belt Used"",""Booster Seat (Properly Used)"",""Lap and Shoulder Belt Used"",""Lap and Shoulder Belt Used""]","Clear",0,33.684981,-84.404696,"Atlanta","FULTON","[""Motor Vehicle in Motion"",""Motor Vehicle in Motion""]","Following Too Close","[""Motor Vehicle in Motion"",""Motor Vehicle in Motion""]"
0,0,"Atlanta Police Department","2022-10-06","Lenox Rd Ne and Tower Place Dr Ne","(C) Possible Injury / Complaint","Daylight","On Roadway - Roadway Intersection","Head On","Tower Place Dr Ne","Dry","18:30:00","[""Unknown"",""Unknown""]","Clear",0,33.849595,-84.372176,"Atlanta","FULTON","[""Motor Vehicle in Motion"",""Motor Vehicle in Motion""]",,"[""Motor Vehicle in Motion"",""Motor Vehicle in Motion""]"
0,0,"Gsp Post 00","2022-10-06","I-285 Sb and Donald Lee Hollowell Pkwy","(C) Possible Injury / Complaint","Dark-Not Lighted","On Roadway - Non-Intersection","Rear End","I-285 Sb","Dry","19:17:00","[""Lap and Shoulder Belt Used"",""Lap and Shoulder Belt Used"",""Lap and Shoulder Belt Used"",""Lap and Shoulder Belt Used""]","Clear",0,33.778089,-84.496291,"Atlanta","FULTON","[""Motor Vehicle in Motion"",""Motor Vehicle in Motion""]","Following Too Close","[""Motor Vehicle in Motion"",""Motor Vehicle in Motion""]"
0,0,"Atlanta Police Department","2022-10-06","Euclid Ave Ne and Colquitt Ave Ne","(O) No Injury","Daylight","On Roadway - Non-Intersection","Sideswipe-Same Direction","Colquitt Ave Ne","Dry","13:50:00","[""Unknown"",""Unknown""]","Cloudy",0,33.764692,-84.350422,"Atlanta","FULTON","[""Motor Vehicle in Motion"",""Motor Vehicle in Motion""]","Misjudged Clearance","[""Motor Vehicle in Motion"",""Motor Vehicle in Motion""]"
0,0,"Gsp Post 00","2022-10-06","Northside Drive and I-75 Sb Cd Lanes","(O) No Injury","Daylight","On Roadway - Collector Distributor (CD)","Rear End","I-75 Sb Cd Lanes","Dry","09:58:00","[""Lap and Shoulder Belt Used"",""Lap and Shoulder Belt Used""]","Clear",0,33.802643,-84.408187,"Atlanta","FULTON","[""Motor Vehicle in Motion"",""Motor Vehicle in Motion""]",,"[""Motor Vehicle in Motion"",""Motor Vehicle in Motion""]"
0,0,"Atlanta Police Department","2022-10-06","Cleveland Ave Sw and Old Hapeville Rd Sw","(O) No Injury","Daylight","On Roadway - In Crosswalk","Angle Crash","Cleveland Ave Sw","Dry","15:30:00","[""Unknown"",""Unknown""]","Clear",0,33.681119,-84.393933,"Atlanta","FULTON","[""Motor Vehicle in Motion"",""Motor Vehicle in Motion""]","Improper Turn","[""Motor Vehicle in Motion"",""Motor Vehicle in Motion""]"
0,0,"Atlanta Police Department","2022-10-06","I-20 and Exit 60B","(O) No Injury","Dark-Lighted","On Roadway - Non-Intersection","Not a Collision with Motor Vehicle","I-20","Dry","22:00:00","[""Unknown"",""Unknown"",""Unknown""]","Clear",0,33.745019,-84.351106,"Atlanta","FULTON","[""Motor Vehicle in Motion"",""Motor Vehicle in Motion""]","Aggressive Driving","[""Motor Vehicle in Motion"",""Motor Vehicle in Motion""]"
0,0,"Gsp Post 00","2022-10-06","Interstate 20 West and Bill Kennedy Way Overpass","(C) Possible Injury / Complaint","Daylight","On Roadway - Non-Intersection","Rear End","Interstate 20 West","Dry","08:40:00","[""Lap and Shoulder Belt Used"",""Lap and Shoulder Belt Used"",""Lap and Shoulder Belt Used""]","Clear",0,33.744033,-84.355988,"Atlanta","FULTON","[""Motor Vehicle in Motion"",""Motor Vehicle in Motion"",""Motor Vehicle in Motion""]","Following Too Close","[""Motor Vehicle in Motion"",""Motor Vehicle in Motion"",""Motor Vehicle in Motion""]"
0,0,"Gsp Post 00","2022-10-06","Interstate 75 and Interstate 85 South","(C) Possible Injury / Complaint","Daylight","On Roadway - Non-Intersection","Rear End","Interstate 85 South","Dry","13:58:00","[""Lap and Shoulder Belt Used"",""Lap and Shoulder Belt Used"",""Lap and Shoulder Belt Used"",""Lap and Shoulder Belt Used""]","Clear",0,33.797976,-84.393252,"Atlanta","FULTON","[""Motor Vehicle in Motion"",""Motor Vehicle in Motion"",""Motor Vehicle in Motion""]","Following Too Close","[""Motor Vehicle in Motion"",""Motor Vehicle in Motion"",""Motor Vehicle in Motion""]"
0,0,"Gsp Post 00","2022-10-06","I-75 Sb and Peachtree Battle Ave","(O) No Injury","Daylight","On Roadway - Non-Intersection","Rear End","I-75 Sb","Dry","16:26:00","[""Lap and Shoulder Belt Used"",""Lap and Shoulder Belt Used"",""Lap and Shoulder Belt Used""]","Clear",0,33.825391,-84.424206,"Atlanta","FULTON","[""Motor Vehicle in Motion"",""Motor Vehicle in Motion""]","Changed Lanes Improperly","[""Motor Vehicle in Motion"",""Motor Vehicle in Motion""]"
0,0,"Gsp Post 00","2022-10-06","I-7585 N and Ralph David Abernathy Blvd","(C) Possible Injury / Complaint","Daylight","On Roadway - Non-Intersection","Sideswipe-Same Direction","I-7585 N","Dry","14:52:00","[""Lap and Shoulder Belt Used"",""Lap and Shoulder Belt Used""]","Clear",0,33.744203,-84.39061,"Atlanta","FULTON","[""Motor Vehicle in Motion"",""Motor Vehicle in Motion""]","Changed Lanes Improperly","[""Motor Vehicle in Motion"",""Motor Vehicle in Motion""]"
0,0,"Gsp Post 00","2022-10-06","I-75 S and Deering Road","(O) No Injury","Daylight","On Roadway - Non-Intersection","Sideswipe-Same Direction","I-75 S","Dry","12:40:00","[""Unknown"",""Lap and Shoulder Belt Used""]","Clear",0,33.795877,-84.394513,"Atlanta","FULTON","[""Motor Vehicle in Motion"",""Motor Vehicle in Motion""]","Changed Lanes Improperly","[""Motor Vehicle in Motion"",""Motor Vehicle in Motion""]"
0,0,"Atlanta Police Department","2022-10-06","Airline St Se and Dekalb Ave Ne","(O) No Injury","Daylight","On Roadway - Roadway Intersection","Rear End","Dekalb Ave Ne","Dry","06:50:00","[""Unknown"",""Unknown""]","Clear",0,33.752934,-84.366176,"Atlanta","FULTON","[""Motor Vehicle in Motion"",""Motor Vehicle in Motion""]","Following Too Close","[""Motor Vehicle in Motion"",""Motor Vehicle in Motion""]"
0,0,"Atlanta Police Department","2022-10-06","Treadwell Cir Sw and Martin Luther King Jr Dr Sw","(O) No Injury","Daylight","Entrance/Exit Ramp","Rear End","Martin Luther King Jr Dr Sw","Dry","09:20:00","[""Unknown"",""Unknown"",""Unknown""]","Clear",0,33.753957,-84.49612,"Atlanta","FULTON","[""Motor Vehicle in Motion"",""Motor Vehicle in Motion""]","Following Too Close","[""Motor Vehicle in Motion"",""Motor Vehicle in Motion""]"
0,0,"Atlanta Police Department","2022-10-06","10Th St Nw and Spring St Nw","(O) No Injury","Daylight","On Roadway - Non-Intersection","Angle Crash","Spring St Nw","Dry","17:00:00","[""Unknown"",""Unknown""]","Clear",0,33.781507,-84.389146,"Atlanta","FULTON","[""Motor Vehicle in Motion"",""Motor Vehicle in Motion""]","Changed Lanes Improperly","[""Motor Vehicle in Motion"",""Motor Vehicle in Motion""]"
0,0,"Atlanta Police Department","2022-10-06","Piedmont Ave Ne and Ponce De Leon Ave Ne","(C) Possible Injury / Complaint","Daylight","On Roadway - Non-Intersection","Angle Crash","Piedmont Ave Ne","Dry","17:08:00","[""Unknown"",""Unknown"",""Unknown""]","Clear",0,33.772682,-84.381764,"Atlanta","FULTON","[""Motor Vehicle in Motion"",""Motor Vehicle in Motion""]","Changed Lanes Improperly","[""Motor Vehicle in Motion"",""Motor Vehicle in Motion""]"
0,0,"Atlanta Police Department","2022-10-06","Monroe Dr Ne and Ponce De Leon Ave Ne","(O) No Injury","Daylight","On Roadway - Roadway Intersection","Rear End","Monroe Dr Ne","Dry","16:30:00","[""None Used"",""None Used""]","Clear",0,33.773675,-84.370874,"Atlanta","FULTON","[""Motor Vehicle in Motion"",""Motor Vehicle in Motion""]","Following Too Close","[""Motor Vehicle in Motion"",""Motor Vehicle in Motion""]"
0,0,"Atlanta Police Department","2022-10-06","Lenox Pkwy and Peachtree Rd Ne","(O) No Injury","Dark-Not Lighted","On Roadway - Roadway Intersection","Sideswipe-Same Direction","Peachtree Rd Ne","Dry","19:48:00","[""Unknown"",""Unknown""]","Clear",0,33.848961,-84.36527,"Atlanta","FULTON","[""Motor Vehicle in Motion"",""Motor Vehicle in Motion""]",,"[""Motor Vehicle in Motion"",""Motor Vehicle in Motion""]"
0,0,"Atlanta Police Department","2022-10-06","Pine Tree Rd Ne and Sidney Marcus Blvd Ne","(C) Possible Injury / Complaint","Daylight","On Roadway - Non-Intersection","Sideswipe-Same Direction","Sidney Marcus Blvd Ne","Dry","07:46:00","[""Lap and Shoulder Belt Used"",""Lap and Shoulder Belt Used"",""Lap and Shoulder Belt Used"",""Lap and Shoulder Belt Used"",""Lap and Shoulder Belt Used""]","Clear",0,33.824826,-84.358844,"Atlanta","FULTON","[""Motor Vehicle in Motion"",""Motor Vehicle in Motion"",""Motor Vehicle in Motion"",""Motor Vehicle in Motion""]","[""Too Fast for Conditions"",""Changed Lanes Improperly""]","[""Motor Vehicle in Motion"",""Motor Vehicle in Motion"",""Motor Vehicle in Motion"",""Motor Vehicle in Motion""]"
0,0,"Atlanta Police Department","2022-10-06","None and I-75","(C) Possible Injury / Complaint","Dark-Lighted","On Roadway - Non-Intersection","Rear End","I-75","Dry","22:20:00","[""Lap and Shoulder Belt Used"",""Lap and Shoulder Belt Used""]","Clear",0,33.798716,-84.392733,"Atlanta","FULTON","[""Motor Vehicle in Motion"",""Motor Vehicle in Motion""]","Following Too Close","[""Motor Vehicle in Motion"",""Motor Vehicle in Motion""]"
0,0,"Atlanta Police Department","2022-10-06","Ga-400 S and Lenox Rd Ne","(O) No Injury","Daylight","On Roadway - Roadway Intersection","Angle Crash","Lenox Rd Ne","Dry","10:40:00","[""Lap and Shoulder Belt Used"",""Lap and Shoulder Belt Used""]","Clear",0,33.851827,-84.370303,"Atlanta","FULTON","[""Motor Vehicle in Motion"",""Motor Vehicle in Motion""]","Failure to Yield","[""Motor Vehicle in Motion"",""Motor Vehicle in Motion""]"
0,0,"Atlanta Police Department","2022-10-06","Avon Ave Sw and Elizabeth Ave Sw","(O) No Injury","Daylight","On Roadway - Non-Intersection","Rear End","Elizabeth Ave Sw","Dry","11:30:00","[""Unknown"",""Unknown""]","Clear",0,33.722306,-84.435543,"Atlanta","FULTON","[""Motor Vehicle in Motion"",""Motor Vehicle in Motion""]","Following Too Close","[""Motor Vehicle in Motion"",""Motor Vehicle in Motion""]"
0,0,"Atlanta Police Department","2022-10-06","Mathieson Dr Ne and Peachtree Rd Ne","(O) No Injury","Daylight","On Roadway - Non-Intersection","Angle Crash","Peachtree Rd Ne","Dry","07:30:00","Lap and Shoulder Belt Used","Clear",0,33.840493,-84.376875,"Atlanta","FULTON","[""Motor Vehicle in Motion"",""Parked Motor Vehicle"",""Parked Motor Vehicle""]","Misjudged Clearance","[""Motor Vehicle in Motion"",""Parked Motor Vehicle"",""Parked Motor Vehicle""]"
0,1,"Georgia Tech Police Department","2022-10-06","8Th Street Nw and Hemphill Avenue Nw","(B) Suspected Minor/Visible Injury","Daylight","On Roadway - Roadway Intersection","Not a Collision with Motor Vehicle","Hemphill Avenue Nw","Dry","12:15:00",,"Clear",0,33.779716,-84.402532,"Atlanta","FULTON","[""Motor Vehicle in Motion"",""Other/Unknown""]",,
0,0,"Atlanta Police Department","2022-10-06","Howell St Se and Decatur St Se","(O) No Injury","Daylight","On Roadway - Roadway Intersection","Sideswipe-Same Direction","Howell St Se","Dry","13:22:00","[""Unknown"",""Unknown""]","Clear",0,33.751889,-84.369772,"Atlanta","FULTON","[""Motor Vehicle in Motion"",""Motor Vehicle in Motion""]",,"[""Motor Vehicle in Motion"",""Motor Vehicle in Motion""]"
0,0,"Atlanta Police Department","2022-10-06","6Th St Ne and Peachtree St Ne","(C) Possible Injury / Complaint","Dark-Lighted","On Roadway - Roadway Intersection","Angle Crash","Peachtree St Ne","Dry","20:18:00","[""Unknown"",""Unknown"",""Unknown"",""Unknown""]","Clear",0,33.777354,-84.384386,"Atlanta","FULTON","[""Motor Vehicle in Motion"",""Motor Vehicle in Motion""]","Improper Turn","[""Motor Vehicle in Motion"",""Motor Vehicle in Motion""]"
0,0,"Gsp Post 00","2022-10-06","I-7585Nb and Fulton St","(O) No Injury","Daylight","On Roadway - Non-Intersection","Sideswipe-Same Direction","I-7585Nb","Dry","10:43:00","[""Lap and Shoulder Belt Used"",""Lap and Shoulder Belt Used"",""Lap and Shoulder Belt Used""]","Clear",0,33.731866,-84.391977,"Atlanta","FULTON","[""Motor Vehicle in Motion"",""Motor Vehicle in Motion""]",,"[""Motor Vehicle in Motion"",""Motor Vehicle in Motion""]"
0,0,"Gsp Post 00","2022-10-06","I-75 Nb and Paces Ferry Road","(O) No Injury","Daylight","On Roadway - Non-Intersection","Sideswipe-Same Direction","I-75 Nb","Dry","17:11:00","[""Lap and Shoulder Belt Used"",""Lap and Shoulder Belt Used"",""Lap and Shoulder Belt Used""]","Clear",0,33.848791,-84.431072,"Atlanta","FULTON","[""Motor Vehicle in Motion"",""Motor Vehicle in Motion""]","Changed Lanes Improperly","[""Motor Vehicle in Motion"",""Motor Vehicle in Motion""]"
0,0,"Gsp Post 00","2022-10-06","I-75/85 and I-20 Wb","(O) No Injury","Daylight","On Roadway - Non-Intersection","Sideswipe-Same Direction","I-20 Wb","Dry","07:02:00","[""Lap and Shoulder Belt Used"",""Lap and Shoulder Belt Used""]","Clear",0,33.743451,-84.384798,"Atlanta","FULTON","[""Motor Vehicle in Motion"",""Motor Vehicle in Motion""]","Changed Lanes Improperly","[""Motor Vehicle in Motion"",""Motor Vehicle in Motion""]"