"# Serious Injuries","# Visible Injuries","Agency Name (Crash Level) ","Date","Intersection Name (from Crash Report)","KABCO Severity","Light Conditions (Crash Level)","Location at Impact (Crash Level) ","Manner of Collision (Crash Level) ","Roadway (From Crash Report)","Surface Condition (Crash Level) ","Time","Safety Equipment (Crash Level) ","Weather Conditions (Crash Level)","# of Fatalities per Crash","Latitude","Longitude","Geolocated City","Geolocated County","First Harmful Event (Unit Order)","Operator/Pedestrian Contrib Factor (excl None, Other, No Contrib Factors)","Most Harmful Event (Crash Level)"
0,0,"Atlanta Police Department","2022-10-06","None and I-20","(O) No Injury","Dark-Lighted","On Roadway - Non-Intersection","Rear End","I-20","Dry","20:30:00","[""Unknown"",""Unknown""]","Clear",0,33.743943,-84.355288,"Atlanta","FULTON","[""Motor Vehicle in Motion"",""Motor Vehicle in Motion""]","[""Inattentive or Other Distraction (Distracted)"",""Following Too Close""]","[""Motor Vehicle in Motion"",""Motor Vehicle in Motion""]"
0,0,"Atlanta Police Department","2022-10-06","St Johns Ave Sw and Metropolitan Pkwy Sw","(C) Possible Injury / Complaint","Daylight","On Roadway - Roadway Intersection","Rear End","Metropolitan Pkwy Sw","Dry","14:40:00","[""Unknown"",""Unknown"",""Unknown""]","Clear",0,33.699147,-84.408095,"Atlanta","FULTON","[""Motor Vehicle in Motion"",""Motor Vehicle in Motion""]","Following Too Close","Motor Vehicle in Motion"
0,0,"Atlanta Police Department","2022-10-06","Harvel Dr Nw and Hamilton E Holmes Dr Nw","(O) No Injury","Daylight","On Roadway - Roadway Intersection","Sideswipe-Same Direction","Hamilton E Holmes Dr Nw","Dry","16:00:00","Unknown","Clear",0,33.75926,-84.469337,"Atlanta","FULTON","[""Motor Vehicle in Motion"",""Motor Vehicle in Motion""]","Improper Passing","[""Motor Vehicle in Motion"",""Motor Vehicle in Motion""]"
0,0,"Gsp Post 00","2022-10-06","Mlk Jr Dr and I-7585 South","(O) No Injury","Daylight","On Roadway - Non-Intersection","Sideswipe-Same Direction","I-7585 South","Dry","13:40:00","[""Lap and Shoulder Belt Used"",""Lap and Shoulder Belt Used""]","Clear",0,33.750855,-84.381275,"Atlanta","FULTON","[""Motor Vehicle in Motion"",""Motor Vehicle in Motion""]","Changed Lanes Improperly","[""Motor Vehicle in Motion"",""Motor Vehicle in Motion""]"
0,0,"Atlanta Police Department","2022-10-06","14Th St Nw and Northside Dr Nw","(O) No Injury","Daylight","On Roadway - Non-Intersection","Rear End","14Th St Nw","Dry","12:25:00","[""Unknown"",""Unknown"",""Unknown"",""Unknown""]","Clear",0,33.786224,-84.407445,"Atlanta","FULTON","[""Motor Vehicle in Motion"",""Motor Vehicle in Motion""]",,"[""Motor Vehicle in Motion"",""Motor Vehicle in Motion""]"
0,0,"Gsp Post 00","2022-10-06","I-75 N and I-20 Split","(O) No Injury","Daylight","On Roadway - Non-Intersection","Rear End","I-75 N","Dry","09:31:00","[""Lap and Shoulder Belt Used"",""Lap and Shoulder Belt Used"",""Lap and Shoulder Belt Used""]","Clear",0,33.738796,-84.391742,"Atlanta","FULTON","[""Motor Vehicle in Motion"",""Motor Vehicle in Motion"",""Motor Vehicle in Motion""]","[""Other Activity - Mobile Device (Distracted)"",""Following Too Close""]","[""Motor Vehicle in Motion"",""Motor Vehicle in Motion"",""Motor Vehicle in Motion""]"
0,0,"Gsp Post 00","2022-10-06","Mlk Jr Dr and I-7585 South","(O) No Injury","Daylight","On Roadway - Non-Intersection","Sideswipe-Same Direction","I-7585 South","Dry","14:20:00","[""Lap and Shoulder Belt Used"",""Lap and Shoulder Belt Used"",""Child Restraint System (Properly Used)"",""Child Restraint System (Properly Used)""]","Clear",0,33.750797,-84.381343,"Atlanta","FULTON","[""Motor Vehicle in Motion"",""Motor Vehicle in Motion""]","Changed Lanes Improperly","[""Motor Vehicle in Motion"",""Motor Vehicle in Motion""]"
0,0,"Atlanta Police Department","2022-10-06","Roswell Rd Ne and Rickenbacker Dr Ne","(O) No Injury","Daylight","On Roadway - Roadway Intersection","Rear End","Roswell Rd Ne","Dry","15:40:00","[""Unknown"",""Unknown""]","Clear",0,33.870187,-84.381073,"Atlanta","FULTON","[""Motor Vehicle in Motion"",""Motor Vehicle in Motion""]","Following Too Close","[""Motor Vehicle in Motion"",""Motor Vehicle in Motion""]"
0,0,"Atlanta Police Department","2022-10-06","Armstrong St Se and Jesse Hill Jr Dr Se","(O) No Injury","Daylight","On Roadway - Roadway Intersection","Rear End","Jesse Hill Jr Dr Se","Dry","15:30:00","[""Unknown"",""Unknown""]","Clear",0,33.752587,-84.38218,"Atlanta","FULTON","[""Motor Vehicle in Motion"",""Pedestrian""]","Misjudged Clearance","[""Parked Motor Vehicle"",""Pedestrian""]"
0,0,"Gsp Post 00","2022-10-06","Lee St and I-20 East","(O) No Injury","Daylight","On Roadway - Non-Intersection","Rear End","I-20 East","Dry","16:44:00","[""Lap and Shoulder Belt Used"",""Lap and Shoulder Belt Used"",""Lap and Shoulder Belt Used""]","Clear",0,33.741526,-84.414015,"Atlanta","FULTON","[""Motor Vehicle in Motion"",""Motor Vehicle in Motion""]","Following Too Close","[""Motor Vehicle in Motion"",""Motor Vehicle in Motion""]"
0,0,"Atlanta Police Department","2022-10-06","I-285 E and Jonesboro Rd Se","(O) No Injury","Daylight","On Roadway - Driveway Intersection","Rear End","Jonesboro Rd Se","Dry","18:30:00","[""Lap and Shoulder Belt Used"",""Lap and Shoulder Belt Used"",""Lap and Shoulder Belt Used""]","Clear",0,33.651836,-84.367062,"Atlanta","FULTON","[""Motor Vehicle in Motion"",""Motor Vehicle in Motion"",""Motor Vehicle in Motion""]","[""Following Too Close"",""Under the Influence (U.I.)""]","[""Motor Vehicle in Motion"",""Motor Vehicle in Motion"",""Motor Vehicle in Motion""]"
0,0,"Atlanta Police Department","2022-10-06","None and Lakeshore Dr Ne","(O) No Injury","Daylight","On Roadway - Non-Intersection","Rear End","Lakeshore Dr Ne","Dry","09:40:00","[""Lap and Shoulder Belt Used"",""Lap and Shoulder Belt Used""]","Clear",0,33.766389,-84.325595,"Atlanta","DEKALB","[""Motor Vehicle in Motion"",""Motor Vehicle in Motion""]","Improper Backing","[""Motor Vehicle in Motion"",""Motor Vehicle in Motion""]"
0,0,"Atlanta Police Department","2022-10-06","Scad Way Nw and Spring St Nw","(O) No Injury","Daylight","On Roadway - Managed Lane (HOV, HOT, Reversible)","Rear End","Spring St Nw","Dry","12:38:00","[""Unknown"",""Unknown""]","Clear",0,33.793177,-84.389149,"Atlanta","FULTON","[""Motor Vehicle in Motion"",""Motor Vehicle in Motion""]","Following Too Close","Motor Vehicle in Motion"
0,0,"Gsp Post 00","2022-10-06","I-20 Eb and Martin L King Jr Dr","(O) No Injury","Daylight","On Roadway - Non-Intersection","Rear End","I-20 Eb","Dry","16:16:00","[""Lap and Shoulder Belt Used"",""Lap and Shoulder Belt Used"",""Lap and Shoulder Belt Used""]","Clear",0,33.750952,-84.444596,"Atlanta","FULTON","[""Motor Vehicle in Motion"",""Motor Vehicle in Motion"",""Motor Vehicle in Motion""]","Following Too Close","[""Motor Vehicle in Motion"",""Motor Vehicle in Motion"",""Motor Vehicle in Motion""]"
0,0,"Atlanta Police Department","2022-10-06","None and I-285 Exit 5A Rp","(O) No Injury","Daylight","Entrance/Exit Ramp","Rear End","I-285 Exit 5A Rp","Dry","19:31:00","[""Unknown"",""Lap and Shoulder Belt Used""]","Clear",0,33.689031,-84.500903,"Atlanta","FULTON","[""Motor Vehicle in Motion"",""Motor Vehicle in Motion""]","Driver Lost Control","Motor Vehicle in Motion"
0,0,"Atlanta Police Department","2022-10-06","Huff Rd Nw and Marietta Blvd Nw","(O) No Injury","Daylight","On Roadway - Roadway Intersection","Rear End","Marietta Blvd Nw","Dry","17:00:00","[""Lap and Shoulder Belt Used"",""Lap and Shoulder Belt Used""]","Clear",0,33.788482,-84.428242,"Atlanta","FULTON","[""Motor Vehicle in Motion"",""Motor Vehicle in Motion""]",,"[""Motor Vehicle in Motion"",""Motor Vehicle in Motion""]"
0,0,"Gsp Post 00","2022-10-06","10Th Street and I-75 I-85 South","(O) No Injury","Daylight","On Roadway - Non-Intersection","Rear End","I-75 I-85 South","Dry","09:55:00","[""Lap and Shoulder Belt Used"",""Lap and Shoulder Belt Used"",""Lap and Shoulder Belt Used""]","Clear",0,33.779624,-84.391217,"Atlanta","FULTON","[""Motor Vehicle in Motion"",""Motor Vehicle in Motion""]","[""Changed Lanes Improperly"",""Following Too Close""]","[""Motor Vehicle in Motion"",""Motor Vehicle in Motion""]"
0,0,"Gsp Post 00","2022-10-06","Interstate 85 South and 17Th Street Overpass","(C) Possible Injury / Complaint","Daylight","On Roadway - Non-Intersection","Rear End","Interstate 85 South","Dry","18:02:00","[""Lap and Shoulder Belt Used"",""Lap and Shoulder Belt Used"",""Lap and Shoulder Belt Used""]","Clear",0,33.79182,-84.392251,"Atlanta","FULTON","[""Motor Vehicle in Motion"",""Motor Vehicle in Motion""]","Following Too Close","[""Motor Vehicle in Motion"",""Motor Vehicle in Motion""]"
0,0,"Atlanta Police Department","2022-10-06","Bolling Way and E Paces Ferry Rd Ne","(O) No Injury","Daylight","On Roadway - Roadway Intersection","Angle Crash","Bolling Way","Dry","10:00:00","[""Lap and Shoulder Belt Used"",""Lap and Shoulder Belt Used""]","Clear",0,33.839246,-84.379181,"Atlanta","FULTON","[""Motor Vehicle in Motion"",""Motor Vehicle in Motion""]","Improper Turn","[""Motor Vehicle in Motion"",""Motor Vehicle in Motion""]"
0,0,"Gsp Post 00","2022-10-06","75S and Central Ave","(C) Possible Injury / Complaint","Daylight","On Roadway - Non-Intersection","Rear End","75S","Dry","16:10:00","[""Lap and Shoulder Belt Used"",""Lap and Shoulder Belt Used""]","Clear",0,33.654036,-84.395713,"Atlanta","FULTON","[""Motor Vehicle in Motion"",""Motor Vehicle in Motion""]","Following Too Close","[""Motor Vehicle in Motion"",""Motor Vehicle in Motion""]"
0,0,"Gsp Post 00","2022-10-06","I-85 S and Peachtree St","(O) No Injury","Daylight","On Roadway - Non-Intersection","Rear End","I-85 S","Dry","12:00:00","[""Lap and Shoulder Belt Used"",""Lap and Shoulder Belt Used""]","Clear",0,33.799125,-84.392354,"Atlanta","FULTON","[""Motor Vehicle in Motion"",""Motor Vehicle in Motion""]","Following Too Close","[""Motor Vehicle in Motion"",""Motor Vehicle in Motion""]"
0,0,"Atlanta Police Department","2022-10-06","Cascade Rd Sw and Lynhurst Dr Sw","(O) No Injury","Daylight","On Roadway - Roadway Intersection","Angle Crash","Lynhurst Dr Sw","Dry","15:50:00","[""Lap and Shoulder Belt Used"",""Child Restraint System (Properly Used)"",""Lap and Shoulder Belt Used"",""Unknown"",""Lap and Shoulder Belt Used""]","Clear",0,33.719892,-84.488035,"Atlanta","FULTON","[""Motor Vehicle in Motion"",""Motor Vehicle in Motion""]","Failure to Yield","[""Motor Vehicle in Motion"",""Motor Vehicle in Motion""]"
0,0,"Gsp Post 00","2022-10-06","I-20 Wb and Boulevard Se","(O) No Injury","Daylight","On Roadway - Non-Intersection","Rear End","I-20 Wb","Dry","08:13:00","[""Lap and Shoulder Belt Used"",""Lap and Shoulder Belt Used"",""Lap and Shoulder Belt Used""]","Clear",0,33.743644,-84.365751,"Atlanta","FULTON","[""Motor Vehicle in Motion"",""Motor Vehicle in Motion""]","Following Too Close","[""Motor Vehicle in Motion"",""Motor Vehicle in Motion""]"
0,0,"Atlanta Police Department","2022-10-06","Spring St Nw and Peachtree Pl Nw","(O) No Injury","Daylight","On Roadway - Roadway Intersection","Sideswipe-Same Direction","Spring St Nw","Dry","16:00:00","[""Lap and Shoulder Belt Used"",""Lap and Shoulder Belt Used""]","Clear",0,33.780929,-84.389065,"Atlanta","FULTON","[""Motor Vehicle in Motion"",""Motor Vehicle in Motion""]","Changed Lanes Improperly","[""Motor Vehicle in Motion"",""Motor Vehicle in Motion""]"
0,0,"Atlanta Police Department","2022-10-06","Sylvan Pl Sw and Langston Ave Sw","(O) No Injury","Daylight","On Roadway - Non-Intersection","Angle Crash","Sylvan Pl Sw","Dry","14:35:00","[""Unknown"",""Unknown"",""Unknown""]","Clear",0,33.704941,-84.419599,"Atlanta","FULTON","[""Motor Vehicle in Motion"",""Motor Vehicle in Motion""]","Improper Turn","[""Motor Vehicle in Motion"",""Motor Vehicle in Motion""]"
0,0,"Atlanta Police Department","2022-10-06","None and Ga-13","(O) No Injury","Dark-Not Lighted","On Roadway - Non-Intersection","Rear End","Ga-13","Dry","20:30:00","[""Unknown"",""Unknown""]","Clear",0,33.804198,-84.383365,"Atlanta","FULTON","[""Motor Vehicle in Motion"",""Motor Vehicle in Motion""]","Changed Lanes Improperly","[""Motor Vehicle in Motion"",""Motor Vehicle in Motion""]"
0,0,"Atlanta Police Department","2022-10-06","Ivy Pkwy Ne and Roswell Rd Ne","(O) No Injury","Daylight","On Roadway - Non-Intersection","Rear End","Roswell Rd Ne","Dry","13:20:00","[""Unknown"",""Unknown""]","Clear",0,33.857966,-84.381353,"Atlanta","FULTON","[""Motor Vehicle in Motion"",""Motor Vehicle in Motion""]","Following Too Close","[""Motor Vehicle in Motion"",""Motor Vehicle in Motion""]"
0,1,"Atlanta Police Department","2022-10-06","Northside Dr Nw and Northside Pkwy Nw","(B) Suspected Minor/Visible Injury","Daylight","Off Roadway","Not a Collision with Motor Vehicle","Northside Pkwy Nw","Dry","17:00:00","Lap and Shoulder Belt Used","Clear",0,33.839621,-84.409543,"Atlanta","FULTON","Other Non-Collision","Too Fast for Conditions","Utility Pole"
0,0,"Atlanta Police Department","2022-10-06","Club Dr Ne and Peachtree Rd Ne","(O) No Injury","Daylight","On Roadway - Driveway Intersection","Angle Crash","Peachtree Rd Ne","Dry","10:30:00","[""Unknown"",""Unknown""]","Clear",0,33.857207,-84.348953,"Atlanta","FULTON","[""Motor Vehicle in Motion"",""Motor Vehicle in Motion""]","Changed Lanes Improperly","[""Motor Vehicle in Motion"",""Motor Vehicle in Motion""]"
0,0,"Gsp Post 00","2022-10-06","I-85 S and Armour Drive","(C) Possible Injury / Complaint","Dark-Not Lighted","On Roadway - Non-Intersection","Rear End","I-85 S","Dry","19:15:00","[""Unknown"",""Lap and Shoulder Belt Used"",""Lap and Shoulder Belt Used""]","Clear",0,33.802805,-84.386082,"Atlanta","FULTON","[""Motor Vehicle in Motion"",""Motor Vehicle in Motion""]","Following Too Close","[""Motor Vehicle in Motion"",""Motor Vehicle in Motion""]"
0,0,"Atlanta Police Department","2022-10-06","Boulevard Ne and Auburn Ave Ne","(O) No Injury","Dark-Lighted","On Roadway - Roadway Intersection","Angle Crash","Boulevard Ne","Dry","00:00:00","[""Unknown"",""Unknown""]","Clear",0,33.755464,-84.372136,"Atlanta","FULTON","[""Motor Vehicle in Motion"",""Motor Vehicle in Motion""]","Disregard Stop Sign/Signal","[""Motor Vehicle in Motion"",""Motor Vehicle in Motion""]"
1,0,"Gsp Post 00","2022-10-06","I-285 Sb and Donald Lee Hollowell Pkwy","(A) Suspected Serious Injury","Daylight","On Roadway - Non-Intersection","Sideswipe-Same Direction","I-285 Sb","Dry","15:00:00","[""Lap and Shoulder Belt Used"",""Lap and Shoulder Belt Used""]","Clear",0,33.770545,-84.49557,"Atlanta","FULTON","[""Motor Vehicle in Motion"",""Motor Vehicle in Motion""]","Changed Lanes Improperly","[""Motor Vehicle in Motion"",""Motor Vehicle in Motion""]"
0,0,"Atlanta Police Department","2022-10-06","Emerson St and Moreland Ave Se","(C) Possible Injury / Complaint","Daylight","On Roadway - Roadway Intersection","Rear End","Moreland Ave Se","Dry","10:00:00","[""Lap and Shoulder Belt Used"",""Lap and Shoulder Belt Used""]","Clear",0,33.738086,-84.349289,"Atlanta","FULTON","[""Motor Vehicle in Motion"",""Motor Vehicle in Motion""]","Following Too Close","[""Motor Vehicle in Motion"",""Motor Vehicle in Motion""]"
0,0,"Atlanta Police Department","2022-10-06","None and Exit 248C Rp","(C) Possible Injury / Complaint","Daylight","On Roadway - Non-Intersection","Rear End","Exit 248C Rp","Dry","19:30:00","[""Unknown"",""Unknown""]","Clear",0,33.738675,-84.391747,"Atlanta","FULTON","[""Motor Vehicle in Motion"",""Motor Vehicle in Motion""]",,"[""Motor Vehicle in Motion"",""Motor Vehicle in Motion""]"
0,0,"Atlanta Police Department","2022-10-06","None and Moreland Ave Se Exit 60A Rp","(O) No Injury","Daylight","Entrance/Exit Ramp","Rear End","Moreland Ave Se Exit 60A Rp","Dry","16:00:00","[""Unknown"",""Unknown""]","Clear",0,33.74452,-84.349293,"Atlanta","FULTON","[""Motor Vehicle in Motion"",""Motor Vehicle in Motion""]","Following Too Close","[""Motor Vehicle in Motion"",""Motor Vehicle in Motion""]"
0,0,"Atlanta Police Department","2022-10-06","Auburn Ave Ne and Piedmont Ave Ne","(O) No Injury","Daylight","On Roadway - Non-Intersection","Sideswipe-Same Direction","Piedmont Ave Ne","Dry","14:44:00","[""Unknown"",""Unknown""]","Clear",0,33.755554,-84.382226,"Atlanta","FULTON","[""Motor Vehicle in Motion"",""Motor Vehicle in Motion""]",,"[""Motor Vehicle in Motion"",""Motor Vehicle in Motion""]"
0,0,"Atlanta Police Department","2022-10-06","Howell Mill Rd Nw and Chattahoochee Ave Nw","(O) No Injury","Dark-Lighted","On Roadway - Non-Intersection","Angle Crash","Chattahoochee Ave Nw","Dry","22:05:00","[""Unknown"",""Unknown"",""Unknown"",""Unknown""]","Clear",0,33.799615,-84.416672,"Atlanta","FULTON","[""Motor Vehicle in Motion"",""Motor Vehicle in Motion""]",,"[""Motor Vehicle in Motion"",""Motor Vehicle in Motion""]"
0,0,"Gsp Post 00","2022-10-06","I-75 N and University Ave","(O) No Injury","Daylight","On Roadway - Non-Intersection","Sideswipe-Same Direction","I-75 N","Dry","09:45:00","[""Lap and Shoulder Belt Used"",""Lap and Shoulder Belt Used""]","Clear",0,33.722364,-84.394453,"Atlanta","FULTON","[""Motor Vehicle in Motion"",""Motor Vehicle in Motion""]",,"[""Motor Vehicle in Motion"",""Motor Vehicle in Motion""]"
0,0,"Atlanta Police Department","2022-10-06","I-20 E and I-20 Exit 59B","(O) No Injury","Dark-Lighted","Entrance/Exit Ramp","Sideswipe-Same Direction","I-20 Exit 59B","Dry","22:10:00","[""Lap and Shoulder Belt Used"",""Child Restraint System (Properly Used)"",""Lap and Shoulder Belt Used"",""Lap and Shoulder Belt Used""]","Clear",0,33.743174,-84.367299,"Atlanta","FULTON","[""Motor Vehicle in Motion"",""Motor Vehicle in Motion""]","Changed Lanes Improperly","[""Motor Vehicle in Motion"",""Motor Vehicle in Motion""]"
0,0,"Atlanta Police Department","2022-10-06","Memorial Dr Se and Moreland Ave Se","(O) No Injury","Daylight","On Roadway - Non-Intersection","Angle Crash","Memorial Dr Se","Dry","08:20:00","[""Lap and Shoulder Belt Used"",""Lap and Shoulder Belt Used""]","Clear",0,33.747601,-84.349025,"Atlanta","DEKALB","[""Motor Vehicle in Motion"",""Motor Vehicle in Motion""]","Failure to Yield","[""Motor Vehicle in Motion"",""Motor Vehicle in Motion""]"
0,0,"Atlanta Police Department","2022-10-06","Piedmont Rd Ne and Lindbergh Way Ne","(O) No Injury","Daylight","On Roadway - Non-Intersection","Angle Crash","Lindbergh Way Ne","Dry","19:00:00","[""Unknown"",""Unknown""]","Clear",0,33.820642,-84.367536,"Atlanta","FULTON","[""Motor Vehicle in Motion"",""Motor Vehicle in Motion""]","[""Misjudged Clearance"",""Failure to Yield""]","[""Motor Vehicle in Motion"",""Motor Vehicle in Motion""]"
0,0,"Atlanta Police Department","2022-10-06","Logan Cir Nw and Chattahoochee Ave Nw","(C) Possible Injury / Complaint","Daylight","On Roadway - Roadway Intersection","Angle Crash","Logan Cir Nw","Dry","16:40:00","[""Lap and Shoulder Belt Used"",""Lap and Shoulder Belt Used"",""Lap and Shoulder Belt Used""]","Clear",0,33.805081,-84.433856,"Atlanta","FULTON","[""Motor Vehicle in Motion"",""Motor Vehicle in Motion"",""Motor Vehicle in Motion""]","Failure to Yield","[""Motor Vehicle in Motion"",""Motor Vehicle in Motion"",""Motor Vehicle in Motion""]"
0,0,"Atlanta Police Department","2022-10-06","I-75 S and Moores Mill Rd Nw","(C) Possible Injury / Complaint","Daylight","On Roadway - Non-Intersection","Rear End","Moores Mill Rd Nw","Dry","12:45:00","[""Lap and Shoulder Belt Used"",""Lap and Shoulder Belt Used"",""Lap and Shoulder Belt Used""]","Clear",0,33.831076,-84.427007,"Atlanta","FULTON","[""Motor Vehicle in Motion"",""Motor Vehicle in Motion""]","Following Too Close","[""Motor Vehicle in Motion"",""Motor Vehicle in Motion""]"
0,0,"Atlanta Police Department","2022-10-06","Summit North Dr Ne and Sidney Marcus Blvd Ne","(O) No Injury","Daylight","On Roadway - Roadway Intersection","Angle Crash","Sidney Marcus Blvd Ne","Dry","14:36:00","[""Unknown"",""Unknown""]","Clear",0,33.825714,-84.362592,"Atlanta","FULTON","[""Motor Vehicle in Motion"",""Motor Vehicle in Motion""]","Failure to Yield","[""Motor Vehicle in Motion"",""Motor Vehicle in Motion""]"
0,0,"Atlanta Police Department","2022-10-06","Martin Ave Se and Lansing St Se","(O) No Injury","Daylight","On Roadway - Non-Intersection","Angle Crash","Lansing St Se","Dry","16:00:00","Unknown","Clear",0,33.717498,-84.385467,"Atlanta","FULTON","[""Parked Motor Vehicle"",""Parked Motor Vehicle""]","Driver Condition","[""Parked Motor Vehicle"",""Parked Motor Vehicle""]"
0,0,"Gsp Post 00","2022-10-06","I-285 North and Martin Luther King Jr. Dr.","(O) No Injury","Daylight","On Roadway - Non-Intersection","Rear End","I-285 North","Dry","17:43:00","[""Lap and Shoulder Belt Used"",""Lap and Shoulder Belt Used""]","Clear",0,33.73856,-84.500435,"Atlanta","FULTON","[""Motor Vehicle in Motion"",""Parked Motor Vehicle""]","Following Too Close","[""Motor Vehicle in Motion"",""Motor Vehicle in Motion""]"
0,0,"Gsp Post 00","2022-10-06","Fair Dr and I-7585 N","(O) No Injury","Daylight","On Roadway - Non-Intersection","Rear End","I-7585 N","Dry","16:33:00","[""Lap and Shoulder Belt Used"",""Lap and Shoulder Belt Used""]","Clear",0,33.696998,-84.404712,"Atlanta","FULTON","[""Motor Vehicle in Motion"",""Motor Vehicle in Motion""]","Following Too Close","[""Motor Vehicle in Motion"",""Motor Vehicle in Motion""]"
0,0,"Atlanta Police Department","2022-10-06","2Nd Ave Se and Glenwood Ave Se","(C) Possible Injury / Complaint","Daylight","On Roadway - Roadway Intersection","Not a Collision with Motor Vehicle","Glenwood Ave Se","Dry","15:30:00","[""Unknown"",""Unknown""]","Clear",0,33.740043,-84.309666,"Atlanta","DEKALB","[""Motor Vehicle in Motion"",""Motor Vehicle in Motion""]","Failure to Yield","[""Motor Vehicle in Motion"",""Motor Vehicle in Motion""]"
0,0,"Gsp Post 00","2022-10-06","I-285 Sb and Bolton Road","(C) Possible Injury / Complaint","Daylight","On Roadway - Non-Intersection","Sideswipe-Same Direction","I-285 Sb","Dry","08:28:00","[""Lap and Shoulder Belt Used"",""Lap and Shoulder Belt Used""]","Clear",0,33.806414,-84.493612,"Atlanta","FULTON","[""Motor Vehicle in Motion"",""Motor Vehicle in Motion""]","Changed Lanes Improperly","[""Motor Vehicle in Motion"",""Motor Vehicle in Motion""]"
0,0,"Atlanta Police Department","2022-10-06","Clifton St Se and Memorial Dr Se","(O) No Injury","Daylight","On Roadway - Roadway Intersection","Angle Crash","Clifton St Se","Dry","17:00:00","[""Unknown"",""Unknown""]","Clear",0,33.747465,-84.331846,"Atlanta","DEKALB","[""Motor Vehicle in Motion"",""Motor Vehicle in Motion""]","Failure to Yield","[""Motor Vehicle in Motion"",""Motor Vehicle in Motion""]"
0,0,"Gsp Post 00","2022-10-06","Lakewood Avenue and Langford Parkway Westbound","(O) No Injury","Daylight","Entrance/Exit Ramp","Sideswipe-Same Direction","Langford Parkway Westbound","Dry","07:45:00","[""Lap and Shoulder Belt Used"",""Lap and Shoulder Belt Used""]","Clear",0,33.698268,-84.395279,"Atlanta","FULTON","[""Motor Vehicle in Motion"",""Motor Vehicle in Motion""]","Failure to Yield","[""Motor Vehicle in Motion"",""Motor Vehicle in Motion""]"
0,0,"Atlanta Police Department","2022-10-06","None and Flat Shoals Ave Se","(C) Possible Injury / Complaint","Daylight","On Roadway - Non-Intersection","Rear End","Flat Shoals Ave Se","Dry","11:44:00","[""Unknown"",""Lap and Shoulder Belt Used""]","Clear",0,33.740777,-84.346067,"Atlanta","DEKALB","[""Motor Vehicle in Motion"",""Motor Vehicle in Motion""]","Improper Backing","[""Motor Vehicle in Motion"",""Motor Vehicle in Motion""]"
0,0,"Atlanta Police Department","2022-10-06","Ellsworth Dr Nw and Chattahoochee Ave Nw","(C) Possible Injury / Complaint","Dark-Lighted","On Roadway - Non-Intersection","Angle Crash","Chattahoochee Ave Nw","Dry","18:55:00","[""Lap and Shoulder Belt Used"",""Lap and Shoulder Belt Used"",""Bicycle Helmet""]","Clear",0,33.80078,-84.426882,"Atlanta","FULTON","[""Motor Vehicle in Motion"",""Motor Vehicle in Motion""]","Failure to Yield","[""Motor Vehicle in Motion"",""Motor Vehicle in Motion""]"
0,0,"Atlanta Police Department","2022-10-06","None and Ga-13","(O) No Injury","Dark-Lighted","On Roadway - Non-Intersection","Rear End","Ga-13","Dry","22:50:00","[""Unknown"",""Unknown""]","Clear",0,33.812885,-84.366774,"Atlanta","FULTON","[""Motor Vehicle in Motion"",""Motor Vehicle in Motion""]","Following Too Close","[""Motor Vehicle in Motion"",""Motor Vehicle in Motion""]"
0,0,"Gsp Post 00","2022-10-06","I-85 S and Peachtree Road","(O) No Injury","Daylight","On Roadway - Non-Intersection","Rear End","I-85 S","Dry","17:13:00","[""Lap and Shoulder Belt Used"",""Child Restraint System (Properly Used)"",""Lap and Shoulder Belt Used"",""Lap and Shoulder Belt Used""]","Clear",0,33.799767,-84.391495,"Atlanta","FULTON","[""Motor Vehicle in Motion"",""Motor Vehicle in Motion""]","Following Too Close","[""Motor Vehicle in Motion"",""Motor Vehicle in Motion""]"
0,0,"Atlanta Police Department","2022-10-06","Pine St Nw and Spring St Nw","(O) No Injury","Daylight","On Roadway - Roadway Intersection","Sideswipe-Same Direction","Spring St Nw","Dry","13:31:00","[""Lap and Shoulder Belt Used"",""Lap and Shoulder Belt Used""]","Clear",0,33.768344,-84.388907,"Atlanta","FULTON","[""Motor Vehicle in Motion"",""Motor Vehicle in Motion""]","Changed Lanes Improperly","[""Motor Vehicle in Motion"",""Motor Vehicle in Motion""]"
0,0,"Atlanta Police Department","2022-10-06","None and I-75","(O) No Injury","Dark-Not Lighted","Entrance/Exit Ramp","Sideswipe-Opposite Direction","I-75","Dry","20:30:00","[""Unknown"",""Unknown""]","Clear",0,33.748784,-84.384198,"Atlanta","FULTON","[""Motor Vehicle in Motion"",""Motor Vehicle in Motion""]","Changed Lanes Improperly","[""Motor Vehicle in Motion"",""Motor Vehicle in Motion""]"
0,0,"Atlanta Police Department","2022-10-06","Atlanta Industrial Pkwy Nw and Donald Lee Hollowell Pkwy Nw","(O) No Injury","Daylight","On Roadway - Non-Intersection","Sideswipe-Same Direction","Donald Lee Hollowell Pkwy Nw","Dry","14:35:00","[""Lap and Shoulder Belt Used"",""Lap and Shoulder Belt Used"",""Lap and Shoulder Belt Used""]","Clear",0,33.790845,-84.49686,"Atlanta","FULTON","[""Motor Vehicle in Motion"",""Motor Vehicle in Motion""]","Changed Lanes Improperly","[""Motor Vehicle in Motion"",""Motor Vehicle in Motion""]"