"# Serious Injuries","# Visible Injuries","Agency Name (Crash Level) ","Date","Intersection Name (from Crash Report)","KABCO Severity","Light Conditions (Crash Level)","Location at Impact (Crash Level) ","Manner of Collision (Crash Level) ","Roadway (From Crash Report)","Surface Condition (Crash Level) ","Time","Safety Equipment (Crash Level) ","Weather Conditions (Crash Level)","# of Fatalities per Crash","Latitude","Longitude","Geolocated City","Geolocated County","First Harmful Event (Unit Order)","Operator/Pedestrian Contrib Factor (excl None, Other, No Contrib Factors)","Most Harmful Event (Crash Level)"
0,0,"Atlanta Police Department","2022-10-06","Boulevard Ne and Auburn Ave Ne","(O) No Injury","Daylight","On Roadway - Roadway Intersection","Angle Crash","Boulevard Ne","Dry","18:00:00","[""None Used"",""None Used""]","Clear",0,33.755352,-84.372138,"Atlanta","FULTON","[""Motor Vehicle in Motion"",""Motor Vehicle in Motion""]","[""Failure to Yield"",""Failure to Yield""]","[""Motor Vehicle in Motion"",""Motor Vehicle in Motion""]"
0,0,"Atlanta Police Department","2022-10-06","Lee St Sw and Avon Ave Sw","(O) No Injury","Daylight","Off Roadway","Not a Collision with Motor Vehicle","Avon Ave Sw","Dry","13:20:00","[""Unknown"",""Unknown""]","Clear",0,33.722284,-84.423677,"Atlanta","FULTON","Other - Fixed Object",,"Other - Fixed Object"
0,0,"Gsp Post 00","2022-10-07","I-85 Nb and Cleveland Avenue","(O) No Injury","Daylight","On Roadway - Non-Intersection","Sideswipe-Same Direction","I-85 Nb","Dry","19:43:00","[""Lap and Shoulder Belt Used"",""Lap and Shoulder Belt Used""]","Clear",0,33.683321,-84.41003,"Atlanta","FULTON","[""Motor Vehicle in Motion"",""Motor Vehicle in Motion""]",,"[""Motor Vehicle in Motion"",""Motor Vehicle in Motion""]"
0,0,"Atlanta Police Department","2022-10-07","Peachtree St Ne and Peachtree Rd Ne","(C) Possible Injury / Complaint","Daylight","On Roadway - Non-Intersection","Angle Crash","Peachtree Rd Ne","Dry","15:00:00","[""Lap and Shoulder Belt Used"",""Lap and Shoulder Belt Used""]","Clear",0,33.803133,-84.393015,"Atlanta","FULTON","[""Motor Vehicle in Motion"",""Motor Vehicle in Motion""]",,"[""Motor Vehicle in Motion"",""Motor Vehicle in Motion""]"
0,0,"Atlanta Police Department","2022-10-07","Hilliard St Ne and Old Wheat St Ne","(O) No Injury","Daylight","On Roadway - Non-Intersection","Rear End","Hilliard St Ne","Dry","20:00:00","[""None Used"",""None Used"",""None Used""]","Clear",0,33.755953,-84.376566,"Atlanta","FULTON","[""Motor Vehicle in Motion"",""Motor Vehicle in Motion""]",,"[""Motor Vehicle in Motion"",""Motor Vehicle in Motion""]"
0,0,"Gsp Post 00","2022-10-07","North Ave and I-75I-85Sb","(O) No Injury","Daylight","On Roadway - Non-Intersection","Sideswipe-Same Direction","I-75I-85Sb","Dry","09:00:00","[""Lap and Shoulder Belt Used"",""Lap and Shoulder Belt Used""]","Clear",0,33.771033,-84.390479,"Atlanta","FULTON","[""Motor Vehicle in Motion"",""Motor Vehicle in Motion""]","[""Changed Lanes Improperly"",""Changed Lanes Improperly""]","[""Motor Vehicle in Motion"",""Motor Vehicle in Motion""]"
0,0,"Atlanta Police Department","2022-10-07","Headland Dr Sw and Greenbriar Pkwy Sw","(C) Possible Injury / Complaint","Dark-Not Lighted","On Roadway - Non-Intersection","Angle Crash","Headland Dr Sw","Dry","18:35:00","[""Unknown"",""Unknown"",""Unknown"",""Unknown"",""Unknown"",""Unknown"",""Unknown""]","Clear",0,33.689594,-84.488635,"Atlanta","FULTON","[""Motor Vehicle in Motion"",""Motor Vehicle in Motion""]","Improper Turn","[""Motor Vehicle in Motion"",""Motor Vehicle in Motion""]"
0,0,"Atlanta Police Department","2022-10-07","Roswell Rd Ne and Rickenbacker Dr Ne","(O) No Injury","Daylight","On Roadway - Roadway Intersection","Sideswipe-Same Direction","Rickenbacker Dr Ne","Dry","11:00:00","[""Unknown"",""Unknown""]","Clear",0,33.870255,-84.381072,"Atlanta","FULTON","[""Motor Vehicle in Motion"",""Motor Vehicle in Motion""]","Improper Turn","[""Motor Vehicle in Motion"",""Motor Vehicle in Motion""]"
0,0,"Atlanta Police Department","2022-10-07","Grant St Se and Decatur St Se","(O) No Injury","Daylight","On Roadway - Non-Intersection","Sideswipe-Same Direction","Decatur St Se","Dry","18:00:00","[""None Used"",""None Used""]","Clear",0,33.750103,-84.377118,"Atlanta","FULTON","[""Motor Vehicle in Motion"",""Motor Vehicle in Motion""]",,"[""Motor Vehicle in Motion"",""Motor Vehicle in Motion""]"
0,0,"Atlanta Police Department","2022-10-07","1St Ave Se and Memorial Dr Se","(O) No Injury","Daylight","On Roadway - Non-Intersection","Rear End","Memorial Dr Se","Dry","08:00:00","[""Lap and Shoulder Belt Used"",""Lap and Shoulder Belt Used"",""Lap and Shoulder Belt Used"",""Lap and Shoulder Belt Used""]","Clear",0,33.747337,-84.311397,"Atlanta","DEKALB","[""Motor Vehicle in Motion"",""Motor Vehicle in Motion""]",,"[""Motor Vehicle in Motion"",""Motor Vehicle in Motion""]"
0,0,"Atlanta Police Department","2022-10-07","Oakland Dr Sw and Donnelly Ave Sw","(C) Possible Injury / Complaint","Dark-Lighted","On Roadway - Roadway Intersection","Rear End","Oakland Dr Sw","Dry","09:15:00","[""Unknown"",""Unknown"",""Unknown"",""Unknown"",""Unknown""]","Clear",0,33.733085,-84.427108,"Atlanta","FULTON","[""Motor Vehicle in Motion"",""Motor Vehicle in Motion""]","Following Too Close","[""Motor Vehicle in Motion"",""Motor Vehicle in Motion""]"
0,0,"Dekalb Co Police Department","2022-10-07","Candler Rd and Memorial Dr","(O) No Injury","Daylight","On Roadway - Roadway Intersection","Angle Crash","Candler Rd","Dry","16:55:00","Unknown","Clear",0,33.747055,-84.292111,"Atlanta","DEKALB","[""Motor Vehicle in Motion"",""Motor Vehicle in Motion""]","Failure to Yield","[""Motor Vehicle in Motion"",""Motor Vehicle in Motion""]"
0,0,"Atlanta Police Department","2022-10-07","Boulevard Se and Woodward Ave Se","(C) Possible Injury / Complaint","Dark-Lighted","On Roadway - Driveway Intersection","Angle Crash","Boulevard Se","Dry","20:30:00","[""Unknown"",""Unknown"",""Unknown"",""Unknown""]","Clear",0,33.744634,-84.368137,"Atlanta","FULTON","[""Motor Vehicle in Motion"",""Motor Vehicle in Motion""]","Improper Turn","[""Motor Vehicle in Motion"",""Motor Vehicle in Motion""]"
0,0,"Atlanta Police Department","2022-10-07","Irwin St Ne and Hilliard St Ne","(O) No Injury","Dark-Lighted","On Roadway - Non-Intersection","Sideswipe-Same Direction","Irwin St Ne","Dry","23:00:00","Unknown","Clear",0,33.757699,-84.376085,"Atlanta","FULTON","[""Parked Motor Vehicle"",""Motor Vehicle in Motion"",""Motor Vehicle in Motion"",""Motor Vehicle in Motion""]","[""Under the Influence (U.I.)"",""Occupant Distraction (Distracted)"",""Too Fast for Conditions"",""Reckless Driving""]","[""Parked Motor Vehicle"",""Motor Vehicle in Motion"",""Motor Vehicle in Motion"",""Motor Vehicle in Motion""]"
1,0,"Atlanta Police Department","2022-10-07","I-75 and Exit 249D","(A) Suspected Serious Injury","Dark-Lighted","On Roadway - Non-Intersection","Rear End","I-75","Dry","21:45:00","[""Unknown"",""Unknown""]","Clear",0,33.767498,-84.388678,"Atlanta","FULTON","[""Motor Vehicle in Motion"",""Motor Vehicle in Motion""]",,"[""Motor Vehicle in Motion"",""Motor Vehicle in Motion""]"
0,0,"Gsp Post 00","2022-10-07","Freedom Pkwy and I-7585 Conn Nb","(O) No Injury","Daylight","On Roadway - Non-Intersection","Rear End","I-7585 Conn Nb","Dry","07:23:00","[""Lap and Shoulder Belt Used"",""Lap and Shoulder Belt Used""]","Clear",0,33.757055,-84.378079,"Atlanta","FULTON","[""Motor Vehicle in Motion"",""Motor Vehicle in Motion""]","Following Too Close","[""Motor Vehicle in Motion"",""Motor Vehicle in Motion""]"
0,0,"Atlanta Police Department","2022-10-07","North Ave Ne and Piedmont Ave Ne","(O) No Injury","Dark-Lighted","On Roadway - Roadway Intersection","Sideswipe-Same Direction","North Ave Ne","Dry","06:45:00","[""Lap and Shoulder Belt Used"",""Unknown""]","Clear",0,33.77128,-84.381893,"Atlanta","FULTON","[""Motor Vehicle in Motion"",""Motor Vehicle in Motion""]","Changed Lanes Improperly","Motor Vehicle in Motion"
0,0,"Atlanta Police Department","2022-10-07","Lee St Ave and Dill Ave Sw","(O) No Injury","Dark-Not Lighted","Off Roadway - Sidewalk","Not a Collision with Motor Vehicle","Lee St Ave","Dry","22:00:00","Unknown","Clear",0,33.718221,-84.424103,"Atlanta","FULTON","Utility Pole","Driver Lost Control","Utility Pole"
0,0,"Atlanta Police Department","2022-10-07","Myrtle Dr Sw and Campbellton Rd Sw","(C) Possible Injury / Complaint","Daylight","On Roadway - Roadway Intersection","Angle Crash","Campbellton Rd Sw","Dry","15:00:00","[""Lap and Shoulder Belt Used"",""Lap and Shoulder Belt Used"",""Lap and Shoulder Belt Used""]","Clear",0,33.707392,-84.455046,"Atlanta","FULTON","[""Motor Vehicle in Motion"",""Motor Vehicle in Motion""]","Failure to Yield","[""Motor Vehicle in Motion"",""Motor Vehicle in Motion""]"
0,0,"Gsp Post 00","2022-10-07","I-7585 Conn N and Mlk Jr Dr Overpass","(O) No Injury","Daylight","On Roadway - Non-Intersection","Rear End","I-7585 Conn N","Dry","07:15:00","[""Lap and Shoulder Belt Used"",""Lap and Shoulder Belt Used""]","Clear",0,33.748169,-84.385091,"Atlanta","FULTON","[""Motor Vehicle in Motion"",""Motor Vehicle in Motion""]","Following Too Close","[""Motor Vehicle in Motion"",""Motor Vehicle in Motion""]"
0,0,"Atlanta Police Department","2022-10-07","Brown Ave Se and Lansing St Se","(C) Possible Injury / Complaint","Dark-Lighted","On Roadway - Non-Intersection","Angle Crash","Brown Ave Se","Dry","18:31:00","Unknown","Clear",0,33.714248,-84.382953,"Atlanta","FULTON","[""Motor Vehicle in Motion"",""Motor Vehicle in Motion""]","Failure to Yield","Motor Vehicle in Motion"
0,0,"Atlanta Police Department","2022-10-07","I-75 and Cleveland Ave Sw","(O) No Injury","Dark-Lighted","On Roadway - Non-Intersection","Sideswipe-Same Direction","I-75","Dry","23:27:00","[""Lap and Shoulder Belt Used"",""Lap and Shoulder Belt Used"",""Lap and Shoulder Belt Used""]","Clear",0,33.681361,-84.398724,"Atlanta","FULTON","[""Motor Vehicle in Motion"",""Motor Vehicle in Motion""]","[""Misjudged Clearance"",""Misjudged Clearance""]","[""Motor Vehicle in Motion"",""Motor Vehicle in Motion""]"
0,0,"Atlanta Police Department","2022-10-07","Waldo St Se and Rosalia St Se","(O) No Injury","Daylight","On Roadway - Non-Intersection","Rear End","Waldo St Se","Dry","13:00:00","[""Unknown"",""Unknown""]","Clear",0,33.73853,-84.366699,"Atlanta","FULTON","[""Motor Vehicle in Motion"",""Motor Vehicle in Motion""]","Improper Backing","[""Motor Vehicle in Motion"",""Motor Vehicle in Motion""]"
0,0,"Atlanta Police Department","2022-10-07","None and Howell Mill Rd Nw","(O) No Injury","Daylight","On Roadway - Non-Intersection","Rear End","Howell Mill Rd Nw","Dry","17:01:00","[""Lap and Shoulder Belt Used"",""Lap and Shoulder Belt Used""]","Clear",0,33.803755,-84.413984,"Atlanta","FULTON","[""Motor Vehicle in Motion"",""Motor Vehicle in Motion""]","Following Too Close","[""Motor Vehicle in Motion"",""Motor Vehicle in Motion""]"
0,0,"Gsp Post 00","2022-10-07","Fair Dr and I-7585 N","(O) No Injury","Daylight","On Roadway - Non-Intersection","Sideswipe-Same Direction","I-7585 N","Dry","16:04:00","[""Lap and Shoulder Belt Used"",""Lap and Shoulder Belt Used""]","Clear",0,33.72964,-84.392592,"Atlanta","FULTON","[""Motor Vehicle in Motion"",""Motor Vehicle in Motion""]","Changed Lanes Improperly","[""Motor Vehicle in Motion"",""Motor Vehicle in Motion""]"
0,0,"Atlanta Police Department","2022-10-07","Paschal Blvd Sw and Martin Luther King Jr Dr Nw","(O) No Injury","Daylight","On Roadway - Non-Intersection","Rear End","Paschal Blvd Sw","Dry","14:15:00","[""Lap and Shoulder Belt Used"",""Lap and Shoulder Belt Used""]","Clear",0,33.754713,-84.414281,"Atlanta","FULTON","[""Motor Vehicle in Motion"",""Motor Vehicle in Motion""]",,"[""Motor Vehicle in Motion"",""Motor Vehicle in Motion""]"
0,0,"Atlanta Police Department","2022-10-07","Chappell Rd Nw and Donald Lee Hollowell Pkwy Nw","(O) No Injury","Daylight","On Roadway - Driveway Intersection","Angle Crash","Donald Lee Hollowell Pkwy Nw","Dry","16:30:00","[""Lap and Shoulder Belt Used"",""Lap and Shoulder Belt Used""]","Clear",0,33.771379,-84.433433,"Atlanta","FULTON","[""Motor Vehicle in Motion"",""Motor Vehicle in Motion""]",,"[""Motor Vehicle in Motion"",""Motor Vehicle in Motion""]"
0,0,"Gsp Post 00","2022-10-07","I-7585 S and 16Th Street","(O) No Injury","Daylight","On Roadway - Non-Intersection","Sideswipe-Same Direction","I-7585 S","Dry","11:31:00","[""Unknown"",""Lap and Shoulder Belt Used""]","Clear",0,33.789892,-84.391636,"Atlanta","FULTON","[""Motor Vehicle in Motion"",""Motor Vehicle in Motion""]","[""Changed Lanes Improperly"",""Driver Lost Control""]","[""Motor Vehicle in Motion"",""Motor Vehicle in Motion""]"
0,0,"Atlanta Police Department","2022-10-07","None and N Grand Ave Nw","(C) Possible Injury / Complaint","Daylight","On Roadway - Non-Intersection","Angle Crash","N Grand Ave Nw","Dry","12:20:00","[""Unknown"",""Unknown""]","Clear",0,33.77916,-84.462277,"Atlanta","FULTON","[""Motor Vehicle in Motion"",""Motor Vehicle in Motion""]","Following Too Close","[""Motor Vehicle in Motion"",""Motor Vehicle in Motion""]"
0,0,"Atlanta Police Department","2022-10-07","Langford Pkwy and Greenbriar Pkwy Sw","(C) Possible Injury / Complaint","Daylight","On Roadway - Roadway Intersection","Angle Crash","Langford Pkwy","Dry","13:56:00","[""Unknown"",""Unknown""]","Clear",0,33.691502,-84.489612,"Atlanta","FULTON","[""Motor Vehicle in Motion"",""Motor Vehicle in Motion""]","Failure to Yield","[""Motor Vehicle in Motion"",""Motor Vehicle in Motion""]"
0,0,"Atlanta Police Department","2022-10-07","None and I-75","(O) No Injury","Dark-Lighted","On Roadway - Non-Intersection","Sideswipe-Same Direction","I-75","Dry","21:40:00","[""Lap and Shoulder Belt Used"",""Lap and Shoulder Belt Used""]","Clear",0,33.764786,-84.38444,"Atlanta","FULTON","[""Motor Vehicle in Motion"",""Motor Vehicle in Motion""]",,"[""Motor Vehicle in Motion"",""Motor Vehicle in Motion""]"
0,0,"Atlanta Police Department","2022-10-07","Boulevard Se and Mcdonough Blvd Se","(C) Possible Injury / Complaint","Daylight","On Roadway - Non-Intersection","Angle Crash","Mcdonough Blvd Se","Dry","12:00:00","[""Lap and Shoulder Belt Used"",""Lap and Shoulder Belt Used"",""Lap and Shoulder Belt Used"",""Lap and Shoulder Belt Used""]","Clear",0,33.713846,-84.36888,"Atlanta","FULTON","[""Motor Vehicle in Motion"",""Motor Vehicle in Motion""]",,"[""Motor Vehicle in Motion"",""Motor Vehicle in Motion""]"
0,0,"Atlanta Police Department","2022-10-07","Boulevard Ne and Edgewood Ave Se","(O) No Injury","Dark-Lighted","On Roadway - Driveway Intersection","Angle Crash","Boulevard Ne","Dry","19:00:00","[""Lap and Shoulder Belt Used"",""Motorcycle Helmet""]","Clear",0,33.754672,-84.372146,"Atlanta","FULTON","[""Motor Vehicle in Motion"",""Motor Vehicle in Motion""]","Failure to Yield","[""Motor Vehicle in Motion"",""Motor Vehicle in Motion""]"
0,0,"Gsp Post 00","2022-10-07","I-75/85 and I-7585 N Exit Ramp To Pine St","(O) No Injury","Dark-Not Lighted","Entrance/Exit Ramp","Not a Collision with Motor Vehicle","I-7585 N Exit Ramp To Pine St","Dry","18:48:00","Lap and Shoulder Belt Used","Clear",0,33.767178,-84.386573,"Atlanta","FULTON","Guard Rail Face","[""Too Fast for Conditions"",""Driver Lost Control"",""Reaction to Object or Animal""]","Guard Rail Fence"
0,0,"Atlanta Police Department","2022-10-07","Mclendon Ave Ne and Lake Claire Ct Ne","(O) No Injury","Daylight","On Roadway - Roundabout","Rear End","Mclendon Ave Ne","Dry","16:00:00","[""Lap and Shoulder Belt Used"",""Lap and Shoulder Belt Used""]","Clear",0,33.764428,-84.322164,"Atlanta","DEKALB","[""Motor Vehicle in Motion"",""Motor Vehicle in Motion""]","Improper Backing","[""Motor Vehicle in Motion"",""Motor Vehicle in Motion""]"
0,0,"Atlanta Police Department","2022-10-07","Marietta St Nw and Edgewood Ave Se","(O) No Injury","Dark-Lighted","On Roadway - Non-Intersection","Sideswipe-Same Direction","Marietta St Nw","Dry","23:33:00","[""Unknown"",""Unknown""]","Clear",0,33.754628,-84.390152,"Atlanta","FULTON","[""Motor Vehicle in Motion"",""Motor Vehicle in Motion""]",,"[""Motor Vehicle in Motion"",""Motor Vehicle in Motion""]"
0,0,"Gsp Post 00","2022-10-07","I-20 and I-285 S","(O) No Injury","Daylight","On Roadway - Non-Intersection","Rear End","I-285 S","Dry","14:00:00","[""Lap and Shoulder Belt Used"",""Lap and Shoulder Belt Used"",""Lap and Shoulder Belt Used"",""Lap and Shoulder Belt Used""]","Clear",0,33.775269,-84.496312,"Atlanta","FULTON","[""Motor Vehicle in Motion"",""Motor Vehicle in Motion""]","Following Too Close","[""Motor Vehicle in Motion"",""Motor Vehicle in Motion""]"
0,0,"Atlanta Police Department","2022-10-07","Peachtree Rd Ne and Colonial Homes Dr Nw","(O) No Injury","Daylight","On Roadway - Roadway Intersection","Angle Crash","Colonial Homes Dr Nw","Dry","16:00:00","[""Lap and Shoulder Belt Used"",""Lap and Shoulder Belt Used""]","Clear",0,33.813714,-84.392291,"Atlanta","FULTON","[""Motor Vehicle in Motion"",""Motor Vehicle in Motion""]","Failure to Yield","[""Motor Vehicle in Motion"",""Motor Vehicle in Motion""]"
0,0,"Gsp Post 00","2022-10-07","I-7585 Conn N and Decature St Overpass","(C) Possible Injury / Complaint","Daylight","On Roadway - Non-Intersection","Rear End","I-7585 Conn N","Dry","07:25:00","[""Lap and Shoulder Belt Used"",""Lap and Shoulder Belt Used""]","Clear",0,33.749326,-84.382673,"Atlanta","FULTON","[""Motor Vehicle in Motion"",""Motor Vehicle in Motion""]","Following Too Close","[""Motor Vehicle in Motion"",""Motor Vehicle in Motion""]"
0,0,"Atlanta Police Department","2022-10-07","None and I-285","(O) No Injury","Daylight","On Roadway - Non-Intersection","Angle Crash","I-285","Dry","16:35:00","[""Unknown"",""Unknown""]","Clear",0,33.651937,-84.368081,"Atlanta","FULTON","[""Motor Vehicle in Motion"",""Motor Vehicle in Motion""]","Changed Lanes Improperly","[""Motor Vehicle in Motion"",""Motor Vehicle in Motion""]"
0,0,"Atlanta Police Department","2022-10-07","14Th St Nw and Techwood Dr Nw","(O) No Injury","Dark-Lighted","On Roadway - Non-Intersection","Angle Crash","14Th St Nw","Dry","23:52:00","[""Lap and Shoulder Belt Used"",""Lap and Shoulder Belt Used""]","Cloudy",0,33.786704,-84.391916,"Atlanta","FULTON","[""Motor Vehicle in Motion"",""Motor Vehicle in Motion""]","Changed Lanes Improperly","[""Motor Vehicle in Motion"",""Motor Vehicle in Motion""]"
0,0,"Atlanta Police Department","2022-10-07","Collier Dr Nw and Valley Heart Dr Nw","(C) Possible Injury / Complaint","Dark-Lighted","On Roadway - Non-Intersection","Angle Crash","Collier Dr Nw","Dry","23:30:00","[""Unknown"",""Lap and Shoulder Belt Used"",""Lap and Shoulder Belt Used""]","Clear",0,33.764248,-84.48257,"Atlanta","FULTON","[""Motor Vehicle in Motion"",""Motor Vehicle in Motion""]","[""Reckless Driving"",""Changed Lanes Improperly"",""Exceeding Speed Limit"",""Aggressive Driving""]","[""Motor Vehicle in Motion"",""Motor Vehicle in Motion""]"
0,0,"Gsp Post 00","2022-10-07","17Th Street and Interstate 85 South","(O) No Injury","Daylight","On Roadway - Non-Intersection","Rear End","Interstate 85 South","Dry","08:40:00","[""Lap and Shoulder Belt Used"",""Lap and Shoulder Belt Used"",""Lap and Shoulder Belt Used"",""Lap and Shoulder Belt Used""]","Clear",0,33.794921,-84.393461,"Atlanta","FULTON","[""Motor Vehicle in Motion"",""Motor Vehicle in Motion""]","Following Too Close","[""Motor Vehicle in Motion"",""Motor Vehicle in Motion""]"
1,0,"Atlanta Police Department","2022-10-07","Monroe Dr Ne and Virginia Ave Ne","(A) Suspected Serious Injury","Daylight","On Roadway - In Crosswalk","Not a Collision with Motor Vehicle","Monroe Dr Ne","Dry","17:31:00","Lap and Shoulder Belt Used","Clear",0,33.780615,-84.369042,"Atlanta","FULTON","[""Motor Vehicle in Motion"",""Pedestrian""]","Disregard Stop Sign/Signal","Motor Vehicle in Motion"
0,0,"Atlanta Police Department","2022-10-07","Nelson St Sw and Elliott St Sw","(O) No Injury","Daylight","On Roadway - Non-Intersection","Angle Crash","Nelson St Sw","Dry","18:30:00","[""Unknown"",""Unknown""]","Clear",0,33.751746,-84.398052,"Atlanta","FULTON","[""Parked Motor Vehicle"",""Parked Motor Vehicle""]","Misjudged Clearance","[""Motor Vehicle in Motion"",""Motor Vehicle in Motion""]"
0,0,"Atlanta Police Department","2022-10-07","None and Exit 52A Rp","(O) No Injury","Dark-Lighted","Entrance/Exit Ramp","Sideswipe-Same Direction","Exit 52A Rp","Dry","19:55:00","[""Unknown"",""Unknown"",""Unknown""]","Clear",0,33.75886,-84.469535,"Atlanta","FULTON","[""Motor Vehicle in Motion"",""Motor Vehicle in Motion""]","Failure to Yield","[""Motor Vehicle in Motion"",""Motor Vehicle in Motion""]"
0,0,"Gsp Post 00","2022-10-07","I-7585 N and Peachtree Street","(O) No Injury","Daylight","On Roadway - Non-Intersection","Sideswipe-Same Direction","I-7585 N","Dry","18:02:00","[""Unknown"",""Lap and Shoulder Belt Used"",""Lap and Shoulder Belt Used""]","Clear",0,33.765427,-84.38525,"Atlanta","FULTON","[""Motor Vehicle in Motion"",""Motor Vehicle in Motion"",""Motor Vehicle in Motion""]","Changed Lanes Improperly","[""Motor Vehicle in Motion"",""Motor Vehicle in Motion"",""Motor Vehicle in Motion""]"
0,0,"Atlanta Police Department","2022-10-07","14Th St Nw and Northside Dr Nw","(O) No Injury","Dark-Lighted","On Roadway - Managed Lane (HOV, HOT, Reversible)","Angle Crash","Northside Dr Nw","Dry","23:05:00","[""Lap and Shoulder Belt Used"",""Lap and Shoulder Belt Used""]","Clear",0,33.785602,-84.40745,"Atlanta","FULTON","[""Motor Vehicle in Motion"",""Motor Vehicle in Motion""]","Improper Turn","[""Motor Vehicle in Motion"",""Motor Vehicle in Motion""]"
0,0,"Atlanta Police Department","2022-10-07","I-20 and Exit 246","(O) No Injury","Dark-Lighted","On Roadway - Non-Intersection","Angle Crash","I-20","Dry","23:40:00","Unknown","Clear",0,33.745222,-84.390239,"Atlanta","FULTON","[""Motor Vehicle in Motion"",""Motor Vehicle in Motion""]","Changed Lanes Improperly","Motor Vehicle in Motion"
0,0,"Gsp Post 00","2022-10-07","Maynard Terrace and I-20 Wb Entrance Ramp","(O) No Injury","Daylight","On Roadway - Non-Intersection","Rear End","I-20 Wb Entrance Ramp","Dry","18:30:00","[""Lap and Shoulder Belt Used"",""Lap and Shoulder Belt Used""]","Clear",0,33.745347,-84.336284,"Atlanta","DEKALB","[""Motor Vehicle in Motion"",""Motor Vehicle in Motion""]","Following Too Close","[""Motor Vehicle in Motion"",""Motor Vehicle in Motion""]"
0,0,"Gsp Post 00","2022-10-07","None and Ramp From Springs St To I-758","(O) No Injury","Daylight","Entrance/Exit Ramp","Rear End","Ramp From Springs St To I-758","Dry","17:44:00","[""Unknown"",""Lap and Shoulder Belt Used""]","Clear",0,33.770725,-84.389875,"Atlanta","FULTON","[""Motor Vehicle in Motion"",""Motor Vehicle in Motion""]","Following Too Close","[""Motor Vehicle in Motion"",""Motor Vehicle in Motion""]"
0,0,"Atlanta Police Department","2022-10-07","Piedmont Rd Ne and Peachtree Rd Ne","(O) No Injury","Daylight","On Roadway - Driveway Intersection","Angle Crash","Piedmont Rd Ne","Dry","13:40:00","[""Lap and Shoulder Belt Used"",""Lap and Shoulder Belt Used"",""Lap and Shoulder Belt Used"",""Lap and Shoulder Belt Used"",""Lap and Shoulder Belt Used""]","Clear",0,33.843738,-84.37135,"Atlanta","FULTON","[""Motor Vehicle in Motion"",""Motor Vehicle in Motion""]","Failure to Yield","[""Motor Vehicle in Motion"",""Motor Vehicle in Motion""]"
0,0,"Atlanta Police Department","2022-10-07","Warren St Se and Hosea L Williams Dr Ne","(O) No Injury","Daylight","On Roadway - Driveway Intersection","Sideswipe-Same Direction","Hosea L Williams Dr Ne","Dry","14:35:00","Unknown","Clear",0,33.753341,-84.326188,"Atlanta","DEKALB","[""Motor Vehicle in Motion"",""Motor Vehicle in Motion""]","Misjudged Clearance","[""Motor Vehicle in Motion"",""Motor Vehicle in Motion""]"
0,0,"Gsp Post 00","2022-10-07","Ga 166 Overpass and I-7585 Southbound","(C) Possible Injury / Complaint","Daylight","On Roadway - Non-Intersection","Rear End","I-7585 Southbound","Dry","16:42:00","[""Lap and Shoulder Belt Used"",""Lap and Shoulder Belt Used"",""Lap and Shoulder Belt Used"",""Lap and Shoulder Belt Used"",""Lap and Shoulder Belt Used"",""Lap and Shoulder Belt Used"",""Lap and Shoulder Belt Used"",""Lap and Shoulder Belt Used"",""Lap and Shoulder Belt Used"",""Lap and Shoulder Belt Used""]","Clear",0,33.698517,-84.404722,"Atlanta","FULTON","[""Motor Vehicle in Motion"",""Motor Vehicle in Motion"",""Motor Vehicle in Motion"",""Motor Vehicle in Motion""]","Following Too Close","[""Motor Vehicle in Motion"",""Motor Vehicle in Motion"",""Motor Vehicle in Motion"",""Motor Vehicle in Motion""]"
0,0,"Atlanta Police Department","2022-10-07","Northside Dr Nw and Northside Pkwy Nw","(O) No Injury","Daylight","On Roadway - Non-Intersection","Angle Crash","Northside Dr Nw","Dry","09:58:00","[""Lap and Shoulder Belt Used"",""Lap and Shoulder Belt Used""]","Clear",0,33.838537,-84.408162,"Atlanta","FULTON","[""Motor Vehicle in Motion"",""Motor Vehicle in Motion""]","Failure to Yield","[""Motor Vehicle in Motion"",""Motor Vehicle in Motion""]"
0,0,"Atlanta Police Department","2022-10-07","I-75 S and Northside Dr Nw","(O) No Injury","Dark-Lighted","On Roadway - Roadway Intersection","Rear End","Northside Dr Nw","Dry","23:50:00","[""Unknown"",""Lap and Shoulder Belt Used""]","Clear",0,33.802539,-84.40786,"Atlanta","FULTON","[""Motor Vehicle in Motion"",""Motor Vehicle in Motion""]","Following Too Close","[""Motor Vehicle in Motion"",""Motor Vehicle in Motion""]"
0,0,"Atlanta Police Department","2022-10-07","26Th St Nw and Peachtree St Ne","(O) No Injury","Daylight","On Roadway - Non-Intersection","Rear End","Peachtree St Ne","Dry","17:29:00","[""Shoulder Belt Only Used"",""Shoulder Belt Only Used"",""Shoulder Belt Only Used""]","Clear",0,33.802772,-84.39292,"Atlanta","FULTON","[""Motor Vehicle in Motion"",""Motor Vehicle in Motion""]","Following Too Close","[""Motor Vehicle in Motion"",""Motor Vehicle in Motion""]"
0,0,"Atlanta Police Department","2022-10-07","Spring St Nw and North Ave Nw","(C) Possible Injury / Complaint","Dark-Lighted","On Roadway - Roadway Intersection","Rear End","North Ave Nw","Dry","23:30:00","[""Unknown"",""Lap and Shoulder Belt Used""]","Clear",0,33.771239,-84.38864,"Atlanta","FULTON","[""Motor Vehicle in Motion"",""Motor Vehicle in Motion""]","Following Too Close","[""Motor Vehicle in Motion"",""Motor Vehicle in Motion""]"