"# Serious Injuries","# Visible Injuries","Agency Name (Crash Level) ","Date","Intersection Name (from Crash Report)","KABCO Severity","Light Conditions (Crash Level)","Location at Impact (Crash Level) ","Manner of Collision (Crash Level) ","Roadway (From Crash Report)","Surface Condition (Crash Level) ","Time","Safety Equipment (Crash Level) ","Weather Conditions (Crash Level)","# of Fatalities per Crash","Latitude","Longitude","Geolocated City","Geolocated County","First Harmful Event (Unit Order)","Operator/Pedestrian Contrib Factor (excl None, Other, No Contrib Factors)","Most Harmful Event (Crash Level)"
0,0,"Atlanta Police Department","2022-10-14","Piedmont Rd Ne and Habersham Rd Ne","(O) No Injury","Dark-Lighted","On Roadway - Driveway Intersection","Rear End","Piedmont Rd Ne","Dry","23:00:00","[""Unknown"",""Unknown"",""Unknown"",""Unknown"",""Unknown""]","Clear",0,33.853271,-84.381527,"Atlanta","FULTON","[""Motor Vehicle in Motion"",""Motor Vehicle in Motion"",""Motor Vehicle in Motion""]","Improper Turn","[""Motor Vehicle in Motion"",""Motor Vehicle in Motion""]"
0,0,"Atlanta Police Department","2022-10-14","None and Cascade Ave Sw","(C) Possible Injury / Complaint","Daylight","On Roadway - Non-Intersection","Rear End","Cascade Ave Sw","Dry","09:20:00","[""Lap and Shoulder Belt Used"",""Lap and Shoulder Belt Used""]","Clear",0,33.724602,-84.448193,"Atlanta","FULTON","[""Motor Vehicle in Motion"",""Motor Vehicle in Motion""]","Following Too Close","[""Motor Vehicle in Motion"",""Motor Vehicle in Motion""]"
0,0,"Atlanta Police Department","2022-10-14","None and I-75","(C) Possible Injury / Complaint","Dark-Lighted","On Roadway - Non-Intersection","Sideswipe-Same Direction","I-75","Dry","22:00:00","[""Lap and Shoulder Belt Used"",""Lap and Shoulder Belt Used""]","Clear",0,33.755346,-84.378238,"Atlanta","FULTON","[""Motor Vehicle in Motion"",""Motor Vehicle in Motion""]","Not Visible (Object, Person, or Vehicle)","[""Motor Vehicle in Motion"",""Motor Vehicle in Motion""]"
0,0,"Atlanta Police Department","2022-10-14","Marietta St Nw and Northside Dr Nw","(O) No Injury","Daylight","On Roadway - Roadway Intersection","Angle Crash","Marietta St Nw","Dry","06:30:00","[""Lap and Shoulder Belt Used"",""Lap and Shoulder Belt Used""]","Clear",0,33.775857,-84.407012,"Atlanta","FULTON","[""Motor Vehicle in Motion"",""Motor Vehicle in Motion""]","Failure to Yield","[""Motor Vehicle in Motion"",""Motor Vehicle in Motion""]"
0,0,"Gsp Post 00","2022-10-14","I-20 East and Moreland Ave","(O) No Injury","Daylight","On Roadway - Non-Intersection","Rear End","I-20 East","Dry","17:46:00","[""Lap and Shoulder Belt Used"",""Lap and Shoulder Belt Used"",""Child Restraint System (Properly Used)""]","Clear",0,33.744972,-84.351344,"Atlanta","FULTON","[""Motor Vehicle in Motion"",""Motor Vehicle in Motion""]","Following Too Close","[""Motor Vehicle in Motion"",""Motor Vehicle in Motion""]"
0,0,"Atlanta Police Department","2022-10-14","Lee St Sw and Sylvan Rd Sw","(C) Possible Injury / Complaint","Daylight","On Roadway - Roadway Intersection","Angle Crash","Lee St Sw","Dry","17:37:00","[""Unknown"",""Unknown""]","Clear",0,33.72653,-84.418247,"Atlanta","FULTON","[""Motor Vehicle in Motion"",""Motor Vehicle in Motion""]",,"[""Motor Vehicle in Motion"",""Motor Vehicle in Motion""]"
0,0,"Atlanta Police Department","2022-10-15","W Peachtree St Nw and W Peachtree St Ne","(O) No Injury","Daylight","On Roadway - Roadway Intersection","Sideswipe-Same Direction","W Peachtree St Ne","Dry","10:15:00","[""Unknown"",""Unknown"",""Unknown""]","Clear",0,33.786551,-84.387809,"Atlanta","FULTON","[""Motor Vehicle in Motion"",""Motor Vehicle in Motion""]","Improper Turn","[""Motor Vehicle in Motion"",""Motor Vehicle in Motion""]"
0,0,"Atlanta Police Department","2022-10-15","None and I-75 Exit 249C Rp","(C) Possible Injury / Complaint","Dark-Lighted","On Roadway - Non-Intersection","Angle Crash","I-75 Exit 249C Rp","Dry","01:44:00","[""None Used"",""None Used"",""None Used""]","Clear",0,33.769365,-84.390572,"Atlanta","FULTON","[""Motor Vehicle in Motion"",""Motor Vehicle in Motion""]","Changed Lanes Improperly","[""Motor Vehicle in Motion"",""Motor Vehicle in Motion""]"
0,0,"Atlanta Police Department","2022-10-15","Sylvan Rd Sw and Perkerson Rd Sw","(O) No Injury","Dark-Lighted","Off Roadway - Sidewalk","Not a Collision with Motor Vehicle","Sylvan Rd Sw","Dry","03:19:00","Unknown","Clear",0,33.700888,-84.418089,"Atlanta","FULTON","Motor Vehicle in Motion","Vision Obscured","Motor Vehicle in Motion"
0,0,"Atlanta Police Department","2022-10-15","7Th St Ne and Peachtree St Ne","(O) No Injury","Daylight","On Roadway - Roadway Intersection","Angle Crash","Peachtree St Ne","Dry","15:30:00","[""Unknown"",""Unknown""]","Clear",0,33.77853,-84.384306,"Atlanta","FULTON","[""Motor Vehicle in Motion"",""Motor Vehicle in Motion""]","Failure to Yield","[""Motor Vehicle in Motion"",""Motor Vehicle in Motion""]"
0,0,"Atlanta Police Department","2022-10-15","Cummings Dr Sw and Westridge Rd Sw","(C) Possible Injury / Complaint","Daylight","On Roadway - Roadway Intersection","Angle Crash","Cummings Dr Sw","Dry","12:15:00","[""Lap and Shoulder Belt Used"",""Lap and Shoulder Belt Used"",""Lap and Shoulder Belt Used""]","Clear",0,33.717218,-84.447337,"Atlanta","FULTON","[""Motor Vehicle in Motion"",""Motor Vehicle in Motion""]","Misjudged Clearance","[""Motor Vehicle in Motion"",""Motor Vehicle in Motion""]"
0,0,"Atlanta Police Department","2022-10-15","Beck St Nw and Howell Mill Rd Nw","(O) No Injury","Daylight","On Roadway - Roadway Intersection","Angle Crash","Howell Mill Rd Nw","Dry","08:00:00","[""Lap and Shoulder Belt Used"",""Lap and Shoulder Belt Used""]","Clear",0,33.806988,-84.41279,"Atlanta","FULTON","[""Motor Vehicle in Motion"",""Motor Vehicle in Motion""]","Failure to Yield","[""Motor Vehicle in Motion"",""Motor Vehicle in Motion""]"
0,0,"Atlanta Police Department","2022-10-15","I-20 and Martin Luther King Jr Dr Sw","(O) No Injury","Dark-Not Lighted","On Roadway - Roadway Intersection","Sideswipe-Same Direction","I-20","Dry","01:15:00","[""Unknown"",""Unknown""]","Clear",0,33.765374,-84.510465,"Atlanta","FULTON","[""Motor Vehicle in Motion"",""Parked Motor Vehicle""]","Changed Lanes Improperly","[""Motor Vehicle in Motion"",""Parked Motor Vehicle""]"
0,1,"Atlanta Police Department","2022-10-15","Stone Rd Sw and Fairburn Rd Sw","(B) Suspected Minor/Visible Injury","Dark-Not Lighted","On Roadway - Non-Intersection","Angle Crash","Fairburn Rd Sw","Dry","20:10:00","[""Lap and Shoulder Belt Used"",""Lap and Shoulder Belt Used""]","Clear",0,33.688278,-84.511599,"Atlanta","FULTON","[""Motor Vehicle in Motion"",""Motor Vehicle in Motion""]","[""Improper Passing"",""No Signal/Improper Signal""]","[""Motor Vehicle in Motion"",""Motor Vehicle in Motion""]"
0,0,"Atlanta Police Department","2022-10-15","I-75 N and Fulton St Sw","(O) No Injury","Daylight","On Roadway - Non-Intersection","Sideswipe-Same Direction","Fulton St Sw","Dry","15:43:00","[""Unknown"",""Unknown""]","Clear",0,33.741947,-84.391507,"Atlanta","FULTON","[""Motor Vehicle in Motion"",""Motor Vehicle in Motion""]","Changed Lanes Improperly","[""Motor Vehicle in Motion"",""Motor Vehicle in Motion""]"
0,0,"Atlanta Police Department","2022-10-15","Buchanan St Nw and Bellemeade Ave Nw","(O) No Injury","Daylight","On Roadway - Roadway Intersection","Angle","Bellemeade Ave Nw","Dry","16:00:00","[""Unknown"",""Unknown"",""Unknown""]","Clear",0,33.800387,-84.413134,"Atlanta","FULTON","[""Motor Vehicle in Motion"",""Motor Vehicle in Motion""]",,"[""Motor Vehicle in Motion"",""Motor Vehicle in Motion""]"
0,0,"Atlanta Police Department","2022-10-15","I-85 and I-75 S","(C) Possible Injury / Complaint","Daylight","On Roadway - Non-Intersection","Angle Crash","I-85","Dry","17:50:00","[""Unknown"",""Unknown""]","Clear",0,33.693309,-84.402982,"Atlanta","FULTON","[""Motor Vehicle in Motion"",""Motor Vehicle in Motion""]","Changed Lanes Improperly","[""Motor Vehicle in Motion"",""Motor Vehicle in Motion""]"
0,0,"Atlanta Police Department","2022-10-15","None and I-85","(O) No Injury","Dark-Lighted","On Roadway - Non-Intersection","Rear End","I-85","Dry","19:30:00","[""Unknown"",""Unknown"",""Unknown""]","Clear",0,33.800824,-84.389535,"Atlanta","FULTON","[""Motor Vehicle in Motion"",""Motor Vehicle in Motion""]","Following Too Close","[""Motor Vehicle in Motion"",""Motor Vehicle in Motion""]"
0,0,"Atlanta Police Department","2022-10-15","Peachtree St Sw and Brotherton St Sw","(O) No Injury","Daylight","On Roadway - Roadway Intersection","Sideswipe-Same Direction","Peachtree St Sw","Dry","09:00:00","[""Lap and Shoulder Belt Used"",""Lap and Shoulder Belt Used""]","Clear",0,33.747719,-84.395568,"Atlanta","FULTON","[""Motor Vehicle in Motion"",""Motor Vehicle in Motion""]","[""Changed Lanes Improperly"",""Changed Lanes Improperly""]","[""Motor Vehicle in Motion"",""Motor Vehicle in Motion""]"
0,1,"Atlanta Police Department","2022-10-15","North Ave Nw and W Peachtree St Nw","(B) Suspected Minor/Visible Injury","Daylight","On Roadway - Roadway Intersection","Not a Collision with Motor Vehicle","North Ave Nw","Dry","17:00:00","[""Lap and Shoulder Belt Used"",""Unknown""]","Clear",0,33.771235,-84.387421,"Atlanta","FULTON","[""Motor Vehicle in Motion"",""Motor Vehicle in Motion""]","Misjudged Clearance","[""Motor Vehicle in Motion"",""Motor Vehicle in Motion""]"
0,0,"Atlanta Police Department","2022-10-15","Flat Shoals Rd Se and Fayetteville Rd Se","(O) No Injury","Daylight","On Roadway - Non-Intersection","Sideswipe-Same Direction","Flat Shoals Rd Se","Dry","17:07:00","[""Unknown"",""Unknown""]","Clear",0,33.726102,-84.322843,"Atlanta","DEKALB","[""Motor Vehicle in Motion"",""Motor Vehicle in Motion""]","Changed Lanes Improperly","[""Motor Vehicle in Motion"",""Motor Vehicle in Motion""]"
0,0,"Atlanta Police Department","2022-10-15","Maxwell Dr Sw and Langford Pkwy","(O) No Injury","Daylight","On Roadway - Non-Intersection","Sideswipe-Same Direction","Langford Pkwy","Dry","16:21:00","[""Unknown"",""Unknown""]","Clear",0,33.697361,-84.483201,"Atlanta","FULTON","[""Motor Vehicle in Motion"",""Motor Vehicle in Motion""]",,"[""Motor Vehicle in Motion"",""Motor Vehicle in Motion""]"
0,0,"Atlanta Police Department","2022-10-15","Irby Ave Nw and Roswell Rd Ne","(O) No Injury","Dark-Lighted","On Roadway - Non-Intersection","Sideswipe-Same Direction","Roswell Rd Ne","Dry","01:30:00","Lap and Shoulder Belt Used","Clear",0,33.842059,-84.378894,"Atlanta","FULTON","[""Motor Vehicle in Motion"",""Parked Motor Vehicle""]",,"[""Motor Vehicle in Motion"",""Parked Motor Vehicle""]"
0,1,"Atlanta Police Department","2022-10-15","Stovall Blvd Ne and Peachtree Dunwoody Rd Ne","(B) Suspected Minor/Visible Injury","Daylight","On Roadway - Roadway Intersection","Angle Crash","Stovall Blvd Ne","Dry","13:00:00","[""Unknown"",""Unknown""]","Clear",0,33.862074,-84.357953,"Atlanta","FULTON","[""Motor Vehicle in Motion"",""Motor Vehicle in Motion""]","Failure to Yield","[""Motor Vehicle in Motion"",""Motor Vehicle in Motion""]"
0,0,"Atlanta Police Department","2022-10-15","I-285 Sb and Donald Lee Hollowell Pkwy Nw","(O) No Injury","Daylight","On Roadway - Non-Intersection","Rear End","I-285 Sb","Dry","16:11:00","[""Lap and Shoulder Belt Used"",""Lap and Shoulder Belt Used"",""Lap and Shoulder Belt Used""]","Clear",0,33.787171,-84.492946,"Atlanta","FULTON","[""Motor Vehicle in Motion"",""Motor Vehicle in Motion""]","Following Too Close","[""Motor Vehicle in Motion"",""Motor Vehicle in Motion""]"
0,0,"Atlanta Police Department","2022-10-15","Moreland Ave Se and Mcpherson Ave Se","(O) No Injury","Daylight","On Roadway - Non-Intersection","Sideswipe-Same Direction","Moreland Ave Se","Dry","13:20:00","[""Lap and Shoulder Belt Used"",""Lap and Shoulder Belt Used"",""Lap and Shoulder Belt Used""]","Clear",0,33.743346,-84.349235,"Atlanta","FULTON","[""Motor Vehicle in Motion"",""Motor Vehicle in Motion""]","Misjudged Clearance","[""Motor Vehicle in Motion"",""Motor Vehicle in Motion""]"
0,0,"Atlanta Police Department","2022-10-15","None and Exit 246 Rp","(O) No Injury","Daylight","On Roadway - Non-Intersection","Sideswipe-Same Direction","Exit 246 Rp","Dry","13:30:00","[""Lap and Shoulder Belt Used"",""Lap and Shoulder Belt Used""]","Clear",0,33.745396,-84.38998,"Atlanta","FULTON","[""Motor Vehicle in Motion"",""Motor Vehicle in Motion""]","Changed Lanes Improperly","[""Motor Vehicle in Motion"",""Motor Vehicle in Motion""]"
0,0,"Atlanta Police Department","2022-10-15","Lambert St Nw and Northside Dr Nw","(C) Possible Injury / Complaint","Daylight","On Roadway - Roadway Intersection","Rear End","Lambert St Nw","Dry","09:30:00","[""Lap and Shoulder Belt Used"",""Lap and Shoulder Belt Used""]","Clear",0,33.77045,-84.404715,"Atlanta","FULTON","[""Motor Vehicle in Motion"",""Parked Motor Vehicle""]","Following Too Close","[""Motor Vehicle in Motion"",""Parked Motor Vehicle""]"
0,0,"Atlanta Police Department","2022-10-15","None and I-20","(C) Possible Injury / Complaint","Dark-Lighted","On Roadway - Managed Lane (HOV, HOT, Reversible)","Rear End","I-20","Dry","22:28:00","[""Unknown"",""Unknown""]","Clear",0,33.743308,-84.362636,"Atlanta","FULTON","[""Motor Vehicle in Motion"",""Motor Vehicle in Motion""]","Following Too Close","[""Motor Vehicle in Motion"",""Motor Vehicle in Motion""]"
0,0,"Atlanta Police Department","2022-10-15","Pharr Rd Ne and N Fulton Dr Ne","(C) Possible Injury / Complaint","Daylight","On Roadway - Non-Intersection","Not a Collision with Motor Vehicle","Pharr Rd Ne","Dry","19:41:00","[""Unknown"",""None Used""]","Clear",0,33.837048,-84.37846,"Atlanta","FULTON","[""Pedal-Cycle"",""Motor Vehicle in Motion""]",,"Pedestrian"
0,0,"Atlanta Police Department","2022-10-15","None and I-85","(O) No Injury","Dark-Lighted","On Roadway - Non-Intersection","Rear End","I-85","Dry","19:30:00","[""Unknown"",""Unknown"",""Unknown"",""Unknown""]","Clear",0,33.797429,-84.39349,"Atlanta","FULTON","[""Motor Vehicle in Motion"",""Motor Vehicle in Motion""]","Following Too Close","[""Motor Vehicle in Motion"",""Motor Vehicle in Motion""]"
0,0,"Atlanta Police Department","2022-10-15","None and Childress Dr Sw","(O) No Injury","Dawn","On Roadway - Roadway Intersection","Not a Collision with Motor Vehicle","Childress Dr Sw","Dry","07:15:00","Unknown","Clear",0,33.693565,-84.486284,"Atlanta","FULTON","Other Object (Not Fixed)","Driver Lost Control","Other Object (Not Fixed)"
0,0,"Atlanta Police Department","2022-10-15","None and I-75","(O) No Injury","Dark-Lighted","On Roadway - Non-Intersection","Angle Crash","I-75","Dry","22:10:00","[""Lap and Shoulder Belt Used"",""Lap and Shoulder Belt Used"",""Lap and Shoulder Belt Used""]","Clear",0,33.703328,-84.404157,"Atlanta","FULTON","[""Motor Vehicle in Motion"",""Motor Vehicle in Motion"",""Motor Vehicle in Motion""]","Changed Lanes Improperly","[""Motor Vehicle in Motion"",""Motor Vehicle in Motion"",""Motor Vehicle in Motion""]"
0,0,"Atlanta Police Department","2022-10-15","Elm St Nw and Jett St Nw","(O) No Injury","Daylight","Off Roadway","Not a Collision with Motor Vehicle","Jett St Nw","Dry","09:00:00","Lap and Shoulder Belt Used","Clear",0,33.767295,-84.408866,"Atlanta","FULTON","Other - Fixed Object","Misjudged Clearance","Other - Fixed Object"
0,0,"Atlanta Police Department","2022-10-15","Westland Blvd Nw and Martin Luther King Jr Dr Sw","(O) No Injury","Dark-Lighted","On Roadway - Non-Intersection","Angle Crash","Martin Luther King Jr Dr Sw","Dry","23:00:00","[""Unknown"",""Lap and Shoulder Belt Used""]","Clear",0,33.753642,-84.47289,"Atlanta","FULTON","[""Motor Vehicle in Motion"",""Motor Vehicle in Motion""]",,"[""Motor Vehicle in Motion"",""Motor Vehicle in Motion""]"
0,0,"Atlanta Police Department","2022-10-15","None and Moreland Ave Se Exit 60A Rp","(C) Possible Injury / Complaint","Daylight","On Roadway - Roadway Intersection","Rear End","Moreland Ave Se Exit 60A Rp","Dry","18:23:00","[""Unknown"",""Unknown"",""Unknown""]","Clear",0,33.744514,-84.349288,"Atlanta","FULTON","[""Motor Vehicle in Motion"",""Motor Vehicle in Motion""]",,"[""Motor Vehicle in Motion"",""Motor Vehicle in Motion""]"
0,0,"Atlanta Police Department","2022-10-15","I-85 S and Cleveland Ave Sw","(O) No Injury","Daylight","On Roadway - Non-Intersection","Rear End","Cleveland Ave Sw","Dry","09:00:00","[""Lap and Shoulder Belt Used"",""Lap and Shoulder Belt Used""]","Clear",0,33.681319,-84.412083,"Atlanta","FULTON","[""Motor Vehicle in Motion"",""Motor Vehicle in Motion""]","Following Too Close","[""Motor Vehicle in Motion"",""Motor Vehicle in Motion""]"
0,0,"Atlanta Police Department","2022-10-15","None and Peachtree Rd Ne","(C) Possible Injury / Complaint","Dark-Not Lighted","On Roadway - Non-Intersection","Sideswipe-Same Direction","Peachtree Rd Ne","Dry","02:30:00","[""Unknown"",""Lap and Shoulder Belt Used"",""Unknown"",""Unknown"",""Unknown"",""Unknown""]","Clear",0,33.806427,-84.393929,"Atlanta","FULTON","[""Motor Vehicle in Motion"",""Motor Vehicle in Motion""]","Improper Turn","[""Motor Vehicle in Motion"",""Motor Vehicle in Motion""]"
0,0,"Atlanta Police Department","2022-10-15","Fair St Sw and Peters St Sw","(O) No Injury","Dark-Lighted","On Roadway - Non-Intersection","Sideswipe-Same Direction","Peters St Sw","Dry","23:30:00","[""Lap and Shoulder Belt Used"",""Lap and Shoulder Belt Used""]","Clear",0,33.747778,-84.40138,"Atlanta","FULTON","[""Motor Vehicle in Motion"",""Motor Vehicle in Motion""]","Improper Passing","[""Motor Vehicle in Motion"",""Motor Vehicle in Motion""]"
0,0,"Atlanta Police Department","2022-10-15","Liddell Dr Ne and Cheshire Bridge Rd Ne","(O) No Injury","Daylight","On Roadway - Non-Intersection","Sideswipe-Same Direction","Cheshire Bridge Rd Ne","Dry","14:30:00","[""Lap and Shoulder Belt Used"",""Lap and Shoulder Belt Used""]","Clear",0,33.809432,-84.361752,"Atlanta","FULTON","[""Motor Vehicle in Motion"",""Motor Vehicle in Motion""]","Changed Lanes Improperly","[""Motor Vehicle in Motion"",""Motor Vehicle in Motion""]"
0,0,"Atlanta Police Department","2022-10-15","None and I-20","(O) No Injury","Daylight","On Roadway - Managed Lane (HOV, HOT, Reversible)","Sideswipe-Same Direction","I-20","Dry","10:28:00","[""Lap and Shoulder Belt Used"",""Child Restraint System (Properly Used)"",""Child Restraint System (Properly Used)"",""Child Restraint System (Properly Used)"",""Lap and Shoulder Belt Used""]","Clear",0,33.743945,-84.387104,"Atlanta","FULTON","[""Motor Vehicle in Motion"",""Motor Vehicle in Motion""]","[""Misjudged Clearance"",""Misjudged Clearance""]","[""Motor Vehicle in Motion"",""Motor Vehicle in Motion""]"
0,0,"Atlanta Police Department","2022-10-15","Wellesley Dr Nw and Howell Mill Rd Nw","(O) No Injury","Dark-Lighted","On Roadway - Roadway Intersection","Angle Crash","Howell Mill Rd Nw","Dry","22:30:00","[""Unknown"",""Lap and Shoulder Belt Used""]","Clear",0,33.819896,-84.416731,"Atlanta","FULTON","[""Motor Vehicle in Motion"",""Motor Vehicle in Motion""]","Reckless Driving","[""Motor Vehicle in Motion"",""Motor Vehicle in Motion""]"
0,0,"Atlanta Police Department","2022-10-15","Park Ave Se and Woodward Ave Se","(O) No Injury","Daylight","On Roadway - Non-Intersection","Sideswipe-Same Direction","Woodward Ave Se","Dry","11:40:00","Lap and Shoulder Belt Used","Clear",0,33.745481,-84.369103,"Atlanta","FULTON","[""Motor Vehicle in Motion"",""Motor Vehicle in Motion""]",,"[""Motor Vehicle in Motion"",""Motor Vehicle in Motion""]"
0,0,"Atlanta Police Department","2022-10-15","None and I-20","(O) No Injury","Dark-Lighted","On Roadway - Managed Lane (HOV, HOT, Reversible)","Angle Crash","I-20","Dry","21:00:00","Unknown","Clear",0,33.74559,-84.339425,"Atlanta","DEKALB","[""Motor Vehicle in Motion"",""Motor Vehicle in Motion""]","Changed Lanes Improperly","[""Motor Vehicle in Motion"",""Motor Vehicle in Motion""]"
0,0,"Atlanta Police Department","2022-10-15","I-285 and Exit 55","(C) Possible Injury / Complaint","Daylight","On Roadway - Non-Intersection","Angle Crash","I-285","Dry","08:10:00","[""Unknown"",""Unknown""]","Clear",0,33.648664,-84.369594,"Atlanta","FULTON","[""Motor Vehicle in Motion"",""Motor Vehicle in Motion""]","Changed Lanes Improperly","[""Motor Vehicle in Motion"",""Motor Vehicle in Motion""]"
0,0,"Atlanta Police Department","2022-10-15","Piedmont Ave Ne and Ponce De Leon Ave Ne","(O) No Injury","Daylight","On Roadway - Roadway Intersection","Sideswipe-Same Direction","Piedmont Ave Ne","Dry","14:30:00","[""Unknown"",""Lap and Shoulder Belt Used""]","Clear",0,33.772501,-84.381766,"Atlanta","FULTON","[""Motor Vehicle in Motion"",""Motor Vehicle in Motion""]","Changed Lanes Improperly","[""Motor Vehicle in Motion"",""Motor Vehicle in Motion""]"
0,0,"Atlanta Police Department","2022-10-15","None and Piedmont Ave Ne","(C) Possible Injury / Complaint","Dark-Lighted","On Roadway - Non-Intersection","Rear End","Piedmont Ave Ne","Dry","19:52:00","[""Unknown"",""Lap and Shoulder Belt Used""]","Clear",0,33.796648,-84.369414,"Atlanta","FULTON","[""Motor Vehicle in Motion"",""Motor Vehicle in Motion""]","Following Too Close","[""Motor Vehicle in Motion"",""Motor Vehicle in Motion""]"
0,0,"Atlanta Police Department","2022-10-15","None and I-20","(O) No Injury","Dark-Not Lighted","On Roadway - Non-Intersection","Angle Crash","I-20","Dry","00:55:00","[""Unknown"",""Unknown""]","Clear",0,33.750828,-84.444378,"Atlanta","FULTON","[""Motor Vehicle in Motion"",""Motor Vehicle in Motion""]","Changed Lanes Improperly","[""Motor Vehicle in Motion"",""Motor Vehicle in Motion""]"
0,0,"Atlanta Police Department","2022-10-15","10Th St Ne and Monroe Dr Ne","(C) Possible Injury / Complaint","Dusk","On Roadway - Driveway Intersection","Angle Crash","10Th St Ne","Dry","17:45:00","[""Unknown"",""Unknown""]","Clear",0,33.781766,-84.369135,"Atlanta","FULTON","[""Motor Vehicle in Motion"",""Motor Vehicle in Motion""]","Vision Obscured","[""Motor Vehicle in Motion"",""Motor Vehicle in Motion""]"
0,0,"Atlanta Police Department","2022-10-15","Nelson St Sw and Northside Dr Sw","(C) Possible Injury / Complaint","Daylight","On Roadway - Roadway Intersection","Sideswipe-Same Direction","Nelson St Sw","Dry","00:30:00","[""Lap and Shoulder Belt Used"",""Lap and Shoulder Belt Used""]","Clear",0,33.750288,-84.403495,"Atlanta","FULTON","[""Motor Vehicle in Motion"",""Motor Vehicle in Motion""]","Misjudged Clearance","[""Motor Vehicle in Motion"",""Motor Vehicle in Motion""]"
0,0,"Atlanta Police Department","2022-10-15","10Th St Nw and Howell Mill Rd Nw","(O) No Injury","Dark-Lighted","On Roadway - Managed Lane (HOV, HOT, Reversible)","Rear End","10Th St Nw","Dry","23:10:00","[""Unknown"",""Lap and Shoulder Belt Used"",""Lap and Shoulder Belt Used"",""Lap and Shoulder Belt Used""]","Clear",0,33.781579,-84.412064,"Atlanta","FULTON","[""Motor Vehicle in Motion"",""Motor Vehicle in Motion""]","Following Too Close","[""Motor Vehicle in Motion"",""Motor Vehicle in Motion""]"
0,0,"Atlanta Police Department","2022-10-15","Pryor St Se and Decatur St Se","(O) No Injury","Dark-Lighted","On Roadway - Roadway Intersection","Head On","Pryor St Se","Dry","03:00:00","[""Unknown"",""Unknown"",""Unknown""]","Clear",0,33.753856,-84.388956,"Atlanta","FULTON","[""Railway Train/Street Car"",""Railway Train/Street Car""]","Disregard Stop Sign/Signal","[""Motor Vehicle in Motion"",""Motor Vehicle in Motion""]"
0,0,"Atlanta Police Department","2022-10-15","None and I-285","(C) Possible Injury / Complaint","Daylight","On Roadway - Non-Intersection","Rear End","I-285","Dry","12:22:00","[""Lap and Shoulder Belt Used"",""Lap and Shoulder Belt Used"",""Lap and Shoulder Belt Used""]","Clear",0,33.69544,-84.500058,"Atlanta","FULTON","[""Motor Vehicle in Motion"",""Motor Vehicle in Motion""]","Following Too Close","[""Motor Vehicle in Motion"",""Motor Vehicle in Motion""]"
0,0,"Atlanta Police Department","2022-10-15","North Ave Ne and Piedmont Ave Ne","(O) No Injury","Dark-Lighted","On Roadway - Roadway Intersection","Angle Crash","Piedmont Ave Ne","Dry","23:44:00","[""Lap and Shoulder Belt Used"",""Lap and Shoulder Belt Used"",""Lap and Shoulder Belt Used""]","Cloudy",0,33.77128,-84.381893,"Atlanta","FULTON","[""Parked Motor Vehicle"",""Motor Vehicle in Motion""]","Improper Turn","[""Parked Motor Vehicle"",""Motor Vehicle in Motion""]"
0,2,"Atlanta Police Department","2022-10-15","I-75 and W Wesley Rd Nw","(B) Suspected Minor/Visible Injury","Dark-Lighted","On Roadway - Managed Lane (HOV, HOT, Reversible)","Rear End","I-75","Dry","02:45:00","[""Unknown"",""Unknown"",""Unknown""]","Clear",0,33.82843,-84.42491,"Atlanta","FULTON","[""Motor Vehicle in Motion"",""Motor Vehicle in Motion""]","Following Too Close","[""Motor Vehicle in Motion"",""Motor Vehicle in Motion""]"
0,0,"Atlanta Police Department","2022-10-15","I-75 and 10Th St Nw","(O) No Injury","Dark-Lighted","On Roadway - Non-Intersection","Sideswipe-Same Direction","I-75","Dry","18:20:00","[""Unknown"",""Unknown""]","Clear",0,33.781061,-84.390852,"Atlanta","FULTON","[""Motor Vehicle in Motion"",""Motor Vehicle in Motion""]","Changed Lanes Improperly","[""Motor Vehicle in Motion"",""Motor Vehicle in Motion""]"
0,0,"Atlanta Police Department","2022-10-15","I-85 and I-75 N","(O) No Injury","Daylight","On Roadway - Non-Intersection","Rear End","I-85","Dry","18:46:00","[""Unknown"",""Unknown"",""Unknown"",""Unknown"",""Unknown"",""Unknown""]","Clear",0,33.693615,-84.403508,"Atlanta","FULTON","[""Motor Vehicle in Motion"",""Motor Vehicle in Motion""]","Following Too Close","[""Motor Vehicle in Motion"",""Motor Vehicle in Motion""]"
0,0,"Atlanta Police Department","2022-10-15","Mcdaniel St Sw and University Ave Sw","(C) Possible Injury / Complaint","Dark-Not Lighted","On Roadway - Non-Intersection","Rear End","University Ave Sw","Dry","19:30:00","[""Unknown"",""Unknown"",""Unknown""]","Clear",0,33.722147,-84.401799,"Atlanta","FULTON","[""Motor Vehicle in Motion"",""Motor Vehicle in Motion""]","Following Too Close","[""Motor Vehicle in Motion"",""Motor Vehicle in Motion""]"