"# Serious Injuries","# Visible Injuries","Agency Name (Crash Level) ","Date","Intersection Name (from Crash Report)","KABCO Severity","Light Conditions (Crash Level)","Location at Impact (Crash Level) ","Manner of Collision (Crash Level) ","Roadway (From Crash Report)","Surface Condition (Crash Level) ","Time","Safety Equipment (Crash Level) ","Weather Conditions (Crash Level)","# of Fatalities per Crash","Latitude","Longitude","Geolocated City","Geolocated County","First Harmful Event (Unit Order)","Operator/Pedestrian Contrib Factor (excl None, Other, No Contrib Factors)","Most Harmful Event (Crash Level)"
1,1,"Atlanta Police Department","2022-10-15","10Th St Ne and Myrtle St Ne","(A) Suspected Serious Injury","Daylight","On Roadway - Roadway Intersection","Angle Crash","Myrtle St Ne","Dry","17:48:00","[""Unknown"",""Unknown"",""Unknown""]","Clear",0,33.781788,-84.379385,"Atlanta","FULTON","[""Motor Vehicle in Motion"",""Motor Vehicle in Motion""]","Failure to Yield","[""Motor Vehicle in Motion"",""Motor Vehicle in Motion""]"
0,0,"Atlanta Police Department","2022-10-15","None and I-75","(C) Possible Injury / Complaint","Daylight","On Roadway - Non-Intersection","Rear End","I-75","Dry","10:50:00","[""Lap and Shoulder Belt Used"",""Lap and Shoulder Belt Used"",""Lap and Shoulder Belt Used""]","Clear",0,33.737134,-84.391852,"Atlanta","FULTON","[""Motor Vehicle in Motion"",""Motor Vehicle in Motion"",""Motor Vehicle in Motion""]","Following Too Close","[""Motor Vehicle in Motion"",""Motor Vehicle in Motion"",""Motor Vehicle in Motion""]"
0,1,"Atlanta Police Department","2022-10-15","16Th St Nw and Northside Dr Nw","(B) Suspected Minor/Visible Injury","Dark-Lighted","On Roadway - Non-Intersection","Sideswipe-Same Direction","Northside Dr Nw","Dry","19:59:00","[""Unknown"",""Unknown"",""Unknown"",""Unknown"",""Child Restraint System (Properly Used)""]","Clear",0,33.787848,-84.407559,"Atlanta","FULTON","[""Motor Vehicle in Motion"",""Motor Vehicle in Motion""]","Changed Lanes Improperly","[""Motor Vehicle in Motion"",""Motor Vehicle in Motion""]"
0,0,"Atlanta Police Department","2022-10-15","Exit 76 and Cleveland Ave Sw","(O) No Injury","Daylight","On Roadway - Non-Intersection","Angle Crash","Cleveland Ave Sw","Dry","13:13:00","[""Lap and Shoulder Belt Used"",""Lap and Shoulder Belt Used""]","Clear",0,33.681312,-84.411036,"Atlanta","FULTON","[""Motor Vehicle in Motion"",""Motor Vehicle in Motion""]","Changed Lanes Improperly","[""Motor Vehicle in Motion"",""Motor Vehicle in Motion""]"
0,0,"Atlanta Police Department","2022-10-15","Courtland St Ne and John Portman Blvd Ne","(O) No Injury","Dark-Lighted","On Roadway - Roadway Intersection","Sideswipe-Same Direction","Courtland St Ne","Dry","23:45:00","[""Unknown"",""Unknown""]","Clear",0,33.761446,-84.384168,"Atlanta","FULTON","[""Railway Train/Street Car"",""Railway Train/Street Car""]","Changed Lanes Improperly","[""Motor Vehicle in Motion"",""Motor Vehicle in Motion""]"
0,0,"Atlanta Police Department","2022-10-15","Evans St Sw and Ralph David Abernathy Blvd Sw","(O) No Injury","Daylight","On Roadway - Roadway Intersection","Angle Crash","Evans St Sw","Dry","13:46:00","[""Unknown"",""Unknown""]","Clear",0,33.738261,-84.415686,"Atlanta","FULTON","[""Motor Vehicle in Motion"",""Motor Vehicle in Motion""]",,"[""Motor Vehicle in Motion"",""Motor Vehicle in Motion""]"
0,0,"Atlanta Police Department","2022-10-15","None and Langford Pkwy","(C) Possible Injury / Complaint","Daylight","On Roadway - Non-Intersection","Rear End","Langford Pkwy","Dry","15:03:00","[""Lap and Shoulder Belt Used"",""Lap and Shoulder Belt Used""]","Clear",0,33.691916,-84.490502,"Atlanta","FULTON","[""Motor Vehicle in Motion"",""Motor Vehicle in Motion""]","Following Too Close","[""Motor Vehicle in Motion"",""Motor Vehicle in Motion""]"
0,0,"Atlanta Police Department","2022-10-15","Camilla St Sw and Joseph E Lowery Blvd Sw","(O) No Injury","Daylight","On Roadway - Managed Lane (HOV, HOT, Reversible)","Sideswipe-Opposite Direction","Joseph E Lowery Blvd Sw","Dry","16:00:00","[""Unknown"",""Unknown""]","Clear",0,33.75017,-84.41754,"Atlanta","FULTON","[""Motor Vehicle in Motion"",""Motor Vehicle in Motion""]",,"[""Motor Vehicle in Motion"",""Motor Vehicle in Motion""]"
0,0,"Atlanta Police Department","2022-10-15","Grant St Se and Memorial Dr Se","(O) No Injury","Daylight","On Roadway - Roadway Intersection","Angle Crash","Grant St Se","Dry","12:50:00","[""Unknown"",""Unknown"",""Unknown"",""Unknown"",""Unknown""]","Clear",0,33.74682,-84.37666,"Atlanta","FULTON","[""Motor Vehicle in Motion"",""Motor Vehicle in Motion""]","Improper Turn","[""Motor Vehicle in Motion"",""Motor Vehicle in Motion""]"
0,0,"Atlanta Police Department","2022-10-15","None and I-285","(C) Possible Injury / Complaint","Daylight","On Roadway - Non-Intersection","Rear End","I-285","Dry","15:54:00","[""Lap and Shoulder Belt Used"",""Lap and Shoulder Belt Used"",""Lap and Shoulder Belt Used""]","Clear",0,33.680957,-84.499622,"Atlanta","FULTON","[""Motor Vehicle in Motion"",""Motor Vehicle in Motion"",""Motor Vehicle in Motion""]",,"[""Motor Vehicle in Motion"",""Motor Vehicle in Motion"",""Motor Vehicle in Motion""]"
0,0,"Atlanta Police Department","2022-10-15","North Ave Ne and Argonne Ave Ne","(O) No Injury","Daylight","On Roadway - Non-Intersection","Rear End","North Ave Ne","Dry","13:03:00","[""Lap and Shoulder Belt Used"",""Lap and Shoulder Belt Used"",""Lap and Shoulder Belt Used"",""Lap and Shoulder Belt Used""]","Clear",0,33.771238,-84.378166,"Atlanta","FULTON","[""Motor Vehicle in Motion"",""Motor Vehicle in Motion""]","Following Too Close","[""Motor Vehicle in Motion"",""Motor Vehicle in Motion""]"
0,0,"Atlanta Police Department","2022-10-15","None and Ga-400","(O) No Injury","Daylight","On Roadway - Roadway Intersection","Rear End","Ga-400","Dry","15:00:00","[""Lap and Shoulder Belt Used"",""Lap and Shoulder Belt Used"",""Lap and Shoulder Belt Used"",""Lap and Shoulder Belt Used"",""Lap and Shoulder Belt Used"",""Lap and Shoulder Belt Used""]","Clear",0,33.847219,-84.3671,"Atlanta","FULTON","[""Motor Vehicle in Motion"",""Motor Vehicle in Motion""]","Following Too Close","[""Motor Vehicle in Motion"",""Motor Vehicle in Motion""]"
0,0,"Atlanta Police Department","2022-10-15","None and E Simon Ter Nw","(O) No Injury","Daylight","On Roadway - Non-Intersection","Rear End","E Simon Ter Nw","Dry","15:28:00","[""Lap and Shoulder Belt Used"",""Lap and Shoulder Belt Used"",""Lap and Shoulder Belt Used"",""Lap and Shoulder Belt Used""]","Clear",0,33.761641,-84.474827,"Atlanta","FULTON","[""Motor Vehicle in Motion"",""Motor Vehicle in Motion""]","[""Improper Backing"",""Under the Influence (U.I.)""]","[""Motor Vehicle in Motion"",""Motor Vehicle in Motion""]"
0,0,"Atlanta Police Department","2022-10-15","None and I-285","(O) No Injury","Dark-Not Lighted","On Roadway - Non-Intersection","Rear End","I-285","Dry","23:00:00","[""Lap and Shoulder Belt Used"",""Child Restraint System (Properly Used)"",""Lap and Shoulder Belt Used""]","Clear",0,33.694043,-84.500224,"Atlanta","FULTON","[""Motor Vehicle in Motion"",""Motor Vehicle in Motion""]","Changed Lanes Improperly","[""Motor Vehicle in Motion"",""Motor Vehicle in Motion""]"
0,0,"Atlanta Police Department","2022-10-15","None and Exit 10A Rp","(O) No Injury","Dark-Not Lighted","On Roadway - Non-Intersection","Angle Crash","Exit 10A Rp","Dry","03:40:00","[""Unknown"",""Unknown""]","Clear",0,33.763245,-84.493214,"Atlanta","FULTON","[""Motor Vehicle in Motion"",""Motor Vehicle in Motion"",""Motor Vehicle in Motion""]","Improper Passing","[""Motor Vehicle in Motion"",""Motor Vehicle in Motion"",""Motor Vehicle in Motion""]"
0,0,"Atlanta Police Department","2022-10-15","Jackson St Se and Chamberlain St Se","(O) No Injury","Dark-Lighted","On Roadway - Non-Intersection","Angle Crash","Chamberlain St Se","Dry","01:10:00",,"Clear",0,33.753789,-84.373939,"Atlanta","FULTON","[""Parked Motor Vehicle"",""Motor Vehicle in Motion""]","Misjudged Clearance","[""Parked Motor Vehicle"",""Motor Vehicle in Motion""]"
0,0,"Atlanta Police Department","2022-10-15","None and I-75","(O) No Injury","Dark-Lighted","On Roadway - Non-Intersection","Sideswipe-Same Direction","I-75","Dry","03:50:00","[""Unknown"",""Unknown"",""Unknown""]","Clear",0,33.749052,-84.383654,"Atlanta","FULTON","[""Motor Vehicle in Motion"",""Motor Vehicle in Motion""]","Changed Lanes Improperly","[""Motor Vehicle in Motion"",""Motor Vehicle in Motion""]"
1,0,"Atlanta Police Department","2022-10-15","Mildred Pl Nw and Donald Lee Hollowell Pkwy Nw","(A) Suspected Serious Injury","Daylight","On Roadway - Roadway Intersection","Angle Crash","Donald Lee Hollowell Pkwy Nw","Dry","13:10:00","[""Lap and Shoulder Belt Used"",""Lap and Shoulder Belt Used"",""Lap and Shoulder Belt Used""]","Clear",0,33.776573,-84.456446,"Atlanta","FULTON","[""Motor Vehicle in Motion"",""Motor Vehicle in Motion""]","Improper Turn","[""Motor Vehicle in Motion"",""Motor Vehicle in Motion""]"
0,0,"Atlanta Police Department","2022-10-15","Lenox Rd Ne and E Paces Ferry Rd Ne","(C) Possible Injury / Complaint","Daylight","On Roadway - Roadway Intersection","Rear End","E Paces Ferry Rd Ne","Dry","14:05:00","[""Lap and Shoulder Belt Used"",""Lap and Shoulder Belt Used"",""Lap and Shoulder Belt Used""]","Clear",0,33.845547,-84.358561,"Atlanta","FULTON","[""Motor Vehicle in Motion"",""Motor Vehicle in Motion""]","Following Too Close","[""Motor Vehicle in Motion"",""Motor Vehicle in Motion""]"
0,0,"Atlanta Police Department","2022-10-15","Custer Ave Se and Moreland Ave Se","(O) No Injury","Daylight","On Roadway - Non-Intersection","Angle Crash","Moreland Ave Se","Dry","17:40:00","[""Lap and Shoulder Belt Used"",""Child Restraint System (Properly Used)"",""Lap and Shoulder Belt Used"",""Lap and Shoulder Belt Used""]","Clear",0,33.715669,-84.349519,"Atlanta","FULTON","[""Motor Vehicle in Motion"",""Motor Vehicle in Motion""]","Misjudged Clearance","[""Motor Vehicle in Motion"",""Motor Vehicle in Motion""]"
0,0,"Atlanta Police Department","2022-10-15","10Th St Nw and Hemphill Ave Nw","(O) No Injury","Dark-Not Lighted","On Roadway - Non-Intersection","Rear End","Hemphill Ave Nw","Dry","19:51:00","[""Unknown"",""Unknown""]","Clear",0,33.781536,-84.404186,"Atlanta","FULTON","[""Motor Vehicle in Motion"",""Motor Vehicle in Motion""]","Following Too Close","[""Motor Vehicle in Motion"",""Motor Vehicle in Motion""]"
0,0,"Atlanta Police Department","2022-10-15","Ponce De Leon Ave Ne and Atlanta Beltline Eastside","(O) No Injury","Dark-Lighted","On Roadway - Non-Intersection","Sideswipe-Same Direction","Ponce De Leon Ave Ne","Dry","22:15:00","[""Unknown"",""Unknown"",""Unknown""]","Clear",0,33.773324,-84.365006,"Atlanta","FULTON","[""Motor Vehicle in Motion"",""Motor Vehicle in Motion""]","Changed Lanes Improperly","[""Motor Vehicle in Motion"",""Motor Vehicle in Motion""]"
0,0,"Atlanta Police Department","2022-10-15","None and Greenbriar Pkwy Sw","(O) No Injury","Daylight","On Roadway - Non-Intersection","Not a Collision with Motor Vehicle","Greenbriar Pkwy Sw","Dry","15:46:00","[""Lap and Shoulder Belt Used"",""Booster Seat (Properly Used)""]","Clear",0,33.68615,-84.496654,"Atlanta","FULTON","Other Non-Collision",,"Utility Pole"
0,0,"Atlanta Police Department","2022-10-15","Haas Ave Se and Glenwood Ave Se","(C) Possible Injury / Complaint","Daylight","On Roadway - Non-Intersection","Sideswipe-Same Direction","Glenwood Ave Se","Dry","16:05:00","[""Unknown"",""Unknown"",""Unknown""]","Clear",0,33.740162,-84.34473,"Atlanta","DEKALB","[""Parked Motor Vehicle"",""Parked Motor Vehicle""]","Inattentive or Other Distraction (Distracted)","[""Motor Vehicle in Motion"",""Motor Vehicle in Motion""]"
0,0,"Atlanta Police Department","2022-10-15","I-285 E and Jonesboro Rd Se","(O) No Injury","Daylight","On Roadway - Roadway Intersection","Rear End","Jonesboro Rd Se","Dry","15:42:00","[""Lap and Shoulder Belt Used"",""Lap and Shoulder Belt Used""]","Clear",0,33.651654,-84.366987,"Atlanta","FULTON","[""Motor Vehicle in Motion"",""Motor Vehicle in Motion""]","Following Too Close","[""Motor Vehicle in Motion"",""Motor Vehicle in Motion""]"
0,0,"Atlanta Police Department","2022-10-15","None and Piedmont Rd Ne","(O) No Injury","Daylight","On Roadway - Roadway Intersection","Head On","Piedmont Rd Ne","Dry","15:11:00","[""Unknown"",""Unknown"",""Unknown""]","Clear",0,33.846895,-84.372991,"Atlanta","FULTON","[""Motor Vehicle in Motion"",""Motor Vehicle in Motion""]",,"[""Motor Vehicle in Motion"",""Motor Vehicle in Motion""]"
0,0,"Atlanta Police Department","2022-10-15","None and I-75","(O) No Injury","Dark-Not Lighted","On Roadway - Non-Intersection","Rear End","I-75","Dry","00:20:00","[""Unknown"",""Unknown"",""Unknown""]","Clear",0,33.829239,-84.425209,"Atlanta","FULTON","[""Motor Vehicle in Motion"",""Motor Vehicle in Motion"",""Motor Vehicle in Motion""]","Following Too Close","[""Motor Vehicle in Motion"",""Motor Vehicle in Motion"",""Motor Vehicle in Motion""]"
0,0,"Atlanta Police Department","2022-10-15","10Th St Nw and Williams St Nw","(O) No Injury","Dark-Lighted","On Roadway - Driveway Intersection","Angle Crash","Williams St Nw","Dry","19:53:00","[""Unknown"",""Unknown""]","Clear",0,33.781518,-84.390551,"Atlanta","FULTON","[""Motor Vehicle in Motion"",""Motor Vehicle in Motion""]","Misjudged Clearance","[""Motor Vehicle in Motion"",""Motor Vehicle in Motion""]"
0,0,"Atlanta Police Department","2022-10-15","Northgate Dr Nw and Northside Pkwy Nw","(O) No Injury","Daylight","On Roadway - Roadway Intersection","Rear End","Northside Pkwy Nw","Dry","17:50:00","[""Lap and Shoulder Belt Used"",""Lap and Shoulder Belt Used""]","Clear",0,33.865177,-84.451501,"Atlanta","FULTON","[""Motor Vehicle in Motion"",""Motor Vehicle in Motion""]",,"[""Motor Vehicle in Motion"",""Motor Vehicle in Motion""]"
0,0,"Atlanta Police Department","2022-10-15","Pine St Ne and Peachtree St Ne","(C) Possible Injury / Complaint","Daylight","On Roadway - Non-Intersection","Angle Crash","Peachtree St Ne","Dry","10:24:00","[""Lap and Shoulder Belt Used"",""Lap and Shoulder Belt Used"",""Lap and Shoulder Belt Used""]","Clear",0,33.768065,-84.385314,"Atlanta","FULTON","[""Motor Vehicle in Motion"",""Motor Vehicle in Motion""]","Improper Turn","[""Motor Vehicle in Motion"",""Motor Vehicle in Motion""]"
0,0,"Atlanta Police Department","2022-10-15","I-285 and Exit 5B","(O) No Injury","Daylight","On Roadway - Non-Intersection","Angle Crash","I-285","Dry","17:30:00","[""Lap and Shoulder Belt Used"",""Lap and Shoulder Belt Used"",""Lap and Shoulder Belt Used"",""Lap and Shoulder Belt Used""]","Clear",0,33.690433,-84.499938,"Atlanta","FULTON","[""Motor Vehicle in Motion"",""Motor Vehicle in Motion""]",,"[""Motor Vehicle in Motion"",""Motor Vehicle in Motion""]"
0,0,"Atlanta Police Department","2022-10-16","Exit 12 and Donald Lee Hollowell Pkwy Nw","(O) No Injury","Daylight","On Roadway - Roadway Intersection","Sideswipe-Same Direction","Donald Lee Hollowell Pkwy Nw","Dry","09:20:00","[""Unknown"",""Unknown""]","Clear",0,33.786454,-84.492325,"Atlanta","FULTON","[""Motor Vehicle in Motion"",""Motor Vehicle in Motion""]","Reaction to Object or Animal","[""Motor Vehicle in Motion"",""Motor Vehicle in Motion""]"
0,0,"Atlanta Police Department","2022-10-16","Boulevard Se and Carroll St Se","(C) Possible Injury / Complaint","Dark-Lighted","On Roadway - Roadway Intersection","Sideswipe-Same Direction","Boulevard Se","Dry","18:50:00","[""Unknown"",""Unknown"",""Unknown""]","Clear",0,33.747822,-84.368079,"Atlanta","FULTON","[""Motor Vehicle in Motion"",""Motor Vehicle in Motion""]","[""Improper Turn"",""Following Too Close""]","[""Motor Vehicle in Motion"",""Motor Vehicle in Motion""]"
0,0,"Atlanta Police Department","2022-10-16","None and Ga-13","(O) No Injury","Daylight","On Roadway - Non-Intersection","Rear End","Ga-13","Dry","03:22:00","[""Unknown"",""Unknown"",""Unknown"",""Unknown""]","Clear",0,33.810607,-84.372557,"Atlanta","FULTON","[""Motor Vehicle in Motion"",""Motor Vehicle in Motion""]","[""Under the Influence (U.I.)"",""Following Too Close""]","[""Motor Vehicle in Motion"",""Motor Vehicle in Motion""]"
0,0,"Atlanta Police Department","2022-10-16","Haynes St Sw and Nelson St Sw","(C) Possible Injury / Complaint","Daylight","On Roadway - Roadway Intersection","Angle Crash","Nelson St Sw","Dry","09:00:00","[""Lap and Shoulder Belt Used"",""Lap and Shoulder Belt Used"",""Lap and Shoulder Belt Used""]","Clear",0,33.75082,-84.401238,"Atlanta","FULTON","[""Motor Vehicle in Motion"",""Motor Vehicle in Motion""]","Failure to Yield","[""Motor Vehicle in Motion"",""Motor Vehicle in Motion""]"
0,0,"Atlanta Police Department","2022-10-16","None and Hamilton E Holmes Dr Nw","(O) No Injury","Daylight","On Roadway - Non-Intersection","Sideswipe-Same Direction","Hamilton E Holmes Dr Nw","Dry","17:16:00","[""Lap and Shoulder Belt Used"",""Lap and Shoulder Belt Used"",""Lap and Shoulder Belt Used""]","Clear",0,33.753487,-84.467454,"Atlanta","FULTON","[""Motor Vehicle in Motion"",""Motor Vehicle in Motion""]",,"[""Motor Vehicle in Motion"",""Motor Vehicle in Motion""]"
0,0,"Atlanta Police Department","2022-10-16","University Ave Sw and Metropolitan Pkwy Sw","(O) No Injury","Daylight","On Roadway - Roadway Intersection","Angle Crash","Metropolitan Pkwy Sw","Dry","18:10:00","[""Unknown"",""Unknown"",""Unknown"",""Unknown"",""Unknown""]","Clear",0,33.722174,-84.407868,"Atlanta","FULTON","[""Motor Vehicle in Motion"",""Motor Vehicle in Motion""]","Disregard Other Traffic Control","[""Motor Vehicle in Motion"",""Motor Vehicle in Motion""]"
0,0,"Atlanta Police Department","2022-10-16","I-285 and Exit 5A","(C) Possible Injury / Complaint","Daylight","On Roadway - Non-Intersection","Sideswipe-Same Direction","I-285","Dry","16:59:00","[""Unknown"",""Unknown""]","Clear",0,33.68618,-84.499851,"Atlanta","FULTON","[""Motor Vehicle in Motion"",""Motor Vehicle in Motion""]","[""Changed Lanes Improperly"",""Changed Lanes Improperly""]","[""Motor Vehicle in Motion"",""Motor Vehicle in Motion""]"
0,0,"Atlanta Police Department","2022-10-16","I-75 and Decatur St Se","(O) No Injury","Dark-Lighted","On Roadway - Non-Intersection","Angle Crash","I-75","Dry","04:40:00","[""Unknown"",""Unknown""]","Clear",0,33.749797,-84.382517,"Atlanta","FULTON","[""Motor Vehicle in Motion"",""Motor Vehicle in Motion""]","Changed Lanes Improperly","Motor Vehicle in Motion"
0,0,"Atlanta Police Department","2022-10-16","None and Martin Luther King Jr Dr Sw","(C) Possible Injury / Complaint","Dusk","On Roadway - Non-Intersection","Rear End","Martin Luther King Jr Dr Sw","Dry","18:00:00","[""Unknown"",""Unknown""]","Clear",0,33.765424,-84.510764,"Atlanta","FULTON","[""Motor Vehicle in Motion"",""Motor Vehicle in Motion""]","Following Too Close","[""Motor Vehicle in Motion"",""Motor Vehicle in Motion""]"
0,0,"Atlanta Police Department","2022-10-16","None and I-75","(C) Possible Injury / Complaint","Dark-Lighted","On Roadway - Non-Intersection","Rear End","I-75","Dry","19:20:00","[""Unknown"",""Unknown""]","Clear",0,33.719012,-84.396954,"Atlanta","FULTON","[""Motor Vehicle in Motion"",""Motor Vehicle in Motion""]",,"[""Motor Vehicle in Motion"",""Motor Vehicle in Motion""]"
1,0,"Atlanta Police Department","2022-10-16","None and I-85","(A) Suspected Serious Injury","Daylight","On Roadway - Non-Intersection","Sideswipe-Same Direction","I-85","Dry","07:51:00","[""Unknown"",""Lap and Shoulder Belt Used""]","Clear",0,33.683687,-84.409396,"Atlanta","FULTON","[""Motor Vehicle in Motion"",""Motor Vehicle in Motion""]","[""Aggressive Driving"",""Disregard Other Traffic Control"",""Changed Lanes Improperly"",""Improper Passing""]","[""Motor Vehicle in Motion"",""Motor Vehicle in Motion""]"
0,0,"Atlanta Police Department","2022-10-16","Lenox Rd Ne and Piedmont Rd Ne","(O) No Injury","Dark-Lighted","On Roadway - Roadway Intersection","Rear End","Piedmont Rd Ne","Dry","03:46:00","[""Unknown"",""Unknown""]","Clear",0,33.848565,-84.37437,"Atlanta","FULTON","[""Motor Vehicle in Motion"",""Motor Vehicle in Motion""]","Following Too Close","[""Motor Vehicle in Motion"",""Motor Vehicle in Motion""]"
0,0,"Atlanta Police Department","2022-10-16","St Paul Ave Nw and Hightower Rd Nw","(O) No Injury","Daylight","On Roadway - Roadway Intersection","Angle Crash","St Paul Ave Nw","Dry","16:30:00","[""Lap and Shoulder Belt Used"",""Lap and Shoulder Belt Used""]","Clear",0,33.789636,-84.470133,"Atlanta","FULTON","[""Motor Vehicle in Motion"",""Motor Vehicle in Motion""]","Misjudged Clearance","[""Motor Vehicle in Motion"",""Motor Vehicle in Motion""]"
0,0,"Atlanta Police Department","2022-10-16","None and I-20","(O) No Injury","Daylight","On Roadway - Non-Intersection","Rear End","I-20","Dry","17:30:00","[""Unknown"",""Lap and Shoulder Belt Used"",""Lap and Shoulder Belt Used""]","Clear",0,33.755603,-84.466937,"Atlanta","FULTON","[""Motor Vehicle in Motion"",""Motor Vehicle in Motion""]","Following Too Close","Motor Vehicle in Motion"
0,0,"Atlanta Police Department","2022-10-16","Claire Dr Sw and Belmont Ave Sw","(O) No Injury","Daylight","On Roadway - Non-Intersection","Rear End","Belmont Ave Sw","Dry","15:00:00","Lap and Shoulder Belt Used","Clear",0,33.712006,-84.409955,"Atlanta","FULTON","[""Parked Motor Vehicle"",""Parked Motor Vehicle""]",,"[""Motor Vehicle in Motion"",""Parked Motor Vehicle""]"
0,0,"Atlanta Police Department","2022-10-16","Bass St Sw and Cooper St Sw","(O) No Injury","Daylight","On Roadway - Non-Intersection","Sideswipe-Same Direction","Cooper St Sw","Dry","16:00:00","Unknown","Clear",0,33.736093,-84.397066,"Atlanta","FULTON","[""Motor Vehicle in Motion"",""Parked Motor Vehicle""]",,"[""Motor Vehicle in Motion"",""Parked Motor Vehicle""]"
0,0,"Atlanta Police Department","2022-10-16","Jesse Hill Jr Dr Se and Martin Luther King Jr Dr Se","(O) No Injury","Daylight","On Roadway - Roadway Intersection","Sideswipe-Same Direction","Jesse Hill Jr Dr Se","Dry","09:50:00","[""Unknown"",""Unknown"",""Unknown""]","Clear",0,33.748578,-84.386106,"Atlanta","FULTON","[""Motor Vehicle in Motion"",""Motor Vehicle in Motion""]",,"[""Motor Vehicle in Motion"",""Motor Vehicle in Motion""]"
0,0,"Atlanta Police Department","2022-10-16","Ellis St Ne and Piedmont Ave Ne","(C) Possible Injury / Complaint","Dark-Lighted","On Roadway - In Crosswalk","Not a Collision with Motor Vehicle","Piedmont Ave Ne","Dry","19:15:00","None Used","Clear",0,33.758354,-84.382208,"Atlanta","FULTON","[""Motor Vehicle in Motion"",""Pedestrian""]","[""Disregard Other Traffic Control"",""Inattentive or Other Distraction (Distracted)""]","Motor Vehicle in Motion"
0,0,"Atlanta Police Department","2022-10-16","I-20 W and Martin Luther King Jr Dr Nw","(O) No Injury","Dark-Lighted","On Roadway - Non-Intersection","Angle Crash","Martin Luther King Jr Dr Nw","Dry","20:00:00","[""Lap and Shoulder Belt Used"",""Lap and Shoulder Belt Used""]","Clear",0,33.750899,-84.444523,"Atlanta","FULTON","[""Motor Vehicle in Motion"",""Motor Vehicle in Motion""]","Changed Lanes Improperly","[""Motor Vehicle in Motion"",""Motor Vehicle in Motion""]"
0,0,"Atlanta Police Department","2022-10-16","Forsyth St Sw and Martin Luther King Jr Dr Sw","(O) No Injury","Daylight","On Roadway - Roadway Intersection","Rear End","Martin Luther King Jr Dr Sw","Dry","12:00:00","[""Lap and Shoulder Belt Used"",""Lap and Shoulder Belt Used""]","Clear",0,33.752794,-84.393435,"Atlanta","FULTON","[""Motor Vehicle in Motion"",""Motor Vehicle in Motion""]","Following Too Close","[""Motor Vehicle in Motion"",""Motor Vehicle in Motion""]"
0,0,"Atlanta Police Department","2022-10-16","I-75 and Exit 256","(C) Possible Injury / Complaint","Daylight","On Roadway - Non-Intersection","Rear End","I-75","Dry","12:16:00","[""Lap and Shoulder Belt Used"",""Lap and Shoulder Belt Used"",""Lap and Shoulder Belt Used"",""Lap and Shoulder Belt Used"",""Lap and Shoulder Belt Used"",""Lap and Shoulder Belt Used"",""Child Restraint System (Properly Used)""]","Clear",0,33.8626,-84.437271,"Atlanta","FULTON","[""Motor Vehicle in Motion"",""Motor Vehicle in Motion""]","Following Too Close","[""Motor Vehicle in Motion"",""Motor Vehicle in Motion""]"
0,0,"Atlanta Police Department","2022-10-16","None and Hill St Se Exit 58B Rp","(O) No Injury","Dark-Lighted","Entrance/Exit Ramp","Rear End","Hill St Se Exit 58B Rp","Dry","00:05:00","[""Lap and Shoulder Belt Used"",""Lap and Shoulder Belt Used"",""Lap and Shoulder Belt Used""]","Clear",0,33.743931,-84.37922,"Atlanta","FULTON","[""Motor Vehicle in Motion"",""Motor Vehicle in Motion""]","Improper Backing","[""Motor Vehicle in Motion"",""Motor Vehicle in Motion""]"
0,0,"Atlanta Police Department","2022-10-16","14Th St Nw and Williams St Nw","(O) No Injury","Dark-Lighted","Off Roadway","Not a Collision with Motor Vehicle","14Th St Nw","Dry","01:12:00","Unknown","Clear",0,33.78656,-84.390277,"Atlanta","FULTON","Other Post/ Pole Support","[""Improper Turn"",""Aggressive Driving"",""Changed Lanes Improperly"",""Reckless Driving""]","Other - Fixed Object"
0,0,"Atlanta Police Department","2022-10-16","Burton Rd Nw and Hamilton E Holmes Dr Nw","(O) No Injury","Daylight","On Roadway - Roadway Intersection","Sideswipe-Same Direction","Burton Rd Nw","Dry","16:46:00","[""Lap and Shoulder Belt Used"",""Lap and Shoulder Belt Used"",""Lap and Shoulder Belt Used"",""Lap and Shoulder Belt Used"",""Lap and Shoulder Belt Used""]","Clear",0,33.755817,-84.468853,"Atlanta","FULTON","[""Motor Vehicle in Motion"",""Motor Vehicle in Motion""]","Improper Turn","[""Motor Vehicle in Motion"",""Motor Vehicle in Motion""]"
0,0,"Atlanta Police Department","2022-10-16","Garson Dr Ne and Piedmont Rd Ne","(O) No Injury","Daylight","On Roadway - Roadway Intersection","Head On","Piedmont Rd Ne","Dry","18:57:00","[""Unknown"",""Unknown"",""Unknown"",""Unknown""]","Clear",0,33.817655,-84.366949,"Atlanta","FULTON","[""Motor Vehicle in Motion"",""Motor Vehicle in Motion""]",,"[""Motor Vehicle in Motion"",""Motor Vehicle in Motion""]"
0,0,"Atlanta Police Department","2022-10-16","North Ave Nw and I-75 85 Sb Expy Nw","(O) No Injury","Dark-Lighted","On Roadway - Non-Intersection","Angle Crash","North Ave Nw","Dry","00:20:00","[""Lap and Shoulder Belt Used"",""Lap and Shoulder Belt Used"",""Lap and Shoulder Belt Used""]","Cloudy",0,33.77127,-84.390187,"Atlanta","FULTON","[""Parked Motor Vehicle"",""Parked Motor Vehicle""]","Changed Lanes Improperly","[""Motor Vehicle in Motion"",""Motor Vehicle in Motion""]"