"# Serious Injuries","# Visible Injuries","Agency Name (Crash Level) ","Date","Intersection Name (from Crash Report)","KABCO Severity","Light Conditions (Crash Level)","Location at Impact (Crash Level) ","Manner of Collision (Crash Level) ","Roadway (From Crash Report)","Surface Condition (Crash Level) ","Time","Safety Equipment (Crash Level) ","Weather Conditions (Crash Level)","# of Fatalities per Crash","Latitude","Longitude","Geolocated City","Geolocated County","First Harmful Event (Unit Order)","Operator/Pedestrian Contrib Factor (excl None, Other, No Contrib Factors)","Most Harmful Event (Crash Level)"
0,0,"Atlanta Police Department","2022-10-16","I-75 and 10Th St Nw","(O) No Injury","Dark-Not Lighted","On Roadway - Non-Intersection","Rear End","I-75","Dry","19:42:00","[""Lap and Shoulder Belt Used"",""Lap and Shoulder Belt Used"",""Lap and Shoulder Belt Used""]","Clear",0,33.781534,-84.390851,"Atlanta","FULTON","[""Motor Vehicle in Motion"",""Motor Vehicle in Motion""]","Following Too Close","[""Motor Vehicle in Motion"",""Motor Vehicle in Motion""]"
0,0,"Atlanta Police Department","2022-10-16","10Th St Nw and Northside Dr Nw","(O) No Injury","Daylight","On Roadway - Roadway Intersection","Angle Crash","Northside Dr Nw","Dry","17:00:00","[""Unknown"",""Unknown""]","Clear",0,33.781544,-84.407476,"Atlanta","FULTON","[""Motor Vehicle in Motion"",""Motor Vehicle in Motion""]","Improper Turn","[""Motor Vehicle in Motion"",""Motor Vehicle in Motion""]"
0,0,"Dekalb Co Police Department","2022-10-16","Eastland Rd and Bouldercrest Rd","(O) No Injury","Daylight","On Roadway - Non-Intersection","Angle Crash","Eastland Rd","Dry","19:05:00","Unknown","Clear",0,33.718614,-84.329934,"Atlanta","DEKALB","[""Motor Vehicle in Motion"",""Motor Vehicle in Motion""]","Changed Lanes Improperly","[""Motor Vehicle in Motion"",""Motor Vehicle in Motion""]"
0,0,"Atlanta Police Department","2022-10-16","Le Brun Rd Ne and Roswell Rd Ne","(O) No Injury","Daylight","On Roadway - Non-Intersection","Rear End","Roswell Rd Ne","Dry","19:00:00","[""Unknown"",""Unknown""]","Clear",0,33.86109,-84.380429,"Atlanta","FULTON","[""Motor Vehicle in Motion"",""Motor Vehicle in Motion""]","[""Changed Lanes Improperly"",""Failure to Yield"",""Following Too Close""]","[""Motor Vehicle in Motion"",""Motor Vehicle in Motion""]"
0,0,"Atlanta Police Department","2022-10-16","None and I-75","(O) No Injury","Daylight","On Roadway - Non-Intersection","Rear End","I-75","Dry","17:30:00","[""Lap and Shoulder Belt Used"",""Lap and Shoulder Belt Used""]","Clear",0,33.794408,-84.393594,"Atlanta","FULTON","[""Motor Vehicle in Motion"",""Motor Vehicle in Motion""]","Following Too Close","[""Motor Vehicle in Motion"",""Motor Vehicle in Motion""]"
0,0,"Atlanta Police Department","2022-10-16","Boulevard Ne and John Lewis Freedom Pkwy Ne","(O) No Injury","Daylight","On Roadway - Non-Intersection","Angle Crash","John Lewis Freedom Pkwy Ne","Dry","12:35:00","[""Lap and Shoulder Belt Used"",""Lap and Shoulder Belt Used""]","Clear",0,33.760234,-84.371555,"Atlanta","FULTON","[""Motor Vehicle in Motion"",""Motor Vehicle in Motion""]","Changed Lanes Improperly","[""Motor Vehicle in Motion"",""Motor Vehicle in Motion""]"
0,0,"Atlanta Police Department","2022-10-16","3Rd St Nw and W Peachtree St Nw","(O) No Injury","Daylight","On Roadway - Non-Intersection","Sideswipe-Same Direction","W Peachtree St Nw","Dry","20:00:00","[""Unknown"",""Unknown"",""Unknown""]","Clear",0,33.773243,-84.387341,"Atlanta","FULTON","[""Motor Vehicle in Motion"",""Motor Vehicle in Motion""]",,"[""Motor Vehicle in Motion"",""Motor Vehicle in Motion""]"
0,0,"Atlanta Police Department","2022-10-16","Pryor St Se and Decatur St Se","(O) No Injury","Dark-Lighted","On Roadway - Non-Intersection","Sideswipe-Same Direction","Decatur St Se","Dry","02:00:00","[""Unknown"",""Unknown""]","Clear",0,33.753856,-84.388956,"Atlanta","FULTON","[""Motor Vehicle in Motion"",""Motor Vehicle in Motion""]","Changed Lanes Improperly","[""Motor Vehicle in Motion"",""Motor Vehicle in Motion""]"
0,0,"Atlanta Police Department","2022-10-16","None and I-85","(C) Possible Injury / Complaint","Dark-Lighted","On Roadway - Non-Intersection","Rear End","I-85","Wet","01:48:00","[""Unknown"",""Unknown"",""Unknown"",""Unknown""]","Rain",0,33.791996,-84.391209,"Atlanta","FULTON","[""Motor Vehicle in Motion"",""Motor Vehicle in Motion""]","Following Too Close","[""Motor Vehicle in Motion"",""Motor Vehicle in Motion""]"
1,0,"Atlanta Police Department","2022-10-16","Gilmer St Se and Courtland St Se","(A) Suspected Serious Injury","Dark-Not Lighted","On Roadway - Non-Intersection","Not a Collision with Motor Vehicle","Courtland St Se","Dry","02:00:00","[""Unknown"",""Unknown""]","Clear",0,33.75325,-84.384997,"Atlanta","FULTON","Other Non-Collision","Driver Lost Control","Tree"
0,0,"Atlanta Police Department","2022-10-16","Exit 60A and Moreland Ave Se","(O) No Injury","Daylight","On Roadway - Non-Intersection","Sideswipe-Same Direction","Moreland Ave Se","Dry","10:28:00","[""Unknown"",""Unknown""]","Clear",0,33.744217,-84.349236,"Atlanta","FULTON","[""Motor Vehicle in Motion"",""Motor Vehicle in Motion""]","Failure to Yield","[""Motor Vehicle in Motion"",""Motor Vehicle in Motion""]"
0,0,"Atlanta Police Department","2022-10-16","Kanuga St Ne and Monroe Dr Ne","(O) No Injury","Daylight","On Roadway - Non-Intersection","Rear End","Monroe Dr Ne","Dry","18:09:00","[""Unknown"",""Unknown""]","Clear",0,33.782204,-84.36854,"Atlanta","FULTON","[""Motor Vehicle in Motion"",""Motor Vehicle in Motion""]","Improper Backing","[""Motor Vehicle in Motion"",""Motor Vehicle in Motion""]"
0,0,"Atlanta Police Department","2022-10-16","Ivan Allen Jr Blvd Nw and Centennial Olympic Park Dr Nw","(O) No Injury","Daylight","On Roadway - Roadway Intersection","Angle Crash","Ivan Allen Jr Blvd Nw","Dry","14:50:00","[""Unknown"",""Unknown"",""Unknown""]","Clear",0,33.764642,-84.391926,"Atlanta","FULTON","[""Motor Vehicle in Motion"",""Motor Vehicle in Motion""]",,"[""Motor Vehicle in Motion"",""Motor Vehicle in Motion""]"
0,0,"Atlanta Police Department","2022-10-16","Alice St Sw and Central Ave Sw","(C) Possible Injury / Complaint","Daylight","On Roadway - Roadway Intersection","Angle Crash","Central Ave Sw","Dry","15:50:00","[""Unknown"",""Unknown"",""Unknown""]","Clear",0,33.742486,-84.393394,"Atlanta","FULTON","[""Motor Vehicle in Motion"",""Motor Vehicle in Motion""]","Changed Lanes Improperly","[""Motor Vehicle in Motion"",""Motor Vehicle in Motion""]"
0,0,"Atlanta Police Department","2022-10-16","Phipps Dr and Lenox Rd Ne","(C) Possible Injury / Complaint","Dark-Lighted","On Roadway - Roadway Intersection","Angle Crash","Phipps Dr","Dry","01:08:00","[""Unknown"",""Unknown""]","Clear",0,33.851805,-84.363566,"Atlanta","FULTON","[""Motor Vehicle in Motion"",""Motor Vehicle in Motion""]","Failure to Yield","[""Motor Vehicle in Motion"",""Motor Vehicle in Motion""]"
0,0,"Dekalb Co Police Department","2022-10-16","Clifton Rd and Houston Mill Rd","(C) Possible Injury / Complaint","Daylight","Off Roadway - Sidewalk","Not a Collision with Motor Vehicle","Clifton Rd","Dry","14:21:00","[""Unknown"",""Unknown""]","Clear",0,33.798525,-84.323751,"Atlanta","DEKALB","[""Pedestrian"",""Motor Vehicle in Motion""]","Failure to Yield","Pedestrian"
0,0,"Atlanta Police Department","2022-10-16","Magnolia St Nw and Northside Dr Nw","(C) Possible Injury / Complaint","Daylight","On Roadway - Roadway Intersection","Rear End","Northside Dr Nw","Dry","16:45:00","[""Lap and Shoulder Belt Used"",""Lap and Shoulder Belt Used"",""Lap and Shoulder Belt Used""]","Clear",0,33.758074,-84.402772,"Atlanta","FULTON","[""Motor Vehicle in Motion"",""Motor Vehicle in Motion""]","Following Too Close","[""Motor Vehicle in Motion"",""Motor Vehicle in Motion""]"
0,0,"Atlanta Police Department","2022-10-16","Daniel St Se and Edgewood Ave Se","(O) No Injury","Daylight","On Roadway - Non-Intersection","Sideswipe-Same Direction","Daniel St Se","Dry","14:45:00","Unknown","Clear",0,33.754059,-84.371211,"Atlanta","FULTON","[""Parked Motor Vehicle"",""Motor Vehicle in Motion""]","Misjudged Clearance","Motor Vehicle in Motion"
0,0,"Atlanta Police Department","2022-10-16","North Ave Nw and W Peachtree St Nw","(C) Possible Injury / Complaint","Daylight","On Roadway - Roadway Intersection","Rear End","W Peachtree St Nw","Dry","11:53:00","[""Unknown"",""Unknown"",""Unknown"",""Unknown""]","Clear",0,33.771234,-84.387421,"Atlanta","FULTON","[""Motor Vehicle in Motion"",""Motor Vehicle in Motion""]","Following Too Close","[""Motor Vehicle in Motion"",""Motor Vehicle in Motion""]"
0,0,"Atlanta Police Department","2022-10-16","None and Cleveland Ave Sw Rp","(O) No Injury","Dark-Not Lighted","Entrance/Exit Ramp","Not a Collision with Motor Vehicle","Cleveland Ave Sw Rp","Dry","05:00:00","Lap and Shoulder Belt Used","Clear",0,33.681139,-84.412126,"Atlanta","FULTON","Other Post/ Pole Support","Changed Lanes Improperly","Other Post / Pole Support"
0,0,"Atlanta Police Department","2022-10-16","11Th St Nw and Howell Mill Rd Nw","(O) No Injury","Dark-Lighted","On Roadway - Managed Lane (HOV, HOT, Reversible)","Rear End","11Th St Nw","Dry","00:28:00","[""Lap and Shoulder Belt Used"",""Lap and Shoulder Belt Used""]","Clear",0,33.782976,-84.41167,"Atlanta","FULTON","[""Motor Vehicle in Motion"",""Motor Vehicle in Motion""]","Following Too Close","[""Motor Vehicle in Motion"",""Motor Vehicle in Motion""]"
0,0,"Atlanta Police Department","2022-10-16","Mcdaniel St Sw and Ralph David Abernathy Blvd Sw","(O) No Injury","Dark-Lighted","On Roadway - Non-Intersection","Rear End","Mcdaniel St Sw","Dry","18:50:00","[""Unknown"",""Unknown"",""Unknown"",""Unknown""]","Clear",0,33.737417,-84.401645,"Atlanta","FULTON","[""Motor Vehicle in Motion"",""Motor Vehicle in Motion""]","Under the Influence (U.I.)","[""Motor Vehicle in Motion"",""Motor Vehicle in Motion""]"
0,0,"Atlanta Police Department","2022-10-16","Mitchell St Sw and Northside Dr Sw","(O) No Injury","Dark-Lighted","On Roadway - Roadway Intersection","Rear End","Mitchell St Sw","Dry","01:20:00","[""Unknown"",""Unknown"",""Unknown""]","Clear",0,33.753874,-84.402811,"Atlanta","FULTON","[""Other Non-Collision"",""Other Non-Collision""]","Following Too Close","[""Motor Vehicle in Motion"",""Motor Vehicle in Motion""]"
0,0,"Atlanta Police Department","2022-10-16","14Th St Nw and Northside Dr Nw","(C) Possible Injury / Complaint","Daylight","On Roadway - Roadway Intersection","Angle Crash","14Th St Nw","Dry","16:45:00","[""Unknown"",""Unknown""]","Clear",0,33.786224,-84.407445,"Atlanta","FULTON","[""Motor Vehicle in Motion"",""Motor Vehicle in Motion""]",,"[""Motor Vehicle in Motion"",""Motor Vehicle in Motion""]"
0,0,"Atlanta Police Department","2022-10-16","Moreland Ave Ne and Ponce De Leon Ave Ne","(C) Possible Injury / Complaint","Dark-Lighted","On Roadway - Non-Intersection","Head On","Ponce De Leon Ave Ne","Dry","21:00:00","[""Lap and Shoulder Belt Used"",""Lap and Shoulder Belt Used"",""Lap and Shoulder Belt Used""]","Clear",0,33.773836,-84.349798,"Atlanta","FULTON","[""Motor Vehicle in Motion"",""Motor Vehicle in Motion""]","[""Changed Lanes Improperly"",""Driver Condition"",""Under the Influence (U.I.)""]","[""Motor Vehicle in Motion"",""Motor Vehicle in Motion""]"
0,0,"Atlanta Police Department","2022-10-16","11Th St Nw and Northside Dr Nw","(O) No Injury","Dark-Lighted","On Roadway - Non-Intersection","Rear End","11Th St Nw","Dry","23:00:00","[""Unknown"",""Unknown""]","Clear",0,33.783004,-84.407468,"Atlanta","FULTON","[""Motor Vehicle in Motion"",""Parked Motor Vehicle""]","Following Too Close","[""Motor Vehicle in Motion"",""Motor Vehicle in Motion""]"
0,0,"Atlanta Police Department","2022-10-16","Fair St Sw and Walker St Sw","(O) No Injury","Daylight","On Roadway - Roadway Intersection","Rear End","Walker St Sw","Dry","13:50:00","[""Unknown"",""Unknown"",""Unknown""]","Clear",0,33.748687,-84.402375,"Atlanta","FULTON","[""Motor Vehicle in Motion"",""Motor Vehicle in Motion""]",,"[""Motor Vehicle in Motion"",""Motor Vehicle in Motion""]"
0,0,"Atlanta Police Department","2022-10-16","Morosgo Dr Ne and Morosgo Way Ne","(O) No Injury","Daylight","On Roadway - Non-Intersection","Rear End","Morosgo Dr Ne","Dry","16:00:00","[""Lap and Shoulder Belt Used"",""Lap and Shoulder Belt Used""]","Clear",0,33.823446,-84.365578,"Atlanta","FULTON","[""Motor Vehicle in Motion"",""Motor Vehicle in Motion""]","Following Too Close","[""Motor Vehicle in Motion"",""Motor Vehicle in Motion""]"
0,0,"Atlanta Police Department","2022-10-16","Tift St Sw and Whitehall St Sw","(K) Fatal Injury","Dark-Lighted","Off Roadway","Not a Collision with Motor Vehicle","Whitehall St Sw","Dry","23:25:00","None Used","Clear",1,33.741531,-84.410633,"Atlanta","FULTON","Guard Rail Face","Driver Lost Control","Other - Fixed Object"
0,0,"Atlanta Police Department","2022-10-16","Moreland Ave Se and Mcpherson Ave Se","(O) No Injury","Dark-Lighted","On Roadway - Non-Intersection","Angle Crash","Moreland Ave Se","Dry","03:00:00","[""Lap and Shoulder Belt Used"",""Lap and Shoulder Belt Used"",""Lap and Shoulder Belt Used""]","Clear",0,33.743545,-84.349235,"Atlanta","FULTON","[""Motor Vehicle in Motion"",""Motor Vehicle in Motion""]","Too Fast for Conditions","[""Motor Vehicle in Motion"",""Motor Vehicle in Motion""]"
0,0,"Atlanta Police Department","2022-10-16","I-20 E and W Whitehall St Sw","(C) Possible Injury / Complaint","Daylight","On Roadway - Non-Intersection","Sideswipe-Same Direction","W Whitehall St Sw","Dry","19:00:00","[""None Used"",""None Used""]","Clear",0,33.741301,-84.41159,"Atlanta","FULTON","[""Motor Vehicle in Motion"",""Motor Vehicle in Motion""]",,"[""Motor Vehicle in Motion"",""Motor Vehicle in Motion""]"
0,0,"Atlanta Police Department","2022-10-16","Piedmont Rd Ne and Peachtree Rd Ne","(O) No Injury","Daylight","On Roadway - Roadway Intersection","Angle Crash","Peachtree Rd Ne","Dry","13:00:00","[""None Used"",""None Used""]","Clear",0,33.843735,-84.371356,"Atlanta","FULTON","[""Motor Vehicle in Motion"",""Motor Vehicle in Motion""]","Changed Lanes Improperly","[""Motor Vehicle in Motion"",""Motor Vehicle in Motion""]"
0,0,"Gsp Post 00","2022-10-16","Mitchell St and Washington St X Mitchell St","(C) Possible Injury / Complaint","Daylight","On Roadway - Non-Intersection","Rear End","Washington St X Mitchell St","Dry","17:25:00","[""Lap and Shoulder Belt Used"",""Lap Belt Only Used"",""Lap and Shoulder Belt Used"",""Lap and Shoulder Belt Used""]","Clear",0,33.748902,-84.389342,"Atlanta","FULTON","[""Motor Vehicle in Motion"",""Motor Vehicle in Motion""]","Following Too Close","[""Motor Vehicle in Motion"",""Motor Vehicle in Motion""]"
0,0,"Atlanta Police Department","2022-10-16","None and I-285 Exit 5A Rp","(O) No Injury","Daylight","On Shoulder","Rear End","I-285 Exit 5A Rp","Dry","16:09:00","[""Unknown"",""Unknown""]","Clear",0,33.688298,-84.501367,"Atlanta","FULTON","[""Motor Vehicle in Motion"",""Motor Vehicle in Motion""]","Following Too Close","[""Motor Vehicle in Motion"",""Motor Vehicle in Motion""]"
0,0,"Atlanta Police Department","2022-10-16","I-20 and Exit 56B","(O) No Injury","Dark-Lighted","On Roadway - Roadway Intersection","Rear End","I-20","Dry","00:00:00","[""Unknown"",""Unknown"",""Unknown"",""Unknown""]","Clear",0,33.742734,-84.403279,"Atlanta","FULTON","[""Motor Vehicle in Motion"",""Motor Vehicle in Motion""]",,"[""Motor Vehicle in Motion"",""Motor Vehicle in Motion""]"
0,0,"Atlanta Police Department","2022-10-16","I-75 S and University Ave Sw","(O) No Injury","Dark-Lighted","On Roadway - Non-Intersection","Head On","University Ave Sw","Dry","22:00:00","[""Unknown"",""Unknown"",""Unknown""]","Clear",0,33.722034,-84.3956,"Atlanta","FULTON","[""Motor Vehicle in Motion"",""Motor Vehicle in Motion""]",,"[""Motor Vehicle in Motion"",""Motor Vehicle in Motion""]"
0,0,"Atlanta Police Department","2022-10-16","None and I-75","(O) No Injury","Daylight","On Roadway - Non-Intersection","Rear End","I-75","Dry","16:03:00","[""Unknown"",""Unknown""]","Clear",0,33.765335,-84.385134,"Atlanta","FULTON","[""Parked Motor Vehicle"",""Motor Vehicle in Motion""]","Following Too Close","[""Parked Motor Vehicle"",""Motor Vehicle in Motion""]"
0,0,"Atlanta Police Department","2022-10-16","Marietta St Nw and Centennial Olympic Park Dr Nw","(C) Possible Injury / Complaint","Daylight","On Roadway - Roadway Intersection","Rear End","Marietta St Nw","Dry","17:30:00","[""Lap and Shoulder Belt Used"",""Lap and Shoulder Belt Used""]","Clear",0,33.757896,-84.393502,"Atlanta","FULTON","[""Motor Vehicle in Motion"",""Motor Vehicle in Motion""]","[""Under the Influence (U.I.)"",""Following Too Close""]","[""Motor Vehicle in Motion"",""Motor Vehicle in Motion""]"
0,0,"Atlanta Police Department","2022-10-16","Moreland Ave Se and Mcpherson Ave Se","(C) Possible Injury / Complaint","Dark-Not Lighted","On Roadway - Non-Intersection","Angle Crash","Moreland Ave Se","Dry","20:00:00","[""Lap and Shoulder Belt Used"",""Lap and Shoulder Belt Used""]","Clear",0,33.743591,-84.349235,"Atlanta","FULTON","[""Motor Vehicle in Motion"",""Motor Vehicle in Motion""]","[""Changed Lanes Improperly"",""Following Too Close""]","[""Motor Vehicle in Motion"",""Motor Vehicle in Motion""]"
0,0,"Atlanta Police Department","2022-10-16","Northside Pkwy Nw and W Paces Ferry Rd Nw","(O) No Injury","Dark-Lighted","On Roadway - Driveway Intersection","Sideswipe-Same Direction","Northside Pkwy Nw","Dry","20:54:00","[""Lap and Shoulder Belt Used"",""Lap and Shoulder Belt Used""]","Clear",0,33.849172,-84.430053,"Atlanta","FULTON","[""Motor Vehicle in Motion"",""Motor Vehicle in Motion""]","Failure to Yield","[""Motor Vehicle in Motion"",""Motor Vehicle in Motion""]"
0,0,"Atlanta Police Department","2022-10-16","None and I-285","(O) No Injury","Dark-Not Lighted","On Shoulder","Rear End","I-285","Dry","21:30:00","[""Unknown"",""Unknown""]","Clear",0,33.722929,-84.502567,"Atlanta","FULTON","[""Motor Vehicle in Motion"",""Motor Vehicle in Motion""]","Following Too Close","[""Motor Vehicle in Motion"",""Motor Vehicle in Motion""]"
1,0,"Atlanta Police Department","2022-10-16","North Ave Nw and I-75 Hov Lane","(A) Suspected Serious Injury","Daylight","On Roadway - Non-Intersection","Not a Collision with Motor Vehicle","North Ave Nw","Dry","16:00:00","[""Unknown"",""Unknown"",""Unknown""]","Clear",0,33.769773,-84.390581,"Atlanta","FULTON","[""Motor Vehicle in Motion"",""Motor Vehicle in Motion""]","Following Too Close","[""Motor Vehicle in Motion"",""Motor Vehicle in Motion""]"
0,1,"Atlanta Police Department","2022-10-16","I-85 S and 17Th St Nw","(B) Suspected Minor/Visible Injury","Dark-Lighted","On Roadway - Non-Intersection","Angle Crash","17Th St Nw","Dry","05:19:00","[""Lap and Shoulder Belt Used"",""Lap and Shoulder Belt Used"",""Lap and Shoulder Belt Used""]","Cloudy",0,33.792337,-84.392204,"Atlanta","FULTON","[""Motor Vehicle in Motion"",""Motor Vehicle in Motion"",""Motor Vehicle in Motion""]","[""Changed Lanes Improperly"",""Reckless Driving"",""Exceeding Speed Limit""]","[""Motor Vehicle in Motion"",""Motor Vehicle in Motion"",""Motor Vehicle in Motion""]"
0,0,"Atlanta Police Department","2022-10-16","Pharr Rd Ne and Piedmont Rd Ne","(O) No Injury","Dark-Lighted","On Roadway - Roadway Intersection","Sideswipe-Same Direction","Piedmont Rd Ne","Dry","20:08:00","[""Unknown"",""Unknown"",""Unknown""]","Clear",0,33.836872,-84.368052,"Atlanta","FULTON","[""Motor Vehicle in Motion"",""Motor Vehicle in Motion""]",,"[""Motor Vehicle in Motion"",""Motor Vehicle in Motion""]"
0,0,"Atlanta Police Department","2022-10-16","Lakewood Ave Se and Shadydale Ave Se","(C) Possible Injury / Complaint","Dark-Lighted","On Roadway - Non-Intersection","Head On","Shadydale Ave Se","Dry","05:30:00","[""Unknown"",""Unknown""]","Clear",0,33.702094,-84.385152,"Atlanta","FULTON","[""Motor Vehicle in Motion"",""Motor Vehicle in Motion""]",,"[""Motor Vehicle in Motion"",""Motor Vehicle in Motion""]"
0,1,"Atlanta Police Department","2022-10-16","Ponce De Leon Ave Ne and John Lewis Freedom Pkwy Ne","(B) Suspected Minor/Visible Injury","Daylight","On Roadway - In Crosswalk","Not a Collision with Motor Vehicle","John Lewis Freedom Pkwy Ne","Dry","17:20:00","[""Unknown"",""None Used""]","Clear",0,33.773718,-84.359942,"Atlanta","FULTON","[""Pedestrian"",""Pedestrian""]","Failure to Yield","Motor Vehicle in Motion"
1,0,"Atlanta Police Department","2022-10-16","Ellsworth Dr Nw and Chattahoochee Ave Nw","(A) Suspected Serious Injury","Dark-Lighted","On Roadway - Non-Intersection","Not a Collision with Motor Vehicle","Ellsworth Dr Nw","Dry","03:30:00","[""Unknown"",""None Used""]","Clear",0,33.800588,-84.427016,"Atlanta","FULTON","[""Pedestrian"",""Pedestrian""]","[""Aggressive Driving"",""Reckless Driving""]","Pedestrian"
0,0,"Atlanta Police Department","2022-10-16","None and I-75","(C) Possible Injury / Complaint","Dark-Lighted","On Roadway - Non-Intersection","Rear End","I-75","Dry","20:35:00","[""Unknown"",""Lap and Shoulder Belt Used"",""Lap and Shoulder Belt Used""]","Clear",0,33.774412,-84.390468,"Atlanta","FULTON","[""Motor Vehicle in Motion"",""Motor Vehicle in Motion""]","Following Too Close","[""Motor Vehicle in Motion"",""Motor Vehicle in Motion""]"
0,1,"Atlanta Police Department","2022-10-16","Anderson Ave Nw and Waterbury Dr Nw","(B) Suspected Minor/Visible Injury","Dark-Not Lighted","Off Roadway","Not a Collision with Motor Vehicle","Waterbury Dr Nw","Dry","19:30:00","Unknown","Clear",0,33.755015,-84.446052,"Atlanta","FULTON","Other Non-Collision","Too Fast for Conditions","Utility Pole"
0,0,"Atlanta Police Department","2022-10-16","Peachtree Battle Pl Nw and Peachtree Battle Ave Nw","(O) No Injury","Daylight","On Roadway - Roadway Intersection","Sideswipe-Same Direction","Peachtree Battle Pl Nw","Dry","17:30:00","[""Unknown"",""Unknown""]","Clear",0,33.8272,-84.433028,"Atlanta","FULTON","[""Motor Vehicle in Motion"",""Motor Vehicle in Motion""]","Failure to Yield","[""Motor Vehicle in Motion"",""Motor Vehicle in Motion""]"
0,0,"Atlanta Police Department","2022-10-16","Forsyth St Sw and Trinity Ave Sw","(O) No Injury","Daylight","On Roadway - Roadway Intersection","Head On","Forsyth St Sw","Dry","12:30:00","[""Lap and Shoulder Belt Used"",""Lap and Shoulder Belt Used""]","Clear",0,33.750543,-84.395159,"Atlanta","FULTON","[""Motor Vehicle in Motion"",""Motor Vehicle in Motion""]",,"[""Motor Vehicle in Motion"",""Motor Vehicle in Motion""]"
0,0,"Gsp Post 00","2022-10-16","I-75 South and Howell Mill Road","(O) No Injury","Dark-Lighted","On Shoulder","Sideswipe-Same Direction","I-75 South","Dry","00:18:00","Lap and Shoulder Belt Used","Clear",0,33.808013,-84.417463,"Atlanta","FULTON","[""Motor Vehicle in Motion"",""Motor Vehicle in Motion""]","Misjudged Clearance","[""Motor Vehicle in Motion"",""Motor Vehicle in Motion""]"
0,0,"Atlanta Police Department","2022-10-16","None and Northside Dr Nw","(C) Possible Injury / Complaint","Dark-Lighted","On Roadway - Non-Intersection","Sideswipe-Same Direction","Northside Dr Nw","Dry","19:50:00","[""Unknown"",""Unknown""]","Clear",0,33.772596,-84.408326,"Atlanta","FULTON","[""Motor Vehicle in Motion"",""Motor Vehicle in Motion""]",,"[""Motor Vehicle in Motion"",""Motor Vehicle in Motion""]"
0,0,"Atlanta Police Department","2022-10-16","Martin St Se and Milton Ave Se","(C) Possible Injury / Complaint","Dark-Not Lighted","On Roadway - Roadway Intersection","Angle Crash","Martin St Se","Dry","23:04:00","[""Unknown"",""Unknown"",""Unknown"",""Unknown""]","Clear",0,33.721475,-84.383318,"Atlanta","FULTON","[""Motor Vehicle in Motion"",""Motor Vehicle in Motion""]","Improper Turn","[""Motor Vehicle in Motion"",""Motor Vehicle in Motion""]"
0,0,"Atlanta Police Department","2022-10-16","Spring St Nw and Linden Ave Nw","(C) Possible Injury / Complaint","Daylight","On Roadway - Non-Intersection","Rear End","Spring St Nw","Dry","17:47:00","[""Unknown"",""Unknown"",""Unknown"",""Unknown""]","Clear",0,33.769548,-84.388881,"Atlanta","FULTON","[""Motor Vehicle in Motion"",""Motor Vehicle in Motion""]","[""Following Too Close"",""No Signal/Improper Signal""]","[""Motor Vehicle in Motion"",""Motor Vehicle in Motion""]"
0,0,"Atlanta Police Department","2022-10-16","None and I-285","(O) No Injury","Daylight","On Roadway - Non-Intersection","Sideswipe-Same Direction","I-285","Dry","12:50:00","[""Lap and Shoulder Belt Used"",""Lap and Shoulder Belt Used"",""Child Restraint System (Properly Used)"",""Lap and Shoulder Belt Used""]","Clear",0,33.753616,-84.495334,"Atlanta","FULTON","[""Motor Vehicle in Motion"",""Motor Vehicle in Motion""]","Misjudged Clearance","[""Motor Vehicle in Motion"",""Motor Vehicle in Motion""]"
0,0,"Atlanta Police Department","2022-10-16","Washington Pl Sw and Joseph E Lowery Blvd Sw","(C) Possible Injury / Complaint","Daylight","On Roadway - Roadway Intersection","Rear End","Washington Pl Sw","Dry","15:30:00","[""None Used"",""None Used""]","Clear",0,33.753561,-84.417564,"Atlanta","FULTON","[""Motor Vehicle in Motion"",""Motor Vehicle in Motion""]","Following Too Close","[""Motor Vehicle in Motion"",""Motor Vehicle in Motion""]"
0,0,"Atlanta Police Department","2022-10-16","I-20 and Exit 52B","(O) No Injury","Daylight","On Roadway - Non-Intersection","Rear End","I-20","Dry","17:00:00","[""Lap and Shoulder Belt Used"",""Lap and Shoulder Belt Used""]","Clear",0,33.755667,-84.467008,"Atlanta","FULTON","[""Motor Vehicle in Motion"",""Motor Vehicle in Motion""]","Following Too Close","[""Motor Vehicle in Motion"",""Motor Vehicle in Motion""]"
0,0,"Atlanta Police Department","2022-10-17","Brantley St Ne and Moreland Ave Ne","(O) No Injury","Daylight","On Roadway - Roadway Intersection","Angle Crash","Moreland Ave Ne","Dry","12:30:00","[""Lap and Shoulder Belt Used"",""Lap and Shoulder Belt Used""]","Clear",0,33.756896,-84.349086,"Atlanta","DEKALB","[""Motor Vehicle in Motion"",""Motor Vehicle in Motion""]","Failure to Yield","[""Motor Vehicle in Motion"",""Motor Vehicle in Motion""]"
0,0,"Atlanta Police Department","2022-10-17","14Th St Nw and Mecaslin St Nw","(O) No Injury","Daylight","On Roadway - Non-Intersection","Sideswipe-Same Direction","14Th St Nw","Dry","08:00:00","[""Lap and Shoulder Belt Used"",""Lap and Shoulder Belt Used""]","Clear",0,33.786196,-84.399912,"Atlanta","FULTON","[""Motor Vehicle in Motion"",""Motor Vehicle in Motion""]",,"[""Motor Vehicle in Motion"",""Motor Vehicle in Motion""]"