"# Serious Injuries","# Visible Injuries","Agency Name (Crash Level) ","Date","Intersection Name (from Crash Report)","KABCO Severity","Light Conditions (Crash Level)","Location at Impact (Crash Level) ","Manner of Collision (Crash Level) ","Roadway (From Crash Report)","Surface Condition (Crash Level) ","Time","Safety Equipment (Crash Level) ","Weather Conditions (Crash Level)","# of Fatalities per Crash","Latitude","Longitude","Geolocated City","Geolocated County","First Harmful Event (Unit Order)","Operator/Pedestrian Contrib Factor (excl None, Other, No Contrib Factors)","Most Harmful Event (Crash Level)"
0,1,"Atlanta Police Department","2022-10-23","Luckie St Nw and Ivan Allen Jr Blvd Nw","(B) Suspected Minor/Visible Injury","Daylight","On Roadway - Non-Intersection","Rear End","Ivan Allen Jr Blvd Nw","Dry","13:00:00","[""Unknown"",""Unknown"",""Unknown""]","Clear",0,33.764565,-84.395911,"Atlanta","FULTON","[""Motor Vehicle in Motion"",""Motor Vehicle in Motion""]",,"[""Motor Vehicle in Motion"",""Motor Vehicle in Motion""]"
0,0,"Atlanta Police Department","2022-10-23","18Th St Nw and W Peachtree St Nw","(O) No Injury","Dark-Not Lighted","On Roadway - Non-Intersection","Angle Crash","W Peachtree St Nw","Dry","19:06:00","[""Unknown"",""Unknown""]","Clear",0,33.794061,-84.387771,"Atlanta","FULTON","[""Motor Vehicle in Motion"",""Motor Vehicle in Motion""]","Changed Lanes Improperly","[""Motor Vehicle in Motion"",""Motor Vehicle in Motion""]"
0,0,"Atlanta Police Department","2022-10-23","None and I-75","(C) Possible Injury / Complaint","Dark-Lighted","Entrance/Exit Ramp","Sideswipe-Same Direction","I-75","Dry","01:00:00","[""Unknown"",""Unknown"",""Unknown"",""Unknown"",""Unknown""]","Clear",0,33.711522,-84.401304,"Atlanta","FULTON","[""Motor Vehicle in Motion"",""Motor Vehicle in Motion"",""Motor Vehicle in Motion""]","Changed Lanes Improperly","[""Motor Vehicle in Motion"",""Motor Vehicle in Motion"",""Motor Vehicle in Motion""]"
0,0,"Atlanta Police Department","2022-10-23","None and I-75","(C) Possible Injury / Complaint","Daylight","On Roadway - Non-Intersection","Rear End","I-75","Dry","15:30:00","[""Unknown"",""Lap and Shoulder Belt Used""]","Clear",0,33.737934,-84.391797,"Atlanta","FULTON","[""Motor Vehicle in Motion"",""Motor Vehicle in Motion""]","Following Too Close","[""Motor Vehicle in Motion"",""Motor Vehicle in Motion""]"
0,0,"Atlanta Police Department","2022-10-23","None and Ga-400","(O) No Injury","Dark-Not Lighted","On Roadway - Non-Intersection","Sideswipe-Same Direction","Ga-400","Dry","05:00:00","[""Unknown"",""Lap and Shoulder Belt Used""]","Clear",0,33.831073,-84.360028,"Atlanta","FULTON","[""Motor Vehicle in Motion"",""Motor Vehicle in Motion""]","Changed Lanes Improperly","[""Motor Vehicle in Motion"",""Motor Vehicle in Motion""]"
0,0,"Atlanta Police Department","2022-10-23","14Th St Nw and Mecaslin St Nw","(O) No Injury","Dark-Lighted","On Roadway - Managed Lane (HOV, HOT, Reversible)","Sideswipe-Same Direction","14Th St Nw","Dry","02:00:00","[""Unknown"",""Lap and Shoulder Belt Used""]","Clear",0,33.786194,-84.39945,"Atlanta","FULTON","[""Motor Vehicle in Motion"",""Motor Vehicle in Motion""]","Inattentive or Other Distraction (Distracted)","[""Motor Vehicle in Motion"",""Parked Motor Vehicle""]"
0,1,"Atlanta Police Department","2022-10-23","I-75 and I-85 S","(B) Suspected Minor/Visible Injury","Daylight","On Roadway - Non-Intersection","Rear End","I-75","Dry","17:38:00","[""Unknown"",""Unknown"",""Unknown"",""Child Restraint System (Properly Used)"",""Unknown"",""Unknown"",""Unknown""]","Clear",0,33.800687,-84.389792,"Atlanta","FULTON","[""Motor Vehicle in Motion"",""Motor Vehicle in Motion"",""Motor Vehicle in Motion""]","Following Too Close","[""Motor Vehicle in Motion"",""Motor Vehicle in Motion"",""Motor Vehicle in Motion""]"
0,0,"Atlanta Police Department","2022-10-23","Habersham Rd Nw and W Paces Ferry Rd Nw","(O) No Injury","Daylight","On Roadway - Roadway Intersection","Angle Crash","W Paces Ferry Rd Nw","Dry","16:08:00","[""Lap and Shoulder Belt Used"",""Lap and Shoulder Belt Used"",""Lap and Shoulder Belt Used""]","Clear",0,33.844039,-84.395386,"Atlanta","FULTON","[""Motor Vehicle in Motion"",""Motor Vehicle in Motion"",""Motor Vehicle in Motion""]",,"[""Motor Vehicle in Motion"",""Motor Vehicle in Motion"",""Motor Vehicle in Motion""]"
0,0,"Atlanta Police Department","2022-10-23","Peachtree Rd Ne and Kingsboro Rd Ne","(O) No Injury","Daylight","On Roadway - Roadway Intersection","Angle Crash","Kingsboro Rd Ne","Dry","14:00:00","[""Unknown"",""Unknown""]","Clear",0,33.855635,-84.351421,"Atlanta","FULTON","[""Motor Vehicle in Motion"",""Motor Vehicle in Motion""]","Improper Turn","[""Motor Vehicle in Motion"",""Motor Vehicle in Motion""]"
0,1,"Atlanta Police Department","2022-10-23","Adair Ave Ne and Barnett St Ne","(B) Suspected Minor/Visible Injury","Dark-Lighted","On Roadway - Roadway Intersection","Sideswipe-Opposite Direction","Barnett St Ne","Dry","22:20:00","[""Unknown"",""Bicycle Helmet""]","Clear",0,33.77995,-84.358685,"Atlanta","FULTON","[""Motor Vehicle in Motion"",""Motor Vehicle in Motion""]","Misjudged Clearance","[""Motor Vehicle in Motion"",""Motor Vehicle in Motion""]"
0,0,"Atlanta Police Department","2022-10-23","Bolling Way Ne and Peachtree Rd Ne","(C) Possible Injury / Complaint","Dark-Lighted","Off Roadway","Not a Collision with Motor Vehicle","Peachtree Rd Ne","Dry","02:50:00","Lap and Shoulder Belt Used","Clear",0,33.84029,-84.37836,"Atlanta","FULTON","Utility Pole","Inattentive or Other Distraction (Distracted)","Utility Pole"
0,0,"Atlanta Police Department","2022-10-23","Ponce De Leon Ct Ne and Ponce De Leon Ave Ne","(C) Possible Injury / Complaint","Dark-Lighted","On Roadway - Non-Intersection","Angle Crash","Ponce De Leon Ave Ne","Dry","23:05:00","[""Unknown"",""Unknown""]","Clear",0,33.773597,-84.36823,"Atlanta","FULTON","[""Motor Vehicle in Motion"",""Motor Vehicle in Motion""]","Failure to Yield","[""Motor Vehicle in Motion"",""Motor Vehicle in Motion""]"
0,0,"Atlanta Police Department","2022-10-23","I-85 N and Buford Hwy","(O) No Injury","Daylight","On Roadway - Non-Intersection","Rear End","Buford Hwy","Dry","06:40:00","Lap and Shoulder Belt Used","Clear",0,33.806847,-84.378583,"Atlanta","FULTON","[""Motor Vehicle in Motion"",""Motor Vehicle in Motion""]","Aggressive Driving","[""Motor Vehicle in Motion"",""Motor Vehicle in Motion""]"
0,0,"Atlanta Police Department","2022-10-23","None and Oakdale Rd Ne","(O) No Injury","Daylight","On Roadway - Non-Intersection","Sideswipe-Same Direction","Oakdale Rd Ne","Dry","12:00:00","Unknown","Clear",0,33.769474,-84.341648,"Atlanta","DEKALB","[""Motor Vehicle in Motion"",""Motor Vehicle in Motion""]","Changed Lanes Improperly","[""Motor Vehicle in Motion"",""Motor Vehicle in Motion""]"
0,0,"Atlanta Police Department","2022-10-23","Empire Blvd Sw and Zip Industrial Blvd Se","(C) Possible Injury / Complaint","Daylight","On Roadway - Non-Intersection","Rear End","Zip Industrial Blvd Se","Dry","16:51:00","[""Lap and Shoulder Belt Used"",""Lap and Shoulder Belt Used""]","Clear",0,33.655655,-84.388488,"Atlanta","FULTON","[""Motor Vehicle in Motion"",""Motor Vehicle in Motion""]","Changed Lanes Improperly","[""Motor Vehicle in Motion"",""Motor Vehicle in Motion""]"
0,0,"Atlanta Police Department","2022-10-23","Boulevard Ne and North Ave Ne","(O) No Injury","Dawn","On Roadway - Roadway Intersection","Angle Crash","North Ave Ne","Dry","19:05:00","[""Unknown"",""Unknown""]","Clear",0,33.771176,-84.371756,"Atlanta","FULTON","[""Motor Vehicle in Motion"",""Motor Vehicle in Motion""]","Disregard Police - Traffic Control","[""Motor Vehicle in Motion"",""Motor Vehicle in Motion""]"
0,0,"Atlanta Police Department","2022-10-23","None and Ga-400","(O) No Injury","Dark-Lighted","On Roadway - Non-Intersection","Rear End","Ga-400","Dry","00:13:00","[""Unknown"",""Unknown""]","Clear",0,33.850269,-84.368891,"Atlanta","FULTON","[""Motor Vehicle in Motion"",""Motor Vehicle in Motion""]","Following Too Close","[""Motor Vehicle in Motion"",""Motor Vehicle in Motion""]"
0,0,"Atlanta Police Department","2022-10-23","Peachtree Rd Ne and Oak Valley Rd Ne","(O) No Injury","Dark-Lighted","On Roadway - Roadway Intersection","Angle Crash","Peachtree Rd Ne","Dry","01:28:00","[""Lap and Shoulder Belt Used"",""Lap Belt Only Used""]","Clear",0,33.851658,-84.360965,"Atlanta","FULTON","[""Motor Vehicle in Motion"",""Motor Vehicle in Motion""]","Failure to Yield","[""Motor Vehicle in Motion"",""Motor Vehicle in Motion""]"
0,0,"Fulton Co Sheriff's Office","2022-10-23","14Th St Nw and Northside Dr Nw","(O) No Injury","Daylight","On Roadway - Roadway Intersection","Sideswipe-Same Direction","Northside Dr Nw","Dry","14:40:00","[""Unknown"",""Lap and Shoulder Belt Used""]","Clear",0,33.786224,-84.407445,"Atlanta","FULTON","[""Motor Vehicle in Motion"",""Motor Vehicle in Motion""]",,"[""Motor Vehicle in Motion"",""Motor Vehicle in Motion""]"
0,0,"Atlanta Police Department","2022-10-23","I-75 and Edgewood Ave Se","(O) No Injury","Daylight","On Roadway - Non-Intersection","Rear End","I-75","Dry","14:40:00","[""Lap and Shoulder Belt Used"",""Lap and Shoulder Belt Used"",""Lap and Shoulder Belt Used""]","Clear",0,33.754221,-84.378745,"Atlanta","FULTON","[""Motor Vehicle in Motion"",""Motor Vehicle in Motion""]","Following Too Close","[""Motor Vehicle in Motion"",""Motor Vehicle in Motion""]"
0,0,"Atlanta Police Department","2022-10-23","Fulton Industrial Blvd Nw and Donald Lee Hollowell Pkwy Nw","(C) Possible Injury / Complaint","Daylight","On Roadway - Roadway Intersection","Rear End","Fulton Industrial Blvd Nw","Dry","10:10:00","[""Lap and Shoulder Belt Used"",""Lap and Shoulder Belt Used"",""Lap and Shoulder Belt Used""]","Clear",0,33.789911,-84.496172,"Atlanta","FULTON","[""Motor Vehicle in Motion"",""Motor Vehicle in Motion"",""Motor Vehicle in Motion""]","Following Too Close","[""Motor Vehicle in Motion"",""Motor Vehicle in Motion"",""Motor Vehicle in Motion""]"
0,0,"Atlanta Police Department","2022-10-23","I-75 and North Ave Nw","(C) Possible Injury / Complaint","Daylight","On Roadway - Non-Intersection","Rear End","I-75","Dry","16:40:00","[""Unknown"",""Unknown""]","Clear",0,33.770828,-84.390081,"Atlanta","FULTON","[""Motor Vehicle in Motion"",""Motor Vehicle in Motion""]","Too Fast for Conditions","[""Motor Vehicle in Motion"",""Motor Vehicle in Motion""]"
0,0,"Atlanta Police Department","2022-10-23","Ga-400 and Lenox Rd Ne","(C) Possible Injury / Complaint","Daylight","On Roadway - Non-Intersection","Rear End","Ga-400","Dry","16:00:00","[""Unknown"",""Unknown"",""Unknown"",""Unknown"",""Unknown""]","Clear",0,33.85152,-84.369447,"Atlanta","FULTON","[""Motor Vehicle in Motion"",""Motor Vehicle in Motion"",""Motor Vehicle in Motion""]","[""Inattentive or Other Distraction (Distracted)"",""Following Too Close""]","[""Motor Vehicle in Motion"",""Motor Vehicle in Motion"",""Motor Vehicle in Motion""]"
0,0,"Gsp Post 00","2022-10-23","North Of Howell Mill Rd and Interstate 75 Northbound","(O) No Injury","Daylight","On Roadway - Non-Intersection","Rear End","Interstate 75 Northbound","Dry","16:28:00","[""Lap and Shoulder Belt Used"",""Lap and Shoulder Belt Used"",""Child Restraint System (Properly Used)"",""Child Restraint System (Properly Used)"",""Lap and Shoulder Belt Used""]","Clear",0,33.807685,-84.416664,"Atlanta","FULTON","[""Motor Vehicle in Motion"",""Motor Vehicle in Motion""]","Following Too Close","[""Motor Vehicle in Motion"",""Motor Vehicle in Motion""]"
0,0,"Atlanta Police Department","2022-10-23","Helena Ave Sw and Martin Luther King Jr Dr Sw","(O) No Injury","Dark-Lighted","Off Roadway","Angle Crash","Martin Luther King Jr Dr Sw","Dry","11:45:00","Unknown","Clear",0,33.750579,-84.44679,"Atlanta","FULTON","[""Motor Vehicle in Motion"",""Motor Vehicle in Motion""]","Improper Backing","[""Motor Vehicle in Motion"",""Motor Vehicle in Motion""]"
0,0,"Atlanta Police Department","2022-10-23","Piedmont Rd Ne and Habersham Rd Ne","(O) No Injury","Daylight","On Roadway - Roadway Intersection","Angle Crash","Piedmont Rd Ne","Dry","11:30:00","[""Lap and Shoulder Belt Used"",""Lap and Shoulder Belt Used""]","Clear",0,33.853339,-84.381598,"Atlanta","FULTON","[""Motor Vehicle in Motion"",""Motor Vehicle in Motion""]","Disregard Stop Sign/Signal","[""Motor Vehicle in Motion"",""Motor Vehicle in Motion""]"
0,0,"Atlanta Police Department","2022-10-23","I-20 W and W Lake Ave Sw","(C) Possible Injury / Complaint","Dark-Lighted","On Roadway - Non-Intersection","Rear End","W Lake Ave Sw","Dry","23:02:00","[""Unknown"",""Unknown""]","Clear",0,33.750929,-84.443889,"Atlanta","FULTON","[""Motor Vehicle in Motion"",""Motor Vehicle in Motion""]","Following Too Close","[""Motor Vehicle in Motion"",""Motor Vehicle in Motion""]"
0,0,"Atlanta Police Department","2022-10-23","None and I-85","(O) No Injury","Daylight","On Roadway - Non-Intersection","Sideswipe-Same Direction","I-85","Dry","15:00:00","[""Unknown"",""Unknown""]","Clear",0,33.790787,-84.390885,"Atlanta","FULTON","[""Motor Vehicle in Motion"",""Motor Vehicle in Motion""]","Changed Lanes Improperly","[""Motor Vehicle in Motion"",""Motor Vehicle in Motion""]"
0,0,"Atlanta Police Department","2022-10-23","North Ave Ne and Argonne Ave Ne","(O) No Injury","Dark-Lighted","On Roadway - Roadway Intersection","Angle Crash","North Ave Ne","Dry","21:00:00","[""Unknown"",""Unknown""]","Clear",0,33.771233,-84.377786,"Atlanta","FULTON","[""Motor Vehicle in Motion"",""Motor Vehicle in Motion""]","Improper Turn","[""Motor Vehicle in Motion"",""Motor Vehicle in Motion""]"
0,0,"Atlanta Police Department","2022-10-23","North Ave Nw and I-75 Hov Lane","(O) No Injury","Daylight","On Roadway - Non-Intersection","Sideswipe-Same Direction","I-75 Hov Lane","Dry","11:02:00","[""Lap and Shoulder Belt Used"",""Lap and Shoulder Belt Used""]","Clear",0,33.771381,-84.390062,"Atlanta","FULTON","[""Motor Vehicle in Motion"",""Motor Vehicle in Motion""]","Changed Lanes Improperly","[""Motor Vehicle in Motion"",""Motor Vehicle in Motion""]"
0,0,"Fulton Co Sheriff's Office","2022-10-23","Adamsville Dr Sw and M L King Jr Dr Sw","(C) Possible Injury / Complaint","Daylight","On Roadway - Non-Intersection","Head On","M L King Jr Dr Sw","Dry","15:35:00","[""Unknown"",""Unknown""]","Clear",0,33.763036,-84.50895,"Atlanta","FULTON","[""Motor Vehicle in Motion"",""Motor Vehicle in Motion""]","[""Misjudged Clearance"",""Driver Condition"",""Inattentive or Other Distraction (Distracted)""]","[""Impact Attenuate"",""Motor Vehicle in Motion""]"
0,0,"Atlanta Police Department","2022-10-23","None and I-20","(O) No Injury","Dark-Lighted","On Roadway - Non-Intersection","Angle Crash","I-20","Dry","02:37:00","[""Unknown"",""Unknown"",""Unknown"",""Unknown""]","Clear",0,33.765545,-84.50808,"Atlanta","FULTON","[""Motor Vehicle in Motion"",""Motor Vehicle in Motion"",""Motor Vehicle in Motion"",""Motor Vehicle in Motion""]",,"[""Motor Vehicle in Motion"",""Motor Vehicle in Motion"",""Motor Vehicle in Motion"",""Motor Vehicle in Motion""]"
0,0,"Atlanta Police Department","2022-10-23","Piedmont Rd Ne and Peachtree Rd Ne","(O) No Injury","Dark-Lighted","On Roadway - Non-Intersection","Angle Crash","Piedmont Rd Ne","Dry","21:15:00","[""Unknown"",""Unknown""]","Clear",0,33.843735,-84.371356,"Atlanta","FULTON","[""Motor Vehicle in Motion"",""Motor Vehicle in Motion""]","Failure to Yield","[""Motor Vehicle in Motion"",""Motor Vehicle in Motion""]"
0,0,"Atlanta Police Department","2022-10-23","N Highland Ave Ne and E John Lewis Freedom Pkwy Ne","(O) No Injury","Daylight","On Roadway - Non-Intersection","Head On","N Highland Ave Ne","Dry","18:13:00","[""Unknown"",""Unknown""]","Clear",0,33.769043,-84.35256,"Atlanta","FULTON","[""Motor Vehicle in Motion"",""Motor Vehicle in Motion""]","Misjudged Clearance","[""Motor Vehicle in Motion"",""Motor Vehicle in Motion""]"
0,0,"Atlanta Police Department","2022-10-23","Collier Rd Nw and Woodland Hills Ave Nw","(O) No Injury","Dusk","On Roadway - Non-Intersection","Not a Collision with Motor Vehicle","Collier Rd Nw","Dry","18:40:00","Unknown","Clear",0,33.810121,-84.41987,"Atlanta","FULTON","Other Non-Collision","Inattentive or Other Distraction (Distracted)","Utility Pole"
0,0,"Atlanta Police Department","2022-10-23","None and I-75 Exit 248 Rp","(O) No Injury","Dark-Lighted","On Roadway - Non-Intersection","Angle Crash","I-75 Exit 248 Rp","Dry","03:15:00","[""Unknown"",""Unknown""]","Clear",0,33.748536,-84.384832,"Atlanta","FULTON","[""Motor Vehicle in Motion"",""Motor Vehicle in Motion""]","[""Changed Lanes Improperly"",""Reckless Driving""]","[""Motor Vehicle in Motion"",""Motor Vehicle in Motion""]"
0,1,"Atlanta Police Department","2022-10-23","Forrest Park Rd Se and S River Industrial Blvd Se","(B) Suspected Minor/Visible Injury","Dark-Lighted","On Roadway - Non-Intersection","Rear End","Forrest Park Rd Se","Dry","05:25:00","[""Unknown"",""Lap and Shoulder Belt Used""]","Clear",0,33.683297,-84.36027,"Atlanta","FULTON","[""Motor Vehicle in Motion"",""Motor Vehicle in Motion""]","Following Too Close","[""Motor Vehicle in Motion"",""Motor Vehicle in Motion""]"
0,0,"Atlanta Police Department","2022-10-23","None and Langford Pkwy","(C) Possible Injury / Complaint","Daylight","On Roadway - Non-Intersection","Not a Collision with Motor Vehicle","Langford Pkwy","Dry","15:10:00","[""Unknown"",""Unknown""]","Clear",0,33.698603,-84.459978,"Atlanta","FULTON","[""Motor Vehicle in Motion"",""Motor Vehicle in Motion""]","Changed Lanes Improperly","[""Motor Vehicle in Motion"",""Motor Vehicle in Motion""]"
0,0,"Atlanta Police Department","2022-10-23","Sydney St Se and Boulevard Se","(O) No Injury","Daylight","On Roadway - Roadway Intersection","Angle Crash","Boulevard Se","Dry","18:25:00","[""Lap and Shoulder Belt Used"",""Lap and Shoulder Belt Used""]","Clear",0,33.741044,-84.368161,"Atlanta","FULTON","[""Motor Vehicle in Motion"",""Motor Vehicle in Motion""]",,"[""Motor Vehicle in Motion"",""Motor Vehicle in Motion""]"
0,0,"Gsp Post 00","2022-10-23","Kelly Street and Clarke Street","(O) No Injury","Dark-Not Lighted","On Roadway - Roadway Intersection","Not a Collision with Motor Vehicle","Clarke Street","Dry","21:05:00","Lap and Shoulder Belt Used","Cloudy",0,33.743956,-84.380414,"Atlanta","FULTON","[""Parked Motor Vehicle"",""Motor Vehicle in Motion""]","[""Disregard Police - Evasion"",""Reckless Driving""]","[""Parked Motor Vehicle"",""Motor Vehicle in Motion""]"
0,0,"Atlanta Police Department","2022-10-23","I-75 and Exit 246","(O) No Injury","Dusk","On Roadway - Non-Intersection","Sideswipe-Same Direction","I-75","Dry","19:00:00","[""Lap and Shoulder Belt Used"",""Lap and Shoulder Belt Used""]","Clear",0,33.732224,-84.39195,"Atlanta","FULTON","[""Motor Vehicle in Motion"",""Motor Vehicle in Motion""]","Changed Lanes Improperly","Motor Vehicle in Motion"
0,0,"Atlanta Police Department","2022-10-23","Fairburn Rd Sw and Benjamin E Mays Dr Sw","(O) No Injury","Dark-Lighted","On Roadway - Non-Intersection","Not a Collision with Motor Vehicle","Fairburn Rd Sw","Dry","05:06:00","Unknown","Clear",0,33.740207,-84.510218,"Atlanta","FULTON","Animal",,"Animal"
0,0,"Atlanta Police Department","2022-10-23","None and I-285","(O) No Injury","Daylight","On Roadway - Non-Intersection","Not a Collision with Motor Vehicle","I-285","Dry","12:49:00","Booster Seat (Properly Used)","Clear",0,33.695467,-84.499759,"Atlanta","FULTON","Other Object (Not Fixed)",,"Other Object (Not Fixed)"
0,0,"Atlanta Police Department","2022-10-23","None and Langford Pkwy","(C) Possible Injury / Complaint","Daylight","On Roadway - Non-Intersection","Rear End","Langford Pkwy","Dry","15:20:00","[""Unknown"",""Lap and Shoulder Belt Used""]","Clear",0,33.69779,-84.401884,"Atlanta","FULTON","[""Motor Vehicle in Motion"",""Motor Vehicle in Motion""]","Aggressive Driving","[""Motor Vehicle in Motion"",""Motor Vehicle in Motion""]"
0,0,"Atlanta Police Department","2022-10-23","14Th St Nw and Spring St Nw","(O) No Injury","Dark-Lighted","On Roadway - Roadway Intersection","Rear End","Spring St Nw","Dry","21:39:00","[""Lap and Shoulder Belt Used"",""Lap and Shoulder Belt Used""]","Clear",0,33.786586,-84.389236,"Atlanta","FULTON","[""Motor Vehicle in Motion"",""Motor Vehicle in Motion""]","Following Too Close","[""Motor Vehicle in Motion"",""Motor Vehicle in Motion""]"
0,0,"Atlanta Police Department","2022-10-23","I-75 and Edgewood Ave Se","(O) No Injury","Daylight","On Roadway - Non-Intersection","Rear End","I-75","Dry","11:00:00","[""Lap and Shoulder Belt Used"",""Lap and Shoulder Belt Used"",""Lap and Shoulder Belt Used""]","Clear",0,33.754382,-84.378701,"Atlanta","FULTON","[""Motor Vehicle in Motion"",""Motor Vehicle in Motion"",""Motor Vehicle in Motion""]",,"[""Motor Vehicle in Motion"",""Motor Vehicle in Motion"",""Motor Vehicle in Motion""]"
0,0,"Atlanta Police Department","2022-10-23","W Lake Ave Nw and Joseph E Boone Blvd Nw","(C) Possible Injury / Complaint","Daylight","On Roadway - Non-Intersection","Angle Crash","W Lake Ave Nw","Dry","09:49:00","[""Lap and Shoulder Belt Used"",""Lap and Shoulder Belt Used""]","Clear",0,33.764464,-84.441026,"Atlanta","FULTON","[""Motor Vehicle in Motion"",""Motor Vehicle in Motion""]","Failure to Yield","[""Motor Vehicle in Motion"",""Motor Vehicle in Motion""]"
0,0,"Atlanta Police Department","2022-10-23","10Th St Ne and Charles Allen Dr Ne","(O) No Injury","Dark-Lighted","On Roadway - Non-Intersection","Rear End","10Th St Ne","Dry","02:47:00","Unknown","Clear",0,33.781775,-84.373122,"Atlanta","FULTON","[""Motor Vehicle in Motion"",""Motor Vehicle in Motion""]","Under the Influence (U.I.)","[""Motor Vehicle in Motion"",""Motor Vehicle in Motion""]"
0,0,"Atlanta Police Department","2022-10-23","Courtland St Ne and John Wesley Dobbs Ave Ne","(O) No Injury","Dark-Lighted","On Roadway - Roadway Intersection","Sideswipe-Same Direction","John Wesley Dobbs Ave Ne","Dry","01:00:00","[""Unknown"",""Unknown""]","Clear",0,33.75711,-84.383537,"Atlanta","FULTON","[""Railway Train/Street Car"",""Railway Train/Street Car""]","Changed Lanes Improperly","[""Motor Vehicle in Motion"",""Motor Vehicle in Motion""]"
0,0,"Atlanta Police Department","2022-10-23","Francis Pl Nw and Donald Lee Hollowell Pkwy Nw","(C) Possible Injury / Complaint","Dark-Lighted","Off Roadway","Not a Collision with Motor Vehicle","Francis Pl Nw","Dry","02:15:00","Lap and Shoulder Belt Used","Clear",0,33.77158,-84.43804,"Atlanta","FULTON","Motor Vehicle in Motion","Driver Lost Control","Motor Vehicle in Motion"
0,0,"Atlanta Police Department","2022-10-23","Simpson St Nw and Centennial Olympic Park Dr Nw","(O) No Injury","Dark-Lighted","Off Roadway","Angle Crash","Centennial Olympic Park Dr Nw","Dry","18:55:00","Unknown","Clear",0,33.763555,-84.392006,"Atlanta","FULTON","[""Motor Vehicle in Motion"",""Motor Vehicle in Motion"",""Motor Vehicle in Motion""]","Aggressive Driving","[""Motor Vehicle in Motion"",""Motor Vehicle in Motion""]"
0,0,"Atlanta Police Department","2022-10-23","None and I-75","(O) No Injury","Dusk","On Roadway - Non-Intersection","Sideswipe-Same Direction","I-75","Dry","23:33:00","[""Lap and Shoulder Belt Used"",""Lap and Shoulder Belt Used""]","Clear",0,33.702602,-84.404173,"Atlanta","FULTON","[""Motor Vehicle in Motion"",""Motor Vehicle in Motion""]","[""Driver Condition"",""Driver Condition""]","[""Motor Vehicle in Motion"",""Motor Vehicle in Motion""]"
0,0,"Atlanta Police Department","2022-10-23","S Grand Ave Nw and Donald Lee Hollowell Pkwy Nw","(O) No Injury","Daylight","On Roadway - Roadway Intersection","Rear End","Donald Lee Hollowell Pkwy Nw","Dry","15:20:00","[""Unknown"",""Unknown""]","Clear",0,33.777245,-84.46237,"Atlanta","FULTON","[""Motor Vehicle in Motion"",""Motor Vehicle in Motion""]","[""Following Too Close"",""Reaction to Object or Animal""]","[""Motor Vehicle in Motion"",""Motor Vehicle in Motion""]"
0,0,"Atlanta Police Department","2022-10-23","I-75 and Langford Pkwy","(O) No Injury","Daylight","On Roadway - Non-Intersection","Rear End","I-75","Dry","17:30:00","[""Unknown"",""Unknown"",""Unknown""]","Clear",0,33.697042,-84.404704,"Atlanta","FULTON","[""Motor Vehicle in Motion"",""Motor Vehicle in Motion""]",,"[""Motor Vehicle in Motion"",""Motor Vehicle in Motion""]"
0,0,"Atlanta Police Department","2022-10-23","I-20 W and Boulevard Se","(C) Possible Injury / Complaint","Dark-Lighted","Entrance/Exit Ramp","Not a Collision with Motor Vehicle","Boulevard Se","Dry","02:00:00","Unknown","Clear",0,33.743905,-84.368138,"Atlanta","FULTON","Median Barrier","Driver Lost Control","Median Barrier"
0,0,"Atlanta Police Department","2022-10-23","Bronner Bros Way Sw and Metropolitan Pkwy Sw","(C) Possible Injury / Complaint","Daylight","On Roadway - Non-Intersection","Rear End","Metropolitan Pkwy Sw","Dry","16:50:00","[""Unknown"",""Unknown""]","Clear",0,33.736953,-84.408151,"Atlanta","FULTON","[""Motor Vehicle in Motion"",""Motor Vehicle in Motion""]","Following Too Close","[""Motor Vehicle in Motion"",""Motor Vehicle in Motion""]"
0,0,"Atlanta Police Department","2022-10-23","None and I-20","(O) No Injury","Daylight","On Roadway - Non-Intersection","Rear End","I-20","Dry","15:13:00","[""Lap and Shoulder Belt Used"",""Lap and Shoulder Belt Used""]","Clear",0,33.743441,-84.370736,"Atlanta","FULTON","[""Motor Vehicle in Motion"",""Motor Vehicle in Motion""]",,"[""Motor Vehicle in Motion"",""Motor Vehicle in Motion""]"
0,1,"Atlanta Police Department","2022-10-23","Moores Mill Rd Nw and Margaret Mitchell Dr Nw","(B) Suspected Minor/Visible Injury","Daylight","On Roadway - Non-Intersection","Head On","Moores Mill Rd Nw","Dry","17:20:00","[""Lap and Shoulder Belt Used"",""Lap and Shoulder Belt Used"",""Lap and Shoulder Belt Used""]","Clear",0,33.826356,-84.441495,"Atlanta","FULTON","[""Motor Vehicle in Motion"",""Motor Vehicle in Motion""]","[""Under the Influence (U.I.)"",""Wrong Side of Road""]","[""Parked Motor Vehicle"",""Motor Vehicle in Motion""]"
0,0,"Atlanta Police Department","2022-10-23","Eleanor St Se and Memorial Dr Se","(C) Possible Injury / Complaint","Daylight","On Roadway - Non-Intersection","Rear End","Memorial Dr Se","Dry","11:00:00","[""Unknown"",""Unknown"",""Unknown""]","Clear",0,33.74741,-84.324198,"Atlanta","DEKALB","[""Motor Vehicle in Motion"",""Motor Vehicle in Motion""]","[""Following Too Close"",""Other Interior Distraction (Distracted)""]","[""Motor Vehicle in Motion"",""Motor Vehicle in Motion""]"