"# Serious Injuries","# Visible Injuries","Agency Name (Crash Level) ","Date","Intersection Name (from Crash Report)","KABCO Severity","Light Conditions (Crash Level)","Location at Impact (Crash Level) ","Manner of Collision (Crash Level) ","Roadway (From Crash Report)","Surface Condition (Crash Level) ","Time","Safety Equipment (Crash Level) ","Weather Conditions (Crash Level)","# of Fatalities per Crash","Latitude","Longitude","Geolocated City","Geolocated County","First Harmful Event (Unit Order)","Operator/Pedestrian Contrib Factor (excl None, Other, No Contrib Factors)","Most Harmful Event (Crash Level)"
0,0,"Atlanta Police Department","2022-10-23","Audubon Ct Sw and Cascade Rd Sw","(C) Possible Injury / Complaint","Daylight","On Roadway - Non-Intersection","Angle Crash","Cascade Rd Sw","Dry","13:30:00","[""Unknown"",""Unknown"",""Unknown""]","Clear",0,33.720657,-84.469181,"Atlanta","FULTON","[""Motor Vehicle in Motion"",""Motor Vehicle in Motion"",""Motor Vehicle in Motion""]","Failure to Yield","[""Motor Vehicle in Motion"",""Motor Vehicle in Motion"",""Motor Vehicle in Motion""]"
0,0,"Atlanta Police Department","2022-10-23","None and I-20","(O) No Injury","Dark-Not Lighted","On Roadway - Non-Intersection","Rear End","I-20","Dry","02:00:00","[""Unknown"",""Unknown""]","Clear",0,33.766133,-84.502245,"Atlanta","FULTON","[""Motor Vehicle in Motion"",""Motor Vehicle in Motion""]","Improper Backing","[""Motor Vehicle in Motion"",""Motor Vehicle in Motion""]"
0,0,"Atlanta Police Department","2022-10-23","14Th St Nw and Spring St Nw","(O) No Injury","Dark-Lighted","On Roadway - Roadway Intersection","Sideswipe-Same Direction","Spring St Nw","Dry","01:05:00","[""Unknown"",""Unknown""]","Clear",0,33.786586,-84.389236,"Atlanta","FULTON","[""Motor Vehicle in Motion"",""Motor Vehicle in Motion""]","Changed Lanes Improperly","[""Motor Vehicle in Motion"",""Motor Vehicle in Motion""]"
0,0,"Atlanta Police Department","2022-10-23","Seminole Ave Ne and Cleburne Ave Ne","(O) No Injury","Daylight","On Roadway - Non-Intersection","Rear End","Cleburne Ave Ne","Dry","15:40:00","[""Unknown"",""Unknown""]","Clear",0,33.768566,-84.350947,"Atlanta","FULTON","[""Motor Vehicle in Motion"",""Motor Vehicle in Motion""]","Misjudged Clearance","Motor Vehicle in Motion"
0,0,"Atlanta Police Department","2022-10-23","W Wesley Rd Nw and Northside Dr Nw","(O) No Injury","Dark-Not Lighted","On Roadway - Roadway Intersection","Angle Crash","Northside Dr Nw","Dry","07:00:00","[""Lap and Shoulder Belt Used"",""Lap and Shoulder Belt Used""]","Clear",0,33.828708,-84.407495,"Atlanta","FULTON","[""Motor Vehicle in Motion"",""Motor Vehicle in Motion""]",,"[""Motor Vehicle in Motion"",""Motor Vehicle in Motion""]"
0,0,"Atlanta Police Department","2022-10-23","None and Fulton St Sw","(O) No Injury","Daylight","On Roadway - Non-Intersection","Sideswipe-Same Direction","Fulton St Sw","Dry","17:15:00","[""None Used"",""None Used""]","Clear",0,33.741944,-84.391697,"Atlanta","FULTON","[""Motor Vehicle in Motion"",""Motor Vehicle in Motion""]",,"[""Motor Vehicle in Motion"",""Motor Vehicle in Motion""]"
0,0,"Atlanta Police Department","2022-10-23","None and I-75","(O) No Injury","Dark-Lighted","On Roadway - Non-Intersection","Angle Crash","I-75","Dry","22:30:00","[""Lap and Shoulder Belt Used"",""Lap and Shoulder Belt Used""]","Clear",0,33.776083,-84.390842,"Atlanta","FULTON","[""Motor Vehicle in Motion"",""Motor Vehicle in Motion""]","Changed Lanes Improperly","[""Motor Vehicle in Motion"",""Motor Vehicle in Motion""]"
0,0,"Atlanta Police Department","2022-10-23","Hilliard St Se and Hilliard St Ne","(O) No Injury","Dark-Lighted","On Roadway - Non-Intersection","Angle Crash","Hilliard St Ne","Dry","02:30:00",,"Clear",0,33.754783,-84.376599,"Atlanta","FULTON","[""Motor Vehicle in Motion"",""Parked Motor Vehicle"",""Parked Motor Vehicle""]","Misjudged Clearance","[""Motor Vehicle in Motion"",""Parked Motor Vehicle"",""Parked Motor Vehicle""]"
0,0,"Atlanta Police Department","2022-10-23","Hargis St Se and Forrest Park Rd Se","(O) No Injury","Dark-Lighted","On Roadway - Roadway Intersection","Angle Crash","Forrest Park Rd Se","Dry","21:00:00","[""Lap and Shoulder Belt Used"",""Lap and Shoulder Belt Used""]","Clear",0,33.687424,-84.360233,"Atlanta","FULTON","[""Motor Vehicle in Motion"",""Motor Vehicle in Motion""]","Failure to Yield","[""Motor Vehicle in Motion"",""Motor Vehicle in Motion""]"
0,0,"Atlanta Police Department","2022-10-23","North Ave Ne and Argonne Ave Ne","(O) No Injury","Dark-Lighted","On Roadway - Roadway Intersection","Angle Crash","North Ave Ne","Dry","03:00:00","[""Unknown"",""Unknown"",""Unknown""]","Clear",0,33.771232,-84.377667,"Atlanta","FULTON","[""Motor Vehicle in Motion"",""Motor Vehicle in Motion""]","Failure to Yield","[""Motor Vehicle in Motion"",""Motor Vehicle in Motion""]"
0,0,"Atlanta Police Department","2022-10-23","18Th St Nw and Spring St Nw","(O) No Injury","Daylight","On Roadway - Non-Intersection","Angle Crash","18Th St Nw","Dry","15:30:00","[""Unknown"",""Unknown""]","Clear",0,33.793288,-84.389145,"Atlanta","FULTON","[""Motor Vehicle in Motion"",""Motor Vehicle in Motion""]","Improper Backing","[""Motor Vehicle in Motion"",""Motor Vehicle in Motion""]"
0,0,"Hapeville Police Department","2022-10-23","Virginia Ave and International Blvd","(O) No Injury","Daylight","On Roadway - Non-Intersection","Rear End","Virginia Ave","Dry","18:50:00","[""Lap and Shoulder Belt Used"",""Lap and Shoulder Belt Used""]","Clear",0,33.658896,-84.422885,"Atlanta","FULTON","[""Motor Vehicle in Motion"",""Motor Vehicle in Motion""]","[""Driver Condition"",""Following Too Close"",""Under the Influence (U.I.)"",""Driver Lost Control""]","[""Motor Vehicle in Motion"",""Motor Vehicle in Motion""]"
0,0,"Atlanta Police Department","2022-10-23","I-20 and Exit 55A","(O) No Injury","Dark-Not Lighted","On Roadway - Non-Intersection","Sideswipe-Same Direction","I-20","Dry","22:00:00","[""Lap and Shoulder Belt Used"",""Lap and Shoulder Belt Used""]","Clear",0,33.741756,-84.419737,"Atlanta","FULTON","[""Motor Vehicle in Motion"",""Motor Vehicle in Motion""]","Changed Lanes Improperly","[""Motor Vehicle in Motion"",""Ditch""]"
0,0,"Atlanta Police Department","2022-10-23","Ellis St Ne and Courtland St Ne","(O) No Injury","Dark-Not Lighted","On Roadway - Roadway Intersection","Not a Collision with Motor Vehicle","Ellis St Ne","Dry","00:00:00","[""Unknown"",""Unknown""]","Clear",0,33.758392,-84.38422,"Atlanta","FULTON","[""Motor Vehicle in Motion"",""Motor Vehicle in Motion""]","Changed Lanes Improperly","Motor Vehicle in Motion"
0,0,"Atlanta Police Department","2022-10-23","None and I-75","(O) No Injury","Dark-Lighted","On Roadway - Non-Intersection","Sideswipe-Same Direction","I-75","Dry","19:30:00","Unknown","Clear",0,33.704045,-84.404091,"Atlanta","FULTON","[""Motor Vehicle in Motion"",""Motor Vehicle in Motion""]","Changed Lanes Improperly","Motor Vehicle in Motion"
0,0,"Atlanta Police Department","2022-10-23","Poplar St Nw and Ted Turner Dr Nw","(C) Possible Injury / Complaint","Daylight","On Roadway - In Crosswalk","Not a Collision with Motor Vehicle","Ted Turner Dr Nw","Dry","17:55:00","[""Lap and Shoulder Belt Used"",""None Used""]","Clear",0,33.757941,-84.391312,"Atlanta","FULTON","[""Motor Vehicle in Motion"",""Pedestrian""]","Failure to Yield","Motor Vehicle in Motion"
0,0,"Atlanta Police Department","2022-10-23","I-75 S and Howell Mill Rd Nw","(O) No Injury","Daylight","On Roadway - Roadway Intersection","Angle Crash","Howell Mill Rd Nw","Dry","12:40:00","[""Unknown"",""Unknown""]","Clear",0,33.804852,-84.413448,"Atlanta","FULTON","[""Motor Vehicle in Motion"",""Motor Vehicle in Motion""]","Failure to Yield","[""Motor Vehicle in Motion"",""Motor Vehicle in Motion""]"
0,0,"Gsp Post 00","2022-10-24","I-285 and Langford Pkwy","(O) No Injury","Dark-Not Lighted","On Roadway - Non-Intersection","Angle Crash","Langford Pkwy","Dry","02:02:00","[""Unknown"",""Lap and Shoulder Belt Used"",""Lap and Shoulder Belt Used""]","Clear",0,33.690101,-84.498326,"Atlanta","FULTON","[""Motor Vehicle in Motion"",""Motor Vehicle in Motion""]","Disregard Police - Evasion","[""Motor Vehicle in Motion"",""Motor Vehicle in Motion""]"
0,0,"Atlanta Police Department","2022-10-24","14Th St Ne and Piedmont Ave Ne","(O) No Injury","Daylight","On Roadway - Roadway Intersection","Sideswipe-Same Direction","14Th St Ne","Dry","15:10:00","[""Lap and Shoulder Belt Used"",""Lap and Shoulder Belt Used""]","Clear",0,33.786483,-84.378293,"Atlanta","FULTON","[""Motor Vehicle in Motion"",""Motor Vehicle in Motion""]","Failure to Yield","[""Motor Vehicle in Motion"",""Motor Vehicle in Motion""]"
0,0,"Atlanta Police Department","2022-10-24","Monarch Dr and Lenox Rd Ne","(O) No Injury","Daylight","On Roadway - Roadway Intersection","Rear End","Lenox Rd Ne","Dry","10:00:00","[""None Used"",""None Used""]","Clear",0,33.85105,-84.362667,"Atlanta","FULTON","[""Motor Vehicle in Motion"",""Motor Vehicle in Motion""]","Following Too Close","[""Motor Vehicle in Motion"",""Motor Vehicle in Motion""]"
0,0,"Atlanta Police Department","2022-10-24","Courtland St Ne and Andrew Young International Blvd Ne","(C) Possible Injury / Complaint","Daylight","On Roadway - Non-Intersection","Sideswipe-Same Direction","Courtland St Ne","Dry","09:20:00","[""Unknown"",""Unknown"",""Unknown""]","Clear",0,33.759184,-84.384207,"Atlanta","FULTON","[""Motor Vehicle in Motion"",""Motor Vehicle in Motion""]","Improper Turn","[""Motor Vehicle in Motion"",""Motor Vehicle in Motion""]"
0,0,"Atlanta Police Department","2022-10-24","Milton Pl Se and Stokeswood Ave Se","(O) No Injury","Dark-Lighted","On Roadway - Driveway Intersection","Rear End","Stokeswood Ave Se","Dry","19:00:00","Unknown","Clear",0,33.734931,-84.344705,"Atlanta","DEKALB","[""Motor Vehicle in Motion"",""Motor Vehicle in Motion""]","Vision Obscured","[""Motor Vehicle in Motion"",""Motor Vehicle in Motion""]"
0,0,"Atlanta Police Department","2022-10-24","None and I-75","(O) No Injury","Dark-Lighted","On Roadway - Non-Intersection","Rear End","I-75","Dry","20:09:00","[""Lap and Shoulder Belt Used"",""Lap and Shoulder Belt Used""]","Clear",0,33.761939,-84.381866,"Atlanta","FULTON","[""Motor Vehicle in Motion"",""Motor Vehicle in Motion""]","Inattentive or Other Distraction (Distracted)","[""Motor Vehicle in Motion"",""Motor Vehicle in Motion""]"
0,0,"Atlanta Police Department","2022-10-24","Piedmont Rd Ne and Lindbergh Dr Ne","(O) No Injury","Daylight","On Roadway - Non-Intersection","Sideswipe-Same Direction","Piedmont Rd Ne","Dry","07:50:00","[""Lap and Shoulder Belt Used"",""Lap and Shoulder Belt Used""]","Clear",0,33.821544,-84.367452,"Atlanta","FULTON","[""Motor Vehicle in Motion"",""Motor Vehicle in Motion""]",,"[""Motor Vehicle in Motion"",""Motor Vehicle in Motion""]"
0,0,"Gsp Post 00","2022-10-24","Lenox Road and Interstate 85 South","(O) No Injury","Daylight","On Roadway - Non-Intersection","Rear End","Interstate 85 South","Dry","10:50:00","[""Lap and Shoulder Belt Used"",""Lap and Shoulder Belt Used""]","Clear",0,33.824669,-84.350036,"Atlanta","FULTON","[""Motor Vehicle in Motion"",""Motor Vehicle in Motion""]","Following Too Close","[""Motor Vehicle in Motion"",""Motor Vehicle in Motion""]"
0,0,"Atlanta Police Department","2022-10-24","Campbellton Rd Sw and Cascade Glen Apartments","(O) No Injury","Daylight","On Roadway - Non-Intersection","Sideswipe-Same Direction","Campbellton Rd Sw","Dry","15:00:00","[""Lap and Shoulder Belt Used"",""Lap and Shoulder Belt Used""]","Clear",0,33.692081,-84.515989,"Atlanta","FULTON","[""Motor Vehicle in Motion"",""Motor Vehicle in Motion""]","[""Misjudged Clearance"",""Changed Lanes Improperly""]","[""Motor Vehicle in Motion"",""Motor Vehicle in Motion""]"
0,0,"Atlanta Police Department","2022-10-24","Ellsworth Dr Nw and Chattahoochee Ave Nw","(O) No Injury","Daylight","On Roadway - Roadway Intersection","Rear End","Chattahoochee Ave Nw","Dry","12:50:00","[""Lap and Shoulder Belt Used"",""Lap and Shoulder Belt Used""]","Clear",0,33.800789,-84.426693,"Atlanta","FULTON","[""Motor Vehicle in Motion"",""Motor Vehicle in Motion""]","Following Too Close","[""Motor Vehicle in Motion"",""Motor Vehicle in Motion""]"
0,0,"Atlanta Police Department","2022-10-24","Campbellton Rd Sw and County Line Rd Sw","(O) No Injury","Dawn","On Roadway - Roadway Intersection","Angle Crash","County Line Rd Sw","Dry","07:15:00","[""Unknown"",""Unknown""]","Clear",0,33.696017,-84.535116,"Atlanta","FULTON","[""Motor Vehicle in Motion"",""Motor Vehicle in Motion""]","Misjudged Clearance","[""Motor Vehicle in Motion"",""Motor Vehicle in Motion""]"
0,0,"Atlanta Police Department","2022-10-24","Chantilly Dr Ne and Cheshire Bridge Rd Ne","(O) No Injury","Daylight","On Roadway - Non-Intersection","Angle Crash","Cheshire Bridge Rd Ne","Dry","13:55:00","[""Lap and Shoulder Belt Used"",""Lap and Shoulder Belt Used""]","Clear",0,33.822671,-84.35168,"Atlanta","FULTON","[""Motor Vehicle in Motion"",""Motor Vehicle in Motion""]","Failure to Yield","[""Motor Vehicle in Motion"",""Motor Vehicle in Motion""]"
0,0,"Atlanta Police Department","2022-10-24","Joseph E Lowery Blvd Sw and Martin Luther King Jr Dr Nw","(O) No Injury","Daylight","On Roadway - Roadway Intersection","Sideswipe-Same Direction","Martin Luther King Jr Dr Nw","Dry","16:00:00","[""Lap and Shoulder Belt Used"",""Lap and Shoulder Belt Used""]","Clear",0,33.754729,-84.417526,"Atlanta","FULTON","[""Motor Vehicle in Motion"",""Motor Vehicle in Motion""]","Changed Lanes Improperly","[""Motor Vehicle in Motion"",""Motor Vehicle in Motion""]"
0,0,"Atlanta Police Department","2022-10-24","Scott St Sw and Wilkins Ln Sw","(C) Possible Injury / Complaint","Dark-Lighted","On Roadway - Non-Intersection","Angle Crash","Scott St Sw","Dry","02:30:00","Unknown","Clear",0,33.74914,-84.495205,"Atlanta","FULTON","[""Motor Vehicle in Motion"",""Parked Motor Vehicle"",""Parked Motor Vehicle"",""Parked Motor Vehicle""]","Disregard Police - Evasion","[""Motor Vehicle in Motion"",""Parked Motor Vehicle"",""Parked Motor Vehicle"",""Parked Motor Vehicle""]"
0,0,"Atlanta Police Department","2022-10-24","Lenox Pkwy and Peachtree Rd Ne","(C) Possible Injury / Complaint","Dark-Not Lighted","Off Roadway","Not a Collision with Motor Vehicle","Lenox Pkwy","Dry","19:30:00","Unknown","Clear",0,33.848947,-84.364986,"Atlanta","FULTON","Other Post/ Pole Support","Improper Turn","Other Post / Pole Support"
0,0,"Atlanta Police Department","2022-10-24","Peachtree Rd Ne and Fairhaven Cir Ne","(C) Possible Injury / Complaint","Dark-Lighted","On Roadway - Non-Intersection","Sideswipe-Same Direction","Peachtree Rd Ne","Dry","09:30:00","[""Lap and Shoulder Belt Used"",""Lap and Shoulder Belt Used""]","Clear",0,33.817723,-84.389122,"Atlanta","FULTON","[""Motor Vehicle in Motion"",""Motor Vehicle in Motion""]","[""Failure to Yield"",""Changed Lanes Improperly""]","[""Motor Vehicle in Motion"",""Motor Vehicle in Motion""]"
0,0,"Gsp Post 00","2022-10-24","Fulton St and I-7585 North","(O) No Injury","Daylight","On Roadway - Non-Intersection","Rear End","I-7585 North","Dry","08:15:00","[""Lap and Shoulder Belt Used"",""Lap and Shoulder Belt Used""]","Clear",0,33.734241,-84.391654,"Atlanta","FULTON","[""Motor Vehicle in Motion"",""Motor Vehicle in Motion""]","Following Too Close","[""Motor Vehicle in Motion"",""Motor Vehicle in Motion""]"
0,0,"Atlanta Police Department","2022-10-24","Pearl St Se and Memorial Dr Se","(O) No Injury","Dark-Lighted","On Roadway - Roadway Intersection","Angle Crash","Memorial Dr Se","Dry","21:00:00","[""Unknown"",""Unknown""]","Clear",0,33.74663,-84.362246,"Atlanta","FULTON","[""Motor Vehicle in Motion"",""Motor Vehicle in Motion""]",,"[""Motor Vehicle in Motion"",""Motor Vehicle in Motion""]"
0,0,"Atlanta Police Department","2022-10-24","Armstrong St Se and Piedmont Ave Se","(C) Possible Injury / Complaint","Dark-Not Lighted","On Roadway - Non-Intersection","Angle Crash","Piedmont Ave Se","Dry","20:22:00","[""Unknown"",""Unknown"",""Unknown""]","Clear",0,33.753714,-84.382996,"Atlanta","FULTON","[""Motor Vehicle in Motion"",""Motor Vehicle in Motion""]","Changed Lanes Improperly","[""Motor Vehicle in Motion"",""Motor Vehicle in Motion""]"
0,0,"Atlanta Police Department","2022-10-24","Lindsay St Nw and Donald Lee Hollowell Pkwy Nw","(O) No Injury","Daylight","On Roadway - Roadway Intersection","Sideswipe-Same Direction","Donald Lee Hollowell Pkwy Nw","Dry","13:40:00","[""Lap and Shoulder Belt Used"",""Lap and Shoulder Belt Used""]","Clear",0,33.773058,-84.415987,"Atlanta","FULTON","[""Motor Vehicle in Motion"",""Motor Vehicle in Motion""]",,"[""Motor Vehicle in Motion"",""Motor Vehicle in Motion""]"
0,0,"Atlanta Police Department","2022-10-24","None and I-85","(C) Possible Injury / Complaint","Dark-Lighted","On Roadway - Non-Intersection","Rear End","I-85","Dry","01:44:00","[""Lap and Shoulder Belt Used"",""Lap and Shoulder Belt Used"",""Lap and Shoulder Belt Used""]","Clear",0,33.81489,-84.364543,"Atlanta","FULTON","[""Motor Vehicle in Motion"",""Motor Vehicle in Motion""]","[""Exceeding Speed Limit"",""Following Too Close"",""Too Fast for Conditions""]","[""Motor Vehicle in Motion"",""Motor Vehicle in Motion""]"
0,0,"Gsp Post 00","2022-10-24","I-7585 S and University Ave","(O) No Injury","Dark-Lighted","On Roadway - Non-Intersection","Sideswipe-Same Direction","I-7585 S","Dry","19:15:00","[""Lap and Shoulder Belt Used"",""Lap and Shoulder Belt Used""]","Clear",0,33.724473,-84.394004,"Atlanta","FULTON","[""Motor Vehicle in Motion"",""Motor Vehicle in Motion""]",,"[""Motor Vehicle in Motion"",""Other Non-Collision""]"
0,0,"Gsp Post 00","2022-10-24","I-85S and 17Th St","(O) No Injury","Daylight","On Roadway - Non-Intersection","Rear End","I-85S","Dry","17:20:00","[""Lap and Shoulder Belt Used"",""Lap and Shoulder Belt Used""]","Clear",0,33.794116,-84.393063,"Atlanta","FULTON","[""Motor Vehicle in Motion"",""Motor Vehicle in Motion""]","Following Too Close","[""Motor Vehicle in Motion"",""Motor Vehicle in Motion""]"
0,0,"Atlanta Police Department","2022-10-24","Roswell Rd Ne and W Wieuca Rd Ne","(O) No Injury","Dark-Lighted","On Roadway - Roadway Intersection","Angle Crash","Roswell Rd Ne","Dry","22:10:00","[""Lap and Shoulder Belt Used"",""Lap and Shoulder Belt Used""]","Other",0,33.876857,-84.379938,"Atlanta","FULTON","[""Motor Vehicle in Motion"",""Motor Vehicle in Motion""]","Changed Lanes Improperly","[""Motor Vehicle in Motion"",""Motor Vehicle in Motion""]"
0,0,"Atlanta Police Department","2022-10-24","Joseph Ave and Flat Shoals Ave Se","(O) No Injury","Dark-Not Lighted","On Roadway - Non-Intersection","Rear End","Flat Shoals Ave Se","Dry","00:00:00","[""Unknown"",""Unknown"",""Unknown"",""Unknown""]","Clear",0,33.741008,-84.346315,"Atlanta","DEKALB","[""Motor Vehicle in Motion"",""Motor Vehicle in Motion""]",,"[""Motor Vehicle in Motion"",""Motor Vehicle in Motion""]"
0,0,"Atlanta Police Department","2022-10-24","Cleveland Ave Sw and Metropolitan Pkwy Sw","(C) Possible Injury / Complaint","Daylight","On Roadway - Managed Lane (HOV, HOT, Reversible)","Rear End","Cleveland Ave Sw","Dry","12:02:00","[""Unknown"",""Unknown"",""Unknown""]","Clear",0,33.681293,-84.408067,"Atlanta","FULTON","[""Motor Vehicle in Motion"",""Motor Vehicle in Motion""]",,"[""Motor Vehicle in Motion"",""Motor Vehicle in Motion""]"
0,0,"Atlanta Police Department","2022-10-24","I-20 and Windsor St Sw","(O) No Injury","Daylight","On Roadway - Non-Intersection","Sideswipe-Same Direction","I-20","Dry","12:50:00","[""Unknown"",""Unknown"",""Unknown""]","Clear",0,33.745169,-84.39803,"Atlanta","FULTON","[""Motor Vehicle in Motion"",""Motor Vehicle in Motion"",""Motor Vehicle in Motion""]","Changed Lanes Improperly","[""Motor Vehicle in Motion"",""Motor Vehicle in Motion""]"
0,0,"Gsp Post 00","2022-10-24","I-85 North and Peachtree St Overpass","(O) No Injury","Daylight","On Roadway - Non-Intersection","Rear End","I-85 North","Dry","18:02:00","[""Lap and Shoulder Belt Used"",""Lap and Shoulder Belt Used""]","Clear",0,33.802281,-84.386382,"Atlanta","FULTON","[""Motor Vehicle in Motion"",""Motor Vehicle in Motion""]","Changed Lanes Improperly","[""Motor Vehicle in Motion"",""Motor Vehicle in Motion""]"
0,0,"Atlanta Police Department","2022-10-24","Boulevard Se and Glenwood Ave Se","(O) No Injury","Daylight","On Roadway - Non-Intersection","Angle Crash","Boulevard Se","Dry","16:25:00","[""Unknown"",""Lap and Shoulder Belt Used""]","Clear",0,33.741949,-84.368154,"Atlanta","FULTON","[""Motor Vehicle in Motion"",""Motor Vehicle in Motion""]",,"[""Motor Vehicle in Motion"",""Motor Vehicle in Motion""]"
0,0,"Atlanta Police Department","2022-10-24","Claire Dr Se and Jonesboro Rd Se","(C) Possible Injury / Complaint","Daylight","On Roadway - Roadway Intersection","Angle Crash","Jonesboro Rd Se","Dry","09:50:00","[""Lap and Shoulder Belt Used"",""Lap and Shoulder Belt Used"",""Lap and Shoulder Belt Used"",""Unknown""]","Clear",0,33.705027,-84.378597,"Atlanta","FULTON","[""Motor Vehicle in Motion"",""Motor Vehicle in Motion"",""Motor Vehicle in Motion"",""Motor Vehicle in Motion""]","Disregard Other Traffic Control","[""Motor Vehicle in Motion"",""Motor Vehicle in Motion"",""Motor Vehicle in Motion"",""Motor Vehicle in Motion""]"
0,0,"Gsp Post 00","2022-10-24","I-285 Nb and Martin Luther King Jr Drive","(C) Possible Injury / Complaint","Daylight","On Roadway - Non-Intersection","Sideswipe-Same Direction","I-285 Nb","Dry","16:18:00","[""Lap and Shoulder Belt Used"",""Lap and Shoulder Belt Used"",""Lap and Shoulder Belt Used"",""Lap and Shoulder Belt Used""]","Clear",0,33.751763,-84.49609,"Atlanta","FULTON","[""Motor Vehicle in Motion"",""Motor Vehicle in Motion""]",,"[""Motor Vehicle in Motion"",""Motor Vehicle in Motion""]"
0,0,"Atlanta Police Department","2022-10-24","Roswell Rd Ne and Habersham Rd Ne","(O) No Injury","Daylight","On Roadway - Roadway Intersection","Rear End","Roswell Rd Ne","Dry","14:00:00","[""Unknown"",""Unknown""]","Clear",0,33.853296,-84.382693,"Atlanta","FULTON","[""Motor Vehicle in Motion"",""Motor Vehicle in Motion""]","Following Too Close","[""Motor Vehicle in Motion"",""Motor Vehicle in Motion""]"
0,0,"Atlanta Police Department","2022-10-24","Moreland Ave Se and Mcpherson Ave Se","(K) Fatal Injury","Dark-Lighted","On Roadway - Collector Distributor (CD)","Not a Collision with Motor Vehicle","Moreland Ave Se","Dry","00:44:00","[""Lap and Shoulder Belt Used"",""None Used""]","Clear",1,33.74305,-84.34924,"Atlanta","FULTON","[""Motor Vehicle in Motion"",""Pedestrian""]",,"Motor Vehicle in Motion"
0,1,"Atlanta Police Department","2022-10-24","North Ave Ne and Peachtree St Ne","(B) Suspected Minor/Visible Injury","Dark-Lighted","On Roadway - Roadway Intersection","Angle Crash","Peachtree St Ne","Dry","21:00:00","[""Unknown"",""Unknown"",""Unknown""]","Clear",0,33.771286,-84.384966,"Atlanta","FULTON","[""Motor Vehicle in Motion"",""Motor Vehicle in Motion""]",,"[""Motor Vehicle in Motion"",""Motor Vehicle in Motion""]"
0,1,"Atlanta Police Department","2022-10-24","Browntown Rd Nw and James Jackson Pkwy Nw","(B) Suspected Minor/Visible Injury","Dark-Lighted","On Roadway - Roadway Intersection","Angle Crash","James Jackson Pkwy Nw","Dry","00:28:00","[""Unknown"",""Lap and Shoulder Belt Used""]","Clear",0,33.802187,-84.475643,"Atlanta","FULTON","[""Motor Vehicle in Motion"",""Motor Vehicle in Motion""]","Disregard Stop Sign/Signal","[""Motor Vehicle in Motion"",""Motor Vehicle in Motion""]"
0,0,"Dekalb Co Police Department","2022-10-24","Moreland Ave and Constitution Rd","(O) No Injury","Daylight","On Roadway - Non-Intersection","Sideswipe-Same Direction","Moreland Ave","Dry","13:50:00","[""Unknown"",""Unknown"",""Unknown""]","Clear",0,33.692207,-84.349427,"Atlanta","FULTON","[""Motor Vehicle in Motion"",""Motor Vehicle in Motion""]","Changed Lanes Improperly","[""Motor Vehicle in Motion"",""Motor Vehicle in Motion""]"
0,0,"Gsp Post 00","2022-10-24","Martin Luther King Jr Drive and Martin Luther King Jr Dr @ Jes","(C) Possible Injury / Complaint","Daylight","On Roadway - Roadway Intersection","Sideswipe-Same Direction","Martin Luther King Jr Drive","Dry","10:15:00","[""Lap and Shoulder Belt Used"",""Lap and Shoulder Belt Used""]","Clear",0,33.748692,-84.386244,"Atlanta","FULTON","[""Motor Vehicle in Motion"",""Motor Vehicle in Motion""]","Changed Lanes Improperly","[""Motor Vehicle in Motion"",""Motor Vehicle in Motion""]"
0,0,"Atlanta Police Department","2022-10-24","Fort St Ne and John Lewis Freedom Pkwy Ne","(O) No Injury","Dark-Lighted","On Roadway - Non-Intersection","Rear End","Fort St Ne","Dry","20:17:00","[""Lap and Shoulder Belt Used"",""Lap and Shoulder Belt Used""]","Clear",0,33.759564,-84.378664,"Atlanta","FULTON","[""Motor Vehicle in Motion"",""Motor Vehicle in Motion""]","Following Too Close","[""Motor Vehicle in Motion"",""Motor Vehicle in Motion""]"
0,0,"Atlanta Police Department","2022-10-24","University Ave Sw and Metropolitan Pkwy Sw","(O) No Injury","Daylight","On Roadway - Roadway Intersection","Angle Crash","Metropolitan Pkwy Sw","Dry","16:30:00","[""Unknown"",""Unknown""]","Clear",0,33.722174,-84.407868,"Atlanta","FULTON","[""Motor Vehicle in Motion"",""Motor Vehicle in Motion""]",,"[""Motor Vehicle in Motion"",""Motor Vehicle in Motion""]"
0,1,"Atlanta Police Department","2022-10-24","Oak Dr Se and Jonesboro Rd Se","(B) Suspected Minor/Visible Injury","Dark-Lighted","Off Roadway","Not a Collision with Motor Vehicle","Jonesboro Rd Se","Dry","19:30:00","Lap and Shoulder Belt Used","Clear",0,33.667442,-84.373528,"Atlanta","FULTON","Other - Fixed Object",,"Other - Fixed Object"
0,0,"Atlanta Police Department","2022-10-24","19Th St Nw and Atlantic Dr Nw","(O) No Injury","Dark-Not Lighted","On Roadway - Non-Intersection","Sideswipe-Same Direction","Atlantic Dr Nw","Dry","17:42:00",,"Clear",0,33.792954,-84.397448,"Atlanta","FULTON","[""Motor Vehicle in Motion"",""Parked Motor Vehicle""]","Misjudged Clearance","[""Motor Vehicle in Motion"",""Parked Motor Vehicle""]"
0,0,"Atlanta Police Department","2022-10-24","Grand Ave Sw and Cleveland Ave Sw","(O) No Injury","Daylight","On Roadway - Non-Intersection","Angle Crash","Cleveland Ave Sw","Dry","17:36:00","[""Lap and Shoulder Belt Used"",""Lap and Shoulder Belt Used"",""Lap and Shoulder Belt Used""]","Clear",0,33.68117,-84.401676,"Atlanta","FULTON","[""Motor Vehicle in Motion"",""Motor Vehicle in Motion""]","[""Misjudged Clearance"",""Failure to Yield""]","[""Motor Vehicle in Motion"",""Motor Vehicle in Motion""]"