"# Serious Injuries","# Visible Injuries","Agency Name (Crash Level) ","Date","Intersection Name (from Crash Report)","KABCO Severity","Light Conditions (Crash Level)","Location at Impact (Crash Level) ","Manner of Collision (Crash Level) ","Roadway (From Crash Report)","Surface Condition (Crash Level) ","Time","Safety Equipment (Crash Level) ","Weather Conditions (Crash Level)","# of Fatalities per Crash","Latitude","Longitude","Geolocated City","Geolocated County","First Harmful Event (Unit Order)","Operator/Pedestrian Contrib Factor (excl None, Other, No Contrib Factors)","Most Harmful Event (Crash Level)"
0,0,"Gsp Post 00","2022-10-27","I-7585 Sb and Edgewood Ave","(O) No Injury","Daylight","On Roadway - Non-Intersection","Sideswipe-Same Direction","I-7585 Sb","Dry","14:30:00","[""Lap and Shoulder Belt Used"",""Lap and Shoulder Belt Used""]","Clear",0,33.745175,-84.39013,"Atlanta","FULTON","[""Motor Vehicle in Motion"",""Motor Vehicle in Motion""]","Changed Lanes Improperly","[""Motor Vehicle in Motion"",""Motor Vehicle in Motion""]"
0,0,"Atlanta Police Department","2022-10-27","I-85 and Exit 85","(O) No Injury","Dark-Lighted","On Roadway - Roadway Intersection","Rear End","I-85","Dry","21:00:00","[""Lap and Shoulder Belt Used"",""Lap and Shoulder Belt Used""]","Clear",0,33.799896,-84.391265,"Atlanta","FULTON","[""Motor Vehicle in Motion"",""Motor Vehicle in Motion""]","[""Following Too Close"",""Changed Lanes Improperly""]","[""Motor Vehicle in Motion"",""Motor Vehicle in Motion""]"
0,0,"Atlanta Police Department","2022-10-27","Ellis St Ne and Piedmont Ave Ne","(O) No Injury","Daylight","On Roadway - Non-Intersection","Sideswipe-Same Direction","Ellis St Ne","Dry","08:50:00","[""Unknown"",""Unknown"",""Unknown""]","Clear",0,33.75837,-84.382208,"Atlanta","FULTON","[""Motor Vehicle in Motion"",""Motor Vehicle in Motion""]","Changed Lanes Improperly","[""Motor Vehicle in Motion"",""Motor Vehicle in Motion""]"
0,0,"Gsp Post 00","2022-10-27","Edgewood Ave and I-7585 North","(O) No Injury","Daylight","On Roadway - Non-Intersection","Not a Collision with Motor Vehicle","I-7585 North","Dry","14:33:00","[""Lap and Shoulder Belt Used"",""Lap and Shoulder Belt Used"",""Lap and Shoulder Belt Used"",""Lap and Shoulder Belt Used""]","Clear",0,33.754517,-84.378339,"Atlanta","FULTON","[""Cargo/Equipment Loss or Shift"",""Other Non-Collision""]",,"[""Cargo/Equipment Lost or Shift"",""Other Non-Collision""]"
0,0,"Atlanta Police Department","2022-10-28","Livermore St Se and Lakewood Ave Se","(C) Possible Injury / Complaint","Daylight","On Roadway - Roadway Intersection","Rear End","Lakewood Ave Se","Dry","11:37:00","[""Unknown"",""Lap and Shoulder Belt Used"",""Lap and Shoulder Belt Used"",""Lap and Shoulder Belt Used""]","Clear",0,33.707916,-84.379996,"Atlanta","FULTON","[""Motor Vehicle in Motion"",""Motor Vehicle in Motion""]","Improper Backing","[""Motor Vehicle in Motion"",""Motor Vehicle in Motion""]"
0,0,"Atlanta Police Department","2022-10-28","Bellemeade Ave Nw and Howell Mill Rd Nw","(O) No Injury","Daylight","On Roadway - Non-Intersection","Rear End","Howell Mill Rd Nw","Dry","15:03:00","[""Lap and Shoulder Belt Used"",""Lap and Shoulder Belt Used""]","Clear",0,33.800816,-84.415843,"Atlanta","FULTON","[""Motor Vehicle in Motion"",""Motor Vehicle in Motion""]","Changed Lanes Improperly","[""Motor Vehicle in Motion"",""Motor Vehicle in Motion""]"
0,0,"Atlanta Police Department","2022-10-28","I-85 and 17Th St Nw","(O) No Injury","Dark-Lighted","On Roadway - Non-Intersection","Sideswipe-Opposite Direction","I-85","Dry","22:27:00","[""Lap and Shoulder Belt Used"",""Lap and Shoulder Belt Used""]","Cloudy",0,33.791712,-84.391093,"Atlanta","FULTON","[""Motor Vehicle in Motion"",""Motor Vehicle in Motion""]","Changed Lanes Improperly","[""Motor Vehicle in Motion"",""Motor Vehicle in Motion""]"
0,0,"Atlanta Police Department","2022-10-28","I-285 and Exit 9","(O) No Injury","Daylight","On Roadway - Non-Intersection","Sideswipe-Same Direction","I-285","Dry","14:30:00","[""Lap and Shoulder Belt Used"",""Lap and Shoulder Belt Used""]","Clear",0,33.751226,-84.49631,"Atlanta","FULTON","[""Motor Vehicle in Motion"",""Motor Vehicle in Motion""]","Changed Lanes Improperly","[""Motor Vehicle in Motion"",""Motor Vehicle in Motion""]"
0,0,"Gsp Post 00","2022-10-28","I-20 Wb and Capitol Avenue","(O) No Injury","Daylight","On Roadway - Non-Intersection","Rear End","I-20 Wb","Dry","08:15:00","[""Lap and Shoulder Belt Used"",""Lap and Shoulder Belt Used""]","Clear",0,33.743443,-84.381226,"Atlanta","FULTON","[""Motor Vehicle in Motion"",""Motor Vehicle in Motion""]","Following Too Close","[""Motor Vehicle in Motion"",""Motor Vehicle in Motion""]"
0,0,"Atlanta Police Department","2022-10-28","Beckwith St Sw and Joseph E Lowery Blvd Sw","(C) Possible Injury / Complaint","Daylight","On Roadway - Roadway Intersection","Rear End","Beckwith St Sw","Dry","14:10:00","[""Lap and Shoulder Belt Used"",""Lap and Shoulder Belt Used"",""Lap and Shoulder Belt Used""]","Clear",0,33.752215,-84.417398,"Atlanta","FULTON","[""Motor Vehicle in Motion"",""Motor Vehicle in Motion""]","Improper Backing","[""Motor Vehicle in Motion"",""Motor Vehicle in Motion""]"
0,0,"Atlanta Police Department","2022-10-28","None and I-20","(O) No Injury","Dark-Lighted","On Roadway - Non-Intersection","Sideswipe-Same Direction","I-20","Dry","18:00:00","[""Unknown"",""Lap and Shoulder Belt Used"",""Lap and Shoulder Belt Used"",""Child Restraint System (Properly Used)""]","Clear",0,33.765218,-84.494413,"Atlanta","FULTON","[""Motor Vehicle in Motion"",""Motor Vehicle in Motion""]","[""Changed Lanes Improperly"",""Under the Influence (U.I.)""]","[""Motor Vehicle in Motion"",""Motor Vehicle in Motion""]"
0,0,"Atlanta Police Department","2022-10-28","None and Boulevard Ne","(O) No Injury","Daylight","On Roadway - Non-Intersection","Rear End","Boulevard Ne","Dry","18:30:00","None Used","Clear",0,33.773627,-84.37104,"Atlanta","FULTON","[""Motor Vehicle in Motion"",""Motor Vehicle in Motion""]","Following Too Close","[""Motor Vehicle in Motion"",""Motor Vehicle in Motion""]"
0,0,"Atlanta Police Department","2022-10-28","None and I-75","(C) Possible Injury / Complaint","Dark-Lighted","On Roadway - Non-Intersection","Rear End","I-75","Dry","17:35:00","[""Unknown"",""Unknown""]","Clear",0,33.761227,-84.380987,"Atlanta","FULTON","[""Motor Vehicle in Motion"",""Motor Vehicle in Motion""]","[""Other Interior Distraction (Distracted)"",""Following Too Close""]","[""Motor Vehicle in Motion"",""Motor Vehicle in Motion""]"
0,0,"Atlanta Police Department","2022-10-28","Lee St Sw and Park St Sw","(O) No Injury","Dark-Lighted","On Roadway - Roadway Intersection","Sideswipe-Opposite Direction","Lee St Sw","Dry","19:15:00","[""Lap and Shoulder Belt Used"",""Lap and Shoulder Belt Used""]","Clear",0,33.741825,-84.414025,"Atlanta","FULTON","[""Motor Vehicle in Motion"",""Motor Vehicle in Motion""]","Improper Turn","[""Motor Vehicle in Motion"",""Motor Vehicle in Motion""]"
0,0,"Atlanta Police Department","2022-10-28","None and I-85","(O) No Injury","Daylight","On Roadway - Non-Intersection","Rear End","I-85","Dry","14:58:00","[""Unknown"",""Unknown""]","Clear",0,33.791852,-84.392265,"Atlanta","FULTON","[""Motor Vehicle in Motion"",""Motor Vehicle in Motion""]","Following Too Close","[""Motor Vehicle in Motion"",""Motor Vehicle in Motion""]"
0,0,"Atlanta Police Department","2022-10-28","Sandtown Rd Sw and Centra Villa Dr Sw","(O) No Injury","Dark-Not Lighted","On Roadway - Roadway Intersection","Angle Crash","Sandtown Rd Sw","Dry","21:25:00","[""Unknown"",""Unknown""]","Clear",0,33.719232,-84.452563,"Atlanta","FULTON","[""Motor Vehicle in Motion"",""Motor Vehicle in Motion""]","[""Misjudged Clearance"",""Aggressive Driving""]","[""Motor Vehicle in Motion"",""Motor Vehicle in Motion""]"
0,0,"Atlanta Police Department","2022-10-28","Northside Dr Nw and Donald Lee Hollowell Pkwy Nw","(O) No Injury","Daylight","On Roadway - Driveway Intersection","Sideswipe-Same Direction","Donald Lee Hollowell Pkwy Nw","Dry","11:04:00","[""Lap and Shoulder Belt Used"",""Lap and Shoulder Belt Used""]","Clear",0,33.77318,-84.408762,"Atlanta","FULTON","[""Motor Vehicle in Motion"",""Motor Vehicle in Motion""]","Driver Lost Control","[""Motor Vehicle in Motion"",""Motor Vehicle in Motion""]"
0,0,"Atlanta Police Department","2022-10-28","Piedmont Rd Ne and Piedmont Cir Ne","(O) No Injury","Daylight","On Roadway - Roadway Intersection","Angle Crash","Piedmont Cir Ne","Dry","17:00:00","[""Lap and Shoulder Belt Used"",""Lap and Shoulder Belt Used"",""Lap and Shoulder Belt Used""]","Clear",0,33.80829,-84.366141,"Atlanta","FULTON","[""Motor Vehicle in Motion"",""Motor Vehicle in Motion""]","Changed Lanes Improperly","[""Motor Vehicle in Motion"",""Motor Vehicle in Motion""]"
0,0,"Atlanta Police Department","2022-10-28","Baker St Ne and Piedmont Ave Ne","(O) No Injury","Dark-Lighted","On Roadway - Driveway Intersection","Head On","Piedmont Ave Ne","Dry","23:02:00","[""Unknown"",""Unknown"",""Unknown"",""Unknown""]","Clear",0,33.76165,-84.382062,"Atlanta","FULTON","[""Motor Vehicle in Motion"",""Motor Vehicle in Motion""]","Improper Backing","[""Motor Vehicle in Motion"",""Motor Vehicle in Motion""]"
0,0,"Gsp Post 00","2022-10-28","I-85 S and Armour Dr","(C) Possible Injury / Complaint","Daylight","On Roadway - Non-Intersection","Rear End","I-85 S","Dry","12:10:00","[""Lap and Shoulder Belt Used"",""Lap and Shoulder Belt Used"",""Lap and Shoulder Belt Used""]","Clear",0,33.804545,-84.383586,"Atlanta","FULTON","[""Motor Vehicle in Motion"",""Motor Vehicle in Motion"",""Motor Vehicle in Motion""]","Following Too Close","[""Motor Vehicle in Motion"",""Motor Vehicle in Motion"",""Motor Vehicle in Motion""]"
0,0,"Atlanta Police Department","2022-10-28","None and I-85 Exit 86 Rp","(O) No Injury","Dark-Lighted","On Roadway - Non-Intersection","Not a Collision with Motor Vehicle","I-85 Exit 86 Rp","Dry","23:49:00","[""Lap and Shoulder Belt Used"",""Lap and Shoulder Belt Used""]","Clear",0,33.807347,-84.379397,"Atlanta","FULTON","Other Object (Not Fixed)","Not Visible (Object, Person, or Vehicle)","Other Object (Not Fixed)"
0,0,"Atlanta Police Department","2022-10-28","Springdale Rd Ne and Ponce De Leon Ave Ne","(C) Possible Injury / Complaint","Daylight","On Roadway - Roadway Intersection","Sideswipe-Same Direction","Ponce De Leon Ave Ne","Dry","16:35:00","[""Unknown"",""Unknown"",""Unknown""]","Clear",0,33.7747,-84.345006,"Atlanta","DEKALB","[""Motor Vehicle in Motion"",""Motor Vehicle in Motion"",""Motor Vehicle in Motion""]","Misjudged Clearance","[""Motor Vehicle in Motion"",""Motor Vehicle in Motion"",""Motor Vehicle in Motion""]"
0,1,"Gsp Post 00","2022-10-28","Just North Of I-20 and Interstate 285 Northbound","(B) Suspected Minor/Visible Injury","Daylight","On Roadway - Non-Intersection","Sideswipe-Same Direction","Interstate 285 Northbound","Dry","07:44:00","[""Unknown"",""Lap and Shoulder Belt Used"",""Lap and Shoulder Belt Used""]","Cloudy",0,33.772853,-84.495988,"Atlanta","FULTON","[""Motor Vehicle in Motion"",""Motor Vehicle in Motion"",""Motor Vehicle in Motion""]",,"[""Motor Vehicle in Motion"",""Motor Vehicle in Motion"",""Motor Vehicle in Motion""]"
0,0,"Atlanta Police Department","2022-10-28","Joseph E Lowery Blvd Nw and Donald Lee Hollowell Pkwy Nw","(O) No Injury","Daylight","On Roadway - Roadway Intersection","Sideswipe-Same Direction","Donald Lee Hollowell Pkwy Nw","Dry","11:30:00","[""Lap and Shoulder Belt Used"",""Lap and Shoulder Belt Used""]","Clear",0,33.773042,-84.417355,"Atlanta","FULTON","[""Motor Vehicle in Motion"",""Motor Vehicle in Motion""]","Improper Turn","[""Motor Vehicle in Motion"",""Motor Vehicle in Motion""]"
0,0,"Atlanta Police Department","2022-10-28","Candler Rd Se and Memorial Dr Se","(O) No Injury","Dark-Lighted","Off Roadway","Rear End","Memorial Dr Se","Dry","01:40:00","Lap and Shoulder Belt Used","Clear",0,33.747061,-84.291264,"Atlanta","DEKALB","[""Parked Motor Vehicle"",""Motor Vehicle in Motion""]","Misjudged Clearance","[""Parked Motor Vehicle"",""Motor Vehicle in Motion""]"
0,0,"Atlanta Police Department","2022-10-28","Coronet Way Nw and Pine Grove Dr Nw","(O) No Injury","Daylight","On Roadway - Non-Intersection","Rear End","Pine Grove Dr Nw","Dry","12:03:00","[""Lap and Shoulder Belt Used"",""Lap and Shoulder Belt Used""]","Clear",0,33.81897,-84.447807,"Atlanta","FULTON","[""Motor Vehicle in Motion"",""Motor Vehicle in Motion""]","Improper Backing","[""Motor Vehicle in Motion"",""Motor Vehicle in Motion""]"
0,0,"Gsp Post 00","2022-10-28","None and I-20 Wb Entrance Ramp From Bou","(C) Possible Injury / Complaint","Daylight","Entrance/Exit Ramp","Rear End","I-20 Wb Entrance Ramp From Bou","Dry","08:55:00","[""Lap and Shoulder Belt Used"",""Lap and Shoulder Belt Used"",""Lap and Shoulder Belt Used"",""Lap and Shoulder Belt Used""]","Clear",0,33.743659,-84.370249,"Atlanta","FULTON","[""Motor Vehicle in Motion"",""Motor Vehicle in Motion""]","Following Too Close","[""Motor Vehicle in Motion"",""Motor Vehicle in Motion""]"
0,0,"Atlanta Police Department","2022-10-28","Bolton Rd Nw and Northwest Dr Nw","(O) No Injury","Daylight","On Roadway - Non-Intersection","Rear End","Bolton Rd Nw","Dry","09:28:00","[""Lap and Shoulder Belt Used"",""Lap and Shoulder Belt Used""]","Clear",0,33.801001,-84.487571,"Atlanta","FULTON","[""Motor Vehicle in Motion"",""Motor Vehicle in Motion""]","Following Too Close","[""Motor Vehicle in Motion"",""Motor Vehicle in Motion""]"
0,0,"Atlanta Police Department","2022-10-28","Ga-400 N and Sidney Marcus Blvd Ne","(C) Possible Injury / Complaint","Daylight","On Roadway - Roadway Intersection","Angle Crash","Sidney Marcus Blvd Ne","Dry","12:38:00","[""Unknown"",""Unknown"",""Unknown"",""Unknown""]","Clear",0,33.824992,-84.359438,"Atlanta","FULTON","[""Motor Vehicle in Motion"",""Motor Vehicle in Motion""]",,"[""Motor Vehicle in Motion"",""Motor Vehicle in Motion""]"
0,0,"Atlanta Police Department","2022-10-28","Moreland Ave Ne and Ponce De Leon Ave Ne","(O) No Injury","Daylight","On Roadway - Roadway Intersection","Sideswipe-Same Direction","Ponce De Leon Ave Ne","Dry","16:26:00","[""Unknown"",""Unknown""]","Clear",0,33.773833,-84.348946,"Atlanta","DEKALB","[""Motor Vehicle in Motion"",""Motor Vehicle in Motion""]","Misjudged Clearance","[""Motor Vehicle in Motion"",""Motor Vehicle in Motion""]"
0,0,"Atlanta Police Department","2022-10-28","I-75 N and Northside Dr Nw","(O) No Injury","Dark-Lighted","Entrance/Exit Ramp","Sideswipe-Same Direction","Northside Dr Nw","Dry","01:00:00","[""Lap and Shoulder Belt Used"",""Lap and Shoulder Belt Used""]","Clear",0,33.803204,-84.407792,"Atlanta","FULTON","[""Motor Vehicle in Motion"",""Motor Vehicle in Motion""]","Driver Lost Control","[""Motor Vehicle in Motion"",""Motor Vehicle in Motion""]"
0,0,"Atlanta Police Department","2022-10-28","Main St Nw and Bolton Rd Nw","(O) No Injury","Daylight","On Roadway - Roadway Intersection","Rear End","Main St Nw","Dry","10:17:00","[""Lap and Shoulder Belt Used"",""Lap and Shoulder Belt Used""]","Clear",0,33.812425,-84.472666,"Atlanta","FULTON","[""Motor Vehicle in Motion"",""Motor Vehicle in Motion""]","Following Too Close","[""Motor Vehicle in Motion"",""Motor Vehicle in Motion""]"
0,0,"Atlanta Police Department","2022-10-28","None and Martin Luther King Jr Dr Nw","(O) No Injury","Daylight","On Roadway - Managed Lane (HOV, HOT, Reversible)","Rear End","Martin Luther King Jr Dr Nw","Dry","15:00:00","[""Unknown"",""Unknown""]","Clear",0,33.754652,-84.403115,"Atlanta","FULTON","[""Motor Vehicle in Motion"",""Motor Vehicle in Motion""]",,"[""Motor Vehicle in Motion"",""Motor Vehicle in Motion""]"
0,0,"Atlanta Police Department","2022-10-28","None and I-85 Exit 86 Rp","(O) No Injury","Dark-Lighted","On Roadway - Non-Intersection","Sideswipe-Same Direction","I-85 Exit 86 Rp","Dry","22:31:00","[""Unknown"",""Lap and Shoulder Belt Used""]","Clear",0,33.807308,-84.379452,"Atlanta","FULTON","[""Motor Vehicle in Motion"",""Motor Vehicle in Motion"",""Motor Vehicle in Motion""]","[""Changed Lanes Improperly"",""Changed Lanes Improperly""]","Motor Vehicle in Motion"
0,0,"Atlanta Police Department","2022-10-28","None and I-75","(O) No Injury","Daylight","On Roadway - Non-Intersection","Sideswipe-Same Direction","I-75","Dry","17:32:00","[""Unknown"",""Unknown""]","Clear",0,33.746923,-84.387737,"Atlanta","FULTON","[""Motor Vehicle in Motion"",""Motor Vehicle in Motion""]","Misjudged Clearance","[""Motor Vehicle in Motion"",""Motor Vehicle in Motion""]"
0,0,"Atlanta Police Department","2022-10-28","None and I-75","(O) No Injury","Dark-Lighted","On Roadway - Non-Intersection","Sideswipe-Same Direction","I-75","Dry","21:30:00","[""Lap and Shoulder Belt Used"",""Lap and Shoulder Belt Used""]","Clear",0,33.829779,-84.425426,"Atlanta","FULTON","[""Motor Vehicle in Motion"",""Motor Vehicle in Motion""]",,"Motor Vehicle in Motion"
0,0,"Atlanta Police Department","2022-10-28","I-75 and I-75 S","(O) No Injury","Dark-Lighted","Entrance/Exit Ramp","Sideswipe-Same Direction","I-75","Dry","23:19:00","[""Unknown"",""Unknown""]","Clear",0,33.770355,-84.390533,"Atlanta","FULTON","[""Motor Vehicle in Motion"",""Motor Vehicle in Motion""]",,"[""Motor Vehicle in Motion"",""Motor Vehicle in Motion""]"
0,0,"Atlanta Police Department","2022-10-28","I-20 W and Moreland Ave Se","(O) No Injury","Daylight","On Roadway - Non-Intersection","Rear End","Moreland Ave Se","Dry","19:00:00","Unknown","Clear",0,33.745877,-84.349227,"Atlanta","FULTON","[""Motor Vehicle in Motion"",""Motor Vehicle in Motion""]","Following Too Close","[""Motor Vehicle in Motion"",""Motor Vehicle in Motion""]"
0,0,"Atlanta Police Department","2022-10-28","Exit 252B and Howell Mill Rd Nw","(O) No Injury","Dark-Lighted","On Roadway - Non-Intersection","Rear End","Howell Mill Rd Nw","Dry","21:45:00","[""Unknown"",""Unknown"",""Unknown""]","Cloudy",0,33.805871,-84.413029,"Atlanta","FULTON","[""Motor Vehicle in Motion"",""Motor Vehicle in Motion"",""Motor Vehicle in Motion""]","Following Too Close","[""Motor Vehicle in Motion"",""Motor Vehicle in Motion"",""Motor Vehicle in Motion""]"
0,0,"Atlanta Police Department","2022-10-28","W Wesley Rd Nw and Northside Dr Nw","(C) Possible Injury / Complaint","Daylight","On Roadway - Non-Intersection","Rear End","W Wesley Rd Nw","Dry","12:34:00","[""Lap and Shoulder Belt Used"",""Lap and Shoulder Belt Used""]","Cloudy",0,33.828709,-84.407677,"Atlanta","FULTON","[""Motor Vehicle in Motion"",""Motor Vehicle in Motion""]","Following Too Close","[""Motor Vehicle in Motion"",""Motor Vehicle in Motion""]"
0,0,"Atlanta Police Department","2022-10-28","17Th St Nw and Northside Dr Nw","(O) No Injury","Dark-Lighted","On Roadway - Managed Lane (HOV, HOT, Reversible)","Sideswipe-Same Direction","Northside Dr Nw","Dry","23:00:00","[""Lap and Shoulder Belt Used"",""Lap and Shoulder Belt Used"",""Lap and Shoulder Belt Used"",""Lap and Shoulder Belt Used""]","Clear",0,33.791083,-84.408009,"Atlanta","FULTON","[""Motor Vehicle in Motion"",""Motor Vehicle in Motion""]",,"[""Motor Vehicle in Motion"",""Motor Vehicle in Motion""]"
0,0,"Atlanta Police Department","2022-10-28","I-75 and 17Th St Nw","(C) Possible Injury / Complaint","Dark-Lighted","On Roadway - Non-Intersection","Sideswipe-Same Direction","I-75","Dry","18:16:00","[""Unknown"",""Unknown"",""Unknown"",""Unknown""]","Clear",0,33.791412,-84.390731,"Atlanta","FULTON","[""Motor Vehicle in Motion"",""Motor Vehicle in Motion""]","Changed Lanes Improperly","[""Motor Vehicle in Motion"",""Motor Vehicle in Motion""]"
0,0,"Atlanta Police Department","2022-10-28","United Ave Se and Moreland Ave Se","(C) Possible Injury / Complaint","Daylight","On Roadway - Roadway Intersection","Angle Crash","Moreland Ave Se","Dry","16:00:00","[""Unknown"",""Unknown""]","Clear",0,33.723995,-84.349454,"Atlanta","FULTON","[""Motor Vehicle in Motion"",""Motor Vehicle in Motion""]","Failure to Yield","[""Motor Vehicle in Motion"",""Motor Vehicle in Motion""]"
0,0,"Atlanta Police Department","2022-10-28","I-20 E and Joseph E Lowery Blvd Sw","(C) Possible Injury / Complaint","Daylight","On Roadway - Non-Intersection","Rear End","Joseph E Lowery Blvd Sw","Dry","16:19:00","[""Unknown"",""Unknown"",""Unknown""]","Cloudy",0,33.741708,-84.420389,"Atlanta","FULTON","[""Motor Vehicle in Motion"",""Motor Vehicle in Motion"",""Motor Vehicle in Motion""]","[""Following Too Close"",""Following Too Close""]","[""Motor Vehicle in Motion"",""Motor Vehicle in Motion"",""Motor Vehicle in Motion""]"
0,0,"Atlanta Police Department","2022-10-28","Moreland Ave Se and Gracewood Ave Se","(O) No Injury","Dark-Lighted","On Roadway - Roadway Intersection","Rear End","Gracewood Ave Se","Dry","18:30:00","[""Unknown"",""Unknown"",""Unknown"",""Unknown"",""Unknown""]","Clear",0,33.732824,-84.349341,"Atlanta","FULTON","[""Motor Vehicle in Motion"",""Motor Vehicle in Motion"",""Motor Vehicle in Motion""]","Following Too Close","[""Motor Vehicle in Motion"",""Motor Vehicle in Motion"",""Motor Vehicle in Motion""]"
0,0,"Atlanta Police Department","2022-10-28","I-285 and Campbellton Rd Sw","(O) No Injury","Daylight","On Roadway - Non-Intersection","Rear End","I-285","Dry","16:00:00","[""Unknown"",""Unknown"",""Unknown"",""Unknown""]","Clear",0,33.690323,-84.500205,"Atlanta","FULTON","[""Motor Vehicle in Motion"",""Motor Vehicle in Motion""]","Following Too Close","[""Motor Vehicle in Motion"",""Motor Vehicle in Motion""]"
0,0,"Atlanta Police Department","2022-10-28","10Th St Nw and Spring St Nw","(O) No Injury","Daylight","On Roadway - Roadway Intersection","Sideswipe-Same Direction","10Th St Nw","Dry","16:30:00","[""Unknown"",""Unknown""]","Clear",0,33.781507,-84.389146,"Atlanta","FULTON","[""Motor Vehicle in Motion"",""Motor Vehicle in Motion""]","Misjudged Clearance","[""Motor Vehicle in Motion"",""Motor Vehicle in Motion""]"
0,1,"Atlanta Police Department","2022-10-28","Formwalt St Sw and Ralph David Abernathy Blvd Sw","(B) Suspected Minor/Visible Injury","Dark-Lighted","On Roadway - Roadway Intersection","Sideswipe-Same Direction","Ralph David Abernathy Blvd Sw","Dry","19:28:00","[""Unknown"",""Unknown"",""Unknown"",""Unknown""]","Clear",0,33.736872,-84.395816,"Atlanta","FULTON","[""Motor Vehicle in Motion"",""Motor Vehicle in Motion""]","Misjudged Clearance","[""Motor Vehicle in Motion"",""Motor Vehicle in Motion""]"
0,0,"Atlanta Police Department","2022-10-28","Hill St Se and Memorial Dr Se","(O) No Injury","Daylight","On Roadway - Roadway Intersection","Angle Crash","Hill St Se","Dry","17:20:00","[""Unknown"",""Unknown""]","Clear",0,33.746854,-84.379326,"Atlanta","FULTON","[""Motor Vehicle in Motion"",""Motor Vehicle in Motion""]","Failure to Yield","[""Motor Vehicle in Motion"",""Motor Vehicle in Motion""]"
0,0,"Atlanta Police Department","2022-10-28","None and I-75 85 Nb Rp","(K) Fatal Injury","Dark-Lighted","Off Roadway","Not a Collision with Motor Vehicle","I-75 85 Nb Rp","Dry","04:08:00","Unknown","Clear",1,33.74525,-84.388172,"Atlanta","FULTON","Tree","Driver Lost Control","Tree"
0,0,"Atlanta Police Department","2022-10-28","Peachtree Rd Ne and Peachtree Park Dr Ne","(C) Possible Injury / Complaint","Dark-Not Lighted","On Roadway - Non-Intersection","Rear End","Peachtree Rd Ne","Dry","21:45:00","[""Lap and Shoulder Belt Used"",""Lap and Shoulder Belt Used""]","Cloudy",0,33.812294,-84.392271,"Atlanta","FULTON","[""Motor Vehicle in Motion"",""Motor Vehicle in Motion""]","[""Reckless Driving"",""Under the Influence (U.I.)""]","[""Motor Vehicle in Motion"",""Motor Vehicle in Motion""]"
0,0,"Atlanta Police Department","2022-10-28","None and I-75 Hov Lane","(C) Possible Injury / Complaint","Dark-Lighted","On Roadway - Non-Intersection","Angle Crash","I-75 Hov Lane","Dry","20:15:00","[""Lap and Shoulder Belt Used"",""Booster Seat (Properly Used)""]","Clear",0,33.73853,-84.391755,"Atlanta","FULTON","[""Motor Vehicle in Motion"",""Motor Vehicle in Motion""]","Following Too Close","[""Motor Vehicle in Motion"",""Motor Vehicle in Motion""]"
0,0,"Atlanta Police Department","2022-10-28","Jonesboro Rd Se and Constitution Rd Se","(O) No Injury","Dark-Not Lighted","On Roadway - Roadway Intersection","Angle Crash","Constitution Rd Se","Dry","19:15:00","[""Unknown"",""Unknown""]","Clear",0,33.693233,-84.366857,"Atlanta","FULTON","[""Motor Vehicle in Motion"",""Motor Vehicle in Motion""]",,"[""Motor Vehicle in Motion"",""Motor Vehicle in Motion""]"
0,0,"Dekalb Co Police Department","2022-10-28","Moreland Ave and Village Creek Ldg","(O) No Injury","Dark-Not Lighted","On Roadway - Non-Intersection","Sideswipe-Same Direction","Moreland Ave","Dry","21:35:00","[""Unknown"",""Unknown"",""Unknown"",""Unknown"",""Unknown"",""Unknown""]","Clear",0,33.721215,-84.349481,"Atlanta","FULTON","[""Motor Vehicle in Motion"",""Motor Vehicle in Motion""]",,"[""Motor Vehicle in Motion"",""Motor Vehicle in Motion""]"
0,0,"Atlanta Police Department","2022-10-28","None and Pharr Rd","(O) No Injury","Daylight","On Roadway - Non-Intersection","Angle Crash","Pharr Rd","Dry","09:30:00","[""Lap and Shoulder Belt Used"",""None Used""]","Clear",0,33.836023,-84.3854,"Atlanta","FULTON","[""Motor Vehicle in Motion"",""Motor Vehicle in Motion""]","Changed Lanes Improperly","[""Motor Vehicle in Motion"",""Motor Vehicle in Motion""]"
0,0,"Atlanta Police Department","2022-10-28","None and Jonesboro Rd Se Rp","(O) No Injury","Daylight","Entrance/Exit Ramp","Rear End","Jonesboro Rd Se Rp","Dry","17:05:00","[""Unknown"",""Unknown""]","Clear",0,33.650995,-84.366843,"Atlanta","FULTON","[""Motor Vehicle in Motion"",""Motor Vehicle in Motion""]","Following Too Close","[""Motor Vehicle in Motion"",""Motor Vehicle in Motion""]"
0,0,"Gsp Post 00","2022-10-28","I-20 and I-7585 South","(O) No Injury","Daylight","On Roadway - Non-Intersection","Sideswipe-Same Direction","I-7585 South","Dry","13:28:00","[""Lap and Shoulder Belt Used"",""Lap and Shoulder Belt Used""]","Cloudy",0,33.748195,-84.385673,"Atlanta","FULTON","[""Motor Vehicle in Motion"",""Motor Vehicle in Motion""]",,"[""Motor Vehicle in Motion"",""Motor Vehicle in Motion""]"