"# Serious Injuries","# Visible Injuries","Agency Name (Crash Level) ","Date","Intersection Name (from Crash Report)","KABCO Severity","Light Conditions (Crash Level)","Location at Impact (Crash Level) ","Manner of Collision (Crash Level) ","Roadway (From Crash Report)","Surface Condition (Crash Level) ","Time","Safety Equipment (Crash Level) ","Weather Conditions (Crash Level)","# of Fatalities per Crash","Latitude","Longitude","Geolocated City","Geolocated County","First Harmful Event (Unit Order)","Operator/Pedestrian Contrib Factor (excl None, Other, No Contrib Factors)","Most Harmful Event (Crash Level)"
0,0,"Atlanta Police Department","2022-10-31","None and I-85","(C) Possible Injury / Complaint","Dark-Lighted","Median","Not a Collision with Motor Vehicle","I-85","Wet","05:01:00","[""Unknown"",""Booster Seat (Properly Used)""]","Rain",0,33.683733,-84.409281,"Atlanta","FULTON","Median Barrier","Driver Lost Control","Median Barrier"
0,0,"Gsp Post 00","2022-10-31","I-7585 North and Spring St 249B","(O) No Injury","Daylight","On Roadway - Non-Intersection","Rear End","I-7585 North","Dry","17:00:00","[""Lap and Shoulder Belt Used"",""Lap and Shoulder Belt Used"",""Lap and Shoulder Belt Used"",""Lap and Shoulder Belt Used"",""Child Restraint System (Properly Used)"",""Child Restraint System (Properly Used)"",""Lap and Shoulder Belt Used""]","Cloudy",0,33.765376,-84.385185,"Atlanta","FULTON","[""Motor Vehicle in Motion"",""Motor Vehicle in Motion"",""Motor Vehicle in Motion""]","Following Too Close","[""Motor Vehicle in Motion"",""Motor Vehicle in Motion"",""Motor Vehicle in Motion""]"
0,0,"Atlanta Police Department","2022-10-31","Adina Dr Ne and Lindbergh Dr Ne","(C) Possible Injury / Complaint","Dark-Lighted","On Roadway - Non-Intersection","Rear End","Lindbergh Dr Ne","Dry","00:10:00","[""Lap and Shoulder Belt Used"",""Lap and Shoulder Belt Used"",""Lap and Shoulder Belt Used""]","Clear",0,33.820585,-84.363307,"Atlanta","FULTON","[""Motor Vehicle in Motion"",""Motor Vehicle in Motion""]","Following Too Close","[""Motor Vehicle in Motion"",""Motor Vehicle in Motion""]"
0,0,"Atlanta Police Department","2022-10-31","16Th St Ne and Peachtree St Ne","Unknown","Dark-Lighted","Off Roadway","Not a Collision with Motor Vehicle","16Th St Ne","Wet","05:30:00",,"Rain",0,33.790598,-84.385114,"Atlanta","FULTON","Other Non-Collision","Too Fast for Conditions","Tree"
0,0,"Atlanta Police Department","2022-10-31","Mill Walk Nw and Moores Mill Rd Nw","(O) No Injury","Daylight","On Roadway - Roadway Intersection","Rear End","Moores Mill Rd Nw","Water (standing or moving)","08:00:00","[""Unknown"",""Unknown""]","Cloudy",0,33.842887,-84.411207,"Atlanta","FULTON","[""Motor Vehicle in Motion"",""Motor Vehicle in Motion""]","Following Too Close","[""Motor Vehicle in Motion"",""Motor Vehicle in Motion""]"
0,0,"Atlanta Police Department","2022-10-31","Wylie St Se and Moreland Ave Se","(O) No Injury","Daylight","On Roadway - Non-Intersection","Angle Crash","Wylie St Se","Dry","12:30:00","[""None Used"",""Lap and Shoulder Belt Used""]","Clear",0,33.752369,-84.349224,"Atlanta","FULTON","[""Motor Vehicle in Motion"",""Motor Vehicle in Motion""]",,"[""Motor Vehicle in Motion"",""Motor Vehicle in Motion""]"
0,0,"Atlanta Police Department","2022-11-01","Dekalb Ave Ne and Norwood Ave Ne","(O) No Injury","Dark-Lighted","On Roadway - Non-Intersection","Rear End","Dekalb Ave Ne","Dry","02:00:00","[""Unknown"",""Unknown""]","Clear",0,33.762459,-84.320723,"Atlanta","DEKALB","[""Motor Vehicle in Motion"",""Motor Vehicle in Motion""]","Following Too Close","[""Motor Vehicle in Motion"",""Motor Vehicle in Motion""]"
0,0,"Atlanta Police Department","2022-11-01","Lee St Sw and Ralph David Abernathy Blvd Sw","(C) Possible Injury / Complaint","Dark-Lighted","On Roadway - In Crosswalk","Not a Collision with Motor Vehicle","Ralph David Abernathy Blvd Sw","Dry","20:45:00","[""Unknown"",""None Used""]","Clear",0,33.738244,-84.414055,"Atlanta","FULTON","[""Pedestrian"",""Motor Vehicle in Motion""]","Aggressive Driving","Pedestrian"
0,0,"Atlanta Police Department","2022-11-01","W Lake Ave Nw and Springview Rd Nw","(O) No Injury","Dark-Not Lighted","Off Roadway - Sidewalk","Not a Collision with Motor Vehicle","W Lake Ave Nw","Dry","04:55:00","Unknown","Clear",0,33.760228,-84.443357,"Atlanta","FULTON","Deer","Under the Influence (U.I.)","Deer"
0,0,"Atlanta Police Department","2022-11-01","10Th St Nw and Techwood Dr Nw","(C) Possible Injury / Complaint","Dark-Not Lighted","On Roadway - Non-Intersection","Rear End","Techwood Dr Nw","Dry","19:00:00","[""Lap and Shoulder Belt Used"",""Lap and Shoulder Belt Used""]","Clear",0,33.7821,-84.391585,"Atlanta","FULTON","[""Motor Vehicle in Motion"",""Motor Vehicle in Motion""]","Following Too Close","[""Motor Vehicle in Motion"",""Motor Vehicle in Motion""]"
0,0,"Atlanta Police Department","2022-11-01","10Th St Nw and Spring St Nw","(O) No Injury","Daylight","On Roadway - Non-Intersection","Angle Crash","Spring St Nw","Dry","14:00:00","[""Unknown"",""Unknown""]","Clear",0,33.781288,-84.38913,"Atlanta","FULTON","[""Motor Vehicle in Motion"",""Motor Vehicle in Motion""]","Following Too Close","[""Motor Vehicle in Motion"",""Motor Vehicle in Motion""]"
0,0,"Gsp Post 00","2022-11-01","I-20 Eb and Mcdaniel St","(C) Possible Injury / Complaint","Daylight","On Roadway - Non-Intersection","Rear End","I-20 Eb","Dry","16:10:00","[""Lap and Shoulder Belt Used"",""Lap and Shoulder Belt Used"",""Lap and Shoulder Belt Used"",""Lap and Shoulder Belt Used"",""Lap and Shoulder Belt Used""]","Clear",0,33.742488,-84.403803,"Atlanta","FULTON","[""Motor Vehicle in Motion"",""Motor Vehicle in Motion"",""Motor Vehicle in Motion"",""Motor Vehicle in Motion"",""Motor Vehicle in Motion""]","Following Too Close","[""Motor Vehicle in Motion"",""Motor Vehicle in Motion"",""Motor Vehicle in Motion"",""Motor Vehicle in Motion"",""Motor Vehicle in Motion""]"
0,0,"Atlanta Police Department","2022-11-01","16Th St Nw and W Peachtree St Ne","(O) No Injury","Daylight","On Roadway - Non-Intersection","Sideswipe-Same Direction","W Peachtree St Ne","Dry","12:05:00","Lap and Shoulder Belt Used","Clear",0,33.789914,-84.387783,"Atlanta","FULTON","[""Parked Motor Vehicle"",""Motor Vehicle in Motion""]","Misjudged Clearance","[""Parked Motor Vehicle"",""Motor Vehicle in Motion""]"
0,0,"Atlanta Police Department","2022-11-01","None and Marietta Blvd Nw","(O) No Injury","Daylight","On Roadway - Non-Intersection","Angle Crash","Marietta Blvd Nw","Dry","15:23:00","[""Lap and Shoulder Belt Used"",""Lap and Shoulder Belt Used""]","Clear",0,33.819882,-84.452374,"Atlanta","FULTON","[""Motor Vehicle in Motion"",""Motor Vehicle in Motion""]","Failure to Yield","[""Motor Vehicle in Motion"",""Motor Vehicle in Motion""]"
0,0,"Atlanta Police Department","2022-11-01","14Th St Ne and W Peachtree St Nw","(O) No Injury","Daylight","On Roadway - Roadway Intersection","Angle Crash","W Peachtree St Nw","Dry","17:40:00","Lap and Shoulder Belt Used","Clear",0,33.786614,-84.387808,"Atlanta","FULTON","[""Motor Vehicle in Motion"",""Motor Vehicle in Motion""]","Improper Passing","[""Motor Vehicle in Motion"",""Motor Vehicle in Motion""]"
1,0,"Atlanta Police Department","2022-11-01","14Th St Nw and State St Nw","(A) Suspected Serious Injury","Daylight","Off Roadway","Not a Collision with Motor Vehicle","14Th St Nw","Dry","15:52:00","Unknown","Clear",0,33.786192,-84.398502,"Atlanta","FULTON","Utility Pole","[""Driver Condition"",""Too Fast for Conditions"",""Inattentive or Other Distraction (Distracted)""]","Utility Pole"
0,0,"Gsp Post 00","2022-11-01","None and I-20 Entrance Ramp To I-7585","(O) No Injury","Daylight","On Roadway - Non-Intersection","Rear End","I-20 Entrance Ramp To I-7585","Dry","07:44:00","[""Lap and Shoulder Belt Used"",""Lap and Shoulder Belt Used""]","Clear",0,33.747397,-84.386235,"Atlanta","FULTON","[""Motor Vehicle in Motion"",""Motor Vehicle in Motion""]","Improper Backing","[""Motor Vehicle in Motion"",""Motor Vehicle in Motion""]"
0,0,"Atlanta Police Department","2022-11-01","Division St Nw and Joseph E Lowery Blvd Nw","(C) Possible Injury / Complaint","Daylight","On Roadway - Non-Intersection","Rear End","Division St Nw","Dry","15:00:00","[""Lap and Shoulder Belt Used"",""Lap and Shoulder Belt Used"",""Lap and Shoulder Belt Used""]","Clear",0,33.764284,-84.41747,"Atlanta","FULTON","[""Motor Vehicle in Motion"",""Motor Vehicle in Motion"",""Motor Vehicle in Motion""]","Following Too Close","[""Motor Vehicle in Motion"",""Motor Vehicle in Motion"",""Motor Vehicle in Motion""]"
0,0,"Gsp Post 00","2022-11-01","I-75 S and Deering Rd","(O) No Injury","Daylight","On Roadway - Non-Intersection","Sideswipe-Same Direction","I-75 S","Dry","17:10:00","[""Unknown"",""Lap and Shoulder Belt Used""]","Clear",0,33.79715,-84.395393,"Atlanta","FULTON","[""Motor Vehicle in Motion"",""Motor Vehicle in Motion""]","Changed Lanes Improperly","[""Motor Vehicle in Motion"",""Motor Vehicle in Motion""]"
0,0,"Gsp Post 00","2022-11-01","I-7585 North and Martin Luther King Jr Dr Overp","(C) Possible Injury / Complaint","Dark-Lighted","On Roadway - Non-Intersection","Rear End","I-7585 North","Dry","06:58:00","[""Lap and Shoulder Belt Used"",""Lap and Shoulder Belt Used"",""Lap and Shoulder Belt Used""]","Clear",0,33.748693,-84.383762,"Atlanta","FULTON","[""Motor Vehicle in Motion"",""Motor Vehicle in Motion""]","Following Too Close","[""Motor Vehicle in Motion"",""Motor Vehicle in Motion""]"
0,0,"Gsp Post 00","2022-11-01","I-7585 Northbound and Ralph David Abernathy Blvd","(O) No Injury","Dawn","On Roadway - Non-Intersection","Sideswipe-Same Direction","I-7585 Northbound","Dry","06:50:00","[""Lap and Shoulder Belt Used"",""Unknown""]","Clear",0,33.733087,-84.391906,"Atlanta","FULTON","[""Motor Vehicle in Motion"",""Motor Vehicle in Motion""]","Changed Lanes Improperly","[""Motor Vehicle in Motion"",""Motor Vehicle in Motion""]"
0,0,"Atlanta Police Department","2022-11-01","I-75 and Exit 249C","(O) No Injury","Dark-Not Lighted","On Roadway - Non-Intersection","Sideswipe-Same Direction","I-75","Dry","01:25:00","[""Lap and Shoulder Belt Used"",""Lap and Shoulder Belt Used"",""Lap and Shoulder Belt Used""]","Cloudy",0,33.76912,-84.390537,"Atlanta","FULTON","[""Motor Vehicle in Motion"",""Motor Vehicle in Motion""]","Changed Lanes Improperly","[""Motor Vehicle in Motion"",""Motor Vehicle in Motion""]"
0,0,"Atlanta Police Department","2022-11-01","Memorial Dr Se and Dearborn St Se","(O) No Injury","Daylight","On Roadway - Non-Intersection","Rear End","Dearborn St Se","Dry","10:00:00","[""Lap and Shoulder Belt Used"",""Lap and Shoulder Belt Used""]","Clear",0,33.747436,-84.327246,"Atlanta","DEKALB","[""Motor Vehicle in Motion"",""Motor Vehicle in Motion""]","Following Too Close","[""Motor Vehicle in Motion"",""Motor Vehicle in Motion""]"
0,0,"Atlanta Police Department","2022-11-01","None and Peachtree Rd Ne","(C) Possible Injury / Complaint","Daylight","On Roadway - Roadway Intersection","Rear End","Peachtree Rd Ne","Dry","18:30:00","[""Lap and Shoulder Belt Used"",""Lap and Shoulder Belt Used""]","Clear",0,33.828645,-84.387436,"Atlanta","FULTON","[""Motor Vehicle in Motion"",""Motor Vehicle in Motion""]","Following Too Close","[""Motor Vehicle in Motion"",""Motor Vehicle in Motion""]"
0,0,"Atlanta Police Department","2022-11-01","2Nd Ave Se and Alston Dr Se","(O) No Injury","Daylight","On Roadway - Roadway Intersection","Angle Crash","2Nd Ave Se","Dry","17:30:00","[""Unknown"",""Unknown""]","Clear",0,33.745253,-84.309732,"Atlanta","DEKALB","[""Motor Vehicle in Motion"",""Motor Vehicle in Motion""]","Disregard Stop Sign/Signal","[""Motor Vehicle in Motion"",""Motor Vehicle in Motion""]"
0,0,"Brookhaven PD","2022-11-01","Chantilly Dr and Cheshire Bridge Rd","(O) No Injury","Daylight","On Roadway - Roadway Intersection","Head On","Chantilly Dr","Dry","09:44:00","[""Lap and Shoulder Belt Used"",""Lap and Shoulder Belt Used""]","Clear",0,33.823981,-84.350336,"Atlanta","FULTON","[""Motor Vehicle in Motion"",""Motor Vehicle in Motion""]","Failure to Yield","[""Motor Vehicle in Motion"",""Motor Vehicle in Motion""]"
0,0,"Gsp Post 00","2022-11-01","I-7585 N and Piedmont Avenue","(C) Possible Injury / Complaint","Dark-Lighted","On Roadway - Non-Intersection","Rear End","I-7585 N","Dry","06:27:00","[""Lap and Shoulder Belt Used"",""Lap and Shoulder Belt Used""]","Cloudy",0,33.762732,-84.382221,"Atlanta","FULTON","[""Motor Vehicle in Motion"",""Motor Vehicle in Motion""]","Following Too Close","[""Motor Vehicle in Motion"",""Motor Vehicle in Motion""]"
0,0,"Gsp Post 00","2022-11-01","I-20 East and Martin Luther King Jr Dr","(O) No Injury","Daylight","On Roadway - Non-Intersection","Sideswipe-Same Direction","I-20 East","Dry","10:43:00","[""Lap and Shoulder Belt Used"",""Lap and Shoulder Belt Used"",""Lap and Shoulder Belt Used""]","Clear",0,33.747885,-84.440175,"Atlanta","FULTON","[""Motor Vehicle in Motion"",""Motor Vehicle in Motion""]",,"[""Motor Vehicle in Motion"",""Motor Vehicle in Motion""]"
0,0,"Gsp Post 00","2022-11-01","I-20 West and Langhorn Street","(O) No Injury","Daylight","On Roadway - Non-Intersection","Sideswipe-Same Direction","I-20 West","Dry","17:00:00","[""Lap and Shoulder Belt Used"",""Lap and Shoulder Belt Used""]","Clear",0,33.746449,-84.430453,"Atlanta","FULTON","[""Motor Vehicle in Motion"",""Motor Vehicle in Motion""]","Changed Lanes Improperly","[""Motor Vehicle in Motion"",""Motor Vehicle in Motion""]"
0,0,"Gsp Post 00","2022-11-01","Lee St and I-20 West","(C) Possible Injury / Complaint","Daylight","Median","Not a Collision with Motor Vehicle","I-20 West","Dry","08:15:00","Lap and Shoulder Belt Used","Clear",0,33.741474,-84.412913,"Atlanta","FULTON","Median Barrier","Too Fast for Conditions","Median Barrier"
0,0,"Atlanta Police Department","2022-11-01","Pine St Ne and Peachtree St Ne","(O) No Injury","Dark-Lighted","On Roadway - Roadway Intersection","Sideswipe-Same Direction","Peachtree St Ne","Dry","19:41:00","[""Lap and Shoulder Belt Used"",""Lap and Shoulder Belt Used""]","Clear",0,33.767432,-84.38538,"Atlanta","FULTON","[""Motor Vehicle in Motion"",""Motor Vehicle in Motion""]","Changed Lanes Improperly","[""Motor Vehicle in Motion"",""Motor Vehicle in Motion""]"
0,0,"Atlanta Police Department","2022-11-01","Atlanta Industrial Pkwy Nw and Donald Lee Hollowell Pkwy Nw","(O) No Injury","Dark-Lighted","On Roadway - Roadway Intersection","Sideswipe-Same Direction","Donald Lee Hollowell Pkwy Nw","Dry","22:40:00","[""Lap and Shoulder Belt Used"",""Lap and Shoulder Belt Used""]","Clear",0,33.791202,-84.497137,"Atlanta","FULTON","[""Motor Vehicle in Motion"",""Motor Vehicle in Motion""]","Changed Lanes Improperly","[""Motor Vehicle in Motion"",""Motor Vehicle in Motion""]"
0,0,"Atlanta Police Department","2022-11-01","Boulevard Ne and John Lewis Freedom Pkwy Ne","(C) Possible Injury / Complaint","Dark-Lighted","On Roadway - Non-Intersection","Sideswipe-Same Direction","Boulevard Ne","Dry","18:30:00","Lap and Shoulder Belt Used","Clear",0,33.760229,-84.372013,"Atlanta","FULTON","[""Motor Vehicle in Motion"",""Motor Vehicle in Motion""]",,"[""Motor Vehicle in Motion"",""Motor Vehicle in Motion""]"
0,0,"Atlanta Police Department","2022-11-01","Lawshe St Sw and Greensferry Ave Sw","(C) Possible Injury / Complaint","Daylight","On Roadway - Non-Intersection","Rear End","Lawshe St Sw","Dry","17:00:00","[""None Used"",""None Used""]","Clear",0,33.747148,-84.411048,"Atlanta","FULTON","[""Motor Vehicle in Motion"",""Motor Vehicle in Motion""]",,"[""Motor Vehicle in Motion"",""Motor Vehicle in Motion""]"
0,0,"Atlanta Police Department","2022-11-01","Peachtree Rd Ne and Grandview Ave Ne","(O) No Injury","Daylight","On Roadway - Driveway Intersection","Angle Crash","Peachtree Rd Ne","Dry","16:15:00","[""Lap and Shoulder Belt Used"",""Lap and Shoulder Belt Used"",""Lap and Shoulder Belt Used"",""Lap and Shoulder Belt Used""]","Clear",0,33.841049,-84.375632,"Atlanta","FULTON","[""Motor Vehicle in Motion"",""Motor Vehicle in Motion""]","Failure to Yield","[""Motor Vehicle in Motion"",""Motor Vehicle in Motion""]"
0,0,"Atlanta Police Department","2022-11-01","Harwell Rd Nw and Martin Luther King Jr Dr Sw","(O) No Injury","Daylight","On Roadway - Non-Intersection","Angle Crash","Martin Luther King Jr Dr Sw","Dry","16:30:00","[""Unknown"",""Unknown""]","Clear",0,33.752328,-84.492517,"Atlanta","FULTON","[""Motor Vehicle in Motion"",""Motor Vehicle in Motion""]","Failure to Yield","[""Motor Vehicle in Motion"",""Motor Vehicle in Motion""]"
0,0,"Atlanta Police Department","2022-11-01","Wade St Ne and Moreland Ave Ne","(O) No Injury","Daylight","On Roadway - Roadway Intersection","Sideswipe-Same Direction","Wade St Ne","Dry","12:02:00","[""Unknown"",""Unknown"",""Unknown""]","Clear",0,33.756213,-84.349117,"Atlanta","DEKALB","[""Motor Vehicle in Motion"",""Motor Vehicle in Motion""]",,"[""Motor Vehicle in Motion"",""Motor Vehicle in Motion""]"
0,0,"Gsp Post 00","2022-11-01","I-20 Wb and I-285 Nb Ramp","(O) No Injury","Daylight","On Roadway - Non-Intersection","Sideswipe-Same Direction","I-20 Wb","Dry","18:20:00","[""Lap and Shoulder Belt Used"",""Lap and Shoulder Belt Used"",""Lap and Shoulder Belt Used""]","Clear",0,33.765008,-84.493853,"Atlanta","FULTON","[""Motor Vehicle in Motion"",""Motor Vehicle in Motion"",""Motor Vehicle in Motion""]","Changed Lanes Improperly","[""Motor Vehicle in Motion"",""Motor Vehicle in Motion"",""Motor Vehicle in Motion""]"
0,0,"Atlanta Police Department","2022-11-01","Bolton Rd Nw and Donald Lee Hollowell Pkwy Nw","(C) Possible Injury / Complaint","Daylight","On Roadway - Roadway Intersection","Rear End","Donald Lee Hollowell Pkwy Nw","Dry","09:00:00","[""Lap and Shoulder Belt Used"",""Lap and Shoulder Belt Used"",""Lap and Shoulder Belt Used"",""Lap and Shoulder Belt Used"",""Lap and Shoulder Belt Used"",""Child Restraint System (Properly Used)"",""Lap and Shoulder Belt Used""]","Clear",0,33.787813,-84.494398,"Atlanta","FULTON","[""Motor Vehicle in Motion"",""Motor Vehicle in Motion""]","Following Too Close","[""Motor Vehicle in Motion"",""Motor Vehicle in Motion""]"
0,0,"Atlanta Police Department","2022-11-01","Roach St Sw and Atlanta Student Movement Blvd Sw","(O) No Injury","Daylight","On Roadway - Roadway Intersection","Sideswipe-Same Direction","Atlanta Student Movement Blvd Sw","Dry","08:17:00","[""Unknown"",""Lap and Shoulder Belt Used""]","Clear",0,33.749342,-84.409787,"Atlanta","FULTON","[""Motor Vehicle in Motion"",""Motor Vehicle in Motion""]","Changed Lanes Improperly","[""Motor Vehicle in Motion"",""Motor Vehicle in Motion""]"
0,0,"Gsp Post 00","2022-11-01","Moreland Avenue and I-20 West Exit Ramp To Morelan","(O) No Injury","Daylight","On Roadway - Non-Intersection","Rear End","I-20 West Exit Ramp To Morelan","Dry","13:25:00","[""Lap and Shoulder Belt Used"",""Lap and Shoulder Belt Used""]","Clear",0,33.746788,-84.349217,"Atlanta","FULTON","[""Motor Vehicle in Motion"",""Motor Vehicle in Motion""]","Following Too Close","[""Motor Vehicle in Motion"",""Motor Vehicle in Motion""]"
0,0,"Atlanta Police Department","2022-11-01","Central Ave Sw and Mitchell St Sw","(C) Possible Injury / Complaint","Daylight","On Roadway - Roadway Intersection","Sideswipe-Same Direction","Mitchell St Sw","Dry","16:39:00","[""Unknown"",""Unknown""]","Clear",0,33.749457,-84.390317,"Atlanta","FULTON","[""Motor Vehicle in Motion"",""Motor Vehicle in Motion""]","Changed Lanes Improperly","[""Motor Vehicle in Motion"",""Motor Vehicle in Motion""]"
0,0,"Atlanta Police Department","2022-11-01","Stanton Rd Sw and Campbellton Rd Sw","(O) No Injury","Dark-Not Lighted","On Roadway - Driveway Intersection","Not a Collision with Motor Vehicle","Stanton Rd Sw","Dry","06:15:00","[""Lap and Shoulder Belt Used"",""Unknown""]","Clear",0,33.711574,-84.443708,"Atlanta","FULTON","[""Motor Vehicle in Motion"",""Motor Vehicle in Motion""]","Disregard Other Traffic Control","Motor Vehicle in Motion"
0,0,"Atlanta Police Department","2022-11-01","Lambert Dr Ne and Piedmont Rd Ne","(O) No Injury","Daylight","On Roadway - Non-Intersection","Sideswipe-Same Direction","Piedmont Rd Ne","Dry","08:30:00","[""Unknown"",""Unknown""]","Clear",0,33.811567,-84.366765,"Atlanta","FULTON","[""Motor Vehicle in Motion"",""Motor Vehicle in Motion""]","Changed Lanes Improperly","[""Motor Vehicle in Motion"",""Motor Vehicle in Motion""]"
0,0,"Gsp Post 00","2022-11-01","Interstate 20 and Interstate 285 Sb","(O) No Injury","Dawn","On Roadway - Non-Intersection","Sideswipe-Same Direction","Interstate 285 Sb","Dry","07:05:00","[""Lap and Shoulder Belt Used"",""Lap and Shoulder Belt Used""]","Cloudy",0,33.779678,-84.496279,"Atlanta","FULTON","[""Motor Vehicle in Motion"",""Motor Vehicle in Motion""]","Changed Lanes Improperly","[""Motor Vehicle in Motion"",""Motor Vehicle in Motion""]"
0,0,"Atlanta Police Department","2022-11-01","25Th St Nw and Peachtree St Nw","(O) No Injury","Daylight","On Roadway - Roadway Intersection","Rear End","25Th St Nw","Dry","08:50:00","[""Lap and Shoulder Belt Used"",""Lap and Shoulder Belt Used""]","Clear",0,33.801489,-84.392752,"Atlanta","FULTON","[""Motor Vehicle in Motion"",""Motor Vehicle in Motion""]","Following Too Close","[""Motor Vehicle in Motion"",""Motor Vehicle in Motion""]"
0,0,"Gsp Post 00","2022-11-01","Ga-400Sb and Peachtree Rd","(C) Possible Injury / Complaint","Daylight","On Roadway - Non-Intersection","Rear End","Ga-400Sb","Dry","07:20:00","[""Lap and Shoulder Belt Used"",""Lap and Shoulder Belt Used""]","Clear",0,33.833119,-84.359864,"Atlanta","FULTON","[""Motor Vehicle in Motion"",""Motor Vehicle in Motion""]","[""Changed Lanes Improperly"",""Other Exterior Distraction (Distracted)""]","[""Motor Vehicle in Motion"",""Motor Vehicle in Motion""]"
0,0,"Atlanta Police Department","2022-11-01","Collier Rd Nw and Howell Mill Rd Nw","(O) No Injury","Daylight","On Roadway - Non-Intersection","Not a Collision with Motor Vehicle","Collier Rd Nw","Dry","13:22:00","Lap and Shoulder Belt Used","Clear",0,33.809437,-84.412862,"Atlanta","FULTON","Other Non-Collision","Improper Turn","Other - Fixed Object"
0,0,"Gsp Post 00","2022-11-01","I-7585 N and 14Th Street","(O) No Injury","Daylight","On Roadway - Non-Intersection","Sideswipe-Same Direction","I-7585 N","Dry","07:29:00","[""Lap and Shoulder Belt Used"",""Lap and Shoulder Belt Used"",""Lap and Shoulder Belt Used""]","Clear",0,33.78676,-84.390822,"Atlanta","FULTON","[""Motor Vehicle in Motion"",""Motor Vehicle in Motion""]","Changed Lanes Improperly","[""Motor Vehicle in Motion"",""Motor Vehicle in Motion""]"
0,0,"Atlanta Police Department","2022-11-01","Roswell Rd Ne and Habersham Rd Ne","(O) No Injury","Daylight","On Roadway - Roadway Intersection","Sideswipe-Same Direction","Roswell Rd Ne","Dry","10:40:00","[""Lap and Shoulder Belt Used"",""Lap and Shoulder Belt Used""]","Clear",0,33.853131,-84.382721,"Atlanta","FULTON","[""Motor Vehicle in Motion"",""Motor Vehicle in Motion""]","Changed Lanes Improperly","[""Motor Vehicle in Motion"",""Motor Vehicle in Motion""]"
0,0,"Gsp Post 00","2022-11-01","Edgewood Ave and I-7585 North","(O) No Injury","Dark-Lighted","On Roadway - Non-Intersection","Sideswipe-Same Direction","I-7585 North","Dry","05:22:00","[""Lap and Shoulder Belt Used"",""Lap and Shoulder Belt Used"",""Lap and Shoulder Belt Used""]","Clear",0,33.753992,-84.378448,"Atlanta","FULTON","[""Motor Vehicle in Motion"",""Motor Vehicle in Motion""]","Changed Lanes Improperly","[""Motor Vehicle in Motion"",""Motor Vehicle in Motion""]"
0,0,"Atlanta Police Department","2022-11-01","15Th St Ne and Arts Center Way Ne","(O) No Injury","Daylight","On Roadway - Roadway Intersection","Rear End","Arts Center Way Ne","Dry","12:25:00","[""Lap and Shoulder Belt Used"",""Lap and Shoulder Belt Used""]","Clear",0,33.788599,-84.386228,"Atlanta","FULTON","[""Motor Vehicle in Motion"",""Motor Vehicle in Motion""]","Following Too Close","[""Motor Vehicle in Motion"",""Motor Vehicle in Motion""]"
0,1,"Atlanta Police Department","2022-11-01","I-285 W and Jonesboro Rd Se","(B) Suspected Minor/Visible Injury","Daylight","On Roadway - Non-Intersection","Rear End","Jonesboro Rd Se","Dry","16:00:00","[""Child Restraint System (Properly Used)"",""Lap and Shoulder Belt Used"",""Lap and Shoulder Belt Used"",""Lap and Shoulder Belt Used""]","Clear",0,33.651158,-84.366782,"Atlanta","FULTON","[""Motor Vehicle in Motion"",""Motor Vehicle in Motion"",""Motor Vehicle in Motion""]","Following Too Close","[""Motor Vehicle in Motion"",""Motor Vehicle in Motion"",""Motor Vehicle in Motion""]"
0,0,"Atlanta Police Department","2022-11-01","Lenox Rd Ne and Buford Hwy Ne","(C) Possible Injury / Complaint","Daylight","On Roadway - Roadway Intersection","Angle Crash","Lenox Rd Ne","Dry","14:35:00","[""Lap and Shoulder Belt Used"",""Lap and Shoulder Belt Used""]","Clear",0,33.825675,-84.352846,"Atlanta","FULTON","[""Motor Vehicle in Motion"",""Motor Vehicle in Motion""]","Failure to Yield","[""Motor Vehicle in Motion"",""Motor Vehicle in Motion""]"
0,0,"Atlanta Police Department","2022-11-01","Monroe Dr Ne and Piedmont Ave Ne","(O) No Injury","Daylight","On Shoulder","Rear End","Monroe Dr Ne","Dry","11:30:00","[""Unknown"",""Unknown""]","Clear",0,33.797334,-84.369186,"Atlanta","FULTON","[""Motor Vehicle in Motion"",""Motor Vehicle in Motion""]","Following Too Close","[""Motor Vehicle in Motion"",""Motor Vehicle in Motion""]"
0,0,"Atlanta Police Department","2022-11-01","Bolton Rd Nw and Browntown Rd Nw","(O) No Injury","Daylight","On Roadway - Non-Intersection","Rear End","Bolton Rd Nw","Dry","16:21:00","[""Lap and Shoulder Belt Used"",""Lap and Shoulder Belt Used""]","Clear",0,33.804434,-84.483078,"Atlanta","FULTON","[""Motor Vehicle in Motion"",""Motor Vehicle in Motion""]","Inattentive or Other Distraction (Distracted)","[""Motor Vehicle in Motion"",""Motor Vehicle in Motion""]"
0,0,"Gsp Post 00","2022-11-01","I-20 and I-285 Nb","(O) No Injury","Daylight","On Roadway - Non-Intersection","Sideswipe-Same Direction","I-285 Nb","Dry","17:22:00","[""Lap and Shoulder Belt Used"",""Lap and Shoulder Belt Used"",""Lap and Shoulder Belt Used""]","Clear",0,33.76209,-84.49266,"Atlanta","FULTON","[""Motor Vehicle in Motion"",""Motor Vehicle in Motion""]","Changed Lanes Improperly","[""Motor Vehicle in Motion"",""Motor Vehicle in Motion""]"