"# Serious Injuries","# Visible Injuries","Agency Name (Crash Level) ","Date","Intersection Name (from Crash Report)","KABCO Severity","Light Conditions (Crash Level)","Location at Impact (Crash Level) ","Manner of Collision (Crash Level) ","Roadway (From Crash Report)","Surface Condition (Crash Level) ","Time","Safety Equipment (Crash Level) ","Weather Conditions (Crash Level)","# of Fatalities per Crash","Latitude","Longitude","Geolocated City","Geolocated County","First Harmful Event (Unit Order)","Operator/Pedestrian Contrib Factor (excl None, Other, No Contrib Factors)","Most Harmful Event (Crash Level)"
0,0,"Atlanta Police Department","2022-11-02","None and I-20","(C) Possible Injury / Complaint","Dusk","On Roadway - Non-Intersection","Rear End","I-20","Dry","18:30:00","[""Unknown"",""Unknown""]","Clear",0,33.743287,-84.364587,"Atlanta","FULTON","[""Motor Vehicle in Motion"",""Motor Vehicle in Motion""]","Failure to Yield","Motor Vehicle in Motion"
0,0,"Atlanta Police Department","2022-11-02","None and I-20","(O) No Injury","Daylight","On Roadway - Non-Intersection","Rear End","I-20","Dry","17:50:00","[""Unknown"",""Lap and Shoulder Belt Used"",""Lap and Shoulder Belt Used""]","Clear",0,33.743309,-84.372704,"Atlanta","FULTON","[""Motor Vehicle in Motion"",""Motor Vehicle in Motion"",""Motor Vehicle in Motion""]","Following Too Close","[""Motor Vehicle in Motion"",""Motor Vehicle in Motion"",""Motor Vehicle in Motion""]"
0,0,"Atlanta Police Department","2022-11-02","Peachtree Rd Ne and Peachtree Rd Nw","(O) No Injury","Daylight","On Roadway - Non-Intersection","Angle Crash","Peachtree Rd Nw","Dry","08:20:00","Lap and Shoulder Belt Used","Clear",0,33.808526,-84.393504,"Atlanta","FULTON","[""Motor Vehicle in Motion"",""Motor Vehicle in Motion""]",,"[""Motor Vehicle in Motion"",""Motor Vehicle in Motion""]"
0,0,"Atlanta Police Department","2022-11-02","I-75 and John Lewis Freedom Pkwy Ne","(O) No Injury","Daylight","On Roadway - Non-Intersection","Rear End","I-75","Dry","15:49:00","[""Unknown"",""Unknown""]","Clear",0,33.75915,-84.378733,"Atlanta","FULTON","[""Motor Vehicle in Motion"",""Motor Vehicle in Motion""]","Following Too Close","[""Motor Vehicle in Motion"",""Motor Vehicle in Motion""]"
1,0,"Atlanta Police Department","2022-11-02","W End Ave Sw and Westview Dr Sw","(A) Suspected Serious Injury","Daylight","Off Roadway - Sidewalk","Not a Collision with Motor Vehicle","Westview Dr Sw","Dry","16:30:00","[""None Used"",""None Used""]","Clear",0,33.744361,-84.413968,"Atlanta","FULTON","[""Motor Vehicle in Motion"",""Pedal-Cycle""]","Reaction to Object or Animal","[""Motor Vehicle in Motion"",""Pedal-Cycle""]"
0,0,"Atlanta Police Department","2022-11-02","Clifton St Se and Memorial Dr Se","(O) No Injury","Daylight","On Roadway - Roadway Intersection","Rear End","Clifton St Se","Dry","16:00:00","[""Lap and Shoulder Belt Used"",""Lap and Shoulder Belt Used""]","Clear",0,33.747465,-84.33185,"Atlanta","DEKALB","[""Motor Vehicle in Motion"",""Motor Vehicle in Motion""]","Following Too Close","[""Motor Vehicle in Motion"",""Motor Vehicle in Motion""]"
0,0,"Atlanta Police Department","2022-11-02","Northside Dr Nw and Peachtree Battle Ave Nw","(O) No Injury","Daylight","On Roadway - Roadway Intersection","Rear End","Northside Dr Nw","Dry","11:00:00","[""Unknown"",""Unknown""]","Clear",0,33.824326,-84.407557,"Atlanta","FULTON","[""Motor Vehicle in Motion"",""Motor Vehicle in Motion""]","Following Too Close","[""Motor Vehicle in Motion"",""Motor Vehicle in Motion""]"
0,0,"Atlanta Police Department","2022-11-02","None and I-75","(O) No Injury","Dark-Not Lighted","On Roadway - Non-Intersection","Rear End","I-75","Dry","21:10:00","[""Lap and Shoulder Belt Used"",""Lap and Shoulder Belt Used""]","Clear",0,33.750136,-84.381673,"Atlanta","FULTON","[""Motor Vehicle in Motion"",""Motor Vehicle in Motion""]",,"[""Motor Vehicle in Motion"",""Motor Vehicle in Motion""]"
0,0,"Atlanta Police Department","2022-11-02","None and Chattahoochee Ave Nw","(O) No Injury","Dark-Lighted","On Roadway - Managed Lane (HOV, HOT, Reversible)","Sideswipe-Same Direction","Chattahoochee Ave Nw","Dry","22:26:00","[""Unknown"",""Unknown""]","Clear",0,33.809972,-84.438097,"Atlanta","FULTON","[""Motor Vehicle in Motion"",""Motor Vehicle in Motion""]","Changed Lanes Improperly","[""Motor Vehicle in Motion"",""Motor Vehicle in Motion""]"
0,0,"Atlanta Police Department","2022-11-02","None and Greenbriar Pkwy Sw","(C) Possible Injury / Complaint","Dawn","On Roadway - Non-Intersection","Rear End","Greenbriar Pkwy Sw","Dry","07:35:00","[""Unknown"",""Unknown""]","Cloudy",0,33.69138,-84.489821,"Atlanta","FULTON","[""Motor Vehicle in Motion"",""Motor Vehicle in Motion""]","[""Misjudged Clearance"",""Following Too Close""]","[""Motor Vehicle in Motion"",""Motor Vehicle in Motion""]"
0,0,"Atlanta Police Department","2022-11-02","Florence Pl Nw and Donald Lee Hollowell Pkwy Nw","(C) Possible Injury / Complaint","Dark-Lighted","On Roadway - Roadway Intersection","Head On","Donald Lee Hollowell Pkwy Nw","Dry","20:41:00","[""Lap and Shoulder Belt Used"",""Lap and Shoulder Belt Used"",""Lap and Shoulder Belt Used""]","Clear",0,33.772814,-84.441986,"Atlanta","FULTON","[""Motor Vehicle in Motion"",""Motor Vehicle in Motion""]","[""Misjudged Clearance"",""Changed Lanes Improperly"",""Reckless Driving"",""Aggressive Driving""]","[""Motor Vehicle in Motion"",""Motor Vehicle in Motion""]"
0,0,"Atlanta Police Department","2022-11-02","Oak Grove Ave Se and Flat Shoals Ave Se","(O) No Injury","Daylight","On Roadway - Roadway Intersection","Angle Crash","Oak Grove Ave Se","Dry","13:30:00","[""Unknown"",""Unknown""]","Clear",0,33.742579,-84.347834,"Atlanta","DEKALB","[""Motor Vehicle in Motion"",""Motor Vehicle in Motion""]","Improper Turn","[""Motor Vehicle in Motion"",""Motor Vehicle in Motion""]"
0,0,"Atlanta Police Department","2022-11-02","I-75 and Exit 251","(O) No Injury","Dark-Lighted","On Roadway - Non-Intersection","Sideswipe-Same Direction","I-75","Dry","02:32:00","[""Unknown"",""Unknown""]","Clear",0,33.797608,-84.395668,"Atlanta","FULTON","[""Motor Vehicle in Motion"",""Motor Vehicle in Motion""]","Changed Lanes Improperly","[""Motor Vehicle in Motion"",""Motor Vehicle in Motion""]"
0,0,"Atlanta Police Department","2022-11-02","Windsor St Sw and Castleberry St Sw","(O) No Injury","Daylight","On Roadway - Roadway Intersection","Rear End","Castleberry St Sw","Dry","16:50:00","[""Lap and Shoulder Belt Used"",""Lap and Shoulder Belt Used""]","Clear",0,33.747638,-84.397822,"Atlanta","FULTON","[""Motor Vehicle in Motion"",""Motor Vehicle in Motion""]","Following Too Close","[""Motor Vehicle in Motion"",""Motor Vehicle in Motion""]"
0,0,"Atlanta Police Department","2022-11-02","Baker St Ne and Piedmont Ave Ne","(O) No Injury","Daylight","On Roadway - Non-Intersection","Sideswipe-Same Direction","Piedmont Ave Ne","Dry","14:47:00","[""Unknown"",""Unknown"",""Unknown""]","Clear",0,33.761893,-84.382044,"Atlanta","FULTON","[""Motor Vehicle in Motion"",""Motor Vehicle in Motion""]","Changed Lanes Improperly","[""Motor Vehicle in Motion"",""Motor Vehicle in Motion""]"
0,0,"Atlanta Police Department","2022-11-02","I-85 and Exit 86","(O) No Injury","Daylight","On Roadway - Non-Intersection","Rear End","I-85","Dry","08:20:00","[""Unknown"",""Unknown""]","Cloudy",0,33.806593,-84.380655,"Atlanta","FULTON","[""Motor Vehicle in Motion"",""Motor Vehicle in Motion""]","Following Too Close","[""Motor Vehicle in Motion"",""Motor Vehicle in Motion""]"
0,0,"Atlanta Police Department","2022-11-02","English Ave Nw and Donald Lee Hollowell Pkwy Nw","(O) No Injury","Daylight","On Roadway - Non-Intersection","Rear End","Donald Lee Hollowell Pkwy Nw","Dry","07:30:00","[""Lap and Shoulder Belt Used"",""Lap and Shoulder Belt Used""]","Cloudy",0,33.773057,-84.413702,"Atlanta","FULTON","[""Motor Vehicle in Motion"",""Motor Vehicle in Motion""]","Following Too Close","[""Motor Vehicle in Motion"",""Motor Vehicle in Motion""]"
0,0,"Atlanta Police Department","2022-11-02","Emerson St and Moreland Ave Se","(O) No Injury","Daylight","On Roadway - Non-Intersection","Sideswipe-Same Direction","Moreland Ave Se","Dry","16:00:00","[""Unknown"",""Unknown"",""Child Restraint System (Properly Used)""]","Clear",0,33.737897,-84.349291,"Atlanta","FULTON","[""Motor Vehicle in Motion"",""Motor Vehicle in Motion""]","Misjudged Clearance","Motor Vehicle in Motion"
0,0,"Atlanta Police Department","2022-11-02","Gibson St Se and Bill Kennedy Way Se","(O) No Injury","Dark-Lighted","On Roadway - Non-Intersection","Rear End","Bill Kennedy Way Se","Dry","19:30:00","[""Unknown"",""Unknown""]","Clear",0,33.744224,-84.358234,"Atlanta","FULTON","[""Motor Vehicle in Motion"",""Motor Vehicle in Motion""]","Following Too Close","[""Motor Vehicle in Motion"",""Motor Vehicle in Motion""]"
0,0,"Atlanta Police Department","2022-11-02","5Th St Nw and Techwood Dr Nw","(O) No Injury","Daylight","On Roadway - Roadway Intersection","Sideswipe-Opposite Direction","5Th St Nw","Other","15:00:00","Unknown","Other",0,33.776877,-84.391768,"Atlanta","FULTON","[""Motor Vehicle in Motion"",""Motor Vehicle in Motion""]","Vision Obscured","Motor Vehicle in Motion"
0,0,"Atlanta Police Department","2022-11-02","I-75 N and Capitol Ave Se","(O) No Injury","Daylight","On Roadway - Non-Intersection","Rear End","Capitol Ave Se","Dry","08:40:00","[""Unknown"",""Unknown"",""Unknown""]","Clear",0,33.745924,-84.388065,"Atlanta","FULTON","[""Motor Vehicle in Motion"",""Motor Vehicle in Motion""]","[""Following Too Close"",""Following Too Close""]","[""Motor Vehicle in Motion"",""Motor Vehicle in Motion""]"
0,1,"Atlanta Police Department","2022-11-02","I-85 S and Cleveland Ave Sw","(B) Suspected Minor/Visible Injury","Daylight","On Roadway - Driveway Intersection","Angle Crash","Cleveland Ave Sw","Dry","17:55:00","[""Lap and Shoulder Belt Used"",""Motorcycle Helmet""]","Clear",0,33.681319,-84.412075,"Atlanta","FULTON","[""Motor Vehicle in Motion"",""Motor Vehicle in Motion""]","Failure to Yield","[""Motor Vehicle in Motion"",""Motor Vehicle in Motion""]"
0,0,"Atlanta Police Department","2022-11-02","Avalon Pl Ne and Mclynn Ave Ne","(O) No Injury","Daylight","On Roadway - Non-Intersection","Sideswipe-Same Direction","Mclynn Ave Ne","Dry","16:00:00","Unknown","Clear",0,33.788699,-84.352416,"Atlanta","FULTON","[""Motor Vehicle in Motion"",""Motor Vehicle in Motion""]","Misjudged Clearance","[""Parked Motor Vehicle"",""Motor Vehicle in Motion""]"
0,0,"Atlanta Police Department","2022-11-02","I-85 and Buford Hwy","(O) No Injury","Daylight","On Roadway - Non-Intersection","Rear End","I-85","Dry","08:45:00","[""Lap and Shoulder Belt Used"",""Lap and Shoulder Belt Used""]","Clear",0,33.819717,-84.360723,"Atlanta","FULTON","[""Motor Vehicle in Motion"",""Motor Vehicle in Motion""]","Following Too Close","[""Motor Vehicle in Motion"",""Motor Vehicle in Motion""]"
0,0,"Atlanta Police Department","2022-11-02","Pharr Rd Ne and Piedmont Rd Ne","(O) No Injury","Daylight","On Roadway - Non-Intersection","Angle Crash","Pharr Rd Ne","Dry","13:10:00","[""Lap and Shoulder Belt Used"",""Lap and Shoulder Belt Used""]","Clear",0,33.836982,-84.368844,"Atlanta","FULTON","[""Motor Vehicle in Motion"",""Motor Vehicle in Motion""]",,"[""Motor Vehicle in Motion"",""Motor Vehicle in Motion""]"
0,0,"Atlanta Police Department","2022-11-02","None and I-20","(O) No Injury","Daylight","On Roadway - Non-Intersection","Sideswipe-Same Direction","I-20","Dry","18:30:00","[""Unknown"",""Unknown"",""Unknown""]","Clear",0,33.766092,-84.498456,"Atlanta","FULTON","[""Motor Vehicle in Motion"",""Motor Vehicle in Motion""]","Changed Lanes Improperly","[""Motor Vehicle in Motion"",""Motor Vehicle in Motion""]"
0,1,"Emory Police Department","2022-11-02","Means Drive and 1 Eagle Row","(B) Suspected Minor/Visible Injury","Daylight","On Roadway - Driveway Intersection","Not a Collision with Motor Vehicle","1 Eagle Row","Dry","18:00:00","[""Unknown"",""Bicycle Helmet""]","Clear",0,33.795163,-84.323264,"Atlanta","DEKALB","[""Pedal-Cycle"",""Motor Vehicle in Motion""]","[""No Signal/Improper Signal"",""Disregard Stop Sign/Signal""]","[""Pedal-Cycle"",""Pedal-Cycle""]"
0,0,"Atlanta Police Department","2022-11-02","Peachtree Rd and W Wesley Rd Nw","(O) No Injury","Daylight","On Roadway - Driveway Intersection","Angle Crash","W Wesley Rd Nw","Dry","17:30:00","[""Lap and Shoulder Belt Used"",""Lap and Shoulder Belt Used""]","Clear",0,33.828641,-84.387456,"Atlanta","FULTON","[""Motor Vehicle in Motion"",""Motor Vehicle in Motion""]","Failure to Yield","[""Motor Vehicle in Motion"",""Motor Vehicle in Motion""]"
0,0,"Atlanta Police Department","2022-11-02","Wieuca Rd Ne and Peachtree Rd Ne","(O) No Injury","Daylight","On Roadway - Roadway Intersection","Angle Crash","Peachtree Rd Ne","Dry","17:00:00","[""Lap and Shoulder Belt Used"",""Lap and Shoulder Belt Used""]","Clear",0,33.853629,-84.359598,"Atlanta","FULTON","[""Motor Vehicle in Motion"",""Motor Vehicle in Motion""]","Improper Turn","[""Motor Vehicle in Motion"",""Motor Vehicle in Motion""]"
0,0,"Atlanta Police Department","2022-11-02","2Nd Ave Se and Glenwood Ave Se","(O) No Injury","Dark-Lighted","On Roadway - Roadway Intersection","Angle Crash","2Nd Ave Se","Dry","22:05:00","[""Unknown"",""Unknown""]","Clear",0,33.740043,-84.309666,"Atlanta","DEKALB","[""Motor Vehicle in Motion"",""Motor Vehicle in Motion""]",,"[""Motor Vehicle in Motion"",""Motor Vehicle in Motion""]"
0,0,"Atlanta Police Department","2022-11-02","Vine St Nw and Magnolia St Nw","(O) No Injury","Daylight","On Roadway - Roadway Intersection","Sideswipe-Same Direction","Magnolia St Nw","Dry","15:00:00","None Used","Clear",0,33.758054,-84.407826,"Atlanta","FULTON","[""Parked Motor Vehicle"",""Motor Vehicle in Motion""]",,"[""Parked Motor Vehicle"",""Motor Vehicle in Motion""]"
0,0,"Atlanta Police Department","2022-11-02","Boulevard Ne and Ralph Mcgill Blvd Ne","(C) Possible Injury / Complaint","Daylight","On Roadway - Non-Intersection","Angle Crash","Ralph Mcgill Blvd Ne","Dry","16:39:00","[""Lap and Shoulder Belt Used"",""Lap and Shoulder Belt Used"",""Lap and Shoulder Belt Used""]","Clear",0,33.763966,-84.372513,"Atlanta","FULTON","[""Motor Vehicle in Motion"",""Motor Vehicle in Motion""]","Changed Lanes Improperly","[""Motor Vehicle in Motion"",""Motor Vehicle in Motion""]"
0,0,"Atlanta Police Department","2022-11-02","Lenox Pkwy and Peachtree Rd Ne","(O) No Injury","Daylight","On Roadway - Roadway Intersection","Angle Crash","Peachtree Rd Ne","Dry","15:20:00","[""Lap and Shoulder Belt Used"",""Lap and Shoulder Belt Used""]","Clear",0,33.848978,-84.364394,"Atlanta","FULTON","[""Motor Vehicle in Motion"",""Motor Vehicle in Motion""]","Changed Lanes Improperly","[""Motor Vehicle in Motion"",""Motor Vehicle in Motion""]"
0,0,"Atlanta Police Department","2022-11-02","Marietta St Nw and Northside Dr Nw","(C) Possible Injury / Complaint","Daylight","On Roadway - Roadway Intersection","Rear End","Northside Dr Nw","Dry","10:30:00","[""Lap and Shoulder Belt Used"",""Lap and Shoulder Belt Used""]","Clear",0,33.775857,-84.407012,"Atlanta","FULTON","[""Motor Vehicle in Motion"",""Parked Motor Vehicle""]","Following Too Close","[""Motor Vehicle in Motion"",""Parked Motor Vehicle""]"
0,0,"Atlanta Police Department","2022-11-03","I-75 N and Moores Mill Rd Nw","(O) No Injury","Daylight","On Roadway - Driveway Intersection","Angle Crash","Moores Mill Rd Nw","Dry","10:30:00","[""Lap and Shoulder Belt Used"",""Lap and Shoulder Belt Used"",""Lap and Shoulder Belt Used""]","Clear",0,33.831469,-84.426672,"Atlanta","FULTON","[""Motor Vehicle in Motion"",""Motor Vehicle in Motion""]","Failure to Yield","[""Motor Vehicle in Motion"",""Motor Vehicle in Motion""]"
0,0,"Atlanta Police Department","2022-11-03","Fraser St Se and Georgia Ave Se","(O) No Injury","Daylight","On Roadway - Roadway Intersection","Rear End","Fraser St Se","Dry","14:40:00","[""Unknown"",""Unknown"",""Unknown""]","Clear",0,33.737061,-84.386352,"Atlanta","FULTON","[""Motor Vehicle in Motion"",""Motor Vehicle in Motion""]","Following Too Close","[""Motor Vehicle in Motion"",""Motor Vehicle in Motion""]"
0,0,"Gsp Post 00","2022-11-03","Greenbriar Pkwy and Langford Pkwy Eb","(O) No Injury","Daylight","On Roadway - Non-Intersection","Sideswipe-Same Direction","Langford Pkwy Eb","Dry","15:00:00","[""Lap and Shoulder Belt Used"",""Lap and Shoulder Belt Used"",""Lap and Shoulder Belt Used""]","Clear",0,33.694793,-84.486414,"Atlanta","FULTON","[""Motor Vehicle in Motion"",""Motor Vehicle in Motion""]","Changed Lanes Improperly","[""Motor Vehicle in Motion"",""Motor Vehicle in Motion""]"
0,0,"Atlanta Police Department","2022-11-03","Lullwater Rd Ne and Ponce De Leon Ave Ne","(O) No Injury","Daylight","On Roadway - Non-Intersection","Rear End","Ponce De Leon Ave Ne","Dry","08:50:00","[""Lap and Shoulder Belt Used"",""Lap and Shoulder Belt Used""]","Clear",0,33.77393,-84.336997,"Atlanta","DEKALB","[""Motor Vehicle in Motion"",""Motor Vehicle in Motion""]","Following Too Close","[""Motor Vehicle in Motion"",""Motor Vehicle in Motion""]"
0,0,"Atlanta Police Department","2022-11-03","N Hills Dr Ne and Piedmont Rd Ne","(O) No Injury","Daylight","On Roadway - Driveway Intersection","Angle Crash","Piedmont Rd Ne","Dry","10:00:00","[""Unknown"",""Unknown""]","Clear",0,33.834164,-84.368009,"Atlanta","FULTON","[""Motor Vehicle in Motion"",""Motor Vehicle in Motion""]","Failure to Yield","[""Motor Vehicle in Motion"",""Motor Vehicle in Motion""]"
0,0,"Atlanta Police Department","2022-11-03","3Rd St Ne and Juniper St Ne","(O) No Injury","Daylight","On Roadway - Non-Intersection","Angle Crash","Juniper St Ne","Dry","14:29:00","[""Lap and Shoulder Belt Used"",""Lap and Shoulder Belt Used""]","Cloudy",0,33.773978,-84.383156,"Atlanta","FULTON","[""Motor Vehicle in Motion"",""Motor Vehicle in Motion""]","Changed Lanes Improperly","[""Motor Vehicle in Motion"",""Motor Vehicle in Motion""]"
0,0,"Atlanta Police Department","2022-11-03","Collier Dr Nw and Fairburn Rd Nw","(O) No Injury","Daylight","On Roadway - Driveway Intersection","Rear End","Fairburn Rd Nw","Dry","11:30:00","[""Unknown"",""Unknown""]","Clear",0,33.76964,-84.500109,"Atlanta","FULTON","[""Motor Vehicle in Motion"",""Motor Vehicle in Motion""]","Following Too Close","[""Motor Vehicle in Motion"",""Motor Vehicle in Motion""]"
0,0,"Atlanta Police Department","2022-11-03","United Ave Se and Moreland Ave Se","(O) No Injury","Daylight","On Roadway - Driveway Intersection","Angle Crash","Moreland Ave Se","Dry","15:19:00","[""Unknown"",""Unknown""]","Clear",0,33.724571,-84.349445,"Atlanta","FULTON","[""Motor Vehicle in Motion"",""Motor Vehicle in Motion""]","Improper Turn","[""Motor Vehicle in Motion"",""Motor Vehicle in Motion""]"
0,0,"Atlanta Police Department","2022-11-03","Virginia Ave Ne and Briarcliff Rd Ne","(C) Possible Injury / Complaint","Daylight","On Roadway - Roadway Intersection","Sideswipe-Same Direction","Briarcliff Rd Ne","Dry","12:39:00","[""Lap and Shoulder Belt Used"",""Lap and Shoulder Belt Used"",""Lap and Shoulder Belt Used""]","Clear",0,33.778747,-84.345594,"Atlanta","DEKALB","[""Motor Vehicle in Motion"",""Motor Vehicle in Motion""]","Failure to Yield","[""Motor Vehicle in Motion"",""Motor Vehicle in Motion""]"
0,0,"Gsp Post 00","2022-11-03","Boulevard and I-20 West","(C) Possible Injury / Complaint","Daylight","On Roadway - Non-Intersection","Rear End","I-20 West","Dry","08:34:00","[""Lap and Shoulder Belt Used"",""Lap and Shoulder Belt Used"",""Lap and Shoulder Belt Used""]","Clear",0,33.74344,-84.364506,"Atlanta","FULTON","[""Motor Vehicle in Motion"",""Motor Vehicle in Motion"",""Motor Vehicle in Motion""]","[""Following Too Close"",""Too Fast for Conditions""]","[""Motor Vehicle in Motion"",""Motor Vehicle in Motion"",""Motor Vehicle in Motion""]"
0,0,"Atlanta Police Department","2022-11-03","Lee St Sw and Ralph David Abernathy Blvd Sw","(O) No Injury","Daylight","On Roadway - Roadway Intersection","Rear End","Lee St Sw","Dry","11:20:00","[""Unknown"",""Unknown""]","Clear",0,33.738244,-84.414055,"Atlanta","FULTON","[""Motor Vehicle in Motion"",""Motor Vehicle in Motion""]","Following Too Close","[""Motor Vehicle in Motion"",""Motor Vehicle in Motion""]"
0,0,"Atlanta Police Department","2022-11-03","Northside Dr Nw and Peachtree Battle Ave Nw","(O) No Injury","Daylight","On Roadway - Non-Intersection","Rear End","Northside Dr Nw","Dry","11:00:00","[""Lap and Shoulder Belt Used"",""Lap and Shoulder Belt Used"",""Lap and Shoulder Belt Used"",""Lap and Shoulder Belt Used""]","Clear",0,33.824651,-84.407553,"Atlanta","FULTON","[""Motor Vehicle in Motion"",""Motor Vehicle in Motion""]","Following Too Close","[""Motor Vehicle in Motion"",""Motor Vehicle in Motion""]"
0,0,"Atlanta Police Department","2022-11-03","Magnolia Ln and Morosgo Dr Ne","(O) No Injury","Daylight","On Roadway - Roadway Intersection","Angle Crash","Morosgo Dr Ne","Dry","17:20:00","[""Unknown"",""Unknown""]","Clear",0,33.823579,-84.367715,"Atlanta","FULTON","[""Motor Vehicle in Motion"",""Motor Vehicle in Motion""]",,"[""Motor Vehicle in Motion"",""Motor Vehicle in Motion""]"
0,0,"Gsp Post 00","2022-11-03","Moreland Avenue and I-20 Wb Entrance Ramp From Mor","(C) Possible Injury / Complaint","Daylight","Entrance/Exit Ramp","Rear End","I-20 Wb Entrance Ramp From Mor","Dry","04:09:00","[""None Used"",""Unknown"",""Lap and Shoulder Belt Used""]","Clear",0,33.745354,-84.351502,"Atlanta","FULTON","[""Motor Vehicle in Motion"",""Motor Vehicle in Motion""]","Following Too Close","[""Motor Vehicle in Motion"",""Motor Vehicle in Motion""]"
0,0,"Gsp Post 00","2022-11-03","I-20 E and Fairburn Rd","(O) No Injury","Daylight","On Roadway - Non-Intersection","Rear End","I-20 E","Dry","14:54:00","[""Lap and Shoulder Belt Used"",""Lap and Shoulder Belt Used""]","Clear",0,33.766071,-84.500759,"Atlanta","FULTON","[""Motor Vehicle in Motion"",""Motor Vehicle in Motion""]",,"[""Motor Vehicle in Motion"",""Motor Vehicle in Motion""]"
0,0,"Atlanta Police Department","2022-11-03","W Peachtree St Ne and Arts Center Way Ne","(O) No Injury","Daylight","On Roadway - Roadway Intersection","Angle Crash","Arts Center Way Ne","Dry","13:30:00","[""Lap and Shoulder Belt Used"",""Lap and Shoulder Belt Used""]","Clear",0,33.791104,-84.387774,"Atlanta","FULTON","[""Motor Vehicle in Motion"",""Motor Vehicle in Motion""]","Changed Lanes Improperly","[""Motor Vehicle in Motion"",""Motor Vehicle in Motion""]"
0,0,"Atlanta Police Department","2022-11-03","None and I-75","(O) No Injury","Dark-Not Lighted","On Roadway - Non-Intersection","Angle Crash","I-75","Dry","00:36:00","[""Unknown"",""Unknown"",""Unknown""]","Clear",0,33.72239,-84.394437,"Atlanta","FULTON","[""Motor Vehicle in Motion"",""Motor Vehicle in Motion"",""Motor Vehicle in Motion""]","Changed Lanes Improperly","[""Motor Vehicle in Motion"",""Motor Vehicle in Motion"",""Motor Vehicle in Motion""]"
0,0,"Atlanta Police Department","2022-11-03","Candler Rd Se and Memorial Dr Se","(O) No Injury","Dark-Lighted","On Roadway - Non-Intersection","Sideswipe-Same Direction","Memorial Dr Se","Dry","21:20:00","[""Unknown"",""Unknown""]","Clear",0,33.747055,-84.292122,"Atlanta","DEKALB","[""Motor Vehicle in Motion"",""Motor Vehicle in Motion""]","Changed Lanes Improperly","[""Motor Vehicle in Motion"",""Motor Vehicle in Motion""]"
0,0,"Atlanta Police Department","2022-11-03","Randolph St Ne and John Wesley Dobbs Ave Ne","(O) No Injury","Daylight","On Roadway - Roadway Intersection","Sideswipe-Same Direction","John Wesley Dobbs Ave Ne","Dry","09:20:00","Unknown","Clear",0,33.759289,-84.368281,"Atlanta","FULTON","[""Motor Vehicle in Motion"",""Parked Motor Vehicle""]",,"[""Motor Vehicle in Motion"",""Parked Motor Vehicle""]"
0,0,"Atlanta Police Department","2022-11-03","Haynes St Sw and Mitchell St Sw","(O) No Injury","Daylight","Off Roadway","Not a Collision with Motor Vehicle","Mitchell St Sw","Dry","07:45:00","Lap and Shoulder Belt Used","Clear",0,33.753843,-84.401873,"Atlanta","FULTON","Utility Pole","Improper Turn","Utility Pole"
0,0,"Atlanta Police Department","2022-11-03","Travis St Nw and Northside Dr Nw","(O) No Injury","Daylight","On Roadway - Managed Lane (HOV, HOT, Reversible)","Sideswipe-Same Direction","Northside Dr Nw","Dry","07:30:00","[""Lap and Shoulder Belt Used"",""Lap and Shoulder Belt Used"",""Lap and Shoulder Belt Used""]","Clear",0,33.77258,-84.408353,"Atlanta","FULTON","[""Motor Vehicle in Motion"",""Motor Vehicle in Motion""]","Disregard Other Traffic Control","[""Motor Vehicle in Motion"",""Motor Vehicle in Motion""]"
0,0,"Gsp Post 00","2022-11-03","I-20 and I-285 Nb","(O) No Injury","Daylight","On Roadway - Non-Intersection","Rear End","I-285 Nb","Dry","12:58:00","[""Lap and Shoulder Belt Used"",""Lap and Shoulder Belt Used""]","Clear",0,33.758391,-84.493439,"Atlanta","FULTON","[""Motor Vehicle in Motion"",""Motor Vehicle in Motion""]","Following Too Close","[""Motor Vehicle in Motion"",""Motor Vehicle in Motion""]"
0,0,"Atlanta Police Department","2022-11-03","Pryor St Sw and Trinity Ave Sw","(O) No Injury","Daylight","On Roadway - Roadway Intersection","Angle Crash","Trinity Ave Sw","Dry","18:00:00","[""Lap and Shoulder Belt Used"",""Lap and Shoulder Belt Used""]","Clear",0,33.749013,-84.392382,"Atlanta","FULTON","[""Motor Vehicle in Motion"",""Motor Vehicle in Motion""]",,"[""Motor Vehicle in Motion"",""Motor Vehicle in Motion""]"
0,0,"Atlanta Police Department","2022-11-03","North Ave Nw and Joseph E Lowery Blvd Nw","(C) Possible Injury / Complaint","Daylight","On Roadway - Roadway Intersection","Sideswipe-Same Direction","Joseph E Lowery Blvd Nw","Dry","07:50:00","[""Unknown"",""Unknown"",""Unknown""]","Clear",0,33.770034,-84.417408,"Atlanta","FULTON","[""Motor Vehicle in Motion"",""Motor Vehicle in Motion""]","Changed Lanes Improperly","[""Motor Vehicle in Motion"",""Motor Vehicle in Motion""]"
0,0,"Gsp Post 00","2022-11-03","Hill St and I-20 West","(O) No Injury","Daylight","On Roadway - Non-Intersection","Sideswipe-Same Direction","I-20 West","Dry","09:23:00","[""Unknown"",""Lap and Shoulder Belt Used"",""Lap and Shoulder Belt Used""]","Clear",0,33.743444,-84.375416,"Atlanta","FULTON","[""Motor Vehicle in Motion"",""Motor Vehicle in Motion""]","[""Changed Lanes Improperly"",""Changed Lanes Improperly""]","[""Motor Vehicle in Motion"",""Motor Vehicle in Motion""]"