"# Serious Injuries","# Visible Injuries","Agency Name (Crash Level) ","Date","Intersection Name (from Crash Report)","KABCO Severity","Light Conditions (Crash Level)","Location at Impact (Crash Level) ","Manner of Collision (Crash Level) ","Roadway (From Crash Report)","Surface Condition (Crash Level) ","Time","Safety Equipment (Crash Level) ","Weather Conditions (Crash Level)","# of Fatalities per Crash","Latitude","Longitude","Geolocated City","Geolocated County","First Harmful Event (Unit Order)","Operator/Pedestrian Contrib Factor (excl None, Other, No Contrib Factors)","Most Harmful Event (Crash Level)"
0,0,"Fulton Co Sheriff's Office","2022-11-03","Pulliam St and Central Ave","(C) Possible Injury / Complaint","Daylight","On Roadway - Non-Intersection","Sideswipe-Same Direction","Central Ave","Dry","09:03:00","[""Lap and Shoulder Belt Used"",""Lap and Shoulder Belt Used"",""Lap and Shoulder Belt Used"",""Lap and Shoulder Belt Used""]","Clear",0,33.733298,-84.39355,"Atlanta","FULTON","[""Motor Vehicle in Motion"",""Motor Vehicle in Motion""]",,"[""Motor Vehicle in Motion"",""Motor Vehicle in Motion""]"
0,0,"Gsp Post 00","2022-11-03","I-7585 Northbound and Fulton Street Overpass","(O) No Injury","Daylight","On Roadway - Non-Intersection","Rear End","I-7585 Northbound","Dry","17:36:00","[""Lap and Shoulder Belt Used"",""Lap and Shoulder Belt Used""]","Clear",0,33.743028,-84.391252,"Atlanta","FULTON","[""Motor Vehicle in Motion"",""Motor Vehicle in Motion""]","Following Too Close","[""Motor Vehicle in Motion"",""Motor Vehicle in Motion""]"
0,0,"Atlanta Police Department","2022-11-03","Fairburn Rd Sw and Camp Ground Rd Sw","(O) No Injury","Daylight","On Roadway - Roadway Intersection","Sideswipe-Opposite Direction","Camp Ground Rd Sw","Dry","17:00:00","[""Lap and Shoulder Belt Used"",""Lap and Shoulder Belt Used"",""Lap and Shoulder Belt Used"",""Lap and Shoulder Belt Used""]","Clear",0,33.69712,-84.510255,"Atlanta","FULTON","[""Motor Vehicle in Motion"",""Motor Vehicle in Motion""]","Improper Turn","[""Motor Vehicle in Motion"",""Motor Vehicle in Motion""]"
0,0,"Gsp Post 00","2022-11-03","Williams St and I-7585 Conn S","(O) No Injury","Daylight","On Roadway - Non-Intersection","Sideswipe-Same Direction","I-7585 Conn S","Dry","09:25:00","[""Unknown"",""Lap and Shoulder Belt Used""]","Clear",0,33.749448,-84.382991,"Atlanta","FULTON","[""Motor Vehicle in Motion"",""Motor Vehicle in Motion""]","Changed Lanes Improperly","[""Motor Vehicle in Motion"",""Motor Vehicle in Motion""]"
0,0,"Atlanta Police Department","2022-11-03","Lenox Rd Ne and Peachtree Rd Ne","(O) No Injury","Dark-Lighted","On Roadway - Roadway Intersection","Rear End","Peachtree Rd Ne","Dry","21:25:00","[""Lap and Shoulder Belt Used"",""Lap and Shoulder Belt Used""]","Clear",0,33.850573,-84.361973,"Atlanta","FULTON","[""Motor Vehicle in Motion"",""Motor Vehicle in Motion""]","Following Too Close","[""Motor Vehicle in Motion"",""Motor Vehicle in Motion""]"
0,0,"Atlanta Police Department","2022-11-03","None and Ralph David Abernathy Blvd Sw","(O) No Injury","Daylight","On Roadway - Non-Intersection","Angle Crash","Ralph David Abernathy Blvd Sw","Dry","16:00:00","[""None Used"",""Unknown""]","Clear",0,33.739038,-84.432698,"Atlanta","FULTON","[""Motor Vehicle in Motion"",""Motor Vehicle in Motion""]","Misjudged Clearance","[""Motor Vehicle in Motion"",""Motor Vehicle in Motion""]"
0,0,"Gsp Post 00","2022-11-03","Boulevard and I-20 West","(O) No Injury","Dusk","On Roadway - Non-Intersection","Rear End","I-20 West","Dry","07:26:00","[""Unknown"",""Lap and Shoulder Belt Used""]","Clear",0,33.743721,-84.364342,"Atlanta","FULTON","[""Motor Vehicle in Motion"",""Motor Vehicle in Motion""]","Following Too Close","[""Motor Vehicle in Motion"",""Motor Vehicle in Motion""]"
0,0,"Atlanta Police Department","2022-11-03","Morosgo Pl Ne and Morosgo Dr Ne","(O) No Injury","Daylight","On Roadway - Roadway Intersection","Rear End","Morosgo Dr Ne","Dry","14:00:00","[""Unknown"",""Unknown""]","Clear",0,33.823583,-84.367184,"Atlanta","FULTON","[""Motor Vehicle in Motion"",""Motor Vehicle in Motion""]","Following Too Close","[""Motor Vehicle in Motion"",""Motor Vehicle in Motion""]"
0,0,"Gsp Post 00","2022-11-03","I-20 E and Collier Dr","(O) No Injury","Daylight","On Roadway - Non-Intersection","Rear End","I-20 E","Dry","13:41:00","[""Lap and Shoulder Belt Used"",""Lap and Shoulder Belt Used"",""Lap and Shoulder Belt Used""]","Clear",0,33.766228,-84.493341,"Atlanta","FULTON","[""Motor Vehicle in Motion"",""Motor Vehicle in Motion""]","Following Too Close","[""Motor Vehicle in Motion"",""Motor Vehicle in Motion""]"
0,0,"Atlanta Police Department","2022-11-03","Etheridge St Nw and Donald Lee Hollowell Pkwy Nw","(O) No Injury","Daylight","On Roadway - Non-Intersection","Angle Crash","Donald Lee Hollowell Pkwy Nw","Dry","10:00:00","[""Unknown"",""Unknown"",""Unknown"",""Unknown"",""Unknown"",""Unknown""]","Clear",0,33.773218,-84.421145,"Atlanta","FULTON","[""Motor Vehicle in Motion"",""Motor Vehicle in Motion""]","Improper Backing","[""Motor Vehicle in Motion"",""Motor Vehicle in Motion""]"
0,0,"Atlanta Police Department","2022-11-03","Manford Rd Sw and Metropolitan Pkwy Sw","(O) No Injury","Daylight","On Roadway - Roadway Intersection","Angle Crash","Metropolitan Pkwy Sw","Dry","09:45:00","[""Lap and Shoulder Belt Used"",""Lap and Shoulder Belt Used""]","Clear",0,33.718254,-84.407862,"Atlanta","FULTON","[""Motor Vehicle in Motion"",""Motor Vehicle in Motion""]","Failure to Yield","[""Motor Vehicle in Motion"",""Motor Vehicle in Motion""]"
0,0,"Atlanta Police Department","2022-11-03","Wall St Se and Central Ave Sw","(O) No Injury","Daylight","On Roadway - Roadway Intersection","Sideswipe-Same Direction","Central Ave Sw","Dry","17:28:00","[""Unknown"",""Unknown""]","Clear",0,33.752594,-84.388307,"Atlanta","FULTON","[""Motor Vehicle in Motion"",""Motor Vehicle in Motion""]","Improper Turn","[""Motor Vehicle in Motion"",""Motor Vehicle in Motion""]"
0,0,"Atlanta Police Department","2022-11-03","Northside Dr Sw and Greensferry Ave Sw","(O) No Injury","Daylight","On Roadway - Roadway Intersection","Sideswipe-Same Direction","Greensferry Ave Sw","Dry","19:00:00","[""None Used"",""None Used""]","Clear",0,33.746272,-84.406582,"Atlanta","FULTON","[""Motor Vehicle in Motion"",""Motor Vehicle in Motion""]",,"[""Motor Vehicle in Motion"",""Motor Vehicle in Motion""]"
0,0,"Atlanta Police Department","2022-11-03","Mitchell St Sw and Joseph E Lowery Blvd Sw","(O) No Injury","Dark-Lighted","On Roadway - Non-Intersection","Sideswipe-Same Direction","Joseph E Lowery Blvd Sw","Dry","20:38:00","[""Lap and Shoulder Belt Used"",""Lap and Shoulder Belt Used"",""Lap and Shoulder Belt Used"",""Lap and Shoulder Belt Used"",""Lap and Shoulder Belt Used""]","Clear",0,33.753304,-84.417549,"Atlanta","FULTON","[""Motor Vehicle in Motion"",""Motor Vehicle in Motion""]","Changed Lanes Improperly","[""Motor Vehicle in Motion"",""Motor Vehicle in Motion""]"
0,0,"Atlanta Police Department","2022-11-03","Conley Rd Se and Jonesboro Rd Se","(O) No Injury","Daylight","On Roadway - Driveway Intersection","Angle Crash","Jonesboro Rd Se","Dry","16:00:00","[""Lap and Shoulder Belt Used"",""Lap and Shoulder Belt Used""]","Clear",0,33.648376,-84.365548,"Atlanta","FULTON","[""Motor Vehicle in Motion"",""Motor Vehicle in Motion""]","Failure to Yield","[""Motor Vehicle in Motion"",""Motor Vehicle in Motion""]"
0,0,"Gsp Post 00","2022-11-03","I-285 South and Donald Lee Hollowell Pkwy","(O) No Injury","Dark-Not Lighted","On Roadway - Non-Intersection","Not a Collision with Motor Vehicle","I-285 South","Dry","06:21:00","[""Lap and Shoulder Belt Used"",""Lap and Shoulder Belt Used""]","Clear",0,33.796562,-84.487605,"Atlanta","FULTON","[""Other Non-Collision"",""Other Object (Not Fixed)""]",,"[""Other Non-Collision"",""Impact Attenuate""]"
1,0,"Emory Police Department","2022-11-03","Cdc Pkwy and Clifton Rd Ne","(A) Suspected Serious Injury","Daylight","On Roadway - Roadway Intersection","Head On","Clifton Rd Ne","Dry","10:20:00","[""Unknown"",""Booster Seat (Properly Used)"",""Booster Seat (Properly Used)"",""Unknown""]","Clear",0,33.800867,-84.329238,"Atlanta","DEKALB","[""Motor Vehicle in Motion"",""Motor Vehicle in Motion""]","Improper Turn","[""Motor Vehicle in Motion"",""Motor Vehicle in Motion""]"
0,0,"Atlanta Police Department","2022-11-03","Adamsville Place Pkwy Sw and Martin Luther King Jr Dr Sw","(O) No Injury","Daylight","On Roadway - Roadway Intersection","Rear End","Adamsville Place Pkwy Sw","Dry","08:30:00","[""Lap and Shoulder Belt Used"",""Lap and Shoulder Belt Used""]","Clear",0,33.763804,-84.509533,"Atlanta","FULTON","[""Motor Vehicle in Motion"",""Motor Vehicle in Motion""]","Following Too Close","[""Motor Vehicle in Motion"",""Motor Vehicle in Motion""]"
0,0,"Gsp Post 00","2022-11-03","I-75 North and I-85 South","(C) Possible Injury / Complaint","Daylight","On Roadway - Non-Intersection","Rear End","I-85 South","Dry","12:45:00","[""Lap and Shoulder Belt Used"",""Lap and Shoulder Belt Used"",""Lap and Shoulder Belt Used""]","Clear",0,33.792553,-84.392301,"Atlanta","FULTON","[""Motor Vehicle in Motion"",""Motor Vehicle in Motion"",""Motor Vehicle in Motion""]","Following Too Close","[""Motor Vehicle in Motion"",""Motor Vehicle in Motion"",""Motor Vehicle in Motion""]"
0,0,"Atlanta Police Department","2022-11-03","Johnson Rd Nw and Grove Park Pl Nw","(O) No Injury","Daylight","On Roadway - Roadway Intersection","Rear End","Johnson Rd Nw","Dry","15:00:00","[""Lap and Shoulder Belt Used"",""Lap and Shoulder Belt Used""]","Clear",0,33.785401,-84.442144,"Atlanta","FULTON","[""Motor Vehicle in Motion"",""Motor Vehicle in Motion""]","Following Too Close","[""Motor Vehicle in Motion"",""Motor Vehicle in Motion""]"
0,1,"Gsp Post 00","2022-11-03","I-285 Westbound and Forest Park Road","(B) Suspected Minor/Visible Injury","Daylight","Off Roadway","Not a Collision with Motor Vehicle","I-285 Westbound","Dry","13:20:00","Lap and Shoulder Belt Used","Clear",0,33.662188,-84.354185,"Atlanta","FULTON","Guard Rail End",,"Highway Traffic Sign Post"
0,0,"Gsp Post 00","2022-11-03","I-285 South and Donald Lee Hollowell Pkwy","(O) No Injury","Dark-Not Lighted","On Roadway - Non-Intersection","Not a Collision with Motor Vehicle","I-285 South","Dry","06:21:00","[""Lap and Shoulder Belt Used"",""Lap and Shoulder Belt Used""]","Clear",0,33.796595,-84.487607,"Atlanta","FULTON","[""Other Non-Collision"",""Other Object (Not Fixed)""]",,"[""Other Non-Collision"",""Impact Attenuate""]"
0,0,"Atlanta Police Department","2022-11-03","Silas Way Nw and James Jackson Pkwy Nw","(C) Possible Injury / Complaint","Daylight","On Roadway - Non-Intersection","Not a Collision with Motor Vehicle","James Jackson Pkwy Nw","Dry","12:10:00","Lap and Shoulder Belt Used","Clear",0,33.814245,-84.477127,"Atlanta","FULTON","Other Object (Not Fixed)","[""Changed Lanes Improperly"",""Reckless Driving""]","Other Object (Not Fixed)"
0,0,"Atlanta Police Department","2022-11-03","Pryor St Sw and Mitchell St Sw","(O) No Injury","Daylight","On Roadway - Non-Intersection","Sideswipe-Same Direction","Pryor St Sw","Dry","11:35:00","[""Lap and Shoulder Belt Used"",""Lap and Shoulder Belt Used""]","Clear",0,33.750514,-84.39167,"Atlanta","FULTON","[""Motor Vehicle in Motion"",""Motor Vehicle in Motion""]","Changed Lanes Improperly","[""Motor Vehicle in Motion"",""Motor Vehicle in Motion""]"
0,1,"Atlanta Police Department","2022-11-03","Sheldon Dr Ne and Roswell Rd Ne","(B) Suspected Minor/Visible Injury","Daylight","On Roadway - Non-Intersection","Sideswipe-Same Direction","Roswell Rd Ne","Dry","16:00:00","[""Unknown"",""Unknown""]","Clear",0,33.861245,-84.380407,"Atlanta","FULTON","[""Motor Vehicle in Motion"",""Motor Vehicle in Motion""]","[""Failure to Yield"",""Misjudged Clearance"",""Changed Lanes Improperly""]","[""Motor Vehicle in Motion"",""Motor Vehicle in Motion""]"
0,0,"Gsp Post 00","2022-11-03","I-85 N and Peachtree Road","(O) No Injury","Daylight","On Roadway - Non-Intersection","Rear End","I-85 N","Dry","16:05:00","[""Lap and Shoulder Belt Used"",""Lap and Shoulder Belt Used""]","Clear",0,33.800327,-84.389892,"Atlanta","FULTON","[""Motor Vehicle in Motion"",""Motor Vehicle in Motion""]","Following Too Close","[""Motor Vehicle in Motion"",""Motor Vehicle in Motion""]"
0,0,"Atlanta Police Department","2022-11-03","Lee St Sw and Park St Sw","(O) No Injury","Dark-Lighted","On Roadway - Non-Intersection","Angle Crash","Lee St Sw","Dry","19:07:00","[""Lap and Shoulder Belt Used"",""Lap and Shoulder Belt Used""]","Clear",0,33.742339,-84.414061,"Atlanta","FULTON","[""Motor Vehicle in Motion"",""Motor Vehicle in Motion""]","Failure to Yield","[""Motor Vehicle in Motion"",""Motor Vehicle in Motion""]"
0,0,"Hapeville Police Department","2022-11-03","Woolman Pl and N Outer Loop Rd","(O) No Injury","Daylight","On Roadway - Roadway Intersection","Angle Crash","N Outer Loop Rd","Dry","16:30:00","[""Lap and Shoulder Belt Used"",""Lap and Shoulder Belt Used""]","Clear",0,33.657605,-84.426842,"Atlanta","FULTON","[""Motor Vehicle in Motion"",""Motor Vehicle in Motion""]","Improper Backing","[""Motor Vehicle in Motion"",""Motor Vehicle in Motion""]"
0,0,"Atlanta Police Department","2022-11-03","Auburn Ave Ne and Piedmont Ave Ne","(O) No Injury","Daylight","On Roadway - Non-Intersection","Angle Crash","Piedmont Ave Ne","Dry","17:21:00","[""Lap and Shoulder Belt Used"",""Lap and Shoulder Belt Used""]","Clear",0,33.755283,-84.382264,"Atlanta","FULTON","[""Motor Vehicle in Motion"",""Motor Vehicle in Motion""]","Improper Turn","[""Motor Vehicle in Motion"",""Motor Vehicle in Motion""]"
0,0,"Gsp Post 00","2022-11-03","I-20 Wb and Boulevard","(O) No Injury","Dusk","On Roadway - Non-Intersection","Rear End","I-20 Wb","Dry","07:25:00","[""Lap and Shoulder Belt Used"",""Lap and Shoulder Belt Used""]","Clear",0,33.74344,-84.364206,"Atlanta","FULTON","[""Motor Vehicle in Motion"",""Motor Vehicle in Motion""]","Following Too Close","[""Motor Vehicle in Motion"",""Motor Vehicle in Motion""]"
0,0,"Gsp Post 00","2022-11-03","I-7585 Southbound and Fulton Street Overpass","(C) Possible Injury / Complaint","Daylight","On Roadway - Non-Intersection","Rear End","I-7585 Southbound","Dry","15:40:00","[""Lap and Shoulder Belt Used"",""Lap and Shoulder Belt Used""]","Clear",0,33.742347,-84.391973,"Atlanta","FULTON","[""Motor Vehicle in Motion"",""Motor Vehicle in Motion""]","Following Too Close","[""Motor Vehicle in Motion"",""Motor Vehicle in Motion""]"
0,0,"Atlanta Police Department","2022-11-03","I-75 and Northside Dr Nw","(C) Possible Injury / Complaint","Dark-Not Lighted","On Roadway - Non-Intersection","Sideswipe-Same Direction","I-75","Dry","22:07:00","[""Unknown"",""Unknown""]","Clear",0,33.802964,-84.407532,"Atlanta","FULTON","[""Motor Vehicle in Motion"",""Motor Vehicle in Motion""]","Changed Lanes Improperly","[""Motor Vehicle in Motion"",""Motor Vehicle in Motion""]"
0,0,"Atlanta Police Department","2022-11-03","Ivan Allen Jr Blvd Nw and Centennial Olympic Park Dr Nw","(C) Possible Injury / Complaint","Daylight","On Roadway - Roadway Intersection","Not a Collision with Motor Vehicle","Centennial Olympic Park Dr Nw","Dry","10:50:00","[""Lap and Shoulder Belt Used"",""None Used""]","Clear",0,33.764642,-84.391926,"Atlanta","FULTON","[""Motor Vehicle in Motion"",""Pedestrian""]","Failure to Yield","Motor Vehicle in Motion"
0,0,"Gsp Post 00","2022-11-03","I-285 Wb and Forrest Park Road Overpass","(O) No Injury","Daylight","On Roadway - Non-Intersection","Sideswipe-Same Direction","I-285 Wb","Dry","16:47:00","[""None Used"",""Reflective: Clothing/Backpack/Equipment"",""Lap and Shoulder Belt Used""]","Clear",0,33.661917,-84.354823,"Atlanta","FULTON","[""Motor Vehicle in Motion"",""Motor Vehicle in Motion"",""Motor Vehicle in Motion""]","[""Reckless Driving"",""Disregard Police - Evasion""]","[""Motor Vehicle in Motion"",""Motor Vehicle in Motion"",""Motor Vehicle in Motion""]"
0,0,"Gsp Post 00","2022-11-03","I-20 Wb and Moreland Avenue","(O) No Injury","Daylight","On Roadway - Non-Intersection","Rear End","I-20 Wb","Dry","15:46:00","[""Lap and Shoulder Belt Used"",""Lap and Shoulder Belt Used""]","Clear",0,33.743444,-84.380991,"Atlanta","FULTON","[""Motor Vehicle in Motion"",""Motor Vehicle in Motion""]","Following Too Close","[""Motor Vehicle in Motion"",""Motor Vehicle in Motion""]"
0,0,"Atlanta Police Department","2022-11-03","Langston Dr Sw and Metropolitan Pkwy Sw","(O) No Injury","Daylight","On Roadway - Roadway Intersection","Angle Crash","Metropolitan Pkwy Sw","Dry","17:07:00","Unknown","Clear",0,33.695308,-84.408137,"Atlanta","FULTON","[""Motor Vehicle in Motion"",""Motor Vehicle in Motion""]","Improper Turn","[""Motor Vehicle in Motion"",""Motor Vehicle in Motion""]"
0,0,"Gsp Post 00","2022-11-03","Peachtree St and I-85 Southbound","(C) Possible Injury / Complaint","Dusk","On Roadway - Non-Intersection","Rear End","I-85 Southbound","Dry","18:45:00","[""Unknown"",""Lap and Shoulder Belt Used""]","Clear",0,33.801395,-84.388463,"Atlanta","FULTON","[""Motor Vehicle in Motion"",""Motor Vehicle in Motion""]","Following Too Close","[""Motor Vehicle in Motion"",""Motor Vehicle in Motion""]"
0,0,"Atlanta Police Department","2022-11-03","Gilmer St Se and Courtland St Se","(O) No Injury","Dark-Lighted","On Roadway - Roadway Intersection","Not a Collision with Motor Vehicle","Courtland St Se","Dry","21:35:00","[""Lap and Shoulder Belt Used"",""Lap and Shoulder Belt Used""]","Clear",0,33.753551,-84.385229,"Atlanta","FULTON","[""Motor Vehicle in Motion"",""Motor Vehicle in Motion""]","Improper Turn","[""Motor Vehicle in Motion"",""Motor Vehicle in Motion""]"
0,0,"Gsp Post 00","2022-11-03","I-285 South and Donald Lee Hollowell Pkwy","(O) No Injury","Dark-Not Lighted","On Roadway - Non-Intersection","Not a Collision with Motor Vehicle","I-285 South","Dry","06:21:00","[""Lap and Shoulder Belt Used"",""Lap and Shoulder Belt Used""]","Clear",0,33.796577,-84.487606,"Atlanta","FULTON","[""Other Non-Collision"",""Other Object (Not Fixed)""]",,"[""Other Non-Collision"",""Impact Attenuate""]"
0,0,"Gsp Post 00","2022-11-03","I-85 S and Armour Drive","(O) No Injury","Daylight","On Roadway - Non-Intersection","Rear End","I-85 S","Dry","13:13:00","[""Lap and Shoulder Belt Used"",""Lap and Shoulder Belt Used""]","Clear",0,33.802297,-84.386864,"Atlanta","FULTON","[""Motor Vehicle in Motion"",""Motor Vehicle in Motion""]","Following Too Close","[""Motor Vehicle in Motion"",""Motor Vehicle in Motion""]"
0,0,"Atlanta Police Department","2022-11-03","W Wesley Rd Nw and Habersham Rd Nw","(O) No Injury","Daylight","On Roadway - Roadway Intersection","Sideswipe-Opposite Direction","Habersham Rd Nw","Dry","09:59:00","[""Unknown"",""Unknown"",""Unknown"",""Unknown"",""Unknown""]","Clear",0,33.828671,-84.394437,"Atlanta","FULTON","[""Motor Vehicle in Motion"",""Motor Vehicle in Motion""]",,"[""Motor Vehicle in Motion"",""Motor Vehicle in Motion""]"
0,0,"Gsp Post 00","2022-11-03","I-75 S and Northside Drive","(O) No Injury","Dark-Not Lighted","On Roadway - Non-Intersection","Rear End","I-75 S","Dry","19:28:00","[""Lap and Shoulder Belt Used"",""Lap and Shoulder Belt Used"",""Lap and Shoulder Belt Used"",""Booster Seat (Properly Used)""]","Clear",0,33.801377,-84.402756,"Atlanta","FULTON","[""Motor Vehicle in Motion"",""Motor Vehicle in Motion""]","Following Too Close","[""Motor Vehicle in Motion"",""Motor Vehicle in Motion""]"
0,0,"Atlanta Police Department","2022-11-03","Bass St Sw and Central Ave Sw","(C) Possible Injury / Complaint","Dark-Not Lighted","On Roadway - Non-Intersection","Sideswipe-Same Direction","Central Ave Sw","Dry","19:30:00","[""Unknown"",""Unknown""]","Clear",0,33.735831,-84.393504,"Atlanta","FULTON","[""Motor Vehicle in Motion"",""Parked Motor Vehicle""]",,"[""Motor Vehicle in Motion"",""Parked Motor Vehicle""]"
0,0,"Atlanta Police Department","2022-11-03","Oak St Sw and Joseph E Lowery Blvd Sw","(O) No Injury","Dark-Not Lighted","On Roadway - Non-Intersection","Angle Crash","Joseph E Lowery Blvd Sw","Dry","20:00:00","[""Unknown"",""Unknown"",""Unknown""]","Clear",0,33.740757,-84.417778,"Atlanta","FULTON","[""Motor Vehicle in Motion"",""Motor Vehicle in Motion""]","Failure to Yield","[""Motor Vehicle in Motion"",""Motor Vehicle in Motion""]"
0,0,"Atlanta Police Department","2022-11-03","Memorial Dr Se and Moreland Ave Se","(O) No Injury","Daylight","On Roadway - Non-Intersection","Sideswipe-Same Direction","Moreland Ave Se","Dry","12:30:00","[""Lap and Shoulder Belt Used"",""Lap and Shoulder Belt Used""]","Clear",0,33.747233,-84.349216,"Atlanta","FULTON","[""Motor Vehicle in Motion"",""Motor Vehicle in Motion""]","Changed Lanes Improperly","[""Motor Vehicle in Motion"",""Motor Vehicle in Motion""]"
0,0,"Gsp Post 00","2022-11-03","I-7585 Sb and Martin Luther King Jr Drive","(O) No Injury","Daylight","On Roadway - Non-Intersection","Rear End","I-7585 Sb","Dry","15:25:00","[""Lap and Shoulder Belt Used"",""Lap and Shoulder Belt Used""]","Clear",0,33.757654,-84.378845,"Atlanta","FULTON","[""Motor Vehicle in Motion"",""Motor Vehicle in Motion""]","Following Too Close","[""Motor Vehicle in Motion"",""Motor Vehicle in Motion""]"
0,0,"Atlanta Police Department","2022-11-03","14Th Pl Ne and 14Th St Ne","(O) No Injury","Daylight","On Roadway - Non-Intersection","Angle Crash","14Th St Ne","Dry","07:48:00","[""Unknown"",""Unknown""]","Clear",0,33.786482,-84.379328,"Atlanta","FULTON","[""Motor Vehicle in Motion"",""Motor Vehicle in Motion""]","Improper Backing","[""Motor Vehicle in Motion"",""Motor Vehicle in Motion""]"
0,0,"Gsp Post 00","2022-11-03","I-285 Wb and Forrest Park Road Overpass","(O) No Injury","Daylight","On Roadway - Non-Intersection","Rear End","I-285 Wb","Dry","16:47:00","[""None Used"",""Lap and Shoulder Belt Used""]","Clear",0,33.661607,-84.355564,"Atlanta","FULTON","[""Motor Vehicle in Motion"",""Motor Vehicle in Motion""]","[""Reckless Driving"",""Disregard Police - Evasion"",""Disregard Police - Traffic Control""]","[""Median Barrier"",""Motor Vehicle in Motion""]"
0,0,"Atlanta Police Department","2022-11-03","10Th St Nw and Northside Dr Nw","(O) No Injury","Daylight","On Roadway - Non-Intersection","Angle Crash","Northside Dr Nw","Dry","16:49:00","[""Unknown"",""Unknown"",""Unknown"",""Unknown"",""Unknown"",""Unknown""]","Clear",0,33.781544,-84.407476,"Atlanta","FULTON","[""Motor Vehicle in Motion"",""Motor Vehicle in Motion""]",,"[""Motor Vehicle in Motion"",""Motor Vehicle in Motion""]"
0,0,"Gsp Post 00","2022-11-03","I-285 South and Donald Lee Hollowell Pkwy","(O) No Injury","Dark-Not Lighted","On Roadway - Non-Intersection","Not a Collision with Motor Vehicle","I-285 South","Dry","06:21:00","[""Lap and Shoulder Belt Used"",""Lap and Shoulder Belt Used""]","Clear",0,33.796576,-84.487606,"Atlanta","FULTON","[""Other Non-Collision"",""Other Object (Not Fixed)""]",,"[""Other Non-Collision"",""Impact Attenuate""]"
0,0,"Atlanta Police Department","2022-11-03","I-75 S and Ralph David Abernathy Blvd Sw","(O) No Injury","Daylight","On Roadway - Roadway Intersection","Sideswipe-Same Direction","Ralph David Abernathy Blvd Sw","Dry","15:30:00","[""Lap and Shoulder Belt Used"",""Lap and Shoulder Belt Used""]","Clear",0,33.736796,-84.39261,"Atlanta","FULTON","[""Motor Vehicle in Motion"",""Motor Vehicle in Motion""]","[""Improper Turn"",""Misjudged Clearance""]","[""Motor Vehicle in Motion"",""Motor Vehicle in Motion""]"
0,0,"Gsp Post 00","2022-11-03","None and Ramp From Joseph E Lowery To I","(O) No Injury","Daylight","Entrance/Exit Ramp","Sideswipe-Same Direction","Ramp From Joseph E Lowery To I","Dry","08:16:00","Unknown","Clear",0,33.741203,-84.417659,"Atlanta","FULTON","[""Parked Motor Vehicle"",""Motor Vehicle in Motion""]",,"[""Parked Motor Vehicle"",""Motor Vehicle in Motion""]"
0,0,"Atlanta Police Department","2022-11-03","None and Westmont Rd Sw","(C) Possible Injury / Complaint","Daylight","On Roadway - Non-Intersection","Sideswipe-Opposite Direction","Westmont Rd Sw","Dry","16:30:00","[""Unknown"",""Unknown"",""None Used""]","Clear",0,33.732147,-84.437391,"Atlanta","FULTON","[""Parked Motor Vehicle"",""Motor Vehicle in Motion"",""Motor Vehicle in Motion""]","[""Aggressive Driving"",""Misjudged Clearance"",""Disregard Other Traffic Control""]","[""Motor Vehicle in Motion"",""Motor Vehicle in Motion""]"
0,0,"Atlanta Police Department","2022-11-03","Piedmont Rd Ne and Habersham Rd Ne","(O) No Injury","Daylight","On Roadway - Non-Intersection","Rear End","Piedmont Rd Ne","Dry","20:00:00","[""Unknown"",""Unknown""]","Clear",0,33.853339,-84.381598,"Atlanta","FULTON","[""Motor Vehicle in Motion"",""Motor Vehicle in Motion""]","Following Too Close","[""Motor Vehicle in Motion"",""Motor Vehicle in Motion""]"
0,0,"Atlanta Police Department","2022-11-03","I-20 and Lee St Sw","(O) No Injury","Daylight","Entrance/Exit Ramp","Angle Crash","I-20","Dry","15:30:00","[""Unknown"",""Lap and Shoulder Belt Used""]","Clear",0,33.741531,-84.414249,"Atlanta","FULTON","[""Motor Vehicle in Motion"",""Motor Vehicle in Motion""]","Changed Lanes Improperly","[""Motor Vehicle in Motion"",""Motor Vehicle in Motion""]"
0,0,"Atlanta Police Department","2022-11-03","Dekalb Ave Ne and Airline St Se","(O) No Injury","Daylight","On Roadway - Driveway Intersection","Sideswipe-Same Direction","Airline St Se","Dry","17:30:00","[""Lap and Shoulder Belt Used"",""Lap and Shoulder Belt Used""]","Clear",0,33.752934,-84.366176,"Atlanta","FULTON","[""Motor Vehicle in Motion"",""Motor Vehicle in Motion""]","Changed Lanes Improperly","[""Motor Vehicle in Motion"",""Motor Vehicle in Motion""]"
0,0,"Atlanta Police Department","2022-11-03","Piedmont Rd Ne and Sidney Marcus Blvd Ne","(O) No Injury","Daylight","On Roadway - Non-Intersection","Rear End","Sidney Marcus Blvd Ne","Dry","12:25:00","[""Lap and Shoulder Belt Used"",""Lap and Shoulder Belt Used""]","Clear",0,33.825851,-84.367864,"Atlanta","FULTON","[""Motor Vehicle in Motion"",""Motor Vehicle in Motion""]","Improper Backing","[""Motor Vehicle in Motion"",""Motor Vehicle in Motion""]"
0,0,"Gsp Post 00","2022-11-03","I-75Sb and Northside Dr","(O) No Injury","Daylight","On Roadway - Non-Intersection","Rear End","I-75Sb","Dry","18:15:00","[""Lap and Shoulder Belt Used"",""Lap and Shoulder Belt Used"",""Lap and Shoulder Belt Used""]","Clear",0,33.798898,-84.396398,"Atlanta","FULTON","[""Motor Vehicle in Motion"",""Motor Vehicle in Motion""]","[""Inattentive or Other Distraction (Distracted)"",""Following Too Close""]","[""Motor Vehicle in Motion"",""Motor Vehicle in Motion""]"