"# Serious Injuries","# Visible Injuries","Agency Name (Crash Level) ","Date","Intersection Name (from Crash Report)","KABCO Severity","Light Conditions (Crash Level)","Location at Impact (Crash Level) ","Manner of Collision (Crash Level) ","Roadway (From Crash Report)","Surface Condition (Crash Level) ","Time","Safety Equipment (Crash Level) ","Weather Conditions (Crash Level)","# of Fatalities per Crash","Latitude","Longitude","Geolocated City","Geolocated County","First Harmful Event (Unit Order)","Operator/Pedestrian Contrib Factor (excl None, Other, No Contrib Factors)","Most Harmful Event (Crash Level)"
0,0,"Atlanta Police Department","2022-11-13","None and I-75","(O) No Injury","Dark-Lighted","On Roadway - Non-Intersection","Rear End","I-75","Dry","19:55:00","[""Unknown"",""Unknown""]","Clear",0,33.777011,-84.390662,"Atlanta","FULTON","[""Motor Vehicle in Motion"",""Motor Vehicle in Motion""]","Following Too Close","[""Motor Vehicle in Motion"",""Motor Vehicle in Motion""]"
0,0,"Atlanta Police Department","2022-11-13","Moreland Dr Se and Moreland Ave Se","(C) Possible Injury / Complaint","Dark-Lighted","On Roadway - Non-Intersection","Rear End","Moreland Ave Se","Dry","00:45:00","[""Unknown"",""Unknown"",""Lap and Shoulder Belt Used"",""Booster Seat (Properly Used)""]","Clear",0,33.709261,-84.349527,"Atlanta","FULTON","[""Motor Vehicle in Motion"",""Motor Vehicle in Motion""]","Following Too Close","[""Motor Vehicle in Motion"",""Motor Vehicle in Motion""]"
0,0,"Atlanta Police Department","2022-11-13","Portland Ave Se and Brownwood Ave Se","(O) No Injury","Daylight","On Roadway - Non-Intersection","Angle Crash","Brownwood Ave Se","Dry","11:40:00","Unknown","Clear",0,33.73897,-84.34803,"Atlanta","DEKALB","[""Motor Vehicle in Motion"",""Motor Vehicle in Motion""]","[""Improper Backing"",""Misjudged Clearance""]","[""Motor Vehicle in Motion"",""Motor Vehicle in Motion""]"
0,0,"Atlanta Police Department","2022-11-13","Wieuca Rd Ne and Peachtree Rd Ne","(C) Possible Injury / Complaint","Dark-Lighted","On Roadway - Roadway Intersection","Sideswipe-Same Direction","Peachtree Rd Ne","Dry","20:30:00","[""Unknown"",""Unknown"",""Unknown""]","Clear",0,33.853647,-84.359564,"Atlanta","FULTON","[""Motor Vehicle in Motion"",""Motor Vehicle in Motion""]","[""Changed Lanes Improperly"",""Failure to Yield""]","[""Motor Vehicle in Motion"",""Motor Vehicle in Motion""]"
0,0,"Atlanta Police Department","2022-11-13","None and I-75","(O) No Injury","Dark-Not Lighted","On Roadway - Managed Lane (HOV, HOT, Reversible)","Sideswipe-Same Direction","I-75","Dry","18:30:00","[""Lap and Shoulder Belt Used"",""Lap and Shoulder Belt Used""]","Cloudy",0,33.789447,-84.390813,"Atlanta","FULTON","[""Motor Vehicle in Motion"",""Motor Vehicle in Motion""]",,"[""Motor Vehicle in Motion"",""Motor Vehicle in Motion""]"
0,0,"Georgia Tech Police Department","2022-11-13","Tenth Street Nw and Hemphill Avenue Nw","(O) No Injury","Dark-Lighted","On Roadway - Non-Intersection","Rear End","Tenth Street Nw","Dry","06:32:00","[""Lap and Shoulder Belt Used"",""Lap and Shoulder Belt Used""]","Clear",0,33.781544,-84.405804,"Atlanta","FULTON","[""Motor Vehicle in Motion"",""Motor Vehicle in Motion""]","[""Improper Passing"",""Following Too Close""]","[""Motor Vehicle in Motion"",""Motor Vehicle in Motion""]"
0,1,"Atlanta Police Department","2022-11-13","Coleman St Sw and Fletcher St Sw","(B) Suspected Minor/Visible Injury","Dark-Lighted","On Roadway - Roadway Intersection","Not a Collision with Motor Vehicle","Coleman St Sw","Dry","18:42:00","[""Unknown"",""Unknown""]","Clear",0,33.725703,-84.403992,"Atlanta","FULTON","[""Motor Vehicle in Motion"",""Motor Vehicle in Motion""]","Disregard Stop Sign/Signal","[""Motor Vehicle in Motion"",""Pedal-Cycle""]"
0,0,"Atlanta Police Department","2022-11-13","W Wesley Rd Nw and Howell Mill Rd Nw","(O) No Injury","Dark-Lighted","On Roadway - Roadway Intersection","Angle Crash","Howell Mill Rd Nw","Dry","00:20:00","[""Unknown"",""Unknown""]","Clear",0,33.828698,-84.415776,"Atlanta","FULTON","[""Motor Vehicle in Motion"",""Motor Vehicle in Motion""]","Improper Turn","[""Motor Vehicle in Motion"",""Motor Vehicle in Motion""]"
0,0,"Gsp Post 00","2022-11-13","None and I-20 Westbound","(O) No Injury","Dark-Lighted","On Roadway - Non-Intersection","Angle Crash","I-20 Westbound","Dry","01:53:00","[""Lap and Shoulder Belt Used"",""Lap and Shoulder Belt Used"",""Lap and Shoulder Belt Used""]","Clear",0,33.745223,-84.390247,"Atlanta","FULTON","[""Motor Vehicle in Motion"",""Motor Vehicle in Motion"",""Motor Vehicle in Motion""]","[""Disregard Police - Evasion"",""Reckless Driving""]","[""Motor Vehicle in Motion"",""Motor Vehicle in Motion"",""Motor Vehicle in Motion""]"
0,0,"Atlanta Police Department","2022-11-13","I-20 W and Joseph E Lowery Blvd Sw","(O) No Injury","Daylight","Entrance/Exit Ramp","Rear End","Joseph E Lowery Blvd Sw","Dry","12:44:00","[""Lap and Shoulder Belt Used"",""Lap and Shoulder Belt Used""]","Clear",0,33.741592,-84.417594,"Atlanta","FULTON","[""Motor Vehicle in Motion"",""Motor Vehicle in Motion""]","Following Too Close","[""Motor Vehicle in Motion"",""Motor Vehicle in Motion""]"
0,0,"Atlanta Police Department","2022-11-13","Liddell Dr Ne and Cheshire Bridge Rd Ne","(O) No Injury","Daylight","On Roadway - Roadway Intersection","Angle Crash","Cheshire Bridge Rd Ne","Dry","14:25:00","[""Lap and Shoulder Belt Used"",""Lap and Shoulder Belt Used"",""Lap and Shoulder Belt Used""]","Clear",0,33.809916,-84.360452,"Atlanta","FULTON","[""Motor Vehicle in Motion"",""Motor Vehicle in Motion""]","Failure to Yield","[""Motor Vehicle in Motion"",""Motor Vehicle in Motion""]"
0,0,"Dekalb Co Police Department","2022-11-13","Moreland Ave and Mcdonough Blvd","(O) No Injury","Dark-Not Lighted","On Roadway - Non-Intersection","Head On","Moreland Ave","Dry","20:00:00","[""None Used"",""None Used""]","Clear",0,33.703567,-84.349536,"Atlanta","FULTON","[""Motor Vehicle in Motion"",""Motor Vehicle in Motion""]","Improper Turn","[""Motor Vehicle in Motion"",""Motor Vehicle in Motion""]"
0,0,"Atlanta Police Department","2022-11-13","Piedmont Rd Ne and Habersham Rd Ne","(O) No Injury","Daylight","On Roadway - Non-Intersection","Sideswipe-Same Direction","Piedmont Rd Ne","Dry","13:30:00","[""Unknown"",""Unknown"",""Unknown""]","Clear",0,33.853398,-84.381661,"Atlanta","FULTON","[""Motor Vehicle in Motion"",""Motor Vehicle in Motion""]","[""Failure to Yield"",""Changed Lanes Improperly""]","[""Motor Vehicle in Motion"",""Motor Vehicle in Motion""]"
0,0,"Atlanta Police Department","2022-11-13","Lenox Rd Ne and Buford Hwy Ne","(O) No Injury","Dark-Not Lighted","On Roadway - Roadway Intersection","Angle Crash","Lenox Rd Ne","Dry","05:19:00","[""Unknown"",""Unknown""]","Cloudy",0,33.82568,-84.352848,"Atlanta","FULTON","[""Motor Vehicle in Motion"",""Motor Vehicle in Motion""]","Disregard Stop Sign/Signal","[""Motor Vehicle in Motion"",""Motor Vehicle in Motion""]"
0,0,"Atlanta Police Department","2022-11-13","Exit 252B and Howell Mill Rd Nw","(O) No Injury","Dusk","On Roadway - Roadway Intersection","Sideswipe-Same Direction","Howell Mill Rd Nw","Dry","18:30:00","[""Unknown"",""Unknown""]","Clear",0,33.805814,-84.413053,"Atlanta","FULTON","[""Motor Vehicle in Motion"",""Motor Vehicle in Motion""]","Changed Lanes Improperly","[""Motor Vehicle in Motion"",""Motor Vehicle in Motion""]"
0,0,"Atlanta Police Department","2022-11-13","John Portman Blvd Ne and Peachtree Center Ave Ne","(O) No Injury","Daylight","Off Roadway","Angle Crash","John Portman Blvd Ne","Dry","10:30:00","Lap and Shoulder Belt Used","Clear",0,33.760962,-84.385745,"Atlanta","FULTON","[""Motor Vehicle in Motion"",""Parked Motor Vehicle""]",,"[""Motor Vehicle in Motion"",""Parked Motor Vehicle""]"
0,0,"Atlanta Police Department","2022-11-13","I-75 and Exit 256","(O) No Injury","Daylight","Gore","Not a Collision with Motor Vehicle","I-75","Dry","08:00:00","Lap and Shoulder Belt Used","Clear",0,33.868855,-84.442727,"Atlanta","FULTON","Motor Vehicle in Motion","Driver Condition","Motor Vehicle in Motion"
0,0,"Atlanta Police Department","2022-11-13","None and I-75","(O) No Injury","Dark-Lighted","On Roadway - Non-Intersection","Sideswipe-Same Direction","I-75","Dry","18:03:00","[""Unknown"",""Unknown""]","Clear",0,33.774808,-84.390184,"Atlanta","FULTON","[""Motor Vehicle in Motion"",""Motor Vehicle in Motion""]","Changed Lanes Improperly","[""Motor Vehicle in Motion"",""Motor Vehicle in Motion""]"
0,0,"Atlanta Police Department","2022-11-13","Sanders Ave Se and Moreland Ave Se","(C) Possible Injury / Complaint","Daylight","On Roadway - Roadway Intersection","Angle Crash","Sanders Ave Se","Dry","09:45:00","[""Unknown"",""Unknown"",""Unknown""]","Clear",0,33.742084,-84.349249,"Atlanta","FULTON","[""Motor Vehicle in Motion"",""Motor Vehicle in Motion"",""Motor Vehicle in Motion""]","Failure to Yield","[""Motor Vehicle in Motion"",""Motor Vehicle in Motion"",""Motor Vehicle in Motion""]"
0,0,"Atlanta Police Department","2022-11-13","I-85 and Piedmont Rd Ne","(C) Possible Injury / Complaint","Dusk","On Roadway - Non-Intersection","Rear End","I-85","Dry","18:30:00","[""Unknown"",""Unknown"",""Unknown""]","Clear",0,33.813728,-84.366482,"Atlanta","FULTON","[""Motor Vehicle in Motion"",""Motor Vehicle in Motion"",""Motor Vehicle in Motion""]","Too Fast for Conditions","[""Motor Vehicle in Motion"",""Motor Vehicle in Motion"",""Motor Vehicle in Motion""]"
0,0,"Atlanta Police Department","2022-11-13","10Th St Nw and Williams St Nw","(O) No Injury","Dark-Lighted","On Roadway - Non-Intersection","Rear End","10Th St Nw","Dry","22:38:00","[""Unknown"",""Unknown""]","Clear",0,33.781556,-84.389916,"Atlanta","FULTON","[""Motor Vehicle in Motion"",""Motor Vehicle in Motion""]","Following Too Close","[""Motor Vehicle in Motion"",""Motor Vehicle in Motion""]"
0,0,"Atlanta Police Department","2022-11-13","None and Caroline St Ne","(O) No Injury","Daylight","On Roadway - In Crosswalk","Head On","Caroline St Ne","Dry","11:30:00","[""Lap and Shoulder Belt Used"",""Lap and Shoulder Belt Used""]","Clear",0,33.758449,-84.347691,"Atlanta","DEKALB","[""Motor Vehicle in Motion"",""Motor Vehicle in Motion""]","Failure to Yield","[""Motor Vehicle in Motion"",""Motor Vehicle in Motion""]"
3,0,"Atlanta Police Department","2022-11-13","I-75 and Exit 252B","(A) Suspected Serious Injury","Daylight","On Roadway - Roadway Intersection","Head On","I-75","Dry","16:10:00","[""Unknown"",""Unknown"",""Unknown"",""Unknown""]","Clear",0,33.80487,-84.413434,"Atlanta","FULTON","[""Motor Vehicle in Motion"",""Motor Vehicle in Motion""]","Failure to Yield","[""Motor Vehicle in Motion"",""Motor Vehicle in Motion""]"
0,0,"Atlanta Police Department","2022-11-13","14Th St Nw and Hemphill Ave Nw","(O) No Injury","Daylight","On Roadway - Roadway Intersection","Angle Crash","Hemphill Ave Nw","Dry","01:55:00","[""Unknown"",""Unknown""]","Clear",0,33.785994,-84.406838,"Atlanta","FULTON","[""Motor Vehicle in Motion"",""Motor Vehicle in Motion""]","Failure to Yield","[""Motor Vehicle in Motion"",""Motor Vehicle in Motion""]"
0,0,"Atlanta Police Department","2022-11-13","None and Exit 85 Rp","(C) Possible Injury / Complaint","Daylight","Entrance/Exit Ramp","Rear End","Exit 85 Rp","Dry","14:47:00","[""Unknown"",""Unknown""]","Cloudy",0,33.797804,-84.393701,"Atlanta","FULTON","[""Motor Vehicle in Motion"",""Motor Vehicle in Motion""]","Following Too Close","Motor Vehicle in Motion"
0,0,"Atlanta Police Department","2022-11-13","Virginia Ave Ne and Atlanta Beltline Eastside","(O) No Injury","Daylight","On Roadway - Non-Intersection","Angle Crash","Virginia Ave Ne","Dry","19:10:00","[""Lap and Shoulder Belt Used"",""Lap and Shoulder Belt Used""]","Clear",0,33.780884,-84.368444,"Atlanta","FULTON","[""Motor Vehicle in Motion"",""Motor Vehicle in Motion""]","Changed Lanes Improperly","[""Motor Vehicle in Motion"",""Motor Vehicle in Motion""]"
0,0,"Atlanta Police Department","2022-11-13","None and I-75","(O) No Injury","Dark-Lighted","On Roadway - Non-Intersection","Rear End","I-75","Dry","18:35:00","[""Lap and Shoulder Belt Used"",""Lap and Shoulder Belt Used"",""Lap and Shoulder Belt Used"",""None Used""]","Clear",0,33.778869,-84.390857,"Atlanta","FULTON","[""Motor Vehicle in Motion"",""Motor Vehicle in Motion""]","Changed Lanes Improperly","[""Motor Vehicle in Motion"",""Motor Vehicle in Motion""]"
0,0,"Atlanta Police Department","2022-11-13","Abercrombie Pl Nw and W Peachtree St Nw","(O) No Injury","Dark-Lighted","On Roadway - Roadway Intersection","Not a Collision with Motor Vehicle","W Peachtree St Nw","Dry","01:00:00","Unknown","Clear",0,33.777994,-84.387291,"Atlanta","FULTON","Railway Train/Street Car","Too Fast for Conditions","Other Post / Pole Support"
0,0,"Atlanta Police Department","2022-11-13","Clifton Rd Ne and Dekalb Ave Ne","(O) No Injury","Daylight","On Roadway - Roadway Intersection","Angle Crash","Dekalb Ave Ne","Dry","17:30:00","[""Unknown"",""Unknown""]","Clear",0,33.762143,-84.332976,"Atlanta","DEKALB","[""Motor Vehicle in Motion"",""Motor Vehicle in Motion""]","Improper Turn","[""Motor Vehicle in Motion"",""Motor Vehicle in Motion""]"
0,0,"Atlanta Police Department","2022-11-13","None and I-285","(O) No Injury","Dark-Not Lighted","On Roadway - Non-Intersection","Sideswipe-Same Direction","I-285","Dry","00:31:00","[""Unknown"",""Lap and Shoulder Belt Used""]","Clear",0,33.657252,-84.363203,"Atlanta","FULTON","[""Motor Vehicle in Motion"",""Motor Vehicle in Motion""]","Reckless Driving","[""Motor Vehicle in Motion"",""Motor Vehicle in Motion""]"
0,0,"Atlanta Police Department","2022-11-13","I-285 and Exit 10 B","(C) Possible Injury / Complaint","Daylight","On Roadway - Non-Intersection","Rear End","I-285","Dry","13:30:00","[""Lap and Shoulder Belt Used"",""Lap and Shoulder Belt Used"",""Lap and Shoulder Belt Used"",""Lap and Shoulder Belt Used""]","Clear",0,33.76886,-84.495026,"Atlanta","FULTON","[""Motor Vehicle in Motion"",""Motor Vehicle in Motion"",""Motor Vehicle in Motion""]","Following Too Close","[""Motor Vehicle in Motion"",""Motor Vehicle in Motion"",""Motor Vehicle in Motion""]"
0,0,"Atlanta Police Department","2022-11-13","None and Martin Luther King Jr Dr Sw","(C) Possible Injury / Complaint","Dark-Lighted","On Roadway - Managed Lane (HOV, HOT, Reversible)","Angle Crash","Martin Luther King Jr Dr Sw","Dry","03:32:00","[""Lap and Shoulder Belt Used"",""Unknown"",""Unknown""]","Clear",0,33.749912,-84.454557,"Atlanta","FULTON","[""Motor Vehicle in Motion"",""Parked Motor Vehicle""]","[""Under the Influence (U.I.)"",""Aggressive Driving""]","[""Motor Vehicle in Motion"",""Parked Motor Vehicle""]"
0,0,"Atlanta Police Department","2022-11-13","Piedmont Rd Ne and Tower Place Dr Ne","(C) Possible Injury / Complaint","Daylight","On Roadway - Non-Intersection","Rear End","Piedmont Rd Ne","Dry","15:43:00","[""Unknown"",""Unknown""]","Clear",0,33.846534,-84.37282,"Atlanta","FULTON","[""Motor Vehicle in Motion"",""Motor Vehicle in Motion""]",,"[""Motor Vehicle in Motion"",""Motor Vehicle in Motion""]"
0,0,"Atlanta Police Department","2022-11-13","Decatur St Se and Peachtree Center Ave Se","(C) Possible Injury / Complaint","Daylight","On Roadway - Roadway Intersection","Angle Crash","Peachtree Center Ave Se","Dry","11:50:00","[""Lap and Shoulder Belt Used"",""Lap and Shoulder Belt Used"",""Lap and Shoulder Belt Used"",""Lap and Shoulder Belt Used""]","Clear",0,33.753106,-84.387649,"Atlanta","FULTON","[""Motor Vehicle in Motion"",""Motor Vehicle in Motion""]","Driver Condition","[""Motor Vehicle in Motion"",""Motor Vehicle in Motion""]"
0,0,"Atlanta Police Department","2022-11-13","I-75 and I-75 S","(O) No Injury","Daylight","On Roadway - Non-Intersection","Sideswipe-Same Direction","I-75","Dry","08:05:00","Lap and Shoulder Belt Used","Clear",0,33.770349,-84.390534,"Atlanta","FULTON","[""Motor Vehicle in Motion"",""Motor Vehicle in Motion""]",,"[""Motor Vehicle in Motion"",""Motor Vehicle in Motion""]"
0,0,"Atlanta Police Department","2022-11-13","I-285 and Exit 5A","(C) Possible Injury / Complaint","Dark-Not Lighted","Entrance/Exit Ramp","Rear End","I-285","Dry","19:15:00","[""Unknown"",""Unknown"",""Unknown"",""Unknown"",""Unknown""]","Clear",0,33.685991,-84.500222,"Atlanta","FULTON","[""Motor Vehicle in Motion"",""Motor Vehicle in Motion"",""Motor Vehicle in Motion""]","Following Too Close","[""Motor Vehicle in Motion"",""Motor Vehicle in Motion"",""Motor Vehicle in Motion""]"
0,1,"Gsp Post 00","2022-11-13","I-20 Wb and Maynard Terrace Se","(B) Suspected Minor/Visible Injury","Dark-Lighted","On Roadway - Non-Intersection","Rear End","I-20 Wb","Dry","02:15:00","[""None Used"",""Lap and Shoulder Belt Used""]","Cloudy",0,33.745595,-84.339654,"Atlanta","DEKALB","[""Motor Vehicle in Motion"",""Motor Vehicle in Motion""]","Under the Influence (U.I.)","[""Motor Vehicle in Motion"",""Motor Vehicle in Motion""]"
0,0,"Atlanta Police Department","2022-11-13","Mathewson Pl Sw and Martin Luther King Jr Dr Nw","Unknown","Dark-Lighted","Off Roadway - Sidewalk","Not a Collision with Motor Vehicle","Martin Luther King Jr Dr Nw","Dry","03:50:00",,"Clear",0,33.753002,-84.437106,"Atlanta","FULTON","Utility Pole","Exceeding Speed Limit","Utility Pole"
0,0,"Atlanta Police Department","2022-11-13","None and Ga-400","(C) Possible Injury / Complaint","Dark-Not Lighted","On Roadway - Non-Intersection","Rear End","Ga-400","Dry","01:28:00","[""None Used"",""Unknown"",""Unknown"",""Unknown"",""Unknown"",""Unknown""]","Clear",0,33.847154,-84.367056,"Atlanta","FULTON","[""Motor Vehicle in Motion"",""Motor Vehicle in Motion""]","[""Following Too Close"",""Changed Lanes Improperly"",""Aggressive Driving""]","[""Motor Vehicle in Motion"",""Motor Vehicle in Motion""]"
0,0,"Atlanta Police Department","2022-11-13","10Th St Nw and Fielder Ave Nw","(O) No Injury","Dark-Lighted","On Roadway - Roadway Intersection","Sideswipe-Same Direction","10Th St Nw","Dry","17:30:00","[""Lap and Shoulder Belt Used"",""Lap and Shoulder Belt Used""]","Clear",0,33.781558,-84.408336,"Atlanta","FULTON","[""Motor Vehicle in Motion"",""Motor Vehicle in Motion""]","Changed Lanes Improperly","[""Motor Vehicle in Motion"",""Motor Vehicle in Motion""]"
0,0,"Atlanta Police Department","2022-11-13","I-20 W and Moreland Ave Se","(O) No Injury","Dark-Lighted","On Roadway - Roadway Intersection","Rear End","Moreland Ave Se","Dry","00:00:00","[""Unknown"",""Unknown""]","Clear",0,33.746172,-84.349253,"Atlanta","FULTON","[""Motor Vehicle in Motion"",""Motor Vehicle in Motion""]","Following Too Close","[""Motor Vehicle in Motion"",""Motor Vehicle in Motion""]"
0,0,"Atlanta Police Department","2022-11-13","None and Langford Pkwy","(O) No Injury","Dark-Not Lighted","On Roadway - Non-Intersection","Rear End","Langford Pkwy","Dry","18:30:00","[""Lap and Shoulder Belt Used"",""Lap and Shoulder Belt Used""]","Clear",0,33.689865,-84.502718,"Atlanta","FULTON","[""Motor Vehicle in Motion"",""Motor Vehicle in Motion""]","Following Too Close","[""Motor Vehicle in Motion"",""Motor Vehicle in Motion""]"
0,0,"Atlanta Police Department","2022-11-13","I-75 and Exit 249D","(O) No Injury","Dark-Lighted","On Roadway - Non-Intersection","Sideswipe-Same Direction","I-75","Dry","01:00:00","[""Lap and Shoulder Belt Used"",""Lap and Shoulder Belt Used""]","Clear",0,33.775054,-84.390601,"Atlanta","FULTON","[""Motor Vehicle in Motion"",""Motor Vehicle in Motion""]",,"[""Motor Vehicle in Motion"",""Motor Vehicle in Motion""]"
0,0,"Atlanta Police Department","2022-11-13","None and Greenbriar Pkwy Sw","(O) No Injury","Daylight","On Roadway - Roadway Intersection","Rear End","Greenbriar Pkwy Sw","Dry","08:50:00","[""Unknown"",""Unknown""]","Clear",0,33.692352,-84.490385,"Atlanta","FULTON","[""Motor Vehicle in Motion"",""Motor Vehicle in Motion""]","Following Too Close","Motor Vehicle in Motion"
0,0,"Atlanta Police Department","2022-11-13","Pharr Rd Ne and Piedmont Rd Ne","(C) Possible Injury / Complaint","Daylight","On Roadway - Roadway Intersection","Angle Crash","Pharr Rd Ne","Dry","13:00:00","[""None Used"",""None Used""]","Clear",0,33.836971,-84.368074,"Atlanta","FULTON","[""Motor Vehicle in Motion"",""Motor Vehicle in Motion""]","Failure to Yield","[""Motor Vehicle in Motion"",""Motor Vehicle in Motion""]"
1,0,"Atlanta Police Department","2022-11-13","None and I-75","(A) Suspected Serious Injury","Dark-Lighted","On Roadway - Non-Intersection","Sideswipe-Same Direction","I-75","Dry","01:00:00","[""Unknown"",""Unknown"",""Unknown"",""Unknown""]","Clear",0,33.779147,-84.390856,"Atlanta","FULTON","[""Motor Vehicle in Motion"",""Motor Vehicle in Motion""]",,"[""Motor Vehicle in Motion"",""Motor Vehicle in Motion""]"
0,0,"Atlanta Police Department","2022-11-13","None and I-85","(C) Possible Injury / Complaint","Daylight","On Roadway - Managed Lane (HOV, HOT, Reversible)","Sideswipe-Same Direction","I-85","Dry","06:53:00","[""Lap and Shoulder Belt Used"",""Lap and Shoulder Belt Used""]","Clear",0,33.784646,-84.391179,"Atlanta","FULTON","[""Motor Vehicle in Motion"",""Motor Vehicle in Motion""]","Changed Lanes Improperly","[""Motor Vehicle in Motion"",""Motor Vehicle in Motion""]"
0,0,"Atlanta Police Department","2022-11-13","I-75 and 5Th St Nw","(O) No Injury","Daylight","On Roadway - Non-Intersection","Rear End","I-75","Dry","12:27:00","[""Lap and Shoulder Belt Used"",""Lap and Shoulder Belt Used""]","Clear",0,33.776854,-84.390635,"Atlanta","FULTON","[""Motor Vehicle in Motion"",""Motor Vehicle in Motion""]","Following Too Close","[""Motor Vehicle in Motion"",""Motor Vehicle in Motion""]"
0,0,"Atlanta Police Department","2022-11-13","Paschal Blvd Sw and Tp Burruss Sr Dr Sw","(O) No Injury","Daylight","On Roadway - Non-Intersection","Sideswipe-Same Direction","Tp Burruss Sr Dr Sw","Dry","17:05:00","[""Lap and Shoulder Belt Used"",""Lap and Shoulder Belt Used"",""Lap and Shoulder Belt Used""]","Clear",0,33.753969,-84.414773,"Atlanta","FULTON","[""Motor Vehicle in Motion"",""Motor Vehicle in Motion""]","Failure to Yield","[""Motor Vehicle in Motion"",""Motor Vehicle in Motion""]"
0,0,"Gsp Post 00","2022-11-13","I-20 West and Maynard Terrace","(O) No Injury","Dark-Lighted","Median","Head On","I-20 West","Dry","01:56:00","[""None Used"",""Lap Belt Only Used"",""Lap and Shoulder Belt Used"",""Unknown"",""Unknown""]","Cloudy",0,33.744718,-84.334228,"Atlanta","DEKALB","[""Motor Vehicle in Motion"",""Motor Vehicle in Motion""]","Improper Backing","[""Motor Vehicle in Motion"",""Motor Vehicle in Motion""]"
0,0,"Atlanta Police Department","2022-11-13","I-75 and I-20 W","(O) No Injury","Dark-Not Lighted","On Roadway - Non-Intersection","Rear End","I-75","Dry","19:41:00","[""Unknown"",""Unknown"",""Booster Seat (Properly Used)""]","Clear",0,33.745365,-84.389887,"Atlanta","FULTON","[""Motor Vehicle in Motion"",""Motor Vehicle in Motion""]","Following Too Close","[""Motor Vehicle in Motion"",""Motor Vehicle in Motion""]"
0,0,"Atlanta Police Department","2022-11-13","Decatur St Se and Kimball Way Se","(O) No Injury","Dark-Lighted","On Roadway - Non-Intersection","Angle Crash","Kimball Way Se","Dry","19:31:00","Unknown","Clear",0,33.753614,-84.388519,"Atlanta","FULTON","[""Motor Vehicle in Motion"",""Motor Vehicle in Motion""]","Disregard Police - Traffic Control","[""Motor Vehicle in Motion"",""Motor Vehicle in Motion""]"
0,0,"Atlanta Police Department","2022-11-13","Chappell Rd Nw and Joseph E Boone Blvd Nw","(O) No Injury","Dark-Lighted","On Roadway - Roadway Intersection","Angle Crash","Chappell Rd Nw","Dry","23:42:00","[""Lap and Shoulder Belt Used"",""Lap and Shoulder Belt Used""]","Clear",0,33.763555,-84.432946,"Atlanta","FULTON","[""Motor Vehicle in Motion"",""Motor Vehicle in Motion""]","Disregard Stop Sign/Signal","[""Motor Vehicle in Motion"",""Motor Vehicle in Motion""]"
0,0,"Atlanta Police Department","2022-11-13","I-75 and I-85 N","(O) No Injury","Daylight","On Roadway - Non-Intersection","Angle Crash","I-75","Dry","13:00:00","[""Lap and Shoulder Belt Used"",""Lap and Shoulder Belt Used""]","Clear",0,33.790754,-84.390883,"Atlanta","FULTON","[""Motor Vehicle in Motion"",""Motor Vehicle in Motion""]","Changed Lanes Improperly","[""Motor Vehicle in Motion"",""Motor Vehicle in Motion""]"
0,0,"Atlanta Police Department","2022-11-13","Luckie St Nw and Parker St Nw","(C) Possible Injury / Complaint","Dark-Lighted","On Roadway - Non-Intersection","Sideswipe-Same Direction","Parker St Nw","Dry","00:00:00","[""Unknown"",""Unknown"",""Unknown""]","Clear",0,33.765874,-84.396139,"Atlanta","FULTON","[""Motor Vehicle in Motion"",""Motor Vehicle in Motion"",""Motor Vehicle in Motion""]","Failure to Yield","[""Motor Vehicle in Motion"",""Motor Vehicle in Motion"",""Motor Vehicle in Motion""]"
0,0,"Atlanta Police Department","2022-11-13","Ga-13 S and Spring St Nw","(C) Possible Injury / Complaint","Daylight","On Roadway - Roadway Intersection","Sideswipe-Same Direction","Spring St Nw","Dry","14:02:00","[""Lap and Shoulder Belt Used"",""Lap and Shoulder Belt Used""]","Clear",0,33.795689,-84.389052,"Atlanta","FULTON","[""Motor Vehicle in Motion"",""Motor Vehicle in Motion""]","Changed Lanes Improperly","[""Motor Vehicle in Motion"",""Motor Vehicle in Motion""]"
0,0,"Atlanta Police Department","2022-11-13","I-75 and Exit 249C","(C) Possible Injury / Complaint","Dark-Lighted","On Roadway - Non-Intersection","Angle Crash","I-75","Dry","23:00:00","[""Unknown"",""Unknown""]","Clear",0,33.768939,-84.390491,"Atlanta","FULTON","[""Motor Vehicle in Motion"",""Motor Vehicle in Motion""]","[""Changed Lanes Improperly"",""Failure to Yield""]","[""Motor Vehicle in Motion"",""Median Barrier""]"
0,0,"Atlanta Police Department","2022-11-13","English Ave Nw and Donald Lee Hollowell Pkwy Nw","(C) Possible Injury / Complaint","Dark-Lighted","On Roadway - Roadway Intersection","Angle Crash","Donald Lee Hollowell Pkwy Nw","Dry","20:05:00","[""Lap and Shoulder Belt Used"",""Lap and Shoulder Belt Used"",""Lap and Shoulder Belt Used"",""Lap and Shoulder Belt Used""]","Clear",0,33.773057,-84.413407,"Atlanta","FULTON","[""Motor Vehicle in Motion"",""Motor Vehicle in Motion""]","Failure to Yield","[""Motor Vehicle in Motion"",""Motor Vehicle in Motion""]"