"# Serious Injuries","# Visible Injuries","Agency Name (Crash Level) ","Date","Intersection Name (from Crash Report)","KABCO Severity","Light Conditions (Crash Level)","Location at Impact (Crash Level) ","Manner of Collision (Crash Level) ","Roadway (From Crash Report)","Surface Condition (Crash Level) ","Time","Safety Equipment (Crash Level) ","Weather Conditions (Crash Level)","# of Fatalities per Crash","Latitude","Longitude","Geolocated City","Geolocated County","First Harmful Event (Unit Order)","Operator/Pedestrian Contrib Factor (excl None, Other, No Contrib Factors)","Most Harmful Event (Crash Level)"
0,0,"Atlanta Police Department","2022-11-15","None and I-20 Wb Rp","(O) No Injury","Dawn","On Shoulder","Not a Collision with Motor Vehicle","I-20 Wb Rp","Wet","05:31:00","Unknown","Rain",0,33.746154,-84.391375,"Atlanta","FULTON","Guard Rail End","Too Fast for Conditions","Guard Rail End"
0,0,"Atlanta Police Department","2022-11-15","N Highland Ave Ne and Saint Augustine Pl Ne","(O) No Injury","Daylight","On Roadway - Roadway Intersection","Rear End","N Highland Ave Ne","Wet","09:55:00","[""Unknown"",""Unknown"",""Unknown""]","Rain",0,33.774367,-84.352499,"Atlanta","FULTON","[""Motor Vehicle in Motion"",""Motor Vehicle in Motion""]","Following Too Close","[""Motor Vehicle in Motion"",""Motor Vehicle in Motion""]"
0,0,"Gsp Post 00","2022-11-15","I-75 N and Langford Pkwy","(O) No Injury","Dark-Not Lighted","On Roadway - Non-Intersection","Rear End","I-75 N","Wet","07:13:00","[""None Used"",""Lap and Shoulder Belt Used"",""Unknown"",""Unknown""]","Rain",0,33.699656,-84.404099,"Atlanta","FULTON","[""Motor Vehicle in Motion"",""Motor Vehicle in Motion""]","Following Too Close","[""Motor Vehicle in Motion"",""Motor Vehicle in Motion""]"
0,0,"Atlanta Police Department","2022-11-15","Peachtree St Sw and Martin Luther King Jr Dr Sw","(O) No Injury","Daylight","On Roadway - Non-Intersection","Sideswipe-Same Direction","Martin Luther King Jr Dr Sw","Wet","17:00:00","[""Unknown"",""Unknown""]","Rain",0,33.751977,-84.391978,"Atlanta","FULTON","[""Motor Vehicle in Motion"",""Motor Vehicle in Motion""]","Changed Lanes Improperly","[""Motor Vehicle in Motion"",""Motor Vehicle in Motion""]"
0,0,"Gsp Post 00","2022-11-15","I-7585 S and North Ave","(O) No Injury","Daylight","On Roadway - Non-Intersection","Rear End","I-7585 S","Wet","06:55:00","[""Lap and Shoulder Belt Used"",""Lap and Shoulder Belt Used""]","Rain",0,33.769332,-84.390568,"Atlanta","FULTON","[""Motor Vehicle in Motion"",""Motor Vehicle in Motion""]","Following Too Close","[""Motor Vehicle in Motion"",""Motor Vehicle in Motion""]"
0,0,"Atlanta Police Department","2022-11-15","Fairview Rd Ne and Ponce De Leon Ave Ne","(C) Possible Injury / Complaint","Daylight","On Roadway - Roadway Intersection","Angle Crash","Ponce De Leon Ave Ne","Water (standing or moving)","08:30:00","[""Lap and Shoulder Belt Used"",""Lap and Shoulder Belt Used""]","Rain",0,33.773905,-84.337154,"Atlanta","DEKALB","[""Motor Vehicle in Motion"",""Motor Vehicle in Motion""]","Failure to Yield","[""Motor Vehicle in Motion"",""Motor Vehicle in Motion""]"
0,0,"Atlanta Police Department","2022-11-15","Pryor St Sw and Fulton St Sw","(O) No Injury","Daylight","On Roadway - Non-Intersection","Sideswipe-Same Direction","Fulton St Sw","Wet","10:00:00","[""Lap and Shoulder Belt Used"",""Lap and Shoulder Belt Used""]","Rain",0,33.741942,-84.394505,"Atlanta","FULTON","[""Motor Vehicle in Motion"",""Motor Vehicle in Motion""]","No Signal/Improper Signal","[""Motor Vehicle in Motion"",""Motor Vehicle in Motion""]"
0,0,"Atlanta Police Department","2022-11-15","Marietta St Nw and Northside Dr Nw","(O) No Injury","Daylight","On Roadway - Roadway Intersection","Angle Crash","Northside Dr Nw","Water (standing or moving)","17:16:00","[""Unknown"",""Unknown""]","Cloudy",0,33.775857,-84.407012,"Atlanta","FULTON","[""Motor Vehicle in Motion"",""Motor Vehicle in Motion""]","Failure to Yield","[""Motor Vehicle in Motion"",""Motor Vehicle in Motion""]"
0,0,"Gsp Post 00","2022-11-15","10Th St and I-75I-85Nb","(O) No Injury","Daylight","On Roadway - Non-Intersection","Sideswipe-Same Direction","I-75I-85Nb","Wet","16:00:00","[""Unknown"",""Lap and Shoulder Belt Used""]","Rain",0,33.782978,-84.390843,"Atlanta","FULTON","[""Motor Vehicle in Motion"",""Motor Vehicle in Motion""]","Changed Lanes Improperly","[""Motor Vehicle in Motion"",""Motor Vehicle in Motion""]"
0,0,"Gsp Post 00","2022-11-15","Cascade Rd and I-285 South","(O) No Injury","Daylight","On Roadway - Non-Intersection","Rear End","I-285 South","Wet","11:14:00","[""Lap and Shoulder Belt Used"",""Lap and Shoulder Belt Used"",""Lap and Shoulder Belt Used""]","Rain",0,33.717759,-84.502322,"Atlanta","FULTON","[""Motor Vehicle in Motion"",""Motor Vehicle in Motion""]","Changed Lanes Improperly","[""Motor Vehicle in Motion"",""Motor Vehicle in Motion""]"
0,0,"Atlanta Police Department","2022-11-15","10Th St Ne and W Peachtree St Nw","(C) Possible Injury / Complaint","Daylight","On Roadway - Non-Intersection","Rear End","10Th St Ne","Wet","11:30:00","[""Lap and Shoulder Belt Used"",""Lap and Shoulder Belt Used""]","Rain",0,33.78148,-84.387199,"Atlanta","FULTON","[""Motor Vehicle in Motion"",""Motor Vehicle in Motion""]","Following Too Close","[""Motor Vehicle in Motion"",""Parked Motor Vehicle""]"
0,0,"Atlanta Police Department","2022-11-15","I-75 and Deering Rd Nw","(C) Possible Injury / Complaint","Dark-Lighted","On Roadway - Non-Intersection","Rear End","I-75","Wet","21:30:00","[""Lap and Shoulder Belt Used"",""Lap and Shoulder Belt Used"",""Lap and Shoulder Belt Used""]","Cloudy",0,33.797222,-84.395439,"Atlanta","FULTON","[""Motor Vehicle in Motion"",""Motor Vehicle in Motion"",""Motor Vehicle in Motion""]","Following Too Close","[""Motor Vehicle in Motion"",""Motor Vehicle in Motion"",""Motor Vehicle in Motion""]"
0,0,"Atlanta Police Department","2022-11-15","Oak St Sw and Lawton St Sw","(O) No Injury","Daylight","Off Roadway - Sidewalk","Sideswipe-Opposite Direction","Oak St Sw","Water (standing or moving)","11:17:00","Lap and Shoulder Belt Used","Rain",0,33.740754,-84.422898,"Atlanta","FULTON","[""Parked Motor Vehicle"",""Motor Vehicle in Motion""]",,"[""Motor Vehicle in Motion"",""Motor Vehicle in Motion""]"
0,0,"Gsp Post 00","2022-11-15","I-75/85 North and Langford Parkway Eastbound Off","(C) Possible Injury / Complaint","Daylight","Median","Not a Collision with Motor Vehicle","Langford Parkway Eastbound Off","Wet","13:46:00","Lap and Shoulder Belt Used","Rain",0,33.695096,-84.405329,"Atlanta","FULTON","Median Barrier","[""Driver Lost Control"",""Too Fast for Conditions""]","Median Barrier"
0,0,"Atlanta Police Department","2022-11-15","I-75 and Williams St Nw","(O) No Injury","Dark-Lighted","On Roadway - Roadway Intersection","Sideswipe-Same Direction","I-75","Dry","04:00:00","[""Unknown"",""Unknown""]","Clear",0,33.78398,-84.390837,"Atlanta","FULTON","[""Railway Train/Street Car"",""Railway Train/Street Car""]","Changed Lanes Improperly","[""Motor Vehicle in Motion"",""Motor Vehicle in Motion""]"
0,0,"Atlanta Police Department","2022-11-15","Ga-13 N and Peachtree St Ne","(C) Possible Injury / Complaint","Daylight","On Roadway - Roadway Intersection","Angle Crash","Peachtree St Ne","Wet","14:50:00","[""Lap and Shoulder Belt Used"",""Lap and Shoulder Belt Used"",""Lap and Shoulder Belt Used""]","Cloudy",0,33.797766,-84.390111,"Atlanta","FULTON","[""Motor Vehicle in Motion"",""Motor Vehicle in Motion"",""Motor Vehicle in Motion""]","Improper Turn","[""Motor Vehicle in Motion"",""Motor Vehicle in Motion"",""Motor Vehicle in Motion""]"
0,0,"Atlanta Police Department","2022-11-15","None and Northside Dr Nw","(C) Possible Injury / Complaint","Daylight","On Roadway - Roadway Intersection","Angle Crash","Northside Dr Nw","Dry","15:49:00","[""Lap and Shoulder Belt Used"",""Lap and Shoulder Belt Used""]","Clear",0,33.801295,-84.407816,"Atlanta","FULTON","[""Motor Vehicle in Motion"",""Motor Vehicle in Motion""]","Failure to Yield","[""Motor Vehicle in Motion"",""Motor Vehicle in Motion""]"
0,0,"Atlanta Police Department","2022-11-15","I-20 and Exit 56B","(C) Possible Injury / Complaint","Dark-Lighted","On Roadway - Non-Intersection","Angle Crash","I-20","Dry","22:15:00","[""Unknown"",""Lap and Shoulder Belt Used"",""Child Restraint System (Properly Used)"",""Lap and Shoulder Belt Used""]","Clear",0,33.742785,-84.403172,"Atlanta","FULTON","[""Motor Vehicle in Motion"",""Motor Vehicle in Motion"",""Motor Vehicle in Motion""]","Changed Lanes Improperly","[""Motor Vehicle in Motion"",""Motor Vehicle in Motion""]"
0,0,"Gsp Post 00","2022-11-15","I-7585 Northbound and Ga 166 West Overpass","(O) No Injury","Dawn","On Roadway - Non-Intersection","Rear End","I-7585 Northbound","Wet","07:00:00","[""Lap and Shoulder Belt Used"",""Lap and Shoulder Belt Used""]","Rain",0,33.696312,-84.404759,"Atlanta","FULTON","[""Motor Vehicle in Motion"",""Motor Vehicle in Motion""]","Following Too Close","[""Motor Vehicle in Motion"",""Motor Vehicle in Motion""]"
1,0,"Atlanta Police Department","2022-11-15","Boulevard Ne and John Wesley Dobbs Ave Ne","(A) Suspected Serious Injury","Daylight","On Roadway - Driveway Intersection","Angle Crash","Boulevard Ne","Water (standing or moving)","08:45:00","[""Unknown"",""Lap and Shoulder Belt Used"",""Unknown""]","Rain",0,33.759347,-84.372065,"Atlanta","FULTON","[""Motor Vehicle in Motion"",""Motor Vehicle in Motion""]","Improper Turn","[""Motor Vehicle in Motion"",""Motor Vehicle in Motion""]"
0,0,"Atlanta Police Department","2022-11-15","Peachtree Rd Ne and Brookwood Valley Cir Ne","(C) Possible Injury / Complaint","Daylight","On Roadway - Roadway Intersection","Angle Crash","Peachtree Rd Ne","Water (standing or moving)","15:31:00","[""Lap and Shoulder Belt Used"",""Lap and Shoulder Belt Used"",""Lap and Shoulder Belt Used""]","Rain",0,33.809599,-84.393055,"Atlanta","FULTON","[""Motor Vehicle in Motion"",""Motor Vehicle in Motion""]","Failure to Yield","[""Motor Vehicle in Motion"",""Motor Vehicle in Motion""]"
0,0,"Gsp Post 00","2022-11-15","I-75 S and Porsche Ave","(O) No Injury","Daylight","On Roadway - Non-Intersection","Rear End","I-75 S","Wet","17:15:00","[""Unknown"",""Lap and Shoulder Belt Used""]","Cloudy",0,33.652305,-84.396032,"Atlanta","FULTON","[""Motor Vehicle in Motion"",""Motor Vehicle in Motion""]","Following Too Close","[""Motor Vehicle in Motion"",""Motor Vehicle in Motion""]"
0,1,"Atlanta Police Department","2022-11-16","I-75-85 Nb and 17Th St Nw","(B) Suspected Minor/Visible Injury","Daylight","On Roadway - Non-Intersection","Rear End","17Th St Nw","Dry","08:30:00","[""Unknown"",""Unknown"",""Unknown""]","Clear",0,33.784692,-84.390832,"Atlanta","FULTON","[""Motor Vehicle in Motion"",""Motor Vehicle in Motion"",""Motor Vehicle in Motion""]","Following Too Close","[""Motor Vehicle in Motion"",""Motor Vehicle in Motion"",""Motor Vehicle in Motion""]"
0,0,"Atlanta Police Department","2022-11-16","None and I-285","(O) No Injury","Daylight","On Roadway - Non-Intersection","Rear End","I-285","Dry","16:24:00","[""Unknown"",""Child Restraint System (Properly Used)"",""Child Restraint System (Properly Used)"",""Unknown""]","Clear",0,33.748991,-84.497216,"Atlanta","FULTON","[""Motor Vehicle in Motion"",""Motor Vehicle in Motion""]","Following Too Close","[""Motor Vehicle in Motion"",""Motor Vehicle in Motion""]"
0,0,"Atlanta Police Department","2022-11-16","Brady Ave Nw and Howell Mill Rd Nw","(O) No Injury","Dark-Lighted","On Roadway - Non-Intersection","Not a Collision with Motor Vehicle","Howell Mill Rd Nw","Dry","19:25:00","Unknown","Clear",0,33.783673,-84.41184,"Atlanta","FULTON","Other Non-Collision","Under the Influence (U.I.)","Over Turn"
0,0,"Atlanta Police Department","2022-11-16","W Conway Dr Nw and Broadland Rd Nw","(O) No Injury","Dark-Not Lighted","On Roadway - Driveway Intersection","Angle Crash","Broadland Rd Nw","Dry","18:28:00","[""Shoulder Belt Only Used"",""Shoulder Belt Only Used""]","Clear",0,33.865264,-84.412208,"Atlanta","FULTON","[""Motor Vehicle in Motion"",""Motor Vehicle in Motion""]","Failure to Yield","[""Motor Vehicle in Motion"",""Motor Vehicle in Motion""]"
0,0,"Atlanta Police Department","2022-11-16","I-75 and Northside Dr Nw","(C) Possible Injury / Complaint","Dark-Not Lighted","On Roadway - Non-Intersection","Not a Collision with Motor Vehicle","I-75","Dry","01:55:00","Unknown","Clear",0,33.802525,-84.407308,"Atlanta","FULTON","Motor Vehicle in Motion","Inattentive or Other Distraction (Distracted)","Motor Vehicle in Motion"
0,0,"Atlanta Police Department","2022-11-16","I-75 and Exit 248A","(O) No Injury","Daylight","On Roadway - Non-Intersection","Rear End","I-75","Dry","13:56:00","[""Unknown"",""Unknown""]","Clear",0,33.750424,-84.381786,"Atlanta","FULTON","[""Motor Vehicle in Motion"",""Motor Vehicle in Motion""]","Following Too Close","[""Motor Vehicle in Motion"",""Motor Vehicle in Motion""]"
0,0,"Atlanta Police Department","2022-11-16","Marietta St Nw and Northside Dr Nw","(C) Possible Injury / Complaint","Daylight","On Roadway - Roadway Intersection","Head On","Northside Dr Nw","Dry","15:00:00","[""Lap and Shoulder Belt Used"",""Lap and Shoulder Belt Used""]","Clear",0,33.775857,-84.407012,"Atlanta","FULTON","[""Motor Vehicle in Motion"",""Motor Vehicle in Motion""]","Improper Turn","[""Motor Vehicle in Motion"",""Motor Vehicle in Motion""]"
0,0,"Atlanta Police Department","2022-11-16","Lenox Rd Ne and Peachtree Rd Ne","(O) No Injury","Dark-Lighted","On Roadway - Roadway Intersection","Sideswipe-Same Direction","Peachtree Rd Ne","Dry","18:40:00","[""Lap and Shoulder Belt Used"",""Lap and Shoulder Belt Used""]","Clear",0,33.85037,-84.362163,"Atlanta","FULTON","[""Motor Vehicle in Motion"",""Motor Vehicle in Motion""]","[""Misjudged Clearance"",""Changed Lanes Improperly""]","[""Motor Vehicle in Motion"",""Motor Vehicle in Motion""]"
0,0,"Atlanta Police Department","2022-11-16","Northside Dr Sw and Metropolitan Pkwy Sw","(C) Possible Injury / Complaint","Daylight","On Roadway - Driveway Intersection","Rear End","Northside Dr Sw","Dry","08:55:00","[""Unknown"",""Unknown"",""Unknown""]","Clear",0,33.73973,-84.408196,"Atlanta","FULTON","[""Motor Vehicle in Motion"",""Motor Vehicle in Motion"",""Motor Vehicle in Motion""]","Following Too Close","[""Motor Vehicle in Motion"",""Motor Vehicle in Motion"",""Motor Vehicle in Motion""]"
0,0,"Atlanta Police Department","2022-11-16","None and I-75","(O) No Injury","Daylight","On Roadway - Non-Intersection","Sideswipe-Same Direction","I-75","Dry","07:00:00","[""Lap and Shoulder Belt Used"",""Lap and Shoulder Belt Used"",""Lap and Shoulder Belt Used""]","Clear",0,33.761636,-84.380797,"Atlanta","FULTON","[""Motor Vehicle in Motion"",""Motor Vehicle in Motion"",""Motor Vehicle in Motion""]","Driver Condition","[""Motor Vehicle in Motion"",""Motor Vehicle in Motion"",""Motor Vehicle in Motion""]"
0,0,"Atlanta Police Department","2022-11-16","W Peachtree St Nw and Ivan Allen Jr Blvd Nw","(O) No Injury","Dark-Lighted","On Roadway - Non-Intersection","Angle Crash","Ivan Allen Jr Blvd Nw","Dry","18:38:00","Unknown","Clear",0,33.764672,-84.388157,"Atlanta","FULTON","[""Motor Vehicle in Motion"",""Parked Motor Vehicle""]",,"[""Motor Vehicle in Motion"",""Parked Motor Vehicle""]"
0,0,"Atlanta Police Department","2022-11-16","North Ave Ne and N Angier Ave Ne","(O) No Injury","Daylight","On Roadway - Roadway Intersection","Rear End","North Ave Ne","Dry","15:53:00","[""Lap and Shoulder Belt Used"",""Lap and Shoulder Belt Used""]","Clear",0,33.771126,-84.364924,"Atlanta","FULTON","[""Motor Vehicle in Motion"",""Motor Vehicle in Motion""]","Following Too Close","[""Motor Vehicle in Motion"",""Motor Vehicle in Motion""]"
0,0,"Atlanta Police Department","2022-11-16","Hamilton St Se and Glenwood Ave Se","(O) No Injury","Dusk","On Roadway - Roadway Intersection","Angle Crash","Glenwood Ave Se","Dry","07:32:00","[""Lap and Shoulder Belt Used"",""Lap and Shoulder Belt Used""]","Clear",0,33.739767,-84.356395,"Atlanta","FULTON","[""Motor Vehicle in Motion"",""Motor Vehicle in Motion""]","Disregard Stop Sign/Signal","[""Motor Vehicle in Motion"",""Motor Vehicle in Motion""]"
0,0,"Atlanta Police Department","2022-11-16","Monroe Dr Ne and Ponce De Leon Ave Ne","(C) Possible Injury / Complaint","Dark-Lighted","On Roadway - Non-Intersection","Angle Crash","Ponce De Leon Ave Ne","Dry","19:51:00","[""Lap and Shoulder Belt Used"",""Lap and Shoulder Belt Used""]","Clear",0,33.773474,-84.371013,"Atlanta","FULTON","[""Motor Vehicle in Motion"",""Motor Vehicle in Motion""]","Failure to Yield","[""Motor Vehicle in Motion"",""Motor Vehicle in Motion""]"
0,0,"Atlanta Police Department","2022-11-16","I-20 E and I-20 Exit 60B","(C) Possible Injury / Complaint","Daylight","On Roadway - Roadway Intersection","Rear End","I-20 Exit 60B","Dry","08:20:00","[""Lap and Shoulder Belt Used"",""Lap and Shoulder Belt Used""]","Clear",0,33.745246,-84.349622,"Atlanta","FULTON","[""Motor Vehicle in Motion"",""Motor Vehicle in Motion""]","Following Too Close","[""Motor Vehicle in Motion"",""Motor Vehicle in Motion""]"
0,0,"Atlanta Police Department","2022-11-16","Piedmont Ave Ne and Ponce De Leon Ave Ne","(O) No Injury","Daylight","On Roadway - Non-Intersection","Angle Crash","Piedmont Ave Ne","Dry","15:38:00","[""Unknown"",""Unknown""]","Cloudy",0,33.771926,-84.381837,"Atlanta","FULTON","[""Motor Vehicle in Motion"",""Motor Vehicle in Motion""]","Changed Lanes Improperly","[""Motor Vehicle in Motion"",""Motor Vehicle in Motion""]"
0,1,"Atlanta Police Department","2022-11-16","None and Langford Pkwy","(B) Suspected Minor/Visible Injury","Daylight","Off Roadway","Not a Collision with Motor Vehicle","Langford Pkwy","Dry","08:55:00","Unknown","Clear",0,33.69781,-84.479982,"Atlanta","FULTON","Motor Vehicle in Motion",,"Motor Vehicle in Motion"
0,0,"Atlanta Police Department","2022-11-16","Bishop Way Ne and Randolph St Ne","(O) No Injury","Dark-Not Lighted","On Roadway - Non-Intersection","Angle Crash","Bishop Way Ne","Dry","19:30:00","None Used","Clear",0,33.760292,-84.368427,"Atlanta","FULTON","[""Motor Vehicle in Motion"",""Parked Motor Vehicle""]","Improper Backing","[""Motor Vehicle in Motion"",""Parked Motor Vehicle""]"
0,0,"Atlanta Police Department","2022-11-16","7Th St Ne and Piedmont Ave Ne","(O) No Injury","Daylight","On Roadway - Non-Intersection","Sideswipe-Same Direction","7Th St Ne","Dry","06:13:00","Lap and Shoulder Belt Used","Clear",0,33.778327,-84.381217,"Atlanta","FULTON","[""Parked Motor Vehicle"",""Parked Motor Vehicle""]",,"[""Parked Motor Vehicle"",""Parked Motor Vehicle""]"
0,0,"Atlanta Police Department","2022-11-16","None and I-75","(O) No Injury","Dark-Lighted","On Roadway - Non-Intersection","Rear End","I-75","Dry","17:30:00","[""Lap and Shoulder Belt Used"",""Lap and Shoulder Belt Used""]","Clear",0,33.867146,-84.441617,"Atlanta","FULTON","[""Motor Vehicle in Motion"",""Motor Vehicle in Motion""]","Following Too Close","[""Motor Vehicle in Motion"",""Motor Vehicle in Motion""]"
0,0,"Atlanta Police Department","2022-11-16","I-285 E and Jonesboro Rd Se","(O) No Injury","Dark-Lighted","On Roadway - Roadway Intersection","Rear End","Jonesboro Rd Se","Dry","18:40:00","[""Unknown"",""Lap and Shoulder Belt Used""]","Clear",0,33.651969,-84.367117,"Atlanta","FULTON","[""Motor Vehicle in Motion"",""Motor Vehicle in Motion""]","Following Too Close","[""Motor Vehicle in Motion"",""Motor Vehicle in Motion""]"
0,0,"Atlanta Police Department","2022-11-16","None and I-285","(O) No Injury","Daylight","On Roadway - Managed Lane (HOV, HOT, Reversible)","Not a Collision with Motor Vehicle","I-285","Dry","12:15:00","Unknown","Clear",0,33.648765,-84.369516,"Atlanta","FULTON","Other Object (Not Fixed)",,"Other Object (Not Fixed)"
0,0,"Atlanta Police Department","2022-11-16","Campbellton Rd Sw and Centra Villa Dr Sw","(O) No Injury","Dawn","On Roadway - Roadway Intersection","Rear End","Campbellton Rd Sw","Dry","21:19:00","[""Lap and Shoulder Belt Used"",""Lap and Shoulder Belt Used""]","Clear",0,33.707164,-84.455627,"Atlanta","FULTON","[""Motor Vehicle in Motion"",""Motor Vehicle in Motion""]",,"[""Motor Vehicle in Motion"",""Motor Vehicle in Motion""]"
0,0,"Atlanta Police Department","2022-11-16","I-75 S and W Paces Ferry Rd Nw","(O) No Injury","Daylight","Entrance/Exit Ramp","Rear End","I-75 S","Dry","08:03:00","[""Lap and Shoulder Belt Used"",""Lap and Shoulder Belt Used""]","Cloudy",0,33.848724,-84.431063,"Atlanta","FULTON","[""Motor Vehicle in Motion"",""Motor Vehicle in Motion""]","Following Too Close","[""Motor Vehicle in Motion"",""Motor Vehicle in Motion""]"
0,0,"Atlanta Police Department","2022-11-16","Ga-13 and Plasters Ave Ne","(O) No Injury","Daylight","On Roadway - Non-Intersection","Rear End","Ga-13","Dry","08:25:00","[""Unknown"",""Unknown"",""Unknown"",""Unknown"",""Unknown""]","Cloudy",0,33.810637,-84.372998,"Atlanta","FULTON","[""Motor Vehicle in Motion"",""Motor Vehicle in Motion""]","Following Too Close","[""Motor Vehicle in Motion"",""Motor Vehicle in Motion""]"
0,0,"Atlanta Police Department","2022-11-16","Little St Sw and Pollard Blvd Sw","(O) No Injury","Daylight","Off Roadway","Angle Crash","Pollard Blvd Sw","Dry","18:00:00","[""None Used"",""None Used""]","Clear",0,33.732993,-84.390866,"Atlanta","FULTON","[""Motor Vehicle in Motion"",""Motor Vehicle in Motion""]",,"[""Motor Vehicle in Motion"",""Motor Vehicle in Motion""]"
0,0,"Atlanta Police Department","2022-11-16","I-20 W and Moreland Ave Se","(O) No Injury","Daylight","On Roadway - Non-Intersection","Rear End","Moreland Ave Se","Dry","15:20:00","[""Unknown"",""Unknown""]","Clear",0,33.746118,-84.349313,"Atlanta","FULTON","[""Motor Vehicle in Motion"",""Motor Vehicle in Motion""]","Following Too Close","[""Motor Vehicle in Motion"",""Motor Vehicle in Motion""]"
0,0,"Atlanta Police Department","2022-11-16","None and I-285","(C) Possible Injury / Complaint","Daylight","On Roadway - Non-Intersection","Angle Crash","I-285","Dry","08:36:00","[""Unknown"",""Unknown"",""Unknown"",""Unknown"",""Unknown"",""Unknown"",""Unknown"",""Unknown""]","Clear",0,33.750866,-84.496456,"Atlanta","FULTON","[""Motor Vehicle in Motion"",""Motor Vehicle in Motion"",""Motor Vehicle in Motion""]","Misjudged Clearance","[""Motor Vehicle in Motion"",""Motor Vehicle in Motion"",""Motor Vehicle in Motion""]"
0,0,"Atlanta Police Department","2022-11-16","Courtland St Ne and John Wesley Dobbs Ave Ne","(O) No Injury","Dark-Lighted","On Roadway - Roadway Intersection","Angle Crash","Courtland St Ne","Dry","20:24:00","[""Unknown"",""Unknown"",""Unknown"",""Unknown""]","Clear",0,33.757094,-84.384242,"Atlanta","FULTON","[""Motor Vehicle in Motion"",""Motor Vehicle in Motion""]","Improper Turn","[""Motor Vehicle in Motion"",""Motor Vehicle in Motion""]"
0,0,"Gsp Post 00","2022-11-16","I-75 N and Cleveland Ave","(O) No Injury","Daylight","On Roadway - Non-Intersection","Rear End","I-75 N","Dry","07:37:00","[""Lap and Shoulder Belt Used"",""Lap and Shoulder Belt Used""]","Clear",0,33.673799,-84.397481,"Atlanta","FULTON","[""Motor Vehicle in Motion"",""Motor Vehicle in Motion""]","Following Too Close","[""Motor Vehicle in Motion"",""Motor Vehicle in Motion""]"
0,0,"Atlanta Police Department","2022-11-16","Hampton St Nw and Marietta St Nw","(O) No Injury","Daylight","On Roadway - Non-Intersection","Angle Crash","Marietta St Nw","Dry","16:50:00","[""Unknown"",""Unknown""]","Cloudy",0,33.776656,-84.407716,"Atlanta","FULTON","[""Motor Vehicle in Motion"",""Motor Vehicle in Motion""]","Failure to Yield","[""Motor Vehicle in Motion"",""Motor Vehicle in Motion""]"
0,0,"Atlanta Police Department","2022-11-16","Mcdonough Blvd Se and Henry Thomas Dr Se","(C) Possible Injury / Complaint","Daylight","On Roadway - Roadway Intersection","Angle Crash","Mcdonough Blvd Se","Dry","11:47:00","[""Lap and Shoulder Belt Used"",""Lap and Shoulder Belt Used"",""Lap and Shoulder Belt Used""]","Clear",0,33.704413,-84.351166,"Atlanta","FULTON","[""Motor Vehicle in Motion"",""Motor Vehicle in Motion""]","Failure to Yield","[""Motor Vehicle in Motion"",""Motor Vehicle in Motion""]"
0,0,"Atlanta Police Department","2022-11-16","Spring St Nw and Peachtree Pl Nw","(O) No Injury","Dark-Lighted","On Roadway - Non-Intersection","Sideswipe-Same Direction","Spring St Nw","Dry","19:57:00","[""Unknown"",""Lap and Shoulder Belt Used""]","Clear",0,33.780679,-84.389021,"Atlanta","FULTON","[""Motor Vehicle in Motion"",""Motor Vehicle in Motion""]","Not Visible (Object, Person, or Vehicle)","[""Motor Vehicle in Motion"",""Motor Vehicle in Motion""]"
0,0,"Atlanta Police Department","2022-11-16","Browntown Rd Nw and James Jackson Pkwy Nw","(K) Fatal Injury","Dark-Not Lighted","On Roadway - In Crosswalk","Not a Collision with Motor Vehicle","James Jackson Pkwy Nw","Dry","23:00:00","Unknown","Clear",1,33.802031,-84.475636,"Atlanta","FULTON","[""Motor Vehicle in Motion"",""Pedestrian""]","Aggressive Driving","Motor Vehicle in Motion"
0,0,"Atlanta Police Department","2022-11-16","I-75 and Deering Rd Nw","(O) No Injury","Dark-Not Lighted","On Roadway - Non-Intersection","Rear End","I-75","Dry","16:00:00","[""Shoulder Belt Only Used"",""Shoulder Belt Only Used""]","Clear",0,33.797545,-84.39513,"Atlanta","FULTON","[""Motor Vehicle in Motion"",""Motor Vehicle in Motion""]","[""Changed Lanes Improperly"",""Changed Lanes Improperly""]","[""Motor Vehicle in Motion"",""Motor Vehicle in Motion""]"
0,0,"Atlanta Police Department","2022-11-16","None and Jonesboro Rd Se","(O) No Injury","Dark-Lighted","Off Roadway - Sidewalk","Not a Collision with Motor Vehicle","Jonesboro Rd Se","Dry","22:26:00","Unknown","Clear",0,33.70332,-84.377035,"Atlanta","FULTON","Other Non-Collision","[""Other Activity - Mobile Device (Distracted)"",""Driver Lost Control""]","Utility Pole"
0,0,"Atlanta Police Department","2022-11-16","Spring St Nw and Ivan Allen Jr Blvd Nw","(O) No Injury","Dark-Lighted","On Roadway - Roadway Intersection","Angle Crash","Spring St Nw","Dry","22:10:00","[""Lap and Shoulder Belt Used"",""Lap and Shoulder Belt Used"",""Lap and Shoulder Belt Used"",""Lap and Shoulder Belt Used""]","Clear",0,33.764663,-84.388973,"Atlanta","FULTON","[""Motor Vehicle in Motion"",""Motor Vehicle in Motion""]","Improper Turn","[""Motor Vehicle in Motion"",""Motor Vehicle in Motion""]"