"# Serious Injuries","# Visible Injuries","Agency Name (Crash Level) ","Date","Intersection Name (from Crash Report)","KABCO Severity","Light Conditions (Crash Level)","Location at Impact (Crash Level) ","Manner of Collision (Crash Level) ","Roadway (From Crash Report)","Surface Condition (Crash Level) ","Time","Safety Equipment (Crash Level) ","Weather Conditions (Crash Level)","# of Fatalities per Crash","Latitude","Longitude","Geolocated City","Geolocated County","First Harmful Event (Unit Order)","Operator/Pedestrian Contrib Factor (excl None, Other, No Contrib Factors)","Most Harmful Event (Crash Level)"
0,0,"Atlanta Police Department","2022-11-16","Harlan Rd Sw and Martin Luther King Jr Dr Sw","(C) Possible Injury / Complaint","Daylight","On Roadway - Roadway Intersection","Angle Crash","Martin Luther King Jr Dr Sw","Dry","12:39:00","[""Unknown"",""Unknown"",""Unknown""]","Clear",0,33.75444,-84.481186,"Atlanta","FULTON","[""Motor Vehicle in Motion"",""Motor Vehicle in Motion""]","Changed Lanes Improperly","[""Motor Vehicle in Motion"",""Motor Vehicle in Motion""]"
0,0,"Atlanta Police Department","2022-11-16","I-85 and Ga-400 N","(K) Fatal Injury","Dark-Lighted","On Shoulder","Not a Collision with Motor Vehicle","I-85","Wet","02:00:00","None Used","Clear",1,33.82141,-84.359489,"Atlanta","FULTON","Median Barrier","Driver Lost Control","Median Barrier"
0,0,"Atlanta Police Department","2022-11-16","Wellbourne Dr Ne and Cheshire Bridge Rd Ne","(O) No Injury","Daylight","On Roadway - Roadway Intersection","Sideswipe-Same Direction","Wellbourne Dr Ne","Dry","17:30:00","[""Lap and Shoulder Belt Used"",""Lap and Shoulder Belt Used""]","Clear",0,33.810046,-84.360102,"Atlanta","FULTON","[""Motor Vehicle in Motion"",""Motor Vehicle in Motion""]","Changed Lanes Improperly","[""Motor Vehicle in Motion"",""Motor Vehicle in Motion""]"
0,0,"Atlanta Police Department","2022-11-16","Exit 12 and Donald Lee Hollowell Pkwy Nw","(O) No Injury","Daylight","On Roadway - Non-Intersection","Rear End","Donald Lee Hollowell Pkwy Nw","Dry","09:04:00","Unknown","Clear",0,33.786382,-84.49217,"Atlanta","FULTON","[""Motor Vehicle in Motion"",""Motor Vehicle in Motion""]","Following Too Close","[""Motor Vehicle in Motion"",""Motor Vehicle in Motion""]"
0,1,"Atlanta Police Department","2022-11-16","I-75 and Martin Luther King Jr Dr Se","(B) Suspected Minor/Visible Injury","Daylight","On Roadway - Non-Intersection","Rear End","I-75","Dry","11:47:00","[""Lap and Shoulder Belt Used"",""Lap and Shoulder Belt Used"",""Lap and Shoulder Belt Used"",""Lap and Shoulder Belt Used"",""Lap and Shoulder Belt Used"",""Lap and Shoulder Belt Used"",""Child Restraint System (Properly Used)"",""Lap and Shoulder Belt Used""]","Clear",0,33.748075,-84.385325,"Atlanta","FULTON","[""Motor Vehicle in Motion"",""Motor Vehicle in Motion"",""Motor Vehicle in Motion"",""Motor Vehicle in Motion""]","[""Following Too Close"",""Following Too Close""]","[""Motor Vehicle in Motion"",""Motor Vehicle in Motion"",""Motor Vehicle in Motion"",""Motor Vehicle in Motion""]"
0,0,"Atlanta Police Department","2022-11-16","I-75 and Spring St Nw","(O) No Injury","Daylight","On Roadway - Non-Intersection","Sideswipe-Same Direction","I-75","Dry","18:15:00","[""Unknown"",""Unknown""]","Clear",0,33.766905,-84.387841,"Atlanta","FULTON","[""Motor Vehicle in Motion"",""Motor Vehicle in Motion""]","Changed Lanes Improperly","[""Motor Vehicle in Motion"",""Motor Vehicle in Motion""]"
0,0,"Atlanta Police Department","2022-11-16","Lambert Dr Ne and Piedmont Rd Ne","(C) Possible Injury / Complaint","Daylight","On Roadway - Roadway Intersection","Rear End","Piedmont Rd Ne","Dry","16:30:00","[""Unknown"",""Unknown""]","Clear",0,33.811933,-84.36675,"Atlanta","FULTON","[""Motor Vehicle in Motion"",""Motor Vehicle in Motion""]","Following Too Close","[""Motor Vehicle in Motion"",""Motor Vehicle in Motion""]"
0,0,"Atlanta Police Department","2022-11-16","Ethel St Nw and Northside Dr Nw","(O) No Injury","Daylight","On Roadway - Non-Intersection","Angle Crash","Northside Dr Nw","Dry","14:20:00","[""Unknown"",""Unknown""]","Clear",0,33.784974,-84.407454,"Atlanta","FULTON","[""Motor Vehicle in Motion"",""Motor Vehicle in Motion""]","Changed Lanes Improperly","[""Motor Vehicle in Motion"",""Motor Vehicle in Motion""]"
0,0,"Atlanta Police Department","2022-11-16","Palifox Dr Ne and Lakeshore Dr Ne","(O) No Injury","Daylight","On Roadway - Non-Intersection","Sideswipe-Same Direction","Lakeshore Dr Ne","Dry","11:36:00","[""Lap and Shoulder Belt Used"",""Lap and Shoulder Belt Used"",""Lap and Shoulder Belt Used"",""Lap and Shoulder Belt Used"",""Lap and Shoulder Belt Used""]","Clear",0,33.767233,-84.325076,"Atlanta","DEKALB","[""Parked Motor Vehicle"",""Motor Vehicle in Motion""]",,"[""Parked Motor Vehicle"",""Motor Vehicle in Motion""]"
0,0,"Atlanta Police Department","2022-11-16","Crown Rd Se and Browns Mill Rd Se","(O) No Injury","Daylight","On Roadway - Managed Lane (HOV, HOT, Reversible)","Rear End","Crown Rd Se","Dry","08:50:00","[""Unknown"",""Unknown""]","Clear",0,33.652288,-84.394902,"Atlanta","FULTON","[""Motor Vehicle in Motion"",""Motor Vehicle in Motion""]","Following Too Close","[""Motor Vehicle in Motion"",""Motor Vehicle in Motion""]"
0,0,"Atlanta Police Department","2022-11-16","Path400 and Lenox Rd Ne","(O) No Injury","Daylight","On Roadway - Roadway Intersection","Rear End","Lenox Rd Ne","Dry","15:00:00","[""Lap and Shoulder Belt Used"",""Lap and Shoulder Belt Used""]","Clear",0,33.8517,-84.370676,"Atlanta","FULTON","[""Motor Vehicle in Motion"",""Motor Vehicle in Motion""]","Following Too Close","[""Motor Vehicle in Motion"",""Motor Vehicle in Motion""]"
0,0,"Atlanta Police Department","2022-11-16","Wade St Ne and Moreland Ave Ne","(O) No Injury","Dark-Lighted","On Roadway - Non-Intersection","Rear End","Moreland Ave Ne","Dry","19:07:00","[""Unknown"",""Unknown""]","Clear",0,33.75592,-84.34913,"Atlanta","DEKALB","[""Motor Vehicle in Motion"",""Motor Vehicle in Motion""]","Following Too Close","[""Motor Vehicle in Motion"",""Motor Vehicle in Motion""]"
0,0,"Decatur Police Department","2022-11-16","E Pharr Rd and S Candler St","(O) No Injury","Dark-Lighted","On Roadway - Roadway Intersection","Rear End","S Candler St","Dry","18:28:00","[""Lap and Shoulder Belt Used"",""Lap and Shoulder Belt Used"",""Lap and Shoulder Belt Used""]","Cloudy",0,33.753238,-84.291962,"Atlanta","DEKALB","[""Motor Vehicle in Motion"",""Motor Vehicle in Motion""]","Following Too Close","[""Motor Vehicle in Motion"",""Motor Vehicle in Motion""]"
0,1,"Atlanta Police Department","2022-11-16","Bolton Rd Nw and Newfort Dr Nw","(B) Suspected Minor/Visible Injury","Daylight","On Roadway - Non-Intersection","Rear End","Bolton Rd Nw","Dry","12:30:00","[""Lap and Shoulder Belt Used"",""Lap and Shoulder Belt Used"",""Lap and Shoulder Belt Used"",""Lap and Shoulder Belt Used""]","Clear",0,33.811494,-84.474601,"Atlanta","FULTON","[""Motor Vehicle in Motion"",""Motor Vehicle in Motion"",""Motor Vehicle in Motion""]","Driver Condition","[""Motor Vehicle in Motion"",""Motor Vehicle in Motion"",""Motor Vehicle in Motion""]"
0,0,"Atlanta Police Department","2022-11-16","Ga-13 and Plasters Ave Ne","(O) No Injury","Daylight","On Roadway - Non-Intersection","Rear End","Ga-13","Dry","08:40:00","[""Unknown"",""Unknown"",""Unknown""]","Cloudy",0,33.810583,-84.373211,"Atlanta","FULTON","[""Motor Vehicle in Motion"",""Motor Vehicle in Motion"",""Motor Vehicle in Motion""]","[""Too Fast for Conditions"",""Following Too Close""]","[""Motor Vehicle in Motion"",""Motor Vehicle in Motion"",""Motor Vehicle in Motion""]"
0,0,"Atlanta Police Department","2022-11-16","16Th St Nw and Northside Dr Nw","(O) No Injury","Daylight","On Roadway - Non-Intersection","Sideswipe-Same Direction","Northside Dr Nw","Dry","13:27:00","Lap and Shoulder Belt Used","Clear",0,33.787365,-84.407487,"Atlanta","FULTON","[""Motor Vehicle in Motion"",""Motor Vehicle in Motion""]","Changed Lanes Improperly","[""Motor Vehicle in Motion"",""Motor Vehicle in Motion""]"
0,0,"Atlanta Police Department","2022-11-16","None and Metropolitan Pkwy Sw","(O) No Injury","Daylight","On Roadway - Driveway Intersection","Angle Crash","Metropolitan Pkwy Sw","Dry","16:30:00","[""Lap and Shoulder Belt Used"",""Lap and Shoulder Belt Used"",""Lap and Shoulder Belt Used""]","Clear",0,33.701922,-84.408084,"Atlanta","FULTON","[""Motor Vehicle in Motion"",""Motor Vehicle in Motion""]",,"[""Motor Vehicle in Motion"",""Motor Vehicle in Motion""]"
0,0,"Atlanta Police Department","2022-11-16","I-75 S and University Ave Sw","(O) No Injury","Daylight","On Roadway - Non-Intersection","Sideswipe-Same Direction","University Ave Sw","Dry","11:20:00","[""Lap and Shoulder Belt Used"",""Lap and Shoulder Belt Used""]","Cloudy",0,33.72209,-84.395571,"Atlanta","FULTON","[""Motor Vehicle in Motion"",""Motor Vehicle in Motion""]","[""Driver Condition"",""Driver Condition""]","[""Motor Vehicle in Motion"",""Motor Vehicle in Motion""]"
0,0,"Atlanta Police Department","2022-11-16","Cooper St Sw and Hendrix Ave Sw","(C) Possible Injury / Complaint","Daylight","On Roadway - Roadway Intersection","Sideswipe-Same Direction","Cooper St Sw","Dry","15:00:00","[""Lap and Shoulder Belt Used"",""None Used"",""None Used"",""None Used"",""None Used"",""None Used"",""None Used"",""None Used"",""None Used"",""None Used"",""None Used"",""None Used"",""None Used"",""None Used"",""None Used"",""None Used"",""None Used"",""Lap and Shoulder Belt Used"",""Lap and Shoulder Belt Used""]","Clear",0,33.732359,-84.397126,"Atlanta","FULTON","[""Motor Vehicle in Motion"",""Motor Vehicle in Motion""]","Failure to Yield","[""Motor Vehicle in Motion"",""Motor Vehicle in Motion""]"
0,0,"Atlanta Police Department","2022-11-16","Wall St Se and Central Ave Sw","(O) No Injury","Daylight","On Roadway - Driveway Intersection","Angle Crash","Wall St Se","Dry","10:05:00","[""Lap and Shoulder Belt Used"",""Lap and Shoulder Belt Used""]","Clear",0,33.752594,-84.388307,"Atlanta","FULTON","[""Motor Vehicle in Motion"",""Motor Vehicle in Motion""]","Disregard Stop Sign/Signal","[""Motor Vehicle in Motion"",""Motor Vehicle in Motion""]"
0,0,"Atlanta Police Department","2022-11-16","Cascade Ave Sw and Ralph David Abernathy Blvd Sw","(C) Possible Injury / Complaint","Dark-Lighted","On Roadway - Non-Intersection","Rear End","Cascade Ave Sw","Dry","20:55:00","[""Unknown"",""Lap and Shoulder Belt Used"",""Lap and Shoulder Belt Used"",""Lap and Shoulder Belt Used"",""Lap and Shoulder Belt Used"",""Child Restraint System (Properly Used)""]","Clear",0,33.738841,-84.433557,"Atlanta","FULTON","[""Motor Vehicle in Motion"",""Parked Motor Vehicle""]","Following Too Close","[""Motor Vehicle in Motion"",""Parked Motor Vehicle""]"
0,0,"Atlanta Police Department","2022-11-16","Oakdale Rd Ne and Fairview Rd Ne","(C) Possible Injury / Complaint","Daylight","On Roadway - Non-Intersection","Head On","Oakdale Rd Ne","Dry","07:24:00","[""Lap and Shoulder Belt Used"",""Lap and Shoulder Belt Used""]","Clear",0,33.772729,-84.341776,"Atlanta","DEKALB","[""Motor Vehicle in Motion"",""Motor Vehicle in Motion""]",,"[""Motor Vehicle in Motion"",""Motor Vehicle in Motion""]"
0,0,"Atlanta Police Department","2022-11-16","I-285 and Jonesboro Rd Se","(O) No Injury","Dark-Lighted","On Roadway - Non-Intersection","Not a Collision with Motor Vehicle","I-285","Dry","19:00:00","Lap and Shoulder Belt Used","Clear",0,33.652186,-84.367169,"Atlanta","FULTON","Motor Vehicle in Motion","Driver Lost Control","Motor Vehicle in Motion"
0,0,"Atlanta Police Department","2022-11-16","I-75 S and Spring St Nw","(O) No Injury","Dark-Lighted","On Roadway - Managed Lane (HOV, HOT, Reversible)","Sideswipe-Same Direction","I-75 S","Dry","18:30:00","Unknown","Clear",0,33.76763,-84.38884,"Atlanta","FULTON","[""Motor Vehicle in Motion"",""Motor Vehicle in Motion""]","Changed Lanes Improperly","Motor Vehicle in Motion"
0,0,"Atlanta Police Department","2022-11-16","None and Ga-13","(O) No Injury","Daylight","On Roadway - Non-Intersection","Rear End","Ga-13","Dry","16:30:00","[""Unknown"",""Unknown""]","Clear",0,33.809526,-84.37509,"Atlanta","FULTON","[""Motor Vehicle in Motion"",""Motor Vehicle in Motion""]","Following Too Close","[""Motor Vehicle in Motion"",""Motor Vehicle in Motion""]"
0,0,"Atlanta Police Department","2022-11-16","Oak St Sw and Joseph E Lowery Blvd Sw","(C) Possible Injury / Complaint","Dark-Lighted","On Roadway - Non-Intersection","Angle Crash","Joseph E Lowery Blvd Sw","Dry","17:46:00","[""Lap and Shoulder Belt Used"",""Lap and Shoulder Belt Used""]","Clear",0,33.739643,-84.417707,"Atlanta","FULTON","[""Motor Vehicle in Motion"",""Motor Vehicle in Motion""]","Improper Turn","[""Motor Vehicle in Motion"",""Motor Vehicle in Motion""]"
0,0,"Atlanta Police Department","2022-11-16","West Rd Ne and Lenox Rd Ne","(O) No Injury","Dark-Lighted","On Roadway - Roadway Intersection","Rear End","Lenox Rd Ne","Dry","22:35:00","[""Unknown"",""Lap and Shoulder Belt Used""]","Clear",0,33.83342,-84.35716,"Atlanta","FULTON","[""Motor Vehicle in Motion"",""Motor Vehicle in Motion""]","Improper Turn","[""Motor Vehicle in Motion"",""Motor Vehicle in Motion""]"
0,0,"Atlanta Police Department","2022-11-16","None and I-285 Exit 10B Rp","(O) No Injury","Daylight","On Roadway - Non-Intersection","Sideswipe-Same Direction","I-285 Exit 10B Rp","Dry","10:42:00","[""Lap and Shoulder Belt Used"",""Lap and Shoulder Belt Used""]","Cloudy",0,33.762454,-84.492533,"Atlanta","FULTON","[""Motor Vehicle in Motion"",""Motor Vehicle in Motion""]","Inattentive or Other Distraction (Distracted)","[""Motor Vehicle in Motion"",""Motor Vehicle in Motion""]"
0,0,"Atlanta Police Department","2022-11-16","Willis Mill Rd Sw and Martin Luther King Jr Dr Sw","(O) No Injury","Dusk","On Roadway - Roadway Intersection","Sideswipe-Same Direction","Martin Luther King Jr Dr Sw","Dry","17:21:00","[""Lap and Shoulder Belt Used"",""Lap and Shoulder Belt Used""]","Clear",0,33.751774,-84.466759,"Atlanta","FULTON","[""Motor Vehicle in Motion"",""Motor Vehicle in Motion""]","Aggressive Driving","[""Motor Vehicle in Motion"",""Motor Vehicle in Motion""]"
0,0,"Atlanta Police Department","2022-11-16","None and I-75","(O) No Injury","Dark-Lighted","On Roadway - Non-Intersection","Rear End","I-75","Dry","17:50:00","[""Unknown"",""Lap and Shoulder Belt Used""]","Clear",0,33.863805,-84.438359,"Atlanta","FULTON","[""Motor Vehicle in Motion"",""Motor Vehicle in Motion""]","Following Too Close","[""Motor Vehicle in Motion"",""Motor Vehicle in Motion""]"
0,0,"Atlanta Police Department","2022-11-16","I-75 and Edgewood Ave Se","(C) Possible Injury / Complaint","Daylight","On Roadway - Roadway Intersection","Sideswipe-Same Direction","I-75","Dry","15:07:00","[""Unknown"",""Unknown""]","Clear",0,33.754713,-84.378646,"Atlanta","FULTON","[""Motor Vehicle in Motion"",""Motor Vehicle in Motion""]",,"[""Motor Vehicle in Motion"",""Motor Vehicle in Motion""]"
0,0,"Atlanta Police Department","2022-11-16","Mt Paran Rd Nw and Northside Pkwy Nw","(O) No Injury","Daylight","On Roadway - Non-Intersection","Rear End","Northside Pkwy Nw","Dry","08:38:00","[""Lap and Shoulder Belt Used"",""Lap and Shoulder Belt Used""]","Cloudy",0,33.863538,-84.441467,"Atlanta","FULTON","[""Motor Vehicle in Motion"",""Motor Vehicle in Motion""]","Following Too Close","[""Motor Vehicle in Motion"",""Motor Vehicle in Motion""]"
0,1,"Atlanta Police Department","2022-11-16","None and I-85","(B) Suspected Minor/Visible Injury","Dark-Lighted","On Roadway - Managed Lane (HOV, HOT, Reversible)","Not a Collision with Motor Vehicle","I-85","Dry","02:00:00","[""Lap and Shoulder Belt Used"",""Lap and Shoulder Belt Used""]","Clear",0,33.819956,-84.360563,"Atlanta","FULTON","Other Non-Collision","Following Too Close","Over Turn"
0,0,"Atlanta Police Department","2022-11-16","Northside Pkwy Nw and W Paces Ferry Rd Nw","(O) No Injury","Daylight","On Roadway - Non-Intersection","Rear End","Northside Pkwy Nw","Dry","07:55:00","[""Lap and Shoulder Belt Used"",""Lap and Shoulder Belt Used""]","Clear",0,33.849246,-84.430068,"Atlanta","FULTON","[""Motor Vehicle in Motion"",""Motor Vehicle in Motion""]","Following Too Close","[""Motor Vehicle in Motion"",""Motor Vehicle in Motion""]"
0,0,"Atlanta Police Department","2022-11-16","Capitol Sq Sw and Washington St Sw","(O) No Injury","Dark-Lighted","On Roadway - Roadway Intersection","Sideswipe-Same Direction","Capitol Sq Sw","Dry","18:16:00","[""Unknown"",""Unknown"",""Unknown""]","Cloudy",0,33.748902,-84.389342,"Atlanta","FULTON","[""Motor Vehicle in Motion"",""Motor Vehicle in Motion""]","Changed Lanes Improperly","Motor Vehicle in Motion"
0,0,"Atlanta Police Department","2022-11-16","None and I-285","(C) Possible Injury / Complaint","Daylight","On Roadway - Non-Intersection","Sideswipe-Same Direction","I-285","Dry","12:00:00","[""Lap and Shoulder Belt Used"",""Lap and Shoulder Belt Used"",""Lap and Shoulder Belt Used""]","Clear",0,33.786093,-84.493836,"Atlanta","FULTON","[""Motor Vehicle in Motion"",""Motor Vehicle in Motion""]","Changed Lanes Improperly","[""Motor Vehicle in Motion"",""Motor Vehicle in Motion""]"
1,0,"Atlanta Police Department","2022-11-16","Lee St Sw and Oakland Ln Sw","(A) Suspected Serious Injury","Dark-Lighted","On Roadway - Roadway Intersection","Head On","Lee St Sw","Dry","23:15:00","[""Lap and Shoulder Belt Used"",""Lap and Shoulder Belt Used""]","Clear",0,33.7197,-84.424646,"Atlanta","FULTON","[""Motor Vehicle in Motion"",""Motor Vehicle in Motion""]","Under the Influence (U.I.)","[""Motor Vehicle in Motion"",""Motor Vehicle in Motion""]"
0,0,"Atlanta Police Department","2022-11-16","10Th St Ne and W Peachtree St Nw","(O) No Injury","Daylight","On Roadway - Roadway Intersection","Angle Crash","W Peachtree St Nw","Dry","13:00:00","[""Unknown"",""Unknown""]","Clear",0,33.7814,-84.387779,"Atlanta","FULTON","[""Motor Vehicle in Motion"",""Motor Vehicle in Motion""]","Changed Lanes Improperly","[""Motor Vehicle in Motion"",""Motor Vehicle in Motion""]"
0,0,"Atlanta Police Department","2022-11-16","Travis St Nw and Northside Dr Nw","(C) Possible Injury / Complaint","Dark-Lighted","On Roadway - Non-Intersection","Not a Collision with Motor Vehicle","Travis St Nw","Dry","23:28:00","None Used","Clear",0,33.772472,-84.40838,"Atlanta","FULTON","[""Motor Vehicle in Motion"",""Pedestrian""]","Improper Backing","Motor Vehicle in Motion"
0,0,"Atlanta Police Department","2022-11-16","None and I-75","(O) No Injury","Daylight","On Roadway - Non-Intersection","Angle Crash","I-75","Dry","06:48:00","[""Unknown"",""Unknown""]","Clear",0,33.749067,-84.383626,"Atlanta","FULTON","[""Motor Vehicle in Motion"",""Motor Vehicle in Motion""]","Changed Lanes Improperly","[""Motor Vehicle in Motion"",""Motor Vehicle in Motion""]"
0,0,"Atlanta Police Department","2022-11-16","None and Ga-400","(O) No Injury","Dark-Lighted","Off Roadway","Not a Collision with Motor Vehicle","Ga-400","Dry","00:00:00","None Used","Clear",0,33.840585,-84.359847,"Atlanta","FULTON","Other Non-Collision","Racing","Tree"
0,0,"Atlanta Police Department","2022-11-16","Foundry St Nw and Griffin St Nw","(C) Possible Injury / Complaint","Daylight","On Roadway - Roadway Intersection","Sideswipe-Opposite Direction","Griffin St Nw","Dry","07:45:00","[""Unknown"",""Unknown""]","Clear",0,33.759699,-84.411331,"Atlanta","FULTON","[""Motor Vehicle in Motion"",""Motor Vehicle in Motion""]","Improper Passing","[""Motor Vehicle in Motion"",""Motor Vehicle in Motion""]"
0,0,"Atlanta Police Department","2022-11-16","Mcdaniel St Sw and Whitehall St Sw","(O) No Injury","Daylight","On Roadway - Roadway Intersection","Sideswipe-Same Direction","Mcdaniel St Sw","Dry","10:50:00","[""Unknown"",""Unknown""]","Clear",0,33.743576,-84.40398,"Atlanta","FULTON","[""Motor Vehicle in Motion"",""Motor Vehicle in Motion""]","[""Misjudged Clearance"",""Inattentive or Other Distraction (Distracted)""]","[""Motor Vehicle in Motion"",""Motor Vehicle in Motion""]"
0,0,"Atlanta Police Department","2022-11-16","Kingswood Ln Nw and Northside Dr Nw","(O) No Injury","Dark-Lighted","On Roadway - Non-Intersection","Rear End","Northside Dr Nw","Dry","18:14:00","[""Lap and Shoulder Belt Used"",""Lap and Shoulder Belt Used"",""Lap and Shoulder Belt Used""]","Clear",0,33.832285,-84.407445,"Atlanta","FULTON","[""Motor Vehicle in Motion"",""Motor Vehicle in Motion"",""Motor Vehicle in Motion""]","Following Too Close","[""Motor Vehicle in Motion"",""Motor Vehicle in Motion"",""Motor Vehicle in Motion""]"
0,0,"Atlanta Police Department","2022-11-16","Mitchell St Sw and Northside Dr Sw","(C) Possible Injury / Complaint","Dark-Lighted","On Roadway - Roadway Intersection","Sideswipe-Same Direction","Mitchell St Sw","Dry","20:39:00","[""Lap and Shoulder Belt Used"",""Lap and Shoulder Belt Used"",""Lap and Shoulder Belt Used"",""Lap and Shoulder Belt Used""]","Clear",0,33.753874,-84.402811,"Atlanta","FULTON","[""Motor Vehicle in Motion"",""Motor Vehicle in Motion"",""Motor Vehicle in Motion""]","Changed Lanes Improperly","[""Motor Vehicle in Motion"",""Motor Vehicle in Motion"",""Motor Vehicle in Motion""]"
0,0,"Atlanta Police Department","2022-11-16","Pierce Ave Nw and Donald Lee Hollowell Pkwy Nw","(O) No Injury","Daylight","Off Roadway","Not a Collision with Motor Vehicle","Donald Lee Hollowell Pkwy Nw","Dry","20:51:00","Unknown","Clear",0,33.771817,-84.431245,"Atlanta","FULTON","Other Non-Collision","Changed Lanes Improperly","Utility Pole"
0,0,"Atlanta Police Department","2022-11-16","None and I-20","(O) No Injury","Dark-Lighted","On Roadway - Non-Intersection","Sideswipe-Same Direction","I-20","Dry","19:30:00","[""Lap Belt Only Used"",""Lap and Shoulder Belt Used""]","Clear",0,33.744949,-84.42668,"Atlanta","FULTON","[""Motor Vehicle in Motion"",""Motor Vehicle in Motion""]","Changed Lanes Improperly","[""Motor Vehicle in Motion"",""Motor Vehicle in Motion""]"
0,0,"Atlanta Police Department","2022-11-16","Linden Ave Nw and W Peachtree St Nw","(O) No Injury","Daylight","On Roadway - Roadway Intersection","Rear End","Linden Ave Nw","Dry","13:08:00","[""Unknown"",""Unknown""]","Cloudy",0,33.769764,-84.387438,"Atlanta","FULTON","[""Motor Vehicle in Motion"",""Motor Vehicle in Motion""]","Following Too Close","[""Motor Vehicle in Motion"",""Motor Vehicle in Motion""]"
0,0,"Atlanta Police Department","2022-11-16","Bixby St Se and S Howard St Se","(O) No Injury","Dark-Not Lighted","On Roadway - Non-Intersection","Sideswipe-Opposite Direction","Bixby St Se","Dry","17:20:00","[""Unknown"",""Lap and Shoulder Belt Used""]","Clear",0,33.749396,-84.323667,"Atlanta","DEKALB","[""Motor Vehicle in Motion"",""Motor Vehicle in Motion""]","Improper Passing","[""Motor Vehicle in Motion"",""Motor Vehicle in Motion""]"
0,0,"Atlanta Police Department","2022-11-16","Mcdonough Blvd Se and University Ave Sw","(O) No Injury","Daylight","On Roadway - Roadway Intersection","Angle Crash","University Ave Sw","Dry","14:25:00","[""Unknown"",""Unknown""]","Clear",0,33.720894,-84.390666,"Atlanta","FULTON","[""Motor Vehicle in Motion"",""Motor Vehicle in Motion""]",,"[""Motor Vehicle in Motion"",""Motor Vehicle in Motion""]"
0,0,"Atlanta Police Department","2022-11-16","I-20 and Moreland Ave Se","(O) No Injury","Daylight","On Roadway - Roadway Intersection","Rear End","I-20","Dry","07:40:00","[""Unknown"",""Lap and Shoulder Belt Used""]","Clear",0,33.74558,-84.348811,"Atlanta","DEKALB","[""Motor Vehicle in Motion"",""Motor Vehicle in Motion""]","Following Too Close","[""Motor Vehicle in Motion"",""Motor Vehicle in Motion""]"
0,0,"Atlanta Police Department","2022-11-16","None and I-20","(O) No Injury","Dark-Lighted","On Roadway - Non-Intersection","Rear End","I-20","Dry","20:09:00","[""Unknown"",""Unknown"",""Unknown"",""Unknown"",""Unknown""]","Clear",0,33.741229,-84.407094,"Atlanta","FULTON","[""Motor Vehicle in Motion"",""Motor Vehicle in Motion""]","Following Too Close","[""Motor Vehicle in Motion"",""Motor Vehicle in Motion""]"
0,0,"Atlanta Police Department","2022-11-16","None and I-75","(O) No Injury","Daylight","On Roadway - Non-Intersection","Rear End","I-75","Dry","11:03:00","[""Unknown"",""Unknown""]","Cloudy",0,33.744747,-84.390094,"Atlanta","FULTON","[""Motor Vehicle in Motion"",""Motor Vehicle in Motion""]","Following Too Close","[""Motor Vehicle in Motion"",""Motor Vehicle in Motion""]"
0,0,"Atlanta Police Department","2022-11-16","None and I-85","(O) No Injury","Daylight","On Roadway - Managed Lane (HOV, HOT, Reversible)","Rear End","I-85","Dry","07:20:00","[""Unknown"",""Unknown"",""Unknown""]","Clear",0,33.690015,-84.400522,"Atlanta","FULTON","[""Motor Vehicle in Motion"",""Motor Vehicle in Motion""]","Following Too Close","[""Motor Vehicle in Motion"",""Motor Vehicle in Motion""]"
0,0,"Atlanta Police Department","2022-11-16","Commercial Ave Nw and Donald Lee Hollowell Pkwy Nw","(O) No Injury","Daylight","On Roadway - Non-Intersection","Sideswipe-Opposite Direction","Donald Lee Hollowell Pkwy Nw","Dry","14:27:00","[""Lap and Shoulder Belt Used"",""Lap and Shoulder Belt Used""]","Clear",0,33.775241,-84.470786,"Atlanta","FULTON","[""Motor Vehicle in Motion"",""Motor Vehicle in Motion""]","[""Driver Lost Control"",""Misjudged Clearance"",""Too Fast for Conditions""]","[""Motor Vehicle in Motion"",""Motor Vehicle in Motion""]"
0,0,"Atlanta Police Department","2022-11-16","Seaboard Ave Ne and Moreland Ave Ne","(O) No Injury","Daylight","On Roadway - Non-Intersection","Rear End","Moreland Ave Ne","Dry","11:01:00","[""Lap and Shoulder Belt Used"",""Lap and Shoulder Belt Used""]","Clear",0,33.758693,-84.349185,"Atlanta","FULTON","[""Motor Vehicle in Motion"",""Motor Vehicle in Motion""]",,"[""Motor Vehicle in Motion"",""Motor Vehicle in Motion""]"
0,0,"Atlanta Police Department","2022-11-16","University Ave Sw and Metropolitan Pkwy Sw","(O) No Injury","Daylight","Median","Angle Crash","Metropolitan Pkwy Sw","Dry","16:00:00","[""None Used"",""None Used"",""None Used""]","Cloudy",0,33.722396,-84.40787,"Atlanta","FULTON","[""Motor Vehicle in Motion"",""Motor Vehicle in Motion""]",,"[""Motor Vehicle in Motion"",""Motor Vehicle in Motion""]"