"# Serious Injuries","# Visible Injuries","Agency Name (Crash Level) ","Date","Intersection Name (from Crash Report)","KABCO Severity","Light Conditions (Crash Level)","Location at Impact (Crash Level) ","Manner of Collision (Crash Level) ","Roadway (From Crash Report)","Surface Condition (Crash Level) ","Time","Safety Equipment (Crash Level) ","Weather Conditions (Crash Level)","# of Fatalities per Crash","Latitude","Longitude","Geolocated City","Geolocated County","First Harmful Event (Unit Order)","Operator/Pedestrian Contrib Factor (excl None, Other, No Contrib Factors)","Most Harmful Event (Crash Level)"
0,0,"Gsp Post 00","2022-11-21","I-285 Nb and Cascade Rd","(O) No Injury","Daylight","On Roadway - Non-Intersection","Sideswipe-Same Direction","I-285 Nb","Dry","13:55:00","[""Unknown"",""Lap and Shoulder Belt Used""]","Clear",0,33.78602,-84.491009,"Atlanta","FULTON","[""Motor Vehicle in Motion"",""Motor Vehicle in Motion""]","Improper Passing","[""Motor Vehicle in Motion"",""Motor Vehicle in Motion""]"
0,0,"Atlanta Police Department","2022-11-21","Roswell Rd Ne and W Paces Ferry Rd Nw","(O) No Injury","Dark-Lighted","On Roadway - Roadway Intersection","Angle Crash","W Paces Ferry Rd Nw","Dry","04:18:00","[""Unknown"",""Unknown"",""Unknown""]","Clear",0,33.839392,-84.379866,"Atlanta","FULTON","[""Motor Vehicle in Motion"",""Motor Vehicle in Motion""]","Disregard Other Traffic Control","[""Motor Vehicle in Motion"",""Motor Vehicle in Motion""]"
0,0,"Gsp Post 00","2022-11-21","I-285Sb and Bolton Rd.","(O) No Injury","Daylight","On Roadway - Non-Intersection","Rear End","I-285Sb","Dry","09:01:00","[""Unknown"",""Lap and Shoulder Belt Used"",""Lap and Shoulder Belt Used""]","Clear",0,33.797035,-84.487657,"Atlanta","FULTON","[""Motor Vehicle in Motion"",""Motor Vehicle in Motion""]","Changed Lanes Improperly","[""Motor Vehicle in Motion"",""Motor Vehicle in Motion""]"
0,0,"Gsp Post 00","2022-11-21","I-7585 South and Fulton St Overpass","(O) No Injury","Dark-Lighted","On Roadway - Non-Intersection","Sideswipe-Same Direction","I-7585 South","Dry","18:56:00","[""Lap and Shoulder Belt Used"",""Lap and Shoulder Belt Used"",""Lap and Shoulder Belt Used""]","Clear",0,33.739818,-84.392094,"Atlanta","FULTON","[""Motor Vehicle in Motion"",""Motor Vehicle in Motion""]","Changed Lanes Improperly","[""Motor Vehicle in Motion"",""Motor Vehicle in Motion""]"
0,0,"Atlanta Police Department","2022-11-21","None and Monroe Dr Ne","(O) No Injury","Dark-Lighted","On Roadway - Driveway Intersection","Angle Crash","Monroe Dr Ne","Dry","17:30:00","[""Lap and Shoulder Belt Used"",""Lap and Shoulder Belt Used""]","Clear",0,33.798998,-84.370483,"Atlanta","FULTON","[""Motor Vehicle in Motion"",""Motor Vehicle in Motion""]","Disregard Stop Sign/Signal","[""Motor Vehicle in Motion"",""Motor Vehicle in Motion""]"
0,0,"Gsp Post 00","2022-11-21","14Th Street and Interstate 7585 South Entranc","(O) No Injury","Daylight","On Roadway - Non-Intersection","Rear End","Interstate 7585 South Entranc","Dry","10:55:00","[""Lap and Shoulder Belt Used"",""Lap and Shoulder Belt Used""]","Clear",0,33.779144,-84.390856,"Atlanta","FULTON","[""Motor Vehicle in Motion"",""Motor Vehicle in Motion""]","Following Too Close","[""Motor Vehicle in Motion"",""Motor Vehicle in Motion""]"
0,0,"Atlanta Police Department","2022-11-21","Memorial Dr Se and Moreland Ave Se","(O) No Injury","Daylight","On Roadway - Driveway Intersection","Angle Crash","Memorial Dr Se","Dry","12:50:00","[""Unknown"",""Lap and Shoulder Belt Used""]","Clear",0,33.747581,-84.349215,"Atlanta","FULTON","[""Motor Vehicle in Motion"",""Motor Vehicle in Motion""]","Disregard Stop Sign/Signal","[""Motor Vehicle in Motion"",""Motor Vehicle in Motion""]"
0,0,"Atlanta Police Department","2022-11-21","Ridgewood Rd Nw and Paces Ferry Rd Nw","Unknown","Dark-Not Lighted","Off Roadway","Not a Collision with Motor Vehicle","Paces Ferry Rd Nw","Dry","01:12:00",,"Clear",0,33.854539,-84.439521,"Atlanta","FULTON","Tree",,"Tree"
0,0,"Atlanta Police Department","2022-11-21","Bolton Rd Nw and Donald Lee Hollowell Pkwy Nw","(O) No Injury","Daylight","On Roadway - Roadway Intersection","Angle Crash","Bolton Rd Nw","Dry","09:40:00","[""Unknown"",""Unknown"",""Unknown""]","Clear",0,33.787813,-84.494397,"Atlanta","FULTON","[""Motor Vehicle in Motion"",""Motor Vehicle in Motion""]","Disregard Other Traffic Control","[""Motor Vehicle in Motion"",""Motor Vehicle in Motion""]"
0,0,"Atlanta Police Department","2022-11-21","Huff Rd Nw and Ellsworth Dr Nw","(O) No Injury","Daylight","On Roadway - Driveway Intersection","Head On","Ellsworth Dr Nw","Dry","11:30:00","[""Lap and Shoulder Belt Used"",""Lap and Shoulder Belt Used"",""Lap and Shoulder Belt Used""]","Clear",0,33.7889,-84.426341,"Atlanta","FULTON","[""Motor Vehicle in Motion"",""Motor Vehicle in Motion""]","[""Misjudged Clearance"",""Misjudged Clearance""]","[""Motor Vehicle in Motion"",""Motor Vehicle in Motion""]"
0,0,"Atlanta Police Department","2022-11-21","Martin Luther King Jr Dr Sw and Centennial Olympic Park Dr Nw","(O) No Injury","Dark-Lighted","On Roadway - Non-Intersection","Sideswipe-Same Direction","Centennial Olympic Park Dr Nw","Dry","19:13:00","[""Unknown"",""Unknown""]","Clear",0,33.75491,-84.398501,"Atlanta","FULTON","[""Motor Vehicle in Motion"",""Motor Vehicle in Motion""]",,"[""Motor Vehicle in Motion"",""Motor Vehicle in Motion""]"
0,0,"Gsp Post 00","2022-11-21","I-20 and 7585S","(O) No Injury","Dark-Not Lighted","On Roadway - Non-Intersection","Rear End","7585S","Dry","18:45:00","[""Lap and Shoulder Belt Used"",""Lap and Shoulder Belt Used"",""Lap and Shoulder Belt Used""]","Clear",0,33.739273,-84.392108,"Atlanta","FULTON","[""Motor Vehicle in Motion"",""Motor Vehicle in Motion""]","[""Changed Lanes Improperly"",""Following Too Close""]","[""Motor Vehicle in Motion"",""Motor Vehicle in Motion""]"
0,0,"Atlanta Police Department","2022-11-21","Campbellton Rd Sw and Cascade Glen Apartments","(O) No Injury","Dark-Lighted","On Roadway - Driveway Intersection","Sideswipe-Same Direction","Cascade Glen Apartments","Dry","20:00:00","[""Lap and Shoulder Belt Used"",""Lap and Shoulder Belt Used"",""Lap and Shoulder Belt Used"",""Unknown""]","Clear",0,33.692026,-84.515892,"Atlanta","FULTON","[""Motor Vehicle in Motion"",""Motor Vehicle in Motion"",""Other Non-Collision""]","[""Changed Lanes Improperly"",""Failure to Yield""]","[""Motor Vehicle in Motion"",""Motor Vehicle in Motion"",""Other Non-Collision""]"
0,0,"Atlanta Police Department","2022-11-21","None and Ellis St Ne","(O) No Injury","Dark-Lighted","Entrance/Exit Ramp","Sideswipe-Opposite Direction","Ellis St Ne","Dry","17:48:00","[""Unknown"",""Unknown""]","Clear",0,33.758421,-84.380707,"Atlanta","FULTON","[""Motor Vehicle in Motion"",""Motor Vehicle in Motion""]","Changed Lanes Improperly","[""Motor Vehicle in Motion"",""Motor Vehicle in Motion""]"
0,0,"Gsp Post 00","2022-11-21","Mlk Jr Dr and I-20 East","(O) No Injury","Dark-Lighted","On Roadway - Non-Intersection","Rear End","I-20 East","Dry","20:41:00","[""Unknown"",""Lap and Shoulder Belt Used""]","Clear",0,33.749923,-84.44332,"Atlanta","FULTON","[""Motor Vehicle in Motion"",""Motor Vehicle in Motion""]","Following Too Close","[""Motor Vehicle in Motion"",""Motor Vehicle in Motion""]"
0,0,"Gsp Post 00","2022-11-21","Nb and None","(C) Possible Injury / Complaint","Daylight","On Roadway - Non-Intersection","Sideswipe-Same Direction","Nb","Dry","12:00:00","[""Unknown"",""Lap and Shoulder Belt Used""]","Clear",0,33.799856,-84.390783,"Atlanta","FULTON","[""Motor Vehicle in Motion"",""Motor Vehicle in Motion""]","Changed Lanes Improperly","[""Motor Vehicle in Motion"",""Motor Vehicle in Motion""]"
0,0,"Atlanta Police Department","2022-11-21","Fairburn Rd Sw and Benjamin E Mays Dr Sw","(C) Possible Injury / Complaint","Dark-Lighted","On Roadway - Roadway Intersection","Angle Crash","Fairburn Rd Sw","Dry","23:15:00","[""Unknown"",""Unknown"",""Unknown"",""Unknown"",""Unknown"",""Unknown""]","Clear",0,33.740725,-84.510336,"Atlanta","FULTON","[""Motor Vehicle in Motion"",""Motor Vehicle in Motion""]","Aggressive Driving","[""Motor Vehicle in Motion"",""Motor Vehicle in Motion""]"
0,0,"Atlanta Police Department","2022-11-21","Exit 60A and Moreland Ave Se","(O) No Injury","Dark-Lighted","Off Roadway","Not a Collision with Motor Vehicle","Moreland Ave Se","Dry","21:19:00","Lap and Shoulder Belt Used","Clear",0,33.743951,-84.349235,"Atlanta","FULTON","Utility Pole",,"Other - Fixed Object"
0,0,"Atlanta Police Department","2022-11-21","Fairburn Rd Sw and Boulder Park Dr Sw","(O) No Injury","Daylight","On Roadway - Roadway Intersection","Rear End","Fairburn Rd Sw","Dry","11:44:00","[""Unknown"",""Unknown"",""Unknown"",""Child Restraint System (Properly Used)""]","Clear",0,33.748884,-84.508211,"Atlanta","FULTON","[""Motor Vehicle in Motion"",""Motor Vehicle in Motion""]","Following Too Close","[""Motor Vehicle in Motion"",""Motor Vehicle in Motion""]"
0,0,"Atlanta Police Department","2022-11-21","Mitchell St Sw and Washington St Sw","(O) No Injury","Daylight","On Roadway - Non-Intersection","Angle Crash","Mitchell St Sw","Dry","08:16:00","Lap and Shoulder Belt Used","Clear",0,33.748899,-84.389344,"Atlanta","FULTON","[""Parked Motor Vehicle"",""Motor Vehicle in Motion""]","Misjudged Clearance","[""Parked Motor Vehicle"",""Motor Vehicle in Motion""]"
0,0,"Atlanta Police Department","2022-11-21","Ga-400 and Lenox Rd Ne","(C) Possible Injury / Complaint","Dark-Lighted","On Shoulder","Not a Collision with Motor Vehicle","Ga-400","Dry","03:50:00","Lap and Shoulder Belt Used","Clear",0,33.85254,-84.370058,"Atlanta","FULTON","Median Barrier","Driver Lost Control","Median Barrier"
0,0,"Atlanta Police Department","2022-11-21","None and Cheshire Bridge Rd Ne","(O) No Injury","Dark-Lighted","On Roadway - Roadway Intersection","Rear End","Cheshire Bridge Rd Ne","Dry","20:00:00","[""Unknown"",""Unknown"",""Unknown""]","Clear",0,33.807962,-84.365279,"Atlanta","FULTON","[""Motor Vehicle in Motion"",""Motor Vehicle in Motion"",""Motor Vehicle in Motion""]","Following Too Close","[""Motor Vehicle in Motion"",""Motor Vehicle in Motion""]"
0,0,"Atlanta Police Department","2022-11-21","Humphries St Sw and Ralph David Abernathy Blvd Sw","(O) No Injury","Dark-Lighted","On Roadway - Roadway Intersection","Rear End","Humphries St Sw","Dry","18:27:00","[""Unknown"",""Unknown""]","Clear",0,33.736598,-84.404792,"Atlanta","FULTON","[""Motor Vehicle in Motion"",""Motor Vehicle in Motion""]","Following Too Close","[""Motor Vehicle in Motion"",""Motor Vehicle in Motion""]"
0,0,"Atlanta Police Department","2022-11-21","Peachtree Rd Ne and Around Lenox Rd Ne","(O) No Injury","Daylight","On Roadway - Non-Intersection","Sideswipe-Same Direction","Peachtree Rd Ne","Dry","09:00:00","[""Unknown"",""Unknown"",""Unknown""]","Clear",0,33.848865,-84.365874,"Atlanta","FULTON","[""Motor Vehicle in Motion"",""Motor Vehicle in Motion""]",,"[""Motor Vehicle in Motion"",""Motor Vehicle in Motion""]"
0,0,"Atlanta Police Department","2022-11-21","Mcmillan St Nw and Marietta St Nw","(O) No Injury","Daylight","On Roadway - Roadway Intersection","Rear End","Marietta St Nw","Dry","09:29:00","[""Unknown"",""Unknown""]","Clear",0,33.774618,-84.406261,"Atlanta","FULTON","[""Motor Vehicle in Motion"",""Motor Vehicle in Motion""]","Following Too Close","[""Motor Vehicle in Motion"",""Motor Vehicle in Motion""]"
0,0,"Gsp Post 00","2022-11-21","I-20 East and Maynard Terrace","(O) No Injury","Daylight","On Roadway - Non-Intersection","Sideswipe-Same Direction","I-20 East","Dry","17:00:00","[""Unknown"",""Lap and Shoulder Belt Used""]","Clear",0,33.744718,-84.334228,"Atlanta","DEKALB","[""Motor Vehicle in Motion"",""Motor Vehicle in Motion""]","Changed Lanes Improperly","[""Motor Vehicle in Motion"",""Median Barrier""]"
0,0,"Gsp Post 00","2022-11-21","I-85 North and On Ramp To Cleveland Avenue","(O) No Injury","Daylight","Entrance/Exit Ramp","Rear End","On Ramp To Cleveland Avenue","Dry","11:59:00","[""Lap and Shoulder Belt Used"",""Lap and Shoulder Belt Used"",""Lap and Shoulder Belt Used"",""Lap and Shoulder Belt Used""]","Clear",0,33.680354,-84.411481,"Atlanta","FULTON","[""Motor Vehicle in Motion"",""Motor Vehicle in Motion""]","Following Too Close","[""Motor Vehicle in Motion"",""Motor Vehicle in Motion""]"
0,0,"Gsp Post 00","2022-11-21","I-7585 North and Edgewood Avenue","(O) No Injury","Daylight","On Roadway - Non-Intersection","Rear End","I-7585 North","Dry","15:00:00","[""Lap and Shoulder Belt Used"",""Lap and Shoulder Belt Used"",""Lap and Shoulder Belt Used"",""Lap and Shoulder Belt Used""]","Clear",0,33.755865,-84.378187,"Atlanta","FULTON","[""Motor Vehicle in Motion"",""Motor Vehicle in Motion"",""Motor Vehicle in Motion""]","Following Too Close","[""Motor Vehicle in Motion"",""Motor Vehicle in Motion"",""Motor Vehicle in Motion""]"
0,0,"Atlanta Police Department","2022-11-21","2Nd Ave Se and Hosea L Williams Dr Ne","(C) Possible Injury / Complaint","Daylight","On Roadway - Driveway Intersection","Angle Crash","Hosea L Williams Dr Ne","Dry","09:50:00","[""Lap and Shoulder Belt Used"",""Lap and Shoulder Belt Used"",""Lap Belt Only Used"",""Lap and Shoulder Belt Used""]","Clear",0,33.751093,-84.309717,"Atlanta","DEKALB","[""Motor Vehicle in Motion"",""Motor Vehicle in Motion"",""Motor Vehicle in Motion""]","Inattentive or Other Distraction (Distracted)","[""Motor Vehicle in Motion"",""Motor Vehicle in Motion"",""Motor Vehicle in Motion""]"
0,0,"Atlanta Police Department","2022-11-21","Rector Dr Sw and Beecher Rd Sw","(O) No Injury","Dark-Lighted","On Roadway - Non-Intersection","Not a Collision with Motor Vehicle","Beecher Rd Sw","Dry","17:46:00","Unknown","Clear",0,33.733637,-84.455685,"Atlanta","FULTON","Deer",,"Deer"
0,0,"Atlanta Police Department","2022-11-21","Georgia Ave Se and Hank Aaron Dr Se","(C) Possible Injury / Complaint","Dark-Lighted","On Roadway - Non-Intersection","Sideswipe-Same Direction","Hank Aaron Dr Se","Dry","21:00:00","[""None Used"",""None Used"",""None Used""]","Clear",0,33.736852,-84.387856,"Atlanta","FULTON","[""Motor Vehicle in Motion"",""Motor Vehicle in Motion""]",,"[""Motor Vehicle in Motion"",""Motor Vehicle in Motion""]"
0,0,"Gsp Post 00","2022-11-21","Pryor Rd and I-7585 North","(O) No Injury","Daylight","On Roadway - Non-Intersection","Rear End","I-7585 North","Dry","17:15:00","[""Lap and Shoulder Belt Used"",""Lap and Shoulder Belt Used""]","Clear",0,33.72973,-84.392092,"Atlanta","FULTON","[""Motor Vehicle in Motion"",""Motor Vehicle in Motion""]","Changed Lanes Improperly","[""Motor Vehicle in Motion"",""Motor Vehicle in Motion""]"
0,0,"Atlanta Police Department","2022-11-21","Stanton Rd Sw and Campbellton Rd Sw","(O) No Injury","Daylight","On Roadway - Non-Intersection","Sideswipe-Opposite Direction","Stanton Rd Sw","Dry","14:36:00","[""Unknown"",""Unknown""]","Clear",0,33.711126,-84.443701,"Atlanta","FULTON","[""Motor Vehicle in Motion"",""Motor Vehicle in Motion""]","Occupant Distraction (Distracted)","[""Motor Vehicle in Motion"",""Motor Vehicle in Motion""]"
0,0,"Atlanta Police Department","2022-11-21","Fairburn Rd Sw and Central Methodist Apartments","(O) No Injury","Daylight","Off Roadway","Not a Collision with Motor Vehicle","Fairburn Rd Sw","Dry","13:40:00","[""Unknown"",""Unknown""]","Clear",0,33.746093,-84.508564,"Atlanta","FULTON","Other Post/ Pole Support",,"Other Post / Pole Support"
0,0,"Gsp Post 00","2022-11-21","I-20 East and Langhorn St","(O) No Injury","Daylight","On Roadway - Non-Intersection","Rear End","I-20 East","Dry","15:20:00","[""Lap and Shoulder Belt Used"",""Lap and Shoulder Belt Used""]","Clear",0,33.744119,-84.425456,"Atlanta","FULTON","[""Motor Vehicle in Motion"",""Motor Vehicle in Motion""]","Failure to Yield","[""Motor Vehicle in Motion"",""Motor Vehicle in Motion""]"
0,0,"Atlanta Police Department","2022-11-21","Armour Dr Ne and Plasamour Dr Ne","(O) No Injury","Dark-Lighted","On Roadway - Roadway Intersection","Angle Crash","Plasamour Dr Ne","Dry","05:30:00","[""Unknown"",""Unknown""]","Clear",0,33.812385,-84.372795,"Atlanta","FULTON","[""Motor Vehicle in Motion"",""Motor Vehicle in Motion""]","Failure to Yield","[""Motor Vehicle in Motion"",""Motor Vehicle in Motion""]"
0,0,"Gsp Post 00","2022-11-21","I-7585 North and Memorial Dr Overpass","(O) No Injury","Daylight","On Roadway - Non-Intersection","Sideswipe-Same Direction","I-7585 North","Dry","14:14:00","[""Unknown"",""Lap and Shoulder Belt Used"",""Lap and Shoulder Belt Used""]","Clear",0,33.760142,-84.37924,"Atlanta","FULTON","[""Motor Vehicle in Motion"",""Motor Vehicle in Motion""]",,"[""Motor Vehicle in Motion"",""Motor Vehicle in Motion""]"
0,0,"Atlanta Police Department","2022-11-21","Memorial Dr Se and Moreland Ave Se","(O) No Injury","Daylight","On Roadway - Non-Intersection","Angle Crash","Memorial Dr Se","Dry","10:45:00","[""Lap and Shoulder Belt Used"",""Child Restraint System (Properly Used)"",""Lap and Shoulder Belt Used""]","Clear",0,33.747581,-84.349215,"Atlanta","FULTON","[""Motor Vehicle in Motion"",""Motor Vehicle in Motion""]",,"[""Motor Vehicle in Motion"",""Motor Vehicle in Motion""]"
0,0,"Atlanta Police Department","2022-11-21","Lenox Rd Ne and Buford Hwy Ne","(O) No Injury","Dark-Lighted","On Roadway - Managed Lane (HOV, HOT, Reversible)","Sideswipe-Same Direction","Lenox Rd Ne","Dry","22:40:00","[""Unknown"",""Unknown""]","Clear",0,33.825336,-84.35265,"Atlanta","FULTON","[""Motor Vehicle in Motion"",""Motor Vehicle in Motion""]","Changed Lanes Improperly","[""Motor Vehicle in Motion"",""Motor Vehicle in Motion""]"
0,0,"Gsp Post 00","2022-11-21","Mlk Jr Dr and I-20 East","(C) Possible Injury / Complaint","Dark-Lighted","On Roadway - Non-Intersection","Sideswipe-Same Direction","I-20 East","Dry","19:35:00","[""Unknown"",""Lap and Shoulder Belt Used""]","Clear",0,33.750169,-84.443654,"Atlanta","FULTON","[""Motor Vehicle in Motion"",""Motor Vehicle in Motion""]",,"[""Motor Vehicle in Motion"",""Motor Vehicle in Motion""]"
0,0,"Atlanta Police Department","2022-11-21","Piedmont Rd Ne and Sidney Marcus Blvd Ne","(O) No Injury","Daylight","On Roadway - Roadway Intersection","Rear End","Sidney Marcus Blvd Ne","Dry","15:40:00","[""Lap and Shoulder Belt Used"",""Lap and Shoulder Belt Used""]","Clear",0,33.825803,-84.367147,"Atlanta","FULTON","[""Motor Vehicle in Motion"",""Motor Vehicle in Motion""]","Following Too Close","[""Motor Vehicle in Motion"",""Motor Vehicle in Motion""]"
0,0,"Atlanta Police Department","2022-11-21","None and I-75","(O) No Injury","Dark-Not Lighted","On Roadway - Managed Lane (HOV, HOT, Reversible)","Sideswipe-Same Direction","I-75","Dry","20:00:00","Lap and Shoulder Belt Used","Cloudy",0,33.802677,-84.406732,"Atlanta","FULTON","[""Motor Vehicle in Motion"",""Motor Vehicle in Motion""]",,"Motor Vehicle in Motion"
0,0,"Atlanta Police Department","2022-11-21","Elaine Ave Nw and Marietta Blvd Nw","(O) No Injury","Daylight","On Roadway - Roadway Intersection","Head On","Elaine Ave Nw","Dry","16:50:00","[""Lap and Shoulder Belt Used"",""Lap and Shoulder Belt Used""]","Clear",0,33.7908,-84.429238,"Atlanta","FULTON","[""Motor Vehicle in Motion"",""Motor Vehicle in Motion""]","Following Too Close","[""Motor Vehicle in Motion"",""Motor Vehicle in Motion""]"
0,0,"Atlanta Police Department","2022-11-21","E Wesley Rd Ne and Peachtree Rd Ne","(O) No Injury","Daylight","On Roadway - Roadway Intersection","Rear End","Peachtree Rd Ne","Dry","07:20:00","[""Unknown"",""Unknown""]","Clear",0,33.828552,-84.387456,"Atlanta","FULTON","[""Motor Vehicle in Motion"",""Motor Vehicle in Motion""]",,"[""Motor Vehicle in Motion"",""Motor Vehicle in Motion""]"
0,0,"Atlanta Police Department","2022-11-21","Cleveland Ave Se and Browns Mill Rd Se","(C) Possible Injury / Complaint","Daylight","On Roadway - Roadway Intersection","Rear End","Cleveland Ave Se","Dry","08:44:00","[""Lap and Shoulder Belt Used"",""Lap and Shoulder Belt Used"",""Lap and Shoulder Belt Used"",""None Used""]","Clear",0,33.681051,-84.384499,"Atlanta","FULTON","[""Motor Vehicle in Motion"",""Motor Vehicle in Motion"",""Motor Vehicle in Motion""]","[""Failure to Yield"",""Too Fast for Conditions""]","[""Motor Vehicle in Motion"",""Motor Vehicle in Motion"",""Motor Vehicle in Motion""]"
0,0,"Atlanta Police Department","2022-11-21","Harriett St Se and Lakewood Ave Se","(C) Possible Injury / Complaint","Daylight","On Roadway - Roadway Intersection","Angle Crash","Harriett St Se","Dry","16:30:00","[""Unknown"",""Unknown"",""Unknown""]","Clear",0,33.715662,-84.381325,"Atlanta","FULTON","[""Motor Vehicle in Motion"",""Motor Vehicle in Motion""]","No Signal/Improper Signal","[""Motor Vehicle in Motion"",""Motor Vehicle in Motion""]"
0,0,"Atlanta Police Department","2022-11-21","Alco St Ne and Cheshire Bridge Rd Ne","(O) No Injury","Dark-Lighted","On Roadway - Roadway Intersection","Angle Crash","Alco St Ne","Dry","00:25:00","[""Unknown"",""Unknown""]","Clear",0,33.817156,-84.352105,"Atlanta","FULTON","[""Motor Vehicle in Motion"",""Motor Vehicle in Motion""]",,"[""Motor Vehicle in Motion"",""Motor Vehicle in Motion""]"
0,0,"Atlanta Police Department","2022-11-21","Rice St Nw and W Marietta St Nw","(C) Possible Injury / Complaint","Daylight","On Roadway - Roadway Intersection","Angle Crash","Rice St Nw","Dry","08:00:00","[""Unknown"",""Unknown""]","Clear",0,33.78623,-84.427122,"Atlanta","FULTON","[""Motor Vehicle in Motion"",""Motor Vehicle in Motion""]",,"[""Motor Vehicle in Motion"",""Motor Vehicle in Motion""]"
0,0,"Dekalb Co Police Department","2022-11-21","Clifton Rd and Old Briarcliff Way","(C) Possible Injury / Complaint","Daylight","On Roadway - Roadway Intersection","Angle Crash","Clifton Rd","Dry","10:40:00","[""Lap and Shoulder Belt Used"",""Lap and Shoulder Belt Used"",""Lap and Shoulder Belt Used"",""Lap and Shoulder Belt Used"",""Lap and Shoulder Belt Used"",""Lap and Shoulder Belt Used""]","Clear",0,33.803644,-84.333615,"Atlanta","DEKALB","[""Motor Vehicle in Motion"",""Motor Vehicle in Motion""]","Failure to Yield","[""Motor Vehicle in Motion"",""Motor Vehicle in Motion""]"
0,0,"Atlanta Police Department","2022-11-21","Miami Cir Ne and Piedmont Rd Ne","(C) Possible Injury / Complaint","Daylight","On Roadway - Roadway Intersection","Rear End","Piedmont Rd Ne","Dry","16:05:00","[""Lap and Shoulder Belt Used"",""Lap and Shoulder Belt Used"",""Lap and Shoulder Belt Used""]","Clear",0,33.82801,-84.367265,"Atlanta","FULTON","[""Motor Vehicle in Motion"",""Motor Vehicle in Motion""]","Following Too Close","[""Motor Vehicle in Motion"",""Motor Vehicle in Motion""]"
0,0,"Gsp Post 00","2022-11-21","Pine St and I-7585 North","(O) No Injury","Dark-Lighted","On Roadway - Non-Intersection","Rear End","I-7585 North","Dry","18:30:00","[""Lap and Shoulder Belt Used"",""Lap and Shoulder Belt Used"",""Lap and Shoulder Belt Used"",""Lap and Shoulder Belt Used"",""Lap and Shoulder Belt Used"",""Lap and Shoulder Belt Used"",""Lap and Shoulder Belt Used""]","Clear",0,33.771274,-84.390066,"Atlanta","FULTON","[""Motor Vehicle in Motion"",""Motor Vehicle in Motion"",""Motor Vehicle in Motion"",""Motor Vehicle in Motion""]","Following Too Close","[""Motor Vehicle in Motion"",""Motor Vehicle in Motion"",""Motor Vehicle in Motion"",""Motor Vehicle in Motion""]"
0,0,"Atlanta Police Department","2022-11-21","Palisades Rd Ne and Peachtree Rd Ne","(O) No Injury","Dark-Lighted","On Roadway - Roadway Intersection","Sideswipe-Same Direction","Peachtree Rd Ne","Dry","20:00:00","[""Lap and Shoulder Belt Used"",""Lap and Shoulder Belt Used""]","Clear",0,33.804922,-84.393676,"Atlanta","FULTON","[""Motor Vehicle in Motion"",""Motor Vehicle in Motion""]",,"[""Motor Vehicle in Motion"",""Motor Vehicle in Motion""]"
0,0,"Atlanta Police Department","2022-11-21","Grand Ave Sw and Cleveland Ave Sw","(O) No Injury","Daylight","On Roadway - Non-Intersection","Angle Crash","Cleveland Ave Sw","Dry","07:55:00","[""Lap and Shoulder Belt Used"",""Lap and Shoulder Belt Used""]","Clear",0,33.681161,-84.401401,"Atlanta","FULTON","[""Motor Vehicle in Motion"",""Motor Vehicle in Motion""]","Changed Lanes Improperly","[""Motor Vehicle in Motion"",""Motor Vehicle in Motion""]"
0,0,"Gsp Post 00","2022-11-21","Ga-400Sb and Peachtree Rd","(O) No Injury","Daylight","On Roadway - Non-Intersection","Sideswipe-Same Direction","Ga-400Sb","Dry","09:50:00","[""Lap and Shoulder Belt Used"",""Lap and Shoulder Belt Used""]","Clear",0,33.829507,-84.360459,"Atlanta","FULTON","[""Motor Vehicle in Motion"",""Motor Vehicle in Motion""]","[""Following Too Close"",""Reaction to Object or Animal""]","[""Motor Vehicle in Motion"",""Motor Vehicle in Motion""]"
0,0,"Atlanta Police Department","2022-11-21","Cone St Nw and Luckie St Nw","(O) No Injury","Dark-Lighted","On Roadway - Non-Intersection","Sideswipe-Opposite Direction","Luckie St Nw","Dry","18:11:00","[""Lap and Shoulder Belt Used"",""Lap and Shoulder Belt Used""]","Clear",0,33.757865,-84.390116,"Atlanta","FULTON","[""Motor Vehicle in Motion"",""Motor Vehicle in Motion""]","Changed Lanes Improperly","[""Motor Vehicle in Motion"",""Motor Vehicle in Motion""]"
0,0,"Atlanta Police Department","2022-11-21","Mt Zion Rd Sw and Forrest Hills Dr Sw","(C) Possible Injury / Complaint","Daylight","On Roadway - Roadway Intersection","Rear End","Forrest Hills Dr Sw","Dry","15:50:00","[""Unknown"",""Unknown"",""Unknown""]","Clear",0,33.672947,-84.399368,"Atlanta","FULTON","[""Motor Vehicle in Motion"",""Motor Vehicle in Motion""]","Following Too Close","[""Motor Vehicle in Motion"",""Motor Vehicle in Motion""]"
0,0,"Gsp Post 00","2022-11-21","Langford Parkway and I-7585 North Cd Lanes","(O) No Injury","Daylight","On Roadway - Non-Intersection","Rear End","I-7585 North Cd Lanes","Dry","11:07:00","[""Lap and Shoulder Belt Used"",""Lap and Shoulder Belt Used""]","Clear",0,33.69301,-84.402739,"Atlanta","FULTON","[""Motor Vehicle in Motion"",""Motor Vehicle in Motion""]","Changed Lanes Improperly","[""Motor Vehicle in Motion"",""Motor Vehicle in Motion""]"
0,0,"Atlanta Police Department","2022-11-21","Lindbergh Dr Ne and Cheshire Bridge Rd Ne","(O) No Injury","Daylight","On Roadway - Non-Intersection","Angle Crash","Cheshire Bridge Rd Ne","Dry","08:50:00","[""Lap and Shoulder Belt Used"",""Lap and Shoulder Belt Used""]","Clear",0,33.818281,-84.351701,"Atlanta","FULTON","[""Motor Vehicle in Motion"",""Motor Vehicle in Motion""]","Failure to Yield","[""Motor Vehicle in Motion"",""Motor Vehicle in Motion""]"