"# Serious Injuries","# Visible Injuries","Agency Name (Crash Level) ","Date","Intersection Name (from Crash Report)","KABCO Severity","Light Conditions (Crash Level)","Location at Impact (Crash Level) ","Manner of Collision (Crash Level) ","Roadway (From Crash Report)","Surface Condition (Crash Level) ","Time","Safety Equipment (Crash Level) ","Weather Conditions (Crash Level)","# of Fatalities per Crash","Latitude","Longitude","Geolocated City","Geolocated County","First Harmful Event (Unit Order)","Operator/Pedestrian Contrib Factor (excl None, Other, No Contrib Factors)","Most Harmful Event (Crash Level)"
0,0,"Atlanta Police Department","2022-11-23","I-85 and Exit 86","(O) No Injury","Daylight","On Roadway - Non-Intersection","Sideswipe-Same Direction","I-85","Dry","10:30:00","[""Lap Belt Only Used"",""Lap and Shoulder Belt Used"",""Lap Belt Only Used""]","Clear",0,33.823365,-84.353339,"Atlanta","FULTON","[""Motor Vehicle in Motion"",""Motor Vehicle in Motion""]","Changed Lanes Improperly","[""Motor Vehicle in Motion"",""Motor Vehicle in Motion""]"
0,1,"Atlanta Police Department","2022-11-23","None and I-75","(B) Suspected Minor/Visible Injury","Dark-Lighted","On Roadway - Roadway Intersection","Rear End","I-75","Water (standing or moving)","19:30:00","[""Lap and Shoulder Belt Used"",""Lap and Shoulder Belt Used"",""Lap and Shoulder Belt Used"",""Lap and Shoulder Belt Used"",""Lap and Shoulder Belt Used""]","Clear",0,33.79364,-84.393126,"Atlanta","FULTON","[""Motor Vehicle in Motion"",""Motor Vehicle in Motion"",""Motor Vehicle in Motion""]","Following Too Close","[""Motor Vehicle in Motion"",""Motor Vehicle in Motion"",""Motor Vehicle in Motion""]"
0,0,"Atlanta Police Department","2022-11-23","Exit 256 and Mt Paran Rd Nw","(O) No Injury","Dark-Not Lighted","Off Roadway","Not a Collision with Motor Vehicle","Mt Paran Rd Nw","Dry","01:00:00","Unknown","Clear",0,33.86446,-84.439992,"Atlanta","FULTON","Other Non-Collision","Under the Influence (U.I.)","Guard Rail Fence"
0,0,"Atlanta Police Department","2022-11-23","Atlanta Ave Se and Cherokee Ave Se","(O) No Injury","Dark-Lighted","On Roadway - Roadway Intersection","Rear End","Atlanta Ave Se","Dry","18:19:00","[""Lap and Shoulder Belt Used"",""Child Restraint System (Properly Used)"",""Child Restraint System (Properly Used)"",""Lap and Shoulder Belt Used"",""Lap and Shoulder Belt Used""]","Clear",0,33.730285,-84.373515,"Atlanta","FULTON","[""Motor Vehicle in Motion"",""Motor Vehicle in Motion""]",,"[""Motor Vehicle in Motion"",""Motor Vehicle in Motion""]"
0,0,"Atlanta Police Department","2022-11-23","Holly St Nw and Howell Mill Rd Nw","(O) No Injury","Daylight","On Roadway - Roadway Intersection","Angle Crash","Howell Mill Rd Nw","Dry","11:55:00","[""Lap and Shoulder Belt Used"",""Lap and Shoulder Belt Used""]","Clear",0,33.803058,-84.41445,"Atlanta","FULTON","[""Motor Vehicle in Motion"",""Motor Vehicle in Motion""]","Failure to Yield","[""Motor Vehicle in Motion"",""Motor Vehicle in Motion""]"
0,0,"Atlanta Police Department","2022-11-23","Forsyth St Sw and Trinity Ave Sw","(O) No Injury","Dark-Lighted","On Roadway - Roadway Intersection","Angle Crash","Forsyth St Sw","Dry","18:00:00","[""Unknown"",""Unknown"",""Unknown""]","Clear",0,33.750543,-84.395159,"Atlanta","FULTON","[""Motor Vehicle in Motion"",""Motor Vehicle in Motion""]",,"[""Motor Vehicle in Motion"",""Motor Vehicle in Motion""]"
0,0,"Atlanta Police Department","2022-11-23","Simpson St Nw and Ted Turner Dr Nw","(C) Possible Injury / Complaint","Daylight","On Roadway - Non-Intersection","Angle Crash","Ted Turner Dr Nw","Dry","11:28:00","[""Unknown"",""Unknown"",""Unknown"",""Unknown"",""Unknown"",""Unknown""]","Clear",0,33.763385,-84.389026,"Atlanta","FULTON","[""Motor Vehicle in Motion"",""Motor Vehicle in Motion""]","Improper Turn","[""Motor Vehicle in Motion"",""Motor Vehicle in Motion""]"
0,0,"Atlanta Police Department","2022-11-23","Milton Ave Se and Hank Aaron Dr Se","(O) No Injury","Dark-Lighted","On Roadway - Driveway Intersection","Not a Collision with Motor Vehicle","Hank Aaron Dr Se","Dry","18:00:00","None Used","Clear",0,33.725057,-84.388073,"Atlanta","FULTON","Other Non-Collision",,"Utility Pole"
0,0,"Atlanta Police Department","2022-11-23","None and I-75 Exit 246 Rp","(O) No Injury","Daylight","On Roadway - Non-Intersection","Rear End","I-75 Exit 246 Rp","Dry","13:30:00","[""Lap and Shoulder Belt Used"",""Lap and Shoulder Belt Used""]","Clear",0,33.732918,-84.391908,"Atlanta","FULTON","[""Motor Vehicle in Motion"",""Motor Vehicle in Motion""]","Following Too Close","[""Motor Vehicle in Motion"",""Motor Vehicle in Motion""]"
0,0,"Atlanta Police Department","2022-11-23","None and I-85","(O) No Injury","Daylight","On Roadway - Managed Lane (HOV, HOT, Reversible)","Rear End","I-85","Dry","13:00:00","[""Lap and Shoulder Belt Used"",""Lap and Shoulder Belt Used"",""Lap and Shoulder Belt Used""]","Clear",0,33.79149,-84.39102,"Atlanta","FULTON","[""Motor Vehicle in Motion"",""Other Non-Collision"",""Other Non-Collision""]","[""Following Too Close"",""Occupant Distraction (Distracted)""]","[""Motor Vehicle in Motion"",""Other Non-Collision"",""Other Object (Not Fixed)""]"
0,0,"Atlanta Police Department","2022-11-23","I-85 S and Armour Dr Ne","(O) No Injury","Dark-Lighted","On Roadway - Roadway Intersection","Sideswipe-Same Direction","Armour Dr Ne","Dry","20:00:00","[""Lap and Shoulder Belt Used"",""Lap and Shoulder Belt Used""]","Clear",0,33.811489,-84.371671,"Atlanta","FULTON","[""Motor Vehicle in Motion"",""Motor Vehicle in Motion""]","No Signal/Improper Signal","[""Motor Vehicle in Motion"",""Motor Vehicle in Motion""]"
0,0,"Atlanta Police Department","2022-11-23","Spring St Nw and Abercrombie Pl Nw","(O) No Injury","Daylight","On Roadway - Non-Intersection","Rear End","Abercrombie Pl Nw","Dry","12:41:00","[""Lap and Shoulder Belt Used"",""Lap and Shoulder Belt Used""]","Clear",0,33.777784,-84.388779,"Atlanta","FULTON","[""Motor Vehicle in Motion"",""Motor Vehicle in Motion""]","Following Too Close","[""Motor Vehicle in Motion"",""Motor Vehicle in Motion""]"
0,0,"Atlanta Police Department","2022-11-23","Harbin Rd Sw and Campbellton Rd Sw","(O) No Injury","Daylight","Off Roadway","Not a Collision with Motor Vehicle","Campbellton Rd Sw","Dry","14:51:00","Lap and Shoulder Belt Used","Clear",0,33.70129,-84.479083,"Atlanta","FULTON","Other Non-Collision",,"Tree"
0,0,"Atlanta Police Department","2022-11-23","Mcdaniel St Sw and University Ave Sw","(O) No Injury","Daylight","On Roadway - Driveway Intersection","Rear End","University Ave Sw","Dry","19:30:00","[""None Used"",""None Used""]","Clear",0,33.722146,-84.401656,"Atlanta","FULTON","[""Motor Vehicle in Motion"",""Motor Vehicle in Motion""]",,"[""Motor Vehicle in Motion"",""Motor Vehicle in Motion""]"
0,0,"Atlanta Police Department","2022-11-23","Baker St Ne and Courtland St Ne","(O) No Injury","Dark-Lighted","On Roadway - Roadway Intersection","Sideswipe-Same Direction","Baker St Ne","Dry","21:06:00","[""Lap and Shoulder Belt Used"",""Lap and Shoulder Belt Used""]","Clear",0,33.762204,-84.384155,"Atlanta","FULTON","[""Motor Vehicle in Motion"",""Motor Vehicle in Motion""]","Changed Lanes Improperly","[""Motor Vehicle in Motion"",""Motor Vehicle in Motion""]"
0,0,"Atlanta Police Department","2022-11-23","Maynard Ter Se and Glenwood Ave Se","(C) Possible Injury / Complaint","Dark-Not Lighted","On Roadway - Non-Intersection","Head On","Glenwood Ave Se","Dry","22:00:00","Lap and Shoulder Belt Used","Clear",0,33.74006,-84.335831,"Atlanta","DEKALB","[""Motor Vehicle in Motion"",""Parked Motor Vehicle""]",,"[""Motor Vehicle in Motion"",""Parked Motor Vehicle""]"
0,0,"Atlanta Police Department","2022-11-23","Arcadia St Ne and Virginia Ave Ne","(O) No Injury","Dark-Lighted","On Roadway - Roadway Intersection","Sideswipe-Same Direction","Virginia Ave Ne","Wet","04:00:00","[""Unknown"",""Lap and Shoulder Belt Used""]","Rain",0,33.781894,-84.361367,"Atlanta","FULTON","[""Motor Vehicle in Motion"",""Motor Vehicle in Motion""]","[""Too Fast for Conditions"",""Aggressive Driving"",""Driver Lost Control""]","[""Motor Vehicle in Motion"",""Motor Vehicle in Motion""]"
0,0,"Atlanta Police Department","2022-11-23","Oakland Ln Sw and Brewster St Sw","(O) No Injury","Daylight","On Roadway - Roadway Intersection","Angle Crash","Oakland Ln Sw","Dry","08:02:00","Unknown","Clear",0,33.719573,-84.426656,"Atlanta","FULTON","[""Motor Vehicle in Motion"",""Motor Vehicle in Motion""]","Misjudged Clearance","[""Motor Vehicle in Motion"",""Motor Vehicle in Motion""]"
0,0,"Atlanta Police Department","2022-11-23","None and I-85","(O) No Injury","Daylight","On Roadway - Non-Intersection","Rear End","I-85","Dry","12:14:00","[""Lap and Shoulder Belt Used"",""Lap and Shoulder Belt Used""]","Clear",0,33.795082,-84.393518,"Atlanta","FULTON","[""Motor Vehicle in Motion"",""Motor Vehicle in Motion""]","Following Too Close","[""Motor Vehicle in Motion"",""Motor Vehicle in Motion""]"
0,0,"Atlanta Police Department","2022-11-23","I-75 N and Martin Luther King Jr Dr Se","(O) No Injury","Daylight","On Roadway - Non-Intersection","Rear End","Martin Luther King Jr Dr Se","Other","16:00:00","[""Unknown"",""Unknown""]","Other",0,33.74814,-84.384833,"Atlanta","FULTON","[""Motor Vehicle in Motion"",""Motor Vehicle in Motion""]",,"[""Motor Vehicle in Motion"",""Motor Vehicle in Motion""]"
0,0,"Atlanta Police Department","2022-11-23","Ridgewood Rd Ne and Marlbrook Dr Ne","(O) No Injury","Daylight","On Roadway - Non-Intersection","Sideswipe-Opposite Direction","Marlbrook Dr Ne","Dry","12:17:00","Lap and Shoulder Belt Used","Clear",0,33.767395,-84.327938,"Atlanta","DEKALB","[""Motor Vehicle in Motion"",""Parked Motor Vehicle""]",,"[""Motor Vehicle in Motion"",""Parked Motor Vehicle""]"
0,0,"Atlanta Police Department","2022-11-23","Ga-13 and 19Th St Nw","(O) No Injury","Daylight","On Roadway - Non-Intersection","Angle Crash","Ga-13","Dry","09:47:00","[""Lap and Shoulder Belt Used"",""Booster Seat (Properly Used)"",""Lap and Shoulder Belt Used""]","Clear",0,33.794761,-84.388022,"Atlanta","FULTON","[""Motor Vehicle in Motion"",""Motor Vehicle in Motion""]","Changed Lanes Improperly","[""Motor Vehicle in Motion"",""Motor Vehicle in Motion""]"
0,0,"Atlanta Police Department","2022-11-23","None and I-75","(C) Possible Injury / Complaint","Daylight","On Roadway - Non-Intersection","Rear End","I-75","Dry","12:02:00","[""Unknown"",""Lap and Shoulder Belt Used""]","Clear",0,33.743011,-84.390984,"Atlanta","FULTON","[""Motor Vehicle in Motion"",""Motor Vehicle in Motion""]","Improper Backing","Motor Vehicle in Motion"
0,0,"Atlanta Police Department","2022-11-24","None and Atlanta Industrial Pkwy Nw","(O) No Injury","Daylight","On Roadway - Non-Intersection","Sideswipe-Same Direction","Atlanta Industrial Pkwy Nw","Dry","07:25:00","[""Lap and Shoulder Belt Used"",""Lap and Shoulder Belt Used""]","Clear",0,33.791554,-84.495937,"Atlanta","FULTON","[""Motor Vehicle in Motion"",""Motor Vehicle in Motion""]","Misjudged Clearance","[""Motor Vehicle in Motion"",""Motor Vehicle in Motion""]"
0,1,"Atlanta Police Department","2022-11-24","Dill Ave Sw and Sylvan Rd Sw","(B) Suspected Minor/Visible Injury","Dark-Lighted","On Roadway - Roadway Intersection","Angle Crash","Sylvan Rd Sw","Dry","19:16:00","[""Unknown"",""Unknown"",""Unknown""]","Clear",0,33.718294,-84.418086,"Atlanta","FULTON","[""Motor Vehicle in Motion"",""Motor Vehicle in Motion"",""Motor Vehicle in Motion""]",,"[""Motor Vehicle in Motion"",""Motor Vehicle in Motion"",""Motor Vehicle in Motion""]"
0,0,"Atlanta Police Department","2022-11-24","Piedmont Ave Ne and John Portman Blvd Ne","(O) No Injury","Dark-Not Lighted","On Roadway - Roadway Intersection","Rear End","John Portman Blvd Ne","Dry","01:14:00","[""Unknown"",""Unknown"",""Unknown""]","Clear",0,33.743309,-84.376574,"Atlanta","FULTON","[""Motor Vehicle in Motion"",""Motor Vehicle in Motion""]","Following Too Close","[""Motor Vehicle in Motion"",""Motor Vehicle in Motion""]"
0,1,"Atlanta Police Department","2022-11-24","Dekalb Ave Ne and Moreland Ave Ne","(B) Suspected Minor/Visible Injury","Dark-Lighted","On Roadway - Driveway Intersection","Rear End","Dekalb Ave Ne","Dry","19:47:00","Lap and Shoulder Belt Used","Clear",0,33.760002,-84.349447,"Atlanta","FULTON","[""Motor Vehicle in Motion"",""Motor Vehicle in Motion""]","Following Too Close","[""Motor Vehicle in Motion"",""Motor Vehicle in Motion""]"
0,0,"Atlanta Police Department","2022-11-24","Northside Pkwy Nw and W Paces Ferry Rd Nw","(O) No Injury","Dark-Not Lighted","On Roadway - Roadway Intersection","Rear End","W Paces Ferry Rd Nw","Dry","19:30:00","[""Unknown"",""Unknown""]","Clear",0,33.849195,-84.430057,"Atlanta","FULTON","[""Motor Vehicle in Motion"",""Motor Vehicle in Motion""]","Following Too Close","[""Motor Vehicle in Motion"",""Motor Vehicle in Motion""]"
0,0,"Atlanta Police Department","2022-11-24","Azlee Pl Nw and Donald Lee Hollowell Pkwy Nw","(C) Possible Injury / Complaint","Daylight","On Roadway - Driveway Intersection","Angle Crash","Donald Lee Hollowell Pkwy Nw","Dry","16:29:00","[""Lap and Shoulder Belt Used"",""Lap and Shoulder Belt Used"",""Lap and Shoulder Belt Used""]","Clear",0,33.782737,-84.486871,"Atlanta","FULTON","[""Motor Vehicle in Motion"",""Motor Vehicle in Motion""]","[""Under the Influence (U.I.)"",""Under the Influence (U.I.)""]","[""Motor Vehicle in Motion"",""Motor Vehicle in Motion""]"
0,0,"Atlanta Police Department","2022-11-24","Trinity Ave Sw and Washington St Sw","(O) No Injury","Daylight","On Roadway - Non-Intersection","Angle Crash","Washington St Sw","Dry","08:00:00","[""Lap and Shoulder Belt Used"",""Lap and Shoulder Belt Used""]","Clear",0,33.747585,-84.390388,"Atlanta","FULTON","[""Motor Vehicle in Motion"",""Motor Vehicle in Motion""]","Changed Lanes Improperly","[""Motor Vehicle in Motion"",""Motor Vehicle in Motion""]"
0,0,"Atlanta Police Department","2022-11-24","Delmar Ln Nw and Harwell Rd Nw","(C) Possible Injury / Complaint","Dark-Lighted","On Roadway - Driveway Intersection","Head On","Harwell Rd Nw","Dry","20:00:00","[""Lap and Shoulder Belt Used"",""Lap and Shoulder Belt Used"",""Lap and Shoulder Belt Used"",""Lap and Shoulder Belt Used"",""Child Restraint System (Properly Used)"",""Lap and Shoulder Belt Used""]","Clear",0,33.756084,-84.492998,"Atlanta","FULTON","[""Motor Vehicle in Motion"",""Motor Vehicle in Motion""]",,"[""Motor Vehicle in Motion"",""Motor Vehicle in Motion""]"
0,0,"Atlanta Police Department","2022-11-24","Church St Nw and Donald Lee Hollowell Pkwy Nw","(K) Fatal Injury","Dark-Lighted","On Roadway - Non-Intersection","Not a Collision with Motor Vehicle","Donald Lee Hollowell Pkwy Nw","Dry","21:42:00","[""Unknown"",""Lap and Shoulder Belt Used"",""None Used""]","Cloudy",1,33.775719,-84.468226,"Atlanta","FULTON","[""Pedestrian"",""Pedestrian"",""Pedestrian""]","Inattentive or Other Distraction (Distracted)","[""Pedestrian"",""Pedestrian""]"
0,0,"Atlanta Police Department","2022-11-24","None and Continental Colony Pkwy Sw","(C) Possible Injury / Complaint","Dark-Not Lighted","On Roadway - Non-Intersection","Not a Collision with Motor Vehicle","Continental Colony Pkwy Sw","Wet","23:45:00","Unknown","Rain",0,33.682315,-84.493809,"Atlanta","FULTON","Other Non-Collision","Driver Lost Control","Tree"
0,0,"Atlanta Police Department","2022-11-24","Headland Dr Sw and Greenbriar Pkwy Sw","(C) Possible Injury / Complaint","Dark-Lighted","On Roadway - Roadway Intersection","Sideswipe-Same Direction","Greenbriar Pkwy Sw","Dry","02:10:00","[""Lap and Shoulder Belt Used"",""Lap and Shoulder Belt Used""]","Clear",0,33.689616,-84.489066,"Atlanta","FULTON","[""Motor Vehicle in Motion"",""Motor Vehicle in Motion""]","Misjudged Clearance","[""Motor Vehicle in Motion"",""Motor Vehicle in Motion""]"
0,0,"Atlanta Police Department","2022-11-24","None and I-20","(O) No Injury","Dark-Lighted","On Roadway - Non-Intersection","Angle Crash","I-20","Dry","19:06:00","[""None Used"",""None Used""]","Clear",0,33.74269,-84.40388,"Atlanta","FULTON","[""Motor Vehicle in Motion"",""Motor Vehicle in Motion""]",,"[""Motor Vehicle in Motion"",""Motor Vehicle in Motion""]"
0,0,"Atlanta Police Department","2022-11-24","Nassau St Nw and Ted Turner Dr Nw","(C) Possible Injury / Complaint","Daylight","On Roadway - Driveway Intersection","Sideswipe-Same Direction","Ted Turner Dr Nw","Dry","13:53:00","[""Lap and Shoulder Belt Used"",""Lap and Shoulder Belt Used""]","Clear",0,33.757656,-84.391713,"Atlanta","FULTON","[""Motor Vehicle in Motion"",""Motor Vehicle in Motion""]","Changed Lanes Improperly","[""Motor Vehicle in Motion"",""Motor Vehicle in Motion""]"
0,0,"Atlanta Police Department","2022-11-24","Marietta St Nw and Ted Turner Dr Nw","(O) No Injury","Daylight","On Roadway - Non-Intersection","Sideswipe-Opposite Direction","Marietta St Nw","Dry","21:00:00","[""Unknown"",""Unknown"",""Unknown""]","Other",0,33.757,-84.392626,"Atlanta","FULTON","[""Motor Vehicle in Motion"",""Motor Vehicle in Motion""]",,"[""Motor Vehicle in Motion"",""Motor Vehicle in Motion""]"
0,0,"Atlanta Police Department","2022-11-24","Dill Ave Sw and Hartford Ave Sw","(O) No Injury","Dark-Not Lighted","On Roadway - Non-Intersection","Sideswipe-Same Direction","Dill Ave Sw","Dry","19:00:00","Unknown","Clear",0,33.718313,-84.416717,"Atlanta","FULTON","[""Motor Vehicle in Motion"",""Motor Vehicle in Motion""]",,"[""Motor Vehicle in Motion"",""Motor Vehicle in Motion""]"
0,0,"Atlanta Police Department","2022-11-24","Moreland Ave Se and Mcpherson Ave Se","(C) Possible Injury / Complaint","Daylight","On Roadway - Non-Intersection","Rear End","Mcpherson Ave Se","Dry","07:46:00","[""Lap and Shoulder Belt Used"",""Lap and Shoulder Belt Used"",""Lap and Shoulder Belt Used""]","Clear",0,33.743312,-84.349235,"Atlanta","FULTON","[""Motor Vehicle in Motion"",""Motor Vehicle in Motion""]","Following Too Close","[""Motor Vehicle in Motion"",""Motor Vehicle in Motion""]"
0,0,"Atlanta Police Department","2022-11-24","Maynard Ter Se and Memorial Dr Se","(O) No Injury","Daylight","On Roadway - Non-Intersection","Sideswipe-Same Direction","Memorial Dr Se","Dry","11:20:00","[""Lap and Shoulder Belt Used"",""Lap and Shoulder Belt Used"",""Lap and Shoulder Belt Used""]","Clear",0,33.747484,-84.333459,"Atlanta","DEKALB","[""Motor Vehicle in Motion"",""Motor Vehicle in Motion""]","Improper Passing","[""Motor Vehicle in Motion"",""Motor Vehicle in Motion""]"
0,0,"Atlanta Police Department","2022-11-24","Sylvan Rd Sw and Langston Ave Sw","(O) No Injury","Dark-Lighted","On Roadway - Roadway Intersection","Rear End","Langston Ave Sw","Dry","19:00:00","[""Unknown"",""Unknown"",""Unknown""]","Clear",0,33.702079,-84.418272,"Atlanta","FULTON","[""Motor Vehicle in Motion"",""Motor Vehicle in Motion""]","Following Too Close","[""Motor Vehicle in Motion"",""Motor Vehicle in Motion""]"
0,0,"Gsp Post 00","2022-11-24","I-7585 South and Fulton Street","(C) Possible Injury / Complaint","Dawn","On Roadway - Non-Intersection","Rear End","I-7585 South","Dry","07:00:00","[""Lap and Shoulder Belt Used"",""Lap and Shoulder Belt Used"",""Lap and Shoulder Belt Used""]","Cloudy",0,33.745754,-84.389351,"Atlanta","FULTON","[""Motor Vehicle in Motion"",""Motor Vehicle in Motion"",""Motor Vehicle in Motion""]","Following Too Close","[""Motor Vehicle in Motion"",""Motor Vehicle in Motion"",""Motor Vehicle in Motion""]"
0,0,"Atlanta Police Department","2022-11-24","Vanira Ave Se and Hank Aaron Dr Se","(C) Possible Injury / Complaint","Dark-Lighted","On Roadway - Non-Intersection","Rear End","Vanira Ave Se","Dry","22:00:00","[""Lap Belt Only Used"",""Lap and Shoulder Belt Used"",""Lap and Shoulder Belt Used""]","Clear",0,33.729434,-84.387622,"Atlanta","FULTON","[""Motor Vehicle in Motion"",""Motor Vehicle in Motion""]","Improper Backing","[""Motor Vehicle in Motion"",""Motor Vehicle in Motion""]"
0,0,"Atlanta Police Department","2022-11-24","Birch St Sw and Langston Ave Sw","(O) No Injury","Dark-Lighted","On Roadway - Non-Intersection","Sideswipe-Opposite Direction","Langston Ave Sw","Wet","23:15:00","Unknown","Rain",0,33.705816,-84.420754,"Atlanta","FULTON","[""Motor Vehicle in Motion"",""Motor Vehicle in Motion""]","Too Fast for Conditions","[""Motor Vehicle in Motion"",""Parked Motor Vehicle""]"
0,0,"Atlanta Police Department","2022-11-24","None and Martin Luther King Jr Dr Sw","(O) No Injury","Daylight","On Roadway - Driveway Intersection","Rear End","Martin Luther King Jr Dr Sw","Dry","14:30:00","[""Lap and Shoulder Belt Used"",""Lap and Shoulder Belt Used"",""Lap and Shoulder Belt Used"",""Lap and Shoulder Belt Used""]","Clear",0,33.759076,-84.504867,"Atlanta","FULTON","[""Motor Vehicle in Motion"",""Motor Vehicle in Motion""]","Following Too Close","[""Motor Vehicle in Motion"",""Motor Vehicle in Motion""]"
0,0,"Atlanta Police Department","2022-11-24","Peters St Sw and Mcdaniel St Sw","(O) No Injury","Daylight","On Roadway - Roadway Intersection","Rear End","Mcdaniel St Sw","Dry","17:00:00","[""None Used"",""None Used""]","Clear",0,33.744734,-84.404748,"Atlanta","FULTON","[""Motor Vehicle in Motion"",""Motor Vehicle in Motion""]",,"[""Motor Vehicle in Motion"",""Motor Vehicle in Motion""]"
0,0,"Atlanta Police Department","2022-11-24","I-20 Eb and Windsor St Sw","(O) No Injury","Daylight","On Roadway - Roadway Intersection","Rear End","I-20 Eb","Dry","13:06:00","[""Unknown"",""Unknown"",""Unknown"",""Unknown""]","Cloudy",0,33.744148,-84.400465,"Atlanta","FULTON","[""Motor Vehicle in Motion"",""Motor Vehicle in Motion""]","Following Too Close","[""Motor Vehicle in Motion"",""Motor Vehicle in Motion""]"
0,0,"Atlanta Police Department","2022-11-24","I-75 and I-20 W","(O) No Injury","Dark-Lighted","On Shoulder","Rear End","I-75","Dry","19:00:00","[""None Used"",""None Used""]","Clear",0,33.745185,-84.390098,"Atlanta","FULTON","[""Motor Vehicle in Motion"",""Motor Vehicle in Motion""]",,"[""Motor Vehicle in Motion"",""Motor Vehicle in Motion""]"
0,0,"Gsp Post 00","2022-11-24","I-20 East and I-285 Entrance","(O) No Injury","Daylight","On Roadway - Non-Intersection","Sideswipe-Same Direction","I-20 East","Dry","17:08:00","[""Unknown"",""Lap and Shoulder Belt Used"",""Child Restraint System (Properly Used)"",""Child Restraint System (Properly Used)""]","Cloudy",0,33.765866,-84.503609,"Atlanta","FULTON","[""Motor Vehicle in Motion"",""Motor Vehicle in Motion""]",,"[""Motor Vehicle in Motion"",""Motor Vehicle in Motion""]"
0,0,"Gsp Post 00","2022-11-24","Custer  Avenue and Moreland Avenue","(C) Possible Injury / Complaint","Dark-Not Lighted","On Roadway - Non-Intersection","Rear End","Moreland Avenue","Dry","18:50:00","[""Lap and Shoulder Belt Used"",""Lap and Shoulder Belt Used"",""Lap and Shoulder Belt Used""]","Cloudy",0,33.715281,-84.349523,"Atlanta","FULTON","[""Motor Vehicle in Motion"",""Motor Vehicle in Motion""]","Following Too Close","[""Motor Vehicle in Motion"",""Motor Vehicle in Motion""]"
0,0,"Atlanta Police Department","2022-11-24","None and I-75","(C) Possible Injury / Complaint","Dark-Lighted","On Roadway - Non-Intersection","Sideswipe-Same Direction","I-75","Dry","01:22:00","[""Unknown"",""Unknown"",""Unknown""]","Clear",0,33.748671,-84.384465,"Atlanta","FULTON","[""Motor Vehicle in Motion"",""Motor Vehicle in Motion""]","[""Changed Lanes Improperly"",""Changed Lanes Improperly""]","[""Motor Vehicle in Motion"",""Motor Vehicle in Motion""]"
0,0,"Atlanta Police Department","2022-11-24","Dill Ave Sw and Metropolitan Pkwy Sw","(O) No Injury","Daylight","On Roadway - Roadway Intersection","Angle Crash","Dill Ave Sw","Dry","14:25:00","[""Unknown"",""Unknown""]","Cloudy",0,33.718093,-84.407863,"Atlanta","FULTON","[""Motor Vehicle in Motion"",""Motor Vehicle in Motion""]","Improper Turn","[""Motor Vehicle in Motion"",""Motor Vehicle in Motion""]"
0,1,"Atlanta Police Department","2022-11-24","Harwell Rd Nw and Martin Luther King Jr Dr Sw","(B) Suspected Minor/Visible Injury","Dark-Lighted","On Roadway - Non-Intersection","Angle Crash","Martin Luther King Jr Dr Sw","Dry","21:23:00","[""Lap and Shoulder Belt Used"",""Lap and Shoulder Belt Used"",""Lap and Shoulder Belt Used"",""Lap and Shoulder Belt Used"",""Lap and Shoulder Belt Used"",""Unknown"",""Unknown"",""Lap and Shoulder Belt Used""]","Clear",0,33.752694,-84.493386,"Atlanta","FULTON","[""Motor Vehicle in Motion"",""Motor Vehicle in Motion""]","Failure to Yield","[""Motor Vehicle in Motion"",""Motor Vehicle in Motion""]"
0,0,"Atlanta Police Department","2022-11-24","Campbellton Rd Sw and Honeysuckle Ln Sw","(O) No Injury","Dawn","On Roadway - Roadway Intersection","Angle Crash","Honeysuckle Ln Sw","Dry","18:04:00","[""Lap and Shoulder Belt Used"",""Lap and Shoulder Belt Used"",""Lap and Shoulder Belt Used""]","Clear",0,33.708041,-84.45339,"Atlanta","FULTON","[""Motor Vehicle in Motion"",""Motor Vehicle in Motion""]",,"[""Motor Vehicle in Motion"",""Motor Vehicle in Motion""]"
0,0,"Atlanta Police Department","2022-11-24","Gibson St Se and Woodward Ave Se","(O) No Injury","Daylight","On Roadway - Non-Intersection","Sideswipe-Same Direction","Gibson St Se","Dry","12:25:00","[""Lap and Shoulder Belt Used"",""Lap and Shoulder Belt Used""]","Cloudy",0,33.744839,-84.355678,"Atlanta","FULTON","[""Motor Vehicle in Motion"",""Motor Vehicle in Motion""]",,"[""Motor Vehicle in Motion"",""Motor Vehicle in Motion""]"
0,0,"Atlanta Police Department","2022-11-24","None and Campbellton Rd Sw","(O) No Injury","Daylight","On Roadway - Non-Intersection","Rear End","Campbellton Rd Sw","Dry","15:26:00","[""Lap and Shoulder Belt Used"",""Lap and Shoulder Belt Used""]","Clear",0,33.709542,-84.449563,"Atlanta","FULTON","[""Motor Vehicle in Motion"",""Motor Vehicle in Motion""]",,"[""Motor Vehicle in Motion"",""Motor Vehicle in Motion""]"
0,0,"Atlanta Police Department","2022-11-24","Piedmont Rd Ne and Lindbergh Dr Ne","(O) No Injury","Daylight","On Roadway - Roadway Intersection","Angle Crash","Piedmont Rd Ne","Dry","10:15:00","[""Unknown"",""Unknown""]","Cloudy",0,33.82144,-84.367455,"Atlanta","FULTON","[""Motor Vehicle in Motion"",""Motor Vehicle in Motion""]","Disregard Stop Sign/Signal","[""Motor Vehicle in Motion"",""Motor Vehicle in Motion""]"