"# Serious Injuries","# Visible Injuries","Agency Name (Crash Level) ","Date","Intersection Name (from Crash Report)","KABCO Severity","Light Conditions (Crash Level)","Location at Impact (Crash Level) ","Manner of Collision (Crash Level) ","Roadway (From Crash Report)","Surface Condition (Crash Level) ","Time","Safety Equipment (Crash Level) ","Weather Conditions (Crash Level)","# of Fatalities per Crash","Latitude","Longitude","Geolocated City","Geolocated County","First Harmful Event (Unit Order)","Operator/Pedestrian Contrib Factor (excl None, Other, No Contrib Factors)","Most Harmful Event (Crash Level)"
0,0,"Atlanta Police Department","2022-11-24","None and I-85","(O) No Injury","Dark-Lighted","On Roadway - Non-Intersection","Rear End","I-85","Dry","20:30:00","[""Unknown"",""Unknown""]","Clear",0,33.789245,-84.391493,"Atlanta","FULTON","[""Motor Vehicle in Motion"",""Motor Vehicle in Motion""]","Changed Lanes Improperly","[""Motor Vehicle in Motion"",""Motor Vehicle in Motion""]"
0,0,"Atlanta Police Department","2022-11-24","None and I-75","(O) No Injury","Dark-Lighted","Off Roadway","Not a Collision with Motor Vehicle","I-75","Wet","23:30:00","Lap and Shoulder Belt Used","Rain",0,33.717905,-84.397649,"Atlanta","FULTON","Other - Fixed Object","Driver Lost Control","Other - Fixed Object"
0,0,"Atlanta Police Department","2022-11-24","Verdant Dr Sw and Continental Colony Pkwy Sw","(O) No Injury","Dark-Lighted","On Roadway - Driveway Intersection","Rear End","Verdant Dr Sw","Dry","19:30:00","[""Unknown"",""Lap and Shoulder Belt Used"",""Lap and Shoulder Belt Used"",""Child Restraint System (Properly Used)"",""Lap and Shoulder Belt Used""]","Clear",0,33.684573,-84.492684,"Atlanta","FULTON","[""Motor Vehicle in Motion"",""Motor Vehicle in Motion""]","Improper Backing","[""Motor Vehicle in Motion"",""Motor Vehicle in Motion""]"
0,0,"Atlanta Police Department","2022-11-24","Woods Dr Nw and Donald Lee Hollowell Pkwy Nw","(C) Possible Injury / Complaint","Dark-Not Lighted","On Roadway - Driveway Intersection","Angle Crash","Donald Lee Hollowell Pkwy Nw","Dry","21:40:00","[""Lap and Shoulder Belt Used"",""Lap and Shoulder Belt Used""]","Clear",0,33.775529,-84.469083,"Atlanta","FULTON","[""Motor Vehicle in Motion"",""Motor Vehicle in Motion""]","Improper Turn","[""Motor Vehicle in Motion"",""Motor Vehicle in Motion""]"
0,0,"Atlanta Police Department","2022-11-24","10Th St Nw and Techwood Dr Nw","(C) Possible Injury / Complaint","Dark-Lighted","On Roadway - Non-Intersection","Rear End","Techwood Dr Nw","Dry","21:01:00","[""Lap and Shoulder Belt Used"",""Lap and Shoulder Belt Used""]","Clear",0,33.781546,-84.391626,"Atlanta","FULTON","[""Motor Vehicle in Motion"",""Motor Vehicle in Motion""]","Following Too Close","[""Motor Vehicle in Motion"",""Motor Vehicle in Motion""]"
0,0,"Atlanta Police Department","2022-11-24","Armour Dr Ne and Monroe Dr Ne","(C) Possible Injury / Complaint","Dark-Lighted","On Roadway - Roadway Intersection","Sideswipe-Same Direction","Monroe Dr Ne","Dry","02:05:00","[""Unknown"",""Lap and Shoulder Belt Used"",""Lap and Shoulder Belt Used""]","Clear",0,33.81063,-84.370997,"Atlanta","FULTON","[""Motor Vehicle in Motion"",""Motor Vehicle in Motion""]","Aggressive Driving","Motor Vehicle in Motion"
0,1,"Atlanta Police Department","2022-11-24","Moreland Ave Se and Hosea L Williams Dr Ne","(B) Suspected Minor/Visible Injury","Daylight","On Roadway - In Crosswalk","Not a Collision with Motor Vehicle","Hosea L Williams Dr Ne","Dry","16:51:00","[""Unknown"",""Unknown"",""Unknown""]","Clear",0,33.753537,-84.349139,"Atlanta","DEKALB","[""Motor Vehicle in Motion"",""Pedestrian""]","Failure to Yield","Motor Vehicle in Motion"
0,0,"Atlanta Police Department","2022-11-24","Verdant Dr Sw and Continental Colony Pkwy Sw","(O) No Injury","Daylight","On Roadway - Non-Intersection","Sideswipe-Same Direction","Continental Colony Pkwy Sw","Dry","11:34:00","[""Unknown"",""Unknown"",""Unknown"",""Unknown""]","Clear",0,33.68324,-84.493694,"Atlanta","FULTON","[""Motor Vehicle in Motion"",""Motor Vehicle in Motion""]",,"[""Motor Vehicle in Motion"",""Motor Vehicle in Motion""]"
0,0,"Atlanta Police Department","2022-11-25","Mcdaniel St Sw and Whitehall St Sw","(O) No Injury","Daylight","On Roadway - Non-Intersection","Rear End","Mcdaniel St Sw","Dry","14:46:00","[""Unknown"",""Unknown"",""Unknown""]","Cloudy",0,33.743164,-84.403831,"Atlanta","FULTON","[""Motor Vehicle in Motion"",""Motor Vehicle in Motion""]","Improper Backing","[""Motor Vehicle in Motion"",""Motor Vehicle in Motion""]"
0,0,"Gsp Post 00","2022-11-25","Williams St and I-7585 South","(O) No Injury","Daylight","On Shoulder","Not a Collision with Motor Vehicle","I-7585 South","Wet","07:52:00","Lap and Shoulder Belt Used","Cloudy",0,33.767,-84.388595,"Atlanta","FULTON","Other - Fixed Object",,"Other - Fixed Object"
0,0,"East Point Police Department","2022-11-25","Cheryl Dr and Cleveland Ave","(O) No Injury","Dark-Not Lighted","On Roadway - Roadway Intersection","Angle Crash","Cheryl Dr","Dry","20:49:00","[""Lap and Shoulder Belt Used"",""Lap and Shoulder Belt Used"",""Lap and Shoulder Belt Used""]","Clear",0,33.681378,-84.416785,"Atlanta","FULTON","[""Motor Vehicle in Motion"",""Motor Vehicle in Motion""]","Failure to Yield","[""Motor Vehicle in Motion"",""Motor Vehicle in Motion""]"
0,0,"Atlanta Police Department","2022-11-25","Central Ave Sw and Richardson St Sw","(C) Possible Injury / Complaint","Daylight","On Roadway - Roadway Intersection","Sideswipe-Same Direction","Central Ave Sw","Water (standing or moving)","10:55:00","[""Lap and Shoulder Belt Used"",""Lap and Shoulder Belt Used""]","Rain",0,33.740335,-84.393443,"Atlanta","FULTON","[""Motor Vehicle in Motion"",""Motor Vehicle in Motion""]","Changed Lanes Improperly","[""Motor Vehicle in Motion"",""Motor Vehicle in Motion""]"
0,0,"Gsp Post 00","2022-11-25","I 75/85 South and Exit Ramp From I 20 West","(O) No Injury","Daylight","Entrance/Exit Ramp","Head On","Exit Ramp From I 20 West","Wet","12:00:00","[""None Used"",""Lap and Shoulder Belt Used"",""Lap and Shoulder Belt Used""]","Clear",0,33.745175,-84.39013,"Atlanta","FULTON","Median Barrier","[""Driver Lost Control"",""Too Fast for Conditions""]",
0,0,"Gsp Post 00","2022-11-25","Interstate 85 South and Cleveland Avenue Underpass","(O) No Injury","Daylight","Median","Not a Collision with Motor Vehicle","Interstate 85 South","Dry","11:00:00","[""Lap and Shoulder Belt Used"",""Lap and Shoulder Belt Used""]","Clear",0,33.682619,-84.411087,"Atlanta","FULTON","Median Barrier","[""Driver Lost Control"",""Too Fast for Conditions""]","Median Barrier"
0,0,"Atlanta Police Department","2022-11-25","Jonesboro Rd Se and Southside Industrial Pkwy Se","(O) No Injury","Dark-Lighted","Off Roadway","Not a Collision with Motor Vehicle","Jonesboro Rd Se","Water (standing or moving)","06:00:00","Unknown","Rain",0,33.661087,-84.372685,"Atlanta","FULTON","Motor Vehicle in Motion","Too Fast for Conditions","Motor Vehicle in Motion"
0,0,"Atlanta Police Department","2022-11-25","None and Martin Luther King Jr Dr Sw","(O) No Injury","Dark-Not Lighted","On Roadway - Roadway Intersection","Angle Crash","Martin Luther King Jr Dr Sw","Dry","18:22:00","Lap and Shoulder Belt Used","Cloudy",0,33.752911,-84.49391,"Atlanta","FULTON","[""Motor Vehicle in Motion"",""Motor Vehicle in Motion""]",,"[""Motor Vehicle in Motion"",""Motor Vehicle in Motion""]"
0,0,"Atlanta Police Department","2022-11-25","None and I-20","(O) No Injury","Dark-Lighted","On Roadway - Managed Lane (HOV, HOT, Reversible)","Rear End","I-20","Dry","21:21:00","[""Unknown"",""Lap and Shoulder Belt Used""]","Clear",0,33.742469,-84.403842,"Atlanta","FULTON","[""Motor Vehicle in Motion"",""Motor Vehicle in Motion""]","Changed Lanes Improperly","[""Motor Vehicle in Motion"",""Motor Vehicle in Motion""]"
0,0,"Atlanta Police Department","2022-11-25","Olive St Sw and Campbellton Rd Sw","(O) No Injury","Daylight","On Roadway - Roadway Intersection","Sideswipe-Same Direction","Campbellton Rd Sw","Wet","09:40:00","[""Unknown"",""Unknown""]","Rain",0,33.715709,-84.43152,"Atlanta","FULTON","[""Motor Vehicle in Motion"",""Motor Vehicle in Motion""]","Misjudged Clearance","[""Motor Vehicle in Motion"",""Motor Vehicle in Motion""]"
0,0,"Atlanta Police Department","2022-11-25","I-75 S and Spring St Nw","(C) Possible Injury / Complaint","Dark-Not Lighted","On Roadway - Non-Intersection","Rear End","Spring St Nw","Dry","18:00:00","[""Unknown"",""Unknown""]","Clear",0,33.769402,-84.388883,"Atlanta","FULTON","[""Motor Vehicle in Motion"",""Motor Vehicle in Motion""]",,"[""Motor Vehicle in Motion"",""Motor Vehicle in Motion""]"
0,0,"Gsp Post 00","2022-11-25","I-7585 N and Peachtree St","(O) No Injury","Daylight","On Roadway - Non-Intersection","Sideswipe-Same Direction","I-7585 N","Dry","14:30:00","[""Unknown"",""Lap and Shoulder Belt Used""]","Cloudy",0,33.765423,-84.385244,"Atlanta","FULTON","[""Motor Vehicle in Motion"",""Motor Vehicle in Motion""]",,"[""Motor Vehicle in Motion"",""Motor Vehicle in Motion""]"
0,0,"Atlanta Police Department","2022-11-25","Lenox Rd Ne and Crane Rd Ne","(O) No Injury","Daylight","On Roadway - Non-Intersection","Rear End","Crane Rd Ne","Water (standing or moving)","10:49:00","[""Lap and Shoulder Belt Used"",""Lap and Shoulder Belt Used""]","Cloudy",0,33.839663,-84.358109,"Atlanta","FULTON","[""Motor Vehicle in Motion"",""Motor Vehicle in Motion""]","Following Too Close","[""Motor Vehicle in Motion"",""Motor Vehicle in Motion""]"
0,0,"Atlanta Police Department","2022-11-25","Proctor St Nw and Joseph E Lowery Blvd Nw","(C) Possible Injury / Complaint","Daylight","On Roadway - Roadway Intersection","Angle Crash","Proctor St Nw","Dry","13:10:00","[""Unknown"",""Unknown"",""Unknown"",""Unknown"",""Unknown"",""Unknown""]","Clear",0,33.764975,-84.417462,"Atlanta","FULTON","[""Motor Vehicle in Motion"",""Motor Vehicle in Motion""]","Failure to Yield","[""Motor Vehicle in Motion"",""Motor Vehicle in Motion""]"
0,0,"Atlanta Police Department","2022-11-25","Ellis St Ne and Courtland St Ne","(O) No Injury","Dark-Lighted","On Roadway - Roadway Intersection","Angle Crash","Courtland St Ne","Dry","02:20:00","[""Lap and Shoulder Belt Used"",""Lap and Shoulder Belt Used""]","Clear",0,33.758384,-84.38422,"Atlanta","FULTON","[""Motor Vehicle in Motion"",""Motor Vehicle in Motion""]","[""Disregard Other Traffic Control"",""Inattentive or Other Distraction (Distracted)""]","[""Motor Vehicle in Motion"",""Motor Vehicle in Motion""]"
0,0,"Atlanta Police Department","2022-11-25","Ga-400 S and Lenox Rd Ne","(O) No Injury","Dark-Lighted","On Roadway - Roadway Intersection","Sideswipe-Same Direction","Lenox Rd Ne","Dry","17:35:00","[""Unknown"",""Unknown""]","Clear",0,33.851898,-84.369971,"Atlanta","FULTON","[""Motor Vehicle in Motion"",""Motor Vehicle in Motion""]","[""Improper Turn"",""Improper Turn""]","[""Motor Vehicle in Motion"",""Motor Vehicle in Motion""]"
0,0,"Atlanta Police Department","2022-11-25","I-20 E and Moreland Ave Se","(O) No Injury","Daylight","Entrance/Exit Ramp","Rear End","Moreland Ave Se","Water (standing or moving)","12:17:00","[""Lap and Shoulder Belt Used"",""Lap and Shoulder Belt Used""]","Cloudy",0,33.745159,-84.349206,"Atlanta","DEKALB","[""Motor Vehicle in Motion"",""Motor Vehicle in Motion""]","Following Too Close","[""Motor Vehicle in Motion"",""Motor Vehicle in Motion""]"
0,0,"Atlanta Police Department","2022-11-25","Cushman Cir Sw and Boulder Park Dr Sw","(O) No Injury","Daylight","On Roadway - Roadway Intersection","Rear End","Boulder Park Dr Sw","Wet","11:15:00","[""Unknown"",""Unknown""]","Cloudy",0,33.750884,-84.493485,"Atlanta","FULTON","[""Motor Vehicle in Motion"",""Motor Vehicle in Motion""]","Misjudged Clearance","[""Motor Vehicle in Motion"",""Motor Vehicle in Motion""]"
0,0,"Atlanta Police Department","2022-11-25","7Th St Ne and Piedmont Ave Ne","(C) Possible Injury / Complaint","Daylight","On Roadway - Non-Intersection","Rear End","Piedmont Ave Ne","Wet","09:31:00","Unknown","Rain",0,33.778324,-84.381217,"Atlanta","FULTON","[""Parked Motor Vehicle"",""Motor Vehicle in Motion"",""Motor Vehicle in Motion"",""Motor Vehicle in Motion""]","[""Reckless Driving"",""Too Fast for Conditions""]","[""Parked Motor Vehicle"",""Motor Vehicle in Motion"",""Motor Vehicle in Motion"",""Motor Vehicle in Motion""]"
0,0,"Gsp Post 00","2022-11-25","I-7585 South and Cleveland Avenue","(O) No Injury","Daylight","Median","Not a Collision with Motor Vehicle","I-7585 South","Wet","13:15:00","Lap and Shoulder Belt Used","Cloudy",0,33.687521,-84.399388,"Atlanta","FULTON","Median Barrier","[""Too Fast for Conditions"",""Driver Lost Control""]","Median Barrier"
0,0,"Gsp Post 00","2022-11-25","I-75N and Mm 245","(O) No Injury","Daylight","On Shoulder","Not a Collision with Motor Vehicle","I-75N","Wet","07:11:00","Lap and Shoulder Belt Used","Cloudy",0,33.736804,-84.391859,"Atlanta","FULTON","Guard Rail Face",,"Guard Rail Fence"
0,0,"Atlanta Police Department","2022-11-25","Lenox Rd Ne and Peachtree Rd Ne","(O) No Injury","Daylight","On Roadway - Non-Intersection","Sideswipe-Same Direction","Peachtree Rd Ne","Dry","18:20:00","[""Unknown"",""Lap and Shoulder Belt Used""]","Clear",0,33.850667,-84.361885,"Atlanta","FULTON","[""Motor Vehicle in Motion"",""Motor Vehicle in Motion""]","Changed Lanes Improperly","[""Motor Vehicle in Motion"",""Motor Vehicle in Motion""]"
0,0,"Gsp Post 00","2022-11-25","I-285 and Ga-166 Eb","(O) No Injury","Daylight","On Shoulder","Not a Collision with Motor Vehicle","Ga-166 Eb","Wet","11:16:00","Lap and Shoulder Belt Used","Clear",0,33.690124,-84.500636,"Atlanta","FULTON","Guard Rail Face","[""Too Fast for Conditions"",""Driver Lost Control""]","Guard Rail Fence"
0,0,"Atlanta Police Department","2022-11-25","Courtland St Se and Auditorium Pl Se","(O) No Injury","Daylight","On Roadway - Roadway Intersection","Sideswipe-Same Direction","Courtland St Se","Dry","16:50:00","[""Unknown"",""Unknown""]","Clear",0,33.754169,-84.384577,"Atlanta","FULTON","[""Motor Vehicle in Motion"",""Motor Vehicle in Motion""]","Changed Lanes Improperly","[""Motor Vehicle in Motion"",""Motor Vehicle in Motion""]"
0,0,"Gsp Post 00","2022-11-25","I-7585 N and Freedom Parkway","(C) Possible Injury / Complaint","Daylight","On Roadway - Non-Intersection","Rear End","I-7585 N","Dry","13:50:00","[""Lap and Shoulder Belt Used"",""Lap and Shoulder Belt Used"",""Lap and Shoulder Belt Used""]","Cloudy",0,33.758917,-84.378637,"Atlanta","FULTON","[""Motor Vehicle in Motion"",""Motor Vehicle in Motion""]","Following Too Close","[""Motor Vehicle in Motion"",""Motor Vehicle in Motion""]"
0,0,"Atlanta Police Department","2022-11-25","Pryor Rd Sw and University Ave Sw","(C) Possible Injury / Complaint","Dark-Lighted","On Roadway - Non-Intersection","Angle Crash","University Ave Sw","Dry","20:36:00","[""Unknown"",""Lap and Shoulder Belt Used"",""Lap and Shoulder Belt Used""]","Cloudy",0,33.722012,-84.39399,"Atlanta","FULTON","[""Motor Vehicle in Motion"",""Motor Vehicle in Motion""]","[""Misjudged Clearance"",""Failure to Yield"",""Aggressive Driving""]","[""Motor Vehicle in Motion"",""Motor Vehicle in Motion""]"
0,0,"Gsp Post 00","2022-11-25","I-7585 N and North Avenue","(O) No Injury","Dark-Not Lighted","On Roadway - Non-Intersection","Rear End","I-7585 N","Dry","18:06:00","[""Lap and Shoulder Belt Used"",""Lap and Shoulder Belt Used"",""Lap and Shoulder Belt Used""]","Cloudy",0,33.773599,-84.389994,"Atlanta","FULTON","[""Motor Vehicle in Motion"",""Motor Vehicle in Motion""]","Following Too Close","[""Motor Vehicle in Motion"",""Motor Vehicle in Motion""]"
0,0,"Gsp Post 00","2022-11-25","I-7585 N and Freedom Parkway","(O) No Injury","Daylight","On Roadway - Non-Intersection","Sideswipe-Same Direction","I-7585 N","Dry","13:50:00","[""Unknown"",""Lap and Shoulder Belt Used""]","Cloudy",0,33.760317,-84.379365,"Atlanta","FULTON","[""Motor Vehicle in Motion"",""Motor Vehicle in Motion""]","[""Misjudged Clearance"",""Failure to Yield""]","[""Motor Vehicle in Motion"",""Motor Vehicle in Motion""]"
0,0,"Atlanta Police Department","2022-11-25","Hollywood Rd Nw and Hightower Rd Nw","(O) No Injury","Dark-Lighted","On Roadway - Roadway Intersection","Rear End","Hightower Rd Nw","Dry","19:43:00","[""Unknown"",""Lap and Shoulder Belt Used"",""Lap and Shoulder Belt Used""]","Clear",0,33.793203,-84.469247,"Atlanta","FULTON","[""Motor Vehicle in Motion"",""Motor Vehicle in Motion""]","[""Reckless Driving"",""Following Too Close""]","[""Motor Vehicle in Motion"",""Motor Vehicle in Motion""]"
0,0,"Gsp Post 00","2022-11-25","I-7585 North and Memorial Dr Overpass","(O) No Injury","Daylight","On Roadway - Non-Intersection","Rear End","I-7585 North","Wet","14:32:00","[""Lap and Shoulder Belt Used"",""Lap and Shoulder Belt Used"",""Lap and Shoulder Belt Used"",""Lap and Shoulder Belt Used"",""Lap and Shoulder Belt Used"",""Lap and Shoulder Belt Used"",""Child Restraint System (Properly Used)""]","Cloudy",0,33.746822,-84.387431,"Atlanta","FULTON","[""Motor Vehicle in Motion"",""Motor Vehicle in Motion"",""Motor Vehicle in Motion"",""Motor Vehicle in Motion""]","Following Too Close","[""Motor Vehicle in Motion"",""Motor Vehicle in Motion"",""Motor Vehicle in Motion"",""Motor Vehicle in Motion""]"
0,0,"Atlanta Police Department","2022-11-25","Wieuca Rd Ne and N Stratford Rd Ne","(C) Possible Injury / Complaint","Daylight","On Roadway - Driveway Intersection","Rear End","Wieuca Rd Ne","Dry","13:20:00","[""Unknown"",""Unknown""]","Cloudy",0,33.860058,-84.363301,"Atlanta","FULTON","[""Motor Vehicle in Motion"",""Motor Vehicle in Motion""]","Following Too Close","[""Motor Vehicle in Motion"",""Motor Vehicle in Motion""]"
0,0,"Gsp Post 00","2022-11-25","Williams St and I-7585 South","(O) No Injury","Daylight","On Roadway - Non-Intersection","Angle Crash","I-7585 South","Wet","09:08:00","[""Lap and Shoulder Belt Used"",""Lap and Shoulder Belt Used""]","Cloudy",0,33.766882,-84.387806,"Atlanta","FULTON","[""Motor Vehicle in Motion"",""Motor Vehicle in Motion""]","Too Fast for Conditions","[""Motor Vehicle in Motion"",""Motor Vehicle in Motion""]"
0,0,"Atlanta Police Department","2022-11-25","Blyss Ave Nw and Chappell Rd Nw","(O) No Injury","Daylight","On Roadway - Roadway Intersection","Sideswipe-Opposite Direction","Chappell Rd Nw","Wet","12:20:00","[""Unknown"",""Unknown"",""Unknown""]","Cloudy",0,33.769395,-84.433948,"Atlanta","FULTON","[""Motor Vehicle in Motion"",""Motor Vehicle in Motion""]",,"[""Motor Vehicle in Motion"",""Motor Vehicle in Motion""]"
0,0,"Atlanta Police Department","2022-11-25","Luckie St Nw and Ted Turner Dr Nw","(O) No Injury","Dark-Not Lighted","On Roadway - Roadway Intersection","Head On","Luckie St Nw","Dry","20:00:00","[""Unknown"",""Unknown""]","Other",0,33.758392,-84.390668,"Atlanta","FULTON","[""Motor Vehicle in Motion"",""Motor Vehicle in Motion""]","Disregard Other Traffic Control","[""Motor Vehicle in Motion"",""Motor Vehicle in Motion""]"
0,0,"Atlanta Police Department","2022-11-25","None and Windsor St Sw Exit 57 Rp","(O) No Injury","Dark-Not Lighted","On Roadway - Non-Intersection","Rear End","Windsor St Sw Exit 57 Rp","Wet","03:30:00","[""Unknown"",""Unknown"",""Unknown""]","Rain",0,33.744805,-84.397886,"Atlanta","FULTON","[""Motor Vehicle in Motion"",""Motor Vehicle in Motion""]",,"[""Motor Vehicle in Motion"",""Motor Vehicle in Motion""]"
0,1,"Atlanta Police Department","2022-11-25","I-85 and Cleveland Ave Sw","(B) Suspected Minor/Visible Injury","Dark-Lighted","Median","Not a Collision with Motor Vehicle","I-85","Wet","00:58:00","[""Lap and Shoulder Belt Used"",""Lap and Shoulder Belt Used""]","Rain",0,33.683843,-84.408955,"Atlanta","FULTON","Median Barrier","Too Fast for Conditions","Median Barrier"
0,0,"Atlanta Police Department","2022-11-25","Peachtree Rd Ne and W Shadowlawn Ave Ne","(C) Possible Injury / Complaint","Dark-Lighted","On Roadway - Non-Intersection","Rear End","Peachtree Rd Ne","Dry","19:00:00","[""Unknown"",""Unknown"",""Unknown"",""Unknown"",""Unknown"",""Unknown""]","Clear",0,33.841915,-84.374143,"Atlanta","FULTON","[""Motor Vehicle in Motion"",""Motor Vehicle in Motion"",""Motor Vehicle in Motion""]","Following Too Close","[""Motor Vehicle in Motion"",""Motor Vehicle in Motion"",""Motor Vehicle in Motion""]"
0,0,"Atlanta Police Department","2022-11-25","Branch Dr Sw and Boulder Park Dr Sw","(O) No Injury","Daylight","Off Roadway","Not a Collision with Motor Vehicle","Boulder Park Dr Sw","Wet","12:30:00","Unknown","Cloudy",0,33.748736,-84.511389,"Atlanta","FULTON","Curb","[""Driver Lost Control"",""Too Fast for Conditions""]","Curb"
0,0,"Atlanta Police Department","2022-11-25","Bell St Ne and Auburn Ave Ne","(O) No Injury","Daylight","On Roadway - Roadway Intersection","Angle Crash","Bell St Ne","Wet","08:18:00","[""Unknown"",""Unknown"",""Unknown"",""Unknown""]","Cloudy",0,33.755531,-84.379406,"Atlanta","FULTON","[""Motor Vehicle in Motion"",""Motor Vehicle in Motion""]","Failure to Yield","[""Motor Vehicle in Motion"",""Motor Vehicle in Motion""]"
0,0,"Gsp Post 00","2022-11-25","I-20 and I-7585 South","(O) No Injury","Daylight","On Roadway - Non-Intersection","Rear End","I-7585 South","Dry","14:30:00","[""Lap and Shoulder Belt Used"",""Lap and Shoulder Belt Used""]","Cloudy",0,33.745175,-84.39013,"Atlanta","FULTON","[""Motor Vehicle in Motion"",""Motor Vehicle in Motion""]","Following Too Close","[""Motor Vehicle in Motion"",""Motor Vehicle in Motion""]"
0,0,"Atlanta Police Department","2022-11-25","Godfrey Dr Nw and Hamilton E Holmes Dr Nw","(O) No Injury","Dark-Lighted","On Roadway - Non-Intersection","Rear End","Hamilton E Holmes Dr Nw","Water (standing or moving)","06:09:00","Unknown","Cloudy",0,33.759568,-84.46939,"Atlanta","FULTON","[""Motor Vehicle in Motion"",""Parked Motor Vehicle""]","[""Inattentive or Other Distraction (Distracted)"",""Following Too Close"",""Parked Improperly""]","Parked Motor Vehicle"
0,0,"Gsp Post 00","2022-11-25","Cascade Rd and I-285 South","(C) Possible Injury / Complaint","Daylight","On Shoulder","Not a Collision with Motor Vehicle","I-285 South","Wet","10:55:00","Lap and Shoulder Belt Used","Rain",0,33.718062,-84.502405,"Atlanta","FULTON","Median Barrier","[""Too Fast for Conditions"",""Driver Lost Control""]","Median Barrier"
0,0,"Atlanta Police Department","2022-11-25","I-75 and Cleveland Ave Sw","(O) No Injury","Daylight","On Roadway - Roadway Intersection","Angle Crash","I-75","Dry","12:45:00","[""Unknown"",""Unknown"",""Unknown""]","Clear",0,33.680569,-84.398295,"Atlanta","FULTON","[""Motor Vehicle in Motion"",""Motor Vehicle in Motion""]","Changed Lanes Improperly","[""Motor Vehicle in Motion"",""Motor Vehicle in Motion""]"
0,0,"Atlanta Police Department","2022-11-25","Joseph E Lowery Blvd Nw and Donald Lee Hollowell Pkwy Nw","(C) Possible Injury / Complaint","Dark-Lighted","On Roadway - Driveway Intersection","Head On","Joseph E Lowery Blvd Nw","Dry","21:00:00","[""Lap and Shoulder Belt Used"",""Lap and Shoulder Belt Used"",""Lap and Shoulder Belt Used"",""Lap and Shoulder Belt Used"",""Lap and Shoulder Belt Used""]","Clear",0,33.773044,-84.417346,"Atlanta","FULTON","[""Motor Vehicle in Motion"",""Motor Vehicle in Motion""]","Improper Turn","[""Motor Vehicle in Motion"",""Motor Vehicle in Motion""]"
0,0,"Atlanta Police Department","2022-11-25","I-20 W and Maynard Ter Se","(O) No Injury","Dark-Lighted","Off Roadway","Not a Collision with Motor Vehicle","Maynard Ter Se","Dry","23:00:00","[""None Used"",""None Used"",""None Used"",""None Used""]","Clear",0,33.74521,-84.33417,"Atlanta","DEKALB","Motor Vehicle in Motion","[""Driver Lost Control"",""Disregard Police - Evasion"",""Reckless Driving""]","Motor Vehicle in Motion"
0,0,"Gsp Post 00","2022-11-25","None and Moreland Ave Entrance Ramp To","(O) No Injury","Daylight","Entrance/Exit Ramp","Not a Collision with Motor Vehicle","Moreland Ave Entrance Ramp To","Wet","09:18:00","Unknown","Cloudy",0,33.745027,-84.347632,"Atlanta","DEKALB","Other Non-Collision","[""Too Fast for Conditions"",""Driver Lost Control""]","Guard Rail Fence"
0,0,"Atlanta Police Department","2022-11-25","Boulevard Se and Atlanta Ave Se","(C) Possible Injury / Complaint","Daylight","On Roadway - Roadway Intersection","Rear End","Atlanta Ave Se","Dry","12:21:00","[""Lap and Shoulder Belt Used"",""Lap and Shoulder Belt Used""]","Clear",0,33.730166,-84.368546,"Atlanta","FULTON","[""Motor Vehicle in Motion"",""Motor Vehicle in Motion""]","Following Too Close","[""Motor Vehicle in Motion"",""Motor Vehicle in Motion""]"
0,0,"Atlanta Police Department","2022-11-25","None and Cato St Nw","(O) No Injury","Dark-Lighted","On Roadway - Non-Intersection","Angle Crash","Cato St Nw","Dry","18:41:00","Lap and Shoulder Belt Used","Clear",0,33.784743,-84.455756,"Atlanta","FULTON","[""Motor Vehicle in Motion"",""Parked Motor Vehicle""]","Misjudged Clearance","[""Motor Vehicle in Motion"",""Parked Motor Vehicle""]"
0,0,"Atlanta Police Department","2022-11-25","None and I-75","(O) No Injury","Dark-Lighted","On Roadway - Non-Intersection","Angle Crash","I-75","Dry","20:50:00","[""Lap and Shoulder Belt Used"",""Lap and Shoulder Belt Used"",""Lap and Shoulder Belt Used""]","Cloudy",0,33.700679,-84.404279,"Atlanta","FULTON","[""Motor Vehicle in Motion"",""Motor Vehicle in Motion""]",,"[""Motor Vehicle in Motion"",""Motor Vehicle in Motion""]"
0,0,"Gsp Post 00","2022-11-25","None and Conn Sb Exit Ramp To I-20 East","(C) Possible Injury / Complaint","Daylight","Entrance/Exit Ramp","Rear End","Conn Sb Exit Ramp To I-20 East","Wet","10:40:00","[""Lap and Shoulder Belt Used"",""Lap and Shoulder Belt Used""]","Rain",0,33.74424,-84.389832,"Atlanta","FULTON","[""Motor Vehicle in Motion"",""Motor Vehicle in Motion""]","Following Too Close","[""Motor Vehicle in Motion"",""Motor Vehicle in Motion""]"
0,0,"Gsp Post 00","2022-11-25","I-85S and Armour Dr","(O) No Injury","Dark-Lighted","On Roadway - Non-Intersection","Rear End","I-85S","Dry","19:20:00","[""Lap and Shoulder Belt Used"",""Lap and Shoulder Belt Used"",""Lap and Shoulder Belt Used"",""Lap and Shoulder Belt Used"",""Lap and Shoulder Belt Used""]","Cloudy",0,33.803032,-84.385734,"Atlanta","FULTON","[""Motor Vehicle in Motion"",""Motor Vehicle in Motion"",""Motor Vehicle in Motion"",""Motor Vehicle in Motion""]","Following Too Close","[""Motor Vehicle in Motion"",""Motor Vehicle in Motion"",""Motor Vehicle in Motion"",""Motor Vehicle in Motion""]"