"# Serious Injuries","# Visible Injuries","Agency Name (Crash Level) ","Date","Intersection Name (from Crash Report)","KABCO Severity","Light Conditions (Crash Level)","Location at Impact (Crash Level) ","Manner of Collision (Crash Level) ","Roadway (From Crash Report)","Surface Condition (Crash Level) ","Time","Safety Equipment (Crash Level) ","Weather Conditions (Crash Level)","# of Fatalities per Crash","Latitude","Longitude","Geolocated City","Geolocated County","First Harmful Event (Unit Order)","Operator/Pedestrian Contrib Factor (excl None, Other, No Contrib Factors)","Most Harmful Event (Crash Level)"
0,0,"Gsp Post 00","2022-11-29","I-20 West and Moreland Ave","(O) No Injury","Daylight","On Roadway - Non-Intersection","Rear End","I-20 West","Dry","09:03:00","[""Lap and Shoulder Belt Used"",""Lap and Shoulder Belt Used"",""Child Restraint System (Properly Used)""]","Clear",0,33.745384,-84.350468,"Atlanta","FULTON","[""Motor Vehicle in Motion"",""Motor Vehicle in Motion""]","Following Too Close","[""Motor Vehicle in Motion"",""Motor Vehicle in Motion""]"
0,0,"Atlanta Police Department","2022-11-29","None and I-75 Hov Lane","(O) No Injury","Dark-Not Lighted","On Roadway - Managed Lane (HOV, HOT, Reversible)","Rear End","I-75 Hov Lane","Dry","20:30:00","[""Unknown"",""Unknown"",""Unknown"",""Unknown""]","Clear",0,33.771508,-84.390058,"Atlanta","FULTON","[""Motor Vehicle in Motion"",""Motor Vehicle in Motion""]","Following Too Close","[""Motor Vehicle in Motion"",""Motor Vehicle in Motion""]"
0,0,"Gsp Post 00","2022-11-29","I-285 Nb and Martin L King Jr Blvd","(O) No Injury","Daylight","On Roadway - Non-Intersection","Rear End","I-285 Nb","Dry","17:12:00","[""Unknown"",""Lap and Shoulder Belt Used"",""Lap and Shoulder Belt Used""]","Clear",0,33.753515,-84.495375,"Atlanta","FULTON","[""Motor Vehicle in Motion"",""Motor Vehicle in Motion""]","Following Too Close","[""Motor Vehicle in Motion"",""Impact Attenuate""]"
0,0,"Atlanta Police Department","2022-11-29","Constitution Rd Se and Forrest Park Rd Se","(O) No Injury","Dusk","On Roadway - Roadway Intersection","Angle Crash","Forrest Park Rd Se","Dry","17:51:00","Unknown","Cloudy",0,33.693214,-84.360135,"Atlanta","FULTON","[""Motor Vehicle in Motion"",""Motor Vehicle in Motion""]","[""Disregard Stop Sign/Signal"",""Failure to Yield""]","[""Motor Vehicle in Motion"",""Motor Vehicle in Motion""]"
0,0,"Gsp Post 00","2022-11-29","Pryor Road and I-7585 North","(O) No Injury","Daylight","On Roadway - Non-Intersection","Rear End","I-7585 North","Dry","07:54:00","[""Lap and Shoulder Belt Used"",""Lap and Shoulder Belt Used""]","Clear",0,33.729016,-84.392825,"Atlanta","FULTON","[""Motor Vehicle in Motion"",""Motor Vehicle in Motion""]","Following Too Close","[""Motor Vehicle in Motion"",""Motor Vehicle in Motion""]"
0,0,"Atlanta Police Department","2022-11-29","Exit 12 and Donald Lee Hollowell Pkwy Nw","(O) No Injury","Dark-Lighted","On Roadway - Roadway Intersection","Angle Crash","Donald Lee Hollowell Pkwy Nw","Dry","00:00:00","[""Unknown"",""Unknown""]","Clear",0,33.786454,-84.492325,"Atlanta","FULTON","[""Motor Vehicle in Motion"",""Motor Vehicle in Motion""]","Failure to Yield","[""Motor Vehicle in Motion"",""Motor Vehicle in Motion""]"
0,0,"Atlanta Police Department","2022-11-29","Hill St Se and Englewood Ave Se","(C) Possible Injury / Complaint","Dark-Lighted","On Roadway - Roadway Intersection","Angle Crash","Hill St Se","Dry","17:30:00","[""Unknown"",""Unknown"",""Unknown""]","Clear",0,33.722036,-84.378626,"Atlanta","FULTON","[""Motor Vehicle in Motion"",""Motor Vehicle in Motion""]","[""Failure to Yield"",""Failure to Yield""]","[""Motor Vehicle in Motion"",""Motor Vehicle in Motion""]"
0,0,"Atlanta Police Department","2022-11-29","Clay St Se and Memorial Dr Se","(C) Possible Injury / Complaint","Daylight","On Roadway - Roadway Intersection","Angle Crash","Clay St Se","Dry","16:32:00","[""Lap and Shoulder Belt Used"",""Lap and Shoulder Belt Used"",""Lap and Shoulder Belt Used"",""Lap and Shoulder Belt Used"",""Lap and Shoulder Belt Used""]","Clear",0,33.747461,-84.330465,"Atlanta","DEKALB","[""Motor Vehicle in Motion"",""Motor Vehicle in Motion"",""Motor Vehicle in Motion""]","Improper Turn","[""Motor Vehicle in Motion"",""Motor Vehicle in Motion"",""Motor Vehicle in Motion""]"
0,0,"Atlanta Police Department","2022-11-29","Glenn St Sw and Windsor St Sw","(O) No Injury","Daylight","On Roadway - Roadway Intersection","Angle Crash","Windsor St Sw","Dry","09:56:00","[""Unknown"",""Unknown""]","Clear",0,33.737884,-84.398323,"Atlanta","FULTON","[""Motor Vehicle in Motion"",""Motor Vehicle in Motion""]","Misjudged Clearance","[""Motor Vehicle in Motion"",""Motor Vehicle in Motion""]"
0,0,"Atlanta Police Department","2022-11-29","Eleanor St Se and Memorial Dr Se","(O) No Injury","Daylight","On Roadway - Roadway Intersection","Rear End","Eleanor St Se","Dry","10:00:00","[""Lap and Shoulder Belt Used"",""Lap and Shoulder Belt Used"",""Lap and Shoulder Belt Used""]","Clear",0,33.747411,-84.324317,"Atlanta","DEKALB","[""Motor Vehicle in Motion"",""Motor Vehicle in Motion"",""Motor Vehicle in Motion""]","Following Too Close","[""Motor Vehicle in Motion"",""Motor Vehicle in Motion"",""Motor Vehicle in Motion""]"
0,0,"Atlanta Police Department","2022-11-29","Memorial Dr Se and Wilkinson Dr Se","(O) No Injury","Daylight","On Roadway - Non-Intersection","Rear End","Memorial Dr Se","Dry","09:05:00","[""Lap and Shoulder Belt Used"",""Lap and Shoulder Belt Used""]","Clear",0,33.747451,-84.328589,"Atlanta","DEKALB","[""Motor Vehicle in Motion"",""Motor Vehicle in Motion""]","Following Too Close","[""Motor Vehicle in Motion"",""Motor Vehicle in Motion""]"
0,0,"Gsp Post 00","2022-11-29","Sr 13 and Interstate 85 South","(O) No Injury","Daylight","On Roadway - Non-Intersection","Rear End","Interstate 85 South","Dry","14:18:00","[""Lap and Shoulder Belt Used"",""Lap and Shoulder Belt Used""]","Clear",0,33.799698,-84.391613,"Atlanta","FULTON","[""Motor Vehicle in Motion"",""Motor Vehicle in Motion""]","Following Too Close","[""Motor Vehicle in Motion"",""Motor Vehicle in Motion""]"
0,0,"Atlanta Police Department","2022-11-29","Dekalb Ave Ne and Moreland Ave Ne","(O) No Injury","Daylight","On Roadway - Non-Intersection","Rear End","Moreland Ave Ne","Dry","03:30:00","Unknown","Clear",0,33.76007,-84.349306,"Atlanta","FULTON","[""Motor Vehicle in Motion"",""Motor Vehicle in Motion""]","Disregard Other Traffic Control","Motor Vehicle in Motion"
0,0,"Gsp Post 00","2022-11-29","Peachtree Street and Interstate 85 North","(O) No Injury","Daylight","On Roadway - Non-Intersection","Rear End","Interstate 85 North","Dry","18:31:00","[""Lap and Shoulder Belt Used"",""Lap and Shoulder Belt Used""]","Clear",0,33.802508,-84.386033,"Atlanta","FULTON","[""Motor Vehicle in Motion"",""Motor Vehicle in Motion""]","Following Too Close","[""Motor Vehicle in Motion"",""Motor Vehicle in Motion""]"
0,0,"Gsp Post 00","2022-11-29","I-20 East and Lowery Blvd","(O) No Injury","Daylight","On Roadway - Non-Intersection","Not a Collision with Motor Vehicle","I-20 East","Dry","11:15:00","Lap and Shoulder Belt Used","Clear",0,33.748758,-84.441731,"Atlanta","FULTON","Other Object (Not Fixed)",,"Impact Attenuate"
0,0,"Atlanta Police Department","2022-11-29","10Th St Ne and Peachtree St Ne","(O) No Injury","Daylight","On Roadway - Roadway Intersection","Rear End","10Th St Ne","Dry","15:46:00","[""Lap and Shoulder Belt Used"",""Lap and Shoulder Belt Used""]","Clear",0,33.781705,-84.383996,"Atlanta","FULTON","[""Motor Vehicle in Motion"",""Motor Vehicle in Motion""]","Following Too Close","[""Motor Vehicle in Motion"",""Motor Vehicle in Motion""]"
0,0,"Atlanta Police Department","2022-11-29","Hill St Se and Memorial Dr Se","(O) No Injury","Daylight","On Roadway - Roadway Intersection","Angle Crash","Hill St Se","Dry","13:50:00","[""Lap and Shoulder Belt Used"",""Lap and Shoulder Belt Used"",""Lap and Shoulder Belt Used"",""Lap Belt Only Used"",""Lap Belt Only Used""]","Clear",0,33.746854,-84.379326,"Atlanta","FULTON","[""Motor Vehicle in Motion"",""Motor Vehicle in Motion""]","Failure to Yield","[""Motor Vehicle in Motion"",""Motor Vehicle in Motion""]"
0,0,"Atlanta Police Department","2022-11-29","W Marietta St Nw and Marietta Blvd Nw","(O) No Injury","Daylight","On Roadway - Roadway Intersection","Angle Crash","Marietta Blvd Nw","Dry","10:00:00","[""Unknown"",""Unknown""]","Clear",0,33.786331,-84.427841,"Atlanta","FULTON","[""Motor Vehicle in Motion"",""Motor Vehicle in Motion""]","[""Misjudged Clearance"",""Misjudged Clearance""]","[""Motor Vehicle in Motion"",""Motor Vehicle in Motion""]"
0,0,"Gsp Post 00","2022-11-29","I-20 East and Mcdaniel St","(O) No Injury","Daylight","On Roadway - Non-Intersection","Sideswipe-Same Direction","I-20 East","Dry","07:58:00","[""Lap and Shoulder Belt Used"",""Lap and Shoulder Belt Used"",""Child Restraint System (Properly Used)""]","Clear",0,33.742166,-84.404473,"Atlanta","FULTON","[""Motor Vehicle in Motion"",""Motor Vehicle in Motion""]","Changed Lanes Improperly","[""Motor Vehicle in Motion"",""Motor Vehicle in Motion""]"
0,0,"Atlanta Police Department","2022-11-29","Monroe Dr Ne and Amsterdam Ave Ne","(O) No Injury","Daylight","On Roadway - Roadway Intersection","Rear End","Monroe Dr Ne","Dry","13:30:00","Lap and Shoulder Belt Used","Clear",0,33.788194,-84.367238,"Atlanta","FULTON","[""Motor Vehicle in Motion"",""Motor Vehicle in Motion""]","Following Too Close","Motor Vehicle in Motion"
0,0,"Atlanta Police Department","2022-11-29","None and I-285","(O) No Injury","Dark-Not Lighted","On Roadway - Non-Intersection","Angle Crash","I-285","Wet","23:30:00","[""Lap and Shoulder Belt Used"",""Lap and Shoulder Belt Used""]","Rain",0,33.684241,-84.50009,"Atlanta","FULTON","[""Motor Vehicle in Motion"",""Motor Vehicle in Motion""]","Too Fast for Conditions","[""Motor Vehicle in Motion"",""Motor Vehicle in Motion""]"
0,0,"Gsp Post 00","2022-11-29","I-85 S and Peachtree St","(C) Possible Injury / Complaint","Daylight","On Roadway - Non-Intersection","Rear End","I-85 S","Dry","11:00:00","[""Lap and Shoulder Belt Used"",""Lap and Shoulder Belt Used""]","Clear",0,33.798201,-84.393111,"Atlanta","FULTON","[""Motor Vehicle in Motion"",""Motor Vehicle in Motion""]","Following Too Close","[""Motor Vehicle in Motion"",""Motor Vehicle in Motion""]"
0,0,"Gsp Post 00","2022-11-29","Fair Drive and I-7585 North","(O) No Injury","Daylight","On Roadway - Non-Intersection","Rear End","I-7585 North","Dry","06:45:00","[""Lap and Shoulder Belt Used"",""Lap and Shoulder Belt Used""]","Clear",0,33.709333,-84.402182,"Atlanta","FULTON","[""Motor Vehicle in Motion"",""Motor Vehicle in Motion""]","Following Too Close","[""Motor Vehicle in Motion"",""Motor Vehicle in Motion""]"
0,0,"Gsp Post 00","2022-11-29","I-7585 Sb and North Avenue","(O) No Injury","Dark-Lighted","On Roadway - Non-Intersection","Rear End","I-7585 Sb","Dry","17:45:00","[""Lap and Shoulder Belt Used"",""Lap and Shoulder Belt Used""]","Clear",0,33.767213,-84.38897,"Atlanta","FULTON","[""Motor Vehicle in Motion"",""Motor Vehicle in Motion""]","Changed Lanes Improperly","[""Motor Vehicle in Motion"",""Motor Vehicle in Motion""]"
0,0,"Atlanta Police Department","2022-11-29","None and I-75 Rp","(C) Possible Injury / Complaint","Dark-Lighted","Entrance/Exit Ramp","Not a Collision with Motor Vehicle","I-75 Rp","Water (standing or moving)","23:00:00","Lap and Shoulder Belt Used","Rain",0,33.770135,-84.389878,"Atlanta","FULTON","Other Non-Collision","Driver Lost Control","Tree"
0,0,"Gsp Post 00","2022-11-29","I-7585 N and Ralph David Abernathy Blvd","(O) No Injury","Daylight","On Roadway - Non-Intersection","Rear End","I-7585 N","Dry","15:03:00","[""Lap and Shoulder Belt Used"",""Lap and Shoulder Belt Used"",""Lap and Shoulder Belt Used""]","Clear",0,33.745175,-84.39013,"Atlanta","FULTON","[""Motor Vehicle in Motion"",""Motor Vehicle in Motion""]","Following Too Close","[""Motor Vehicle in Motion"",""Motor Vehicle in Motion""]"
0,0,"Gsp Post 00","2022-11-29","I-7585 Northbound and University Avenue On Ramp","(O) No Injury","Dark-Not Lighted","On Roadway - Non-Intersection","Rear End","I-7585 Northbound","Dry","18:03:00","[""Unknown"",""Lap and Shoulder Belt Used"",""Lap and Shoulder Belt Used"",""Booster Seat (Properly Used)"",""Lap and Shoulder Belt Used"",""Lap and Shoulder Belt Used""]","Clear",0,33.720498,-84.3958,"Atlanta","FULTON","[""Motor Vehicle in Motion"",""Motor Vehicle in Motion"",""Motor Vehicle in Motion""]","Following Too Close","[""Motor Vehicle in Motion"",""Motor Vehicle in Motion"",""Motor Vehicle in Motion""]"
0,0,"Gsp Post 00","2022-11-29","I-7585 Nb and John Lewis Freedom Internation","(O) No Injury","Daylight","On Roadway - Non-Intersection","Rear End","I-7585 Nb","Dry","07:28:00","[""Lap and Shoulder Belt Used"",""Lap and Shoulder Belt Used""]","Clear",0,33.765478,-84.385314,"Atlanta","FULTON","[""Motor Vehicle in Motion"",""Motor Vehicle in Motion""]","Following Too Close","[""Motor Vehicle in Motion"",""Motor Vehicle in Motion""]"
0,0,"Gsp Post 00","2022-11-29","I-7585 Nb and 14Th Street","(O) No Injury","Dark-Lighted","On Roadway - Non-Intersection","Rear End","I-7585 Nb","Dry","18:45:00","[""Lap and Shoulder Belt Used"",""Lap and Shoulder Belt Used"",""Lap and Shoulder Belt Used"",""Lap and Shoulder Belt Used""]","Clear",0,33.789417,-84.390813,"Atlanta","FULTON","[""Motor Vehicle in Motion"",""Motor Vehicle in Motion"",""Motor Vehicle in Motion""]","Following Too Close","[""Motor Vehicle in Motion"",""Motor Vehicle in Motion"",""Motor Vehicle in Motion""]"
0,0,"Atlanta Police Department","2022-11-29","Miami Cir Ne and Piedmont Rd Ne","(O) No Injury","Daylight","On Roadway - Non-Intersection","Sideswipe-Same Direction","Piedmont Rd Ne","Dry","17:40:00","[""Lap and Shoulder Belt Used"",""Lap and Shoulder Belt Used""]","Clear",0,33.828573,-84.367477,"Atlanta","FULTON","[""Motor Vehicle in Motion"",""Motor Vehicle in Motion""]","Changed Lanes Improperly","[""Motor Vehicle in Motion"",""Motor Vehicle in Motion""]"
0,0,"Atlanta Police Department","2022-11-29","Collier Rd Nw and Howell Mill Rd Nw","(O) No Injury","Dark-Not Lighted","On Roadway - Roadway Intersection","Angle Crash","Howell Mill Rd Nw","Dry","20:26:00","[""Lap and Shoulder Belt Used"",""Lap and Shoulder Belt Used""]","Clear",0,33.809423,-84.412864,"Atlanta","FULTON","[""Motor Vehicle in Motion"",""Motor Vehicle in Motion""]",,"[""Motor Vehicle in Motion"",""Motor Vehicle in Motion""]"
0,0,"Gsp Post 00","2022-11-29","I-20 Eb and Martin L King Jr Dr","(O) No Injury","Daylight","On Roadway - Non-Intersection","Rear End","I-20 Eb","Dry","19:30:00","[""Lap and Shoulder Belt Used"",""Lap and Shoulder Belt Used""]","Clear",0,33.750952,-84.444596,"Atlanta","FULTON","[""Motor Vehicle in Motion"",""Motor Vehicle in Motion""]","[""Too Fast for Conditions"",""Following Too Close""]","[""Motor Vehicle in Motion"",""Motor Vehicle in Motion""]"
0,0,"Atlanta Police Department","2022-11-29","I-20 E and Maynard Ter Se","(O) No Injury","Daylight","On Roadway - Non-Intersection","Rear End","Maynard Ter Se","Dry","09:00:00","[""Lap and Shoulder Belt Used"",""Lap and Shoulder Belt Used""]","Clear",0,33.744431,-84.334438,"Atlanta","DEKALB","[""Motor Vehicle in Motion"",""Motor Vehicle in Motion""]",,"[""Motor Vehicle in Motion"",""Motor Vehicle in Motion""]"
0,0,"Atlanta Police Department","2022-11-29","7Th St Ne and Peachtree St Ne","(C) Possible Injury / Complaint","Daylight","On Roadway - Non-Intersection","Rear End","Peachtree St Ne","Dry","15:50:00","[""Unknown"",""Unknown"",""Unknown""]","Clear",0,33.778528,-84.384276,"Atlanta","FULTON","[""Motor Vehicle in Motion"",""Parked Motor Vehicle""]","Following Too Close","[""Motor Vehicle in Motion"",""Parked Motor Vehicle""]"
0,0,"Decatur Police Department","2022-11-29","E Pharr Rd and S Candler St","(O) No Injury","Daylight","On Roadway - Roadway Intersection","Rear End","S Candler St","Dry","10:50:00","[""Lap and Shoulder Belt Used"",""Lap and Shoulder Belt Used"",""Lap and Shoulder Belt Used"",""Lap and Shoulder Belt Used"",""Lap and Shoulder Belt Used"",""Lap and Shoulder Belt Used""]","Clear",0,33.75333,-84.291937,"Atlanta","DEKALB","[""Motor Vehicle in Motion"",""Motor Vehicle in Motion"",""Motor Vehicle in Motion""]","Following Too Close","[""Motor Vehicle in Motion"",""Motor Vehicle in Motion"",""Motor Vehicle in Motion""]"
0,0,"Gsp Post 00","2022-11-29","I-75 Sb and Northside Drive","(O) No Injury","Daylight","On Roadway - Non-Intersection","Sideswipe-Same Direction","I-75 Sb","Dry","12:13:00","[""Lap and Shoulder Belt Used"",""Lap and Shoulder Belt Used"",""Lap and Shoulder Belt Used"",""Child Restraint System (Properly Used)"",""Lap and Shoulder Belt Used"",""Lap and Shoulder Belt Used""]","Clear",0,33.800589,-84.398448,"Atlanta","FULTON","[""Motor Vehicle in Motion"",""Motor Vehicle in Motion"",""Motor Vehicle in Motion"",""Motor Vehicle in Motion""]","[""Reaction to Object or Animal"",""Changed Lanes Improperly""]","[""Motor Vehicle in Motion"",""Motor Vehicle in Motion"",""Motor Vehicle in Motion"",""Motor Vehicle in Motion""]"
0,0,"Atlanta Police Department","2022-11-29","Grandview Ave Ne and E Paces Ferry Rd Ne","(O) No Injury","Daylight","On Roadway - Non-Intersection","Rear End","E Paces Ferry Rd Ne","Dry","16:25:00","[""Lap and Shoulder Belt Used"",""Lap and Shoulder Belt Used""]","Clear",0,33.839119,-84.3767,"Atlanta","FULTON","[""Motor Vehicle in Motion"",""Motor Vehicle in Motion""]","Following Too Close","[""Motor Vehicle in Motion"",""Motor Vehicle in Motion""]"
0,0,"Atlanta Police Department","2022-11-29","Delaware Ave Se and Moreland Ave Se","(O) No Injury","Dark-Lighted","On Roadway - Roadway Intersection","Sideswipe-Same Direction","Moreland Ave Se","Dry","18:00:00","[""Unknown"",""Unknown""]","Clear",0,33.731337,-84.349353,"Atlanta","FULTON","[""Motor Vehicle in Motion"",""Motor Vehicle in Motion"",""Motor Vehicle in Motion""]","Changed Lanes Improperly","[""Motor Vehicle in Motion"",""Motor Vehicle in Motion"",""Motor Vehicle in Motion""]"
0,0,"Atlanta Police Department","2022-11-29","Cumberland Pl Ne and E Morningside Dr Ne","(O) No Injury","Daylight","On Roadway - Non-Intersection","Sideswipe-Same Direction","E Morningside Dr Ne","Dry","17:16:00","[""Lap and Shoulder Belt Used"",""Lap and Shoulder Belt Used""]","Clear",0,33.79957,-84.366696,"Atlanta","FULTON","[""Motor Vehicle in Motion"",""Motor Vehicle in Motion""]","Failure to Yield","[""Motor Vehicle in Motion"",""Motor Vehicle in Motion""]"
0,0,"Gsp Post 00","2022-11-29","I-20 Wb and Holmes Dr","(O) No Injury","Daylight","On Roadway - Non-Intersection","Rear End","I-20 Wb","Dry","17:58:00","[""Lap and Shoulder Belt Used"",""Lap and Shoulder Belt Used""]","Clear",0,33.756872,-84.468899,"Atlanta","FULTON","[""Motor Vehicle in Motion"",""Motor Vehicle in Motion""]","Following Too Close","[""Motor Vehicle in Motion"",""Motor Vehicle in Motion""]"
0,0,"Atlanta Police Department","2022-11-29","Decatur St Se and Central Ave Sw","(C) Possible Injury / Complaint","Dark-Lighted","On Roadway - Non-Intersection","Sideswipe-Same Direction","Central Ave Sw","Dry","18:00:00","[""Unknown"",""Unknown"",""Unknown""]","Clear",0,33.753063,-84.387704,"Atlanta","FULTON","[""Motor Vehicle in Motion"",""Motor Vehicle in Motion""]","Misjudged Clearance","[""Motor Vehicle in Motion"",""Motor Vehicle in Motion""]"
0,0,"Atlanta Police Department","2022-11-29","Lovejoy St Nw and Ivan Allen Jr Blvd Nw","(C) Possible Injury / Complaint","Daylight","On Roadway - Non-Intersection","Sideswipe-Same Direction","Ivan Allen Jr Blvd Nw","Dry","16:35:00","[""Lap and Shoulder Belt Used"",""Unknown"",""Unknown"",""Unknown"",""Lap and Shoulder Belt Used""]","Clear",0,33.764532,-84.39303,"Atlanta","FULTON","[""Motor Vehicle in Motion"",""Motor Vehicle in Motion""]","Changed Lanes Improperly","[""Motor Vehicle in Motion"",""Motor Vehicle in Motion""]"
0,0,"Gsp Post 00","2022-11-29","I-7585 S and Martin Luther King Jr Dr","(O) No Injury","Daylight","On Roadway - Non-Intersection","Rear End","I-7585 S","Dry","16:24:00","[""Lap and Shoulder Belt Used"",""Lap and Shoulder Belt Used""]","Clear",0,33.745175,-84.39013,"Atlanta","FULTON","[""Motor Vehicle in Motion"",""Motor Vehicle in Motion""]","Changed Lanes Improperly","[""Motor Vehicle in Motion"",""Motor Vehicle in Motion""]"
0,0,"Atlanta Police Department","2022-11-29","Krog St Ne and Atlanta Beltline Trl","(O) No Injury","Dusk","On Roadway - Non-Intersection","Angle Crash","Krog St Ne","Dry","16:30:00","[""Unknown"",""Lap and Shoulder Belt Used""]","Clear",0,33.753492,-84.363862,"Atlanta","FULTON","[""Motor Vehicle in Motion"",""Motor Vehicle in Motion""]",,"[""Motor Vehicle in Motion"",""Motor Vehicle in Motion""]"
0,0,"Atlanta Police Department","2022-11-29","4Th St Nw and Spring St Nw","(C) Possible Injury / Complaint","Daylight","On Roadway - Non-Intersection","Sideswipe-Same Direction","4Th St Nw","Dry","16:45:00","[""Unknown"",""Unknown""]","Clear",0,33.775084,-84.388818,"Atlanta","FULTON","[""Motor Vehicle in Motion"",""Motor Vehicle in Motion""]","Changed Lanes Improperly","[""Motor Vehicle in Motion"",""Motor Vehicle in Motion""]"
0,0,"Atlanta Police Department","2022-11-29","14Th St Nw and Northside Dr Nw","(C) Possible Injury / Complaint","Dark-Lighted","On Roadway - Roadway Intersection","Angle Crash","Northside Dr Nw","Water (standing or moving)","20:15:00","[""Unknown"",""Unknown""]","Rain",0,33.786224,-84.407445,"Atlanta","FULTON","[""Motor Vehicle in Motion"",""Motor Vehicle in Motion""]","Failure to Yield","[""Motor Vehicle in Motion"",""Motor Vehicle in Motion""]"
0,0,"Gsp Post 00","2022-11-29","I-20 East and Lowery Blvd","(O) No Injury","Daylight","On Roadway - Non-Intersection","Not a Collision with Motor Vehicle","I-20 East","Dry","11:47:00","Lap and Shoulder Belt Used","Clear",0,33.746575,-84.430937,"Atlanta","FULTON","Other Object (Not Fixed)",,"Impact Attenuate"
0,0,"Gsp Post 00","2022-11-29","I-20 East and Lowery Blvd","(O) No Injury","Daylight","On Roadway - Non-Intersection","Not a Collision with Motor Vehicle","I-20 East","Dry","11:45:00","Lap and Shoulder Belt Used","Clear",0,33.747345,-84.438855,"Atlanta","FULTON","Other Object (Not Fixed)",,"Impact Attenuate"
1,0,"Atlanta Police Department","2022-11-30","Fairburn Rd Sw and Campbellton Rd Sw","(A) Suspected Serious Injury","Daylight","On Roadway - Non-Intersection","Rear End","Campbellton Rd Sw","Dry","16:12:00","[""Unknown"",""Unknown"",""Unknown"",""Unknown"",""Unknown"",""Unknown"",""Unknown""]","Clear",0,33.690636,-84.511551,"Atlanta","FULTON","[""Motor Vehicle in Motion"",""Motor Vehicle in Motion""]","Changed Lanes Improperly","[""Motor Vehicle in Motion"",""Motor Vehicle in Motion""]"
0,0,"Atlanta Police Department","2022-11-30","Hilliard St Se and Edgewood Ave Se","(O) No Injury","Dark-Lighted","On Roadway - Roadway Intersection","Sideswipe-Opposite Direction","Edgewood Ave Se","Wet","00:15:00","[""Unknown"",""Unknown""]","Rain",0,33.754368,-84.376438,"Atlanta","FULTON","[""Parked Motor Vehicle"",""Motor Vehicle in Motion""]","Misjudged Clearance","[""Parked Motor Vehicle"",""Motor Vehicle in Motion""]"
0,0,"Atlanta Police Department","2022-11-30","North Ave Ne and Piedmont Ave Ne","(O) No Injury","Daylight","On Roadway - Non-Intersection","Rear End","North Ave Ne","Water (standing or moving)","09:29:00","[""Lap and Shoulder Belt Used"",""Lap and Shoulder Belt Used""]","Rain",0,33.77128,-84.381893,"Atlanta","FULTON","[""Motor Vehicle in Motion"",""Motor Vehicle in Motion""]","Following Too Close","[""Motor Vehicle in Motion"",""Motor Vehicle in Motion""]"
1,0,"Atlanta Police Department","2022-11-30","Mobile Ave Sw and Metropolitan Pkwy Sw","(A) Suspected Serious Injury","Daylight","On Roadway - Driveway Intersection","Angle Crash","Metropolitan Pkwy Sw","Dry","12:59:00","[""Unknown"",""Unknown"",""Unknown""]","Clear",0,33.697834,-84.408109,"Atlanta","FULTON","[""Motor Vehicle in Motion"",""Motor Vehicle in Motion""]","Failure to Yield","[""Motor Vehicle in Motion"",""Motor Vehicle in Motion""]"
0,0,"Atlanta Police Department","2022-11-30","Ga-13 N and Peachtree St Ne","(C) Possible Injury / Complaint","Dark-Lighted","On Roadway - Roadway Intersection","Rear End","Peachtree St Ne","Dry","19:15:00","[""Lap and Shoulder Belt Used"",""Lap and Shoulder Belt Used"",""Lap and Shoulder Belt Used""]","Clear",0,33.798022,-84.390496,"Atlanta","FULTON","[""Motor Vehicle in Motion"",""Motor Vehicle in Motion""]","Following Too Close","[""Motor Vehicle in Motion"",""Motor Vehicle in Motion""]"
0,0,"Atlanta Police Department","2022-11-30","Exit 76 and Cleveland Ave Sw","(O) No Injury","Daylight","On Roadway - Managed Lane (HOV, HOT, Reversible)","Angle Crash","Cleveland Ave Sw","Wet","09:03:00","[""Unknown"",""Unknown""]","Cloudy",0,33.681312,-84.411036,"Atlanta","FULTON","[""Motor Vehicle in Motion"",""Motor Vehicle in Motion""]","Failure to Yield","[""Motor Vehicle in Motion"",""Motor Vehicle in Motion""]"
0,0,"Atlanta Police Department","2022-11-30","Nancy Creek Rd Nw and Paces Ferry Rd Nw","(O) No Injury","Daylight","On Roadway - Non-Intersection","Angle Crash","Paces Ferry Rd Nw","Dry","10:35:00","[""Lap and Shoulder Belt Used"",""Lap and Shoulder Belt Used"",""Lap and Shoulder Belt Used""]","Cloudy",0,33.857177,-84.444194,"Atlanta","FULTON","[""Motor Vehicle in Motion"",""Motor Vehicle in Motion""]","Improper Backing","[""Motor Vehicle in Motion"",""Motor Vehicle in Motion""]"
0,0,"Atlanta Police Department","2022-11-30","I-285 and Exit 12","(O) No Injury","Dark-Lighted","On Roadway - Non-Intersection","Sideswipe-Same Direction","I-285","Dry","18:25:00","[""Lap and Shoulder Belt Used"",""Lap and Shoulder Belt Used""]","Clear",0,33.790514,-84.490187,"Atlanta","FULTON","[""Motor Vehicle in Motion"",""Motor Vehicle in Motion""]","[""Improper Passing"",""Improper Passing""]","[""Motor Vehicle in Motion"",""Motor Vehicle in Motion""]"