"# Serious Injuries","# Visible Injuries","Agency Name (Crash Level) ","Date","Intersection Name (from Crash Report)","KABCO Severity","Light Conditions (Crash Level)","Location at Impact (Crash Level) ","Manner of Collision (Crash Level) ","Roadway (From Crash Report)","Surface Condition (Crash Level) ","Time","Safety Equipment (Crash Level) ","Weather Conditions (Crash Level)","# of Fatalities per Crash","Latitude","Longitude","Geolocated City","Geolocated County","First Harmful Event (Unit Order)","Operator/Pedestrian Contrib Factor (excl None, Other, No Contrib Factors)","Most Harmful Event (Crash Level)"
0,0,"Gsp Post 00","2022-12-02","I-85 Sb and Armour Drive","(C) Possible Injury / Complaint","Daylight","On Roadway - Non-Intersection","Rear End","I-85 Sb","Dry","16:15:00","[""Lap and Shoulder Belt Used"",""Lap and Shoulder Belt Used"",""None Used""]","Clear",0,33.805969,-84.381867,"Atlanta","FULTON","[""Motor Vehicle in Motion"",""Motor Vehicle in Motion""]",,"[""Motor Vehicle in Motion"",""Motor Vehicle in Motion""]"
0,0,"Gsp Post 00","2022-12-02","I-85Sb and North Druid Hills Rd","(O) No Injury","Dark-Lighted","On Roadway - Non-Intersection","Rear End","I-85Sb","Dry","18:00:00","[""Lap and Shoulder Belt Used"",""Lap and Shoulder Belt Used""]","Clear",0,33.824516,-84.350371,"Atlanta","FULTON","[""Motor Vehicle in Motion"",""Motor Vehicle in Motion""]","Following Too Close","[""Motor Vehicle in Motion"",""Motor Vehicle in Motion""]"
0,0,"Gsp Post 00","2022-12-02","I-75I-85Nb and Freedom Pkwy","(O) No Injury","Daylight","On Roadway - Non-Intersection","Rear End","I-75I-85Nb","Dry","15:10:00","[""Lap and Shoulder Belt Used"",""Lap and Shoulder Belt Used""]","Clear",0,33.76487,-84.384544,"Atlanta","FULTON","[""Motor Vehicle in Motion"",""Motor Vehicle in Motion""]","Following Too Close","[""Motor Vehicle in Motion"",""Motor Vehicle in Motion""]"
0,0,"Atlanta Police Department","2022-12-02","North Ave Ne and Glen Iris Dr Ne","(O) No Injury","Daylight","On Roadway - Roadway Intersection","Angle Crash","North Ave Ne","Water (standing or moving)","16:18:00","[""Unknown"",""Unknown""]","Clear",0,33.771153,-84.367699,"Atlanta","FULTON","[""Motor Vehicle in Motion"",""Motor Vehicle in Motion""]",,"[""Motor Vehicle in Motion"",""Motor Vehicle in Motion""]"
0,0,"Gsp Post 00","2022-12-02","I-20 West and Capitol Ave","(O) No Injury","Daylight","On Roadway - Non-Intersection","Rear End","I-20 West","Dry","10:56:00","[""Lap and Shoulder Belt Used"",""Lap and Shoulder Belt Used"",""Lap and Shoulder Belt Used""]","Cloudy",0,33.743442,-84.368094,"Atlanta","FULTON","[""Motor Vehicle in Motion"",""Motor Vehicle in Motion""]","Following Too Close","[""Motor Vehicle in Motion"",""Motor Vehicle in Motion""]"
0,0,"Atlanta Police Department","2022-12-02","Stovall Blvd Ne and Peachtree Dunwoody Rd Ne","(O) No Injury","Daylight","On Shoulder","Not a Collision with Motor Vehicle","Stovall Blvd Ne","Dry","09:20:00","Lap and Shoulder Belt Used","Clear",0,33.862053,-84.357593,"Atlanta","FULTON","Mail Box","Misjudged Clearance","Mail Box"
0,0,"Gsp Post 00","2022-12-02","Ga-13Sb and Armour Dr","(O) No Injury","Daylight","On Roadway - Non-Intersection","Rear End","Ga-13Sb","Dry","16:40:00","[""Lap and Shoulder Belt Used"",""Lap and Shoulder Belt Used""]","Clear",0,33.807885,-84.377261,"Atlanta","FULTON","[""Motor Vehicle in Motion"",""Motor Vehicle in Motion""]","Following Too Close","[""Motor Vehicle in Motion"",""Motor Vehicle in Motion""]"
0,0,"Atlanta Police Department","2022-12-02","Ga-13 N and Peachtree St Ne","(C) Possible Injury / Complaint","Daylight","On Roadway - Non-Intersection","Rear End","Peachtree St Ne","Dry","15:52:00","[""Unknown"",""Unknown"",""Unknown"",""Unknown""]","Clear",0,33.798445,-84.391122,"Atlanta","FULTON","[""Motor Vehicle in Motion"",""Motor Vehicle in Motion""]","Following Too Close","[""Motor Vehicle in Motion"",""Motor Vehicle in Motion""]"
0,0,"Atlanta Police Department","2022-12-02","None and Lenox Rd Ne","Unknown","Dark-Lighted","On Shoulder","Not a Collision with Motor Vehicle","Lenox Rd Ne","Dry","03:00:00","Unknown","Clear",0,33.800543,-84.351516,"Atlanta","FULTON","Mail Box","Driver Lost Control","Mail Box"
0,0,"Atlanta Police Department","2022-12-02","2Nd Ave Se and Glenwood Ave Se","(C) Possible Injury / Complaint","Daylight","On Roadway - Roadway Intersection","Head On","Glenwood Ave Se","Dry","15:20:00","[""Unknown"",""Unknown""]","Clear",0,33.740043,-84.309666,"Atlanta","DEKALB","[""Motor Vehicle in Motion"",""Motor Vehicle in Motion""]","[""Disregard Stop Sign/Signal"",""Improper Turn""]","[""Motor Vehicle in Motion"",""Motor Vehicle in Motion""]"
0,0,"Atlanta Police Department","2022-12-02","Sells Ave Sw and Legacy Dr Sw","(O) No Injury","Dark-Lighted","On Roadway - Roadway Intersection","Angle Crash","Legacy Dr Sw","Dry","20:00:00","[""Lap and Shoulder Belt Used"",""Lap and Shoulder Belt Used""]","Clear",0,33.745346,-84.419264,"Atlanta","FULTON","[""Motor Vehicle in Motion"",""Motor Vehicle in Motion""]","Failure to Yield","[""Motor Vehicle in Motion"",""Motor Vehicle in Motion""]"
0,0,"Gsp Post 00","2022-12-02","I-75 Sb and Deering Road","(O) No Injury","Dark-Lighted","On Roadway - Non-Intersection","Sideswipe-Same Direction","I-75 Sb","Dry","18:05:00","[""Lap and Shoulder Belt Used"",""Lap and Shoulder Belt Used""]","Clear",0,33.796514,-84.394981,"Atlanta","FULTON","[""Motor Vehicle in Motion"",""Motor Vehicle in Motion""]",,"[""Motor Vehicle in Motion"",""Motor Vehicle in Motion""]"
0,0,"Atlanta Police Department","2022-12-02","Baker St Nw and Luckie St Nw","(O) No Injury","Daylight","On Roadway - Roadway Intersection","Sideswipe-Same Direction","Baker St Nw","Dry","13:35:00","[""Unknown"",""Unknown""]","Clear",0,33.762237,-84.395346,"Atlanta","FULTON","[""Motor Vehicle in Motion"",""Motor Vehicle in Motion""]","Changed Lanes Improperly","[""Motor Vehicle in Motion"",""Motor Vehicle in Motion""]"
0,0,"Atlanta Police Department","2022-12-02","Virginia Ave Ne and N Highland Ave Ne","(O) No Injury","Dark-Lighted","On Roadway - Driveway Intersection","Angle Crash","N Highland Ave Ne","Dry","23:50:00","[""Lap and Shoulder Belt Used"",""Lap and Shoulder Belt Used""]","Clear",0,33.782463,-84.354352,"Atlanta","FULTON","[""Motor Vehicle in Motion"",""Motor Vehicle in Motion""]","[""Improper Turn"",""Misjudged Clearance""]","[""Motor Vehicle in Motion"",""Motor Vehicle in Motion""]"
0,0,"Gsp Post 00","2022-12-02","I-285 South and Ga 166 Overpass","(O) No Injury","Daylight","On Roadway - Non-Intersection","Sideswipe-Same Direction","I-285 South","Dry","13:02:00","[""Lap and Shoulder Belt Used"",""Lap and Shoulder Belt Used"",""Lap and Shoulder Belt Used"",""Lap and Shoulder Belt Used"",""Lap and Shoulder Belt Used""]","Cloudy",0,33.689605,-84.500191,"Atlanta","FULTON","[""Motor Vehicle in Motion"",""Motor Vehicle in Motion"",""Motor Vehicle in Motion""]","Changed Lanes Improperly","[""Motor Vehicle in Motion"",""Motor Vehicle in Motion"",""Motor Vehicle in Motion""]"
0,0,"Atlanta Police Department","2022-12-02","Northside Pkwy Nw and W Paces Ferry Rd Nw","(O) No Injury","Daylight","On Roadway - Roadway Intersection","Angle Crash","W Paces Ferry Rd Nw","Dry","08:50:00","[""Unknown"",""Unknown""]","Clear",0,33.849026,-84.430202,"Atlanta","FULTON","[""Motor Vehicle in Motion"",""Motor Vehicle in Motion""]","Changed Lanes Improperly","[""Motor Vehicle in Motion"",""Motor Vehicle in Motion""]"
0,0,"Gsp Post 00","2022-12-02","Ga-400 South and Glenridge Conn","(O) No Injury","Daylight","On Roadway - Non-Intersection","Sideswipe-Same Direction","Ga-400 South","Dry","14:09:00","[""Lap and Shoulder Belt Used"",""Child Restraint System (Properly Used)"",""Lap and Shoulder Belt Used""]","Clear",0,33.837821,-84.359678,"Atlanta","FULTON","[""Motor Vehicle in Motion"",""Motor Vehicle in Motion""]",,"[""Motor Vehicle in Motion"",""Motor Vehicle in Motion""]"
0,0,"Atlanta Police Department","2022-12-02","Biscayne Dr Nw and Peachtree Rd Ne","(O) No Injury","Dark-Lighted","On Roadway - Non-Intersection","Sideswipe-Same Direction","Biscayne Dr Nw","Dry","22:20:00","[""Unknown"",""Lap and Shoulder Belt Used""]","Clear",0,33.814727,-84.391836,"Atlanta","FULTON","[""Motor Vehicle in Motion"",""Motor Vehicle in Motion""]","[""Under the Influence (U.I.)"",""Changed Lanes Improperly""]","[""Motor Vehicle in Motion"",""Motor Vehicle in Motion""]"
0,0,"Atlanta Police Department","2022-12-02","Linden Ave Ne and Courtland St Ne","(O) No Injury","Daylight","On Roadway - Roadway Intersection","Angle Crash","Linden Ave Ne","Dry","14:39:00","[""Lap and Shoulder Belt Used"",""Lap and Shoulder Belt Used"",""Lap and Shoulder Belt Used""]","Clear",0,33.769833,-84.384071,"Atlanta","FULTON","[""Motor Vehicle in Motion"",""Motor Vehicle in Motion""]","Changed Lanes Improperly","[""Motor Vehicle in Motion"",""Motor Vehicle in Motion""]"
0,0,"Atlanta Police Department","2022-12-02","Peachtree St Ne and Renaissance Pkwy Ne","(O) No Injury","Daylight","On Roadway - Non-Intersection","Sideswipe-Same Direction","Peachtree St Ne","Dry","16:00:00","Unknown","Clear",0,33.76836,-84.385284,"Atlanta","FULTON","[""Motor Vehicle in Motion"",""Parked Motor Vehicle""]","Changed Lanes Improperly","[""Motor Vehicle in Motion"",""Parked Motor Vehicle""]"
0,0,"Atlanta Police Department","2022-12-02","Linden Ave Ne and Courtland St Ne","(O) No Injury","Daylight","On Roadway - Non-Intersection","Sideswipe-Same Direction","Linden Ave Ne","Dry","15:37:00","Lap and Shoulder Belt Used","Clear",0,33.769828,-84.384302,"Atlanta","FULTON","[""Motor Vehicle in Motion"",""Parked Motor Vehicle""]","Improper Passing","[""Motor Vehicle in Motion"",""Parked Motor Vehicle""]"
0,0,"Atlanta Police Department","2022-12-02","Hamilton E Holmes Dr Nw and Hamilton E Holmes Dr Nw Exit 52B","(O) No Injury","Daylight","On Roadway - Driveway Intersection","Rear End","Hamilton E Holmes Dr Nw Exit 52B","Dry","19:00:00","[""Unknown"",""Lap and Shoulder Belt Used""]","Clear",0,33.758884,-84.469273,"Atlanta","FULTON","[""Motor Vehicle in Motion"",""Motor Vehicle in Motion""]","Following Too Close","[""Motor Vehicle in Motion"",""Motor Vehicle in Motion""]"
0,0,"Atlanta Police Department","2022-12-02","Fulton St Sw and Mcdaniel St Sw","(O) No Injury","Daylight","On Roadway - Roadway Intersection","Rear End","Mcdaniel St Sw","Dry","20:00:00","[""None Used"",""None Used"",""None Used""]","Clear",0,33.741556,-84.402936,"Atlanta","FULTON","[""Motor Vehicle in Motion"",""Motor Vehicle in Motion""]",,"[""Motor Vehicle in Motion"",""Motor Vehicle in Motion""]"
0,0,"Gsp Post 00","2022-12-02","Ga 166 and I-285 North","(C) Possible Injury / Complaint","Daylight","On Roadway - Non-Intersection","Rear End","I-285 North","Dry","16:17:00","[""Lap and Shoulder Belt Used"",""Lap and Shoulder Belt Used"",""Lap and Shoulder Belt Used"",""Lap and Shoulder Belt Used""]","Clear",0,33.676759,-84.498985,"Atlanta","FULTON","[""Motor Vehicle in Motion"",""Motor Vehicle in Motion"",""Motor Vehicle in Motion"",""Motor Vehicle in Motion""]","Following Too Close","[""Motor Vehicle in Motion"",""Motor Vehicle in Motion"",""Motor Vehicle in Motion"",""Motor Vehicle in Motion""]"
0,0,"Gsp Post 00","2022-12-02","I-75 Southbound and West Paces Ferry Road","(O) No Injury","Daylight","Off Roadway","Rear End","I-75 Southbound","Wet","16:00:00","[""Lap and Shoulder Belt Used"",""Lap and Shoulder Belt Used"",""Lap and Shoulder Belt Used"",""Unknown""]","Clear",0,33.848865,-84.43079,"Atlanta","FULTON","[""Other - Fixed Object"",""Motor Vehicle in Motion"",""Motor Vehicle in Motion""]",,"[""Motor Vehicle in Motion"",""Motor Vehicle in Motion""]"
0,0,"Atlanta Police Department","2022-12-02","I-75 N and 10Th St Nw","(O) No Injury","Dark-Lighted","On Roadway - Roadway Intersection","Angle Crash","10Th St Nw","Dry","23:35:00","[""Unknown"",""Lap and Shoulder Belt Used"",""Lap and Shoulder Belt Used""]","Clear",0,33.781547,-84.390886,"Atlanta","FULTON","[""Motor Vehicle in Motion"",""Motor Vehicle in Motion""]","[""Aggressive Driving"",""Disregard Other Traffic Control""]","[""Motor Vehicle in Motion"",""Motor Vehicle in Motion""]"
0,0,"Atlanta Police Department","2022-12-02","None and Campbellton Rd Sw","(O) No Injury","Dark-Lighted","On Roadway - Non-Intersection","Sideswipe-Same Direction","Campbellton Rd Sw","Dry","18:20:00","[""Unknown"",""Unknown""]","Clear",0,33.690375,-84.510015,"Atlanta","FULTON","[""Motor Vehicle in Motion"",""Motor Vehicle in Motion""]","Failure to Yield","[""Motor Vehicle in Motion"",""Motor Vehicle in Motion""]"
0,0,"Atlanta Police Department","2022-12-02","W Marietta St Nw and Marietta Blvd Nw","(O) No Injury","Daylight","On Roadway - Roadway Intersection","Rear End","Marietta Blvd Nw","Dry","16:00:00","[""Unknown"",""Lap Belt Only Used"",""Lap and Shoulder Belt Used""]","Clear",0,33.786329,-84.427823,"Atlanta","FULTON","[""Motor Vehicle in Motion"",""Motor Vehicle in Motion""]","Following Too Close","Motor Vehicle in Motion"
0,0,"Atlanta Police Department","2022-12-02","Anjaco Rd Nw and Collier Rd Nw","(O) No Injury","Daylight","On Roadway - Driveway Intersection","Angle Crash","Collier Rd Nw","Dry","09:00:00","[""Unknown"",""Unknown""]","Clear",0,33.807967,-84.396404,"Atlanta","FULTON","[""Motor Vehicle in Motion"",""Motor Vehicle in Motion""]","No Signal/Improper Signal","[""Motor Vehicle in Motion"",""Motor Vehicle in Motion""]"
0,0,"Gsp Post 00","2022-12-02","I-85 Sb and Lindbergh Drive","(O) No Injury","Dark-Lighted","On Roadway - Non-Intersection","Rear End","I-85 Sb","Dry","18:55:00","[""Lap and Shoulder Belt Used"",""Lap and Shoulder Belt Used"",""Lap and Shoulder Belt Used""]","Clear",0,33.818169,-84.362358,"Atlanta","FULTON","[""Motor Vehicle in Motion"",""Motor Vehicle in Motion"",""Motor Vehicle in Motion""]","Following Too Close","[""Motor Vehicle in Motion"",""Motor Vehicle in Motion"",""Motor Vehicle in Motion""]"
0,0,"Gsp Post 00","2022-12-02","I-20 Exit Ramp and I-75/85 North Entrance Ramp","(O) No Injury","Dark-Lighted","On Roadway - Non-Intersection","Sideswipe-Same Direction","I-20 Exit Ramp","Dry","11:30:00","[""Lap and Shoulder Belt Used"",""Lap and Shoulder Belt Used"",""Lap and Shoulder Belt Used""]","Cloudy",0,33.745175,-84.39013,"Atlanta","FULTON","[""Motor Vehicle in Motion"",""Motor Vehicle in Motion""]","Changed Lanes Improperly","[""Motor Vehicle in Motion"",""Motor Vehicle in Motion""]"
0,0,"Atlanta Police Department","2022-12-02","Collier Rd Nw and Peachtree Rd Ne","(O) No Injury","Daylight","On Roadway - Non-Intersection","Angle Crash","Collier Rd Nw","Dry","11:55:00","[""Lap and Shoulder Belt Used"",""Lap and Shoulder Belt Used""]","Clear",0,33.806871,-84.394219,"Atlanta","FULTON","[""Motor Vehicle in Motion"",""Motor Vehicle in Motion""]","Failure to Yield","[""Motor Vehicle in Motion"",""Motor Vehicle in Motion""]"
0,1,"Gsp Post 00","2022-12-02","I-20 West and Windsor Street Exit Ramp","(B) Suspected Minor/Visible Injury","Daylight","On Shoulder","Not a Collision with Motor Vehicle","Windsor Street Exit Ramp","Dry","17:35:00","Motorcycle Helmet","Clear",0,33.74594,-84.397813,"Atlanta","FULTON","Median Barrier","Too Fast for Conditions","Median Barrier"
0,0,"Atlanta Police Department","2022-12-02","I-85 and Ga-13 S","(O) No Injury","Dark-Lighted","On Roadway - Collector Distributor (CD)","Rear End","I-85","Dry","19:20:00","[""Unknown"",""Lap and Shoulder Belt Used""]","Clear",0,33.823052,-84.357273,"Atlanta","FULTON","[""Motor Vehicle in Motion"",""Motor Vehicle in Motion""]","Following Too Close","[""Motor Vehicle in Motion"",""Motor Vehicle in Motion""]"
1,0,"Atlanta Police Department","2022-12-02","None and Northside Dr Sw","(A) Suspected Serious Injury","Daylight","On Roadway - Roadway Intersection","Angle Crash","Northside Dr Sw","Dry","11:53:00","[""Unknown"",""Unknown"",""Unknown"",""Unknown"",""Unknown""]","Clear",0,33.754288,-84.402816,"Atlanta","FULTON","[""Motor Vehicle in Motion"",""Motor Vehicle in Motion"",""Motor Vehicle in Motion"",""Motor Vehicle in Motion""]","[""Wrong Side of Road"",""Reckless Driving"",""Improper Backing""]","[""Motor Vehicle in Motion"",""Motor Vehicle in Motion"",""Motor Vehicle in Motion"",""Motor Vehicle in Motion""]"
0,0,"Atlanta Police Department","2022-12-02","Logan Cir Nw and Chattahoochee Ave Nw","(C) Possible Injury / Complaint","Daylight","On Roadway - Non-Intersection","Angle Crash","Logan Cir Nw","Dry","08:26:00","[""Lap and Shoulder Belt Used"",""Lap and Shoulder Belt Used""]","Clear",0,33.806508,-84.431555,"Atlanta","FULTON","[""Motor Vehicle in Motion"",""Motor Vehicle in Motion""]","Changed Lanes Improperly","[""Motor Vehicle in Motion"",""Motor Vehicle in Motion""]"
0,1,"Atlanta Police Department","2022-12-02","Chappell Rd Nw and Joseph E Boone Blvd Nw","(B) Suspected Minor/Visible Injury","Daylight","On Roadway - Roadway Intersection","Rear End","Joseph E Boone Blvd Nw","Dry","17:00:00","[""Unknown"",""Lap and Shoulder Belt Used""]","Clear",0,33.76356,-84.433624,"Atlanta","FULTON","[""Motor Vehicle in Motion"",""Parked Motor Vehicle""]","Improper Backing","[""Motor Vehicle in Motion"",""Parked Motor Vehicle""]"
0,0,"Atlanta Police Department","2022-12-02","I-75 N and Northside Pkwy Nw","(C) Possible Injury / Complaint","Daylight","On Roadway - Roadway Intersection","Angle Crash","Northside Pkwy Nw","Dry","07:58:00","[""Lap and Shoulder Belt Used"",""Lap and Shoulder Belt Used""]","Clear",0,33.847251,-84.429178,"Atlanta","FULTON","[""Motor Vehicle in Motion"",""Motor Vehicle in Motion""]",,"[""Motor Vehicle in Motion"",""Motor Vehicle in Motion""]"
0,0,"Gsp Post 00","2022-12-02","I-20 and I-285 Southbouund","(C) Possible Injury / Complaint","Dark-Not Lighted","On Roadway - Non-Intersection","Sideswipe-Same Direction","I-285 Southbouund","Dry","19:02:00","[""Lap and Shoulder Belt Used"",""Lap and Shoulder Belt Used"",""Lap and Shoulder Belt Used"",""Lap and Shoulder Belt Used""]","Clear",0,33.772038,-84.49604,"Atlanta","FULTON","[""Motor Vehicle in Motion"",""Motor Vehicle in Motion""]",,"[""Motor Vehicle in Motion"",""Motor Vehicle in Motion""]"
0,0,"Atlanta Police Department","2022-12-02","Lee St Sw and Ralph David Abernathy Blvd Sw","(O) No Injury","Dark-Lighted","On Roadway - Non-Intersection","Sideswipe-Same Direction","Ralph David Abernathy Blvd Sw","Dry","22:00:00","[""Lap and Shoulder Belt Used"",""Lap and Shoulder Belt Used""]","Clear",0,33.738234,-84.413905,"Atlanta","FULTON","[""Motor Vehicle in Motion"",""Motor Vehicle in Motion""]","Improper Turn","[""Motor Vehicle in Motion"",""Motor Vehicle in Motion""]"
0,0,"Atlanta Police Department","2022-12-02","14Th St Nw and Northside Dr Nw","(O) No Injury","Daylight","On Roadway - Roadway Intersection","Angle Crash","14Th St Nw","Dry","15:45:00","[""Unknown"",""Unknown""]","Clear",0,33.786224,-84.407445,"Atlanta","FULTON","[""Motor Vehicle in Motion"",""Motor Vehicle in Motion""]",,"[""Motor Vehicle in Motion"",""Motor Vehicle in Motion""]"
0,0,"Atlanta Police Department","2022-12-02","N Highland Ave Ne and Blue Ridge Ave Ne","(O) No Injury","Dawn","On Roadway - Driveway Intersection","Angle Crash","Blue Ridge Ave Ne","Dry","17:30:00","[""None Used"",""None Used""]","Clear",0,33.772415,-84.352515,"Atlanta","FULTON","[""Motor Vehicle in Motion"",""Motor Vehicle in Motion""]",,"[""Motor Vehicle in Motion"",""Motor Vehicle in Motion""]"
0,0,"Atlanta Police Department","2022-12-02","None and Ponce De Leon Ave Ne","(O) No Injury","Dark-Lighted","On Roadway - Non-Intersection","Rear End","Ponce De Leon Ave Ne","Dry","17:24:00","[""Unknown"",""Unknown"",""Unknown""]","Clear",0,33.773819,-84.357306,"Atlanta","FULTON","[""Motor Vehicle in Motion"",""Motor Vehicle in Motion""]",,"[""Motor Vehicle in Motion"",""Motor Vehicle in Motion""]"
0,0,"Atlanta Police Department","2022-12-02","Peachtree St Nw and Peachtree Cir Ne","(O) No Injury","Dark-Lighted","On Roadway - Roadway Intersection","Sideswipe-Same Direction","Peachtree St Nw","Dry","18:20:00","[""Unknown"",""Unknown""]","Clear",0,33.795824,-84.387733,"Atlanta","FULTON","[""Motor Vehicle in Motion"",""Motor Vehicle in Motion""]","Failure to Yield","[""Motor Vehicle in Motion"",""Motor Vehicle in Motion""]"
0,0,"Atlanta Police Department","2022-12-02","None and E Shadowlawn Ave Ne","(O) No Injury","Daylight","On Roadway - Non-Intersection","Sideswipe-Same Direction","E Shadowlawn Ave Ne","Dry","14:00:00","Shoulder Belt Only Used","Clear",0,33.839324,-84.374118,"Atlanta","FULTON","[""Parked Motor Vehicle"",""Motor Vehicle in Motion""]",,"[""Parked Motor Vehicle"",""Motor Vehicle in Motion""]"
0,0,"Atlanta Police Department","2022-12-02","I-20 E and Bill Kennedy Way Se","(O) No Injury","Daylight","On Roadway - Non-Intersection","Angle Crash","Bill Kennedy Way Se","Dry","16:00:00","[""Unknown"",""Unknown"",""Unknown""]","Clear",0,33.742925,-84.358206,"Atlanta","FULTON","[""Motor Vehicle in Motion"",""Motor Vehicle in Motion""]","Failure to Yield","[""Motor Vehicle in Motion"",""Motor Vehicle in Motion""]"
0,0,"Atlanta Police Department","2022-12-02","16Th St Nw and Spring St Nw","(O) No Injury","Dark-Lighted","On Roadway - Managed Lane (HOV, HOT, Reversible)","Sideswipe-Same Direction","Spring St Nw","Dry","04:57:00","[""Unknown"",""Lap and Shoulder Belt Used""]","Clear",0,33.790408,-84.389305,"Atlanta","FULTON","[""Motor Vehicle in Motion"",""Motor Vehicle in Motion""]","[""Changed Lanes Improperly"",""Improper Turn""]","[""Motor Vehicle in Motion"",""Motor Vehicle in Motion""]"
0,0,"Atlanta Police Department","2022-12-02","Hutchens Rd Se and King Smith Rd Se","(C) Possible Injury / Complaint","Daylight","On Roadway - Non-Intersection","Sideswipe-Same Direction","Hutchens Rd Se","Dry","16:00:00","[""Unknown"",""Unknown""]","Clear",0,33.669669,-84.368554,"Atlanta","FULTON","[""Motor Vehicle in Motion"",""Parked Motor Vehicle""]",,"[""Motor Vehicle in Motion"",""Motor Vehicle in Motion""]"
0,0,"Gsp Post 00","2022-12-02","I-7585 South and Ga-166 Overpass","(O) No Injury","Daylight","On Roadway - Non-Intersection","Sideswipe-Same Direction","I-7585 South","Dry","14:00:00","[""Unknown"",""Lap and Shoulder Belt Used""]","Clear",0,33.701218,-84.404549,"Atlanta","FULTON","[""Motor Vehicle in Motion"",""Motor Vehicle in Motion""]","Changed Lanes Improperly","[""Motor Vehicle in Motion"",""Motor Vehicle in Motion""]"
0,0,"Gsp Post 00","2022-12-02","I-7585 Nb and 14Th Street","(O) No Injury","Dark-Lighted","On Roadway - Non-Intersection","Sideswipe-Same Direction","I-7585 Nb","Dry","18:45:00","[""Unknown"",""Lap and Shoulder Belt Used""]","Clear",0,33.788202,-84.390817,"Atlanta","FULTON","[""Motor Vehicle in Motion"",""Motor Vehicle in Motion""]",,"[""Motor Vehicle in Motion"",""Motor Vehicle in Motion""]"
0,0,"Atlanta Police Department","2022-12-02","5Th St Ne and Juniper St Ne","(O) No Injury","Dark-Lighted","On Roadway - Non-Intersection","Sideswipe-Same Direction","Juniper St Ne","Dry","20:45:00","[""Lap and Shoulder Belt Used"",""Lap and Shoulder Belt Used"",""Lap and Shoulder Belt Used"",""Lap and Shoulder Belt Used"",""Lap and Shoulder Belt Used""]","Cloudy",0,33.775962,-84.382968,"Atlanta","FULTON","[""Motor Vehicle in Motion"",""Motor Vehicle in Motion""]","Changed Lanes Improperly","[""Motor Vehicle in Motion"",""Motor Vehicle in Motion""]"
0,0,"Atlanta Police Department","2022-12-02","Seaboard Ave Ne and Moreland Ave Ne","(O) No Injury","Dark-Lighted","On Roadway - Roadway Intersection","Rear End","Moreland Ave Ne","Dry","17:00:00","Unknown","Clear",0,33.758435,-84.349185,"Atlanta","FULTON","[""Motor Vehicle in Motion"",""Motor Vehicle in Motion""]","Improper Backing","[""Motor Vehicle in Motion"",""Motor Vehicle in Motion""]"
0,0,"Atlanta Police Department","2022-12-02","Northside Dr Nw and Northside Cir Nw","(O) No Injury","Daylight","On Roadway - Non-Intersection","Angle Crash","Northside Dr Nw","Dry","16:00:00","[""Shoulder Belt Only Used"",""Shoulder Belt Only Used""]","Clear",0,33.797841,-84.407842,"Atlanta","FULTON","[""Motor Vehicle in Motion"",""Motor Vehicle in Motion""]","Failure to Yield","[""Motor Vehicle in Motion"",""Motor Vehicle in Motion""]"
0,0,"Atlanta Police Department","2022-12-02","Adamsville Dr Sw and Martin Luther King Jr Dr Sw","(C) Possible Injury / Complaint","Daylight","On Roadway - Non-Intersection","Not a Collision with Motor Vehicle","Martin Luther King Jr Dr Sw","Dry","11:00:00","Unknown","Cloudy",0,33.762025,-84.508109,"Atlanta","FULTON","Motor Vehicle in Motion","Driver Lost Control","Motor Vehicle in Motion"
0,0,"Atlanta Police Department","2022-12-02","I-75 and Washington St Sw","(O) No Injury","Dark-Lighted","Entrance/Exit Ramp","Rear End","I-75","Dry","22:30:00","[""Unknown"",""Unknown""]","Clear",0,33.743442,-84.391089,"Atlanta","FULTON","[""Motor Vehicle in Motion"",""Motor Vehicle in Motion""]","Following Too Close","[""Motor Vehicle in Motion"",""Motor Vehicle in Motion""]"
0,0,"Atlanta Police Department","2022-12-02","Peyton Pl Sw and Martin Luther King Jr Dr Sw","(O) No Injury","Dark-Lighted","On Roadway - Roadway Intersection","Angle Crash","Peyton Pl Sw","Dry","18:18:00","[""Unknown"",""Unknown"",""Unknown"",""Unknown"",""Unknown""]","Clear",0,33.754062,-84.476448,"Atlanta","FULTON","[""Motor Vehicle in Motion"",""Motor Vehicle in Motion"",""Motor Vehicle in Motion""]","Disregard Police - Evasion","[""Motor Vehicle in Motion"",""Motor Vehicle in Motion"",""Motor Vehicle in Motion""]"
0,0,"Gsp Post 00","2022-12-02","I-85 Nb and 17Th Street","(O) No Injury","Dark-Lighted","On Roadway - Non-Intersection","Rear End","I-85 Nb","Dry","19:25:00","[""Lap and Shoulder Belt Used"",""Lap and Shoulder Belt Used"",""Lap and Shoulder Belt Used""]","Clear",0,33.793531,-84.392257,"Atlanta","FULTON","[""Motor Vehicle in Motion"",""Motor Vehicle in Motion""]","Following Too Close","[""Motor Vehicle in Motion"",""Motor Vehicle in Motion""]"
0,0,"Atlanta Police Department","2022-12-02","Spring St Nw and Ivan Allen Jr Blvd Nw","(O) No Injury","Daylight","On Roadway - Non-Intersection","Sideswipe-Opposite Direction","Ivan Allen Jr Blvd Nw","Other","20:30:00","Unknown","Other",0,33.764632,-84.389039,"Atlanta","FULTON","[""Motor Vehicle in Motion"",""Motor Vehicle in Motion""]","Changed Lanes Improperly","Motor Vehicle in Motion"