"# Serious Injuries","# Visible Injuries","Agency Name (Crash Level) ","Date","Intersection Name (from Crash Report)","KABCO Severity","Light Conditions (Crash Level)","Location at Impact (Crash Level) ","Manner of Collision (Crash Level) ","Roadway (From Crash Report)","Surface Condition (Crash Level) ","Time","Safety Equipment (Crash Level) ","Weather Conditions (Crash Level)","# of Fatalities per Crash","Latitude","Longitude","Geolocated City","Geolocated County","First Harmful Event (Unit Order)","Operator/Pedestrian Contrib Factor (excl None, Other, No Contrib Factors)","Most Harmful Event (Crash Level)"
0,0,"Atlanta Police Department","2022-12-04","Habersham Rd Nw and W Paces Ferry Rd Nw","(O) No Injury","Daylight","On Roadway - Roadway Intersection","Angle Crash","W Paces Ferry Rd Nw","Dry","12:49:00","[""Lap and Shoulder Belt Used"",""Lap and Shoulder Belt Used""]","Clear",0,33.844039,-84.395386,"Atlanta","FULTON","[""Motor Vehicle in Motion"",""Motor Vehicle in Motion""]","Failure to Yield","[""Motor Vehicle in Motion"",""Motor Vehicle in Motion""]"
0,0,"Atlanta Police Department","2022-12-04","Tuxedo Rd Nw and Northside Dr Nw","(C) Possible Injury / Complaint","Daylight","Off Roadway","Not a Collision with Motor Vehicle","Northside Dr Nw","Dry","15:30:00","Lap and Shoulder Belt Used","Clear",0,33.855533,-84.40541,"Atlanta","FULTON","Tree","Driver Lost Control","Tree"
0,0,"Atlanta Police Department","2022-12-04","10Th St Ne and Monroe Dr Ne","(O) No Injury","Dark-Lighted","On Roadway - Roadway Intersection","Sideswipe-Same Direction","Monroe Dr Ne","Dry","21:10:00","[""Lap and Shoulder Belt Used"",""Lap and Shoulder Belt Used"",""Lap and Shoulder Belt Used""]","Clear",0,33.781599,-84.36873,"Atlanta","FULTON","[""Motor Vehicle in Motion"",""Motor Vehicle in Motion""]","Improper Passing","[""Motor Vehicle in Motion"",""Motor Vehicle in Motion""]"
0,0,"Atlanta Police Department","2022-12-04","10Th St Ne and W Peachtree St Nw","(C) Possible Injury / Complaint","Daylight","Off Roadway","Angle Crash","W Peachtree St Nw","Dry","15:25:00","[""Unknown"",""Lap and Shoulder Belt Used""]","Cloudy",0,33.781745,-84.387836,"Atlanta","FULTON","[""Other - Fixed Object"",""Motor Vehicle in Motion""]","Changed Lanes Improperly","[""Motor Vehicle in Motion"",""Motor Vehicle in Motion""]"
0,0,"Atlanta Police Department","2022-12-04","Elizabeth St Ne and N Highland Ave Ne","(O) No Injury","Daylight","On Roadway - Non-Intersection","Sideswipe-Opposite Direction","Elizabeth St Ne","Dry","13:00:00","Lap and Shoulder Belt Used","Clear",0,33.763115,-84.358084,"Atlanta","FULTON","[""Motor Vehicle in Motion"",""Parked Motor Vehicle""]","Misjudged Clearance","[""Motor Vehicle in Motion"",""Parked Motor Vehicle""]"
0,0,"Atlanta Police Department","2022-12-04","Avon Ave Sw and Epworth St Sw","(O) No Injury","Dark-Lighted","On Roadway - Non-Intersection","Rear End","Epworth St Sw","Dry","23:17:00","Unknown","Clear",0,33.721773,-84.430832,"Atlanta","FULTON","[""Motor Vehicle in Motion"",""Motor Vehicle in Motion""]","Misjudged Clearance","[""Motor Vehicle in Motion"",""Motor Vehicle in Motion""]"
0,0,"Dekalb Co Police Department","2022-12-04","Vickers St and Moreland Ave","(O) No Injury","Daylight","On Roadway - Non-Intersection","Sideswipe-Same Direction","Moreland Ave","Dry","15:00:00","[""Unknown"",""Unknown""]","Clear",0,33.721572,-84.349479,"Atlanta","FULTON","[""Motor Vehicle in Motion"",""Motor Vehicle in Motion""]",,"[""Motor Vehicle in Motion"",""Motor Vehicle in Motion""]"
0,0,"Gsp Post 00","2022-12-04","Morland Ave and Custer Avenue","(O) No Injury","Dark-Lighted","Off Roadway","Not a Collision with Motor Vehicle","Morland Ave","Dry","22:52:00","None Used","Clear",0,33.715511,-84.349768,"Atlanta","FULTON","Other - Fixed Object","[""Reckless Driving"",""Exceeding Speed Limit"",""Driver Lost Control"",""Disregard Police - Evasion""]","Other - Fixed Object"
0,0,"Atlanta Police Department","2022-12-04","I-75 and Peachtree St Ne","(O) No Injury","Dark-Lighted","On Roadway - Non-Intersection","Sideswipe-Same Direction","I-75","Dry","19:00:00","[""Unknown"",""Unknown""]","Clear",0,33.765569,-84.385455,"Atlanta","FULTON","[""Motor Vehicle in Motion"",""Motor Vehicle in Motion""]","Changed Lanes Improperly","[""Motor Vehicle in Motion"",""Motor Vehicle in Motion""]"
0,0,"Atlanta Police Department","2022-12-04","Hank Aaron Dr Se and Mcdonough Blvd Se","(C) Possible Injury / Complaint","Dark-Lighted","On Roadway - Roadway Intersection","Angle Crash","Mcdonough Blvd Se","Dry","22:19:00","[""Lap and Shoulder Belt Used"",""Lap and Shoulder Belt Used""]","Cloudy",0,33.721698,-84.388505,"Atlanta","FULTON","[""Motor Vehicle in Motion"",""Motor Vehicle in Motion""]","[""Disregard Other Traffic Control"",""Disregard Other Traffic Control""]","[""Motor Vehicle in Motion"",""Motor Vehicle in Motion""]"
0,0,"Atlanta Police Department","2022-12-04","Exit 60A and Moreland Ave Se","(C) Possible Injury / Complaint","Dark-Lighted","On Roadway - Non-Intersection","Sideswipe-Same Direction","Moreland Ave Se","Dry","18:24:00","[""Unknown"",""Unknown"",""Unknown"",""Unknown""]","Clear",0,33.744693,-84.349236,"Atlanta","FULTON","[""Motor Vehicle in Motion"",""Motor Vehicle in Motion"",""Motor Vehicle in Motion"",""Motor Vehicle in Motion""]","Reaction to Object or Animal","[""Motor Vehicle in Motion"",""Motor Vehicle in Motion"",""Motor Vehicle in Motion"",""Motor Vehicle in Motion""]"
0,0,"Atlanta Police Department","2022-12-04","None and I-75 Exit 247 Rp","(C) Possible Injury / Complaint","Dark-Not Lighted","Off Roadway","Head On","I-75 Exit 247 Rp","Dry","04:46:00","[""Unknown"",""Unknown""]","Clear",0,33.815396,-84.363989,"Atlanta","FULTON","[""Other - Fixed Object"",""Motor Vehicle in Motion""]",,"[""Motor Vehicle in Motion"",""Other - Fixed Object""]"
0,0,"Atlanta Police Department","2022-12-04","Roswell Rd Ne and Powers Ferry Rd Nw","(O) No Injury","Dark-Lighted","On Roadway - Roadway Intersection","Angle Crash","Roswell Rd Ne","Dry","03:45:00","[""Lap and Shoulder Belt Used"",""Lap and Shoulder Belt Used""]","Clear",0,33.855774,-84.382652,"Atlanta","FULTON","[""Motor Vehicle in Motion"",""Motor Vehicle in Motion""]","[""Disregard Stop Sign/Signal"",""Failure to Yield""]","[""Motor Vehicle in Motion"",""Motor Vehicle in Motion""]"
0,0,"Atlanta Police Department","2022-12-04","None and Exit 51A Rp","(O) No Injury","Dark-Lighted","On Roadway - Non-Intersection","Rear End","Exit 51A Rp","Dry","21:00:00","[""Unknown"",""Unknown""]","Clear",0,33.765623,-84.49591,"Atlanta","FULTON","[""Motor Vehicle in Motion"",""Motor Vehicle in Motion""]","Following Too Close","[""Motor Vehicle in Motion"",""Motor Vehicle in Motion""]"
0,0,"Atlanta Police Department","2022-12-04","None and Memorial Dr Se","(C) Possible Injury / Complaint","Dark-Lighted","On Roadway - Non-Intersection","Rear End","Memorial Dr Se","Dry","18:00:00","[""Unknown"",""Unknown""]","Clear",0,33.747316,-84.310378,"Atlanta","DEKALB","[""Motor Vehicle in Motion"",""Motor Vehicle in Motion""]",,"[""Motor Vehicle in Motion"",""Motor Vehicle in Motion""]"
0,0,"Atlanta Police Department","2022-12-04","None and Metropolitan Pkwy Sw","(O) No Injury","Dark-Lighted","On Roadway - Non-Intersection","Rear End","Metropolitan Pkwy Sw","Dry","18:55:00","[""Lap and Shoulder Belt Used"",""Lap and Shoulder Belt Used""]","Clear",0,33.690249,-84.408195,"Atlanta","FULTON","[""Motor Vehicle in Motion"",""Motor Vehicle in Motion""]","[""Misjudged Clearance"",""Following Too Close"",""Misjudged Clearance""]","[""Motor Vehicle in Motion"",""Motor Vehicle in Motion""]"
0,0,"Gsp Post 00","2022-12-04","Linkwood Road and Martin Luther King Jr Drive","(O) No Injury","Dark-Lighted","On Roadway - Non-Intersection","Sideswipe-Same Direction","Martin Luther King Jr Drive","Dry","18:10:00","[""None Used"",""None Used"",""Lap and Shoulder Belt Used""]","Clear",0,33.754449,-84.480194,"Atlanta","FULTON","[""Motor Vehicle in Motion"",""Motor Vehicle in Motion""]","[""Exceeding Speed Limit"",""Reckless Driving"",""Disregard Police - Evasion""]","[""Utility Pole"",""Motor Vehicle in Motion""]"
0,0,"Atlanta Police Department","2022-12-04","I-75 N and Langford Pkwy","(O) No Injury","Dark-Not Lighted","On Roadway - Non-Intersection","Sideswipe-Same Direction","Langford Pkwy","Dry","19:00:00","[""Unknown"",""Unknown""]","Clear",0,33.697352,-84.404057,"Atlanta","FULTON","[""Motor Vehicle in Motion"",""Motor Vehicle in Motion""]","Aggressive Driving","[""Motor Vehicle in Motion"",""Motor Vehicle in Motion""]"
0,0,"Atlanta Police Department","2022-12-04","Moreland Ave Se and Moreland Ave Se Exit 60A","(O) No Injury","Dark-Lighted","On Roadway - Roadway Intersection","Rear End","Moreland Ave Se Exit 60A","Dry","00:25:00","[""Unknown"",""Unknown"",""Unknown""]","Clear",0,33.744414,-84.349236,"Atlanta","FULTON","[""Motor Vehicle in Motion"",""Motor Vehicle in Motion""]","Following Too Close","[""Motor Vehicle in Motion"",""Motor Vehicle in Motion""]"
0,1,"Atlanta Police Department","2022-12-04","Chapel St Sw and Mangum St Sw","(B) Suspected Minor/Visible Injury","Daylight","On Roadway - Roadway Intersection","Not a Collision with Motor Vehicle","Mangum St Sw","Dry","16:29:00","[""Unknown"",""Unknown"",""Unknown"",""Unknown"",""None Used""]","Cloudy",0,33.752317,-84.399915,"Atlanta","FULTON","[""Other Non-Collision"",""Pedestrian"",""Motor Vehicle in Motion""]","Inattentive or Other Distraction (Distracted)","[""Other Non-Collision"",""Pedestrian""]"
0,0,"Atlanta Police Department","2022-12-04","Piedmont Ave Ne and Andrew Young International Blvd Ne","(O) No Injury","Daylight","On Roadway - Non-Intersection","Angle Crash","Andrew Young International Blvd Ne","Dry","10:15:00","[""Unknown"",""Unknown""]","Clear",0,33.759645,-84.382063,"Atlanta","FULTON","[""Motor Vehicle in Motion"",""Motor Vehicle in Motion""]","Failure to Yield","[""Motor Vehicle in Motion"",""Motor Vehicle in Motion""]"
0,0,"Atlanta Police Department","2022-12-04","Flora Ave Ne and La France St Ne","(O) No Injury","Daylight","On Roadway - Non-Intersection","Not a Collision with Motor Vehicle","La France St Ne","Dry","08:00:00","[""Unknown"",""Unknown""]","Clear",0,33.760421,-84.344054,"Atlanta","DEKALB","[""Motor Vehicle in Motion"",""Motor Vehicle in Motion""]","Improper Backing","[""Motor Vehicle in Motion"",""Pedal-Cycle""]"
0,0,"Atlanta Police Department","2022-12-04","None and I-75","(O) No Injury","Dark-Lighted","On Roadway - Managed Lane (HOV, HOT, Reversible)","Sideswipe-Same Direction","I-75","Dry","19:00:00","[""Lap and Shoulder Belt Used"",""Lap and Shoulder Belt Used""]","Cloudy",0,33.806108,-84.414568,"Atlanta","FULTON","[""Motor Vehicle in Motion"",""Motor Vehicle in Motion""]",,"[""Motor Vehicle in Motion"",""Motor Vehicle in Motion""]"
0,0,"Atlanta Police Department","2022-12-04","None and I-75","(C) Possible Injury / Complaint","Dark-Lighted","On Roadway - Non-Intersection","Sideswipe-Same Direction","I-75","Dry","22:23:00","[""Unknown"",""Unknown"",""Unknown""]","Cloudy",0,33.677688,-84.397798,"Atlanta","FULTON","[""Motor Vehicle in Motion"",""Motor Vehicle in Motion""]","Changed Lanes Improperly","[""Motor Vehicle in Motion"",""Motor Vehicle in Motion""]"
0,0,"Atlanta Police Department","2022-12-04","Chapel St Sw and Elliott St Sw","(O) No Injury","Daylight","On Roadway - Roadway Intersection","Angle Crash","Chapel St Sw","Dry","12:00:00","[""Unknown"",""Unknown""]","Clear",0,33.752319,-84.397993,"Atlanta","FULTON","[""Motor Vehicle in Motion"",""Motor Vehicle in Motion""]",,"[""Motor Vehicle in Motion"",""Motor Vehicle in Motion""]"
0,0,"Atlanta Police Department","2022-12-04","Lee St Sw and Beecher St Sw","(C) Possible Injury / Complaint","Daylight","Off Roadway - Sidewalk","Not a Collision with Motor Vehicle","Beecher St Sw","Dry","12:50:00","Unknown","Cloudy",0,33.733435,-84.414189,"Atlanta","FULTON","Other Non-Collision","Driver Lost Control","Tree"
0,0,"Atlanta Police Department","2022-12-04","10Th St Nw and State St Nw","(O) No Injury","Daylight","On Roadway - Roadway Intersection","Sideswipe-Same Direction","State St Nw","Dry","14:40:00","[""Unknown"",""Unknown"",""Unknown""]","Cloudy",0,33.781512,-84.399148,"Atlanta","FULTON","[""Motor Vehicle in Motion"",""Motor Vehicle in Motion""]","Changed Lanes Improperly","[""Motor Vehicle in Motion"",""Motor Vehicle in Motion""]"
0,0,"Atlanta Police Department","2022-12-04","None and I-85","(O) No Injury","Dark-Lighted","On Roadway - Non-Intersection","Rear End","I-85","Dry","05:00:00","[""Lap and Shoulder Belt Used"",""Lap Belt Only Used""]","Clear",0,33.82314,-84.354892,"Atlanta","FULTON","[""Motor Vehicle in Motion"",""Motor Vehicle in Motion""]","Following Too Close","[""Motor Vehicle in Motion"",""Motor Vehicle in Motion""]"
0,0,"Atlanta Police Department","2022-12-04","Sanders Ave Se and Moreland Ave Se","(C) Possible Injury / Complaint","Dark-Lighted","On Roadway - Non-Intersection","Rear End","Moreland Ave Se","Dry","02:00:00","[""Unknown"",""Unknown"",""Unknown""]","Clear",0,33.742404,-84.349246,"Atlanta","FULTON","[""Motor Vehicle in Motion"",""Motor Vehicle in Motion""]","Misjudged Clearance","[""Motor Vehicle in Motion"",""Motor Vehicle in Motion""]"
0,0,"Atlanta Police Department","2022-12-04","North Ave Ne and Peachtree St Ne","(O) No Injury","Dark-Lighted","On Roadway - Roadway Intersection","Angle Crash","North Ave Ne","Dry","02:00:00","[""Lap and Shoulder Belt Used"",""Lap and Shoulder Belt Used""]","Cloudy",0,33.771286,-84.384966,"Atlanta","FULTON","[""Motor Vehicle in Motion"",""Motor Vehicle in Motion""]","[""Failure to Yield"",""Improper Turn""]","[""Motor Vehicle in Motion"",""Motor Vehicle in Motion""]"
0,0,"Atlanta Police Department","2022-12-05","None and I-85","(O) No Injury","Dark-Lighted","On Roadway - Non-Intersection","Sideswipe-Same Direction","I-85","Dry","00:00:00","[""Unknown"",""Unknown""]","Clear",0,33.792348,-84.392209,"Atlanta","FULTON","[""Motor Vehicle in Motion"",""Motor Vehicle in Motion""]","Changed Lanes Improperly","[""Motor Vehicle in Motion"",""Motor Vehicle in Motion""]"
0,0,"Atlanta Police Department","2022-12-05","Rawson St Sw and Central Ave Sw","(O) No Injury","Daylight","On Roadway - Non-Intersection","Rear End","Central Ave Sw","Dry","07:45:00","[""Lap and Shoulder Belt Used"",""Lap and Shoulder Belt Used""]","Cloudy",0,33.743701,-84.393379,"Atlanta","FULTON","[""Motor Vehicle in Motion"",""Motor Vehicle in Motion""]","Changed Lanes Improperly","[""Motor Vehicle in Motion"",""Motor Vehicle in Motion""]"
0,0,"Gsp Post 00","2022-12-05","I-20 Wb and Moreland Ave","(O) No Injury","Daylight","On Roadway - Non-Intersection","Rear End","I-20 Wb","Wet","09:09:00","[""Unknown"",""Lap and Shoulder Belt Used""]","Cloudy",0,33.745556,-84.349231,"Atlanta","FULTON","[""Motor Vehicle in Motion"",""Motor Vehicle in Motion""]","Improper Backing","[""Motor Vehicle in Motion"",""Motor Vehicle in Motion""]"
0,0,"Gsp Post 00","2022-12-05","Mlk Jr Dr and I-20 West","(O) No Injury","Daylight","On Roadway - Non-Intersection","Sideswipe-Same Direction","I-20 West","Wet","17:40:00","[""Lap and Shoulder Belt Used"",""Lap and Shoulder Belt Used""]","Clear",0,33.756872,-84.468899,"Atlanta","FULTON","[""Motor Vehicle in Motion"",""Motor Vehicle in Motion""]","Changed Lanes Improperly","[""Motor Vehicle in Motion"",""Motor Vehicle in Motion""]"
0,0,"Atlanta Police Department","2022-12-05","Beechwood Dr Nw and Northside Pkwy Nw","(O) No Injury","Daylight","On Roadway - Non-Intersection","Sideswipe-Same Direction","Northside Pkwy Nw","Dry","09:00:00","[""Unknown"",""Unknown""]","Cloudy",0,33.856616,-84.431917,"Atlanta","FULTON","[""Motor Vehicle in Motion"",""Motor Vehicle in Motion""]","[""Failure to Yield"",""Changed Lanes Improperly"",""Failure to Yield""]","[""Motor Vehicle in Motion"",""Motor Vehicle in Motion""]"
0,0,"Atlanta Police Department","2022-12-05","None and I-75","(C) Possible Injury / Complaint","Dark-Lighted","On Roadway - Managed Lane (HOV, HOT, Reversible)","Angle Crash","I-75","Wet","22:50:00","[""Unknown"",""Unknown"",""Unknown""]","Rain",0,33.874381,-84.446413,"Atlanta","FULTON","[""Motor Vehicle in Motion"",""Motor Vehicle in Motion""]","Too Fast for Conditions","[""Motor Vehicle in Motion"",""Motor Vehicle in Motion""]"
0,0,"Atlanta Police Department","2022-12-05","W Peachtree St Nw and Ponce De Leon Ave Nw","(C) Possible Injury / Complaint","Daylight","On Roadway - Roadway Intersection","Angle Crash","Ponce De Leon Ave Nw","Wet","12:01:00","[""Lap and Shoulder Belt Used"",""Lap and Shoulder Belt Used"",""Lap and Shoulder Belt Used""]","Rain",0,33.772313,-84.387325,"Atlanta","FULTON","[""Motor Vehicle in Motion"",""Motor Vehicle in Motion""]","Disregard Stop Sign/Signal","[""Motor Vehicle in Motion"",""Motor Vehicle in Motion""]"
0,0,"Gsp Post 00","2022-12-05","I-85 South and Mm 77 (Metropolitan Pkwy)","(C) Possible Injury / Complaint","Dark-Lighted","On Roadway - Non-Intersection","Rear End","I-85 South","Wet","17:40:00","[""Lap and Shoulder Belt Used"",""Lap and Shoulder Belt Used""]","Rain",0,33.687186,-84.4014,"Atlanta","FULTON","[""Motor Vehicle in Motion"",""Motor Vehicle in Motion""]","Following Too Close","[""Motor Vehicle in Motion"",""Motor Vehicle in Motion""]"
0,0,"Atlanta Police Department","2022-12-05","Anderson Ave Nw and Martin Luther King Jr Dr Sw","(O) No Injury","Dusk","On Roadway - Roadway Intersection","Sideswipe-Same Direction","Anderson Ave Nw","Wet","18:40:00","[""Unknown"",""Unknown"",""Unknown""]","Rain",0,33.750926,-84.44612,"Atlanta","FULTON","[""Motor Vehicle in Motion"",""Motor Vehicle in Motion""]",,"[""Motor Vehicle in Motion"",""Motor Vehicle in Motion""]"
0,0,"Atlanta Police Department","2022-12-05","Wylie St Se and Moreland Ave Se","(O) No Injury","Dark-Lighted","On Roadway - Roadway Intersection","Rear End","Wylie St Se","Wet","18:30:00","[""Unknown"",""Unknown""]","Rain",0,33.752413,-84.349224,"Atlanta","FULTON","[""Motor Vehicle in Motion"",""Motor Vehicle in Motion""]",,"Motor Vehicle in Motion"
0,0,"Atlanta Police Department","2022-12-05","18Th St Nw and W Peachtree St Ne","(O) No Injury","Daylight","On Roadway - Non-Intersection","Sideswipe-Same Direction","18Th St Nw","Water (standing or moving)","07:15:00","[""Unknown"",""Unknown""]","Rain",0,33.793294,-84.387757,"Atlanta","FULTON","[""Motor Vehicle in Motion"",""Motor Vehicle in Motion""]","Changed Lanes Improperly","[""Motor Vehicle in Motion"",""Motor Vehicle in Motion""]"
0,0,"Gsp Post 00","2022-12-05","Mlk Jr Dr and I-20 East","(O) No Injury","Daylight","On Roadway - Non-Intersection","Rear End","I-20 East","Wet","17:41:00","[""Lap and Shoulder Belt Used"",""Lap and Shoulder Belt Used""]","Rain",0,33.750781,-84.453544,"Atlanta","FULTON","[""Motor Vehicle in Motion"",""Motor Vehicle in Motion""]","Following Too Close","[""Motor Vehicle in Motion"",""Motor Vehicle in Motion""]"
0,0,"Atlanta Police Department","2022-12-05","I-75 S and Howell Mill Rd Nw","(O) No Injury","Daylight","On Roadway - Roadway Intersection","Rear End","Howell Mill Rd Nw","Dry","12:20:00","[""Unknown"",""Unknown""]","Clear",0,33.804831,-84.413456,"Atlanta","FULTON","[""Motor Vehicle in Motion"",""Motor Vehicle in Motion""]","[""Aggressive Driving"",""Following Too Close""]","[""Motor Vehicle in Motion"",""Motor Vehicle in Motion""]"
0,0,"Atlanta Police Department","2022-12-05","Bass St Se and Hank Aaron Dr Se","(O) No Injury","Daylight","On Roadway - Non-Intersection","Angle Crash","Bass St Se","Wet","17:30:00","[""None Used"",""None Used""]","Rain",0,33.735616,-84.3879,"Atlanta","FULTON","[""Motor Vehicle in Motion"",""Motor Vehicle in Motion""]",,"[""Motor Vehicle in Motion"",""Motor Vehicle in Motion""]"
0,0,"Atlanta Police Department","2022-12-05","Commercial Ave Nw and Donald Lee Hollowell Pkwy Nw","(O) No Injury","Daylight","On Roadway - Roadway Intersection","Angle Crash","Commercial Ave Nw","Water (standing or moving)","13:00:00","[""Unknown"",""Unknown""]","Rain",0,33.775285,-84.471157,"Atlanta","FULTON","[""Motor Vehicle in Motion"",""Motor Vehicle in Motion""]","[""Failure to Yield"",""Improper Turn""]","[""Motor Vehicle in Motion"",""Motor Vehicle in Motion""]"
0,0,"Gsp Post 00","2022-12-05","I-85 N and Langford Pkwy","(C) Possible Injury / Complaint","Daylight","On Roadway - Non-Intersection","Angle Crash","I-85 N","Wet","11:13:00","[""Lap and Shoulder Belt Used"",""Lap and Shoulder Belt Used"",""Lap and Shoulder Belt Used"",""Lap and Shoulder Belt Used"",""Lap and Shoulder Belt Used"",""Lap and Shoulder Belt Used"",""Lap and Shoulder Belt Used""]","Rain",0,33.695664,-84.404683,"Atlanta","FULTON","[""Motor Vehicle in Motion"",""Motor Vehicle in Motion""]","[""Too Fast for Conditions"",""Driver Lost Control"",""Talking on Hands-Free Device (Distracted)""]","[""Guard Rail Fence"",""Guard Rail Fence""]"
0,0,"Atlanta Police Department","2022-12-05","Gertrude Pl Nw and Donald Lee Hollowell Pkwy Nw","(O) No Injury","Daylight","On Roadway - Non-Intersection","Head On","Donald Lee Hollowell Pkwy Nw","Wet","08:30:00","[""Unknown"",""Unknown"",""Unknown""]","Rain",0,33.774006,-84.444321,"Atlanta","FULTON","[""Motor Vehicle in Motion"",""Motor Vehicle in Motion""]","Failure to Yield","[""Motor Vehicle in Motion"",""Motor Vehicle in Motion""]"
0,0,"Atlanta Police Department","2022-12-05","Bolton Rd Nw and Marietta Blvd Nw","(O) No Injury","Daylight","On Roadway - Roadway Intersection","Rear End","Marietta Blvd Nw","Dry","15:00:00","[""Lap and Shoulder Belt Used"",""Lap and Shoulder Belt Used""]","Clear",0,33.821244,-84.454872,"Atlanta","FULTON","[""Motor Vehicle in Motion"",""Motor Vehicle in Motion""]","Following Too Close","[""Motor Vehicle in Motion"",""Motor Vehicle in Motion""]"
0,0,"Gsp Post 00","2022-12-05","Langford Parkway and Interstate 285 Underpass","(O) No Injury","Daylight","On Roadway - Non-Intersection","Rear End","Langford Parkway","Wet","08:30:00","[""Unknown"",""Lap and Shoulder Belt Used"",""Lap and Shoulder Belt Used"",""Lap and Shoulder Belt Used""]","Clear",0,33.690287,-84.49525,"Atlanta","FULTON","[""Motor Vehicle in Motion"",""Motor Vehicle in Motion""]","Following Too Close","[""Motor Vehicle in Motion"",""Motor Vehicle in Motion""]"
0,0,"Gsp Post 00","2022-12-05","Lenox Road and Georgia 400 South Entrance Ram","(O) No Injury","Daylight","On Roadway - Non-Intersection","Rear End","Georgia 400 South Entrance Ram","Wet","15:15:00","[""Lap and Shoulder Belt Used"",""Lap and Shoulder Belt Used""]","Rain",0,33.84981,-84.369111,"Atlanta","FULTON","[""Motor Vehicle in Motion"",""Motor Vehicle in Motion""]","Following Too Close","[""Motor Vehicle in Motion"",""Motor Vehicle in Motion""]"
0,0,"Atlanta Police Department","2022-12-05","3Rd Ave Sw and Cleveland Ave Sw","(C) Possible Injury / Complaint","Dark-Lighted","On Roadway - Driveway Intersection","Rear End","Cleveland Ave Sw","Wet","20:35:00","[""Unknown"",""Unknown""]","Rain",0,33.681197,-84.402402,"Atlanta","FULTON","[""Motor Vehicle in Motion"",""Motor Vehicle in Motion""]","Following Too Close","[""Motor Vehicle in Motion"",""Motor Vehicle in Motion""]"
0,0,"Atlanta Police Department","2022-12-05","Honeysuckle Ln Sw and Centra Villa Dr Sw","(O) No Injury","Dawn","On Roadway - Non-Intersection","Not a Collision with Motor Vehicle","Centra Villa Dr Sw","Dry","06:30:00","Unknown","Cloudy",0,33.711266,-84.454728,"Atlanta","FULTON","Animal",,"Animal"
0,0,"Atlanta Police Department","2022-12-05","Barge Rd Sw and Stone Rd Sw","(O) No Injury","Dark-Not Lighted","On Roadway - Roadway Intersection","Angle Crash","Stone Rd Sw","Dry","15:32:00","[""Unknown"",""Unknown""]","Clear",0,33.678502,-84.506324,"Atlanta","FULTON","[""Motor Vehicle in Motion"",""Motor Vehicle in Motion""]","Improper Turn","[""Motor Vehicle in Motion"",""Motor Vehicle in Motion""]"
0,0,"Atlanta Police Department","2022-12-05","Jesse Hill Jr Dr Ne and John Wesley Dobbs Ave Ne","(O) No Injury","Daylight","On Roadway - Roadway Intersection","Angle Crash","John Wesley Dobbs Ave Ne","Wet","09:12:00","[""Unknown"",""Unknown""]","Rain",0,33.75742,-84.380197,"Atlanta","FULTON","[""Motor Vehicle in Motion"",""Motor Vehicle in Motion""]","Too Fast for Conditions","[""Motor Vehicle in Motion"",""Motor Vehicle in Motion""]"
0,0,"Atlanta Police Department","2022-12-05","10Th St Ne and Monroe Dr Ne","(O) No Injury","Dark-Lighted","On Roadway - Roadway Intersection","Angle Crash","Monroe Dr Ne","Water (standing or moving)","18:40:00","[""Lap and Shoulder Belt Used"",""Lap and Shoulder Belt Used""]","Rain",0,33.781226,-84.368848,"Atlanta","FULTON","[""Motor Vehicle in Motion"",""Motor Vehicle in Motion""]","Changed Lanes Improperly","[""Motor Vehicle in Motion"",""Motor Vehicle in Motion""]"
0,0,"Atlanta Police Department","2022-12-05","Macon Dr Sw and Mt Zion Rd Se","(O) No Injury","Daylight","On Roadway - Non-Intersection","Rear End","Mt Zion Rd Se","Dry","15:09:00","[""Unknown"",""Unknown""]","Clear",0,33.67274,-84.388202,"Atlanta","FULTON","[""Motor Vehicle in Motion"",""Motor Vehicle in Motion""]",,"[""Motor Vehicle in Motion"",""Motor Vehicle in Motion""]"
0,0,"Atlanta Police Department","2022-12-05","14Th St Nw and Mcmillan St Nw","(C) Possible Injury / Complaint","Daylight","On Roadway - Roadway Intersection","Head On","Mcmillan St Nw","Water (standing or moving)","09:52:00","[""Lap and Shoulder Belt Used"",""Lap and Shoulder Belt Used""]","Rain",0,33.786215,-84.404236,"Atlanta","FULTON","[""Motor Vehicle in Motion"",""Motor Vehicle in Motion""]","Failure to Yield","[""Motor Vehicle in Motion"",""Motor Vehicle in Motion""]"
0,0,"Atlanta Police Department","2022-12-05","Brighton Rd Ne and Peachtree Rd Nw","(C) Possible Injury / Complaint","Daylight","On Roadway - Roadway Intersection","Angle Crash","Brighton Rd Ne","Wet","12:45:00","[""Lap and Shoulder Belt Used"",""Lap and Shoulder Belt Used""]","Rain",0,33.808366,-84.393558,"Atlanta","FULTON","[""Motor Vehicle in Motion"",""Motor Vehicle in Motion""]","Failure to Yield","[""Motor Vehicle in Motion"",""Motor Vehicle in Motion""]"