"# Serious Injuries","# Visible Injuries","Agency Name (Crash Level) ","Date","Intersection Name (from Crash Report)","KABCO Severity","Light Conditions (Crash Level)","Location at Impact (Crash Level) ","Manner of Collision (Crash Level) ","Roadway (From Crash Report)","Surface Condition (Crash Level) ","Time","Safety Equipment (Crash Level) ","Weather Conditions (Crash Level)","# of Fatalities per Crash","Latitude","Longitude","Geolocated City","Geolocated County","First Harmful Event (Unit Order)","Operator/Pedestrian Contrib Factor (excl None, Other, No Contrib Factors)","Most Harmful Event (Crash Level)"
0,0,"Atlanta Police Department","2022-12-07","None and Exit 252B Rp","(O) No Injury","Dark-Not Lighted","On Roadway - Roadway Intersection","Rear End","Exit 252B Rp","Wet","19:00:00","[""Lap and Shoulder Belt Used"",""Lap and Shoulder Belt Used""]","Rain",0,33.805008,-84.412089,"Atlanta","FULTON","[""Motor Vehicle in Motion"",""Motor Vehicle in Motion""]","Following Too Close","[""Motor Vehicle in Motion"",""Motor Vehicle in Motion""]"
0,0,"Atlanta Police Department","2022-12-07","Alpine Rd Ne and Piedmont Rd Ne","(O) No Injury","Daylight","On Roadway - Non-Intersection","Rear End","Alpine Rd Ne","Wet","09:30:00","[""Unknown"",""Unknown"",""Unknown""]","Cloudy",0,33.82951,-84.367749,"Atlanta","FULTON","[""Motor Vehicle in Motion"",""Motor Vehicle in Motion"",""Motor Vehicle in Motion""]","[""Following Too Close"",""Following Too Close""]","[""Motor Vehicle in Motion"",""Motor Vehicle in Motion"",""Motor Vehicle in Motion""]"
0,0,"Atlanta Police Department","2022-12-07","Nelson St Sw and Northside Dr Sw","(C) Possible Injury / Complaint","Daylight","On Roadway - Roadway Intersection","Rear End","Northside Dr Sw","Wet","08:30:00","[""Lap and Shoulder Belt Used"",""Lap and Shoulder Belt Used""]","Rain",0,33.750225,-84.403631,"Atlanta","FULTON","[""Motor Vehicle in Motion"",""Motor Vehicle in Motion""]","Following Too Close","[""Motor Vehicle in Motion"",""Motor Vehicle in Motion""]"
0,0,"Atlanta Police Department","2022-12-07","I-75 N and I-75 Exit 248B","(O) No Injury","Dark-Lighted","On Roadway - Non-Intersection","Rear End","I-75 Exit 248B","Dry","18:28:00","[""Lap and Shoulder Belt Used"",""Lap and Shoulder Belt Used""]","Cloudy",0,33.751834,-84.379688,"Atlanta","FULTON","[""Motor Vehicle in Motion"",""Motor Vehicle in Motion""]","Following Too Close","[""Motor Vehicle in Motion"",""Motor Vehicle in Motion""]"
0,0,"Atlanta Police Department","2022-12-07","Marietta Blvd Nw and Donald Lee Hollowell Pkwy Nw","(O) No Injury","Daylight","On Roadway - Roadway Intersection","Rear End","Donald Lee Hollowell Pkwy Nw","Water (standing or moving)","15:00:00","[""Unknown"",""Lap and Shoulder Belt Used""]","Clear",0,33.772679,-84.425376,"Atlanta","FULTON","[""Motor Vehicle in Motion"",""Motor Vehicle in Motion""]","Following Too Close","[""Motor Vehicle in Motion"",""Motor Vehicle in Motion""]"
0,0,"Atlanta Police Department","2022-12-07","None and I-75","(C) Possible Injury / Complaint","Daylight","On Roadway - Non-Intersection","Rear End","I-75","Dry","10:00:00","[""Lap and Shoulder Belt Used"",""Lap and Shoulder Belt Used"",""Lap and Shoulder Belt Used"",""Lap and Shoulder Belt Used"",""Lap and Shoulder Belt Used""]","Cloudy",0,33.739938,-84.39169,"Atlanta","FULTON","[""Motor Vehicle in Motion"",""Motor Vehicle in Motion""]","Following Too Close","[""Motor Vehicle in Motion"",""Motor Vehicle in Motion""]"
0,0,"Atlanta Police Department","2022-12-07","None and Reynolds Dr Sw","(C) Possible Injury / Complaint","Dark-Not Lighted","Median","Not a Collision with Motor Vehicle","Reynolds Dr Sw","Dry","02:30:00","Lap and Shoulder Belt Used","Clear",0,33.685084,-84.398619,"Atlanta","FULTON","Median Barrier","Not Visible (Object, Person, or Vehicle)","Median Barrier"
0,0,"Atlanta Police Department","2022-12-07","Brady Ave Nw and W Marietta St Nw","(O) No Injury","Daylight","On Roadway - Non-Intersection","Rear End","W Marietta St Nw","Wet","11:40:00","[""Unknown"",""Unknown""]","Rain",0,33.780387,-84.415221,"Atlanta","FULTON","[""Motor Vehicle in Motion"",""Motor Vehicle in Motion""]","Following Too Close","[""Motor Vehicle in Motion"",""Motor Vehicle in Motion""]"
0,0,"Atlanta Police Department","2022-12-07","Defoor Ave Nw and Springer St Nw","(O) No Injury","Daylight","On Roadway - Non-Intersection","Angle Crash","Springer St Nw","Wet","07:00:00","[""Lap and Shoulder Belt Used"",""Unknown"",""Unknown"",""Unknown"",""Unknown"",""Unknown"",""Unknown"",""Unknown"",""Unknown"",""Unknown"",""Unknown"",""Unknown"",""Unknown"",""Unknown"",""Unknown"",""Unknown"",""Unknown"",""Unknown"",""Unknown"",""Unknown"",""Unknown"",""Unknown"",""Unknown"",""Unknown"",""Unknown"",""Unknown"",""Unknown"",""Unknown""]","Cloudy",0,33.800893,-84.41723,"Atlanta","FULTON","[""Motor Vehicle in Motion"",""Parked Motor Vehicle""]","Misjudged Clearance","[""Motor Vehicle in Motion"",""Parked Motor Vehicle""]"
0,0,"Atlanta Police Department","2022-12-07","Evans St Sw and Ralph David Abernathy Blvd Sw","(O) No Injury","Dark-Lighted","On Roadway - Non-Intersection","Sideswipe-Same Direction","Evans St Sw","Wet","20:26:00","Unknown","Cloudy",0,33.738027,-84.415682,"Atlanta","FULTON","[""Motor Vehicle in Motion"",""Parked Motor Vehicle""]","[""Other Interior Distraction (Distracted)"",""Driver Lost Control"",""Too Fast for Conditions""]","[""Motor Vehicle in Motion"",""Parked Motor Vehicle""]"
0,0,"Atlanta Police Department","2022-12-07","Buckhead Ave Ne and Peachtree Rd Ne","(O) No Injury","Daylight","On Roadway - Driveway Intersection","Sideswipe-Same Direction","Peachtree Rd Ne","Dry","12:00:00","[""Unknown"",""Unknown"",""Unknown""]","Clear",0,33.838129,-84.380929,"Atlanta","FULTON","[""Motor Vehicle in Motion"",""Motor Vehicle in Motion""]",,"[""Motor Vehicle in Motion"",""Motor Vehicle in Motion""]"
0,0,"Atlanta Police Department","2022-12-07","Sky Haven Rd Se and Moreland Ave Se","(O) No Injury","Daylight","On Roadway - Roadway Intersection","Sideswipe-Same Direction","Moreland Ave Se","Water (standing or moving)","14:30:00","[""Unknown"",""Unknown""]","Cloudy",0,33.723834,-84.349456,"Atlanta","FULTON","[""Motor Vehicle in Motion"",""Motor Vehicle in Motion""]",,"[""Motor Vehicle in Motion"",""Motor Vehicle in Motion""]"
0,0,"Atlanta Police Department","2022-12-07","Rilman Rd Nw and Northside Pkwy Nw","(C) Possible Injury / Complaint","Daylight","On Roadway - Roadway Intersection","Rear End","Northside Pkwy Nw","Wet","09:31:00","[""Lap and Shoulder Belt Used"",""Lap and Shoulder Belt Used""]","Cloudy",0,33.840579,-84.419576,"Atlanta","FULTON","[""Motor Vehicle in Motion"",""Motor Vehicle in Motion""]","Following Too Close","[""Motor Vehicle in Motion"",""Motor Vehicle in Motion""]"
0,0,"Atlanta Police Department","2022-12-07","None and Ponce De Leon Ave Ne","(O) No Injury","Dark-Lighted","On Roadway - Non-Intersection","Not a Collision with Motor Vehicle","Ponce De Leon Ave Ne","Dry","21:36:00","[""Unknown"",""Unknown""]","Clear",0,33.773821,-84.356432,"Atlanta","FULTON","[""Work Zone/Maintenance Equipment"",""Work Zone/Maintenance Equipment""]",,"[""Work Zone/Maintenance Equipment"",""Work Zone/Maintenance Equipment""]"
0,0,"Atlanta Police Department","2022-12-07","None and Monroe Dr Ne","(O) No Injury","Daylight","On Roadway - Roadway Intersection","Angle Crash","Monroe Dr Ne","Wet","15:00:00","[""Lap and Shoulder Belt Used"",""Lap and Shoulder Belt Used""]","Cloudy",0,33.810243,-84.372996,"Atlanta","FULTON","[""Motor Vehicle in Motion"",""Motor Vehicle in Motion""]","Changed Lanes Improperly","[""Motor Vehicle in Motion"",""Motor Vehicle in Motion""]"
0,0,"Atlanta Police Department","2022-12-07","I-20 W and Hamilton E Holmes Dr Nw","(C) Possible Injury / Complaint","Daylight","On Roadway - Driveway Intersection","Angle Crash","Hamilton E Holmes Dr Nw","Wet","10:12:00","[""Unknown"",""Unknown""]","Cloudy",0,33.757531,-84.469033,"Atlanta","FULTON","[""Motor Vehicle in Motion"",""Motor Vehicle in Motion""]","Improper Turn","[""Motor Vehicle in Motion"",""Motor Vehicle in Motion""]"
0,0,"Dekalb Co Police Department","2022-12-07","Haygood Dr and N Decatur Rd","(O) No Injury","Daylight","On Roadway - Non-Intersection","Angle Crash","Haygood Dr","Wet","15:20:00","[""Lap and Shoulder Belt Used"",""Lap and Shoulder Belt Used""]","Rain",0,33.791928,-84.314819,"Atlanta","DEKALB","[""Motor Vehicle in Motion"",""Motor Vehicle in Motion""]","Failure to Yield","[""Motor Vehicle in Motion"",""Motor Vehicle in Motion""]"
0,0,"Atlanta Police Department","2022-12-07","None and Monroe Dr Ne","(O) No Injury","Dark-Lighted","On Roadway - Non-Intersection","Sideswipe-Same Direction","Monroe Dr Ne","Wet","18:26:00","[""Unknown"",""Unknown""]","Cloudy",0,33.783672,-84.368077,"Atlanta","FULTON","[""Motor Vehicle in Motion"",""Motor Vehicle in Motion""]",,"[""Motor Vehicle in Motion"",""Motor Vehicle in Motion""]"
0,0,"Atlanta Police Department","2022-12-07","Candler Rd Se and Memorial Dr Se","(O) No Injury","Daylight","On Roadway - Non-Intersection","Angle Crash","Candler Rd Se","Wet","12:30:00","[""Lap and Shoulder Belt Used"",""Lap and Shoulder Belt Used""]","Rain",0,33.747186,-84.292102,"Atlanta","DEKALB","[""Motor Vehicle in Motion"",""Motor Vehicle in Motion""]","Failure to Yield","[""Motor Vehicle in Motion"",""Motor Vehicle in Motion""]"
0,0,"Atlanta Police Department","2022-12-07","None and Exit 56B Rp","(O) No Injury","Daylight","Off Roadway","Rear End","Exit 56B Rp","Water (standing or moving)","10:30:00","Unknown","Rain",0,33.74497,-84.389019,"Atlanta","FULTON","[""Motor Vehicle in Motion"",""Motor Vehicle in Motion""]","Too Fast for Conditions","[""Motor Vehicle in Motion"",""Motor Vehicle in Motion""]"
0,0,"Atlanta Police Department","2022-12-07","None and I-20","(O) No Injury","Daylight","On Roadway - Non-Intersection","Rear End","I-20","Dry","07:00:00","[""Unknown"",""Unknown""]","Cloudy",0,33.751607,-84.457515,"Atlanta","FULTON","[""Motor Vehicle in Motion"",""Motor Vehicle in Motion""]","Following Too Close","[""Motor Vehicle in Motion"",""Motor Vehicle in Motion""]"
0,0,"Atlanta Police Department","2022-12-07","Exit 252A and Northside Dr Nw","(C) Possible Injury / Complaint","Daylight","On Roadway - Roadway Intersection","Angle Crash","Northside Dr Nw","Wet","17:21:00","[""Lap and Shoulder Belt Used"",""Lap and Shoulder Belt Used"",""Booster Seat (Properly Used)""]","Cloudy",0,33.803584,-84.407801,"Atlanta","FULTON","[""Motor Vehicle in Motion"",""Motor Vehicle in Motion""]","Failure to Yield","[""Motor Vehicle in Motion"",""Motor Vehicle in Motion""]"
0,0,"Atlanta Police Department","2022-12-07","Hilliard St Se and Edgewood Ave Se","(O) No Injury","Dark-Not Lighted","On Roadway - Roadway Intersection","Rear End","Edgewood Ave Se","Water (standing or moving)","19:00:00","[""None Used"",""None Used""]","Cloudy",0,33.75437,-84.376576,"Atlanta","FULTON","[""Motor Vehicle in Motion"",""Motor Vehicle in Motion""]","Following Too Close","Motor Vehicle in Motion"
0,0,"Atlanta Police Department","2022-12-07","Mt Paran Rd Nw and Northside Pkwy Nw","(C) Possible Injury / Complaint","Daylight","On Roadway - Roadway Intersection","Rear End","Northside Pkwy Nw","Water (standing or moving)","15:47:00","[""Lap and Shoulder Belt Used"",""Lap and Shoulder Belt Used"",""Lap and Shoulder Belt Used"",""Lap and Shoulder Belt Used""]","Cloudy",0,33.863404,-84.440045,"Atlanta","FULTON","[""Motor Vehicle in Motion"",""Motor Vehicle in Motion"",""Motor Vehicle in Motion""]","Following Too Close","[""Motor Vehicle in Motion"",""Motor Vehicle in Motion"",""Motor Vehicle in Motion""]"
0,0,"Atlanta Police Department","2022-12-07","Bolling Way and E Paces Ferry Rd Ne","(O) No Injury","Dark-Lighted","Off Roadway - Sidewalk","Not a Collision with Motor Vehicle","E Paces Ferry Rd Ne","Dry","04:10:00","None Used","Clear",0,33.839288,-84.379362,"Atlanta","FULTON","Other - Fixed Object","[""Reckless Driving"",""Under the Influence (U.I.)"",""Driver Condition""]","Other - Fixed Object"
0,0,"Atlanta Police Department","2022-12-07","Boulevard Se and Mcdonough Blvd Se","(O) No Injury","Daylight","On Roadway - Non-Intersection","Angle Crash","Boulevard Se","Dry","16:20:00","[""Unknown"",""Unknown""]","Clear",0,33.71382,-84.368594,"Atlanta","FULTON","[""Motor Vehicle in Motion"",""Motor Vehicle in Motion""]","Failure to Yield","[""Motor Vehicle in Motion"",""Motor Vehicle in Motion""]"
0,0,"Atlanta Police Department","2022-12-07","None and I-75","(C) Possible Injury / Complaint","Daylight","On Roadway - Non-Intersection","Rear End","I-75","Wet","11:30:00","[""Shoulder Belt Only Used"",""Lap and Shoulder Belt Used"",""Lap and Shoulder Belt Used""]","Cloudy",0,33.777568,-84.390753,"Atlanta","FULTON","[""Motor Vehicle in Motion"",""Motor Vehicle in Motion"",""Motor Vehicle in Motion""]","[""Misjudged Clearance"",""Misjudged Clearance""]","[""Motor Vehicle in Motion"",""Motor Vehicle in Motion"",""Motor Vehicle in Motion""]"
0,0,"Atlanta Police Department","2022-12-07","None and Sidney Marcus Blvd Ne Exit 1A Rp","(O) No Injury","Dark-Lighted","Entrance/Exit Ramp","Rear End","Sidney Marcus Blvd Ne Exit 1A Rp","Wet","23:34:00","[""Lap and Shoulder Belt Used"",""Lap and Shoulder Belt Used"",""Lap and Shoulder Belt Used""]","Clear",0,33.825573,-84.360454,"Atlanta","FULTON","[""Motor Vehicle in Motion"",""Motor Vehicle in Motion""]","[""Following Too Close"",""Too Fast for Conditions""]","[""Motor Vehicle in Motion"",""Motor Vehicle in Motion""]"
0,1,"Atlanta Police Department","2022-12-07","Joseph E Lowery Blvd Sw and Ralph David Abernathy Blvd Sw","(B) Suspected Minor/Visible Injury","Daylight","On Roadway - Driveway Intersection","Rear End","Joseph E Lowery Blvd Sw","Water (standing or moving)","13:00:00","[""Lap and Shoulder Belt Used"",""Lap and Shoulder Belt Used""]","Rain",0,33.737749,-84.417734,"Atlanta","FULTON","[""Motor Vehicle in Motion"",""Motor Vehicle in Motion""]","[""Improper Turn"",""Failure to Yield""]","[""Motor Vehicle in Motion"",""Motor Vehicle in Motion""]"
0,0,"Atlanta Police Department","2022-12-07","Crown Rd Se and Browns Mill Rd Se","(O) No Injury","Daylight","On Roadway - Non-Intersection","Sideswipe-Same Direction","Crown Rd Se","Dry","18:30:00","[""Lap and Shoulder Belt Used"",""Lap Belt Only Used""]","Clear",0,33.651538,-84.393822,"Atlanta","FULTON","[""Motor Vehicle in Motion"",""Motor Vehicle in Motion""]","Failure to Yield","[""Motor Vehicle in Motion"",""Motor Vehicle in Motion""]"
0,0,"Atlanta Police Department","2022-12-07","Briarcliff Rd Ne and Saint Augustine Pl Ne","(O) No Injury","Daylight","On Roadway - Roadway Intersection","Rear End","Briarcliff Rd Ne","Wet","08:00:00","[""Unknown"",""Unknown""]","Cloudy",0,33.774333,-84.348978,"Atlanta","FULTON","[""Motor Vehicle in Motion"",""Motor Vehicle in Motion""]","Following Too Close","[""Motor Vehicle in Motion"",""Motor Vehicle in Motion""]"
0,0,"Atlanta Police Department","2022-12-07","Glenwood Ave Se and Brownwood Ave Se","(C) Possible Injury / Complaint","Daylight","On Roadway - Non-Intersection","Not a Collision with Motor Vehicle","Glenwood Ave Se","Dry","16:35:00","Unknown","Clear",0,33.740191,-84.347888,"Atlanta","DEKALB","[""Motor Vehicle in Motion"",""Motor Vehicle in Motion""]","Failure to Yield","Pedestrian"
0,0,"Atlanta Police Department","2022-12-07","Glenwood Ave Se and Fayetteville Rd Se","(O) No Injury","Dark-Lighted","Off Roadway","Not a Collision with Motor Vehicle","Glenwood Ave Se","Wet","03:00:00","Unknown","Fog",0,33.740097,-84.312409,"Atlanta","DEKALB","Fence","Driver Lost Control","Fence"
0,0,"Atlanta Police Department","2022-12-07","Fraser St Se and Vanira Ave Se","(O) No Injury","Dark-Lighted","Off Roadway","Angle Crash","Fraser St Se","Dry","18:43:00","None Used","Clear",0,33.729543,-84.38619,"Atlanta","FULTON","[""Motor Vehicle in Motion"",""Motor Vehicle in Motion"",""Motor Vehicle in Motion""]",,"[""Motor Vehicle in Motion"",""Motor Vehicle in Motion"",""Motor Vehicle in Motion""]"
0,0,"Atlanta Police Department","2022-12-07","Moreland Ave Se and Gracewood Ave Se","(C) Possible Injury / Complaint","Dark-Lighted","On Roadway - Roadway Intersection","Angle Crash","Moreland Ave Se","Wet","17:40:00","[""Lap and Shoulder Belt Used"",""Lap and Shoulder Belt Used""]","Clear",0,33.732984,-84.349339,"Atlanta","FULTON","[""Motor Vehicle in Motion"",""Motor Vehicle in Motion""]","[""Changed Lanes Improperly"",""Failure to Yield""]","[""Motor Vehicle in Motion"",""Motor Vehicle in Motion""]"
0,0,"Atlanta Police Department","2022-12-07","Bolton Rd Nw and Fairburn Rd Nw","(C) Possible Injury / Complaint","Dark-Not Lighted","On Roadway - Non-Intersection","Rear End","Fairburn Rd Nw","Water (standing or moving)","03:00:00","[""Unknown"",""Unknown"",""Unknown"",""Unknown""]","Cloudy",0,33.77869,-84.500165,"Atlanta","FULTON","[""Motor Vehicle in Motion"",""Motor Vehicle in Motion""]","Following Too Close","[""Motor Vehicle in Motion"",""Motor Vehicle in Motion""]"
0,0,"Atlanta Police Department","2022-12-07","None and I-75","(O) No Injury","Daylight","On Roadway - Non-Intersection","Sideswipe-Same Direction","I-75","Wet","08:35:00","[""Unknown"",""Unknown""]","Cloudy",0,33.76489,-84.38457,"Atlanta","FULTON","[""Motor Vehicle in Motion"",""Motor Vehicle in Motion""]","Changed Lanes Improperly","Motor Vehicle in Motion"
0,0,"Atlanta Police Department","2022-12-07","Wendover Dr Ne and Peachtree Dunwoody Rd Ne","(O) No Injury","Daylight","On Roadway - Driveway Intersection","Head On","Peachtree Dunwoody Rd Ne","Water (standing or moving)","17:50:00","[""Unknown"",""Unknown"",""Unknown""]","Rain",0,33.854878,-84.358032,"Atlanta","FULTON","[""Motor Vehicle in Motion"",""Motor Vehicle in Motion""]",,"[""Motor Vehicle in Motion"",""Motor Vehicle in Motion""]"
0,0,"Atlanta Police Department","2022-12-07","Pharr Rd Nw and Slaton Dr Nw","(O) No Injury","Dark-Lighted","On Roadway - Non-Intersection","Angle Crash","Slaton Dr Nw","Wet","17:00:00","[""Unknown"",""Lap and Shoulder Belt Used""]","Rain",0,33.83737,-84.386454,"Atlanta","FULTON","[""Motor Vehicle in Motion"",""Motor Vehicle in Motion""]","Improper Backing","[""Motor Vehicle in Motion"",""Motor Vehicle in Motion""]"
0,0,"Atlanta Police Department","2022-12-07","Ridge Ave Sw and Weyman Ave Sw","(O) No Injury","Daylight","On Roadway - Roadway Intersection","Rear End","Ridge Ave Sw","Dry","14:00:00","[""Unknown"",""Unknown"",""Unknown""]","Clear",0,33.724991,-84.390758,"Atlanta","FULTON","[""Motor Vehicle in Motion"",""Motor Vehicle in Motion""]","Following Too Close","[""Motor Vehicle in Motion"",""Motor Vehicle in Motion""]"
0,0,"Atlanta Police Department","2022-12-07","None and I-85","(C) Possible Injury / Complaint","Daylight","On Roadway - Non-Intersection","Rear End","I-85","Dry","08:05:00","[""Unknown"",""Unknown""]","Cloudy",0,33.806646,-84.38059,"Atlanta","FULTON","[""Motor Vehicle in Motion"",""Motor Vehicle in Motion""]","Following Too Close","[""Motor Vehicle in Motion"",""Motor Vehicle in Motion""]"
0,0,"Atlanta Police Department","2022-12-07","North Ave Nw and Centennial Olympic Park Dr Nw","(O) No Injury","Dark-Lighted","On Roadway - Non-Intersection","Rear End","North Ave Nw","Water (standing or moving)","19:18:00","[""Unknown"",""Unknown""]","Cloudy",0,33.771291,-84.39187,"Atlanta","FULTON","[""Motor Vehicle in Motion"",""Motor Vehicle in Motion""]","Following Too Close","[""Motor Vehicle in Motion"",""Motor Vehicle in Motion""]"
0,0,"Atlanta Police Department","2022-12-07","I-75 and Exit 244","(O) No Injury","Dark-Lighted","On Roadway - Non-Intersection","Sideswipe-Same Direction","I-75","Wet","22:54:00","[""Lap and Shoulder Belt Used"",""Lap and Shoulder Belt Used""]","Rain",0,33.719207,-84.396796,"Atlanta","FULTON","[""Motor Vehicle in Motion"",""Motor Vehicle in Motion""]","[""Changed Lanes Improperly"",""Misjudged Clearance""]","[""Motor Vehicle in Motion"",""Motor Vehicle in Motion""]"
0,0,"Atlanta Police Department","2022-12-07","None and I-285","(O) No Injury","Daylight","On Roadway - Roadway Intersection","Rear End","I-285","Dry","09:00:00","[""Unknown"",""Unknown"",""Unknown""]","Cloudy",0,33.77569,-84.496308,"Atlanta","FULTON","[""Motor Vehicle in Motion"",""Motor Vehicle in Motion"",""Motor Vehicle in Motion""]","Following Too Close","[""Motor Vehicle in Motion"",""Motor Vehicle in Motion"",""Motor Vehicle in Motion""]"
0,0,"Atlanta Police Department","2022-12-07","Collier St Nw and Chappell Rd Nw","(O) No Injury","Daylight","On Roadway - Roadway Intersection","Rear End","Chappell Rd Nw","Wet","08:43:00","[""Unknown"",""Unknown"",""Unknown""]","Rain",0,33.762455,-84.433418,"Atlanta","FULTON","[""Motor Vehicle in Motion"",""Motor Vehicle in Motion""]","Following Too Close","[""Motor Vehicle in Motion"",""Motor Vehicle in Motion""]"
0,0,"Atlanta Police Department","2022-12-07","None and I-75","(O) No Injury","Daylight","On Roadway - Non-Intersection","Rear End","I-75","Dry","15:37:00","[""Unknown"",""Unknown"",""Unknown""]","Clear",0,33.728097,-84.393169,"Atlanta","FULTON","[""Motor Vehicle in Motion"",""Motor Vehicle in Motion"",""Motor Vehicle in Motion""]","Following Too Close","[""Motor Vehicle in Motion"",""Motor Vehicle in Motion"",""Motor Vehicle in Motion""]"
0,0,"Atlanta Police Department","2022-12-07","Bishop Way Ne and Randolph St Ne","(O) No Injury","Daylight","On Roadway - Driveway Intersection","Angle Crash","Bishop Way Ne","Dry","16:30:00","[""Unknown"",""Unknown""]","Clear",0,33.760293,-84.367857,"Atlanta","FULTON","[""Motor Vehicle in Motion"",""Motor Vehicle in Motion""]","Improper Turn","[""Motor Vehicle in Motion"",""Motor Vehicle in Motion""]"
0,0,"Atlanta Police Department","2022-12-07","Martin St Se and Memorial Dr Se","(O) No Injury","Daylight","On Roadway - Non-Intersection","Rear End","Martin St Se","Wet","08:00:00","[""Lap and Shoulder Belt Used"",""Lap and Shoulder Belt Used""]","Rain",0,33.746903,-84.383832,"Atlanta","FULTON","[""Motor Vehicle in Motion"",""Motor Vehicle in Motion""]",,"[""Motor Vehicle in Motion"",""Motor Vehicle in Motion""]"
0,0,"Atlanta Police Department","2022-12-07","Lenox Rd Ne and Alliance Center Dr","(O) No Injury","Daylight","On Roadway - Roundabout","Head On","Alliance Center Dr","Wet","07:43:00","[""Unknown"",""Unknown""]","Cloudy",0,33.852669,-84.365422,"Atlanta","FULTON","[""Motor Vehicle in Motion"",""Motor Vehicle in Motion""]","[""Failure to Yield"",""Failure to Yield""]","[""Motor Vehicle in Motion"",""Motor Vehicle in Motion""]"
0,0,"Atlanta Police Department","2022-12-07","Williams St Nw and W Peachtree Pl Nw","(O) No Injury","Daylight","On Roadway - Roadway Intersection","Sideswipe-Same Direction","Williams St Nw","Wet","07:50:00","[""Lap and Shoulder Belt Used"",""Lap and Shoulder Belt Used""]","Clear",0,33.764014,-84.390359,"Atlanta","FULTON","[""Motor Vehicle in Motion"",""Motor Vehicle in Motion""]","Changed Lanes Improperly","[""Motor Vehicle in Motion"",""Motor Vehicle in Motion""]"
0,0,"Atlanta Police Department","2022-12-07","None and Piedmont Rd Ne","(O) No Injury","Dusk","On Roadway - Non-Intersection","Not a Collision with Motor Vehicle","Piedmont Rd Ne","Water (standing or moving)","19:28:00","[""Unknown"",""Unknown""]","Rain",0,33.844522,-84.371804,"Atlanta","FULTON","[""Motor Vehicle in Motion"",""Motor Vehicle in Motion""]",,"[""Motor Vehicle in Motion"",""Pedal-Cycle""]"
0,0,"Atlanta Police Department","2022-12-07","Lee St Sw and Ralph David Abernathy Blvd Sw","(C) Possible Injury / Complaint","Daylight","On Roadway - Roadway Intersection","Angle Crash","Ralph David Abernathy Blvd Sw","Wet","16:15:00","[""Unknown"",""Unknown"",""Child Restraint System (Properly Used)""]","Cloudy",0,33.738244,-84.414055,"Atlanta","FULTON","[""Motor Vehicle in Motion"",""Motor Vehicle in Motion""]","Failure to Yield","[""Motor Vehicle in Motion"",""Motor Vehicle in Motion""]"
0,0,"Atlanta Police Department","2022-12-07","Jefferson St Nw and Joseph E Lowery Blvd Nw","(O) No Injury","Daylight","On Roadway - Roadway Intersection","Sideswipe-Same Direction","Joseph E Lowery Blvd Nw","Wet","08:35:00","[""Unknown"",""Unknown""]","Rain",0,33.775624,-84.417361,"Atlanta","FULTON","[""Motor Vehicle in Motion"",""Motor Vehicle in Motion""]","Improper Turn","[""Motor Vehicle in Motion"",""Motor Vehicle in Motion""]"
0,0,"Atlanta Police Department","2022-12-07","Ted Turner Dr Nw and Andrew Young International Blvd Nw","(O) No Injury","Dark-Lighted","On Roadway - Roadway Intersection","Sideswipe-Same Direction","Ted Turner Dr Nw","Wet","16:55:00","[""Unknown"",""Unknown""]","Cloudy",0,33.759461,-84.389176,"Atlanta","FULTON","[""Motor Vehicle in Motion"",""Motor Vehicle in Motion""]","Changed Lanes Improperly","Motor Vehicle in Motion"
0,0,"Atlanta Police Department","2022-12-07","Moreland Ave Se and Metropolitan Ave Se","(O) No Injury","Daylight","On Roadway - Non-Intersection","Angle Crash","Moreland Ave Se","Dry","16:00:00","[""Unknown"",""Unknown""]","Cloudy",0,33.741605,-84.349254,"Atlanta","FULTON","[""Motor Vehicle in Motion"",""Motor Vehicle in Motion""]","Failure to Yield","[""Motor Vehicle in Motion"",""Motor Vehicle in Motion""]"
0,0,"Atlanta Police Department","2022-12-07","None and I-75   Cleveland Ave Sw","(C) Possible Injury / Complaint","Daylight","On Roadway - Non-Intersection","Angle Crash","I-75   Cleveland Ave Sw","Dry","20:39:00","[""None Used"",""Unknown""]","Clear",0,33.682257,-84.398858,"Atlanta","FULTON","[""Motor Vehicle in Motion"",""Motor Vehicle in Motion""]",,"[""Motor Vehicle in Motion"",""Motor Vehicle in Motion""]"
0,0,"Atlanta Police Department","2022-12-07","Ga-13 and I-85 N","(O) No Injury","Dark-Lighted","On Roadway - Non-Intersection","Angle Crash","Ga-13","Dry","17:35:00","[""Lap and Shoulder Belt Used"",""Lap and Shoulder Belt Used""]","Clear",0,33.806424,-84.379428,"Atlanta","FULTON","[""Motor Vehicle in Motion"",""Motor Vehicle in Motion""]","Changed Lanes Improperly","[""Motor Vehicle in Motion"",""Motor Vehicle in Motion""]"
0,0,"Rincon Police Department","2022-12-07","None and Brentwood Drive","(O) No Injury","Daylight","On Roadway - Roadway Intersection","Angle Crash","Brentwood Drive","Dry","19:01:00","[""Lap and Shoulder Belt Used"",""Lap and Shoulder Belt Used""]","Clear",0,33.673216,-84.504762,"Atlanta","FULTON","[""Other/Unknown"",""Other/Unknown""]",,