"# Serious Injuries","# Visible Injuries","Agency Name (Crash Level) ","Date","Intersection Name (from Crash Report)","KABCO Severity","Light Conditions (Crash Level)","Location at Impact (Crash Level) ","Manner of Collision (Crash Level) ","Roadway (From Crash Report)","Surface Condition (Crash Level) ","Time","Safety Equipment (Crash Level) ","Weather Conditions (Crash Level)","# of Fatalities per Crash","Latitude","Longitude","Geolocated City","Geolocated County","First Harmful Event (Unit Order)","Operator/Pedestrian Contrib Factor (excl None, Other, No Contrib Factors)","Most Harmful Event (Crash Level)"
0,0,"Gsp Post 00","2022-12-08","7585S and University Ave","(C) Possible Injury / Complaint","Daylight","On Roadway - Non-Intersection","Rear End","7585S","Wet","09:20:00","[""Unknown"",""Lap and Shoulder Belt Used""]","Cloudy",0,33.722746,-84.394594,"Atlanta","FULTON","[""Motor Vehicle in Motion"",""Motor Vehicle in Motion""]","Following Too Close","[""Motor Vehicle in Motion"",""Motor Vehicle in Motion""]"
0,0,"Atlanta Police Department","2022-12-08","Bolton Rd Nw and Marietta Blvd Nw","(O) No Injury","Daylight","On Roadway - Non-Intersection","Rear End","Marietta Blvd Nw","Dry","10:32:00","[""Lap and Shoulder Belt Used"",""Lap and Shoulder Belt Used""]","Cloudy",0,33.821692,-84.455559,"Atlanta","FULTON","[""Motor Vehicle in Motion"",""Motor Vehicle in Motion""]","Following Too Close","[""Motor Vehicle in Motion"",""Motor Vehicle in Motion""]"
0,0,"Atlanta Police Department","2022-12-08","None and W Paces Ferry Rd Nw","(O) No Injury","Dark-Lighted","On Roadway - Non-Intersection","Not a Collision with Motor Vehicle","W Paces Ferry Rd Nw","Dry","19:40:00","Unknown","Clear",0,33.849497,-84.413749,"Atlanta","FULTON","Motor Vehicle in Motion","Improper Backing","Motor Vehicle in Motion"
0,0,"Atlanta Police Department","2022-12-08","Northside Pkwy Nw and W Paces Ferry Rd Nw","(O) No Injury","Daylight","On Roadway - Non-Intersection","Rear End","W Paces Ferry Rd Nw","Dry","20:29:00","[""Lap and Shoulder Belt Used"",""Lap and Shoulder Belt Used""]","Cloudy",0,33.849059,-84.430029,"Atlanta","FULTON","[""Motor Vehicle in Motion"",""Motor Vehicle in Motion""]","Following Too Close","[""Motor Vehicle in Motion"",""Motor Vehicle in Motion""]"
0,1,"Atlanta Police Department","2022-12-08","Pryor Rd Sw and Claire Dr Sw","(B) Suspected Minor/Visible Injury","Daylight","On Roadway - Roadway Intersection","Angle Crash","Claire Dr Sw","Dry","13:05:00","[""Unknown"",""Unknown""]","Clear",0,33.708395,-84.392916,"Atlanta","FULTON","[""Motor Vehicle in Motion"",""Motor Vehicle in Motion""]","Failure to Yield","[""Motor Vehicle in Motion"",""Motor Vehicle in Motion""]"
0,0,"Gsp Post 00","2022-12-08","Mlk Jr Dr and I-285 North","(O) No Injury","Daylight","On Roadway - Non-Intersection","Rear End","I-285 North","Dry","12:37:00","[""Lap and Shoulder Belt Used"",""Lap and Shoulder Belt Used""]","Clear",0,33.742729,-84.499226,"Atlanta","FULTON","[""Motor Vehicle in Motion"",""Motor Vehicle in Motion""]","Following Too Close","[""Motor Vehicle in Motion"",""Motor Vehicle in Motion""]"
0,0,"Atlanta Police Department","2022-12-08","Harper Rd Se and Meador Ave Se","(O) No Injury","Daylight","On Roadway - Roadway Intersection","Head On","Harper Rd Se","Wet","08:00:00","[""Lap and Shoulder Belt Used"",""Lap and Shoulder Belt Used"",""Lap and Shoulder Belt Used"",""Lap and Shoulder Belt Used""]","Fog",0,33.696969,-84.380332,"Atlanta","FULTON","[""Motor Vehicle in Motion"",""Motor Vehicle in Motion""]","Improper Turn","[""Motor Vehicle in Motion"",""Motor Vehicle in Motion""]"
0,0,"Atlanta Police Department","2022-12-08","Pryor St Sw and Fulton St Sw","(O) No Injury","Daylight","On Roadway - Non-Intersection","Rear End","Pryor St Sw","Wet","09:27:00","[""Unknown"",""Lap and Shoulder Belt Used""]","Clear",0,33.741844,-84.394508,"Atlanta","FULTON","[""Motor Vehicle in Motion"",""Motor Vehicle in Motion""]","[""Too Fast for Conditions"",""Following Too Close""]","[""Motor Vehicle in Motion"",""Motor Vehicle in Motion""]"
0,0,"Atlanta Police Department","2022-12-08","Eason St Nw and Andrews St Nw","(O) No Injury","Dark-Not Lighted","On Roadway - Non-Intersection","Head On","Eason St Nw","Dry","01:50:00",,"Clear",0,33.760309,-84.431406,"Atlanta","FULTON","[""Motor Vehicle in Motion"",""Motor Vehicle in Motion""]","Aggressive Driving","Motor Vehicle in Motion"
0,0,"Gsp Post 00","2022-12-08","I-7585 S and Williams St","(O) No Injury","Daylight","On Roadway - Non-Intersection","Rear End","I-7585 S","Wet","06:55:00","[""Lap and Shoulder Belt Used"",""Lap and Shoulder Belt Used""]","Cloudy",0,33.769395,-84.390574,"Atlanta","FULTON","[""Motor Vehicle in Motion"",""Motor Vehicle in Motion""]","Following Too Close","[""Motor Vehicle in Motion"",""Motor Vehicle in Motion""]"
0,0,"Atlanta Police Department","2022-12-08","Marietta Blvd Nw and Chattahoochee Ave Nw","(O) No Injury","Daylight","On Roadway - Non-Intersection","Angle Crash","Chattahoochee Ave Nw","Dry","08:00:00","[""Unknown"",""Lap and Shoulder Belt Used""]","Cloudy",0,33.810111,-84.438309,"Atlanta","FULTON","[""Motor Vehicle in Motion"",""Motor Vehicle in Motion""]","Improper Turn","[""Motor Vehicle in Motion"",""Motor Vehicle in Motion""]"
0,0,"Atlanta Police Department","2022-12-08","None and I-285","(O) No Injury","Dark-Lighted","On Roadway - Non-Intersection","Rear End","I-285","Wet","04:15:00","[""None Used"",""Lap and Shoulder Belt Used"",""Lap Belt Only Used""]","Fog",0,33.752471,-84.495801,"Atlanta","FULTON","[""Motor Vehicle in Motion"",""Motor Vehicle in Motion""]","Following Too Close","[""Motor Vehicle in Motion"",""Motor Vehicle in Motion""]"
0,0,"Atlanta Police Department","2022-12-08","None and I-285","(O) No Injury","Dark-Not Lighted","On Roadway - Non-Intersection","Angle Crash","I-285","Dry","22:30:00","[""Unknown"",""Unknown""]","Clear",0,33.685899,-84.500122,"Atlanta","FULTON","[""Motor Vehicle in Motion"",""Motor Vehicle in Motion""]","Changed Lanes Improperly","[""Motor Vehicle in Motion"",""Motor Vehicle in Motion""]"
0,0,"Atlanta Police Department","2022-12-08","None and Techwood Dr Nw","(O) No Injury","Daylight","On Roadway - Non-Intersection","Sideswipe-Same Direction","Techwood Dr Nw","Dry","12:30:00","[""Lap and Shoulder Belt Used"",""Lap and Shoulder Belt Used""]","Clear",0,33.787699,-84.391932,"Atlanta","FULTON","[""Motor Vehicle in Motion"",""Motor Vehicle in Motion""]","[""Changed Lanes Improperly"",""Not Visible (Object, Person, or Vehicle)""]","[""Motor Vehicle in Motion"",""Motor Vehicle in Motion""]"
0,0,"Gsp Post 00","2022-12-08","Armor Dr Overpass and Interstate 85 South","(O) No Injury","Dark-Lighted","On Roadway - Non-Intersection","Rear End","Interstate 85 South","Dry","19:01:00","[""Lap and Shoulder Belt Used"",""Lap and Shoulder Belt Used""]","Clear",0,33.811434,-84.371821,"Atlanta","FULTON","[""Motor Vehicle in Motion"",""Motor Vehicle in Motion""]","Following Too Close","[""Motor Vehicle in Motion"",""Parked Motor Vehicle""]"
0,0,"Atlanta Police Department","2022-12-08","None and Marietta Blvd Nw","(O) No Injury","Dark-Not Lighted","On Roadway - Non-Intersection","Angle Crash","Marietta Blvd Nw","Dry","07:10:00","[""Lap and Shoulder Belt Used"",""Lap and Shoulder Belt Used"",""Lap and Shoulder Belt Used"",""Lap and Shoulder Belt Used"",""Lap and Shoulder Belt Used""]","Clear",0,33.809591,-84.438543,"Atlanta","FULTON","[""Motor Vehicle in Motion"",""Motor Vehicle in Motion""]","Changed Lanes Improperly","[""Motor Vehicle in Motion"",""Motor Vehicle in Motion""]"
0,0,"Atlanta Police Department","2022-12-08","Courtland St Ne and John Portman Blvd Ne","(O) No Injury","Dark-Lighted","Off Roadway - Sidewalk","Not a Collision with Motor Vehicle","Courtland St Ne","Dry","18:38:00","Lap and Shoulder Belt Used","Clear",0,33.760936,-84.384177,"Atlanta","FULTON","Other Non-Collision",,"Utility Pole"
0,0,"Atlanta Police Department","2022-12-08","None and Marietta Blvd Nw","(C) Possible Injury / Complaint","Daylight","On Roadway - Roadway Intersection","Head On","Marietta Blvd Nw","Dry","15:20:00","[""Lap and Shoulder Belt Used"",""Lap and Shoulder Belt Used""]","Clear",0,33.819014,-84.450797,"Atlanta","FULTON","[""Motor Vehicle in Motion"",""Motor Vehicle in Motion""]","Failure to Yield","[""Motor Vehicle in Motion"",""Motor Vehicle in Motion""]"
0,0,"Atlanta Police Department","2022-12-08","Roswell Rd Ne and E Paces Ferry Rd Ne","(O) No Injury","Dark-Lighted","On Roadway - Non-Intersection","Angle Crash","Roswell Rd Ne","Dry","19:50:00","[""Unknown"",""Unknown""]","Clear",0,33.839712,-84.379727,"Atlanta","FULTON","[""Motor Vehicle in Motion"",""Motor Vehicle in Motion""]","Changed Lanes Improperly","[""Motor Vehicle in Motion"",""Motor Vehicle in Motion""]"
0,0,"Gsp Post 00","2022-12-08","I-7585 Conn N and University Ave","(O) No Injury","Daylight","On Roadway - Non-Intersection","Rear End","I-7585 Conn N","Wet","10:16:00","[""Unknown"",""Lap and Shoulder Belt Used""]","Cloudy",0,33.731184,-84.392082,"Atlanta","FULTON","[""Motor Vehicle in Motion"",""Motor Vehicle in Motion""]","Changed Lanes Improperly","[""Motor Vehicle in Motion"",""Motor Vehicle in Motion""]"
0,0,"Atlanta Police Department","2022-12-08","Oakdale Rd Ne and Ponce De Leon Ave Ne","(C) Possible Injury / Complaint","Dark-Lighted","On Roadway - Roadway Intersection","Angle Crash","Ponce De Leon Ave Ne","Dry","16:53:00","[""Lap and Shoulder Belt Used"",""Lap and Shoulder Belt Used""]","Clear",0,33.775174,-84.341557,"Atlanta","DEKALB","[""Motor Vehicle in Motion"",""Motor Vehicle in Motion""]","Failure to Yield","[""Motor Vehicle in Motion"",""Motor Vehicle in Motion""]"
0,0,"Atlanta Police Department","2022-12-08","North Ave Nw and W Peachtree St Nw","(C) Possible Injury / Complaint","Dawn","On Roadway - In Crosswalk","Not a Collision with Motor Vehicle","W Peachtree St Nw","Water (standing or moving)","06:30:00","[""Lap and Shoulder Belt Used"",""None Used""]","Fog",0,33.771232,-84.387421,"Atlanta","FULTON","[""Motor Vehicle in Motion"",""Motor Vehicle in Motion""]",,"Motor Vehicle in Motion"
0,0,"Gsp Post 00","2022-12-08","Lee St Sw and Rose Circle","(C) Possible Injury / Complaint","Daylight","On Roadway - Non-Intersection","Angle Crash","Lee St Sw","Dry","14:00:00","[""Lap and Shoulder Belt Used"",""None Used"",""Lap and Shoulder Belt Used""]","Clear",0,33.73013,-84.415285,"Atlanta","FULTON","[""Motor Vehicle in Motion"",""Motor Vehicle in Motion""]","[""Exceeding Speed Limit"",""Disregard Police - Evasion"",""Reckless Driving"",""Driver Lost Control""]","[""Motor Vehicle in Motion"",""Motor Vehicle in Motion""]"
0,0,"Atlanta Police Department","2022-12-08","Maple Dr Ne and E Paces Ferry Rd Ne","(O) No Injury","Dark-Not Lighted","On Roadway - Roadway Intersection","Sideswipe-Same Direction","E Paces Ferry Rd Ne","Dry","22:25:00","[""Unknown"",""Unknown""]","Clear",0,33.83849,-84.371331,"Atlanta","FULTON","[""Motor Vehicle in Motion"",""Motor Vehicle in Motion""]",,"[""Motor Vehicle in Motion"",""Motor Vehicle in Motion""]"
0,0,"Atlanta Police Department","2022-12-08","Colmer Ave Se and Moreland Ave Se","(O) No Injury","Daylight","On Roadway - Non-Intersection","Sideswipe-Same Direction","Moreland Ave Se","Dry","12:30:00","[""Unknown"",""Unknown""]","Cloudy",0,33.7515,-84.349233,"Atlanta","FULTON","[""Motor Vehicle in Motion"",""Motor Vehicle in Motion""]","Changed Lanes Improperly","[""Motor Vehicle in Motion"",""Motor Vehicle in Motion""]"
1,0,"Atlanta Police Department","2022-12-08","Hogan Rd Sw and Stone Hogan Conn Sw","(A) Suspected Serious Injury","Daylight","On Roadway - Non-Intersection","Head On","Stone Hogan Conn Sw","Other","08:48:00","[""Unknown"",""Unknown""]","Fog",0,33.678207,-84.495048,"Atlanta","FULTON","[""Motor Vehicle in Motion"",""Motor Vehicle in Motion""]","Driver Lost Control","[""Motor Vehicle in Motion"",""Motor Vehicle in Motion""]"
0,1,"Gsp Post 00","2022-12-08","I-7585 Conn S and University Ave","(B) Suspected Minor/Visible Injury","Daylight","On Roadway - Non-Intersection","Angle Crash","I-7585 Conn S","Wet","08:08:00","[""None Used"",""Lap and Shoulder Belt Used""]","Cloudy",0,33.725866,-84.393861,"Atlanta","FULTON","[""Motor Vehicle in Motion"",""Motor Vehicle in Motion""]","[""Too Fast for Conditions"",""Driver Lost Control""]","[""Motor Vehicle in Motion"",""Over Turn""]"
0,0,"Gsp Post 00","2022-12-08","I-7585 Nb and Pine Street","(C) Possible Injury / Complaint","Daylight","On Roadway - Non-Intersection","Rear End","I-7585 Nb","Wet","07:44:00","[""Lap and Shoulder Belt Used"",""Lap and Shoulder Belt Used"",""Lap and Shoulder Belt Used"",""Lap and Shoulder Belt Used""]","Clear",0,33.763558,-84.383159,"Atlanta","FULTON","[""Motor Vehicle in Motion"",""Motor Vehicle in Motion"",""Motor Vehicle in Motion""]","[""Following Too Close"",""Too Fast for Conditions""]","[""Motor Vehicle in Motion"",""Motor Vehicle in Motion"",""Motor Vehicle in Motion""]"
0,0,"Atlanta Police Department","2022-12-08","Ted Turner Dr Nw and W Peachtree Pl Nw","(O) No Injury","Dark-Lighted","On Roadway - Roadway Intersection","Angle Crash","Ted Turner Dr Nw","Dry","23:14:00","[""Lap and Shoulder Belt Used"",""Lap and Shoulder Belt Used"",""Lap and Shoulder Belt Used"",""Lap and Shoulder Belt Used"",""Lap Belt Only Used"",""Lap and Shoulder Belt Used""]","Clear",0,33.764011,-84.388995,"Atlanta","FULTON","[""Motor Vehicle in Motion"",""Motor Vehicle in Motion""]","Changed Lanes Improperly","[""Motor Vehicle in Motion"",""Motor Vehicle in Motion""]"
0,0,"Gsp Post 00","2022-12-08","I-285 North and Campbelltonroad Overpass","(C) Possible Injury / Complaint","Daylight","On Roadway - Non-Intersection","Rear End","I-285 North","Dry","16:30:00","[""Lap and Shoulder Belt Used"",""Lap and Shoulder Belt Used"",""Lap and Shoulder Belt Used""]","Clear",0,33.688651,-84.499905,"Atlanta","FULTON","[""Motor Vehicle in Motion"",""Motor Vehicle in Motion""]","Following Too Close","[""Motor Vehicle in Motion"",""Motor Vehicle in Motion""]"
0,0,"Atlanta Police Department","2022-12-08","Mayson Turner Rd Nw and Joseph E Lowery Blvd Nw","(C) Possible Injury / Complaint","Dark-Lighted","On Roadway - Roadway Intersection","Rear End","Joseph E Lowery Blvd Nw","Dry","23:45:00","[""None Used"",""None Used""]","Clear",0,33.757609,-84.417528,"Atlanta","FULTON","[""Motor Vehicle in Motion"",""Motor Vehicle in Motion""]",,"[""Motor Vehicle in Motion"",""Motor Vehicle in Motion""]"
0,0,"Atlanta Police Department","2022-12-08","14Th St Nw and Williams St Nw","(O) No Injury","Daylight","On Roadway - Roadway Intersection","Angle Crash","14Th St Nw","Wet","09:00:00","[""Unknown"",""Unknown""]","Clear",0,33.786698,-84.390415,"Atlanta","FULTON","[""Motor Vehicle in Motion"",""Motor Vehicle in Motion""]","Changed Lanes Improperly","[""Motor Vehicle in Motion"",""Motor Vehicle in Motion""]"
0,0,"Gsp Post 00","2022-12-08","I-75 Sb and Northside Drive","(C) Possible Injury / Complaint","Daylight","On Roadway - Non-Intersection","Sideswipe-Same Direction","I-75 Sb","Dry","07:29:00","[""Lap and Shoulder Belt Used"",""Lap and Shoulder Belt Used""]","Cloudy",0,33.799541,-84.396887,"Atlanta","FULTON","[""Motor Vehicle in Motion"",""Motor Vehicle in Motion""]","Changed Lanes Improperly","[""Motor Vehicle in Motion"",""Motor Vehicle in Motion""]"
0,0,"Gsp Post 00","2022-12-08","Lee Street and White Street","(O) No Injury","Daylight","On Roadway - Non-Intersection","Angle Crash","White Street","Dry","15:12:00","[""None Used"",""None Used"",""Lap and Shoulder Belt Used""]","Clear",0,33.729494,-84.416149,"Atlanta","FULTON","[""Motor Vehicle in Motion"",""Motor Vehicle in Motion""]","[""Reckless Driving"",""Disregard Police - Evasion""]","[""Motor Vehicle in Motion"",""Motor Vehicle in Motion""]"
0,1,"Atlanta Police Department","2022-12-08","Pryor St Sw and Trinity Ave Sw","(B) Suspected Minor/Visible Injury","Daylight","On Roadway - Roadway Intersection","Angle Crash","Trinity Ave Sw","Dry","10:54:00","[""Unknown"",""Unknown"",""None Used"",""Unknown""]","Cloudy",0,33.74918,-84.39272,"Atlanta","FULTON","[""Motor Vehicle in Motion"",""Motor Vehicle in Motion"",""Motor Vehicle in Motion""]","Disregard Other Traffic Control","[""Motor Vehicle in Motion"",""Motor Vehicle in Motion"",""Motor Vehicle in Motion""]"
0,0,"Emory Police Department","2022-12-08","Pine St Ne and Peachtree St Ne","(O) No Injury","Daylight","On Roadway - Non-Intersection","Rear End","Pine St Ne","Dry","14:30:00","[""Unknown"",""Unknown"",""Unknown""]","Clear",0,33.767338,-84.385394,"Atlanta","FULTON","[""Motor Vehicle in Motion"",""Motor Vehicle in Motion""]","Inattentive or Other Distraction (Distracted)","[""Motor Vehicle in Motion"",""Motor Vehicle in Motion""]"
0,0,"Atlanta Police Department","2022-12-08","Lee St Sw and White St Sw","(O) No Injury","Daylight","On Roadway - Non-Intersection","Angle Crash","Lee St Sw","Dry","10:15:00","[""Unknown"",""Unknown""]","Clear",0,33.729657,-84.415629,"Atlanta","FULTON","[""Motor Vehicle in Motion"",""Motor Vehicle in Motion""]","Changed Lanes Improperly","[""Motor Vehicle in Motion"",""Motor Vehicle in Motion""]"
0,2,"Atlanta Police Department","2022-12-08","Ridgewood Ln Sw and Campbellton Rd Sw","(B) Suspected Minor/Visible Injury","Dark-Lighted","On Roadway - Roadway Intersection","Angle Crash","Campbellton Rd Sw","Wet","08:55:00","[""Lap and Shoulder Belt Used"",""Lap and Shoulder Belt Used"",""Lap and Shoulder Belt Used""]","Fog",0,33.711878,-84.44192,"Atlanta","FULTON","[""Motor Vehicle in Motion"",""Motor Vehicle in Motion""]","Misjudged Clearance","[""Motor Vehicle in Motion"",""Motor Vehicle in Motion""]"
0,0,"Atlanta Police Department","2022-12-08","Moreland Ave Ne and E John Lewis Freedom Pkwy Ne","(O) No Injury","Daylight","Median","Not a Collision with Motor Vehicle","E John Lewis Freedom Pkwy Ne","Dry","06:48:00","Unknown","Fog",0,33.769922,-84.349027,"Atlanta","FULTON","Curb","[""Misjudged Clearance"",""Driver Lost Control""]","Curb"
0,0,"Gsp Post 00","2022-12-08","Freedom Pkwy and I-7585 North","(O) No Injury","Daylight","On Roadway - Non-Intersection","Rear End","I-7585 North","Dry","17:24:00","[""Lap and Shoulder Belt Used"",""Lap and Shoulder Belt Used"",""Lap and Shoulder Belt Used""]","Clear",0,33.765478,-84.385314,"Atlanta","FULTON","[""Motor Vehicle in Motion"",""Motor Vehicle in Motion""]","Following Too Close","[""Motor Vehicle in Motion"",""Motor Vehicle in Motion""]"
0,0,"Gsp Post 00","2022-12-08","I-7585N and Courtland St","(O) No Injury","Daylight","On Roadway - Non-Intersection","Rear End","I-7585N","Dry","16:20:00","[""Lap and Shoulder Belt Used"",""Lap and Shoulder Belt Used""]","Clear",0,33.763985,-84.383578,"Atlanta","FULTON","[""Motor Vehicle in Motion"",""Motor Vehicle in Motion""]","Inattentive or Other Distraction (Distracted)","[""Motor Vehicle in Motion"",""Motor Vehicle in Motion""]"
0,0,"Atlanta Police Department","2022-12-08","4Th St Nw and W Peachtree St Nw","(O) No Injury","Daylight","On Roadway - Roadway Intersection","Angle Crash","W Peachtree St Nw","Dry","16:46:00","[""Unknown"",""Unknown""]","Clear",0,33.775067,-84.387322,"Atlanta","FULTON","[""Motor Vehicle in Motion"",""Motor Vehicle in Motion""]","Failure to Yield","[""Motor Vehicle in Motion"",""Motor Vehicle in Motion""]"
0,0,"Atlanta Police Department","2022-12-08","10Th St Nw and Curran St Nw","(C) Possible Injury / Complaint","Dark-Lighted","Off Roadway - Sidewalk","Not a Collision with Motor Vehicle","10Th St Nw","Dry","19:22:00","[""Unknown"",""None Used""]","Clear",0,33.781543,-84.405456,"Atlanta","FULTON","[""Motor Vehicle in Motion"",""Pedal-Cycle""]",,"[""Motor Vehicle in Motion"",""Pedal-Cycle""]"
0,0,"Gsp Post 00","2022-12-08","I-285 and I-20 East","(O) No Injury","Daylight","On Roadway - Non-Intersection","Rear End","I-20 East","Dry","16:11:00","[""Lap and Shoulder Belt Used"",""Lap and Shoulder Belt Used"",""Lap and Shoulder Belt Used""]","Cloudy",0,33.765008,-84.493853,"Atlanta","FULTON","[""Motor Vehicle in Motion"",""Motor Vehicle in Motion""]","Following Too Close","[""Motor Vehicle in Motion"",""Motor Vehicle in Motion""]"
0,0,"Atlanta Police Department","2022-12-08","Custer Way Se and Custer Ave Se","(C) Possible Injury / Complaint","Daylight","On Roadway - Roadway Intersection","Angle Crash","Custer Ave Se","Wet","08:18:00","[""Lap and Shoulder Belt Used"",""Lap and Shoulder Belt Used""]","Fog",0,33.715784,-84.353096,"Atlanta","FULTON","[""Motor Vehicle in Motion"",""Motor Vehicle in Motion""]","Failure to Yield","[""Motor Vehicle in Motion"",""Motor Vehicle in Motion""]"
0,0,"Atlanta Police Department","2022-12-08","Spring St Nw and North Ave Nw","(O) No Injury","Dark-Lighted","On Roadway - Roadway Intersection","Sideswipe-Same Direction","North Ave Nw","Dry","19:58:00","[""Unknown"",""Unknown""]","Clear",0,33.77124,-84.388933,"Atlanta","FULTON","[""Motor Vehicle in Motion"",""Motor Vehicle in Motion""]","Changed Lanes Improperly","[""Motor Vehicle in Motion"",""Motor Vehicle in Motion""]"
0,0,"Atlanta Police Department","2022-12-08","Piedmont Rd Ne and Habersham Rd Ne","(O) No Injury","Daylight","On Roadway - Roadway Intersection","Angle Crash","Habersham Rd Ne","Dry","16:00:00","[""Lap and Shoulder Belt Used"",""Lap and Shoulder Belt Used""]","Clear",0,33.853339,-84.381598,"Atlanta","FULTON","[""Motor Vehicle in Motion"",""Motor Vehicle in Motion""]",,"[""Motor Vehicle in Motion"",""Motor Vehicle in Motion""]"
0,0,"Gsp Post 00","2022-12-08","Hill St and I-20 West","(O) No Injury","Daylight","On Roadway - Non-Intersection","Rear End","I-20 West","Wet","07:20:00","[""Lap and Shoulder Belt Used"",""Lap and Shoulder Belt Used"",""Child Restraint System (Improperly Used)"",""Child Restraint System (Improperly Used)"",""Child Restraint System (Improperly Used)"",""Child Restraint System (Improperly Used)""]","Cloudy",0,33.743444,-84.37553,"Atlanta","FULTON","[""Motor Vehicle in Motion"",""Motor Vehicle in Motion""]","Following Too Close","[""Motor Vehicle in Motion"",""Motor Vehicle in Motion""]"
0,0,"Atlanta Police Department","2022-12-08","North Ave Ne and W Peachtree St Nw","(C) Possible Injury / Complaint","Daylight","On Roadway - Roadway Intersection","Rear End","North Ave Ne","Wet","11:15:00","[""Lap and Shoulder Belt Used"",""Unknown""]","Cloudy",0,33.771234,-84.387421,"Atlanta","FULTON","[""Motor Vehicle in Motion"",""Other Non-Collision""]","Following Too Close","[""Motor Vehicle in Motion"",""Motor Vehicle in Motion""]"
0,0,"Atlanta Police Department","2022-12-08","None and 75 85 Sb Expy Nw   Williams St Nw Rp","(C) Possible Injury / Complaint","Dark-Not Lighted","On Roadway - Non-Intersection","Sideswipe-Same Direction","75 85 Sb Expy Nw   Williams St Nw Rp","Wet","03:34:00","[""Unknown"",""Unknown"",""Unknown"",""Unknown""]","Fog",0,33.769321,-84.390566,"Atlanta","FULTON","[""Motor Vehicle in Motion"",""Motor Vehicle in Motion"",""Motor Vehicle in Motion""]","Changed Lanes Improperly","[""Motor Vehicle in Motion"",""Motor Vehicle in Motion"",""Motor Vehicle in Motion""]"
0,0,"Atlanta Police Department","2022-12-08","Piedmont Way Ne and Montgomery Ferry Dr Ne","(O) No Injury","Daylight","On Roadway - Roadway Intersection","Angle Crash","Piedmont Way Ne","Dry","11:38:00","[""Unknown"",""Unknown""]","Clear",0,33.802187,-84.370391,"Atlanta","FULTON","[""Motor Vehicle in Motion"",""Motor Vehicle in Motion""]","Disregard Stop Sign/Signal","[""Motor Vehicle in Motion"",""Motor Vehicle in Motion""]"
0,0,"Atlanta Police Department","2022-12-08","Ga-13 S and Spring St Nw","(O) No Injury","Dark-Lighted","On Roadway - Roadway Intersection","Rear End","Spring St Nw","Dry","17:00:00","[""Lap and Shoulder Belt Used"",""Lap and Shoulder Belt Used"",""Lap and Shoulder Belt Used""]","Clear",0,33.795417,-84.389103,"Atlanta","FULTON","[""Motor Vehicle in Motion"",""Motor Vehicle in Motion""]","Following Too Close","[""Motor Vehicle in Motion"",""Motor Vehicle in Motion""]"
0,0,"Atlanta Police Department","2022-12-08","Mitchell St Sw and Central Ave Sw","(C) Possible Injury / Complaint","Daylight","On Roadway - Driveway Intersection","Angle Crash","Central Ave Sw","Wet","08:33:00","[""Unknown"",""Unknown""]","Clear",0,33.749615,-84.390665,"Atlanta","FULTON","[""Motor Vehicle in Motion"",""Motor Vehicle in Motion""]","Improper Turn","[""Motor Vehicle in Motion"",""Motor Vehicle in Motion""]"
0,0,"Atlanta Police Department","2022-12-08","Fulton Industrial Blvd Nw and Donald Lee Hollowell Pkwy Nw","(O) No Injury","Dark-Lighted","On Roadway - Roadway Intersection","Rear End","Donald Lee Hollowell Pkwy Nw","Dry","21:10:00","[""Unknown"",""Lap and Shoulder Belt Used""]","Clear",0,33.790121,-84.496324,"Atlanta","FULTON","[""Motor Vehicle in Motion"",""Motor Vehicle in Motion""]","Following Too Close","[""Motor Vehicle in Motion"",""Motor Vehicle in Motion""]"
0,0,"Atlanta Police Department","2022-12-08","Morosgo Dr Ne and Piedmont Rd Ne","(O) No Injury","Daylight","On Roadway - Roadway Intersection","Sideswipe-Same Direction","Piedmont Rd Ne","Dry","13:00:00","[""Unknown"",""Unknown""]","Clear",0,33.823715,-84.367263,"Atlanta","FULTON","[""Motor Vehicle in Motion"",""Motor Vehicle in Motion""]",,"[""Motor Vehicle in Motion"",""Motor Vehicle in Motion""]"
0,0,"Atlanta Police Department","2022-12-08","7Th St Ne and Cypress St Ne","(O) No Injury","Daylight","On Roadway - Roadway Intersection","Angle Crash","7Th St Ne","Dry","14:36:00","[""Unknown"",""Unknown""]","Clear",0,33.778631,-84.385746,"Atlanta","FULTON","[""Motor Vehicle in Motion"",""Motor Vehicle in Motion""]","Failure to Yield","[""Motor Vehicle in Motion"",""Motor Vehicle in Motion""]"
0,0,"Atlanta Police Department","2022-12-08","14Th St Nw and Techwood Dr Nw","(O) No Injury","Dark-Lighted","On Roadway - Roadway Intersection","Sideswipe-Opposite Direction","Techwood Dr Nw","Dry","23:50:00","[""Lap and Shoulder Belt Used"",""Lap and Shoulder Belt Used""]","Cloudy",0,33.786551,-84.391751,"Atlanta","FULTON","[""Motor Vehicle in Motion"",""Motor Vehicle in Motion""]","Failure to Yield","[""Motor Vehicle in Motion"",""Motor Vehicle in Motion""]"
0,0,"Gsp Post 00","2022-12-08","I-7585 Northbound and University Avenue On Ramp","(O) No Injury","Daylight","On Roadway - Non-Intersection","Rear End","I-7585 Northbound","Dry","11:51:00","[""Lap and Shoulder Belt Used"",""Lap and Shoulder Belt Used"",""Lap and Shoulder Belt Used""]","Clear",0,33.71108,-84.400767,"Atlanta","FULTON","[""Motor Vehicle in Motion"",""Motor Vehicle in Motion""]","Following Too Close","[""Motor Vehicle in Motion"",""Motor Vehicle in Motion""]"