"# Serious Injuries","# Visible Injuries","Agency Name (Crash Level) ","Date","Intersection Name (from Crash Report)","KABCO Severity","Light Conditions (Crash Level)","Location at Impact (Crash Level) ","Manner of Collision (Crash Level) ","Roadway (From Crash Report)","Surface Condition (Crash Level) ","Time","Safety Equipment (Crash Level) ","Weather Conditions (Crash Level)","# of Fatalities per Crash","Latitude","Longitude","Geolocated City","Geolocated County","First Harmful Event (Unit Order)","Operator/Pedestrian Contrib Factor (excl None, Other, No Contrib Factors)","Most Harmful Event (Crash Level)"
0,0,"Atlanta Police Department","2022-12-09","Linden Ave Nw and W Peachtree St Nw","(O) No Injury","Dark-Lighted","On Roadway - Roadway Intersection","Angle Crash","Linden Ave Nw","Wet","17:30:00","[""Unknown"",""Unknown""]","Rain",0,33.769764,-84.387438,"Atlanta","FULTON","[""Motor Vehicle in Motion"",""Motor Vehicle in Motion""]","Improper Turn","[""Motor Vehicle in Motion"",""Motor Vehicle in Motion""]"
0,0,"Atlanta Police Department","2022-12-09","Piedmont Rd Ne and Piedmont Cir Ne","(O) No Injury","Daylight","On Roadway - Non-Intersection","Sideswipe-Same Direction","Piedmont Rd Ne","Wet","15:20:00","Lap and Shoulder Belt Used","Rain",0,33.808406,-84.365869,"Atlanta","FULTON","[""Motor Vehicle in Motion"",""Motor Vehicle in Motion""]","Misjudged Clearance","[""Motor Vehicle in Motion"",""Motor Vehicle in Motion""]"
0,0,"Atlanta Police Department","2022-12-09","Strong St Nw and North Ave Nw","(O) No Injury","Dark-Lighted","On Roadway - Roadway Intersection","Angle Crash","North Ave Nw","Dry","20:30:00","[""Unknown"",""Lap and Shoulder Belt Used"",""Lap and Shoulder Belt Used""]","Cloudy",0,33.770007,-84.403201,"Atlanta","FULTON","[""Motor Vehicle in Motion"",""Motor Vehicle in Motion""]","Disregard Stop Sign/Signal","[""Motor Vehicle in Motion"",""Motor Vehicle in Motion""]"
0,0,"Atlanta Police Department","2022-12-09","8Th St Nw and Northside Dr Nw","(C) Possible Injury / Complaint","Dark-Lighted","On Roadway - Roadway Intersection","Angle Crash","Northside Dr Nw","Dry","20:53:00","[""Unknown"",""Unknown"",""Unknown"",""Unknown"",""Unknown"",""Unknown"",""Unknown""]","Cloudy",0,33.779654,-84.407484,"Atlanta","FULTON","[""Motor Vehicle in Motion"",""Motor Vehicle in Motion""]","Changed Lanes Improperly","[""Motor Vehicle in Motion"",""Motor Vehicle in Motion""]"
0,0,"Atlanta Police Department","2022-12-09","N Highland Ave Ne and Saint Augustine Pl Ne","(O) No Injury","Daylight","On Roadway - Non-Intersection","Rear End","N Highland Ave Ne","Wet","13:07:00","[""Unknown"",""Lap and Shoulder Belt Used""]","Rain",0,33.774223,-84.352499,"Atlanta","FULTON","[""Motor Vehicle in Motion"",""Motor Vehicle in Motion""]","[""Under the Influence (U.I.)"",""Following Too Close""]","[""Motor Vehicle in Motion"",""Motor Vehicle in Motion""]"
0,0,"Atlanta Police Department","2022-12-09","Monroe Dr Ne and Piedmont Ave Ne","(O) No Injury","Daylight","On Roadway - Roadway Intersection","Rear End","Piedmont Ave Ne","Water (standing or moving)","10:55:00","[""Lap and Shoulder Belt Used"",""Lap and Shoulder Belt Used""]","Rain",0,33.797091,-84.368993,"Atlanta","FULTON","[""Motor Vehicle in Motion"",""Motor Vehicle in Motion""]","Following Too Close","[""Motor Vehicle in Motion"",""Motor Vehicle in Motion""]"
0,0,"Atlanta Police Department","2022-12-09","Vine St Nw and Joseph E Boone Blvd Nw","(O) No Injury","Dark-Lighted","On Roadway - Roadway Intersection","Angle Crash","Vine St Nw","Wet","20:30:00","[""Unknown"",""Lap and Shoulder Belt Used""]","Rain",0,33.763442,-84.407754,"Atlanta","FULTON","[""Motor Vehicle in Motion"",""Motor Vehicle in Motion""]","Failure to Yield","[""Motor Vehicle in Motion"",""Motor Vehicle in Motion""]"
0,0,"Atlanta Police Department","2022-12-09","Irby Ave Nw and Roswell Rd Ne","(O) No Injury","Dark-Not Lighted","On Roadway - Roadway Intersection","Sideswipe-Same Direction","Roswell Rd Ne","Wet","17:30:00","[""Unknown"",""Unknown""]","Rain",0,33.841341,-84.379072,"Atlanta","FULTON","[""Motor Vehicle in Motion"",""Motor Vehicle in Motion""]","Changed Lanes Improperly","[""Motor Vehicle in Motion"",""Motor Vehicle in Motion""]"
0,0,"Atlanta Police Department","2022-12-09","Memorial Dr Sw and Washington St Sw","(O) No Injury","Dark-Lighted","On Roadway - Roadway Intersection","Sideswipe-Same Direction","Memorial Dr Sw","Wet","17:00:00","[""Unknown"",""Unknown""]","Rain",0,33.746918,-84.390798,"Atlanta","FULTON","[""Motor Vehicle in Motion"",""Motor Vehicle in Motion""]","Improper Turn","[""Motor Vehicle in Motion"",""Motor Vehicle in Motion""]"
0,0,"Atlanta Police Department","2022-12-09","Bronner Bros Way Sw and Metropolitan Pkwy Sw","(O) No Injury","Daylight","On Roadway - Driveway Intersection","Angle Crash","Metropolitan Pkwy Sw","Wet","14:01:00","[""Unknown"",""Unknown"",""Unknown""]","Rain",0,33.736737,-84.408148,"Atlanta","FULTON","[""Motor Vehicle in Motion"",""Motor Vehicle in Motion""]","Failure to Yield","[""Motor Vehicle in Motion"",""Motor Vehicle in Motion""]"
0,0,"Gsp Post 00","2022-12-09","I-285 and I-20 West","(O) No Injury","Dark-Not Lighted","On Roadway - Non-Intersection","Sideswipe-Same Direction","I-20 West","Wet","18:30:00","[""Lap and Shoulder Belt Used"",""Lap and Shoulder Belt Used""]","Rain",0,33.765008,-84.493853,"Atlanta","FULTON","[""Motor Vehicle in Motion"",""Motor Vehicle in Motion""]","Failure to Yield","[""Motor Vehicle in Motion"",""Motor Vehicle in Motion""]"
0,0,"Atlanta Police Department","2022-12-09","Exit 255 and Northside Pkwy Nw","(O) No Injury","Dark-Lighted","On Roadway - Non-Intersection","Angle Crash","Northside Pkwy Nw","Wet","07:00:00","[""Unknown"",""Lap and Shoulder Belt Used""]","Cloudy",0,33.847205,-84.429137,"Atlanta","FULTON","[""Motor Vehicle in Motion"",""Motor Vehicle in Motion""]","Failure to Yield","[""Motor Vehicle in Motion"",""Motor Vehicle in Motion""]"
0,0,"Gsp Post 00","2022-12-09","I-75 S and Howell Mill Rd","(O) No Injury","Dark-Lighted","On Roadway - Non-Intersection","Angle Crash","I-75 S","Wet","18:01:00","[""Lap and Shoulder Belt Used"",""Lap and Shoulder Belt Used"",""Lap and Shoulder Belt Used"",""Lap and Shoulder Belt Used""]","Rain",0,33.82166,-84.423207,"Atlanta","FULTON","[""Motor Vehicle in Motion"",""Motor Vehicle in Motion""]","[""Too Fast for Conditions"",""Driver Lost Control""]","[""Motor Vehicle in Motion"",""Motor Vehicle in Motion""]"
0,0,"Atlanta Police Department","2022-12-09","Langford Pkwy and Greenbriar Pkwy Sw","(O) No Injury","Dark-Lighted","On Roadway - Non-Intersection","Sideswipe-Same Direction","Greenbriar Pkwy Sw","Dry","18:10:00","[""Unknown"",""Unknown""]","Rain",0,33.691581,-84.489715,"Atlanta","FULTON","[""Motor Vehicle in Motion"",""Motor Vehicle in Motion""]",,"[""Motor Vehicle in Motion"",""Motor Vehicle in Motion""]"
0,0,"Atlanta Police Department","2022-12-09","I-85 Nb and Piedmont Rd Ne","(C) Possible Injury / Complaint","Dark-Lighted","On Roadway - Non-Intersection","Head On","Piedmont Rd Ne","Wet","22:49:00","[""Unknown"",""Unknown"",""Unknown"",""Unknown"",""Unknown""]","Rain",0,33.814383,-84.366606,"Atlanta","FULTON","[""Motor Vehicle in Motion"",""Motor Vehicle in Motion"",""Motor Vehicle in Motion""]",,"[""Motor Vehicle in Motion"",""Motor Vehicle in Motion"",""Motor Vehicle in Motion""]"
0,0,"Atlanta Police Department","2022-12-09","Clifton Rd Ne and Mclendon Ave Ne","(O) No Injury","Daylight","On Roadway - Non-Intersection","Rear End","Mclendon Ave Ne","Water (standing or moving)","16:00:00","Lap and Shoulder Belt Used","Clear",0,33.764831,-84.332997,"Atlanta","DEKALB","[""Motor Vehicle in Motion"",""Parked Motor Vehicle""]","Following Too Close","[""Motor Vehicle in Motion"",""Motor Vehicle in Motion""]"
0,0,"Atlanta Police Department","2022-12-09","Piedmont Rd Ne and Piedmont Cir Ne","(O) No Injury","Dark-Not Lighted","On Roadway - Roadway Intersection","Angle Crash","Piedmont Cir Ne","Wet","00:50:00","[""Unknown"",""Unknown"",""Unknown""]","Rain",0,33.808059,-84.365922,"Atlanta","FULTON","[""Motor Vehicle in Motion"",""Motor Vehicle in Motion""]",,"[""Motor Vehicle in Motion"",""Motor Vehicle in Motion""]"
0,0,"Atlanta Police Department","2022-12-09","Melrose Dr Sw and Katherwood Dr Sw","(O) No Injury","Daylight","On Roadway - Roadway Intersection","Angle Crash","Melrose Dr Sw","Water (standing or moving)","15:30:00","[""Unknown"",""Unknown"",""Unknown""]","Rain",0,33.710422,-84.421657,"Atlanta","FULTON","[""Motor Vehicle in Motion"",""Motor Vehicle in Motion""]",,"[""Motor Vehicle in Motion"",""Motor Vehicle in Motion""]"
0,0,"Atlanta Police Department","2022-12-09","Euclid Ave Ne and Moreland Ave Ne","(O) No Injury","Daylight","On Roadway - Non-Intersection","Rear End","Moreland Ave Ne","Wet","13:23:00","[""Unknown"",""Unknown""]","Rain",0,33.764909,-84.349225,"Atlanta","FULTON","[""Motor Vehicle in Motion"",""Motor Vehicle in Motion""]",,"[""Motor Vehicle in Motion"",""Motor Vehicle in Motion""]"
0,0,"Atlanta Police Department","2022-12-09","County Line Rd Sw and Campbellton Rd Sw","(O) No Injury","Dark-Lighted","On Roadway - Non-Intersection","Head On","Campbellton Rd Sw","Wet","23:10:00","[""Unknown"",""Unknown"",""Unknown""]","Rain",0,33.696083,-84.53468,"Atlanta","FULTON","[""Motor Vehicle in Motion"",""Motor Vehicle in Motion""]","Failure to Yield","[""Motor Vehicle in Motion"",""Motor Vehicle in Motion""]"
0,0,"Gsp Post 00","2022-12-09","I-285 South and Langford Pkwy","(O) No Injury","Daylight","On Roadway - Non-Intersection","Sideswipe-Same Direction","I-285 South","Dry","10:30:00","[""Lap and Shoulder Belt Used"",""Lap and Shoulder Belt Used""]","Clear",0,33.686405,-84.500131,"Atlanta","FULTON","[""Motor Vehicle in Motion"",""Motor Vehicle in Motion""]","Changed Lanes Improperly","[""Impact Attenuate"",""Motor Vehicle in Motion""]"
0,0,"Atlanta Police Department","2022-12-09","I-75 S and University Ave Sw","(O) No Injury","Dark-Not Lighted","On Roadway - Roadway Intersection","Angle Crash","University Ave Sw","Water (standing or moving)","18:00:00","[""Unknown"",""Unknown"",""Unknown"",""Unknown"",""Unknown""]","Clear",0,33.722135,-84.394807,"Atlanta","FULTON","[""Motor Vehicle in Motion"",""Motor Vehicle in Motion""]",,"[""Motor Vehicle in Motion"",""Motor Vehicle in Motion""]"
0,0,"Atlanta Police Department","2022-12-09","15Th St Ne and Arts Center Way Ne","(O) No Injury","Dark-Lighted","On Roadway - Non-Intersection","Angle Crash","15Th St Ne","Water (standing or moving)","19:19:00","[""Unknown"",""Unknown""]","Cloudy",0,33.788388,-84.385478,"Atlanta","FULTON","[""Motor Vehicle in Motion"",""Motor Vehicle in Motion""]","Changed Lanes Improperly","[""Motor Vehicle in Motion"",""Motor Vehicle in Motion""]"
0,0,"Atlanta Police Department","2022-12-09","Krog St Ne and Dekalb Ave Ne","(O) No Injury","Daylight","Off Roadway","Rear End","Dekalb Ave Ne","Dry","18:00:00","[""Lap Belt Only Used"",""None Used""]","Clear",0,33.753491,-84.363868,"Atlanta","FULTON","[""Motor Vehicle in Motion"",""Motor Vehicle in Motion""]",,"[""Motor Vehicle in Motion"",""Motor Vehicle in Motion""]"
0,0,"Atlanta Police Department","2022-12-09","Russell Plz Sw and Mitchell St Sw","(C) Possible Injury / Complaint","Daylight","On Roadway - Non-Intersection","Rear End","Mitchell St Sw","Dry","09:20:00","[""Unknown"",""Unknown""]","Cloudy",0,33.753032,-84.396865,"Atlanta","FULTON","[""Motor Vehicle in Motion"",""Motor Vehicle in Motion""]",,"[""Motor Vehicle in Motion"",""Parked Motor Vehicle""]"
0,0,"Gsp Post 00","2022-12-09","I-20 West and H E Holmes Dr","(O) No Injury","Daylight","On Roadway - Non-Intersection","Rear End","I-20 West","Wet","16:34:00","[""Lap and Shoulder Belt Used"",""Lap and Shoulder Belt Used""]","Rain",0,33.759252,-84.478292,"Atlanta","FULTON","[""Motor Vehicle in Motion"",""Motor Vehicle in Motion""]","Changed Lanes Improperly","[""Motor Vehicle in Motion"",""Motor Vehicle in Motion""]"
0,0,"Atlanta Police Department","2022-12-09","None and I-85","(O) No Injury","Dark-Not Lighted","On Roadway - Managed Lane (HOV, HOT, Reversible)","Sideswipe-Same Direction","I-85","Dry","22:15:00","[""Unknown"",""Lap and Shoulder Belt Used""]","Cloudy",0,33.80583,-84.381601,"Atlanta","FULTON","[""Motor Vehicle in Motion"",""Motor Vehicle in Motion""]",,"Motor Vehicle in Motion"
0,0,"Atlanta Police Department","2022-12-09","Woodhaven Rd Nw and W Paces Ferry Rd Nw","(O) No Injury","Daylight","On Roadway - Non-Intersection","Rear End","W Paces Ferry Rd Nw","Wet","10:30:00","[""Lap and Shoulder Belt Used"",""Lap and Shoulder Belt Used""]","Cloudy",0,33.845034,-84.398756,"Atlanta","FULTON","[""Motor Vehicle in Motion"",""Motor Vehicle in Motion""]","Following Too Close","[""Motor Vehicle in Motion"",""Motor Vehicle in Motion""]"
0,0,"Atlanta Police Department","2022-12-09","14Th St Nw and Howell Mill Rd Nw","(C) Possible Injury / Complaint","Dark-Lighted","On Roadway - Non-Intersection","Rear End","Howell Mill Rd Nw","Water (standing or moving)","17:16:00","[""Unknown"",""Unknown""]","Rain",0,33.785702,-84.411654,"Atlanta","FULTON","[""Motor Vehicle in Motion"",""Motor Vehicle in Motion""]","Following Too Close","[""Motor Vehicle in Motion"",""Motor Vehicle in Motion""]"
0,0,"Gsp Post 00","2022-12-09","I-7585 South and Freedom Parkway","(O) No Injury","Dark-Lighted","On Roadway - Non-Intersection","Rear End","I-7585 South","Wet","19:30:00","[""Lap and Shoulder Belt Used"",""Lap and Shoulder Belt Used"",""Lap and Shoulder Belt Used""]","Cloudy",0,33.755865,-84.378187,"Atlanta","FULTON","[""Motor Vehicle in Motion"",""Motor Vehicle in Motion""]","Following Too Close","[""Motor Vehicle in Motion"",""Motor Vehicle in Motion""]"
0,0,"Atlanta Police Department","2022-12-09","Stone Rd Sw and Ridgeview Dr Sw","(O) No Injury","Dark-Lighted","On Roadway - Driveway Intersection","Sideswipe-Opposite Direction","Stone Rd Sw","Water (standing or moving)","18:30:00","[""Unknown"",""Unknown""]","Rain",0,33.669475,-84.492171,"Atlanta","FULTON","[""Motor Vehicle in Motion"",""Motor Vehicle in Motion""]",,"[""Motor Vehicle in Motion"",""Motor Vehicle in Motion""]"
0,0,"Atlanta Police Department","2022-12-09","None and I-285","(O) No Injury","Dark-Lighted","On Roadway - Non-Intersection","Sideswipe-Same Direction","I-285","Water (standing or moving)","17:00:00","[""Unknown"",""Lap and Shoulder Belt Used""]","Rain",0,33.661386,-84.356094,"Atlanta","FULTON","[""Motor Vehicle in Motion"",""Motor Vehicle in Motion""]",,"[""Motor Vehicle in Motion"",""Motor Vehicle in Motion""]"
0,0,"Gsp Post 00","2022-12-09","Ga-400 and I-85 South","(C) Possible Injury / Complaint","Daylight","On Roadway - Non-Intersection","Rear End","I-85 South","Dry","06:45:00","[""Lap and Shoulder Belt Used"",""Lap and Shoulder Belt Used"",""Lap and Shoulder Belt Used"",""Lap and Shoulder Belt Used"",""Lap and Shoulder Belt Used"",""Lap and Shoulder Belt Used""]","Clear",0,33.817415,-84.362696,"Atlanta","FULTON","[""Motor Vehicle in Motion"",""Motor Vehicle in Motion"",""Motor Vehicle in Motion"",""Motor Vehicle in Motion""]","[""Too Fast for Conditions"",""Following Too Close""]","[""Motor Vehicle in Motion"",""Motor Vehicle in Motion"",""Motor Vehicle in Motion"",""Motor Vehicle in Motion""]"
0,0,"Atlanta Police Department","2022-12-09","None and I-20","(C) Possible Injury / Complaint","Dark-Not Lighted","On Roadway - Non-Intersection","Rear End","I-20","Water (standing or moving)","19:56:00","[""Lap and Shoulder Belt Used"",""Lap and Shoulder Belt Used""]","Rain",0,33.764516,-84.492774,"Atlanta","FULTON","[""Motor Vehicle in Motion"",""Motor Vehicle in Motion""]","[""Too Fast for Conditions"",""Following Too Close""]","[""Motor Vehicle in Motion"",""Motor Vehicle in Motion""]"
0,0,"Atlanta Police Department","2022-12-09","Camp Creek Pkwy Sw and Princeton Lakes Pkwy","(O) No Injury","Dark-Not Lighted","On Roadway - Non-Intersection","Rear End","Camp Creek Pkwy Sw","Wet","17:45:00","[""Unknown"",""Unknown""]","Rain",0,33.655734,-84.513981,"Atlanta","FULTON","[""Motor Vehicle in Motion"",""Motor Vehicle in Motion""]","Following Too Close","[""Motor Vehicle in Motion"",""Motor Vehicle in Motion""]"
0,0,"Atlanta Police Department","2022-12-09","Carroll St Se and Tennelle St Se","(C) Possible Injury / Complaint","Daylight","On Roadway - Non-Intersection","Sideswipe-Same Direction","Carroll St Se","Water (standing or moving)","13:50:00","[""Unknown"",""Unknown"",""Unknown"",""Unknown""]","Rain",0,33.750099,-84.368054,"Atlanta","FULTON","[""Motor Vehicle in Motion"",""Motor Vehicle in Motion""]",,"[""Motor Vehicle in Motion"",""Motor Vehicle in Motion""]"
0,0,"Gsp Post 00","2022-12-09","Armor Drive and Interstate 85 South","(O) No Injury","Daylight","On Roadway - Non-Intersection","Sideswipe-Same Direction","Interstate 85 South","Dry","18:25:00","[""Unknown"",""Lap and Shoulder Belt Used""]","Clear",0,33.803572,-84.384946,"Atlanta","FULTON","[""Motor Vehicle in Motion"",""Motor Vehicle in Motion""]","Changed Lanes Improperly","[""Motor Vehicle in Motion"",""Motor Vehicle in Motion""]"
0,1,"Gsp Post 00","2022-12-09","Ga-166 and I-7585 S","(B) Suspected Minor/Visible Injury","Daylight","On Shoulder","Not a Collision with Motor Vehicle","I-7585 S","Wet","12:53:00","Lap and Shoulder Belt Used","Rain",0,33.699673,-84.40445,"Atlanta","FULTON","Median Barrier","[""Driver Lost Control"",""Driver Condition""]","Median Barrier"
0,0,"Gsp Post 00","2022-12-09","Trinity Avenue and Washington Street","(O) No Injury","Daylight","On Roadway - Non-Intersection","Sideswipe-Same Direction","Washington Street","Wet","14:40:00","[""Lap and Shoulder Belt Used"",""Lap and Shoulder Belt Used""]","Rain",0,33.747253,-84.389184,"Atlanta","FULTON","[""Motor Vehicle in Motion"",""Motor Vehicle in Motion""]","Changed Lanes Improperly","[""Motor Vehicle in Motion"",""Motor Vehicle in Motion""]"
0,0,"Gsp Post 00","2022-12-09","I-85S and Mm 77.2","(O) No Injury","Daylight","On Shoulder","Not a Collision with Motor Vehicle","I-85S","Wet","16:30:00","Lap and Shoulder Belt Used","Rain",0,33.687841,-84.401137,"Atlanta","FULTON","Median Barrier","[""Too Fast for Conditions"",""Driver Lost Control""]","Median Barrier"
0,0,"Atlanta Police Department","2022-12-09","Mclendon Ave Ne and Hardendorf Ave Ne","(O) No Injury","Daylight","On Roadway - Non-Intersection","Rear End","Mclendon Ave Ne","Wet","16:20:00","[""Unknown"",""Unknown""]","Rain",0,33.764849,-84.331307,"Atlanta","DEKALB","[""Motor Vehicle in Motion"",""Motor Vehicle in Motion""]","Following Too Close","[""Motor Vehicle in Motion"",""Motor Vehicle in Motion""]"
0,0,"Atlanta Police Department","2022-12-09","Sawtell Ave Se and Mcdonough Blvd Se","(O) No Injury","Daylight","On Roadway - Roadway Intersection","Angle Crash","Sawtell Ave Se","Wet","14:30:00","[""Unknown"",""Unknown"",""Unknown""]","Rain",0,33.71397,-84.373624,"Atlanta","FULTON","[""Motor Vehicle in Motion"",""Motor Vehicle in Motion""]","Improper Turn","[""Motor Vehicle in Motion"",""Motor Vehicle in Motion""]"
0,0,"Atlanta Police Department","2022-12-09","I-75 and Martin Luther King Jr Dr Se","(O) No Injury","Dark-Lighted","Entrance/Exit Ramp","Rear End","I-75","Dry","20:30:00","[""Unknown"",""Unknown"",""Unknown""]","Clear",0,33.748359,-84.385297,"Atlanta","FULTON","[""Highway Traffic Sign Post"",""Highway Traffic Sign Post"",""Highway Traffic Sign Post""]","[""Following Too Close"",""Too Fast for Conditions""]","[""Motor Vehicle in Motion"",""Motor Vehicle in Motion"",""Motor Vehicle in Motion""]"
0,0,"Atlanta Police Department","2022-12-09","Lanier Blvd Ne and Kentucky Ave Ne","(O) No Injury","Dark-Not Lighted","On Roadway - Non-Intersection","Sideswipe-Same Direction","Lanier Blvd Ne","Dry","00:31:00","Unknown","Clear",0,33.783828,-84.352529,"Atlanta","FULTON","[""Parked Motor Vehicle"",""Motor Vehicle in Motion"",""Motor Vehicle in Motion""]",,"[""Parked Motor Vehicle"",""Motor Vehicle in Motion"",""Motor Vehicle in Motion""]"
0,0,"Gsp Post 00","2022-12-09","I-7585 N and University Ave","(O) No Injury","Daylight","On Roadway - Non-Intersection","Rear End","I-7585 N","Wet","16:08:00","[""Lap and Shoulder Belt Used"",""Lap and Shoulder Belt Used"",""Child Restraint System (Properly Used)"",""Lap and Shoulder Belt Used"",""Lap and Shoulder Belt Used"",""Lap and Shoulder Belt Used"",""Lap and Shoulder Belt Used""]","Rain",0,33.724473,-84.394004,"Atlanta","FULTON","[""Motor Vehicle in Motion"",""Motor Vehicle in Motion""]","Following Too Close","[""Motor Vehicle in Motion"",""Motor Vehicle in Motion""]"
0,0,"Atlanta Police Department","2022-12-09","Marietta St Nw and Centennial Olympic Park Dr Nw","(O) No Injury","Dark-Lighted","On Roadway - Roadway Intersection","Rear End","Centennial Olympic Park Dr Nw","Wet","19:20:00","[""Unknown"",""Unknown""]","Rain",0,33.757896,-84.393502,"Atlanta","FULTON","[""Motor Vehicle in Motion"",""Motor Vehicle in Motion""]","Following Too Close","[""Motor Vehicle in Motion"",""Motor Vehicle in Motion""]"
0,0,"Atlanta Police Department","2022-12-09","Maxwell Dr Sw and Langford Pkwy","(O) No Injury","Dark-Not Lighted","Off Roadway","Not a Collision with Motor Vehicle","Langford Pkwy","Dry","04:00:00","Unknown","Clear",0,33.697212,-84.483461,"Atlanta","FULTON","Guard Rail End","Driver Lost Control","Guard Rail End"
0,0,"Atlanta Police Department","2022-12-09","Windsor St Sw and Ralph David Abernathy Blvd Sw","(O) No Injury","Daylight","On Roadway - Non-Intersection","Sideswipe-Same Direction","Windsor St Sw","Wet","18:14:00","Unknown","Rain",0,33.736681,-84.398332,"Atlanta","FULTON","[""Motor Vehicle in Motion"",""Parked Motor Vehicle""]","Occupant Distraction (Distracted)","[""Motor Vehicle in Motion"",""Parked Motor Vehicle""]"
0,0,"Atlanta Police Department","2022-12-09","10Th St Nw and Spring St Nw","(O) No Injury","Daylight","On Roadway - Roadway Intersection","Angle Crash","Spring St Nw","Wet","12:56:00","[""Unknown"",""Unknown""]","Rain",0,33.78154,-84.389407,"Atlanta","FULTON","[""Motor Vehicle in Motion"",""Motor Vehicle in Motion""]",,"[""Motor Vehicle in Motion"",""Motor Vehicle in Motion""]"
0,0,"Gsp Post 00","2022-12-09","Sydney and Boulevard","(O) No Injury","Daylight","On Roadway - Non-Intersection","Rear End","Boulevard","Wet","15:35:00","[""None Used"",""Lap Belt Only Used"",""Shoulder Belt Only Used"",""Shoulder Belt Only Used"",""Shoulder Belt Only Used""]","Cloudy",0,33.741034,-84.368161,"Atlanta","FULTON","[""Motor Vehicle in Motion"",""Motor Vehicle in Motion"",""Motor Vehicle in Motion"",""Motor Vehicle in Motion"",""Motor Vehicle in Motion""]","Under the Influence (U.I.)","[""Motor Vehicle in Motion"",""Motor Vehicle in Motion"",""Motor Vehicle in Motion"",""Motor Vehicle in Motion"",""Motor Vehicle in Motion""]"
0,0,"Atlanta Police Department","2022-12-09","Pine Tree Rd Ne and Sidney Marcus Blvd Ne","(O) No Injury","Daylight","On Roadway - Roadway Intersection","Rear End","Sidney Marcus Blvd Ne","Wet","15:00:00","[""Lap and Shoulder Belt Used"",""Lap and Shoulder Belt Used""]","Rain",0,33.824838,-84.358341,"Atlanta","FULTON","[""Motor Vehicle in Motion"",""Motor Vehicle in Motion""]","Following Too Close","[""Motor Vehicle in Motion"",""Motor Vehicle in Motion""]"
0,0,"Atlanta Police Department","2022-12-09","St Johns Ave Sw and Metropolitan Pkwy Sw","(C) Possible Injury / Complaint","Dark-Lighted","On Roadway - Non-Intersection","Sideswipe-Opposite Direction","Metropolitan Pkwy Sw","Wet","22:30:00","[""Unknown"",""Unknown""]","Cloudy",0,33.698635,-84.408099,"Atlanta","FULTON","[""Motor Vehicle in Motion"",""Motor Vehicle in Motion""]",,"[""Motor Vehicle in Motion"",""Motor Vehicle in Motion""]"
0,0,"Atlanta Police Department","2022-12-09","Monroe Dr Ne and Yorkshire Rd Ne","(O) No Injury","Daylight","On Roadway - Roadway Intersection","Angle Crash","Yorkshire Rd Ne","Wet","15:59:00","[""Lap and Shoulder Belt Used"",""Lap and Shoulder Belt Used""]","Rain",0,33.79521,-84.367436,"Atlanta","FULTON","[""Motor Vehicle in Motion"",""Motor Vehicle in Motion""]","Improper Backing","[""Motor Vehicle in Motion"",""Motor Vehicle in Motion""]"
0,0,"Atlanta Police Department","2022-12-09","None and St Charles Ave Ne","(O) No Injury","Daylight","On Roadway - Non-Intersection","Rear End","St Charles Ave Ne","Wet","15:01:00","Unknown","Rain",0,33.77542,-84.357495,"Atlanta","FULTON","[""Motor Vehicle in Motion"",""Motor Vehicle in Motion""]",,"[""Motor Vehicle in Motion"",""Motor Vehicle in Motion""]"
0,0,"Atlanta Police Department","2022-12-09","Peachtree St Sw and Brotherton St Sw","(O) No Injury","Daylight","On Roadway - Non-Intersection","Sideswipe-Same Direction","Peachtree St Sw","Dry","11:15:00","[""Lap and Shoulder Belt Used"",""Lap and Shoulder Belt Used""]","Clear",0,33.747408,-84.396084,"Atlanta","FULTON","[""Motor Vehicle in Motion"",""Motor Vehicle in Motion""]","Changed Lanes Improperly","[""Motor Vehicle in Motion"",""Motor Vehicle in Motion""]"
0,0,"Gsp Post 00","2022-12-09","I-20 E and Mlk Jr Dr","(O) No Injury","Daylight","On Roadway - Non-Intersection","Rear End","I-20 E","Wet","15:49:00","[""Lap and Shoulder Belt Used"",""Unknown""]","Rain",0,33.746306,-84.429989,"Atlanta","FULTON","[""Motor Vehicle in Motion"",""Motor Vehicle in Motion""]","[""Too Fast for Conditions"",""Following Too Close""]","[""Motor Vehicle in Motion"",""Motor Vehicle in Motion""]"
0,0,"Gsp Post 00","2022-12-09","I-85 N and Cleveland Ave","(O) No Injury","Dark-Not Lighted","On Roadway - Non-Intersection","Rear End","I-85 N","Wet","19:27:00","[""Lap and Shoulder Belt Used"",""Lap and Shoulder Belt Used""]","Rain",0,33.684619,-84.406078,"Atlanta","FULTON","[""Motor Vehicle in Motion"",""Motor Vehicle in Motion""]","Following Too Close","[""Motor Vehicle in Motion"",""Motor Vehicle in Motion""]"
0,0,"Atlanta Police Department","2022-12-09","Dekalb Ave Ne and Moreland Ave Ne","(O) No Injury","Dark-Lighted","On Roadway - Non-Intersection","Sideswipe-Same Direction","Moreland Ave Ne","Water (standing or moving)","19:18:00","[""Unknown"",""Unknown""]","Cloudy",0,33.760287,-84.349391,"Atlanta","FULTON","[""Motor Vehicle in Motion"",""Motor Vehicle in Motion""]","Changed Lanes Improperly","[""Motor Vehicle in Motion"",""Motor Vehicle in Motion""]"