"# Serious Injuries","# Visible Injuries","Agency Name (Crash Level) ","Date","Intersection Name (from Crash Report)","KABCO Severity","Light Conditions (Crash Level)","Location at Impact (Crash Level) ","Manner of Collision (Crash Level) ","Roadway (From Crash Report)","Surface Condition (Crash Level) ","Time","Safety Equipment (Crash Level) ","Weather Conditions (Crash Level)","# of Fatalities per Crash","Latitude","Longitude","Geolocated City","Geolocated County","First Harmful Event (Unit Order)","Operator/Pedestrian Contrib Factor (excl None, Other, No Contrib Factors)","Most Harmful Event (Crash Level)"
0,0,"Atlanta Police Department","2022-12-10","North Ave Nw and Northside Dr Nw","(O) No Injury","Dark-Lighted","On Roadway - Non-Intersection","Sideswipe-Same Direction","Northside Dr Nw","Dry","19:07:00","[""Lap and Shoulder Belt Used"",""Lap and Shoulder Belt Used""]","Cloudy",0,33.769603,-84.404718,"Atlanta","FULTON","[""Motor Vehicle in Motion"",""Motor Vehicle in Motion""]","Inattentive or Other Distraction (Distracted)","[""Motor Vehicle in Motion"",""Motor Vehicle in Motion""]"
0,0,"Atlanta Police Department","2022-12-10","Hollywood Rd Nw and Donald Lee Hollowell Pkwy Nw","(O) No Injury","Dark-Lighted","On Roadway - Roadway Intersection","Sideswipe-Same Direction","Donald Lee Hollowell Pkwy Nw","Dry","19:31:00","[""Lap and Shoulder Belt Used"",""Lap and Shoulder Belt Used"",""Lap and Shoulder Belt Used"",""Lap and Shoulder Belt Used""]","Cloudy",0,33.776565,-84.449568,"Atlanta","FULTON","[""Motor Vehicle in Motion"",""Motor Vehicle in Motion""]","Misjudged Clearance","[""Motor Vehicle in Motion"",""Motor Vehicle in Motion""]"
0,0,"Atlanta Police Department","2022-12-10","None and I-20","(O) No Injury","Daylight","On Shoulder","Not a Collision with Motor Vehicle","I-20","Wet","08:45:00","Unknown","Cloudy",0,33.741267,-84.408445,"Atlanta","FULTON","Other - Fixed Object","Driver Lost Control","Other - Fixed Object"
0,0,"Atlanta Police Department","2022-12-10","Biggers St Se and Oakland Ave Se","(O) No Injury","Dark-Lighted","On Roadway - Roadway Intersection","Angle Crash","Biggers St Se","Dry","19:42:00","[""Lap and Shoulder Belt Used"",""Lap and Shoulder Belt Used""]","Clear",0,33.748074,-84.375142,"Atlanta","FULTON","[""Motor Vehicle in Motion"",""Motor Vehicle in Motion""]",,"[""Motor Vehicle in Motion"",""Motor Vehicle in Motion""]"
0,0,"Atlanta Police Department","2022-12-10","Pharr Rd Ne and Piedmont Rd Ne","(O) No Injury","Dark-Lighted","On Roadway - Non-Intersection","Rear End","Piedmont Rd Ne","Wet","00:10:00","[""Unknown"",""Unknown""]","Rain",0,33.836993,-84.36808,"Atlanta","FULTON","[""Motor Vehicle in Motion"",""Motor Vehicle in Motion""]","Too Fast for Conditions","[""Motor Vehicle in Motion"",""Motor Vehicle in Motion""]"
0,0,"Atlanta Police Department","2022-12-10","Ormond St Sw and Ormond St Se","(O) No Injury","Daylight","On Roadway - Roadway Intersection","Sideswipe-Same Direction","Ormond St Se","Dry","11:11:00","[""Lap and Shoulder Belt Used"",""Lap and Shoulder Belt Used""]","Cloudy",0,33.731758,-84.387656,"Atlanta","FULTON","[""Motor Vehicle in Motion"",""Motor Vehicle in Motion""]","Changed Lanes Improperly","[""Motor Vehicle in Motion"",""Motor Vehicle in Motion""]"
0,0,"Atlanta Police Department","2022-12-10","Mcwilliams Rd Se and Forrest Park Rd Se","(O) No Injury","Dark-Lighted","Off Roadway","Not a Collision with Motor Vehicle","Mcwilliams Rd Se","Water (standing or moving)","01:10:00","Lap and Shoulder Belt Used","Rain",0,33.688682,-84.360213,"Atlanta","FULTON","Other Non-Collision","Driver Lost Control","Utility Pole"
0,0,"Atlanta Police Department","2022-12-10","I-75 and Auburn  Ave Se","(O) No Injury","Daylight","On Roadway - Non-Intersection","Rear End","I-75","Wet","17:51:00","[""Lap and Shoulder Belt Used"",""Lap and Shoulder Belt Used""]","Cloudy",0,33.754455,-84.378349,"Atlanta","FULTON","[""Motor Vehicle in Motion"",""Motor Vehicle in Motion""]","Too Fast for Conditions","[""Motor Vehicle in Motion"",""Motor Vehicle in Motion""]"
0,0,"Atlanta Police Department","2022-12-10","I-75 N and 10Th St Nw","(O) No Injury","Daylight","On Roadway - Non-Intersection","Sideswipe-Same Direction","10Th St Nw","Dry","08:01:00","Lap and Shoulder Belt Used","Cloudy",0,33.781547,-84.390886,"Atlanta","FULTON","[""Motor Vehicle in Motion"",""Motor Vehicle in Motion""]","Changed Lanes Improperly","Motor Vehicle in Motion"
0,0,"Atlanta Police Department","2022-12-10","Hill St Se and Memorial Dr Se","(O) No Injury","Dark-Lighted","On Roadway - Non-Intersection","Angle Crash","Hill St Se","Dry","18:02:00","[""Lap and Shoulder Belt Used"",""Lap and Shoulder Belt Used""]","Clear",0,33.74638,-84.379292,"Atlanta","FULTON","[""Motor Vehicle in Motion"",""Motor Vehicle in Motion""]",,"[""Motor Vehicle in Motion"",""Motor Vehicle in Motion""]"
0,0,"Atlanta Police Department","2022-12-10","None and I-75","(O) No Injury","Daylight","On Roadway - Non-Intersection","Sideswipe-Same Direction","I-75","Dry","12:23:00","[""Unknown"",""Lap and Shoulder Belt Used""]","Cloudy",0,33.75022,-84.382036,"Atlanta","FULTON","[""Motor Vehicle in Motion"",""Motor Vehicle in Motion""]","[""Aggressive Driving"",""Changed Lanes Improperly"",""Reckless Driving""]","[""Motor Vehicle in Motion"",""Motor Vehicle in Motion""]"
0,0,"Atlanta Police Department","2022-12-10","Courtland St Ne and John Portman Blvd Ne","(O) No Injury","Daylight","On Roadway - Roadway Intersection","Angle Crash","Courtland St Ne","Dry","08:27:00","[""Lap and Shoulder Belt Used"",""Lap and Shoulder Belt Used""]","Cloudy",0,33.760933,-84.384177,"Atlanta","FULTON","[""Motor Vehicle in Motion"",""Motor Vehicle in Motion""]","Improper Turn","[""Motor Vehicle in Motion"",""Motor Vehicle in Motion""]"
0,0,"Atlanta Police Department","2022-12-10","Monroe Dr Ne and Monroe Cir Ne","(O) No Injury","Daylight","On Roadway - Non-Intersection","Sideswipe-Same Direction","Monroe Dr Ne","Dry","11:30:00","[""Lap and Shoulder Belt Used"",""Lap and Shoulder Belt Used""]","Clear",0,33.779016,-84.369566,"Atlanta","FULTON","[""Motor Vehicle in Motion"",""Motor Vehicle in Motion""]",,"[""Motor Vehicle in Motion"",""Motor Vehicle in Motion""]"
0,0,"Atlanta Police Department","2022-12-10","None and I-20","(O) No Injury","Dark-Lighted","On Roadway - Non-Intersection","Rear End","I-20","Dry","18:08:00","[""Lap and Shoulder Belt Used"",""Lap and Shoulder Belt Used"",""Lap and Shoulder Belt Used"",""Lap and Shoulder Belt Used"",""Lap and Shoulder Belt Used""]","Clear",0,33.766071,-84.500761,"Atlanta","FULTON","[""Motor Vehicle in Motion"",""Motor Vehicle in Motion"",""Motor Vehicle in Motion""]","Following Too Close","[""Motor Vehicle in Motion"",""Motor Vehicle in Motion"",""Motor Vehicle in Motion""]"
0,0,"Atlanta Police Department","2022-12-10","Lenox Rd Ne and Kingsboro Rd Ne","(O) No Injury","Daylight","On Roadway - Non-Intersection","Head On","Lenox Rd Ne","Dry","13:20:00","Lap and Shoulder Belt Used","Clear",0,33.848723,-84.360696,"Atlanta","FULTON","[""Motor Vehicle in Motion"",""Motor Vehicle in Motion""]",,"Motor Vehicle in Motion"
0,7,"Atlanta Police Department","2022-12-10","Wells St Sw and Ralph David Abernathy Blvd Sw","(B) Suspected Minor/Visible Injury","Dark-Not Lighted","On Roadway - Roadway Intersection","Head On","Wells St Sw","Dry","00:49:00","[""None Used"",""Unknown"",""Unknown"",""Unknown"",""Unknown"",""Unknown"",""Unknown"",""Unknown""]","Clear",0,33.738217,-84.410174,"Atlanta","FULTON","[""Motor Vehicle in Motion"",""Motor Vehicle in Motion""]","[""Improper Turn"",""Under the Influence (U.I.)""]","[""Motor Vehicle in Motion"",""Motor Vehicle in Motion""]"
0,0,"Atlanta Police Department","2022-12-10","10Th St Nw and I-75-85 Sb Nw","(O) No Injury","Daylight","On Roadway - Non-Intersection","Angle Crash","I-75-85 Sb Nw","Dry","13:00:00","[""Lap and Shoulder Belt Used"",""Lap and Shoulder Belt Used""]","Clear",0,33.795379,-84.391917,"Atlanta","FULTON","[""Motor Vehicle in Motion"",""Motor Vehicle in Motion""]","Changed Lanes Improperly","[""Motor Vehicle in Motion"",""Motor Vehicle in Motion""]"
0,0,"Atlanta Police Department","2022-12-10","Ellis St Ne and Courtland St Ne","(O) No Injury","Daylight","On Roadway - Driveway Intersection","Angle Crash","Courtland St Ne","Dry","13:00:00","[""Lap and Shoulder Belt Used"",""Lap and Shoulder Belt Used""]","Clear",0,33.758878,-84.384212,"Atlanta","FULTON","[""Motor Vehicle in Motion"",""Motor Vehicle in Motion""]","Improper Turn","[""Motor Vehicle in Motion"",""Motor Vehicle in Motion""]"
0,0,"Atlanta Police Department","2022-12-10","Lenox Rd Ne and Phipps Blvd Nw","(O) No Injury","Daylight","On Roadway - Roadway Intersection","Sideswipe-Same Direction","Lenox Rd Ne","Dry","10:00:00","[""Unknown"",""Unknown"",""Unknown""]","Clear",0,33.852587,-84.365112,"Atlanta","FULTON","[""Motor Vehicle in Motion"",""Motor Vehicle in Motion""]",,"[""Motor Vehicle in Motion"",""Motor Vehicle in Motion""]"
0,0,"Atlanta Police Department","2022-12-10","Collier Dr Nw and Linkwood Rd Nw","(O) No Injury","Dark-Lighted","Off Roadway","Not a Collision with Motor Vehicle","Collier Dr Nw","Wet","02:00:00","Unknown","Clear",0,33.763227,-84.48414,"Atlanta","FULTON","Other Non-Collision","Aggressive Driving","Utility Pole"
0,0,"Emory Police Department","2022-12-11","Clifton Rd Ne and Houston Mill Rd Ne","(O) No Injury","Dark-Lighted","On Roadway - Non-Intersection","Sideswipe-Same Direction","Clifton Rd Ne","Wet","18:45:00","[""Unknown"",""Unknown""]","Rain",0,33.798099,-84.323372,"Atlanta","DEKALB","[""Motor Vehicle in Motion"",""Motor Vehicle in Motion""]","[""Changed Lanes Improperly"",""Aggressive Driving""]","[""Motor Vehicle in Motion"",""Motor Vehicle in Motion""]"
0,0,"Atlanta Police Department","2022-12-11","Echo St Nw and Donald Lee Hollowell Pkwy Nw","(O) No Injury","Daylight","On Roadway - Managed Lane (HOV, HOT, Reversible)","Head On","Donald Lee Hollowell Pkwy Nw","Water (standing or moving)","12:20:00","[""Unknown"",""Unknown"",""Unknown""]","Rain",0,33.773095,-84.410546,"Atlanta","FULTON","[""Motor Vehicle in Motion"",""Motor Vehicle in Motion"",""Motor Vehicle in Motion""]","Failure to Yield","[""Motor Vehicle in Motion"",""Motor Vehicle in Motion"",""Motor Vehicle in Motion""]"
0,0,"Atlanta Police Department","2022-12-11","None and Chattahoochee Ave Nw","(C) Possible Injury / Complaint","Daylight","On Roadway - Roadway Intersection","Angle Crash","Chattahoochee Ave Nw","Wet","16:49:00","[""Lap and Shoulder Belt Used"",""Lap and Shoulder Belt Used"",""Lap and Shoulder Belt Used""]","Rain",0,33.800934,-84.428324,"Atlanta","FULTON","[""Motor Vehicle in Motion"",""Motor Vehicle in Motion""]","Failure to Yield","[""Motor Vehicle in Motion"",""Motor Vehicle in Motion""]"
0,0,"Atlanta Police Department","2022-12-11","Monroe Dr Ne and Ponce De Leon Ave Ne","(O) No Injury","Dark-Lighted","On Roadway - Roadway Intersection","Angle Crash","Ponce De Leon Ave Ne","Dry","00:12:00","[""Lap and Shoulder Belt Used"",""Lap and Shoulder Belt Used""]","Clear",0,33.773663,-84.370914,"Atlanta","FULTON","[""Motor Vehicle in Motion"",""Motor Vehicle in Motion""]","Improper Turn","[""Motor Vehicle in Motion"",""Motor Vehicle in Motion""]"
0,0,"Atlanta Police Department","2022-12-11","Wall St Se and Central Ave Sw","(O) No Injury","Dark-Not Lighted","On Roadway - Non-Intersection","Rear End","Central Ave Sw","Dry","06:00:00","[""Unknown"",""Unknown"",""Unknown"",""Unknown""]","Clear",0,33.752594,-84.388307,"Atlanta","FULTON","[""Motor Vehicle in Motion"",""Motor Vehicle in Motion"",""Parked Motor Vehicle"",""Parked Motor Vehicle""]","Driver Lost Control","[""Motor Vehicle in Motion"",""Motor Vehicle in Motion"",""Parked Motor Vehicle"",""Parked Motor Vehicle""]"
0,0,"Gsp Post 00","2022-12-11","I-7585 South and Ml King Jr Dr","(O) No Injury","Dark-Lighted","On Roadway - Non-Intersection","Sideswipe-Same Direction","I-7585 South","Wet","17:15:00","[""Unknown"",""Lap and Shoulder Belt Used""]","Rain",0,33.750665,-84.381493,"Atlanta","FULTON","[""Motor Vehicle in Motion"",""Motor Vehicle in Motion""]",,"[""Motor Vehicle in Motion"",""Motor Vehicle in Motion""]"
0,0,"Atlanta Police Department","2022-12-11","Lenox Rd Ne and Alliance Center Dr","(O) No Injury","Daylight","On Roadway - Roadway Intersection","Sideswipe-Same Direction","Lenox Rd Ne","Wet","13:00:00","[""Unknown"",""Unknown""]","Rain",0,33.852729,-84.365858,"Atlanta","FULTON","[""Motor Vehicle in Motion"",""Motor Vehicle in Motion""]","Changed Lanes Improperly","[""Motor Vehicle in Motion"",""Motor Vehicle in Motion""]"
0,0,"Atlanta Police Department","2022-12-11","Lee St Sw and Sylvan Rd Sw","(C) Possible Injury / Complaint","Daylight","On Roadway - Roadway Intersection","Angle Crash","Lee St Sw","Dry","13:30:00","[""Lap and Shoulder Belt Used"",""Lap and Shoulder Belt Used"",""Lap and Shoulder Belt Used""]","Cloudy",0,33.72653,-84.418247,"Atlanta","FULTON","[""Motor Vehicle in Motion"",""Motor Vehicle in Motion""]","Failure to Yield","[""Motor Vehicle in Motion"",""Motor Vehicle in Motion""]"
0,0,"Atlanta Police Department","2022-12-11","None and I-285","(C) Possible Injury / Complaint","Daylight","On Roadway - Non-Intersection","Rear End","I-285","Dry","13:57:00","[""Unknown"",""Unknown""]","Rain",0,33.752123,-84.495943,"Atlanta","FULTON","[""Motor Vehicle in Motion"",""Motor Vehicle in Motion""]","[""Following Too Close"",""Too Fast for Conditions""]","[""Motor Vehicle in Motion"",""Motor Vehicle in Motion""]"
0,0,"Atlanta Police Department","2022-12-11","I-75 and 10Th St Nw","(O) No Injury","Dark-Lighted","On Shoulder","Head On","I-75","Wet","22:30:00","[""Unknown"",""Unknown""]","Clear",0,33.781103,-84.390852,"Atlanta","FULTON","[""Highway Traffic Sign Post"",""Highway Traffic Sign Post""]","Following Too Close","[""Motor Vehicle in Motion"",""Motor Vehicle in Motion""]"
0,0,"Gsp Post 00","2022-12-11","Freedom Pkwy and Mile 248 I-7585 Southatlanta","(O) No Injury","Dark-Lighted","On Roadway - Non-Intersection","Rear End","Mile 248 I-7585 Southatlanta","Wet","07:58:00","[""Lap and Shoulder Belt Used"",""Lap and Shoulder Belt Used"",""Lap and Shoulder Belt Used""]","Cloudy",0,33.763142,-84.383214,"Atlanta","FULTON","[""Motor Vehicle in Motion"",""Motor Vehicle in Motion""]","Following Too Close","[""Motor Vehicle in Motion"",""Motor Vehicle in Motion""]"
0,0,"Atlanta Police Department","2022-12-11","14Th St Ne and W Peachtree St Nw","(O) No Injury","Dark-Not Lighted","On Roadway - Non-Intersection","Angle Crash","14Th St Ne","Water (standing or moving)","20:55:00","[""Lap and Shoulder Belt Used"",""Lap and Shoulder Belt Used""]","Cloudy",0,33.786576,-84.387514,"Atlanta","FULTON","[""Motor Vehicle in Motion"",""Motor Vehicle in Motion""]","Changed Lanes Improperly","[""Motor Vehicle in Motion"",""Motor Vehicle in Motion""]"
0,0,"Atlanta Police Department","2022-12-11","Moreland Ave Se and Boulevard Dr Ne","(C) Possible Injury / Complaint","Dark-Lighted","On Roadway - Roadway Intersection","Rear End","Boulevard Dr Ne","Wet","04:45:00","[""Unknown"",""Unknown""]","Rain",0,33.753564,-84.349208,"Atlanta","FULTON","[""Motor Vehicle in Motion"",""Motor Vehicle in Motion""]","[""Under the Influence (U.I.)"",""Too Fast for Conditions"",""Reckless Driving"",""Following Too Close""]","[""Motor Vehicle in Motion"",""Motor Vehicle in Motion""]"
0,0,"Atlanta Police Department","2022-12-11","Delmont Dr Ne and Peachtree Rd Ne","(C) Possible Injury / Complaint","Daylight","On Roadway - Roadway Intersection","Angle Crash","Peachtree Rd Ne","Wet","16:12:00","[""Lap and Shoulder Belt Used"",""Lap and Shoulder Belt Used"",""Lap and Shoulder Belt Used""]","Rain",0,33.833623,-84.383227,"Atlanta","FULTON","[""Motor Vehicle in Motion"",""Motor Vehicle in Motion"",""Motor Vehicle in Motion""]","Failure to Yield","[""Motor Vehicle in Motion"",""Motor Vehicle in Motion"",""Motor Vehicle in Motion""]"
1,2,"Atlanta Police Department","2022-12-11","None and I-20","(A) Suspected Serious Injury","Dark-Lighted","On Roadway - Non-Intersection","Rear End","I-20","Dry","21:30:00","[""Unknown"",""Unknown"",""Unknown"",""Unknown""]","Clear",0,33.742503,-84.404255,"Atlanta","FULTON","[""Motor Vehicle in Motion"",""Motor Vehicle in Motion""]",,"Motor Vehicle in Motion"
0,0,"Atlanta Police Department","2022-12-11","North Ave Nw and Northside Dr Nw","(C) Possible Injury / Complaint","Dark-Lighted","On Roadway - Roadway Intersection","Angle Crash","North Ave Nw","Dry","00:25:00","[""Unknown"",""Unknown""]","Clear",0,33.770004,-84.404677,"Atlanta","FULTON","[""Motor Vehicle in Motion"",""Motor Vehicle in Motion""]","Disregard Other Traffic Control","[""Motor Vehicle in Motion"",""Motor Vehicle in Motion""]"
0,0,"Atlanta Police Department","2022-12-11","I-75 and Ellis St Ne","(C) Possible Injury / Complaint","Daylight","On Roadway - Non-Intersection","Rear End","I-75","Water (standing or moving)","13:00:00","[""Unknown"",""Unknown"",""Unknown""]","Rain",0,33.758959,-84.378654,"Atlanta","FULTON","[""Motor Vehicle in Motion"",""Motor Vehicle in Motion""]",,"[""Motor Vehicle in Motion"",""Motor Vehicle in Motion""]"
0,0,"Dekalb Co Police Department","2022-12-11","Moreland Ave and Mcdonough Blvd","(O) No Injury","Dark-Lighted","On Roadway - Non-Intersection","Angle Crash","Moreland Ave","Wet","03:21:00","Unknown","Cloudy",0,33.704584,-84.349539,"Atlanta","FULTON","[""Motor Vehicle in Motion"",""Motor Vehicle in Motion""]","Changed Lanes Improperly","[""Motor Vehicle in Motion"",""Motor Vehicle in Motion""]"
0,0,"Atlanta Police Department","2022-12-11","None and I-75","(O) No Injury","Dark-Lighted","On Roadway - Roadway Intersection","Sideswipe-Same Direction","I-75","Wet","18:30:00","[""Unknown"",""Unknown"",""Unknown""]","Rain",0,33.683621,-84.399124,"Atlanta","FULTON","[""Motor Vehicle in Motion"",""Motor Vehicle in Motion"",""Motor Vehicle in Motion""]","Changed Lanes Improperly","[""Motor Vehicle in Motion"",""Motor Vehicle in Motion"",""Motor Vehicle in Motion""]"
0,0,"Atlanta Police Department","2022-12-11","None and I-20","(O) No Injury","Daylight","On Roadway - Non-Intersection","Sideswipe-Same Direction","I-20","Water (standing or moving)","13:13:00","[""Unknown"",""Unknown"",""Unknown""]","Rain",0,33.74377,-84.356135,"Atlanta","FULTON","[""Motor Vehicle in Motion"",""Motor Vehicle in Motion""]","Too Fast for Conditions","[""Motor Vehicle in Motion"",""Motor Vehicle in Motion""]"
0,1,"Atlanta Police Department","2022-12-11","Garson Dr Ne and Piedmont Rd Ne","(B) Suspected Minor/Visible Injury","Dark-Lighted","On Roadway - Roadway Intersection","Angle Crash","Piedmont Rd Ne","Wet","19:00:00","[""Lap and Shoulder Belt Used"",""Lap and Shoulder Belt Used"",""Lap and Shoulder Belt Used"",""Lap and Shoulder Belt Used""]","Rain",0,33.817684,-84.366956,"Atlanta","FULTON","[""Motor Vehicle in Motion"",""Motor Vehicle in Motion"",""Motor Vehicle in Motion"",""Motor Vehicle in Motion""]","Failure to Yield","[""Motor Vehicle in Motion"",""Motor Vehicle in Motion"",""Motor Vehicle in Motion"",""Motor Vehicle in Motion""]"
0,0,"Atlanta Police Department","2022-12-11","Oak St Sw and Joseph E Lowery Blvd Sw","(O) No Injury","Dark-Lighted","On Roadway - Roadway Intersection","Sideswipe-Opposite Direction","Oak St Sw","Water (standing or moving)","18:40:00","[""Unknown"",""Unknown""]","Rain",0,33.740675,-84.417625,"Atlanta","FULTON","[""Motor Vehicle in Motion"",""Motor Vehicle in Motion""]","Misjudged Clearance","[""Motor Vehicle in Motion"",""Motor Vehicle in Motion""]"
0,0,"Atlanta Police Department","2022-12-11","None and I-75","(O) No Injury","Daylight","Entrance/Exit Ramp","Sideswipe-Same Direction","I-75","Wet","11:45:00","[""Unknown"",""Lap and Shoulder Belt Used""]","Rain",0,33.794853,-84.391409,"Atlanta","FULTON","[""Motor Vehicle in Motion"",""Motor Vehicle in Motion""]","Changed Lanes Improperly","[""Motor Vehicle in Motion"",""Motor Vehicle in Motion""]"
0,0,"Atlanta Police Department","2022-12-11","I-20 and Exit 57","(O) No Injury","Dark-Lighted","Entrance/Exit Ramp","Angle Crash","I-20","Water (standing or moving)","23:12:00","[""Unknown"",""Unknown""]","Cloudy",0,33.743309,-84.383213,"Atlanta","FULTON","[""Motor Vehicle in Motion"",""Motor Vehicle in Motion""]","Changed Lanes Improperly","[""Motor Vehicle in Motion"",""Motor Vehicle in Motion""]"
0,1,"Atlanta Police Department","2022-12-11","None and I-75","(B) Suspected Minor/Visible Injury","Daylight","On Roadway - Non-Intersection","Rear End","I-75","Water (standing or moving)","15:30:00","[""Unknown"",""Unknown"",""Unknown""]","Rain",0,33.674794,-84.397783,"Atlanta","FULTON","[""Motor Vehicle in Motion"",""Motor Vehicle in Motion""]","Following Too Close","[""Motor Vehicle in Motion"",""Motor Vehicle in Motion""]"
0,0,"Atlanta Police Department","2022-12-11","Westview Dr Sw and Joseph E Lowery Blvd Sw","(O) No Injury","Dark-Lighted","On Roadway - Non-Intersection","Rear End","Westview Dr Sw","Dry","20:22:00","[""None Used"",""None Used""]","Clear",0,33.746604,-84.417568,"Atlanta","FULTON","[""Motor Vehicle in Motion"",""Motor Vehicle in Motion""]",,"[""Motor Vehicle in Motion"",""Motor Vehicle in Motion""]"
1,0,"Atlanta Police Department","2022-12-11","I-75 S and 17Th St Nw","(A) Suspected Serious Injury","Dark-Lighted","On Roadway - Roadway Intersection","Rear End","17Th St Nw","Wet","22:40:00","[""Unknown"",""Unknown"",""Unknown"",""Unknown""]","Cloudy",0,33.791388,-84.392372,"Atlanta","FULTON","[""Motor Vehicle in Motion"",""Motor Vehicle in Motion"",""Motor Vehicle in Motion""]",,"[""Motor Vehicle in Motion"",""Motor Vehicle in Motion"",""Motor Vehicle in Motion""]"
0,1,"Atlanta Police Department","2022-12-11","Ralph Mcgill Blvd Ne and John Lewis Freedom Pkwy Ne","(B) Suspected Minor/Visible Injury","Dark-Lighted","On Roadway - Non-Intersection","Angle Crash","Ralph Mcgill Blvd Ne","Water (standing or moving)","00:30:00","[""Unknown"",""Unknown""]","Cloudy",0,33.768076,-84.358972,"Atlanta","FULTON","[""Motor Vehicle in Motion"",""Parked Motor Vehicle"",""Parked Motor Vehicle"",""Parked Motor Vehicle"",""Motor Vehicle in Motion"",""Parked Motor Vehicle"",""Motor Vehicle in Motion""]","[""Under the Influence (U.I.)"",""Reckless Driving"",""Driver Condition""]","[""Motor Vehicle in Motion"",""Parked Motor Vehicle"",""Parked Motor Vehicle"",""Parked Motor Vehicle"",""Motor Vehicle in Motion"",""Parked Motor Vehicle"",""Motor Vehicle in Motion""]"
0,0,"Atlanta Police Department","2022-12-11","Kingswood Ln Nw and Queensbury Ln Nw","(O) No Injury","Daylight","On Roadway - Non-Intersection","Sideswipe-Same Direction","Kingswood Ln Nw","Wet","09:00:00","Lap and Shoulder Belt Used","Rain",0,33.831638,-84.405805,"Atlanta","FULTON","[""Motor Vehicle in Motion"",""Parked Motor Vehicle""]","Changed Lanes Improperly","[""Motor Vehicle in Motion"",""Parked Motor Vehicle""]"
0,0,"Atlanta Police Department","2022-12-11","Fairburn Rd Nw and Martin Luther King Jr Dr Sw","(O) No Injury","Dark-Lighted","On Roadway - Roadway Intersection","Angle Crash","Fairburn Rd Nw","Wet","17:00:00","[""Lap and Shoulder Belt Used"",""Lap and Shoulder Belt Used""]","Cloudy",0,33.759574,-84.505422,"Atlanta","FULTON","[""Motor Vehicle in Motion"",""Motor Vehicle in Motion""]","Improper Turn","[""Motor Vehicle in Motion"",""Motor Vehicle in Motion""]"
0,0,"Atlanta Police Department","2022-12-11","None and I-85","(O) No Injury","Dusk","On Roadway - Non-Intersection","Sideswipe-Same Direction","I-85","Water (standing or moving)","21:00:00","[""Unknown"",""Unknown""]","Rain",0,33.80876,-84.37759,"Atlanta","FULTON","[""Motor Vehicle in Motion"",""Motor Vehicle in Motion""]",,"[""Motor Vehicle in Motion"",""Motor Vehicle in Motion""]"
0,0,"Atlanta Police Department","2022-12-11","None and I-75","(C) Possible Injury / Complaint","Daylight","On Roadway - Non-Intersection","Rear End","I-75","Wet","12:04:00","[""Unknown"",""Unknown""]","Rain",0,33.750447,-84.381759,"Atlanta","FULTON","[""Motor Vehicle in Motion"",""Motor Vehicle in Motion""]","Following Too Close","Motor Vehicle in Motion"
0,0,"Atlanta Police Department","2022-12-11","I-75 and I-75 N","(C) Possible Injury / Complaint","Daylight","On Roadway - Non-Intersection","Head On","I-75","Water (standing or moving)","12:55:00","[""Shoulder Belt Only Used"",""Lap and Shoulder Belt Used"",""Lap and Shoulder Belt Used""]","Rain",0,33.742125,-84.391995,"Atlanta","FULTON","[""Motor Vehicle in Motion"",""Motor Vehicle in Motion""]","Too Fast for Conditions","[""Parked Motor Vehicle"",""Motor Vehicle in Motion""]"
0,0,"Atlanta Police Department","2022-12-11","Bolton Pkwy and Bolton Rd Nw","(O) No Injury","Dark-Lighted","On Roadway - Driveway Intersection","Not a Collision with Motor Vehicle","Bolton Pkwy","Wet","17:28:00","Lap and Shoulder Belt Used","Rain",0,33.780549,-84.498394,"Atlanta","FULTON","Other Non-Collision","Inattentive or Other Distraction (Distracted)","Fence"
0,0,"Atlanta Police Department","2022-12-11","None and I-75","(C) Possible Injury / Complaint","Daylight","On Roadway - Non-Intersection","Not a Collision with Motor Vehicle","I-75","Wet","08:54:00","Unknown","Rain",0,33.765726,-84.386339,"Atlanta","FULTON","Motor Vehicle in Motion","Driver Lost Control","Motor Vehicle in Motion"
0,0,"Atlanta Police Department","2022-12-11","Marietta Blvd Nw and Chattahoochee Ave Nw","(O) No Injury","Dark-Lighted","On Roadway - Driveway Intersection","Rear End","Marietta Blvd Nw","Water (standing or moving)","01:10:00","[""Unknown"",""Unknown"",""Unknown""]","Rain",0,33.810338,-84.438727,"Atlanta","FULTON","[""Other Non-Collision"",""Other Non-Collision""]","[""Following Too Close"",""Improper Turn""]","[""Motor Vehicle in Motion"",""Motor Vehicle in Motion""]"
0,0,"Atlanta Police Department","2022-12-11","None and Ga-13","(O) No Injury","Dark-Lighted","On Roadway - Non-Intersection","Rear End","Ga-13","Dry","19:30:00","[""Lap and Shoulder Belt Used"",""Bicycle Helmet"",""Lap and Shoulder Belt Used""]","Cloudy",0,33.80721,-84.378059,"Atlanta","FULTON","[""Motor Vehicle in Motion"",""Motor Vehicle in Motion"",""Motor Vehicle in Motion""]","[""Following Too Close"",""Following Too Close""]","[""Motor Vehicle in Motion"",""Motor Vehicle in Motion"",""Motor Vehicle in Motion""]"
0,0,"Atlanta Police Department","2022-12-11","Park Ave Se and Benjamin Weldon Bickers Dr Se","(O) No Injury","Dark-Lighted","Off Roadway","Head On","Benjamin Weldon Bickers Dr Se","Wet","04:01:00","[""Unknown"",""Unknown""]","Clear",0,33.711944,-84.388275,"Atlanta","FULTON","[""Other - Fixed Object"",""Motor Vehicle in Motion""]",,"[""Other - Fixed Object"",""Curb""]"