"# Serious Injuries","# Visible Injuries","Agency Name (Crash Level) ","Date","Intersection Name (from Crash Report)","KABCO Severity","Light Conditions (Crash Level)","Location at Impact (Crash Level) ","Manner of Collision (Crash Level) ","Roadway (From Crash Report)","Surface Condition (Crash Level) ","Time","Safety Equipment (Crash Level) ","Weather Conditions (Crash Level)","# of Fatalities per Crash","Latitude","Longitude","Geolocated City","Geolocated County","First Harmful Event (Unit Order)","Operator/Pedestrian Contrib Factor (excl None, Other, No Contrib Factors)","Most Harmful Event (Crash Level)"
0,0,"Atlanta Police Department","2022-12-12","None and I-75","(O) No Injury","Dark-Lighted","On Roadway - Non-Intersection","Angle Crash","I-75","Wet","05:27:00","[""Lap and Shoulder Belt Used"",""Lap and Shoulder Belt Used""]","Cloudy",0,33.76523,-84.385,"Atlanta","FULTON","[""Motor Vehicle in Motion"",""Motor Vehicle in Motion""]",,"[""Motor Vehicle in Motion"",""Motor Vehicle in Motion""]"
0,0,"Gsp Post 00","2022-12-12","Argonne Ave and Ponce De Leon Ave","(C) Possible Injury / Complaint","Daylight","On Roadway - Roadway Intersection","Angle Crash","Ponce De Leon Ave","Dry","12:40:00","[""Lap and Shoulder Belt Used"",""Lap and Shoulder Belt Used"",""Lap and Shoulder Belt Used""]","Clear",0,33.772553,-84.377675,"Atlanta","FULTON","[""Motor Vehicle in Motion"",""Motor Vehicle in Motion"",""Motor Vehicle in Motion""]","Disregard Stop Sign/Signal","[""Motor Vehicle in Motion"",""Motor Vehicle in Motion"",""Motor Vehicle in Motion""]"
0,0,"Atlanta Police Department","2022-12-12","I-85 and Metropolitan Pkwy Sw","(C) Possible Injury / Complaint","Dark-Lighted","On Roadway - Non-Intersection","Angle Crash","I-85","Wet","01:39:00","[""Unknown"",""Lap and Shoulder Belt Used""]","Rain",0,33.686523,-84.40185,"Atlanta","FULTON","[""Motor Vehicle in Motion"",""Motor Vehicle in Motion""]","Reckless Driving","Motor Vehicle in Motion"
0,0,"Atlanta Police Department","2022-12-12","Avon Ave Sw and Westmont Rd Sw","(C) Possible Injury / Complaint","Dark-Not Lighted","On Roadway - Roadway Intersection","Angle Crash","Avon Ave Sw","Wet","00:45:00","[""Unknown"",""Lap and Shoulder Belt Used""]","Fog",0,33.722497,-84.437585,"Atlanta","FULTON","[""Motor Vehicle in Motion"",""Motor Vehicle in Motion""]","Disregard Other Traffic Control","[""Motor Vehicle in Motion"",""Motor Vehicle in Motion""]"
0,0,"Atlanta Police Department","2022-12-12","Cascade Ave Sw and Ralph David Abernathy Blvd Sw","(O) No Injury","Daylight","On Roadway - Roadway Intersection","Angle Crash","Cascade Ave Sw","Dry","16:04:00","[""Lap and Shoulder Belt Used"",""Lap and Shoulder Belt Used""]","Clear",0,33.738804,-84.433652,"Atlanta","FULTON","[""Motor Vehicle in Motion"",""Motor Vehicle in Motion""]","Failure to Yield","[""Motor Vehicle in Motion"",""Motor Vehicle in Motion""]"
0,1,"Georgia Tech Police Department","2022-12-12","North Avenue Nw and Techwood Drive Nw","(B) Suspected Minor/Visible Injury","Daylight","On Roadway - In Crosswalk","Not a Collision with Motor Vehicle","North Avenue Nw","Dry","07:30:00","[""Unknown"",""None Used""]","Cloudy",0,33.771289,-84.392292,"Atlanta","FULTON","[""Pedestrian"",""Motor Vehicle in Motion""]","[""Disregard Stop Sign/Signal"",""Failure to Yield""]","Pedestrian"
0,0,"Gsp Post 00","2022-12-12","I-75 North and Northside Dr","(O) No Injury","Daylight","On Roadway - Non-Intersection","Sideswipe-Same Direction","I-75 North","Dry","15:21:00","[""Lap and Shoulder Belt Used"",""Lap and Shoulder Belt Used""]","Clear",0,33.798654,-84.395849,"Atlanta","FULTON","[""Motor Vehicle in Motion"",""Motor Vehicle in Motion""]",,"[""Motor Vehicle in Motion"",""Motor Vehicle in Motion""]"
0,0,"Gsp Post 00","2022-12-12","Ga 166 and I 75 N","(O) No Injury","Daylight","On Roadway - Non-Intersection","Sideswipe-Same Direction","I 75 N","Wet","07:33:00","[""Lap and Shoulder Belt Used"",""Lap and Shoulder Belt Used""]","Cloudy",0,33.696025,-84.40474,"Atlanta","FULTON","[""Motor Vehicle in Motion"",""Motor Vehicle in Motion""]","Driver Lost Control","[""Motor Vehicle in Motion"",""Motor Vehicle in Motion""]"
0,0,"Gsp Post 00","2022-12-12","I-7585S and North Ave","(O) No Injury","Dark-Lighted","On Roadway - Non-Intersection","Rear End","I-7585S","Wet","06:10:00","[""Lap and Shoulder Belt Used"",""Lap and Shoulder Belt Used"",""Unknown""]","Cloudy",0,33.768507,-84.390326,"Atlanta","FULTON","[""Motor Vehicle in Motion"",""Motor Vehicle in Motion"",""Motor Vehicle in Motion""]","Following Too Close","[""Motor Vehicle in Motion"",""Motor Vehicle in Motion"",""Motor Vehicle in Motion""]"
0,0,"Atlanta Police Department","2022-12-12","None and Valley Rd Nw","Unknown","Dark-Lighted","On Shoulder","Not a Collision with Motor Vehicle","Valley Rd Nw","Dry","21:48:00","Unknown","Cloudy",0,33.858218,-84.401157,"Atlanta","FULTON","Other Non-Collision","Reckless Driving","Tree"
0,1,"Atlanta Police Department","2022-12-12","Cascade Rd Sw and Herring Rd Sw","(B) Suspected Minor/Visible Injury","Daylight","On Roadway - Roadway Intersection","Angle Crash","Herring Rd Sw","Dry","16:17:00","[""Lap and Shoulder Belt Used"",""Lap and Shoulder Belt Used""]","Clear",0,33.723004,-84.463026,"Atlanta","FULTON","[""Motor Vehicle in Motion"",""Motor Vehicle in Motion""]","[""Not Visible (Object, Person, or Vehicle)"",""Not Visible (Object, Person, or Vehicle)""]","[""Motor Vehicle in Motion"",""Motor Vehicle in Motion""]"
0,0,"Atlanta Police Department","2022-12-12","Ellis St Ne and Courtland St Ne","(O) No Injury","Dark-Not Lighted","On Roadway - Roadway Intersection","Sideswipe-Same Direction","Courtland St Ne","Dry","21:00:00","[""Unknown"",""Unknown"",""Unknown""]","Clear",0,33.758392,-84.38422,"Atlanta","FULTON","[""Motor Vehicle in Motion"",""Motor Vehicle in Motion""]","Improper Turn","[""Motor Vehicle in Motion"",""Motor Vehicle in Motion""]"
0,0,"Atlanta Police Department","2022-12-12","Byewood Ln Sw and Campbellton Rd Sw","(O) No Injury","Dark-Lighted","On Roadway - Non-Intersection","Not a Collision with Motor Vehicle","Campbellton Rd Sw","Dry","17:20:00","[""Lap and Shoulder Belt Used"",""Lap and Shoulder Belt Used"",""Lap and Shoulder Belt Used""]","Clear",0,33.717172,-84.428524,"Atlanta","FULTON","[""Other Object (Not Fixed)"",""Other Object (Not Fixed)""]",,"[""Other Object (Not Fixed)"",""Other Object (Not Fixed)""]"
0,0,"Atlanta Police Department","2022-12-12","I-20 and Joseph E Lowery Blvd Sw","(O) No Injury","Daylight","On Roadway - Non-Intersection","Angle Crash","I-20","Dry","15:51:00","[""Lap and Shoulder Belt Used"",""Lap and Shoulder Belt Used""]","Clear",0,33.741446,-84.417503,"Atlanta","FULTON","[""Motor Vehicle in Motion"",""Motor Vehicle in Motion""]","Failure to Yield","[""Motor Vehicle in Motion"",""Motor Vehicle in Motion""]"
0,0,"Atlanta Police Department","2022-12-12","Boulevard Ne and Wabash Ave Ne","(C) Possible Injury / Complaint","Daylight","On Roadway - Roadway Intersection","Angle Crash","Boulevard Ne","Dry","15:00:00","[""Unknown"",""Unknown"",""Unknown"",""Unknown""]","Clear",0,33.764834,-84.371944,"Atlanta","FULTON","[""Motor Vehicle in Motion"",""Motor Vehicle in Motion""]","Disregard Other Traffic Control","[""Motor Vehicle in Motion"",""Motor Vehicle in Motion""]"
0,0,"Atlanta Police Department","2022-12-12","None and Fulton Industrial Blvd Nw","(O) No Injury","Daylight","On Roadway - Non-Intersection","Angle Crash","Fulton Industrial Blvd Nw","Dry","15:00:00","[""Unknown"",""Unknown""]","Clear",0,33.785175,-84.504985,"Atlanta","FULTON","[""Motor Vehicle in Motion"",""Motor Vehicle in Motion""]","Improper Backing","[""Motor Vehicle in Motion"",""Motor Vehicle in Motion""]"
0,0,"Atlanta Police Department","2022-12-12","Peachtree Rd Ne and Oak Valley Rd Ne","(C) Possible Injury / Complaint","Dark-Not Lighted","Off Roadway","Rear End","Oak Valley Rd Ne","Wet","00:45:00","[""Unknown"",""Unknown"",""Unknown"",""Unknown"",""Unknown""]","Rain",0,33.851702,-84.360868,"Atlanta","FULTON","[""Motor Vehicle in Motion"",""Other - Fixed Object""]","Following Too Close","[""Other - Fixed Object"",""Motor Vehicle in Motion""]"
0,0,"Atlanta Police Department","2022-12-12","28Th St Nw and Huntington Hills Ln Nw","(O) No Injury","Daylight","On Roadway - Non-Intersection","Angle Crash","28Th St Nw","Dry","14:22:00","[""Lap and Shoulder Belt Used"",""Lap and Shoulder Belt Used"",""Lap and Shoulder Belt Used""]","Clear",0,33.805489,-84.394871,"Atlanta","FULTON","[""Motor Vehicle in Motion"",""Motor Vehicle in Motion""]",,"[""Motor Vehicle in Motion"",""Motor Vehicle in Motion""]"
0,1,"Atlanta Police Department","2022-12-12","Bolton Pl Nw and Marietta Blvd Nw","(B) Suspected Minor/Visible Injury","Daylight","On Roadway - Non-Intersection","Head On","Bolton Pl Nw","Dry","14:00:00","[""Unknown"",""Unknown"",""Lap and Shoulder Belt Used""]","Clear",0,33.814359,-84.440447,"Atlanta","FULTON","[""Motor Vehicle in Motion"",""Motor Vehicle in Motion""]","[""Wrong Side of Road"",""Vision Obscured""]","[""Motor Vehicle in Motion"",""Motor Vehicle in Motion""]"
0,0,"Atlanta Police Department","2022-12-12","Collier Rd Nw and Peachtree Rd Ne","(O) No Injury","Daylight","On Roadway - Driveway Intersection","Angle Crash","Peachtree Rd Ne","Dry","12:30:00","[""Lap and Shoulder Belt Used"",""Lap and Shoulder Belt Used""]","Clear",0,33.806696,-84.39389,"Atlanta","FULTON","[""Motor Vehicle in Motion"",""Motor Vehicle in Motion""]","Failure to Yield","[""Motor Vehicle in Motion"",""Motor Vehicle in Motion""]"
0,0,"Atlanta Police Department","2022-12-12","None and I-75","(O) No Injury","Dark-Lighted","On Roadway - Non-Intersection","Not a Collision with Motor Vehicle","I-75","Wet","00:49:00","Unknown","Fog",0,33.864522,-84.43899,"Atlanta","FULTON","Animal",,"Animal"
0,0,"Atlanta Police Department","2022-12-12","Lee St Sw and Sparks St Sw","(O) No Injury","Dawn","On Roadway - Non-Intersection","Angle Crash","Lee St Sw","Dry","18:33:00","[""Unknown"",""Lap and Shoulder Belt Used""]","Clear",0,33.725611,-84.419388,"Atlanta","FULTON","[""Motor Vehicle in Motion"",""Motor Vehicle in Motion""]","Failure to Yield","[""Motor Vehicle in Motion"",""Motor Vehicle in Motion""]"
0,0,"Gsp Post 00","2022-12-12","I-85 Sb and Armour Drive","(O) No Injury","Dark-Lighted","On Roadway - Non-Intersection","Rear End","I-85 Sb","Dry","18:25:00","[""Lap and Shoulder Belt Used"",""Lap and Shoulder Belt Used""]","Clear",0,33.805097,-84.382859,"Atlanta","FULTON","[""Motor Vehicle in Motion"",""Motor Vehicle in Motion""]",,"[""Motor Vehicle in Motion"",""Motor Vehicle in Motion""]"
0,0,"Atlanta Police Department","2022-12-12","Moreland Ave Se and Glenwood Ave Se","(C) Possible Injury / Complaint","Daylight","On Roadway - Roadway Intersection","Rear End","Glenwood Ave Se","Dry","07:50:00","[""Lap and Shoulder Belt Used"",""Lap and Shoulder Belt Used"",""Lap and Shoulder Belt Used""]","Clear",0,33.740364,-84.349266,"Atlanta","FULTON","[""Motor Vehicle in Motion"",""Motor Vehicle in Motion"",""Motor Vehicle in Motion""]",,"[""Motor Vehicle in Motion"",""Motor Vehicle in Motion"",""Motor Vehicle in Motion""]"
0,0,"Atlanta Police Department","2022-12-12","Hardee St Ne and Moreland Ave Ne","(O) No Injury","Dark-Lighted","On Roadway - Roadway Intersection","Rear End","Moreland Ave Ne","Dry","20:45:00","[""Unknown"",""Unknown""]","Clear",0,33.75447,-84.349198,"Atlanta","FULTON","[""Motor Vehicle in Motion"",""Motor Vehicle in Motion""]",,"[""Motor Vehicle in Motion"",""Motor Vehicle in Motion""]"
0,0,"Atlanta Police Department","2022-12-12","I-20 E and I-20 Exit 60B","(O) No Injury","Daylight","On Roadway - Roadway Intersection","Sideswipe-Same Direction","I-20 Exit 60B","Dry","12:00:00","[""Lap and Shoulder Belt Used"",""Lap and Shoulder Belt Used""]","Clear",0,33.745244,-84.349636,"Atlanta","FULTON","[""Motor Vehicle in Motion"",""Motor Vehicle in Motion""]","Changed Lanes Improperly","[""Motor Vehicle in Motion"",""Motor Vehicle in Motion""]"
0,0,"Atlanta Police Department","2022-12-12","Moreland Ave Se and Mcdonough Blvd Se","(O) No Injury","Dark-Lighted","On Roadway - Roadway Intersection","Rear End","Mcdonough Blvd Se","Wet","19:03:00","[""Unknown"",""Unknown""]","Cloudy",0,33.704469,-84.349859,"Atlanta","FULTON","[""Motor Vehicle in Motion"",""Motor Vehicle in Motion""]","Following Too Close","[""Motor Vehicle in Motion"",""Motor Vehicle in Motion""]"
0,0,"Gsp Post 00","2022-12-12","I-7585 S and 16Th Street","(C) Possible Injury / Complaint","Dark-Not Lighted","On Roadway - Non-Intersection","Rear End","I-7585 S","Wet","06:46:00","[""Lap and Shoulder Belt Used"",""Lap and Shoulder Belt Used"",""Lap and Shoulder Belt Used"",""Lap and Shoulder Belt Used""]","Cloudy",0,33.788901,-84.391417,"Atlanta","FULTON","[""Motor Vehicle in Motion"",""Motor Vehicle in Motion""]","Following Too Close","[""Motor Vehicle in Motion"",""Motor Vehicle in Motion""]"
0,0,"Atlanta Police Department","2022-12-12","I-85 S and Cleveland Ave Sw","(C) Possible Injury / Complaint","Dark-Lighted","On Roadway - Roadway Intersection","Angle Crash","Cleveland Ave Sw","Wet","20:39:00","[""Unknown"",""Unknown"",""Unknown"",""Unknown""]","Cloudy",0,33.681319,-84.412075,"Atlanta","FULTON","[""Motor Vehicle in Motion"",""Motor Vehicle in Motion""]","Failure to Yield","[""Motor Vehicle in Motion"",""Motor Vehicle in Motion""]"
0,0,"Atlanta Police Department","2022-12-12","Brannen Rd Se and Bouldercrest Dr Se","(O) No Injury","Daylight","On Roadway - Non-Intersection","Rear End","Bouldercrest Dr Se","Dry","15:00:00","[""Lap and Shoulder Belt Used"",""Lap and Shoulder Belt Used"",""Lap and Shoulder Belt Used"",""Lap and Shoulder Belt Used""]","Clear",0,33.71911,-84.32999,"Atlanta","DEKALB","[""Motor Vehicle in Motion"",""Motor Vehicle in Motion"",""Motor Vehicle in Motion""]","Following Too Close","[""Motor Vehicle in Motion"",""Motor Vehicle in Motion"",""Motor Vehicle in Motion""]"
0,0,"Atlanta Police Department","2022-12-12","Lawton St Sw and Oglethorpe Ave Sw","(O) No Injury","Daylight","On Roadway - Roadway Intersection","Angle Crash","Lawton St Sw","Dry","13:11:00","[""Unknown"",""Unknown""]","Cloudy",0,33.735805,-84.42339,"Atlanta","FULTON","[""Motor Vehicle in Motion"",""Motor Vehicle in Motion""]","Failure to Yield","[""Motor Vehicle in Motion"",""Motor Vehicle in Motion""]"
0,0,"Atlanta Police Department","2022-12-12","Terrace Dr Ne and Peachtree Rd Ne","(O) No Injury","Dark-Lighted","On Roadway - Roadway Intersection","Angle Crash","Terrace Dr Ne","Water (standing or moving)","19:45:00","[""Lap and Shoulder Belt Used"",""Lap and Shoulder Belt Used""]","Clear",0,33.821375,-84.387971,"Atlanta","FULTON","[""Motor Vehicle in Motion"",""Motor Vehicle in Motion""]","Misjudged Clearance","[""Motor Vehicle in Motion"",""Motor Vehicle in Motion""]"
0,0,"Atlanta Police Department","2022-12-12","I-85 and Lindbergh Dr Ne","(O) No Injury","Dark-Not Lighted","On Roadway - Non-Intersection","Rear End","I-85","Dry","02:20:00","[""Unknown"",""Unknown""]","Cloudy",0,33.821146,-84.360656,"Atlanta","FULTON","[""Motor Vehicle in Motion"",""Motor Vehicle in Motion""]","Following Too Close","[""Motor Vehicle in Motion"",""Motor Vehicle in Motion""]"
0,0,"Atlanta Police Department","2022-12-12","Peachtree St Ne and Buford Spring Conn","(O) No Injury","Daylight","On Roadway - Roadway Intersection","Sideswipe-Same Direction","Buford Spring Conn","Dry","11:00:00","[""Lap and Shoulder Belt Used"",""Lap and Shoulder Belt Used""]","Clear",0,33.798916,-84.391668,"Atlanta","FULTON","[""Motor Vehicle in Motion"",""Motor Vehicle in Motion""]",,"[""Motor Vehicle in Motion"",""Motor Vehicle in Motion""]"
0,0,"Atlanta Police Department","2022-12-12","North Ave Nw and Northside Dr Nw","(O) No Injury","Daylight","On Roadway - Roadway Intersection","Sideswipe-Opposite Direction","Northside Dr Nw","Wet","07:23:00","[""Lap and Shoulder Belt Used"",""Lap and Shoulder Belt Used""]","Cloudy",0,33.770004,-84.404676,"Atlanta","FULTON","[""Motor Vehicle in Motion"",""Motor Vehicle in Motion""]","Failure to Yield","[""Motor Vehicle in Motion"",""Motor Vehicle in Motion""]"
0,0,"Atlanta Police Department","2022-12-12","Ponce De Leon Ave Ne and John Lewis Freedom Pkwy Ne","(O) No Injury","Dark-Lighted","On Roadway - Non-Intersection","Sideswipe-Same Direction","Ponce De Leon Ave Ne","Water (standing or moving)","00:40:00","[""Unknown"",""Unknown""]","Cloudy",0,33.773801,-84.359856,"Atlanta","FULTON","[""Motor Vehicle in Motion"",""Motor Vehicle in Motion""]","Misjudged Clearance","[""Motor Vehicle in Motion"",""Motor Vehicle in Motion""]"
0,0,"Gsp Post 00","2022-12-12","14Th Street and I-7585 Southbound","(O) No Injury","Dark-Lighted","On Roadway - Non-Intersection","Rear End","I-7585 Southbound","Wet","06:39:00","[""Lap and Shoulder Belt Used"",""Lap and Shoulder Belt Used"",""Lap and Shoulder Belt Used"",""Lap and Shoulder Belt Used"",""Lap and Shoulder Belt Used""]","Clear",0,33.789601,-84.391373,"Atlanta","FULTON","[""Motor Vehicle in Motion"",""Motor Vehicle in Motion"",""Motor Vehicle in Motion""]","Following Too Close","[""Motor Vehicle in Motion"",""Motor Vehicle in Motion"",""Motor Vehicle in Motion""]"
0,0,"Atlanta Police Department","2022-12-13","Ellis St Ne and Courtland St Ne","(O) No Injury","Dark-Not Lighted","On Roadway - Roadway Intersection","Sideswipe-Same Direction","Ellis St Ne","Dry","19:45:00","[""Unknown"",""Unknown"",""Unknown""]","Clear",0,33.758392,-84.38422,"Atlanta","FULTON","[""Motor Vehicle in Motion"",""Motor Vehicle in Motion""]","Improper Turn","[""Motor Vehicle in Motion"",""Motor Vehicle in Motion""]"
0,0,"Gsp Post 00","2022-12-13","None and I-75 Sb","(O) No Injury","Daylight","On Roadway - Non-Intersection","Angle Crash","I-75 Sb","Dry","14:04:00","[""None Used"",""Lap and Shoulder Belt Used""]","Clear",0,33.673207,-84.397805,"Atlanta","FULTON","[""Motor Vehicle in Motion"",""Motor Vehicle in Motion""]","[""Disregard Police - Evasion"",""Reckless Driving""]","[""Median Barrier"",""Motor Vehicle in Motion""]"
0,0,"Atlanta Police Department","2022-12-13","Memorial Dr Se and Atlanta Beltline Eastside","(O) No Injury","Daylight","On Roadway - Roadway Intersection","Rear End","Atlanta Beltline Eastside","Dry","16:00:00","[""Unknown"",""Unknown""]","Cloudy",0,33.746592,-84.358158,"Atlanta","FULTON","[""Motor Vehicle in Motion"",""Motor Vehicle in Motion""]","Following Too Close","[""Motor Vehicle in Motion"",""Motor Vehicle in Motion""]"
0,0,"Atlanta Police Department","2022-12-13","Kirkwood Ave Se and Moreland Ave Se","(O) No Injury","Dark-Lighted","On Roadway - Non-Intersection","Rear End","Moreland Ave Se","Dry","20:00:00","[""Unknown"",""Unknown""]","Cloudy",0,33.750381,-84.349226,"Atlanta","FULTON","[""Motor Vehicle in Motion"",""Motor Vehicle in Motion""]","Following Too Close","[""Motor Vehicle in Motion"",""Motor Vehicle in Motion""]"
0,0,"Gsp Post 00","2022-12-13","I-85Nb and Peachtree Rd","(O) No Injury","Daylight","On Roadway - Non-Intersection","Sideswipe-Same Direction","I-85Nb","Dry","13:00:00","[""Lap and Shoulder Belt Used"",""Lap and Shoulder Belt Used"",""Lap and Shoulder Belt Used""]","Cloudy",0,33.809836,-84.375507,"Atlanta","FULTON","[""Motor Vehicle in Motion"",""Motor Vehicle in Motion""]","Changed Lanes Improperly","[""Motor Vehicle in Motion"",""Motor Vehicle in Motion""]"
0,0,"Gsp Post 00","2022-12-13","None and I-20 Eb Entrance Ramp To I-75","(O) No Injury","Daylight","On Roadway - Non-Intersection","Sideswipe-Same Direction","I-20 Eb Entrance Ramp To I-75","Dry","10:08:00","[""Unknown"",""Lap and Shoulder Belt Used""]","Cloudy",0,33.744578,-84.392266,"Atlanta","FULTON","[""Motor Vehicle in Motion"",""Motor Vehicle in Motion""]","Too Fast for Conditions","[""Motor Vehicle in Motion"",""Motor Vehicle in Motion""]"
0,0,"Atlanta Police Department","2022-12-13","10Th St Nw and Northside Dr Nw","(O) No Injury","Daylight","On Roadway - Non-Intersection","Sideswipe-Same Direction","Northside Dr Nw","Dry","17:50:00","[""Unknown"",""Unknown""]","Clear",0,33.781955,-84.407476,"Atlanta","FULTON","[""Motor Vehicle in Motion"",""Motor Vehicle in Motion""]",,"[""Motor Vehicle in Motion"",""Motor Vehicle in Motion""]"
0,0,"Gsp Post 00","2022-12-13","I-7585 North and Edgewood Avenue","(O) No Injury","Daylight","On Roadway - Non-Intersection","Rear End","I-7585 North","Dry","13:40:00","[""Lap and Shoulder Belt Used"",""Lap and Shoulder Belt Used"",""Lap and Shoulder Belt Used""]","Cloudy",0,33.748357,-84.385302,"Atlanta","FULTON","[""Motor Vehicle in Motion"",""Motor Vehicle in Motion""]","Following Too Close","[""Motor Vehicle in Motion"",""Motor Vehicle in Motion""]"
0,0,"Georgia Tech Police Department","2022-12-13","10Th Street Nw and State Street Nw","(O) No Injury","Dark-Lighted","On Roadway - Roadway Intersection","Head On","10Th Street Nw","Dry","17:55:00","[""Lap and Shoulder Belt Used"",""Lap and Shoulder Belt Used"",""Child Restraint System (Properly Used)"",""Child Restraint System (Properly Used)"",""Child Restraint System (Properly Used)""]","Cloudy",0,33.781513,-84.399451,"Atlanta","FULTON","[""Motor Vehicle in Motion"",""Motor Vehicle in Motion""]","Failure to Yield","[""Motor Vehicle in Motion"",""Motor Vehicle in Motion""]"
0,0,"Gsp Post 00","2022-12-13","I-85 N and 17Th Street","(C) Possible Injury / Complaint","Dark-Not Lighted","On Roadway - Non-Intersection","Rear End","I-85 N","Wet","18:59:00","[""Lap and Shoulder Belt Used"",""Lap and Shoulder Belt Used""]","Cloudy",0,33.791235,-84.390955,"Atlanta","FULTON","[""Motor Vehicle in Motion"",""Motor Vehicle in Motion""]","Failure to Yield","[""Motor Vehicle in Motion"",""Motor Vehicle in Motion""]"
0,0,"Atlanta Police Department","2022-12-13","Fulton St Sw and Windsor St Sw","(O) No Injury","Daylight","Off Roadway","Not a Collision with Motor Vehicle","Windsor St Sw","Dry","08:03:00","Unknown","Cloudy",0,33.741984,-84.398245,"Atlanta","FULTON","Other Non-Collision","Improper Turn","Utility Pole"
0,0,"Atlanta Police Department","2022-12-13","8Th St Nw and Spring St Nw","(O) No Injury","Daylight","On Roadway - Roadway Intersection","Angle Crash","8Th St Nw","Dry","16:10:00","[""Lap and Shoulder Belt Used"",""Lap and Shoulder Belt Used"",""Lap and Shoulder Belt Used""]","Clear",0,33.779571,-84.388821,"Atlanta","FULTON","[""Motor Vehicle in Motion"",""Motor Vehicle in Motion""]","Changed Lanes Improperly","[""Motor Vehicle in Motion"",""Motor Vehicle in Motion""]"
0,0,"Atlanta Police Department","2022-12-13","Peeples St Sw and Oglethorpe Ave Sw","(O) No Injury","Daylight","On Roadway - Driveway Intersection","Head On","Peeples St Sw","Dry","11:00:00","[""Lap and Shoulder Belt Used"",""Lap and Shoulder Belt Used""]","Clear",0,33.735966,-84.420481,"Atlanta","FULTON","[""Motor Vehicle in Motion"",""Motor Vehicle in Motion""]","Driver Condition","[""Motor Vehicle in Motion"",""Motor Vehicle in Motion""]"
0,0,"Atlanta Police Department","2022-12-13","Illinois Ave Nw and Westchester Blvd Nw","(O) No Injury","Daylight","On Roadway - Driveway Intersection","Rear End","Illinois Ave Nw","Dry","17:34:00","Lap and Shoulder Belt Used","Clear",0,33.765192,-84.452082,"Atlanta","FULTON","[""Motor Vehicle in Motion"",""Parked Motor Vehicle""]",,"[""Motor Vehicle in Motion"",""Parked Motor Vehicle""]"
0,0,"Gsp Post 00","2022-12-13","Ga-13 N and Monroe Drive","(O) No Injury","Daylight","Gore","Sideswipe-Same Direction","Ga-13 N","Dry","13:49:00","[""Lap and Shoulder Belt Used"",""Lap and Shoulder Belt Used""]","Cloudy",0,33.80887,-84.375869,"Atlanta","FULTON","[""Motor Vehicle in Motion"",""Motor Vehicle in Motion""]","Failure to Yield","[""Motor Vehicle in Motion"",""Motor Vehicle in Motion""]"
0,0,"Atlanta Police Department","2022-12-13","None and I-285","(O) No Injury","Daylight","On Roadway - Non-Intersection","Sideswipe-Same Direction","I-285","Dry","15:06:00","[""Lap and Shoulder Belt Used"",""Lap and Shoulder Belt Used""]","Clear",0,33.75394,-84.495206,"Atlanta","FULTON","[""Motor Vehicle in Motion"",""Motor Vehicle in Motion""]","Changed Lanes Improperly","[""Motor Vehicle in Motion"",""Motor Vehicle in Motion""]"
0,0,"Atlanta Police Department","2022-12-13","Decatur St Se and Peachtree Center Ave Se","(O) No Injury","Daylight","On Roadway - Roadway Intersection","Sideswipe-Same Direction","Peachtree Center Ave Se","Dry","17:29:00","[""Lap and Shoulder Belt Used"",""Lap and Shoulder Belt Used""]","Clear",0,33.753106,-84.38765,"Atlanta","FULTON","[""Motor Vehicle in Motion"",""Motor Vehicle in Motion""]","Misjudged Clearance","[""Motor Vehicle in Motion"",""Motor Vehicle in Motion""]"
0,0,"Atlanta Police Department","2022-12-13","I-20 and Joseph E Lowery Blvd Sw","(O) No Injury","Dark-Lighted","On Roadway - Non-Intersection","Angle Crash","I-20","Dry","21:00:00","Unknown","Clear",0,33.741607,-84.417645,"Atlanta","FULTON","[""Motor Vehicle in Motion"",""Motor Vehicle in Motion""]",,"[""Motor Vehicle in Motion"",""Motor Vehicle in Motion""]"
0,0,"Atlanta Police Department","2022-12-13","4Th St Nw and Spring St Nw","(C) Possible Injury / Complaint","Daylight","On Roadway - Roadway Intersection","Angle Crash","4Th St Nw","Dry","12:41:00","[""Lap and Shoulder Belt Used"",""Lap and Shoulder Belt Used"",""Lap and Shoulder Belt Used""]","Cloudy",0,33.775084,-84.388818,"Atlanta","FULTON","[""Motor Vehicle in Motion"",""Motor Vehicle in Motion""]","Failure to Yield","[""Motor Vehicle in Motion"",""Motor Vehicle in Motion""]"
0,0,"Atlanta Police Department","2022-12-13","None and I-20","(O) No Injury","Dark-Lighted","On Roadway - Non-Intersection","Sideswipe-Same Direction","I-20","Dry","00:50:00","[""Unknown"",""Lap and Shoulder Belt Used""]","Clear",0,33.744707,-84.352474,"Atlanta","FULTON","[""Motor Vehicle in Motion"",""Motor Vehicle in Motion""]",,"[""Motor Vehicle in Motion"",""Motor Vehicle in Motion""]"
0,0,"Gsp Post 00","2022-12-13","Pryor Rd and I-7585 North","(O) No Injury","Daylight","On Roadway - Non-Intersection","Rear End","I-7585 North","Dry","07:25:00","[""Lap and Shoulder Belt Used"",""Lap and Shoulder Belt Used""]","Cloudy",0,33.730234,-84.392379,"Atlanta","FULTON","[""Motor Vehicle in Motion"",""Motor Vehicle in Motion""]","Following Too Close","[""Motor Vehicle in Motion"",""Motor Vehicle in Motion""]"