"# Serious Injuries","# Visible Injuries","Agency Name (Crash Level) ","Date","Intersection Name (from Crash Report)","KABCO Severity","Light Conditions (Crash Level)","Location at Impact (Crash Level) ","Manner of Collision (Crash Level) ","Roadway (From Crash Report)","Surface Condition (Crash Level) ","Time","Safety Equipment (Crash Level) ","Weather Conditions (Crash Level)","# of Fatalities per Crash","Latitude","Longitude","Geolocated City","Geolocated County","First Harmful Event (Unit Order)","Operator/Pedestrian Contrib Factor (excl None, Other, No Contrib Factors)","Most Harmful Event (Crash Level)"
0,1,"Atlanta Police Department","2022-12-14","Cascade Rd Sw and Kingsdale Dr Sw","(B) Suspected Minor/Visible Injury","Daylight","On Roadway - Non-Intersection","Rear End","Cascade Rd Sw","Water (standing or moving)","11:40:00","[""Unknown"",""Unknown""]","Rain",0,33.721458,-84.49602,"Atlanta","FULTON","[""Motor Vehicle in Motion"",""Motor Vehicle in Motion""]","Following Too Close","[""Motor Vehicle in Motion"",""Motor Vehicle in Motion""]"
0,0,"Atlanta Police Department","2022-12-14","Boulevard Se and United Ave Se","(O) No Injury","Dark-Lighted","On Roadway - Roadway Intersection","Sideswipe-Opposite Direction","United Ave Se","Dry","01:00:00","[""Lap and Shoulder Belt Used"",""Lap and Shoulder Belt Used""]","Clear",0,33.735697,-84.368233,"Atlanta","FULTON","[""Motor Vehicle in Motion"",""Motor Vehicle in Motion""]",,"[""Motor Vehicle in Motion"",""Motor Vehicle in Motion""]"
0,0,"Atlanta Police Department","2022-12-14","None and I-285","(C) Possible Injury / Complaint","Daylight","On Roadway - Non-Intersection","Angle Crash","I-285","Wet","12:10:00","[""Lap and Shoulder Belt Used"",""Lap and Shoulder Belt Used"",""Lap and Shoulder Belt Used""]","Rain",0,33.780916,-84.496051,"Atlanta","FULTON","[""Motor Vehicle in Motion"",""Motor Vehicle in Motion""]","Driver Condition","[""Motor Vehicle in Motion"",""Motor Vehicle in Motion""]"
0,0,"Atlanta Police Department","2022-12-14","14Th St Nw and Hemphill Ave Nw","(C) Possible Injury / Complaint","Dark-Lighted","On Roadway - Roadway Intersection","Sideswipe-Opposite Direction","14Th St Nw","Wet","22:25:00","[""Lap and Shoulder Belt Used"",""Lap and Shoulder Belt Used"",""Lap and Shoulder Belt Used""]","Rain",0,33.786225,-84.406975,"Atlanta","FULTON","[""Motor Vehicle in Motion"",""Motor Vehicle in Motion""]","Failure to Yield","[""Motor Vehicle in Motion"",""Motor Vehicle in Motion""]"
0,0,"Atlanta Police Department","2022-12-14","North Ave Nw and W Peachtree St Nw","(O) No Injury","Daylight","On Roadway - Roadway Intersection","Angle Crash","W Peachtree St Nw","Wet","11:15:00","[""Lap and Shoulder Belt Used"",""Lap and Shoulder Belt Used""]","Cloudy",0,33.771267,-84.387435,"Atlanta","FULTON","[""Motor Vehicle in Motion"",""Motor Vehicle in Motion""]","Misjudged Clearance","[""Motor Vehicle in Motion"",""Motor Vehicle in Motion""]"
0,0,"Atlanta Police Department","2022-12-14","Sylvan Rd Sw and Murphy Ave Sw","(O) No Injury","Dark-Lighted","Median","Not a Collision with Motor Vehicle","Murphy Ave Sw","Water (standing or moving)","22:20:00","Lap and Shoulder Belt Used","Rain",0,33.726294,-84.417964,"Atlanta","FULTON","Median Barrier","Under the Influence (U.I.)","Median Barrier"
0,0,"Atlanta Police Department","2022-12-14","I-285 and Exit 10B","(O) No Injury","Dark-Not Lighted","On Roadway - Roadway Intersection","Angle Crash","I-285","Water (standing or moving)","17:30:00","[""Unknown"",""Unknown"",""Unknown""]","Rain",0,33.770637,-84.495601,"Atlanta","FULTON","[""Motor Vehicle in Motion"",""Motor Vehicle in Motion""]","Changed Lanes Improperly","[""Motor Vehicle in Motion"",""Motor Vehicle in Motion""]"
0,0,"Atlanta Police Department","2022-12-14","None and I-75","(O) No Injury","Dark-Not Lighted","On Roadway - Non-Intersection","Rear End","I-75","Dry","03:44:00","[""Lap and Shoulder Belt Used"",""Lap and Shoulder Belt Used""]","Clear",0,33.748901,-84.383949,"Atlanta","FULTON","[""Motor Vehicle in Motion"",""Motor Vehicle in Motion""]","Under the Influence (U.I.)","[""Motor Vehicle in Motion"",""Motor Vehicle in Motion""]"
0,0,"Atlanta Police Department","2022-12-14","None and I-75","(O) No Injury","Daylight","On Roadway - Non-Intersection","Sideswipe-Same Direction","I-75","Water (standing or moving)","16:00:00","[""Unknown"",""Unknown""]","Rain",0,33.74901,-84.383147,"Atlanta","FULTON","[""Motor Vehicle in Motion"",""Motor Vehicle in Motion""]",,"[""Motor Vehicle in Motion"",""Motor Vehicle in Motion""]"
0,0,"Atlanta Police Department","2022-12-14","Piedmont Ave Ne and John Wesley Dobbs Ave Ne","(O) No Injury","Daylight","On Roadway - Non-Intersection","Sideswipe-Same Direction","Piedmont Ave Ne","Wet","11:19:00","[""Unknown"",""Unknown""]","Cloudy",0,33.757354,-84.382224,"Atlanta","FULTON","[""Motor Vehicle in Motion"",""Motor Vehicle in Motion""]","Changed Lanes Improperly","[""Motor Vehicle in Motion"",""Motor Vehicle in Motion""]"
0,1,"Atlanta Police Department","2022-12-14","None and I-20 Wb","(B) Suspected Minor/Visible Injury","Dark-Not Lighted","On Roadway - Non-Intersection","Not a Collision with Motor Vehicle","I-20 Wb","Water (standing or moving)","18:46:00","Lap and Shoulder Belt Used","Rain",0,33.766261,-84.49816,"Atlanta","FULTON","Other Non-Collision","Too Fast for Conditions","Median Barrier"
0,0,"Atlanta Police Department","2022-12-14","None and Exit 60A Rp","(O) No Injury","Dark-Lighted","Entrance/Exit Ramp","Not a Collision with Motor Vehicle","Exit 60A Rp","Wet","22:27:00","Lap and Shoulder Belt Used","Rain",0,33.744799,-84.350366,"Atlanta","FULTON","Other Non-Collision",,"Tree"
0,0,"Atlanta Police Department","2022-12-14","Mark Pl Nw and Fairburn Rd Nw","(O) No Injury","Dark-Lighted","On Roadway - Non-Intersection","Angle Crash","Fairburn Rd Nw","Wet","16:00:00","[""Lap and Shoulder Belt Used"",""Booster Seat (Properly Used)"",""Lap and Shoulder Belt Used""]","Cloudy",0,33.77461,-84.500199,"Atlanta","FULTON","[""Motor Vehicle in Motion"",""Motor Vehicle in Motion""]","Improper Turn","[""Motor Vehicle in Motion"",""Motor Vehicle in Motion""]"
0,0,"Atlanta Police Department","2022-12-14","None and I-20","(O) No Injury","Daylight","On Roadway - Non-Intersection","Sideswipe-Same Direction","I-20","Dry","07:15:00","[""Unknown"",""Unknown""]","Cloudy",0,33.743566,-84.385836,"Atlanta","FULTON","[""Motor Vehicle in Motion"",""Motor Vehicle in Motion""]","Changed Lanes Improperly","[""Motor Vehicle in Motion"",""Motor Vehicle in Motion""]"
0,0,"Atlanta Police Department","2022-12-14","None and I-20","(C) Possible Injury / Complaint","Dark-Lighted","On Roadway - Non-Intersection","Rear End","I-20","Wet","18:00:00","[""Lap and Shoulder Belt Used"",""Lap and Shoulder Belt Used""]","Clear",0,33.762151,-84.487541,"Atlanta","FULTON","[""Motor Vehicle in Motion"",""Motor Vehicle in Motion""]","Following Too Close","[""Motor Vehicle in Motion"",""Motor Vehicle in Motion""]"
0,0,"Atlanta Police Department","2022-12-14","I-75 N and Fulton St Sw","(O) No Injury","Daylight","On Roadway - Driveway Intersection","Rear End","Fulton St Sw","Dry","12:22:00","[""Lap and Shoulder Belt Used"",""Lap and Shoulder Belt Used""]","Rain",0,33.741945,-84.391377,"Atlanta","FULTON","[""Motor Vehicle in Motion"",""Motor Vehicle in Motion""]","Following Too Close","[""Motor Vehicle in Motion"",""Motor Vehicle in Motion""]"
0,0,"Atlanta Police Department","2022-12-14","14Th St Ne and Peachtree St Ne","(O) No Injury","Daylight","On Roadway - Roadway Intersection","Sideswipe-Same Direction","Peachtree St Ne","Water (standing or moving)","15:50:00","[""Lap and Shoulder Belt Used"",""Lap and Shoulder Belt Used"",""Lap and Shoulder Belt Used""]","Rain",0,33.786576,-84.383117,"Atlanta","FULTON","[""Motor Vehicle in Motion"",""Motor Vehicle in Motion""]","Changed Lanes Improperly","[""Motor Vehicle in Motion"",""Motor Vehicle in Motion""]"
0,0,"Atlanta Police Department","2022-12-14","Piedmont Ave Ne and E Morningside Dr Ne","(O) No Injury","Daylight","On Roadway - Non-Intersection","Angle Crash","Piedmont Ave Ne","Wet","16:25:00","[""Lap and Shoulder Belt Used"",""Lap and Shoulder Belt Used"",""Lap and Shoulder Belt Used"",""Lap and Shoulder Belt Used""]","Rain",0,33.799325,-84.367902,"Atlanta","FULTON","[""Motor Vehicle in Motion"",""Motor Vehicle in Motion""]","Changed Lanes Improperly","[""Motor Vehicle in Motion"",""Motor Vehicle in Motion""]"
0,0,"Gsp Post 00","2022-12-14","Ga-400 and I-85 South","(C) Possible Injury / Complaint","Daylight","On Roadway - Non-Intersection","Rear End","I-85 South","Wet","15:31:00","[""Lap and Shoulder Belt Used"",""Lap and Shoulder Belt Used"",""Lap and Shoulder Belt Used"",""Lap and Shoulder Belt Used"",""Lap and Shoulder Belt Used""]","Cloudy",0,33.809708,-84.376306,"Atlanta","FULTON","[""Motor Vehicle in Motion"",""Motor Vehicle in Motion""]","[""Too Fast for Conditions"",""Following Too Close""]","[""Motor Vehicle in Motion"",""Motor Vehicle in Motion""]"
0,0,"Atlanta Police Department","2022-12-14","Metropolitan Pkwy Sw and Ralph David Abernathy","(O) No Injury","Dark-Lighted","On Roadway - Roadway Intersection","Angle Crash","Metropolitan Pkwy Sw","Dry","18:30:00","[""None Used"",""None Used""]","Clear",0,33.738153,-84.408144,"Atlanta","FULTON","[""Motor Vehicle in Motion"",""Motor Vehicle in Motion""]",,"[""Motor Vehicle in Motion"",""Motor Vehicle in Motion""]"
0,0,"Atlanta Police Department","2022-12-14","Jones Ave Nw and Northside Dr Nw","(C) Possible Injury / Complaint","Daylight","On Roadway - Roadway Intersection","Sideswipe-Same Direction","Northside Dr Nw","Wet","15:20:00","[""Unknown"",""Unknown"",""Unknown""]","Rain",0,33.763768,-84.403107,"Atlanta","FULTON","[""Motor Vehicle in Motion"",""Motor Vehicle in Motion""]",,"[""Motor Vehicle in Motion"",""Motor Vehicle in Motion""]"
0,0,"Atlanta Police Department","2022-12-14","None and I-75","(O) No Injury","Dark-Not Lighted","On Roadway - Non-Intersection","Not a Collision with Motor Vehicle","I-75","Wet","10:15:00","[""Unknown"",""Unknown""]","Rain",0,33.847139,-84.430668,"Atlanta","FULTON","Other Non-Collision",,"Median Barrier"
0,0,"Atlanta Police Department","2022-12-14","North Ave Nw and I-75 Hov Lane","(O) No Injury","Dark-Lighted","On Roadway - Roadway Intersection","Rear End","I-75 Hov Lane","Wet","15:00:00","[""Lap and Shoulder Belt Used"",""Lap and Shoulder Belt Used""]","Rain",0,33.771094,-84.390071,"Atlanta","FULTON","[""Motor Vehicle in Motion"",""Motor Vehicle in Motion""]",,"[""Motor Vehicle in Motion"",""Motor Vehicle in Motion""]"
0,0,"Atlanta Police Department","2022-12-14","None and Northside Dr Sw","(O) No Injury","Dark-Lighted","On Roadway - Roadway Intersection","Rear End","Northside Dr Sw","Water (standing or moving)","17:33:00","Unknown","Rain",0,33.745368,-84.40743,"Atlanta","FULTON","[""Motor Vehicle in Motion"",""Motor Vehicle in Motion""]",,"[""Motor Vehicle in Motion"",""Motor Vehicle in Motion""]"
0,0,"Atlanta Police Department","2022-12-14","None and I-75 Hov Lane","(C) Possible Injury / Complaint","Dark-Not Lighted","Median","Not a Collision with Motor Vehicle","I-75 Hov Lane","Dry","01:30:00","[""Lap and Shoulder Belt Used"",""Lap and Shoulder Belt Used""]","Clear",0,33.649537,-84.396983,"Atlanta","FULTON","Median Barrier","Driver Lost Control","Median Barrier"
0,0,"Atlanta Police Department","2022-12-14","I-75 N and Ellis St Ne","(O) No Injury","Dark-Lighted","On Roadway - Non-Intersection","Rear End","Ellis St Ne","Water (standing or moving)","19:07:00","[""Unknown"",""Unknown""]","Rain",0,33.75921,-84.378776,"Atlanta","FULTON","[""Motor Vehicle in Motion"",""Motor Vehicle in Motion""]","Following Too Close","[""Motor Vehicle in Motion"",""Motor Vehicle in Motion""]"
0,0,"Atlanta Police Department","2022-12-14","17Th St Nw and Howell Mill Rd Nw","(O) No Injury","Dark-Not Lighted","On Roadway - Roadway Intersection","Rear End","17Th St Nw","Water (standing or moving)","20:30:00","[""Shoulder Belt Only Used"",""Shoulder Belt Only Used""]","Rain",0,33.790403,-84.412049,"Atlanta","FULTON","[""Motor Vehicle in Motion"",""Motor Vehicle in Motion""]","Following Too Close","[""Motor Vehicle in Motion"",""Motor Vehicle in Motion""]"
0,0,"Atlanta Police Department","2022-12-14","Trenholm St Sw and Northside Dr Sw","(O) No Injury","Dark-Lighted","On Roadway - Roadway Intersection","Rear End","Northside Dr Sw","Water (standing or moving)","19:20:00","[""Unknown"",""Unknown"",""Unknown"",""Unknown"",""Unknown""]","Rain",0,33.747212,-84.405713,"Atlanta","FULTON","[""Motor Vehicle in Motion"",""Motor Vehicle in Motion"",""Motor Vehicle in Motion""]",,"[""Motor Vehicle in Motion"",""Motor Vehicle in Motion"",""Motor Vehicle in Motion""]"
0,0,"Atlanta Police Department","2022-12-14","None and I-20","(O) No Injury","Dark-Lighted","On Roadway - Non-Intersection","Rear End","I-20","Water (standing or moving)","19:00:00","[""Unknown"",""Unknown"",""Unknown"",""Unknown""]","Rain",0,33.759162,-84.477677,"Atlanta","FULTON","[""Motor Vehicle in Motion"",""Motor Vehicle in Motion"",""Motor Vehicle in Motion"",""Motor Vehicle in Motion""]","[""Following Too Close"",""Too Fast for Conditions""]","[""Motor Vehicle in Motion"",""Motor Vehicle in Motion"",""Motor Vehicle in Motion"",""Motor Vehicle in Motion""]"
0,0,"Atlanta Police Department","2022-12-14","I-75 S and Northside Dr Nw","(O) No Injury","Daylight","On Roadway - Roadway Intersection","Rear End","Northside Dr Nw","Dry","08:30:00","[""Lap and Shoulder Belt Used"",""Lap and Shoulder Belt Used""]","Clear",0,33.802338,-84.407803,"Atlanta","FULTON","[""Motor Vehicle in Motion"",""Motor Vehicle in Motion""]","Following Too Close","[""Motor Vehicle in Motion"",""Motor Vehicle in Motion""]"
0,0,"Atlanta Police Department","2022-12-14","I-20 and Exit 57","(O) No Injury","Dark-Lighted","On Roadway - Non-Intersection","Angle Crash","I-20","Wet","18:52:00","[""None Used"",""None Used"",""None Used""]","Rain",0,33.744388,-84.399928,"Atlanta","FULTON","[""Motor Vehicle in Motion"",""Motor Vehicle in Motion""]","Changed Lanes Improperly","[""Motor Vehicle in Motion"",""Motor Vehicle in Motion""]"
0,0,"Atlanta Police Department","2022-12-14","None and Marietta St Nw","(O) No Injury","Dark-Lighted","On Roadway - Non-Intersection","Angle Crash","Marietta St Nw","Wet","19:30:00","[""Lap and Shoulder Belt Used"",""Lap and Shoulder Belt Used"",""Lap and Shoulder Belt Used"",""Lap and Shoulder Belt Used""]","Rain",0,33.778072,-84.409036,"Atlanta","FULTON","[""Motor Vehicle in Motion"",""Motor Vehicle in Motion""]","Changed Lanes Improperly","[""Motor Vehicle in Motion"",""Motor Vehicle in Motion""]"
0,0,"Atlanta Police Department","2022-12-14","None and Northside Dr Sw","(O) No Injury","Dark-Lighted","On Roadway - Roadway Intersection","Sideswipe-Same Direction","Northside Dr Sw","Water (standing or moving)","17:32:00","[""Unknown"",""Unknown""]","Rain",0,33.754541,-84.402818,"Atlanta","FULTON","[""Motor Vehicle in Motion"",""Motor Vehicle in Motion""]",,"[""Motor Vehicle in Motion"",""Motor Vehicle in Motion""]"
0,0,"Gsp Post 00","2022-12-14","I-20Eb and Westview Drive","(O) No Injury","Dark-Not Lighted","On Roadway - Non-Intersection","Rear End","I-20Eb","Wet","22:56:00","[""Lap and Shoulder Belt Used"",""None Used""]","Rain",0,33.747871,-84.440142,"Atlanta","FULTON","[""Motor Vehicle in Motion"",""Motor Vehicle in Motion""]","Too Fast for Conditions","[""Motor Vehicle in Motion"",""Motor Vehicle in Motion""]"
0,0,"Atlanta Police Department","2022-12-14","Gordon Pl Sw and Ralph David Abernathy Blvd Sw","(O) No Injury","Daylight","Off Roadway - Sidewalk","Not a Collision with Motor Vehicle","Ralph David Abernathy Blvd Sw","Wet","16:22:00","[""Lap and Shoulder Belt Used"",""Lap and Shoulder Belt Used"",""Lap and Shoulder Belt Used""]","Rain",0,33.737955,-84.419677,"Atlanta","FULTON","[""Utility Pole"",""Utility Pole""]","Driver Condition","[""Utility Pole"",""Utility Pole""]"
0,0,"Atlanta Police Department","2022-12-14","17Th St Nw and Northside Dr Nw","(O) No Injury","Dark-Lighted","On Roadway - Roadway Intersection","Sideswipe-Same Direction","17Th St Nw","Water (standing or moving)","18:45:00","[""Shoulder Belt Only Used"",""Shoulder Belt Only Used""]","Rain",0,33.791285,-84.407834,"Atlanta","FULTON","[""Motor Vehicle in Motion"",""Motor Vehicle in Motion""]","[""Changed Lanes Improperly"",""Changed Lanes Improperly""]","[""Motor Vehicle in Motion"",""Motor Vehicle in Motion""]"
0,0,"Atlanta Police Department","2022-12-14","None and I-75","(C) Possible Injury / Complaint","Dark-Lighted","On Roadway - Non-Intersection","Rear End","I-75","Wet","17:29:00","[""Lap and Shoulder Belt Used"",""Lap and Shoulder Belt Used""]","Rain",0,33.803574,-84.410167,"Atlanta","FULTON","[""Motor Vehicle in Motion"",""Motor Vehicle in Motion""]","Following Too Close","[""Motor Vehicle in Motion"",""Motor Vehicle in Motion""]"
0,0,"Atlanta Police Department","2022-12-14","Willis Mill Rd Sw and Martin Luther King Jr Dr Sw","(O) No Injury","Dark-Lighted","On Roadway - Roadway Intersection","Sideswipe-Same Direction","Martin Luther King Jr Dr Sw","Wet","19:10:00","[""Lap and Shoulder Belt Used"",""Lap and Shoulder Belt Used"",""Lap and Shoulder Belt Used""]","Rain",0,33.751765,-84.466674,"Atlanta","FULTON","[""Motor Vehicle in Motion"",""Motor Vehicle in Motion""]",,"[""Motor Vehicle in Motion"",""Motor Vehicle in Motion""]"
0,0,"Atlanta Police Department","2022-12-14","None and Dunning St Se","(O) No Injury","Daylight","On Roadway - Non-Intersection","Head On","Dunning St Se","Wet","15:40:00",,"Rain",0,33.72804,-84.387041,"Atlanta","FULTON","[""Motor Vehicle in Motion"",""Parked Motor Vehicle""]","Too Fast for Conditions","[""Motor Vehicle in Motion"",""Parked Motor Vehicle""]"
0,0,"Atlanta Police Department","2022-12-14","I-85 and Exit 84","(O) No Injury","Dark-Lighted","On Roadway - Non-Intersection","Rear End","I-85","Wet","19:30:00","[""Lap and Shoulder Belt Used"",""Lap and Shoulder Belt Used""]","Rain",0,33.797859,-84.393312,"Atlanta","FULTON","[""Motor Vehicle in Motion"",""Motor Vehicle in Motion""]","Following Too Close","[""Motor Vehicle in Motion"",""Motor Vehicle in Motion""]"
0,0,"Atlanta Police Department","2022-12-14","14Th St Nw and Northside Dr Nw","(O) No Injury","Daylight","On Roadway - Roadway Intersection","Rear End","Northside Dr Nw","Water (standing or moving)","12:00:00","[""Unknown"",""Unknown""]","Rain",0,33.786224,-84.407445,"Atlanta","FULTON","[""Motor Vehicle in Motion"",""Motor Vehicle in Motion""]",,"[""Motor Vehicle in Motion"",""Motor Vehicle in Motion""]"
0,0,"Atlanta Police Department","2022-12-14","Northside Dr Nw and Cameron M Alexander Blvd Nw","(C) Possible Injury / Complaint","Dark-Lighted","On Roadway - Roadway Intersection","Angle Crash","Cameron M Alexander Blvd Nw","Water (standing or moving)","17:50:00","[""Unknown"",""Unknown"",""Unknown""]","Rain",0,33.768194,-84.404836,"Atlanta","FULTON","[""Motor Vehicle in Motion"",""Motor Vehicle in Motion"",""Motor Vehicle in Motion""]","Failure to Yield","[""Motor Vehicle in Motion"",""Motor Vehicle in Motion"",""Motor Vehicle in Motion""]"
0,0,"Atlanta Police Department","2022-12-14","N Highland Ave Ne and Los Angeles Ave Ne","(O) No Injury","Daylight","On Roadway - Roadway Intersection","Angle Crash","N Highland Ave Ne","Wet","12:00:00","[""Unknown"",""Unknown"",""Unknown""]","Rain",0,33.783861,-84.35466,"Atlanta","FULTON","[""Motor Vehicle in Motion"",""Motor Vehicle in Motion""]","Failure to Yield","[""Motor Vehicle in Motion"",""Motor Vehicle in Motion""]"
0,0,"Atlanta Police Department","2022-12-14","14Th St Ne and Crescent Ave Ne","(O) No Injury","Daylight","On Roadway - Driveway Intersection","Angle Crash","14Th St Ne","Dry","08:48:00","[""Unknown"",""Unknown""]","Cloudy",0,33.786661,-84.385857,"Atlanta","FULTON","[""Motor Vehicle in Motion"",""Motor Vehicle in Motion""]","Failure to Yield","[""Motor Vehicle in Motion"",""Motor Vehicle in Motion""]"
0,0,"Atlanta Police Department","2022-12-14","None and I-85","(O) No Injury","Daylight","Entrance/Exit Ramp","Rear End","I-85","Dry","09:00:00","[""Unknown"",""Unknown""]","Cloudy",0,33.792054,-84.392357,"Atlanta","FULTON","[""Motor Vehicle in Motion"",""Motor Vehicle in Motion""]","Following Too Close","[""Motor Vehicle in Motion"",""Motor Vehicle in Motion""]"
0,0,"Atlanta Police Department","2022-12-14","None and I-20","(C) Possible Injury / Complaint","Dark-Lighted","On Roadway - Non-Intersection","Rear End","I-20","Water (standing or moving)","22:22:00","[""Lap and Shoulder Belt Used"",""Lap and Shoulder Belt Used""]","Rain",0,33.752035,-84.458963,"Atlanta","FULTON","[""Motor Vehicle in Motion"",""Motor Vehicle in Motion""]","[""Under the Influence (U.I.)"",""Too Fast for Conditions""]","[""Motor Vehicle in Motion"",""Motor Vehicle in Motion""]"
0,0,"Atlanta Police Department","2022-12-14","North Ave Nw and I-75 Hov Lane","(O) No Injury","Dark-Lighted","On Roadway - Roadway Intersection","Rear End","I-75 Hov Lane","Wet","18:00:00","[""Unknown"",""Lap and Shoulder Belt Used""]","Rain",0,33.771281,-84.390065,"Atlanta","FULTON","[""Motor Vehicle in Motion"",""Motor Vehicle in Motion""]","Following Too Close","[""Motor Vehicle in Motion"",""Motor Vehicle in Motion""]"
0,0,"Atlanta Police Department","2022-12-14","Carter Dr Ne and Ottley Dr Ne","(O) No Injury","Daylight","On Roadway - Non-Intersection","Angle Crash","Ottley Dr Ne","Wet","15:30:00","[""Unknown"",""Unknown""]","Rain",0,33.807719,-84.382555,"Atlanta","FULTON","[""Motor Vehicle in Motion"",""Motor Vehicle in Motion""]","Failure to Yield","[""Motor Vehicle in Motion"",""Motor Vehicle in Motion""]"
0,0,"Atlanta Police Department","2022-12-14","Sheridan Rd Ne and Cheshire Bridge Rd Ne","(O) No Injury","Dark-Lighted","On Roadway - Non-Intersection","Rear End","Cheshire Bridge Rd Ne","Wet","18:30:00","[""Unknown"",""Unknown""]","Rain",0,33.821601,-84.351519,"Atlanta","FULTON","[""Motor Vehicle in Motion"",""Motor Vehicle in Motion""]","Following Too Close","Motor Vehicle in Motion"
0,0,"Atlanta Police Department","2022-12-14","I-75 S and Edgewood Ave Se","(O) No Injury","Dark-Lighted","On Roadway - Roadway Intersection","Angle Crash","Edgewood Ave Se","Dry","07:20:00","[""Unknown"",""Unknown""]","Cloudy",0,33.754382,-84.378817,"Atlanta","FULTON","[""Motor Vehicle in Motion"",""Motor Vehicle in Motion""]","Improper Backing","[""Motor Vehicle in Motion"",""Motor Vehicle in Motion""]"
0,0,"Atlanta Police Department","2022-12-14","I-75 and Exit 244","(O) No Injury","Dark-Not Lighted","On Shoulder","Rear End","I-75","Wet","18:00:00","[""None Used"",""None Used""]","Rain",0,33.719197,-84.396804,"Atlanta","FULTON","[""Motor Vehicle in Motion"",""Motor Vehicle in Motion""]",,"[""Motor Vehicle in Motion"",""Motor Vehicle in Motion""]"
0,0,"Atlanta Police Department","2022-12-14","Northside Dr Nw and Donald Lee Hollowell Pkwy Nw","(O) No Injury","Daylight","On Roadway - Non-Intersection","Rear End","Northside Dr Nw","Wet","16:00:00","[""Unknown"",""Unknown""]","Rain",0,33.773845,-84.408856,"Atlanta","FULTON","[""Motor Vehicle in Motion"",""Motor Vehicle in Motion""]",,"[""Motor Vehicle in Motion"",""Motor Vehicle in Motion""]"
0,0,"Atlanta Police Department","2022-12-14","None and I-20","(O) No Injury","Dark-Lighted","On Roadway - Non-Intersection","Not a Collision with Motor Vehicle","I-20","Wet","20:45:00","Lap and Shoulder Belt Used","Rain",0,33.748703,-84.441649,"Atlanta","FULTON","Motor Vehicle in Motion","Too Fast for Conditions","Motor Vehicle in Motion"
0,0,"Atlanta Police Department","2022-12-14","Memorial Dr Se and Moreland Ave Se","(O) No Injury","Dark-Lighted","On Roadway - Roadway Intersection","Angle Crash","Moreland Ave Se","Water (standing or moving)","21:50:00","[""Unknown"",""Lap and Shoulder Belt Used""]","Rain",0,33.747732,-84.349216,"Atlanta","FULTON","[""Motor Vehicle in Motion"",""Motor Vehicle in Motion""]","Disregard Stop Sign/Signal","[""Motor Vehicle in Motion"",""Motor Vehicle in Motion""]"
0,0,"Atlanta Police Department","2022-12-14","Northside Pkwy Nw and W Paces Ferry Rd Nw","(C) Possible Injury / Complaint","Daylight","On Roadway - Non-Intersection","Angle Crash","Northside Pkwy Nw","Wet","12:03:00","[""Lap and Shoulder Belt Used"",""Lap and Shoulder Belt Used"",""Lap and Shoulder Belt Used""]","Rain",0,33.849317,-84.430083,"Atlanta","FULTON","[""Motor Vehicle in Motion"",""Motor Vehicle in Motion""]","Failure to Yield","[""Motor Vehicle in Motion"",""Motor Vehicle in Motion""]"
0,0,"Atlanta Police Department","2022-12-14","10Th St Nw and Spring St Nw","(O) No Injury","Dark-Lighted","On Roadway - Roadway Intersection","Angle Crash","Spring St Nw","Wet","20:50:00","[""Lap and Shoulder Belt Used"",""Lap and Shoulder Belt Used"",""Lap and Shoulder Belt Used"",""Lap and Shoulder Belt Used""]","Rain",0,33.781507,-84.389146,"Atlanta","FULTON","[""Motor Vehicle in Motion"",""Motor Vehicle in Motion""]","Disregard Other Traffic Control","[""Motor Vehicle in Motion"",""Motor Vehicle in Motion""]"
0,0,"Atlanta Police Department","2022-12-14","None and I-20","(O) No Injury","Dark-Lighted","On Roadway - Non-Intersection","Rear End","I-20","Wet","20:17:00","[""None Used"",""None Used""]","Rain",0,33.742574,-84.404114,"Atlanta","FULTON","[""Motor Vehicle in Motion"",""Motor Vehicle in Motion""]",,"[""Motor Vehicle in Motion"",""Motor Vehicle in Motion""]"
0,0,"Atlanta Police Department","2022-12-14","Crown Rd Se and Browns Mill Rd Se","(O) No Injury","Dark-Lighted","On Roadway - Non-Intersection","Sideswipe-Same Direction","Crown Rd Se","Water (standing or moving)","18:15:00","[""Lap and Shoulder Belt Used"",""Lap and Shoulder Belt Used""]","Rain",0,33.65187,-84.39427,"Atlanta","FULTON","[""Motor Vehicle in Motion"",""Motor Vehicle in Motion""]","Aggressive Driving","[""Motor Vehicle in Motion"",""Motor Vehicle in Motion""]"
0,0,"Atlanta Police Department","2022-12-14","Larkin St Sw and Northside Dr Sw","(O) No Injury","Daylight","On Roadway - Roadway Intersection","Rear End","Larkin St Sw","Other","19:00:00","[""Unknown"",""Unknown""]","Rain",0,33.747983,-84.405175,"Atlanta","FULTON","[""Motor Vehicle in Motion"",""Motor Vehicle in Motion""]","Following Too Close","[""Motor Vehicle in Motion"",""Motor Vehicle in Motion""]"