"# Serious Injuries","# Visible Injuries","Agency Name (Crash Level) ","Date","Intersection Name (from Crash Report)","KABCO Severity","Light Conditions (Crash Level)","Location at Impact (Crash Level) ","Manner of Collision (Crash Level) ","Roadway (From Crash Report)","Surface Condition (Crash Level) ","Time","Safety Equipment (Crash Level) ","Weather Conditions (Crash Level)","# of Fatalities per Crash","Latitude","Longitude","Geolocated City","Geolocated County","First Harmful Event (Unit Order)","Operator/Pedestrian Contrib Factor (excl None, Other, No Contrib Factors)","Most Harmful Event (Crash Level)"
0,0,"Atlanta Police Department","2022-12-21","Linkwood Rd Nw and Hedgewood Dr Nw","(O) No Injury","Dark-Not Lighted","On Roadway - Non-Intersection","Head On","Hedgewood Dr Nw","Dry","00:40:00",,"Clear",0,33.757737,-84.482015,"Atlanta","FULTON","[""Motor Vehicle in Motion"",""Parked Motor Vehicle""]","Failure to Yield","[""Motor Vehicle in Motion"",""Parked Motor Vehicle""]"
0,0,"Atlanta Police Department","2022-12-21","E Beechwood Dr Nw and Northside Pkwy Nw","(C) Possible Injury / Complaint","Daylight","On Roadway - Non-Intersection","Rear End","Northside Pkwy Nw","Dry","12:45:00","[""Lap and Shoulder Belt Used"",""Lap and Shoulder Belt Used"",""Lap and Shoulder Belt Used""]","Clear",0,33.854342,-84.431187,"Atlanta","FULTON","[""Motor Vehicle in Motion"",""Motor Vehicle in Motion"",""Motor Vehicle in Motion""]","Following Too Close","[""Motor Vehicle in Motion"",""Motor Vehicle in Motion"",""Motor Vehicle in Motion""]"
0,0,"Atlanta Police Department","2022-12-21","Joseph E Lowery Blvd Sw and Martin Luther King Jr Dr Nw","(O) No Injury","Daylight","On Roadway - Non-Intersection","Head On","Martin Luther King Jr Dr Nw","Dry","16:00:00","[""Unknown"",""Unknown""]","Fog",0,33.754728,-84.417098,"Atlanta","FULTON","[""Motor Vehicle in Motion"",""Parked Motor Vehicle""]","Improper Backing","[""Motor Vehicle in Motion"",""Parked Motor Vehicle""]"
0,0,"Atlanta Police Department","2022-12-21","Moreland Ave Se and Mcpherson Ave Se","(O) No Injury","Dark-Not Lighted","On Roadway - Non-Intersection","Rear End","Moreland Ave Se","Dry","20:30:00","[""Unknown"",""Lap and Shoulder Belt Used""]","Clear",0,33.743861,-84.349235,"Atlanta","FULTON","[""Motor Vehicle in Motion"",""Motor Vehicle in Motion""]","Following Too Close","[""Motor Vehicle in Motion"",""Motor Vehicle in Motion""]"
0,0,"Atlanta Police Department","2022-12-21","Lucile Ave Sw and Ralph David Abernathy Blvd Sw","(O) No Injury","Dark-Lighted","On Roadway - Roadway Intersection","Sideswipe-Same Direction","Ralph David Abernathy Blvd Sw","Dry","21:30:00","[""Unknown"",""Lap and Shoulder Belt Used""]","Cloudy",0,33.743199,-84.437674,"Atlanta","FULTON","[""Motor Vehicle in Motion"",""Motor Vehicle in Motion""]","Disregard Other Traffic Control","Motor Vehicle in Motion"
0,1,"Atlanta Police Department","2022-12-21","Ga-13 N and Peachtree St Ne","(B) Suspected Minor/Visible Injury","Daylight","On Roadway - Non-Intersection","Head On","Peachtree St Ne","Dry","13:30:00","[""Unknown"",""Unknown""]","Clear",0,33.7984,-84.39106,"Atlanta","FULTON","[""Motor Vehicle in Motion"",""Motor Vehicle in Motion""]","Improper Turn","[""Motor Vehicle in Motion"",""Motor Vehicle in Motion""]"
0,0,"Atlanta Police Department","2022-12-21","Williams St Nw and Ivan Allen Jr Blvd Nw","(O) No Injury","Daylight","Entrance/Exit Ramp","Sideswipe-Same Direction","Williams St Nw","Dry","10:21:00","[""Unknown"",""Unknown""]","Clear",0,33.764651,-84.3904,"Atlanta","FULTON","[""Motor Vehicle in Motion"",""Motor Vehicle in Motion""]","Improper Turn","[""Motor Vehicle in Motion"",""Motor Vehicle in Motion""]"
0,0,"Atlanta Police Department","2022-12-21","Deering Rd Nw and Northside Dr Nw","(O) No Injury","Daylight","On Roadway - Roadway Intersection","Angle Crash","Northside Dr Nw","Dry","15:00:00","[""Shoulder Belt Only Used"",""Shoulder Belt Only Used""]","Cloudy",0,33.796164,-84.407849,"Atlanta","FULTON","[""Motor Vehicle in Motion"",""Motor Vehicle in Motion""]","Disregard Other Traffic Control","[""Motor Vehicle in Motion"",""Motor Vehicle in Motion""]"
0,0,"Atlanta Police Department","2022-12-21","Fair Dr Sw and Metropolitan Pkwy Sw","(C) Possible Injury / Complaint","Daylight","On Roadway - Driveway Intersection","Sideswipe-Same Direction","Fair Dr Sw","Dry","11:30:00","[""Unknown"",""Unknown""]","Clear",0,33.703384,-84.408073,"Atlanta","FULTON","[""Motor Vehicle in Motion"",""Motor Vehicle in Motion""]","Failure to Yield","[""Motor Vehicle in Motion"",""Motor Vehicle in Motion""]"
0,0,"Atlanta Police Department","2022-12-21","Pine St Ne and Peachtree St Ne","(O) No Injury","Daylight","On Roadway - Non-Intersection","Sideswipe-Same Direction","Peachtree St Ne","Dry","16:00:00","[""Unknown"",""Unknown""]","Other",0,33.767338,-84.385394,"Atlanta","FULTON","[""Motor Vehicle in Motion"",""Motor Vehicle in Motion""]",,"Motor Vehicle in Motion"
0,0,"Atlanta Police Department","2022-12-21","3Rd St Ne and Juniper St Ne","(O) No Injury","Daylight","On Roadway - Roadway Intersection","Sideswipe-Same Direction","Juniper St Ne","Dry","16:20:00","[""Unknown"",""Unknown""]","Cloudy",0,33.773504,-84.3832,"Atlanta","FULTON","[""Motor Vehicle in Motion"",""Motor Vehicle in Motion""]",,"[""Motor Vehicle in Motion"",""Motor Vehicle in Motion""]"
0,0,"Atlanta Police Department","2022-12-21","I-285 and I-20 E","(O) No Injury","Daylight","On Roadway - Non-Intersection","Angle Crash","I-285","Dry","15:00:00","[""Unknown"",""Unknown""]","Clear",0,33.76501,-84.493858,"Atlanta","FULTON","[""Motor Vehicle in Motion"",""Motor Vehicle in Motion""]","Changed Lanes Improperly","[""Motor Vehicle in Motion"",""Motor Vehicle in Motion""]"
0,0,"Atlanta Police Department","2022-12-21","Piedmont Ave Ne and John Wesley Dobbs Ave Ne","(O) No Injury","Dark-Lighted","On Roadway - Roadway Intersection","Sideswipe-Same Direction","John Wesley Dobbs Ave Ne","Dry","20:30:00","[""Unknown"",""Unknown""]","Clear",0,33.757106,-84.383176,"Atlanta","FULTON","[""Motor Vehicle in Motion"",""Motor Vehicle in Motion""]","[""Improper Turn"",""Changed Lanes Improperly""]","[""Motor Vehicle in Motion"",""Motor Vehicle in Motion""]"
0,0,"Atlanta Police Department","2022-12-21","Ga-13 and Armour Dr Ne","(C) Possible Injury / Complaint","Daylight","On Roadway - Non-Intersection","Rear End","Ga-13","Dry","15:45:00","[""Lap and Shoulder Belt Used"",""Lap and Shoulder Belt Used""]","Clear",0,33.810725,-84.37204,"Atlanta","FULTON","[""Motor Vehicle in Motion"",""Motor Vehicle in Motion""]","Following Too Close","[""Motor Vehicle in Motion"",""Motor Vehicle in Motion""]"
0,0,"Atlanta Police Department","2022-12-21","I-75 and Exit 247","(O) No Injury","Daylight","On Roadway - Managed Lane (HOV, HOT, Reversible)","Sideswipe-Same Direction","I-75","Dry","08:15:00","[""Unknown"",""Unknown"",""Unknown"",""Unknown""]","Cloudy",0,33.748593,-84.38402,"Atlanta","FULTON","[""Motor Vehicle in Motion"",""Motor Vehicle in Motion""]","Changed Lanes Improperly","[""Motor Vehicle in Motion"",""Motor Vehicle in Motion""]"
1,0,"Atlanta Police Department","2022-12-21","Alco St Ne and Cheshire Bridge Rd Ne","(A) Suspected Serious Injury","Daylight","On Roadway - Driveway Intersection","Sideswipe-Same Direction","Cheshire Bridge Rd Ne","Dry","13:50:00","[""Lap and Shoulder Belt Used"",""Lap and Shoulder Belt Used""]","Clear",0,33.817036,-84.352147,"Atlanta","FULTON","[""Motor Vehicle in Motion"",""Motor Vehicle in Motion""]",,"[""Motor Vehicle in Motion"",""Motor Vehicle in Motion""]"
0,0,"Atlanta Police Department","2022-12-21","I-285 N and Cascade Rd Sw","(C) Possible Injury / Complaint","Dark-Lighted","On Roadway - Roadway Intersection","Head On","Cascade Rd Sw","Dry","20:30:00","[""Lap and Shoulder Belt Used"",""Lap and Shoulder Belt Used"",""Lap and Shoulder Belt Used""]","Clear",0,33.723021,-84.502106,"South Fulton","FULTON","[""Motor Vehicle in Motion"",""Motor Vehicle in Motion""]","Misjudged Clearance","[""Motor Vehicle in Motion"",""Motor Vehicle in Motion""]"
0,0,"Atlanta Police Department","2022-12-21","I-75 and Techwood Dr Nw","(C) Possible Injury / Complaint","Daylight","On Roadway - Non-Intersection","Rear End","I-75","Dry","10:57:00","[""Unknown"",""Unknown"",""Unknown""]","Cloudy",0,33.778397,-84.391198,"Atlanta","FULTON","[""Motor Vehicle in Motion"",""Motor Vehicle in Motion"",""Motor Vehicle in Motion""]","Following Too Close","[""Motor Vehicle in Motion"",""Motor Vehicle in Motion"",""Motor Vehicle in Motion""]"
0,0,"Atlanta Police Department","2022-12-21","Exit 7 and Cascade Rd Sw","(C) Possible Injury / Complaint","Dark-Lighted","On Roadway - Roadway Intersection","Rear End","Cascade Rd Sw","Dry","20:58:00","[""Unknown"",""Lap and Shoulder Belt Used""]","Clear",0,33.723031,-84.50367,"South Fulton","FULTON","[""Motor Vehicle in Motion"",""Motor Vehicle in Motion""]","Following Too Close","[""Motor Vehicle in Motion"",""Motor Vehicle in Motion""]"
0,0,"Atlanta Police Department","2022-12-22","Cascade Ave Sw and Ralph David Abernathy Blvd Sw","(O) No Injury","Dark-Lighted","On Roadway - Roadway Intersection","Angle Crash","Cascade Ave Sw","Wet","18:18:00","[""Lap and Shoulder Belt Used"",""Lap and Shoulder Belt Used""]","Rain",0,33.738842,-84.433556,"Atlanta","FULTON","[""Motor Vehicle in Motion"",""Motor Vehicle in Motion""]","Failure to Yield","[""Motor Vehicle in Motion"",""Motor Vehicle in Motion""]"
0,0,"Gsp Post 00","2022-12-22","I-85Sb and Armour Dr","(O) No Injury","Daylight","On Roadway - Non-Intersection","Sideswipe-Same Direction","I-85Sb","Wet","08:00:00","[""Lap and Shoulder Belt Used"",""Lap and Shoulder Belt Used""]","Rain",0,33.810348,-84.374866,"Atlanta","FULTON","[""Motor Vehicle in Motion"",""Motor Vehicle in Motion""]","[""Changed Lanes Improperly"",""Inattentive or Other Distraction (Distracted)""]","[""Motor Vehicle in Motion"",""Motor Vehicle in Motion""]"
0,0,"Gsp Post 00","2022-12-22","I-85 Sb and Armour Dr","(O) No Injury","Dark-Lighted","On Roadway - Non-Intersection","Rear End","I-85 Sb","Wet","18:30:00","[""Lap and Shoulder Belt Used"",""Lap and Shoulder Belt Used""]","Cloudy",0,33.807131,-84.38041,"Atlanta","FULTON","[""Motor Vehicle in Motion"",""Motor Vehicle in Motion""]","Following Too Close","[""Motor Vehicle in Motion"",""Motor Vehicle in Motion""]"
0,0,"Atlanta Police Department","2022-12-22","13Th St Ne and Juniper St Ne","(O) No Injury","Dark-Lighted","On Roadway - Roadway Intersection","Angle Crash","Juniper St Ne","Water (standing or moving)","18:43:00","[""Unknown"",""Unknown"",""Unknown""]","Cloudy",0,33.785414,-84.382175,"Atlanta","FULTON","[""Motor Vehicle in Motion"",""Motor Vehicle in Motion""]","Changed Lanes Improperly","[""Motor Vehicle in Motion"",""Motor Vehicle in Motion""]"
0,0,"Atlanta Police Department","2022-12-22","I-75 S and Howell Mill Rd Nw","(O) No Injury","Daylight","On Roadway - Non-Intersection","Angle Crash","Howell Mill Rd Nw","Dry","13:45:00","[""Lap and Shoulder Belt Used"",""Lap and Shoulder Belt Used""]","Cloudy",0,33.803949,-84.413856,"Atlanta","FULTON","[""Motor Vehicle in Motion"",""Motor Vehicle in Motion""]","Failure to Yield","[""Motor Vehicle in Motion"",""Motor Vehicle in Motion""]"
0,0,"Atlanta Police Department","2022-12-22","None and Moreland Ave Se Exit 60A Rp","(O) No Injury","Dark-Lighted","Entrance/Exit Ramp","Rear End","Moreland Ave Se Exit 60A Rp","Dry","20:00:00","[""Unknown"",""Unknown"",""Unknown""]","Cloudy",0,33.744519,-84.349292,"Atlanta","FULTON","[""Motor Vehicle in Motion"",""Motor Vehicle in Motion""]","Following Too Close","Motor Vehicle in Motion"
0,0,"Atlanta Police Department","2022-12-22","10Th St Nw and Northside Dr Nw","(O) No Injury","Daylight","On Roadway - Non-Intersection","Angle Crash","Northside Dr Nw","Dry","11:54:00","[""Lap and Shoulder Belt Used"",""Lap and Shoulder Belt Used""]","Cloudy",0,33.781544,-84.407476,"Atlanta","FULTON","[""Motor Vehicle in Motion"",""Motor Vehicle in Motion""]","Changed Lanes Improperly","[""Motor Vehicle in Motion"",""Motor Vehicle in Motion""]"
1,0,"Atlanta Police Department","2022-12-22","North Ave Ne and John Lewis Freedom Pkwy Ne","(A) Suspected Serious Injury","Daylight","On Roadway - Driveway Intersection","Head On","North Ave Ne","Dry","16:00:00","[""None Used"",""Lap Belt Only Used"",""Lap Belt Only Used""]","Clear",0,33.771093,-84.359399,"Atlanta","FULTON","[""Motor Vehicle in Motion"",""Motor Vehicle in Motion"",""Motor Vehicle in Motion""]",,"[""Motor Vehicle in Motion"",""Motor Vehicle in Motion"",""Motor Vehicle in Motion""]"
0,0,"Atlanta Police Department","2022-12-22","I-85 S and Lenox Rd Ne","(O) No Injury","Dark-Lighted","On Roadway - Roadway Intersection","Rear End","Lenox Rd Ne","Wet","22:50:00","[""Unknown"",""Lap and Shoulder Belt Used""]","Rain",0,33.824246,-84.351989,"Atlanta","FULTON","[""Motor Vehicle in Motion"",""Motor Vehicle in Motion""]","Improper Backing","[""Motor Vehicle in Motion"",""Motor Vehicle in Motion""]"
0,1,"Atlanta Police Department","2022-12-22","Exit 76 and Cleveland Ave Sw","(B) Suspected Minor/Visible Injury","Dark-Lighted","On Roadway - Non-Intersection","Head On","Cleveland Ave Sw","Wet","19:19:00","[""Lap Belt Only Used"",""Shoulder Belt Only Used"",""Lap Belt Only Used""]","Clear",0,33.681306,-84.410084,"Atlanta","FULTON","[""Motor Vehicle in Motion"",""Motor Vehicle in Motion""]","Improper Turn","[""Motor Vehicle in Motion"",""Motor Vehicle in Motion""]"
1,0,"Atlanta Police Department","2022-12-22","Campbellton Rd Sw and County Line Rd Sw","(A) Suspected Serious Injury","Daylight","Off Roadway","Not a Collision with Motor Vehicle","County Line Rd Sw","Water (standing or moving)","07:05:00","[""Unknown"",""None Used""]","Rain",0,33.696577,-84.535334,"Atlanta","FULTON","[""Motor Vehicle in Motion"",""Pedestrian""]","Not Visible (Object, Person, or Vehicle)","Motor Vehicle in Motion"
0,0,"Atlanta Police Department","2022-12-22","Bolton Dr Nw and Marietta Blvd Nw","(O) No Injury","Daylight","On Roadway - Roadway Intersection","Rear End","Marietta Blvd Nw","Wet","09:50:00","[""Lap and Shoulder Belt Used"",""Lap and Shoulder Belt Used""]","Cloudy",0,33.816118,-84.445483,"Atlanta","FULTON","[""Motor Vehicle in Motion"",""Motor Vehicle in Motion""]","Failure to Yield","[""Motor Vehicle in Motion"",""Motor Vehicle in Motion""]"
0,0,"Atlanta Police Department","2022-12-22","Amber Rd Nw and Fulton Industrial Blvd Nw","(C) Possible Injury / Complaint","Daylight","On Roadway - Non-Intersection","Angle Crash","Amber Rd Nw","Dry","11:19:00","[""Lap and Shoulder Belt Used"",""Lap and Shoulder Belt Used""]","Cloudy",0,33.776075,-84.512871,"Atlanta","FULTON","[""Motor Vehicle in Motion"",""Motor Vehicle in Motion""]","[""Failure to Yield"",""Improper Turn""]","[""Motor Vehicle in Motion"",""Motor Vehicle in Motion""]"
0,0,"Atlanta Police Department","2022-12-22","Porter Pl Ne and Peachtree Center Ave Ne","(O) No Injury","Daylight","On Roadway - Roadway Intersection","Sideswipe-Same Direction","Peachtree Center Ave Ne","Dry","10:30:00","Lap and Shoulder Belt Used","Clear",0,33.76409,-84.385967,"Atlanta","FULTON","[""Motor Vehicle in Motion"",""Motor Vehicle in Motion""]","Changed Lanes Improperly","[""Motor Vehicle in Motion"",""Motor Vehicle in Motion""]"
0,0,"Atlanta Police Department","2022-12-22","Spring St Nw and Peachtree Pl Nw","(O) No Injury","Dark-Lighted","On Roadway - Roadway Intersection","Angle Crash","Spring St Nw","Dry","18:00:00","[""Lap and Shoulder Belt Used"",""Lap and Shoulder Belt Used""]","Cloudy",0,33.780552,-84.388998,"Atlanta","FULTON","[""Motor Vehicle in Motion"",""Motor Vehicle in Motion""]","Changed Lanes Improperly","[""Motor Vehicle in Motion"",""Motor Vehicle in Motion""]"
0,0,"Atlanta Police Department","2022-12-22","None and I-20","(O) No Injury","Dark-Lighted","On Roadway - Non-Intersection","Rear End","I-20","Dry","02:42:00","[""Lap and Shoulder Belt Used"",""Lap and Shoulder Belt Used"",""Lap and Shoulder Belt Used""]","Other",0,33.759261,-84.478354,"Atlanta","FULTON","[""Motor Vehicle in Motion"",""Motor Vehicle in Motion""]","Following Too Close","[""Motor Vehicle in Motion"",""Motor Vehicle in Motion""]"
0,0,"Gsp Post 00","2022-12-22","10Th St and I-75I-85Sb","(O) No Injury","Daylight","On Roadway - Non-Intersection","Rear End","I-75I-85Sb","Dry","12:20:00","[""Lap and Shoulder Belt Used"",""Lap and Shoulder Belt Used""]","Cloudy",0,33.769253,-84.390558,"Atlanta","FULTON","[""Motor Vehicle in Motion"",""Motor Vehicle in Motion""]","Following Too Close","[""Motor Vehicle in Motion"",""Motor Vehicle in Motion""]"
0,0,"Gsp Post 00","2022-12-22","I-285 and I-20 West","(O) No Injury","Daylight","On Roadway - Non-Intersection","Rear End","I-20 West","Dry","14:30:00","[""Lap and Shoulder Belt Used"",""Lap and Shoulder Belt Used""]","Cloudy",0,33.765008,-84.493853,"Atlanta","FULTON","[""Motor Vehicle in Motion"",""Motor Vehicle in Motion""]","Following Too Close","[""Motor Vehicle in Motion"",""Motor Vehicle in Motion""]"
0,0,"Atlanta Police Department","2022-12-22","Formwalt St Sw and Memorial Dr Sw","(C) Possible Injury / Complaint","Daylight","On Roadway - Non-Intersection","Not a Collision with Motor Vehicle","Memorial Dr Sw","Dry","13:00:00","[""Lap and Shoulder Belt Used"",""None Used""]","Clear",0,33.746952,-84.396271,"Atlanta","FULTON","[""Motor Vehicle in Motion"",""Motor Vehicle in Motion""]","Inattentive or Other Distraction (Distracted)","Motor Vehicle in Motion"
0,0,"Gsp Post 00","2022-12-22","I-85 S and Piedmont Road","(O) No Injury","Dawn","On Roadway - Non-Intersection","Rear End","I-85 S","Wet","07:34:00","[""Lap and Shoulder Belt Used"",""Lap and Shoulder Belt Used""]","Rain",0,33.807398,-84.380046,"Atlanta","FULTON","[""Motor Vehicle in Motion"",""Motor Vehicle in Motion""]","Following Too Close","[""Motor Vehicle in Motion"",""Motor Vehicle in Motion""]"
0,0,"Atlanta Police Department","2022-12-22","Kingsboro Rd Ne and Oak Valley Rd Ne","(O) No Injury","Dark-Lighted","On Roadway - Roadway Intersection","Angle Crash","Oak Valley Rd Ne","Dry","19:30:00","[""Lap and Shoulder Belt Used"",""Lap and Shoulder Belt Used""]","Cloudy",0,33.849329,-84.359326,"Atlanta","FULTON","[""Motor Vehicle in Motion"",""Motor Vehicle in Motion""]","[""Disregard Stop Sign/Signal"",""Disregard Stop Sign/Signal""]","[""Motor Vehicle in Motion"",""Motor Vehicle in Motion""]"
0,0,"Atlanta Police Department","2022-12-22","Baker St  Ne and Piedmont Ave Ne","(O) No Injury","Dark-Lighted","On Roadway - Roadway Intersection","Sideswipe-Same Direction","Piedmont Ave Ne","Wet","19:28:00","[""Lap and Shoulder Belt Used"",""Lap and Shoulder Belt Used""]","Cloudy",0,33.762094,-84.382251,"Atlanta","FULTON","[""Motor Vehicle in Motion"",""Motor Vehicle in Motion""]","Improper Turn","[""Motor Vehicle in Motion"",""Motor Vehicle in Motion""]"
0,1,"Atlanta Police Department","2022-12-22","None and I-285","(B) Suspected Minor/Visible Injury","Dark-Lighted","On Roadway - Roadway Intersection","Rear End","I-285","Water (standing or moving)","21:47:00","[""Lap and Shoulder Belt Used"",""Lap and Shoulder Belt Used"",""Lap and Shoulder Belt Used""]","Rain",0,33.770721,-84.495399,"Atlanta","FULTON","[""Motor Vehicle in Motion"",""Motor Vehicle in Motion"",""Motor Vehicle in Motion""]","[""Following Too Close"",""Too Fast for Conditions"",""Too Fast for Conditions"",""Following Too Close""]","[""Motor Vehicle in Motion"",""Motor Vehicle in Motion"",""Motor Vehicle in Motion""]"
0,0,"Atlanta Police Department","2022-12-22","Windemere Dr Ne and Cheshire Bridge Rd Ne","(O) No Injury","Dawn","On Roadway - Non-Intersection","Sideswipe-Same Direction","Cheshire Bridge Rd Ne","Dry","07:05:00","[""Unknown"",""Lap and Shoulder Belt Used""]","Cloudy",0,33.808161,-84.364821,"Atlanta","FULTON","[""Motor Vehicle in Motion"",""Motor Vehicle in Motion""]","Following Too Close","[""Motor Vehicle in Motion"",""Motor Vehicle in Motion""]"
0,0,"Atlanta Police Department","2022-12-22","Huff Rd Nw and Menlo Drive Nw","(C) Possible Injury / Complaint","Daylight","On Roadway - Roadway Intersection","Head On","Huff Rd Nw","Dry","20:00:00","[""Lap and Shoulder Belt Used"",""Lap and Shoulder Belt Used"",""Lap and Shoulder Belt Used""]","Clear",0,33.789054,-84.424668,"Atlanta","FULTON","[""Motor Vehicle in Motion"",""Motor Vehicle in Motion""]",,"[""Motor Vehicle in Motion"",""Motor Vehicle in Motion""]"
0,0,"Atlanta Police Department","2022-12-22","Roswell Rd Ne and Habersham Rd Ne","(C) Possible Injury / Complaint","Dark-Not Lighted","On Roadway - Roadway Intersection","Angle Crash","Habersham Rd Ne","Dry","17:00:00","[""Unknown"",""Unknown"",""Unknown"",""Unknown""]","Clear",0,33.853294,-84.382677,"Atlanta","FULTON","[""Motor Vehicle in Motion"",""Motor Vehicle in Motion"",""Motor Vehicle in Motion"",""Motor Vehicle in Motion""]","[""Improper Turn"",""Too Fast for Conditions""]","[""Motor Vehicle in Motion"",""Motor Vehicle in Motion"",""Motor Vehicle in Motion"",""Motor Vehicle in Motion""]"
0,0,"Atlanta Police Department","2022-12-22","Piedmont Rd Ne and Sidney Marcus Blvd Ne","(C) Possible Injury / Complaint","Daylight","On Roadway - Driveway Intersection","Rear End","Sidney Marcus Blvd Ne","Dry","12:15:00","[""Unknown"",""Unknown""]","Cloudy",0,33.825914,-84.365571,"Atlanta","FULTON","[""Motor Vehicle in Motion"",""Parked Motor Vehicle""]","Following Too Close","[""Motor Vehicle in Motion"",""Parked Motor Vehicle""]"
0,0,"Gsp Post 00","2022-12-22","I-85Nb and Armour Dr","(O) No Injury","Daylight","On Roadway - Non-Intersection","Rear End","I-85Nb","Wet","08:50:00","[""Lap and Shoulder Belt Used"",""Lap and Shoulder Belt Used"",""Lap and Shoulder Belt Used"",""Lap and Shoulder Belt Used"",""Lap and Shoulder Belt Used"",""Child Restraint System (Improperly Used)"",""Child Restraint System (Improperly Used)"",""Child Restraint System (Improperly Used)""]","Rain",0,33.813742,-84.366057,"Atlanta","FULTON","[""Motor Vehicle in Motion"",""Motor Vehicle in Motion"",""Motor Vehicle in Motion""]","Following Too Close","[""Motor Vehicle in Motion"",""Motor Vehicle in Motion"",""Motor Vehicle in Motion""]"
0,0,"Atlanta Police Department","2022-12-22","Meadow Park Dr Sw and Meadow Park Ln Sw","(O) No Injury","Dark-Lighted","On Roadway - Non-Intersection","Angle Crash","Meadow Park Ln Sw","Wet","23:32:00","Unknown","Cloudy",0,33.688748,-84.393788,"Atlanta","FULTON","[""Parked Motor Vehicle"",""Motor Vehicle in Motion"",""Parked Motor Vehicle"",""Parked Motor Vehicle""]","[""Under the Influence (U.I.)"",""Improper Backing""]","[""Parked Motor Vehicle"",""Motor Vehicle in Motion"",""Parked Motor Vehicle"",""Parked Motor Vehicle""]"
0,0,"Atlanta Police Department","2022-12-22","N Highland Ave Ne and Ponce De Leon Ave Ne","(O) No Injury","Dark-Not Lighted","On Roadway - Driveway Intersection","Angle Crash","N Highland Ave Ne","Dry","19:30:00","[""Unknown"",""Unknown""]","Cloudy",0,33.773833,-84.352546,"Atlanta","FULTON","[""Motor Vehicle in Motion"",""Motor Vehicle in Motion""]","Failure to Yield","[""Motor Vehicle in Motion"",""Motor Vehicle in Motion""]"
0,0,"Atlanta Police Department","2022-12-22","Wieuca Rd Ne and Roswell Rd Ne","(O) No Injury","Daylight","On Roadway - Roadway Intersection","Angle Crash","Roswell Rd Ne","Dry","13:10:00","[""Unknown"",""Unknown"",""Unknown"",""Unknown""]","Clear",0,33.875713,-84.38051,"Atlanta","FULTON","[""Motor Vehicle in Motion"",""Motor Vehicle in Motion""]","[""Disregard Stop Sign/Signal"",""Disregard Stop Sign/Signal""]","[""Motor Vehicle in Motion"",""Motor Vehicle in Motion""]"
0,0,"Gsp Post 00","2022-12-22","I-75 South and Howell Mill Rd","(O) No Injury","Daylight","On Roadway - Non-Intersection","Rear End","I-75 South","Dry","15:41:00","[""Lap and Shoulder Belt Used"",""Lap and Shoulder Belt Used""]","Cloudy",0,33.804207,-84.4119,"Atlanta","FULTON","[""Motor Vehicle in Motion"",""Motor Vehicle in Motion""]","[""Inattentive or Other Distraction (Distracted)"",""Following Too Close""]","[""Motor Vehicle in Motion"",""Motor Vehicle in Motion""]"
0,0,"Atlanta Police Department","2022-12-22","None and I-75","(O) No Injury","Dark-Lighted","On Roadway - Non-Intersection","Rear End","I-75","Water (standing or moving)","20:35:00","[""Unknown"",""Unknown""]","Cloudy",0,33.774654,-84.390515,"Atlanta","FULTON","[""Motor Vehicle in Motion"",""Motor Vehicle in Motion""]","Following Too Close","[""Motor Vehicle in Motion"",""Motor Vehicle in Motion""]"
0,0,"Atlanta Police Department","2022-12-22","Columbia Commons Apartments and Martin Luther King Jr Dr Sw","(O) No Injury","Daylight","On Roadway - Non-Intersection","Angle Crash","Martin Luther King Jr Dr Sw","Dry","16:00:00","[""Lap and Shoulder Belt Used"",""Lap and Shoulder Belt Used""]","Clear",0,33.752478,-84.469209,"Atlanta","FULTON","[""Motor Vehicle in Motion"",""Motor Vehicle in Motion""]",,"[""Motor Vehicle in Motion"",""Motor Vehicle in Motion""]"
0,0,"Gsp Post 00","2022-12-22","Ga 13 and I-85 N","(C) Possible Injury / Complaint","Daylight","On Shoulder","Not a Collision with Motor Vehicle","I-85 N","Wet","08:15:00","[""Lap and Shoulder Belt Used"",""Lap and Shoulder Belt Used"",""Lap and Shoulder Belt Used""]","Rain",0,33.822981,-84.356166,"Atlanta","FULTON","[""Median Barrier"",""Motor Vehicle in Motion""]","[""Too Fast for Conditions"",""Driver Lost Control""]","[""Median Barrier"",""Motor Vehicle in Motion""]"
0,0,"Atlanta Police Department","2022-12-22","Travis St Nw and Northside Dr Nw","(O) No Injury","Dark-Lighted","On Roadway - Roadway Intersection","Sideswipe-Same Direction","Travis St Nw","Wet","00:02:00",,"Rain",0,33.772382,-84.408395,"Atlanta","FULTON","[""Motor Vehicle in Motion"",""Motor Vehicle in Motion""]",,"Parked Motor Vehicle"
0,0,"Gsp Post 00","2022-12-22","Edgewood and 7585 North","(O) No Injury","Daylight","On Roadway - Non-Intersection","Rear End","7585 North","Dry","10:15:00","[""Lap and Shoulder Belt Used"",""Lap and Shoulder Belt Used"",""Lap and Shoulder Belt Used"",""Lap and Shoulder Belt Used""]","Clear",0,33.751421,-84.38012,"Atlanta","FULTON","[""Motor Vehicle in Motion"",""Motor Vehicle in Motion"",""Motor Vehicle in Motion""]","Following Too Close","[""Motor Vehicle in Motion"",""Motor Vehicle in Motion"",""Motor Vehicle in Motion""]"