"# Serious Injuries","# Visible Injuries","Agency Name (Crash Level) ","Date","Intersection Name (from Crash Report)","KABCO Severity","Light Conditions (Crash Level)","Location at Impact (Crash Level) ","Manner of Collision (Crash Level) ","Roadway (From Crash Report)","Surface Condition (Crash Level) ","Time","Safety Equipment (Crash Level) ","Weather Conditions (Crash Level)","# of Fatalities per Crash","Latitude","Longitude","Geolocated City","Geolocated County","First Harmful Event (Unit Order)","Operator/Pedestrian Contrib Factor (excl None, Other, No Contrib Factors)","Most Harmful Event (Crash Level)"
0,0,"Gsp Post 00","2022-12-23","I-75 S and Peachtree St","(O) No Injury","Daylight","On Roadway - Non-Intersection","Rear End","I-75 S","Dry","16:15:00","[""Lap and Shoulder Belt Used"",""Lap and Shoulder Belt Used"",""Lap and Shoulder Belt Used"",""Lap and Shoulder Belt Used""]","Clear",0,33.76522,-84.38557,"Atlanta","FULTON","[""Motor Vehicle in Motion"",""Motor Vehicle in Motion"",""Motor Vehicle in Motion""]","Following Too Close","[""Motor Vehicle in Motion"",""Motor Vehicle in Motion"",""Motor Vehicle in Motion""]"
0,0,"Gsp Post 00","2022-12-23","I-20W and I-7585 Connector N Exit Ramp","(O) No Injury","Dusk","Entrance/Exit Ramp","Sideswipe-Same Direction","I-7585 Connector N Exit Ramp","Dry","17:15:00","[""Unknown"",""Lap and Shoulder Belt Used""]","Clear",0,33.744519,-84.414031,"Atlanta","FULTON","[""Motor Vehicle in Motion"",""Motor Vehicle in Motion""]","[""Disregard Police - Evasion"",""Reckless Driving""]","[""Motor Vehicle in Motion"",""Motor Vehicle in Motion""]"
0,0,"Atlanta Police Department","2022-12-23","Candler Rd Se and Memorial Dr Se","(O) No Injury","Daylight","On Roadway - Non-Intersection","Sideswipe-Same Direction","Memorial Dr Se","Dry","15:55:00","[""Unknown"",""Lap and Shoulder Belt Used"",""Unknown""]","Clear",0,33.747055,-84.292134,"Atlanta","DEKALB","[""Motor Vehicle in Motion"",""Motor Vehicle in Motion""]","Improper Passing","[""Motor Vehicle in Motion"",""Motor Vehicle in Motion""]"
0,0,"Atlanta Police Department","2022-12-23","Park St Sw and Joseph E Lowery Blvd Sw","(O) No Injury","Daylight","On Roadway - Roadway Intersection","Sideswipe-Same Direction","Joseph E Lowery Blvd Sw","Dry","08:45:00","[""Unknown"",""Unknown""]","Clear",0,33.741902,-84.417656,"Atlanta","FULTON","[""Motor Vehicle in Motion"",""Motor Vehicle in Motion""]","Improper Turn","[""Motor Vehicle in Motion"",""Motor Vehicle in Motion""]"
0,0,"Atlanta Police Department","2022-12-23","I-285 and Bolton Rd Nw","(O) No Injury","Dark-Not Lighted","On Roadway - Non-Intersection","Not a Collision with Motor Vehicle","I-285","Wet","01:21:00","Unknown","Rain",0,33.799014,-84.488275,"Atlanta","FULTON","Motor Vehicle in Motion",,"Motor Vehicle in Motion"
0,0,"Atlanta Police Department","2022-12-23","Boulevard Se and Memorial Dr Se","(O) No Injury","Dark-Lighted","On Roadway - Roadway Intersection","Angle Crash","Boulevard Se","Water (standing or moving)","02:35:00","[""Unknown"",""Lap and Shoulder Belt Used""]","Rain",0,33.746695,-84.368096,"Atlanta","FULTON","[""Motor Vehicle in Motion"",""Motor Vehicle in Motion""]","Disregard Other Traffic Control","Motor Vehicle in Motion"
0,0,"Atlanta Police Department","2022-12-23","Bolton Rd Nw and Parrott Ave Nw","(O) No Injury","Dark-Lighted","Off Roadway","Not a Collision with Motor Vehicle","Bolton Rd Nw","Wet","01:46:00","Lap and Shoulder Belt Used","Rain",0,33.81044,-84.477931,"Atlanta","FULTON","Utility Pole","Misjudged Clearance","Motor Vehicle in Motion"
0,0,"Atlanta Police Department","2022-12-23","I-20 E and Moreland Ave Se","(O) No Injury","Dark-Lighted","On Roadway - Non-Intersection","Rear End","Moreland Ave Se","Dry","19:00:00","[""Unknown"",""Unknown"",""Unknown""]","Clear",0,33.745383,-84.349237,"Atlanta","FULTON","[""Motor Vehicle in Motion"",""Motor Vehicle in Motion""]","Following Too Close","[""Motor Vehicle in Motion"",""Motor Vehicle in Motion""]"
0,1,"Atlanta Police Department","2022-12-23","10Th St Ne and Piedmont Ave Ne","(B) Suspected Minor/Visible Injury","Dark-Lighted","On Roadway - Non-Intersection","Rear End","10Th St Ne","Dry","02:15:00","[""Unknown"",""Lap and Shoulder Belt Used""]","Clear",0,33.781783,-84.380217,"Atlanta","FULTON","[""Parked Motor Vehicle"",""Motor Vehicle in Motion""]","Following Too Close","[""Parked Motor Vehicle"",""Motor Vehicle in Motion""]"
0,0,"Atlanta Police Department","2022-12-23","I-75 S and Howell Mill Rd Nw","(O) No Injury","Daylight","Entrance/Exit Ramp","Sideswipe-Same Direction","Howell Mill Rd Nw","Dry","12:45:00","[""Lap Belt Only Used"",""Lap and Shoulder Belt Used""]","Clear",0,33.804814,-84.413464,"Atlanta","FULTON","[""Motor Vehicle in Motion"",""Motor Vehicle in Motion""]","[""Failure to Yield"",""Failure to Yield""]","[""Motor Vehicle in Motion"",""Motor Vehicle in Motion""]"
0,0,"Atlanta Police Department","2022-12-23","None and Flat Shoals Rd Se","(C) Possible Injury / Complaint","Daylight","On Roadway - Non-Intersection","Rear End","Flat Shoals Rd Se","Ice/Frost","08:35:00","[""Lap and Shoulder Belt Used"",""Unknown""]","Clear",0,33.727496,-84.325073,"Atlanta","DEKALB","[""Motor Vehicle in Motion"",""Parked Motor Vehicle""]","Vision Obscured","[""Motor Vehicle in Motion"",""Parked Motor Vehicle""]"
0,0,"Atlanta Police Department","2022-12-23","Piedmont Rd Ne and E Paces Ferry Rd Ne","(C) Possible Injury / Complaint","Dark-Lighted","On Roadway - Roadway Intersection","Rear End","Piedmont Rd Ne","Dry","23:27:00","[""Lap and Shoulder Belt Used"",""Lap and Shoulder Belt Used""]","Clear",0,33.838906,-84.368985,"Atlanta","FULTON","[""Motor Vehicle in Motion"",""Motor Vehicle in Motion""]","Failure to Yield","[""Motor Vehicle in Motion"",""Motor Vehicle in Motion""]"
0,0,"Atlanta Police Department","2022-12-23","Moreland Ave Ne and Ponce De Leon Ave Ne","(O) No Injury","Daylight","On Roadway - Roadway Intersection","Angle Crash","Ponce De Leon Ave Ne","Dry","07:20:00","[""Unknown"",""Unknown""]","Clear",0,33.773834,-84.349122,"Atlanta","FULTON","[""Motor Vehicle in Motion"",""Motor Vehicle in Motion""]","Changed Lanes Improperly","[""Motor Vehicle in Motion"",""Motor Vehicle in Motion""]"
0,0,"Atlanta Police Department","2022-12-23","Wieuca Rd Ne and Roswell Rd Ne","(O) No Injury","Daylight","On Roadway - Roadway Intersection","Angle Crash","Wieuca Rd Ne","Dry","14:02:00","[""Unknown"",""Unknown"",""Unknown""]","Clear",0,33.875713,-84.38051,"Atlanta","FULTON","[""Motor Vehicle in Motion"",""Motor Vehicle in Motion""]","Failure to Yield","[""Motor Vehicle in Motion"",""Motor Vehicle in Motion""]"
0,0,"Atlanta Police Department","2022-12-23","I-75 N and Northside Pkwy Nw","(O) No Injury","Daylight","On Roadway - Non-Intersection","Angle Crash","Northside Pkwy Nw","Dry","12:44:00","[""Lap and Shoulder Belt Used"",""Lap and Shoulder Belt Used"",""Lap and Shoulder Belt Used""]","Clear",0,33.861886,-84.435933,"Atlanta","FULTON","[""Motor Vehicle in Motion"",""Motor Vehicle in Motion""]","[""Changed Lanes Improperly"",""Misjudged Clearance""]","[""Motor Vehicle in Motion"",""Motor Vehicle in Motion""]"
0,0,"Atlanta Police Department","2022-12-23","None and I-75","(O) No Injury","Dark-Not Lighted","On Roadway - Non-Intersection","Not a Collision with Motor Vehicle","I-75","Water (standing or moving)","04:30:00","Unknown","Rain",0,33.804816,-84.412699,"Atlanta","FULTON","Motor Vehicle in Motion",,"Motor Vehicle in Motion"
0,0,"Gsp Post 00","2022-12-23","I-75Sb and Deering Rd","(O) No Injury","Dark-Lighted","On Roadway - Non-Intersection","Rear End","I-75Sb","Dry","19:00:00","[""Lap and Shoulder Belt Used"",""Lap and Shoulder Belt Used""]","Clear",0,33.797943,-84.395836,"Atlanta","FULTON","[""Motor Vehicle in Motion"",""Motor Vehicle in Motion""]","Following Too Close","[""Motor Vehicle in Motion"",""Motor Vehicle in Motion""]"
0,0,"Atlanta Police Department","2022-12-23","10Th St Nw and Williams St Nw","(O) No Injury","Dark-Lighted","On Roadway - Roadway Intersection","Rear End","10Th St Nw","Wet","02:00:00","[""Lap and Shoulder Belt Used"",""Lap and Shoulder Belt Used""]","Rain",0,33.781511,-84.390541,"Atlanta","FULTON","[""Motor Vehicle in Motion"",""Motor Vehicle in Motion""]",,"[""Motor Vehicle in Motion"",""Motor Vehicle in Motion""]"
0,0,"Atlanta Police Department","2022-12-23","Peachtree St Ne and Ponce De Leon Ave Ne","(O) No Injury","Daylight","On Roadway - Roadway Intersection","Angle Crash","Peachtree St Ne","Dry","16:40:00","[""Unknown"",""Unknown""]","Clear",0,33.772241,-84.384912,"Atlanta","FULTON","[""Motor Vehicle in Motion"",""Motor Vehicle in Motion""]","[""Improper Turn"",""Changed Lanes Improperly"",""Driver Lost Control""]","[""Motor Vehicle in Motion"",""Motor Vehicle in Motion""]"
0,0,"Atlanta Police Department","2022-12-23","Lenox Rd Ne and Buford Hwy Ne","(O) No Injury","Dark-Lighted","On Roadway - Non-Intersection","Rear End","Buford Hwy Ne","Dry","20:07:00","[""Unknown"",""Unknown"",""Shoulder Belt Only Used"",""Unknown"",""Unknown"",""Unknown"",""Unknown""]","Clear",0,33.825501,-84.353387,"Atlanta","FULTON","[""Motor Vehicle in Motion"",""Motor Vehicle in Motion""]","Changed Lanes Improperly","[""Motor Vehicle in Motion"",""Motor Vehicle in Motion""]"
0,0,"Atlanta Police Department","2022-12-23","Lenox Rd Ne and Wright Ave Ne","(O) No Injury","Dark-Lighted","On Roadway - Roadway Intersection","Angle Crash","Lenox Rd Ne","Dry","16:00:00","[""Unknown"",""Unknown""]","Clear",0,33.846707,-84.35936,"Atlanta","FULTON","[""Motor Vehicle in Motion"",""Motor Vehicle in Motion""]",,"[""Motor Vehicle in Motion"",""Motor Vehicle in Motion""]"
0,0,"Gsp Post 00","2022-12-23","Lee St and Westview Dr","(O) No Injury","Daylight","On Roadway - Non-Intersection","Rear End","Lee St","Dry","17:17:00","[""Unknown"",""Lap and Shoulder Belt Used"",""Lap and Shoulder Belt Used""]","Clear",0,33.744357,-84.413962,"Atlanta","FULTON","[""Motor Vehicle in Motion"",""Motor Vehicle in Motion""]","Following Too Close","[""Motor Vehicle in Motion"",""Motor Vehicle in Motion""]"
0,0,"Atlanta Police Department","2022-12-23","Capitol Ave Se and Mcdonough Blvd Se","(O) No Injury","Daylight","On Roadway - Non-Intersection","Rear End","Mcdonough Blvd Se","Dry","04:00:00","[""Unknown"",""Lap and Shoulder Belt Used""]","Clear",0,33.721445,-84.387903,"Atlanta","FULTON","[""Motor Vehicle in Motion"",""Motor Vehicle in Motion""]",,"[""Motor Vehicle in Motion"",""Motor Vehicle in Motion""]"
0,0,"Atlanta Police Department","2022-12-23","Camp Creek Pkwy Sw and Princeton Lakes Pkwy","(O) No Injury","Dark-Lighted","On Roadway - Roadway Intersection","Rear End","Camp Creek Pkwy Sw","Dry","20:00:00","[""Unknown"",""Unknown""]","Clear",0,33.65552,-84.513104,"Atlanta","FULTON","[""Motor Vehicle in Motion"",""Motor Vehicle in Motion""]","Following Too Close","[""Motor Vehicle in Motion"",""Motor Vehicle in Motion""]"
0,0,"Atlanta Police Department","2022-12-23","Ponce De Leon Ave Ne and S Ponce De Leon Ave Ne","(O) No Injury","Dark-Lighted","On Roadway - Non-Intersection","Angle Crash","Ponce De Leon Ave Ne","Dry","12:00:00","[""Unknown"",""Unknown"",""Unknown""]","Clear",0,33.773868,-84.348577,"Atlanta","DEKALB","[""Motor Vehicle in Motion"",""Motor Vehicle in Motion"",""Motor Vehicle in Motion""]","Changed Lanes Improperly","[""Motor Vehicle in Motion"",""Motor Vehicle in Motion"",""Motor Vehicle in Motion""]"
0,0,"Atlanta Police Department","2022-12-23","Lenox Pkwy and Peachtree Rd Ne","(O) No Injury","Dark-Lighted","On Roadway - Non-Intersection","Head On","Peachtree Rd Ne","Dry","21:00:00","[""Unknown"",""Unknown"",""Unknown""]","Clear",0,33.848994,-84.364344,"Atlanta","FULTON","[""Motor Vehicle in Motion"",""Motor Vehicle in Motion""]","Following Too Close","[""Motor Vehicle in Motion"",""Motor Vehicle in Motion""]"
0,0,"Gsp Post 00","2022-12-23","I-75Sb and Northside Dr","(O) No Injury","Daylight","On Roadway - Non-Intersection","Rear End","I-75Sb","Dry","12:50:00","[""Lap and Shoulder Belt Used"",""Lap and Shoulder Belt Used""]","Clear",0,33.797081,-84.394704,"Atlanta","FULTON","[""Motor Vehicle in Motion"",""Motor Vehicle in Motion""]","Following Too Close","[""Motor Vehicle in Motion"",""Motor Vehicle in Motion""]"
0,0,"Gsp Post 00","2022-12-23","I-285Sb and Donald Lee Hollowell Parkway","(C) Possible Injury / Complaint","Daylight","Gore","Rear End","I-285Sb","Dry","14:12:00","Lap and Shoulder Belt Used","Clear",0,33.783947,-84.4954,"Atlanta","FULTON","[""Parked Motor Vehicle"",""Motor Vehicle in Motion""]",,"[""Parked Motor Vehicle"",""Motor Vehicle in Motion""]"
0,0,"Gsp Post 00","2022-12-23","I-20 W and Northside Dr","(O) No Injury","Daylight","On Shoulder","Sideswipe-Same Direction","I-20 W","Dry","17:12:00","[""Unknown"",""Unknown""]","Clear",0,33.681102,-84.398682,"Atlanta","FULTON","[""Motor Vehicle in Motion"",""Motor Vehicle in Motion""]","[""Reckless Driving"",""Disregard Police - Evasion""]","[""Median Barrier"",""Motor Vehicle in Motion""]"
0,0,"Atlanta Police Department","2022-12-23","Ridgeway Ave Nw and Howell Mill Rd Nw","(C) Possible Injury / Complaint","Daylight","On Roadway - Non-Intersection","Rear End","Howell Mill Rd Nw","Dry","11:45:00","[""Lap and Shoulder Belt Used"",""Lap and Shoulder Belt Used""]","Clear",0,33.802622,-84.414746,"Atlanta","FULTON","[""Motor Vehicle in Motion"",""Motor Vehicle in Motion""]","Following Too Close","[""Motor Vehicle in Motion"",""Motor Vehicle in Motion""]"
0,0,"Atlanta Police Department","2022-12-23","I-75 and 10Th St Nw","(C) Possible Injury / Complaint","Dark-Lighted","On Roadway - Non-Intersection","Not a Collision with Motor Vehicle","I-75","Dry","19:50:00","Unknown","Clear",0,33.781185,-84.391216,"Atlanta","FULTON","Motor Vehicle in Motion","[""Too Fast for Conditions"",""Changed Lanes Improperly"",""Under the Influence (U.I.)""]","Motor Vehicle in Motion"
0,0,"Atlanta Police Department","2022-12-23","Martin Luther King Jr Dr Se and Martin Luther King Jr Dr Se Exit 247","(O) No Injury","Daylight","On Roadway - Non-Intersection","Rear End","Martin Luther King Jr Dr Se Exit 247","Dry","14:43:00","[""Unknown"",""Unknown""]","Clear",0,33.74843,-84.38551,"Atlanta","FULTON","[""Motor Vehicle in Motion"",""Motor Vehicle in Motion""]","Following Too Close","[""Motor Vehicle in Motion"",""Motor Vehicle in Motion""]"
0,0,"Gsp Post 00","2022-12-23","Mlk and I-7585 Sb","(O) No Injury","Daylight","On Roadway - Non-Intersection","Rear End","I-7585 Sb","Dry","12:44:00","[""Lap and Shoulder Belt Used"",""Lap and Shoulder Belt Used"",""Lap and Shoulder Belt Used""]","Clear",0,33.750721,-84.38143,"Atlanta","FULTON","[""Motor Vehicle in Motion"",""Motor Vehicle in Motion""]","Following Too Close","[""Motor Vehicle in Motion"",""Motor Vehicle in Motion""]"
0,0,"Atlanta Police Department","2022-12-23","None and I-75","(O) No Injury","Daylight","On Roadway - Non-Intersection","Sideswipe-Same Direction","I-75","Dry","09:41:00","[""Unknown"",""Unknown""]","Clear",0,33.748919,-84.383913,"Atlanta","FULTON","[""Motor Vehicle in Motion"",""Motor Vehicle in Motion""]","Changed Lanes Improperly","Motor Vehicle in Motion"
0,0,"Atlanta Police Department","2022-12-23","Heard Pl Sw and University Ave Sw","(O) No Injury","Daylight","On Roadway - Non-Intersection","Angle Crash","University Ave Sw","Dry","12:39:00","[""Unknown"",""Lap and Shoulder Belt Used""]","Clear",0,33.722177,-84.406592,"Atlanta","FULTON","[""Motor Vehicle in Motion"",""Motor Vehicle in Motion""]",,"[""Motor Vehicle in Motion"",""Motor Vehicle in Motion""]"
0,0,"Atlanta Police Department","2022-12-23","Exit 1A and Sidney Marcus Blvd Ne","(O) No Injury","Daylight","On Roadway - Roadway Intersection","Angle Crash","Sidney Marcus Blvd Ne","Dry","14:25:00","[""Lap and Shoulder Belt Used"",""Lap and Shoulder Belt Used""]","Clear",0,33.82547,-84.360598,"Atlanta","FULTON","[""Motor Vehicle in Motion"",""Motor Vehicle in Motion""]","Disregard Other Traffic Control","[""Motor Vehicle in Motion"",""Motor Vehicle in Motion""]"
0,0,"Atlanta Police Department","2022-12-23","Lenox Rd and Piedmont Rd Ne","(O) No Injury","Dark-Lighted","On Roadway - Roadway Intersection","Rear End","Piedmont Rd Ne","Dry","18:43:00","[""Unknown"",""Unknown"",""Unknown""]","Clear",0,33.848323,-84.37386,"Atlanta","FULTON","[""Motor Vehicle in Motion"",""Motor Vehicle in Motion""]","Following Too Close","[""Motor Vehicle in Motion"",""Motor Vehicle in Motion""]"
0,0,"Atlanta Police Department","2022-12-23","14Th St Nw and Williams St Nw","(O) No Injury","Daylight","On Roadway - Roadway Intersection","Angle Crash","14Th St Nw","Dry","06:49:00","[""Lap and Shoulder Belt Used"",""Unknown""]","Clear",0,33.786698,-84.390402,"Atlanta","FULTON","[""Motor Vehicle in Motion"",""Motor Vehicle in Motion""]","Disregard Other Traffic Control","[""Motor Vehicle in Motion"",""Motor Vehicle in Motion""]"
0,0,"Atlanta Police Department","2022-12-23","Lenox Pkwy and Peachtree Rd Ne","(O) No Injury","Daylight","On Roadway - Driveway Intersection","Sideswipe-Same Direction","Peachtree Rd Ne","Dry","18:00:00","[""Unknown"",""Lap and Shoulder Belt Used""]","Clear",0,33.848951,-84.365083,"Atlanta","FULTON","[""Motor Vehicle in Motion"",""Motor Vehicle in Motion""]","Changed Lanes Improperly","[""Motor Vehicle in Motion"",""Motor Vehicle in Motion""]"
0,0,"Gsp Post 00","2022-12-23","I-20 East and Maynard Terrace","(C) Possible Injury / Complaint","Dark-Lighted","On Shoulder","Sideswipe-Same Direction","I-20 East","Dry","20:07:00","[""Unknown"",""Lap and Shoulder Belt Used""]","Clear",0,33.743745,-84.332861,"Atlanta","DEKALB","[""Motor Vehicle in Motion"",""Motor Vehicle in Motion""]","Under the Influence (U.I.)","[""Motor Vehicle in Motion"",""Motor Vehicle in Motion""]"
0,0,"Atlanta Police Department","2022-12-23","Beecher St Sw and Donnelly Ave Sw","(O) No Injury","Daylight","On Roadway - Non-Intersection","Rear End","Donnelly Ave Sw","Dry","14:40:00","[""Lap and Shoulder Belt Used"",""Lap and Shoulder Belt Used""]","Clear",0,33.73333,-84.427399,"Atlanta","FULTON","[""Motor Vehicle in Motion"",""Motor Vehicle in Motion""]",,"[""Motor Vehicle in Motion"",""Motor Vehicle in Motion""]"
0,0,"Gsp Post 00","2022-12-23","I-285 N and Donald Lee Hollowell Pkwy","(O) No Injury","Daylight","On Roadway - Non-Intersection","Sideswipe-Same Direction","I-285 N","Dry","12:51:00","[""Lap and Shoulder Belt Used"",""Lap and Shoulder Belt Used""]","Clear",0,33.783216,-84.495524,"Atlanta","FULTON","[""Motor Vehicle in Motion"",""Motor Vehicle in Motion""]",,"[""Motor Vehicle in Motion"",""Motor Vehicle in Motion""]"
0,0,"Atlanta Police Department","2022-12-23","Joseph E Lowery Blvd Sw and Martin Luther King Jr Dr Nw","(O) No Injury","Daylight","On Roadway - Roadway Intersection","Angle Crash","Martin Luther King Jr Dr Nw","Dry","08:50:00","[""Lap and Shoulder Belt Used"",""Child Restraint System (Properly Used)"",""Lap and Shoulder Belt Used"",""Lap and Shoulder Belt Used""]","Clear",0,33.754729,-84.417526,"Atlanta","FULTON","[""Motor Vehicle in Motion"",""Motor Vehicle in Motion""]","Disregard Stop Sign/Signal","[""Motor Vehicle in Motion"",""Motor Vehicle in Motion""]"
0,0,"Atlanta Police Department","2022-12-23","None and Monroe Dr Ne","(O) No Injury","Daylight","On Roadway - Non-Intersection","Rear End","Monroe Dr Ne","Dry","13:45:00","[""Unknown"",""Unknown""]","Clear",0,33.774341,-84.370906,"Atlanta","FULTON","[""Motor Vehicle in Motion"",""Motor Vehicle in Motion""]",,"[""Motor Vehicle in Motion"",""Motor Vehicle in Motion""]"
0,0,"Gsp Post 00","2022-12-23","Hill St and I-20 Wb","(O) No Injury","Daylight","On Roadway - Non-Intersection","Rear End","I-20 Wb","Dry","12:50:00","[""Lap and Shoulder Belt Used"",""Lap and Shoulder Belt Used""]","Clear",0,33.745175,-84.39013,"Atlanta","FULTON","[""Motor Vehicle in Motion"",""Motor Vehicle in Motion""]","Following Too Close","[""Motor Vehicle in Motion"",""Motor Vehicle in Motion""]"
0,0,"Atlanta Police Department","2022-12-23","Cascade Ave Sw and Ralph David Abernathy Blvd Sw","(O) No Injury","Daylight","Off Roadway","Sideswipe-Same Direction","Cascade Ave Sw","Dry","17:00:00","[""Lap and Shoulder Belt Used"",""Lap and Shoulder Belt Used""]","Clear",0,33.738683,-84.434028,"Atlanta","FULTON","[""Motor Vehicle in Motion"",""Motor Vehicle in Motion""]","Improper Passing","[""Motor Vehicle in Motion"",""Motor Vehicle in Motion""]"
0,0,"Atlanta Police Department","2022-12-23","I-20 E and Moreland Ave Se","(O) No Injury","Dusk","On Roadway - Non-Intersection","Rear End","Moreland Ave Se","Dry","17:00:00","[""Unknown"",""Unknown""]","Clear",0,33.745401,-84.349237,"Atlanta","FULTON","[""Motor Vehicle in Motion"",""Motor Vehicle in Motion""]","Following Too Close","[""Motor Vehicle in Motion"",""Motor Vehicle in Motion""]"
0,0,"Atlanta Police Department","2022-12-23","North Ave Nw and Northside Dr Nw","(C) Possible Injury / Complaint","Daylight","On Roadway - Roadway Intersection","Angle Crash","Northside Dr Nw","Dry","09:20:00","[""Lap and Shoulder Belt Used"",""Lap and Shoulder Belt Used"",""Lap and Shoulder Belt Used""]","Clear",0,33.770004,-84.404676,"Atlanta","FULTON","[""Motor Vehicle in Motion"",""Motor Vehicle in Motion""]","Disregard Stop Sign/Signal","[""Motor Vehicle in Motion"",""Motor Vehicle in Motion""]"
0,0,"Atlanta Police Department","2022-12-23","Logan Ln Sw and Delowe Dr Sw","(O) No Injury","Dark-Lighted","Off Roadway","Not a Collision with Motor Vehicle","Delowe Dr Sw","Wet","03:30:00","[""Lap and Shoulder Belt Used"",""Lap and Shoulder Belt Used""]","Clear",0,33.713056,-84.464393,"Atlanta","FULTON","Guard Rail Face","[""Under the Influence (U.I.)"",""Driver Lost Control""]","Guard Rail Fence"
0,0,"Gsp Post 00","2022-12-23","I-75 N and Fulton St","(O) No Injury","Daylight","On Roadway - Non-Intersection","Rear End","I-75 N","Dry","12:27:00","[""Lap and Shoulder Belt Used"",""Lap and Shoulder Belt Used"",""Lap and Shoulder Belt Used"",""Lap and Shoulder Belt Used""]","Clear",0,33.735967,-84.391873,"Atlanta","FULTON","[""Motor Vehicle in Motion"",""Motor Vehicle in Motion""]","Following Too Close","[""Motor Vehicle in Motion"",""Motor Vehicle in Motion""]"
0,0,"Atlanta Police Department","2022-12-24","None and I-75","(O) No Injury","Dark-Lighted","On Roadway - Non-Intersection","Rear End","I-75","Dry","18:07:00","[""Unknown"",""Unknown"",""Unknown"",""Unknown"",""Unknown""]","Clear",0,33.748776,-84.384216,"Atlanta","FULTON","[""Motor Vehicle in Motion"",""Motor Vehicle in Motion"",""Motor Vehicle in Motion""]","[""Changed Lanes Improperly"",""Following Too Close""]","[""Motor Vehicle in Motion"",""Motor Vehicle in Motion"",""Motor Vehicle in Motion""]"
0,1,"Atlanta Police Department","2022-12-24","Oakview Rd Se and Hosea L Williams Dr Ne","(B) Suspected Minor/Visible Injury","Dark-Lighted","On Roadway - Non-Intersection","Not a Collision with Motor Vehicle","Hosea L Williams Dr Ne","Dry","00:04:00","Unknown","Clear",0,33.751206,-84.322275,"Atlanta","DEKALB","Motor Vehicle in Motion",,"Motor Vehicle in Motion"
0,0,"Atlanta Police Department","2022-12-24","I-75 and Exit 246","(O) No Injury","Daylight","Entrance/Exit Ramp","Sideswipe-Same Direction","I-75","Dry","17:19:00","[""Unknown"",""Unknown""]","Clear",0,33.745643,-84.389506,"Atlanta","FULTON","[""Motor Vehicle in Motion"",""Motor Vehicle in Motion""]","[""Changed Lanes Improperly"",""Changed Lanes Improperly""]","[""Motor Vehicle in Motion"",""Motor Vehicle in Motion""]"
0,0,"Atlanta Police Department","2022-12-24","None and I-75","(O) No Injury","Dark-Not Lighted","On Roadway - Non-Intersection","Angle Crash","I-75","Dry","02:30:00","[""Lap and Shoulder Belt Used"",""Lap and Shoulder Belt Used""]","Clear",0,33.698591,-84.404705,"Atlanta","FULTON","[""Motor Vehicle in Motion"",""Motor Vehicle in Motion""]","Following Too Close","[""Motor Vehicle in Motion"",""Motor Vehicle in Motion""]"
0,0,"Atlanta Police Department","2022-12-24","Barge Rd Sw and Campbellton Rd Sw","(C) Possible Injury / Complaint","Daylight","On Roadway - Roadway Intersection","Rear End","Campbellton Rd Sw","Dry","18:26:00","[""Unknown"",""Unknown"",""Unknown""]","Clear",0,33.690161,-84.506432,"Atlanta","FULTON","[""Motor Vehicle in Motion"",""Motor Vehicle in Motion""]","Following Too Close","[""Motor Vehicle in Motion"",""Motor Vehicle in Motion""]"
0,0,"Atlanta Police Department","2022-12-24","Memorial Dr Se and Moreland Ave Se","(C) Possible Injury / Complaint","Dark-Not Lighted","On Roadway - Roadway Intersection","Sideswipe-Opposite Direction","Memorial Dr Se","Dry","23:45:00","[""Lap and Shoulder Belt Used"",""Lap and Shoulder Belt Used"",""Lap and Shoulder Belt Used""]","Clear",0,33.747581,-84.349194,"Atlanta","DEKALB","[""Motor Vehicle in Motion"",""Motor Vehicle in Motion""]",,"[""Motor Vehicle in Motion"",""Motor Vehicle in Motion""]"
0,0,"Atlanta Police Department","2022-12-24","Lenox Rd Ne and Ferncliff Rd Ne","(O) No Injury","Dark-Lighted","On Roadway - Roadway Intersection","Rear End","Lenox Rd Ne","Dry","19:18:00","[""Lap and Shoulder Belt Used"",""Lap and Shoulder Belt Used""]","Clear",0,33.843614,-84.358145,"Atlanta","FULTON","[""Motor Vehicle in Motion"",""Motor Vehicle in Motion""]",,"[""Motor Vehicle in Motion"",""Motor Vehicle in Motion""]"
0,0,"Atlanta Police Department","2022-12-24","None and I-75","(O) No Injury","Daylight","On Roadway - Non-Intersection","Rear End","I-75","Other","15:30:00","[""Unknown"",""Unknown""]","Clear",0,33.763433,-84.383033,"Atlanta","FULTON","[""Motor Vehicle in Motion"",""Motor Vehicle in Motion""]",,"Motor Vehicle in Motion"
0,0,"Atlanta Police Department","2022-12-24","Ga-400 and Sidney Marcus Blvd Ne","(O) No Injury","Daylight","On Roadway - Roadway Intersection","Angle Crash","Ga-400","Dry","06:40:00","[""Unknown"",""Unknown""]","Clear",0,33.825203,-84.359636,"Atlanta","FULTON","[""Motor Vehicle in Motion"",""Motor Vehicle in Motion""]","Misjudged Clearance","[""Motor Vehicle in Motion"",""Motor Vehicle in Motion""]"
0,0,"Atlanta Police Department","2022-12-24","Springdale Rd Sw and Cleveland Ave Sw","(O) No Injury","Dark-Lighted","On Roadway - Roadway Intersection","Rear End","Cleveland Ave Sw","Dry","19:00:00","[""Lap and Shoulder Belt Used"",""Lap and Shoulder Belt Used""]","Clear",0,33.681388,-84.41527,"Atlanta","FULTON","[""Motor Vehicle in Motion"",""Motor Vehicle in Motion""]","[""Following Too Close"",""Following Too Close""]","[""Motor Vehicle in Motion"",""Motor Vehicle in Motion""]"