"# Serious Injuries","# Visible Injuries","Agency Name (Crash Level) ","Date","Intersection Name (from Crash Report)","KABCO Severity","Light Conditions (Crash Level)","Location at Impact (Crash Level) ","Manner of Collision (Crash Level) ","Roadway (From Crash Report)","Surface Condition (Crash Level) ","Time","Safety Equipment (Crash Level) ","Weather Conditions (Crash Level)","# of Fatalities per Crash","Latitude","Longitude","Geolocated City","Geolocated County","First Harmful Event (Unit Order)","Operator/Pedestrian Contrib Factor (excl None, Other, No Contrib Factors)","Most Harmful Event (Crash Level)"
0,1,"Atlanta Police Department","2022-12-24","None and I-75","(B) Suspected Minor/Visible Injury","Daylight","On Roadway - Non-Intersection","Sideswipe-Same Direction","I-75","Dry","16:41:00","[""Unknown"",""Unknown""]","Clear",0,33.744741,-84.390657,"Atlanta","FULTON","[""Motor Vehicle in Motion"",""Motor Vehicle in Motion""]","Changed Lanes Improperly","[""Motor Vehicle in Motion"",""Motor Vehicle in Motion""]"
0,0,"Atlanta Police Department","2022-12-24","Bell St Ne and Auburn Ave Ne","(C) Possible Injury / Complaint","Daylight","On Roadway - Roadway Intersection","Angle Crash","Auburn Ave Ne","Dry","12:00:00","[""Lap and Shoulder Belt Used"",""Lap and Shoulder Belt Used"",""Lap and Shoulder Belt Used""]","Clear",0,33.755531,-84.379406,"Atlanta","FULTON","[""Motor Vehicle in Motion"",""Motor Vehicle in Motion""]","Disregard Stop Sign/Signal","[""Motor Vehicle in Motion"",""Motor Vehicle in Motion""]"
0,0,"Atlanta Police Department","2022-12-24","Monroe Dr Ne and Piedmont Ave Ne","(C) Possible Injury / Complaint","Dark-Lighted","On Roadway - Roadway Intersection","Angle Crash","Monroe Dr Ne","Water (standing or moving)","19:58:00","[""Unknown"",""Unknown"",""Unknown""]","Clear",0,33.797038,-84.369039,"Atlanta","FULTON","[""Motor Vehicle in Motion"",""Motor Vehicle in Motion"",""Motor Vehicle in Motion"",""Motor Vehicle in Motion""]","[""Aggressive Driving"",""Under the Influence (U.I.)"",""Disregard Other Traffic Control""]","[""Motor Vehicle in Motion"",""Motor Vehicle in Motion"",""Motor Vehicle in Motion"",""Motor Vehicle in Motion""]"
0,0,"Atlanta Police Department","2022-12-24","Huff Rd Nw and N Ashby St Nw","(O) No Injury","Dark-Lighted","On Roadway - Roadway Intersection","Angle Crash","Huff Rd Nw","Dry","00:00:00","[""None Used"",""None Used""]","Clear",0,33.788479,-84.417107,"Atlanta","FULTON","[""Motor Vehicle in Motion"",""Motor Vehicle in Motion""]",,"[""Motor Vehicle in Motion"",""Motor Vehicle in Motion""]"
0,0,"Atlanta Police Department","2022-12-24","Peachtree Rd Ne and W Shadowlawn Ave Ne","(O) No Injury","Dark-Lighted","On Roadway - Non-Intersection","Sideswipe-Same Direction","Peachtree Rd Ne","Dry","01:46:00","[""Lap and Shoulder Belt Used"",""Lap and Shoulder Belt Used""]","Clear",0,33.842434,-84.373379,"Atlanta","FULTON","[""Motor Vehicle in Motion"",""Motor Vehicle in Motion""]","[""Misjudged Clearance"",""Changed Lanes Improperly""]","[""Motor Vehicle in Motion"",""Motor Vehicle in Motion""]"
0,0,"Atlanta Police Department","2022-12-24","I-85 S and 17Th St Nw","(O) No Injury","Dawn","Median","Not a Collision with Motor Vehicle","17Th St Nw","Dry","07:45:00","Lap and Shoulder Belt Used","Clear",0,33.791478,-84.392027,"Atlanta","FULTON","Motor Vehicle in Motion","Driver Lost Control","Median Barrier"
0,0,"Atlanta Police Department","2022-12-24","I-75 S and I-75 Exit 242","(O) No Injury","Dark-Lighted","On Roadway - Non-Intersection","Angle Crash","I-75 Exit 242","Dry","01:45:00","[""Unknown"",""Unknown"",""Unknown""]","Clear",0,33.693208,-84.403748,"Atlanta","FULTON","[""Motor Vehicle in Motion"",""Motor Vehicle in Motion""]","Driver Lost Control","[""Motor Vehicle in Motion"",""Motor Vehicle in Motion""]"
0,0,"Atlanta Police Department","2022-12-24","None and W Marietta St Nw","(O) No Injury","Daylight","On Roadway - Non-Intersection","Angle Crash","W Marietta St Nw","Ice/Frost","13:10:00","[""Lap and Shoulder Belt Used"",""Lap and Shoulder Belt Used""]","Clear",0,33.781046,-84.415894,"Atlanta","FULTON","[""Motor Vehicle in Motion"",""Motor Vehicle in Motion""]","Failure to Yield","[""Motor Vehicle in Motion"",""Motor Vehicle in Motion""]"
0,0,"Atlanta Police Department","2022-12-24","Morris Brown Dr Sw and Martin Luther King Jr Dr Nw","(C) Possible Injury / Complaint","Dark-Lighted","Off Roadway","Not a Collision with Motor Vehicle","Martin Luther King Jr Dr Nw","Ice/Frost","02:45:00","[""Unknown"",""Unknown"",""Unknown""]","Clear",0,33.753897,-84.424976,"Atlanta","FULTON","Other - Fixed Object","Too Fast for Conditions","Motor Vehicle in Motion"
0,0,"Atlanta Police Department","2022-12-24","None and Falcon Dr Sw","(O) No Injury","Dark-Lighted","On Roadway - Non-Intersection","Rear End","Falcon Dr Sw","Dry","19:00:00","[""Lap and Shoulder Belt Used"",""Lap and Shoulder Belt Used""]","Clear",0,33.73137,-84.47541,"Atlanta","FULTON","[""Motor Vehicle in Motion"",""Motor Vehicle in Motion""]","[""Following Too Close"",""Misjudged Clearance""]","[""Motor Vehicle in Motion"",""Motor Vehicle in Motion""]"
0,0,"Atlanta Police Department","2022-12-24","Lenox Rd Ne and Peachtree Rd Ne","(O) No Injury","Dark-Lighted","On Roadway - Non-Intersection","Sideswipe-Same Direction","Lenox Rd Ne","Dry","20:00:00","[""Unknown"",""Lap and Shoulder Belt Used""]","Clear",0,33.850744,-84.362222,"Atlanta","FULTON","[""Motor Vehicle in Motion"",""Motor Vehicle in Motion""]","Changed Lanes Improperly","[""Motor Vehicle in Motion"",""Motor Vehicle in Motion""]"
0,0,"Atlanta Police Department","2022-12-24","Memorial Dr Se and Moreland Ave Se","(O) No Injury","Daylight","On Roadway - Non-Intersection","Angle Crash","Moreland Ave Se","Dry","16:00:00","[""Unknown"",""Unknown""]","Clear",0,33.746788,-84.349207,"Atlanta","FULTON","[""Motor Vehicle in Motion"",""Motor Vehicle in Motion""]","Failure to Yield","[""Motor Vehicle in Motion"",""Motor Vehicle in Motion""]"
0,0,"Atlanta Police Department","2022-12-24","Pharr Rd Nw and Peachtree Rd Ne","(O) No Injury","Daylight","On Roadway - Non-Intersection","Sideswipe-Same Direction","Pharr Rd Nw","Dry","12:57:00","[""Unknown"",""Lap and Shoulder Belt Used""]","Clear",0,33.837071,-84.381419,"Atlanta","FULTON","[""Motor Vehicle in Motion"",""Motor Vehicle in Motion""]","Following Too Close","[""Motor Vehicle in Motion"",""Motor Vehicle in Motion""]"
0,0,"Atlanta Police Department","2022-12-24","None and Michigan Ave Nw","(O) No Injury","Dark-Not Lighted","On Roadway - Non-Intersection","Sideswipe-Same Direction","Michigan Ave Nw","Dry","17:40:00",,"Clear",0,33.758774,-84.420213,"Atlanta","FULTON","[""Parked Motor Vehicle"",""Motor Vehicle in Motion""]",,"[""Motor Vehicle in Motion"",""Parked Motor Vehicle""]"
0,0,"Atlanta Police Department","2022-12-24","Maynard Ter Se and Mcpherson Ave Se","(C) Possible Injury / Complaint","Dark-Not Lighted","On Roadway - Non-Intersection","Angle Crash","Maynard Ter Se","Dry","18:48:00","[""Lap and Shoulder Belt Used"",""Lap and Shoulder Belt Used""]","Clear",0,33.744081,-84.334648,"Atlanta","DEKALB","[""Motor Vehicle in Motion"",""Motor Vehicle in Motion""]","Failure to Yield","[""Motor Vehicle in Motion"",""Motor Vehicle in Motion""]"
0,0,"Atlanta Police Department","2022-12-24","Lee St Sw and Donnelly Ave Sw","(O) No Injury","Dark-Not Lighted","On Roadway - Non-Intersection","Sideswipe-Opposite Direction","Donnelly Ave Sw","Dry","17:50:00","[""Unknown"",""Unknown"",""Unknown""]","Clear",0,33.7273,-84.41751,"Atlanta","FULTON","[""Motor Vehicle in Motion"",""Motor Vehicle in Motion""]","Disregard Other Traffic Control","[""Motor Vehicle in Motion"",""Motor Vehicle in Motion""]"
0,0,"Atlanta Police Department","2022-12-24","Le Brun Rd Ne and Roswell Rd Ne","(O) No Injury","Daylight","On Roadway - Non-Intersection","Rear End","Roswell Rd Ne","Dry","10:45:00","[""Unknown"",""Unknown"",""Unknown""]","Clear",0,33.861303,-84.380399,"Atlanta","FULTON","[""Motor Vehicle in Motion"",""Motor Vehicle in Motion""]","Following Too Close","[""Motor Vehicle in Motion"",""Motor Vehicle in Motion""]"
0,0,"Atlanta Police Department","2022-12-24","Johnson Rd Ne and Meadowdale Ave Ne","(O) No Injury","Dark-Lighted","Off Roadway - Sidewalk","Not a Collision with Motor Vehicle","Johnson Rd Ne","Dry","02:00:00","Unknown","Clear",0,33.799323,-84.345734,"Atlanta","DEKALB","[""Other Post/ Pole Support"",""Motor Vehicle in Motion""]",,"[""Motor Vehicle in Motion"",""Motor Vehicle in Motion""]"
0,0,"Atlanta Police Department","2022-12-24","Baker St Nw and Ted Turner Dr Nw","(O) No Injury","Dark-Lighted","Off Roadway","Not a Collision with Motor Vehicle","Baker St Nw","Dry","17:30:00","Unknown","Other",0,33.762253,-84.389016,"Atlanta","FULTON","Other - Fixed Object",,"Other - Fixed Object"
0,0,"Atlanta Police Department","2022-12-24","Barge Rd Sw and Fairburn Rd Sw","(O) No Injury","Daylight","On Roadway - Roadway Intersection","Sideswipe-Opposite Direction","Barge Rd Sw","Dry","06:38:00","[""Lap and Shoulder Belt Used"",""Lap and Shoulder Belt Used""]","Clear",0,33.699032,-84.507479,"Atlanta","FULTON","[""Motor Vehicle in Motion"",""Motor Vehicle in Motion""]","Misjudged Clearance","[""Motor Vehicle in Motion"",""Motor Vehicle in Motion""]"
0,0,"Atlanta Police Department","2022-12-24","I-85 and Ga-400 N","(O) No Injury","Dark-Lighted","On Roadway - Non-Intersection","Sideswipe-Same Direction","I-85","Dry","21:00:00","[""Lap and Shoulder Belt Used"",""Lap and Shoulder Belt Used""]","Clear",0,33.82156,-84.359341,"Atlanta","FULTON","[""Motor Vehicle in Motion"",""Motor Vehicle in Motion""]",,"[""Motor Vehicle in Motion"",""Motor Vehicle in Motion""]"
0,0,"Atlanta Police Department","2022-12-24","None and Delmar Ln Nw","(O) No Injury","Dark-Lighted","On Roadway - Non-Intersection","Head On","Delmar Ln Nw","Dry","19:00:00","[""Unknown"",""Unknown""]","Clear",0,33.755359,-84.485624,"Atlanta","FULTON","[""Motor Vehicle in Motion"",""Motor Vehicle in Motion""]","Driver Lost Control","[""Motor Vehicle in Motion"",""Motor Vehicle in Motion""]"
0,0,"Atlanta Police Department","2022-12-24","Southwood Blvd Sw and Campbellton Rd Sw","(O) No Injury","Dark-Lighted","On Roadway - Roadway Intersection","Rear End","Campbellton Rd Sw","Dry","18:00:00","[""Unknown"",""Unknown"",""Unknown"",""Unknown""]","Clear",0,33.693672,-84.519106,"Atlanta","FULTON","[""Motor Vehicle in Motion"",""Motor Vehicle in Motion""]",,"[""Motor Vehicle in Motion"",""Motor Vehicle in Motion""]"
0,0,"Atlanta Police Department","2022-12-24","Campbellton Rd Sw and County Line Rd Sw","(O) No Injury","Daylight","On Roadway - Roadway Intersection","Sideswipe-Opposite Direction","County Line Rd Sw","Dry","14:29:00","[""Unknown"",""Unknown"",""Unknown""]","Clear",0,33.695975,-84.535336,"Atlanta","FULTON","[""Motor Vehicle in Motion"",""Motor Vehicle in Motion""]","Misjudged Clearance","[""Motor Vehicle in Motion"",""Motor Vehicle in Motion""]"
0,0,"Atlanta Police Department","2022-12-24","I-85 S and Piedmont Rd Ne","(O) No Injury","Daylight","On Roadway - Roadway Intersection","Rear End","Piedmont Rd Ne","Dry","15:00:00","[""Lap and Shoulder Belt Used"",""Lap and Shoulder Belt Used""]","Cloudy",0,33.814639,-84.366591,"Atlanta","FULTON","[""Motor Vehicle in Motion"",""Motor Vehicle in Motion""]","Changed Lanes Improperly","[""Motor Vehicle in Motion"",""Motor Vehicle in Motion""]"
0,0,"Atlanta Police Department","2022-12-24","Oak St Sw and Lee St Sw","(O) No Injury","Dark-Lighted","On Roadway - Non-Intersection","Angle Crash","Lee St Sw","Dry","20:00:00","Unknown","Clear",0,33.740474,-84.414079,"Atlanta","FULTON","[""Motor Vehicle in Motion"",""Motor Vehicle in Motion""]","Failure to Yield","[""Motor Vehicle in Motion"",""Motor Vehicle in Motion""]"
1,1,"Atlanta Police Department","2022-12-25","Enon Rd Sw and Campbellton Rd Sw","(A) Suspected Serious Injury","Dark-Lighted","On Roadway - Roadway Intersection","Angle Crash","Campbellton Rd Sw","Ice/Frost","19:06:00","[""Unknown"",""Unknown"",""Non-Motorist Lighting""]","Clear",0,33.698447,-84.545039,"Atlanta","FULTON","[""Motor Vehicle in Motion"",""Motor Vehicle in Motion"",""Motor Vehicle in Motion""]","[""Reckless Driving"",""Disregard Police - Traffic Control"",""Too Fast for Conditions""]","[""Motor Vehicle in Motion"",""Motor Vehicle in Motion""]"
0,1,"Atlanta Police Department","2022-12-25","Chicago Ave Nw and Westchester Blvd Nw","(B) Suspected Minor/Visible Injury","Daylight","Off Roadway","Not a Collision with Motor Vehicle","Westchester Blvd Nw","Dry","13:46:00","Unknown","Clear",0,33.765191,-84.45253,"Atlanta","FULTON","Motor Vehicle in Motion","Changed Lanes Improperly","Motor Vehicle in Motion"
0,0,"Atlanta Police Department","2022-12-25","None and I-75","(O) No Injury","Dark-Lighted","On Roadway - Non-Intersection","Angle Crash","I-75","Wet","19:23:00","[""None Used"",""None Used""]","Rain",0,33.746622,-84.388158,"Atlanta","FULTON","[""Motor Vehicle in Motion"",""Motor Vehicle in Motion""]",,"[""Motor Vehicle in Motion"",""Motor Vehicle in Motion""]"
1,0,"Atlanta Police Department","2022-12-25","Campbellton Rd Sw and Centra Villa Dr Sw","(A) Suspected Serious Injury","Dark-Not Lighted","On Roadway - Non-Intersection","Rear End","Campbellton Rd Sw","Dry","21:00:00","[""Unknown"",""Unknown"",""Unknown"",""Unknown""]","Clear",0,33.707107,-84.455771,"Atlanta","FULTON","[""Motor Vehicle in Motion"",""Motor Vehicle in Motion"",""Motor Vehicle in Motion""]","[""Following Too Close"",""Following Too Close""]","[""Motor Vehicle in Motion"",""Motor Vehicle in Motion"",""Motor Vehicle in Motion""]"
0,0,"Atlanta Police Department","2022-12-25","None and I-85","(O) No Injury","Dark-Lighted","On Roadway - Non-Intersection","Not a Collision with Motor Vehicle","I-85","Dry","23:02:00","Unknown","Clear",0,33.81476,-84.364696,"Atlanta","FULTON","Motor Vehicle in Motion","Too Fast for Conditions","Motor Vehicle in Motion"
0,0,"Atlanta Police Department","2022-12-25","Albert St Nw and Oldknow Dr Nw","(O) No Injury","Dark-Not Lighted","On Roadway - Non-Intersection","Angle Crash","Oldknow Dr Nw","Dry","06:52:00","Unknown","Clear",0,33.771768,-84.474524,"Atlanta","FULTON","[""Parked Motor Vehicle"",""Parked Motor Vehicle""]","Under the Influence (U.I.)","[""Motor Vehicle in Motion"",""Motor Vehicle in Motion""]"
0,0,"Atlanta Police Department","2022-12-25","None and I-85","(O) No Injury","Daylight","On Roadway - Non-Intersection","Not a Collision with Motor Vehicle","I-85","Dry","10:45:00","Unknown","Clear",0,33.795582,-84.393336,"Atlanta","FULTON","Motor Vehicle in Motion","Driver Lost Control","Bridge Rail"
0,0,"Atlanta Police Department","2022-12-25","Oliver St Nw and Joseph E Boone Blvd Nw","(O) No Injury","Daylight","On Roadway - Driveway Intersection","Sideswipe-Same Direction","Oliver St Nw","Ice/Frost","08:05:00",,"Clear",0,33.763783,-84.415634,"Atlanta","FULTON","[""Motor Vehicle in Motion"",""Motor Vehicle in Motion""]","Misjudged Clearance","[""Parked Motor Vehicle"",""Parked Motor Vehicle""]"
0,0,"Atlanta Police Department","2022-12-25","Fairburn Rd Nw and Hemphill School Rd Nw","(O) No Injury","Daylight","On Roadway - Non-Intersection","Rear End","Fairburn Rd Nw","Dry","18:00:00","[""Unknown"",""Unknown""]","Clear",0,33.764405,-84.500984,"Atlanta","FULTON","[""Motor Vehicle in Motion"",""Motor Vehicle in Motion""]","Following Too Close","[""Motor Vehicle in Motion"",""Motor Vehicle in Motion""]"
0,0,"Atlanta Police Department","2022-12-25","Butner Rd Sw and Niskey Lake Rd Sw","(K) Fatal Injury","Dark-Not Lighted","Off Roadway","Not a Collision with Motor Vehicle","Butner Rd Sw","Dry","03:13:00","None Used","Clear",1,33.68942,-84.526411,"Atlanta","FULTON","Tree","Inattentive or Other Distraction (Distracted)","Tree"
0,0,"Atlanta Police Department","2022-12-25","Peachtree Rd Ne and Tower Place Dr Ne","(O) No Injury","Dark-Not Lighted","On Roadway - Roadway Intersection","Sideswipe-Same Direction","Tower Place Dr Ne","Dry","19:00:00","[""Lap and Shoulder Belt Used"",""Lap and Shoulder Belt Used"",""Lap and Shoulder Belt Used"",""Lap and Shoulder Belt Used"",""Lap and Shoulder Belt Used""]","Clear",0,33.845108,-84.36898,"Atlanta","FULTON","[""Motor Vehicle in Motion"",""Motor Vehicle in Motion""]","Misjudged Clearance","[""Motor Vehicle in Motion"",""Motor Vehicle in Motion""]"
0,0,"Atlanta Police Department","2022-12-25","None and I-285 Exit 10B Rp","(C) Possible Injury / Complaint","Dark-Lighted","Entrance/Exit Ramp","Not a Collision with Motor Vehicle","I-285 Exit 10B Rp","Dry","00:15:00","[""Lap and Shoulder Belt Used"",""Unknown""]","Clear",0,33.766624,-84.495521,"Atlanta","FULTON","Motor Vehicle in Motion","Too Fast for Conditions","Motor Vehicle in Motion"
0,0,"Atlanta Police Department","2022-12-25","None and Ga-400","(O) No Injury","Dark-Lighted","On Roadway - Non-Intersection","Not a Collision with Motor Vehicle","Ga-400","Dry","00:45:00","Unknown","Clear",0,33.846852,-84.367315,"Atlanta","FULTON","Motor Vehicle in Motion",,"Motor Vehicle in Motion"
0,0,"Atlanta Police Department","2022-12-25","None and I-20","(C) Possible Injury / Complaint","Dark-Lighted","On Roadway - Non-Intersection","Not a Collision with Motor Vehicle","I-20","Dry","20:15:00","Lap and Shoulder Belt Used","Clear",0,33.743502,-84.379528,"Atlanta","FULTON","Motor Vehicle in Motion","Driver Lost Control","Motor Vehicle in Motion"
0,0,"Atlanta Police Department","2022-12-25","None and Exit 57 Rp","(C) Possible Injury / Complaint","Daylight","Entrance/Exit Ramp","Sideswipe-Opposite Direction","Exit 57 Rp","Dry","16:45:00","[""Unknown"",""Unknown""]","Clear",0,33.751058,-84.445341,"Atlanta","FULTON","[""Motor Vehicle in Motion"",""Motor Vehicle in Motion""]","Changed Lanes Improperly","[""Motor Vehicle in Motion"",""Motor Vehicle in Motion""]"
0,0,"Atlanta Police Department","2022-12-25","14Th St Nw and Northside Dr Nw","(O) No Injury","Daylight","On Roadway - Non-Intersection","Angle Crash","Northside Dr Nw","Dry","17:25:00","[""Unknown"",""Unknown"",""Unknown"",""Unknown""]","Clear",0,33.786224,-84.407445,"Atlanta","FULTON","[""Motor Vehicle in Motion"",""Motor Vehicle in Motion""]","Improper Backing","[""Motor Vehicle in Motion"",""Motor Vehicle in Motion""]"
0,0,"Atlanta Police Department","2022-12-25","None and I-75","(O) No Injury","Daylight","On Roadway - Roadway Intersection","Not a Collision with Motor Vehicle","I-75","Dry","07:05:00","[""Lap and Shoulder Belt Used"",""Lap and Shoulder Belt Used""]","Clear",0,33.72693,-84.393784,"Atlanta","FULTON","Animal",,"Motor Vehicle in Motion"
0,0,"Atlanta Police Department","2022-12-25","Brady Ave Nw and Howell Mill Rd Nw","(O) No Injury","Dark-Not Lighted","On Roadway - Roadway Intersection","Angle Crash","Brady Ave Nw","Dry","21:37:00","[""Unknown"",""Unknown""]","Clear",0,33.784193,-84.411895,"Atlanta","FULTON","[""Motor Vehicle in Motion"",""Motor Vehicle in Motion""]","[""Improper Passing"",""No Signal/Improper Signal""]","[""Motor Vehicle in Motion"",""Motor Vehicle in Motion""]"
0,0,"Atlanta Police Department","2022-12-25","10Th St Ne and Peachtree St Ne","(O) No Injury","Dark-Lighted","On Roadway - Roadway Intersection","Rear End","Peachtree St Ne","Ice/Frost","20:30:00","[""Lap and Shoulder Belt Used"",""Lap and Shoulder Belt Used""]","Clear",0,33.781705,-84.383996,"Atlanta","FULTON","[""Motor Vehicle in Motion"",""Motor Vehicle in Motion""]","Driver Lost Control","[""Motor Vehicle in Motion"",""Motor Vehicle in Motion""]"
0,0,"Atlanta Police Department","2022-12-25","None and I-75","(O) No Injury","Dark-Lighted","On Roadway - Non-Intersection","Angle Crash","I-75","Dry","18:55:00","[""None Used"",""None Used"",""None Used""]","Clear",0,33.740082,-84.391681,"Atlanta","FULTON","[""Motor Vehicle in Motion"",""Motor Vehicle in Motion""]",,"[""Motor Vehicle in Motion"",""Motor Vehicle in Motion""]"
0,0,"Atlanta Police Department","2022-12-25","Oakview Rd Se and Hosea L Williams Dr Ne","(O) No Injury","Daylight","Off Roadway - Sidewalk","Rear End","Hosea L Williams Dr Ne","Dry","08:00:00","Lap and Shoulder Belt Used","Clear",0,33.751196,-84.322189,"Atlanta","DEKALB","[""Motor Vehicle in Motion"",""Parked Motor Vehicle""]",,"[""Motor Vehicle in Motion"",""Parked Motor Vehicle""]"
0,0,"Atlanta Police Department","2022-12-25","Venetian Dr Sw and Campbellton Rd Sw","(O) No Injury","Dark-Lighted","On Roadway - Non-Intersection","Not a Collision with Motor Vehicle","Campbellton Rd Sw","Dry","23:30:00","Lap and Shoulder Belt Used","Clear",0,33.713825,-84.436255,"Atlanta","FULTON","Motor Vehicle in Motion","Driver Lost Control","Motor Vehicle in Motion"
0,0,"Atlanta Police Department","2022-12-25","None and I-285","(C) Possible Injury / Complaint","Daylight","On Roadway - Non-Intersection","Rear End","I-285","Dry","09:34:00","[""Unknown"",""Unknown""]","Clear",0,33.737798,-84.500654,"Atlanta","FULTON","[""Motor Vehicle in Motion"",""Motor Vehicle in Motion""]","[""Under the Influence (U.I.)"",""Following Too Close""]","[""Motor Vehicle in Motion"",""Motor Vehicle in Motion""]"
0,0,"Atlanta Police Department","2022-12-25","Sutton St Se and Merrilee Ln Se","(O) No Injury","Dark-Not Lighted","On Roadway - Driveway Intersection","Angle Crash","Sutton St Se","Dry","22:15:00",,"Clear",0,33.748257,-84.31246,"Atlanta","DEKALB","[""Motor Vehicle in Motion"",""Parked Motor Vehicle""]",,"[""Parked Motor Vehicle"",""Motor Vehicle in Motion""]"
0,1,"Atlanta Police Department","2022-12-25","Lee St Sw and Donnelly Ave Sw","(B) Suspected Minor/Visible Injury","Daylight","On Roadway - Roadway Intersection","Angle Crash","Lee St Sw","Dry","14:30:00","[""Lap and Shoulder Belt Used"",""Lap and Shoulder Belt Used""]","Clear",0,33.7273,-84.41751,"Atlanta","FULTON","[""Motor Vehicle in Motion"",""Motor Vehicle in Motion""]","Failure to Yield","Motor Vehicle in Motion"
0,0,"Atlanta Police Department","2022-12-25","Morosgo Dr Ne and Piedmont Rd Ne","Unknown","Dark-Lighted","Off Roadway - Sidewalk","Not a Collision with Motor Vehicle","Piedmont Rd Ne","Dry","00:48:00",,"Clear",0,33.824398,-84.367224,"Atlanta","FULTON","Motor Vehicle in Motion","Changed Lanes Improperly","Motor Vehicle in Motion"
0,0,"Atlanta Police Department","2022-12-25","Armour Dr Ne and Plasters Ave Ne","(O) No Injury","Dark-Lighted","On Roadway - Non-Intersection","Angle Crash","Plasters Ave Ne","Dry","20:00:00","[""Unknown"",""Unknown""]","Clear",0,33.811796,-84.371536,"Atlanta","FULTON","[""Motor Vehicle in Motion"",""Motor Vehicle in Motion""]","Misjudged Clearance","[""Motor Vehicle in Motion"",""Motor Vehicle in Motion""]"
0,0,"Atlanta Police Department","2022-12-26","None and I-75 Hov Lane","(O) No Injury","Dark-Lighted","On Roadway - Roadway Intersection","Sideswipe-Same Direction","I-75 Hov Lane","Dry","23:30:00","[""Unknown"",""Unknown""]","Clear",0,33.771779,-84.390049,"Atlanta","FULTON","[""Motor Vehicle in Motion"",""Motor Vehicle in Motion""]","Changed Lanes Improperly","[""Motor Vehicle in Motion"",""Motor Vehicle in Motion""]"
0,0,"Atlanta Police Department","2022-12-26","W Lake Ave Sw and Martin Luther King Jr Dr Nw","(C) Possible Injury / Complaint","Daylight","On Roadway - Roadway Intersection","Head On","Martin Luther King Jr Dr Nw","Dry","19:10:00","[""Lap and Shoulder Belt Used"",""Lap and Shoulder Belt Used"",""Lap and Shoulder Belt Used""]","Clear",0,33.751034,-84.444138,"Atlanta","FULTON","[""Motor Vehicle in Motion"",""Motor Vehicle in Motion""]","Failure to Yield","[""Motor Vehicle in Motion"",""Motor Vehicle in Motion""]"
0,0,"Gsp Post 00","2022-12-26","17Th St and I-7585 Connector North","(O) No Injury","Daylight","On Roadway - Non-Intersection","Rear End","I-7585 Connector North","Dry","17:15:00","[""Unknown"",""Lap and Shoulder Belt Used"",""Unknown""]","Clear",0,33.786957,-84.390821,"Atlanta","FULTON","[""Motor Vehicle in Motion"",""Motor Vehicle in Motion"",""Motor Vehicle in Motion""]","Following Too Close","[""Motor Vehicle in Motion"",""Motor Vehicle in Motion"",""Motor Vehicle in Motion""]"
0,0,"Atlanta Police Department","2022-12-26","12Th St Nw and Spring St Nw","(O) No Injury","Daylight","On Roadway - Roadway Intersection","Sideswipe-Same Direction","Spring St Nw","Dry","15:25:00","[""Unknown"",""Unknown"",""Unknown"",""Unknown""]","Clear",0,33.784454,-84.389206,"Atlanta","FULTON","[""Motor Vehicle in Motion"",""Motor Vehicle in Motion""]","Changed Lanes Improperly","[""Motor Vehicle in Motion"",""Motor Vehicle in Motion""]"
0,0,"Atlanta Police Department","2022-12-26","16Th St Nw and Spring St Nw","(C) Possible Injury / Complaint","Daylight","On Roadway - Roadway Intersection","Angle Crash","16Th St Nw","Dry","12:16:00","[""Unknown"",""Unknown""]","Clear",0,33.789903,-84.389312,"Atlanta","FULTON","[""Motor Vehicle in Motion"",""Motor Vehicle in Motion""]",,"[""Motor Vehicle in Motion"",""Motor Vehicle in Motion""]"
0,0,"Atlanta Police Department","2022-12-26","Bernice St Sw and Donnelly Ave Sw","(O) No Injury","Dark-Lighted","On Roadway - Non-Intersection","Angle Crash","Donnelly Ave Sw","Dry","18:20:00","[""Unknown"",""Unknown""]","Clear",0,33.736236,-84.432153,"Atlanta","FULTON","[""Motor Vehicle in Motion"",""Motor Vehicle in Motion"",""Motor Vehicle in Motion""]","[""Aggressive Driving"",""Other Exterior Distraction (Distracted)""]","[""Motor Vehicle in Motion"",""Motor Vehicle in Motion"",""Motor Vehicle in Motion""]"
0,0,"Gsp Post 00","2022-12-26","I-7585 North and Andrew Young International Par","(O) No Injury","Daylight","On Roadway - Non-Intersection","Rear End","I-7585 North","Dry","12:40:00","[""Unknown"",""Lap and Shoulder Belt Used"",""Lap and Shoulder Belt Used"",""Lap and Shoulder Belt Used"",""Lap and Shoulder Belt Used""]","Cloudy",0,33.755865,-84.378187,"Atlanta","FULTON","[""Motor Vehicle in Motion"",""Motor Vehicle in Motion""]","Following Too Close","[""Motor Vehicle in Motion"",""Motor Vehicle in Motion""]"
0,0,"Atlanta Police Department","2022-12-26","Boulevard Se and Mcdonough Blvd Se","(O) No Injury","Dusk","Off Roadway - Sidewalk","Not a Collision with Motor Vehicle","Mcdonough Blvd Se","Dry","00:45:00","Unknown","Clear",0,33.71382,-84.368594,"Atlanta","FULTON","Utility Pole","Too Fast for Conditions","Utility Pole"