"# Serious Injuries","# Visible Injuries","Agency Name (Crash Level) ","Date","Intersection Name (from Crash Report)","KABCO Severity","Light Conditions (Crash Level)","Location at Impact (Crash Level) ","Manner of Collision (Crash Level) ","Roadway (From Crash Report)","Surface Condition (Crash Level) ","Time","Safety Equipment (Crash Level) ","Weather Conditions (Crash Level)","# of Fatalities per Crash","Latitude","Longitude","Geolocated City","Geolocated County","First Harmful Event (Unit Order)","Operator/Pedestrian Contrib Factor (excl None, Other, No Contrib Factors)","Most Harmful Event (Crash Level)"
0,0,"Atlanta Police Department","2022-12-27","Peachtree Rd Ne and Peachtree Valley Rd Ne","(O) No Injury","Daylight","On Roadway - Non-Intersection","Rear End","Peachtree Valley Rd Ne","Ice/Frost","08:30:00","[""Lap and Shoulder Belt Used"",""Lap and Shoulder Belt Used""]","Clear",0,33.810914,-84.391998,"Atlanta","FULTON","[""Motor Vehicle in Motion"",""Motor Vehicle in Motion""]","Following Too Close","[""Motor Vehicle in Motion"",""Motor Vehicle in Motion""]"
0,0,"Atlanta Police Department","2022-12-27","00000000 and Beecher Cir Sw","(C) Possible Injury / Complaint","Dark-Not Lighted","On Roadway - Non-Intersection","Rear End","Beecher Cir Sw","Dry","20:30:00","[""Lap and Shoulder Belt Used"",""Lap and Shoulder Belt Used""]","Clear",0,33.734076,-84.460594,"Atlanta","FULTON","[""Motor Vehicle in Motion"",""Motor Vehicle in Motion""]","[""Driver Condition"",""Driver Lost Control""]","[""Motor Vehicle in Motion"",""Motor Vehicle in Motion""]"
0,0,"Atlanta Police Department","2022-12-27","Piedmont Rd Ne and Lindbergh Way Ne","(O) No Injury","Daylight","On Roadway - Roadway Intersection","Angle Crash","Lindbergh Way Ne","Dry","09:39:00","[""Lap and Shoulder Belt Used"",""Lap and Shoulder Belt Used""]","Clear",0,33.820641,-84.367455,"Atlanta","FULTON","[""Motor Vehicle in Motion"",""Motor Vehicle in Motion""]","Failure to Yield","[""Motor Vehicle in Motion"",""Motor Vehicle in Motion""]"
0,0,"Gsp Post 00","2022-12-27","I-75I-85Nb and Piedmont Ave","(C) Possible Injury / Complaint","Daylight","On Roadway - Non-Intersection","Rear End","I-75I-85Nb","Dry","15:30:00","[""Lap and Shoulder Belt Used"",""Lap and Shoulder Belt Used"",""Lap and Shoulder Belt Used"",""Lap and Shoulder Belt Used"",""Lap and Shoulder Belt Used"",""Lap and Shoulder Belt Used"",""Lap and Shoulder Belt Used""]","Clear",0,33.763645,-84.383248,"Atlanta","FULTON","[""Motor Vehicle in Motion"",""Motor Vehicle in Motion"",""Motor Vehicle in Motion"",""Motor Vehicle in Motion""]","Following Too Close","[""Motor Vehicle in Motion"",""Motor Vehicle in Motion"",""Motor Vehicle in Motion"",""Motor Vehicle in Motion""]"
0,0,"Atlanta Police Department","2022-12-27","Delowe Dr Sw and Campbellton Rd Sw","(C) Possible Injury / Complaint","Dark-Lighted","On Roadway - Driveway Intersection","Angle Crash","Delowe Dr Sw","Ice/Frost","00:50:00","[""Lap and Shoulder Belt Used"",""Lap and Shoulder Belt Used""]","Clear",0,33.706443,-84.457463,"Atlanta","FULTON","[""Motor Vehicle in Motion"",""Motor Vehicle in Motion""]","Disregard Stop Sign/Signal","[""Motor Vehicle in Motion"",""Motor Vehicle in Motion""]"
0,0,"Atlanta Police Department","2022-12-27","None and E Rock Springs Rd Ne","(O) No Injury","Daylight","On Roadway - Non-Intersection","Sideswipe-Same Direction","E Rock Springs Rd Ne","Dry","16:39:00","[""Lap and Shoulder Belt Used"",""Lap and Shoulder Belt Used""]","Clear",0,33.796293,-84.348785,"Atlanta","FULTON","[""Motor Vehicle in Motion"",""Motor Vehicle in Motion""]","Improper Passing","[""Motor Vehicle in Motion"",""Motor Vehicle in Motion""]"
0,0,"Gsp Post 00","2022-12-27","Ga 13 and Monroe Dr","(O) No Injury","Daylight","On Roadway - Non-Intersection","Rear End","Ga 13","Dry","15:20:00","[""Lap and Shoulder Belt Used"",""Lap and Shoulder Belt Used"",""Lap and Shoulder Belt Used"",""Lap and Shoulder Belt Used""]","Clear",0,33.798997,-84.391774,"Atlanta","FULTON","[""Motor Vehicle in Motion"",""Motor Vehicle in Motion""]","Following Too Close","[""Motor Vehicle in Motion"",""Motor Vehicle in Motion""]"
0,0,"Atlanta Police Department","2022-12-27","Sawtell Ave Se and Jonesboro Rd Se","(O) No Injury","Daylight","On Roadway - Roadway Intersection","Sideswipe-Same Direction","Sawtell Ave Se","Dry","13:00:00","[""Lap and Shoulder Belt Used"",""Lap and Shoulder Belt Used""]","Clear",0,33.705027,-84.378597,"Atlanta","FULTON","[""Motor Vehicle in Motion"",""Motor Vehicle in Motion""]","[""Misjudged Clearance"",""Failure to Yield""]","[""Motor Vehicle in Motion"",""Motor Vehicle in Motion""]"
0,0,"Gsp Post 00","2022-12-27","Fulton St and 7585 North","(O) No Injury","Daylight","On Roadway - Non-Intersection","Rear End","7585 North","Dry","16:20:00","[""Lap and Shoulder Belt Used"",""Lap and Shoulder Belt Used""]","Clear",0,33.739566,-84.391703,"Atlanta","FULTON","[""Motor Vehicle in Motion"",""Motor Vehicle in Motion""]","Changed Lanes Improperly","[""Motor Vehicle in Motion"",""Motor Vehicle in Motion""]"
0,0,"Atlanta Police Department","2022-12-27","Northside Dr Nw and W Paces Ferry Rd Nw","(O) No Injury","Dark-Lighted","On Roadway - Roadway Intersection","Rear End","W Paces Ferry Rd Nw","Dry","19:10:00","[""Unknown"",""Unknown""]","Clear",0,33.847281,-84.407231,"Atlanta","FULTON","[""Motor Vehicle in Motion"",""Motor Vehicle in Motion""]","Following Too Close","[""Motor Vehicle in Motion"",""Motor Vehicle in Motion""]"
0,0,"Atlanta Police Department","2022-12-27","Huff Rd Nw and Foster St Nw","(O) No Injury","Daylight","On Roadway - Roadway Intersection","Not a Collision with Motor Vehicle","Huff Rd Nw","Ice/Frost","07:30:00","Lap and Shoulder Belt Used","Clear",0,33.787778,-84.413652,"Atlanta","FULTON","Motor Vehicle in Motion","Driver Lost Control","Motor Vehicle in Motion"
0,0,"Atlanta Police Department","2022-12-27","Eastland Rd Se and Moreland Ave Se","(O) No Injury","Daylight","On Roadway - Non-Intersection","Sideswipe-Same Direction","Moreland Ave Se","Dry","10:16:00","[""Unknown"",""Lap and Shoulder Belt Used""]","Clear",0,33.720094,-84.349492,"Atlanta","FULTON","[""Motor Vehicle in Motion"",""Motor Vehicle in Motion""]","Misjudged Clearance","[""Motor Vehicle in Motion"",""Motor Vehicle in Motion""]"
0,0,"Gsp Post 00","2022-12-27","Mlk Jr. Drive and Peachtree Street  Mlk Jr. Dri","(O) No Injury","Dark-Lighted","On Roadway - Non-Intersection","Rear End","Peachtree Street  Mlk Jr. Dri","Dry","22:15:00","[""Lap and Shoulder Belt Used"",""Lap and Shoulder Belt Used""]","Clear",0,33.75279,-84.391576,"Atlanta","FULTON","[""Motor Vehicle in Motion"",""Motor Vehicle in Motion""]",,"[""Motor Vehicle in Motion"",""Motor Vehicle in Motion""]"
0,0,"Atlanta Police Department","2022-12-27","Gilmer St Se and Courtland St Se","(C) Possible Injury / Complaint","Daylight","On Roadway - Non-Intersection","Rear End","Courtland St Se","Wet","09:30:00","[""Unknown"",""None Used""]","Clear",0,33.75382,-84.384945,"Atlanta","FULTON","[""Motor Vehicle in Motion"",""Parked Motor Vehicle""]","Following Too Close","[""Motor Vehicle in Motion"",""Parked Motor Vehicle""]"
0,0,"Atlanta Police Department","2022-12-27","I-75 and Pine St Ramp","(O) No Injury","Dark-Lighted","On Roadway - Non-Intersection","Rear End","I-75","Dry","19:04:00","[""Lap and Shoulder Belt Used"",""Lap and Shoulder Belt Used"",""Lap and Shoulder Belt Used""]","Clear",0,33.767428,-84.388588,"Atlanta","FULTON","[""Motor Vehicle in Motion"",""Motor Vehicle in Motion""]","Following Too Close","[""Motor Vehicle in Motion"",""Motor Vehicle in Motion""]"
0,0,"Gsp Post 00","2022-12-27","Ga-400 and I-85 South","(O) No Injury","Daylight","On Roadway - Non-Intersection","Rear End","I-85 South","Dry","10:17:00","[""Lap and Shoulder Belt Used"",""Lap and Shoulder Belt Used"",""Lap and Shoulder Belt Used"",""Lap and Shoulder Belt Used"",""Lap and Shoulder Belt Used""]","Clear",0,33.801314,-84.388615,"Atlanta","FULTON","[""Motor Vehicle in Motion"",""Motor Vehicle in Motion""]","Following Too Close","[""Motor Vehicle in Motion"",""Motor Vehicle in Motion""]"
0,1,"Atlanta Police Department","2022-12-27","Bowen Cir Sw and Arthur Langford Jr Pl Sw","(B) Suspected Minor/Visible Injury","Daylight","On Roadway - Non-Intersection","Not a Collision with Motor Vehicle","Bowen Cir Sw","Ice/Frost","08:53:00","Unknown","Other",0,33.714298,-84.396491,"Atlanta","FULTON","Motor Vehicle in Motion","[""Changed Lanes Improperly"",""Too Fast for Conditions""]","Motor Vehicle in Motion"
0,0,"Atlanta Police Department","2022-12-27","Piedmont Ave Ne and Cheshire Bridge Rd Ne","(C) Possible Injury / Complaint","Daylight","On Roadway - Roadway Intersection","Sideswipe-Same Direction","Cheshire Bridge Rd Ne","Dry","15:30:00","[""Unknown"",""Unknown"",""Unknown""]","Clear",0,33.807837,-84.365657,"Atlanta","FULTON","[""Motor Vehicle in Motion"",""Motor Vehicle in Motion""]","Misjudged Clearance","[""Motor Vehicle in Motion"",""Motor Vehicle in Motion""]"
0,0,"Atlanta Police Department","2022-12-27","N Highland Ave Ne and Ponce De Leon Ave Ne","(C) Possible Injury / Complaint","Dark-Lighted","On Roadway - Roadway Intersection","Rear End","Ponce De Leon Ave Ne","Dry","22:49:00","Unknown","Clear",0,33.773833,-84.352546,"Atlanta","FULTON","[""Motor Vehicle in Motion"",""Motor Vehicle in Motion""]","Following Too Close","[""Motor Vehicle in Motion"",""Motor Vehicle in Motion""]"
0,3,"Atlanta Police Department","2022-12-27","Bolton Rd Nw and Donald Lee Hollowell Pkwy Nw","(B) Suspected Minor/Visible Injury","Daylight","On Roadway - Roadway Intersection","Angle Crash","Bolton Rd Nw","Dry","16:07:00","[""Lap and Shoulder Belt Used"",""Lap and Shoulder Belt Used"",""Lap and Shoulder Belt Used"",""Lap and Shoulder Belt Used""]","Clear",0,33.787813,-84.494397,"Atlanta","FULTON","[""Motor Vehicle in Motion"",""Motor Vehicle in Motion""]","[""Disregard Other Traffic Control"",""Aggressive Driving""]","[""Motor Vehicle in Motion"",""Motor Vehicle in Motion""]"
0,1,"Atlanta Police Department","2022-12-27","Bolton Rd Nw and Hollywood Rd Nw","(B) Suspected Minor/Visible Injury","Daylight","On Roadway - Roadway Intersection","Not a Collision with Motor Vehicle","Bolton Rd Nw","Ice/Frost","08:35:00","Unknown","Clear",0,33.81412,-84.468189,"Atlanta","FULTON","Motor Vehicle in Motion",,"Motor Vehicle in Motion"
0,0,"Atlanta Police Department","2022-12-27","I-75 and University Ave","(C) Possible Injury / Complaint","Dark-Lighted","Median","Not a Collision with Motor Vehicle","I-75","Wet","03:50:00","Unknown","Cloudy",0,33.716476,-84.398301,"Atlanta","FULTON","Median Barrier","[""Driver Lost Control"",""Too Fast for Conditions""]","Median Barrier"
0,0,"Atlanta Police Department","2022-12-27","Campbellton Rd Sw and Centra Villa Dr Sw","(O) No Injury","Dark-Lighted","On Roadway - Non-Intersection","Rear End","Campbellton Rd Sw","Dry","20:21:00","[""Unknown"",""Lap and Shoulder Belt Used""]","Cloudy",0,33.707164,-84.455627,"Atlanta","FULTON","[""Motor Vehicle in Motion"",""Motor Vehicle in Motion""]","Following Too Close","[""Motor Vehicle in Motion"",""Motor Vehicle in Motion""]"
0,0,"Atlanta Police Department","2022-12-27","Northside Dr Nw and W Paces Ferry Rd Nw","(O) No Injury","Daylight","On Roadway - Non-Intersection","Rear End","W Paces Ferry Rd Nw","Dry","13:06:00","[""Lap and Shoulder Belt Used"",""Lap and Shoulder Belt Used""]","Clear",0,33.847448,-84.407647,"Atlanta","FULTON","[""Motor Vehicle in Motion"",""Motor Vehicle in Motion""]","Following Too Close","[""Motor Vehicle in Motion"",""Motor Vehicle in Motion""]"
0,0,"Atlanta Police Department","2022-12-27","None and I-285","(O) No Injury","Dark-Lighted","On Roadway - Non-Intersection","Sideswipe-Same Direction","I-285","Dry","19:00:00","[""Unknown"",""Unknown""]","Cloudy",0,33.764164,-84.493729,"Atlanta","FULTON","[""Motor Vehicle in Motion"",""Motor Vehicle in Motion""]","Changed Lanes Improperly","[""Motor Vehicle in Motion"",""Motor Vehicle in Motion""]"
0,0,"Atlanta Police Department","2022-12-27","None and Briarcliff Rd Ne","(C) Possible Injury / Complaint","Daylight","On Roadway - Non-Intersection","Rear End","Briarcliff Rd Ne","Dry","15:08:00","[""Lap and Shoulder Belt Used"",""Lap and Shoulder Belt Used"",""Lap and Shoulder Belt Used"",""Lap and Shoulder Belt Used""]","Clear",0,33.773547,-84.348984,"Atlanta","FULTON","[""Motor Vehicle in Motion"",""Motor Vehicle in Motion"",""Motor Vehicle in Motion"",""Motor Vehicle in Motion""]","Following Too Close","[""Motor Vehicle in Motion"",""Motor Vehicle in Motion"",""Motor Vehicle in Motion"",""Motor Vehicle in Motion""]"
0,0,"Atlanta Police Department","2022-12-27","Means St Nw and Marietta St Nw","(O) No Injury","Daylight","On Roadway - Roadway Intersection","Angle Crash","Means St Nw","Dry","13:20:00","[""Lap and Shoulder Belt Used"",""Lap and Shoulder Belt Used""]","Clear",0,33.773119,-84.403168,"Atlanta","FULTON","[""Motor Vehicle in Motion"",""Motor Vehicle in Motion""]","Failure to Yield","[""Motor Vehicle in Motion"",""Motor Vehicle in Motion""]"
0,0,"Atlanta Police Department","2022-12-27","8Th St Nw and Spring St Nw","(C) Possible Injury / Complaint","Daylight","On Roadway - Non-Intersection","Angle Crash","Spring St Nw","Dry","16:56:00","[""Lap and Shoulder Belt Used"",""Lap and Shoulder Belt Used"",""Lap and Shoulder Belt Used""]","Clear",0,33.779923,-84.388884,"Atlanta","FULTON","[""Motor Vehicle in Motion"",""Motor Vehicle in Motion""]","Changed Lanes Improperly","[""Motor Vehicle in Motion"",""Motor Vehicle in Motion""]"
0,0,"Atlanta Police Department","2022-12-27","None and Chattahoochee Ave Nw","(O) No Injury","Daylight","On Roadway - Non-Intersection","Sideswipe-Same Direction","Chattahoochee Ave Nw","Dry","15:11:00","[""Shoulder Belt Only Used"",""Shoulder Belt Only Used""]","Clear",0,33.808798,-84.436269,"Atlanta","FULTON","[""Motor Vehicle in Motion"",""Motor Vehicle in Motion""]","Following Too Close","[""Motor Vehicle in Motion"",""Motor Vehicle in Motion""]"
0,0,"Atlanta Police Department","2022-12-27","Northside Dr Nw and Donald Lee Hollowell Pkwy Nw","(O) No Injury","Daylight","On Roadway - Roadway Intersection","Rear End","Donald Lee Hollowell Pkwy Nw","Dry","12:31:00","[""Unknown"",""Unknown""]","Clear",0,33.773168,-84.409585,"Atlanta","FULTON","[""Motor Vehicle in Motion"",""Motor Vehicle in Motion""]","Following Too Close","[""Motor Vehicle in Motion"",""Motor Vehicle in Motion""]"
0,0,"Atlanta Police Department","2022-12-27","Sanders Ave Se and Moreland Ave Se","(O) No Injury","Dark-Lighted","On Roadway - Driveway Intersection","Angle Crash","Moreland Ave Se","Dry","23:00:00","[""Unknown"",""Unknown""]","Clear",0,33.742287,-84.349247,"Atlanta","FULTON","[""Motor Vehicle in Motion"",""Motor Vehicle in Motion""]","Failure to Yield","[""Motor Vehicle in Motion"",""Motor Vehicle in Motion""]"
0,0,"Atlanta Police Department","2022-12-27","Gould St Se and Jonesboro Rd Se","(C) Possible Injury / Complaint","Dark-Lighted","On Roadway - Non-Intersection","Rear End","Gould St Se","Dry","17:20:00","[""Unknown"",""Unknown"",""Unknown""]","Clear",0,33.70586,-84.379154,"Atlanta","FULTON","[""Motor Vehicle in Motion"",""Motor Vehicle in Motion"",""Motor Vehicle in Motion""]","[""Following Too Close"",""Driver Lost Control""]","[""Motor Vehicle in Motion"",""Motor Vehicle in Motion"",""Motor Vehicle in Motion""]"
0,0,"Atlanta Police Department","2022-12-27","St Charles Pl Ne and N Highland Ave Ne","(O) No Injury","Dark-Lighted","On Roadway - Roadway Intersection","Angle Crash","St Charles Pl Ne","Dry","22:30:00","[""Unknown"",""Unknown""]","Clear",0,33.775421,-84.352499,"Atlanta","FULTON","[""Motor Vehicle in Motion"",""Motor Vehicle in Motion""]","Driver Lost Control","[""Motor Vehicle in Motion"",""Motor Vehicle in Motion""]"
0,0,"Atlanta Police Department","2022-12-27","Renfrew Ct Sw and Candlelight Ln Sw","(O) No Injury","Daylight","On Roadway - Non-Intersection","Rear End","Candlelight Ln Sw","Dry","17:00:00","[""Unknown"",""Unknown""]","Clear",0,33.755837,-84.521276,"Atlanta","FULTON","[""Motor Vehicle in Motion"",""Motor Vehicle in Motion""]","Improper Backing","[""Motor Vehicle in Motion"",""Motor Vehicle in Motion""]"
0,0,"Atlanta Police Department","2022-12-27","Courtland St Ne and John Portman Blvd Ne","(O) No Injury","Daylight","On Roadway - Non-Intersection","Sideswipe-Same Direction","John Portman Blvd Ne","Dry","15:42:00","[""Lap and Shoulder Belt Used"",""Lap and Shoulder Belt Used""]","Clear",0,33.760942,-84.384176,"Atlanta","FULTON","[""Motor Vehicle in Motion"",""Motor Vehicle in Motion""]","Improper Turn","[""Motor Vehicle in Motion"",""Motor Vehicle in Motion""]"
0,0,"Gsp Post 00","2022-12-27","I-75 S and 10Th Street","(C) Possible Injury / Complaint","Daylight","On Roadway - Non-Intersection","Rear End","I-75 S","Dry","08:40:00","[""Lap and Shoulder Belt Used"",""Lap and Shoulder Belt Used"",""Child Restraint System (Properly Used)"",""Lap and Shoulder Belt Used"",""Child Restraint System (Properly Used)"",""Lap and Shoulder Belt Used""]","Clear",0,33.78135,-84.391215,"Atlanta","FULTON","[""Motor Vehicle in Motion"",""Motor Vehicle in Motion"",""Motor Vehicle in Motion""]","Following Too Close","[""Motor Vehicle in Motion"",""Motor Vehicle in Motion"",""Motor Vehicle in Motion""]"
0,0,"Atlanta Police Department","2022-12-27","Briarcliff Rd Ne and St Charles Pl Ne","(C) Possible Injury / Complaint","Daylight","On Roadway - Non-Intersection","Sideswipe-Same Direction","St Charles Pl Ne","Dry","17:36:00","[""Unknown"",""Unknown"",""Unknown""]","Clear",0,33.775368,-84.348742,"Atlanta","FULTON","[""Motor Vehicle in Motion"",""Motor Vehicle in Motion""]",,"[""Motor Vehicle in Motion"",""Motor Vehicle in Motion""]"
0,0,"Atlanta Police Department","2022-12-27","I-75 N and Fair Dr Sw","(O) No Injury","Dark-Lighted","On Roadway - Non-Intersection","Sideswipe-Same Direction","Fair Dr Sw","Dry","22:07:00","[""None Used"",""None Used""]","Clear",0,33.703068,-84.403705,"Atlanta","FULTON","[""Motor Vehicle in Motion"",""Motor Vehicle in Motion""]",,"[""Motor Vehicle in Motion"",""Motor Vehicle in Motion""]"
0,0,"Atlanta Police Department","2022-12-27","Oakland Dr Sw and Richland Rd Sw","(C) Possible Injury / Complaint","Daylight","On Roadway - Roadway Intersection","Angle Crash","Richland Rd Sw","Dry","15:00:00","[""Unknown"",""Lap and Shoulder Belt Used""]","Clear",0,33.730744,-84.427226,"Atlanta","FULTON","[""Motor Vehicle in Motion"",""Motor Vehicle in Motion""]","Disregard Stop Sign/Signal","[""Motor Vehicle in Motion"",""Motor Vehicle in Motion""]"
0,0,"Atlanta Police Department","2022-12-27","Conley Rd Se and Forrest Park Rd Se","(C) Possible Injury / Complaint","Dark-Lighted","On Roadway - Roadway Intersection","Rear End","Forrest Park Rd Se","Dry","22:30:00","[""Unknown"",""Lap and Shoulder Belt Used""]","Clear",0,33.650059,-84.358152,"Atlanta","FULTON","[""Motor Vehicle in Motion"",""Motor Vehicle in Motion""]","Improper Backing","[""Motor Vehicle in Motion"",""Motor Vehicle in Motion""]"
0,0,"Atlanta Police Department","2022-12-27","Huff Rd Nw and Marietta Blvd Nw","(O) No Injury","Daylight","On Roadway - Roadway Intersection","Sideswipe-Same Direction","Marietta Blvd Nw","Dry","17:00:00","[""Lap and Shoulder Belt Used"",""Lap and Shoulder Belt Used"",""Lap and Shoulder Belt Used""]","Clear",0,33.788519,-84.428253,"Atlanta","FULTON","[""Motor Vehicle in Motion"",""Motor Vehicle in Motion""]","Misjudged Clearance","[""Motor Vehicle in Motion"",""Motor Vehicle in Motion""]"
0,0,"Gsp Post 00","2022-12-27","I-285 and I-20 Eb","(O) No Injury","Daylight","On Roadway - Non-Intersection","Rear End","I-20 Eb","Dry","13:25:00","[""Unknown"",""Lap and Shoulder Belt Used""]","Clear",0,33.765008,-84.493853,"Atlanta","FULTON","[""Motor Vehicle in Motion"",""Motor Vehicle in Motion""]","Following Too Close","[""Motor Vehicle in Motion"",""Motor Vehicle in Motion""]"
0,0,"Atlanta Police Department","2022-12-27","14Th St Ne and Piedmont Ave Ne","(O) No Injury","Dark-Lighted","On Roadway - Roadway Intersection","Sideswipe-Same Direction","14Th St Ne","Dry","23:20:00","[""Unknown"",""Lap and Shoulder Belt Used""]","Clear",0,33.786474,-84.378136,"Atlanta","FULTON","[""Motor Vehicle in Motion"",""Motor Vehicle in Motion""]","[""Improper Turn"",""Inattentive or Other Distraction (Distracted)""]","[""Motor Vehicle in Motion"",""Motor Vehicle in Motion""]"
0,0,"Atlanta Police Department","2022-12-27","None and Hollywood Rd Nw","(O) No Injury","Daylight","On Roadway - Non-Intersection","Not a Collision with Motor Vehicle","Hollywood Rd Nw","Dry","08:35:00","Lap and Shoulder Belt Used","Clear",0,33.800538,-84.470248,"Atlanta","FULTON","Motor Vehicle in Motion","Too Fast for Conditions","Motor Vehicle in Motion"
0,0,"Atlanta Police Department","2022-12-27","Peek Rd Nw and Avalon Park Apartments","(O) No Injury","Dark-Lighted","On Roadway - Driveway Intersection","Angle Crash","Avalon Park Apartments","Dry","19:22:00","[""Lap and Shoulder Belt Used"",""Lap and Shoulder Belt Used"",""Lap and Shoulder Belt Used""]","Clear",0,33.776787,-84.478686,"Atlanta","FULTON","[""Motor Vehicle in Motion"",""Motor Vehicle in Motion""]","Misjudged Clearance","[""Motor Vehicle in Motion"",""Motor Vehicle in Motion""]"
0,1,"Atlanta Police Department","2022-12-27","Bolton Rd Nw and Martin Luther King Jr Dr Sw","(B) Suspected Minor/Visible Injury","Daylight","On Roadway - Roadway Intersection","Head On","Bolton Rd Nw","Dry","15:19:00","[""Unknown"",""Unknown""]","Clear",0,33.766016,-84.509674,"Atlanta","FULTON","[""Motor Vehicle in Motion"",""Motor Vehicle in Motion""]","[""Driver Lost Control"",""Exceeding Speed Limit""]","[""Motor Vehicle in Motion"",""Motor Vehicle in Motion""]"
0,0,"Atlanta Police Department","2022-12-27","Linden Ave Ne and Courtland St Ne","(O) No Injury","Daylight","On Roadway - Non-Intersection","Sideswipe-Same Direction","Courtland St Ne","Dry","16:04:00","[""Lap and Shoulder Belt Used"",""Lap and Shoulder Belt Used""]","Clear",0,33.769833,-84.384071,"Atlanta","FULTON","[""Motor Vehicle in Motion"",""Motor Vehicle in Motion""]","Changed Lanes Improperly","[""Motor Vehicle in Motion"",""Motor Vehicle in Motion""]"
0,0,"Atlanta Police Department","2022-12-27","N Grand Ave Nw and Donald Lee Hollowell Pkwy Nw","(O) No Injury","Daylight","On Roadway - Roadway Intersection","Rear End","N Grand Ave Nw","Dry","11:40:00","[""Lap and Shoulder Belt Used"",""Lap and Shoulder Belt Used"",""Lap and Shoulder Belt Used""]","Clear",0,33.777232,-84.462281,"Atlanta","FULTON","[""Motor Vehicle in Motion"",""Motor Vehicle in Motion""]","Following Too Close","[""Motor Vehicle in Motion"",""Motor Vehicle in Motion""]"
1,0,"Gsp Post 00","2022-12-27","I-7585 North and Capitol Avenue Se","(A) Suspected Serious Injury","Daylight","On Roadway - Non-Intersection","Rear End","I-7585 North","Dry","13:15:00","[""Lap and Shoulder Belt Used"",""Lap and Shoulder Belt Used""]","Clear",0,33.747604,-84.386283,"Atlanta","FULTON","[""Motor Vehicle in Motion"",""Motor Vehicle in Motion""]","Following Too Close","[""Motor Vehicle in Motion"",""Motor Vehicle in Motion""]"
0,0,"Atlanta Police Department","2022-12-28","Exit 85 and Peachtree St Ne","(O) No Injury","Daylight","On Roadway - Non-Intersection","Angle Crash","Peachtree St Ne","Dry","20:00:00","[""Shoulder Belt Only Used"",""Shoulder Belt Only Used"",""Shoulder Belt Only Used"",""Shoulder Belt Only Used"",""Shoulder Belt Only Used"",""Shoulder Belt Only Used""]","Clear",0,33.799438,-84.392109,"Atlanta","FULTON","[""Motor Vehicle in Motion"",""Motor Vehicle in Motion""]","[""Failure to Yield"",""Failure to Yield""]","[""Motor Vehicle in Motion"",""Motor Vehicle in Motion""]"
0,0,"Atlanta Police Department","2022-12-28","I-75 N and North Ave Nw","(C) Possible Injury / Complaint","Dark-Not Lighted","On Roadway - Non-Intersection","Rear End","North Ave Nw","Dry","16:00:00","[""Unknown"",""Lap and Shoulder Belt Used""]","Clear",0,33.771251,-84.389765,"Atlanta","FULTON","[""Motor Vehicle in Motion"",""Motor Vehicle in Motion""]","Following Too Close","[""Motor Vehicle in Motion"",""Motor Vehicle in Motion""]"
0,0,"Atlanta Police Department","2022-12-28","Lenox Rd Ne and Buckhead Loop","(O) No Injury","Dark-Lighted","On Roadway - Non-Intersection","Angle Crash","Lenox Rd Ne","Dry","16:59:00","[""Unknown"",""Unknown"",""Unknown"",""Unknown""]","Clear",0,33.850049,-84.372791,"Atlanta","FULTON","[""Motor Vehicle in Motion"",""Motor Vehicle in Motion""]","[""Changed Lanes Improperly"",""Changed Lanes Improperly""]","[""Motor Vehicle in Motion"",""Motor Vehicle in Motion""]"
0,0,"Atlanta Police Department","2022-12-28","Stanton Rd Sw and Campbellton Rd Sw","(O) No Injury","Daylight","On Roadway - Roadway Intersection","Not a Collision with Motor Vehicle","Stanton Rd Sw","Ice/Frost","08:30:00","Unknown","Clear",0,33.711571,-84.443722,"Atlanta","FULTON","Motor Vehicle in Motion","Driver Lost Control","Motor Vehicle in Motion"
0,0,"Atlanta Police Department","2022-12-28","Luckie St Nw and Ted Turner Dr Nw","(O) No Injury","Daylight","Off Roadway - Sidewalk","Not a Collision with Motor Vehicle","Luckie St Nw","Dry","09:30:00","Shoulder Belt Only Used","Clear",0,33.758772,-84.39107,"Atlanta","FULTON","Motor Vehicle in Motion","Driver Condition","Motor Vehicle in Motion"
0,0,"Gsp Post 00","2022-12-28","None and 984 Conley Rd","(O) No Injury","Daylight","On Roadway - Non-Intersection","Angle Crash","984 Conley Rd","Dry","10:37:00","[""None Used"",""Lap and Shoulder Belt Used"",""Lap and Shoulder Belt Used""]","Clear",0,33.649782,-84.357055,"Atlanta","FULTON","[""Motor Vehicle in Motion"",""Motor Vehicle in Motion""]","[""Disregard Police - Evasion"",""Reckless Driving""]","[""Motor Vehicle in Motion"",""Motor Vehicle in Motion""]"
0,0,"Atlanta Police Department","2022-12-28","Lenox Pkwy and Peachtree Rd Ne","(O) No Injury","Daylight","On Roadway - Roadway Intersection","Angle Crash","Peachtree Rd Ne","Dry","15:00:00","[""Unknown"",""Lap and Shoulder Belt Used""]","Clear",0,33.849802,-84.362693,"Atlanta","FULTON","[""Motor Vehicle in Motion"",""Motor Vehicle in Motion""]","Changed Lanes Improperly","[""Motor Vehicle in Motion"",""Motor Vehicle in Motion""]"
0,0,"Atlanta Police Department","2022-12-28","Exit 1A and Sidney Marcus Blvd Ne","(C) Possible Injury / Complaint","Dark-Lighted","On Roadway - Roadway Intersection","Angle Crash","Sidney Marcus Blvd Ne","Dry","04:40:00","[""Lap and Shoulder Belt Used"",""Lap and Shoulder Belt Used"",""None Used""]","Clear",0,33.825463,-84.360572,"Atlanta","FULTON","[""Motor Vehicle in Motion"",""Motor Vehicle in Motion""]",,"[""Motor Vehicle in Motion"",""Motor Vehicle in Motion""]"