"# Serious Injuries","# Visible Injuries","Agency Name (Crash Level) ","Date","Intersection Name (from Crash Report)","KABCO Severity","Light Conditions (Crash Level)","Location at Impact (Crash Level) ","Manner of Collision (Crash Level) ","Roadway (From Crash Report)","Surface Condition (Crash Level) ","Time","Safety Equipment (Crash Level) ","Weather Conditions (Crash Level)","# of Fatalities per Crash","Latitude","Longitude","Geolocated City","Geolocated County","First Harmful Event (Unit Order)","Operator/Pedestrian Contrib Factor (excl None, Other, No Contrib Factors)","Most Harmful Event (Crash Level)"
0,0,"Gsp Post 00","2022-12-30","I-20 East and Flat Shoals Road","(O) No Injury","Daylight","On Roadway - Non-Intersection","Sideswipe-Same Direction","I-20 East","Dry","14:34:00","[""Lap and Shoulder Belt Used"",""Lap and Shoulder Belt Used""]","Clear",0,33.791573,-84.391894,"Atlanta","FULTON","[""Motor Vehicle in Motion"",""Motor Vehicle in Motion""]","Disregard Police - Evasion","[""Motor Vehicle in Motion"",""Motor Vehicle in Motion""]"
0,0,"Atlanta Police Department","2022-12-30","Empire Blvd Sw and Browns Mill Rd Se","(O) No Injury","Daylight","On Roadway - Non-Intersection","Angle Crash","Browns Mill Rd Se","Dry","09:20:00","[""Unknown"",""Unknown"",""Unknown"",""Unknown""]","Clear",0,33.65705,-84.390561,"Atlanta","FULTON","[""Motor Vehicle in Motion"",""Motor Vehicle in Motion""]",,"[""Motor Vehicle in Motion"",""Motor Vehicle in Motion""]"
0,0,"Gsp Post 00","2022-12-30","Auburn Ave and I-75I-85Nb","(O) No Injury","Daylight","On Roadway - Non-Intersection","Rear End","I-75I-85Nb","Dry","17:30:00","[""Unknown"",""Lap and Shoulder Belt Used"",""Lap and Shoulder Belt Used""]","Cloudy",0,33.768943,-84.389815,"Atlanta","FULTON","[""Motor Vehicle in Motion"",""Motor Vehicle in Motion""]","Following Too Close","[""Motor Vehicle in Motion"",""Motor Vehicle in Motion""]"
0,0,"Atlanta Police Department","2022-12-30","Northside Dr Nw and Donald Lee Hollowell Pkwy Nw","(C) Possible Injury / Complaint","Daylight","On Roadway - Non-Intersection","Angle Crash","Donald Lee Hollowell Pkwy Nw","Dry","11:40:00","[""Lap and Shoulder Belt Used"",""Lap and Shoulder Belt Used""]","Clear",0,33.772688,-84.408591,"Atlanta","FULTON","[""Motor Vehicle in Motion"",""Motor Vehicle in Motion""]","[""Changed Lanes Improperly"",""Changed Lanes Improperly""]","[""Motor Vehicle in Motion"",""Motor Vehicle in Motion""]"
0,0,"Atlanta Police Department","2022-12-30","None and I-75","(O) No Injury","Daylight","On Roadway - Roadway Intersection","Sideswipe-Same Direction","I-75","Dry","14:00:00","[""Unknown"",""Unknown""]","Clear",0,33.6949,-84.404435,"Atlanta","FULTON","[""Motor Vehicle in Motion"",""Motor Vehicle in Motion""]","Changed Lanes Improperly","[""Motor Vehicle in Motion"",""Motor Vehicle in Motion""]"
0,0,"Atlanta Police Department","2022-12-30","None and I-75 Exit 249C Rp","(O) No Injury","Dark-Not Lighted","On Roadway - Non-Intersection","Rear End","I-75 Exit 249C Rp","Water (standing or moving)","21:45:00","[""Lap and Shoulder Belt Used"",""Lap and Shoulder Belt Used""]","Rain",0,33.769052,-84.390588,"Atlanta","FULTON","[""Motor Vehicle in Motion"",""Motor Vehicle in Motion""]","Following Too Close","[""Motor Vehicle in Motion"",""Motor Vehicle in Motion""]"
0,0,"Gsp Post 00","2022-12-30","I-75 Sb and Northside Drive","(O) No Injury","Daylight","On Roadway - Non-Intersection","Sideswipe-Same Direction","I-75 Sb","Dry","15:00:00","[""Lap and Shoulder Belt Used"",""Child Restraint System (Properly Used)"",""Lap and Shoulder Belt Used""]","Clear",0,33.801555,-84.402997,"Atlanta","FULTON","[""Motor Vehicle in Motion"",""Motor Vehicle in Motion""]","Changed Lanes Improperly","[""Motor Vehicle in Motion"",""Motor Vehicle in Motion""]"
0,0,"Atlanta Police Department","2022-12-30","None and Roswell Rd Ne","(O) No Injury","Daylight","On Roadway - Roadway Intersection","Sideswipe-Same Direction","Roswell Rd Ne","Dry","15:05:00","[""Unknown"",""Unknown"",""Unknown"",""Unknown"",""Unknown""]","Cloudy",0,33.844431,-84.379752,"Atlanta","FULTON","[""Motor Vehicle in Motion"",""Motor Vehicle in Motion""]",,"[""Motor Vehicle in Motion"",""Motor Vehicle in Motion""]"
0,0,"Atlanta Police Department","2022-12-30","14Th St Nw and State St Nw","(C) Possible Injury / Complaint","Dark-Lighted","On Roadway - Non-Intersection","Not a Collision with Motor Vehicle","State St Nw","Dry","18:35:00","[""Unknown"",""Reflective: Clothing/Backpack/Equipment""]","Clear",0,33.786644,-84.398732,"Atlanta","FULTON","[""Motor Vehicle in Motion"",""Motor Vehicle in Motion""]","Failure to Yield","Motor Vehicle in Motion"
0,0,"Gsp Post 00","2022-12-30","I-85 Sb and Armour Drive","(O) No Injury","Daylight","On Roadway - Non-Intersection","Rear End","I-85 Sb","Dry","17:45:00","[""Lap and Shoulder Belt Used"",""Lap and Shoulder Belt Used""]","Clear",0,33.804581,-84.383537,"Atlanta","FULTON","[""Motor Vehicle in Motion"",""Motor Vehicle in Motion""]","Following Too Close","[""Motor Vehicle in Motion"",""Motor Vehicle in Motion""]"
0,0,"Gsp Post 00","2022-12-30","I-85 Sb and Peachtree Street","(O) No Injury","Dark-Lighted","On Roadway - Non-Intersection","Sideswipe-Same Direction","I-85 Sb","Dry","19:05:00","[""Unknown"",""Lap and Shoulder Belt Used""]","Clear",0,33.781348,-84.408336,"Atlanta","FULTON","[""Motor Vehicle in Motion"",""Motor Vehicle in Motion""]",,"[""Motor Vehicle in Motion"",""Motor Vehicle in Motion""]"
0,0,"Atlanta Police Department","2022-12-30","Wieuca Rd Ne and Roswell Rd Ne","(O) No Injury","Daylight","On Roadway - Roadway Intersection","Angle Crash","Wieuca Rd Ne","Dry","16:05:00","[""Unknown"",""Unknown""]","Clear",0,33.875449,-84.380028,"Atlanta","FULTON","[""Motor Vehicle in Motion"",""Motor Vehicle in Motion""]","Failure to Yield","[""Motor Vehicle in Motion"",""Motor Vehicle in Motion""]"
0,0,"Atlanta Police Department","2022-12-30","None and I-75","(C) Possible Injury / Complaint","Dark-Lighted","On Roadway - Roadway Intersection","Rear End","I-75","Wet","20:30:00","[""Unknown"",""Unknown"",""Unknown""]","Cloudy",0,33.745818,-84.389262,"Atlanta","FULTON","[""Motor Vehicle in Motion"",""Motor Vehicle in Motion""]","Following Too Close","[""Motor Vehicle in Motion"",""Motor Vehicle in Motion""]"
0,0,"Dekalb Co Police Department","2022-12-30","Clifton Rd and 767 Clifton Rd","(C) Possible Injury / Complaint","Daylight","On Roadway - Driveway Intersection","Angle Crash","Clifton Rd","Dry","14:59:00","[""Unknown"",""Unknown""]","Clear",0,33.73327,-84.329954,"Atlanta","DEKALB","[""Motor Vehicle in Motion"",""Motor Vehicle in Motion""]","Failure to Yield","[""Motor Vehicle in Motion"",""Motor Vehicle in Motion""]"
0,0,"Atlanta Police Department","2022-12-30","None and I-75","(O) No Injury","Daylight","On Roadway - Non-Intersection","Rear End","I-75","Dry","16:00:00","[""Unknown"",""Lap and Shoulder Belt Used"",""Lap and Shoulder Belt Used""]","Clear",0,33.748972,-84.383809,"Atlanta","FULTON","[""Motor Vehicle in Motion"",""Motor Vehicle in Motion""]",,"Motor Vehicle in Motion"
0,0,"Atlanta Police Department","2022-12-30","Early St Nw and W Paces Ferry Rd Nw","(O) No Injury","Daylight","On Roadway - Roadway Intersection","Angle Crash","W Paces Ferry Rd Nw","Dry","19:05:00","[""Lap and Shoulder Belt Used"",""Lap and Shoulder Belt Used""]","Clear",0,33.839666,-84.38076,"Atlanta","FULTON","[""Motor Vehicle in Motion"",""Motor Vehicle in Motion""]","Changed Lanes Improperly","[""Motor Vehicle in Motion"",""Motor Vehicle in Motion""]"
0,0,"Gsp Post 00","2022-12-30","I-7585 North and Memorial Drive/Capitol  Avenue","(C) Possible Injury / Complaint","Daylight","On Roadway - Non-Intersection","Rear End","I-7585 North","Dry","13:04:00","[""Lap and Shoulder Belt Used"",""Lap and Shoulder Belt Used"",""Lap and Shoulder Belt Used""]","Clear",0,33.755143,-84.378254,"Atlanta","FULTON","[""Motor Vehicle in Motion"",""Motor Vehicle in Motion""]","Following Too Close","[""Motor Vehicle in Motion"",""Motor Vehicle in Motion""]"
0,0,"Atlanta Police Department","2022-12-30","Vance Ave Ne and Virginia Ave Ne","(O) No Injury","Daylight","On Roadway - Roadway Intersection","Angle Crash","Vance Ave Ne","Dry","15:14:00","[""Unknown"",""Unknown""]","Cloudy",0,33.782282,-84.355748,"Atlanta","FULTON","[""Motor Vehicle in Motion"",""Motor Vehicle in Motion""]",,"[""Motor Vehicle in Motion"",""Motor Vehicle in Motion""]"
0,0,"Atlanta Police Department","2022-12-30","Marco Dr Nw and Argyle Dr Nw","(O) No Injury","Dark-Lighted","On Roadway - Driveway Intersection","Angle Crash","Marco Dr Nw","Dry","20:30:00","Lap and Shoulder Belt Used","Clear",0,33.799868,-84.478388,"Atlanta","FULTON","[""Motor Vehicle in Motion"",""Parked Motor Vehicle""]","Improper Backing","[""Motor Vehicle in Motion"",""Parked Motor Vehicle""]"
0,0,"Gsp Post 00","2022-12-30","I-7585 South and Martin Luther King Jr Drive","(O) No Injury","Daylight","On Roadway - Non-Intersection","Sideswipe-Same Direction","I-7585 South","Dry","10:23:00","[""Lap and Shoulder Belt Used"",""Lap and Shoulder Belt Used""]","Clear",0,33.750721,-84.38143,"Atlanta","FULTON","[""Motor Vehicle in Motion"",""Motor Vehicle in Motion""]","Changed Lanes Improperly","[""Motor Vehicle in Motion"",""Motor Vehicle in Motion""]"
0,0,"Atlanta Police Department","2022-12-30","Hardee St Ne and Moreland Ave Ne","(O) No Injury","Daylight","On Roadway - Non-Intersection","Rear End","Moreland Ave Ne","Dry","13:00:00","[""Lap and Shoulder Belt Used"",""Lap and Shoulder Belt Used""]","Clear",0,33.755404,-84.349187,"Atlanta","FULTON","[""Motor Vehicle in Motion"",""Motor Vehicle in Motion""]","Following Too Close","[""Motor Vehicle in Motion"",""Motor Vehicle in Motion""]"
0,0,"Gsp Post 00","2022-12-30","I-75 Nb and West Paces Ferry Road","(O) No Injury","Dark-Not Lighted","On Shoulder","Not a Collision with Motor Vehicle","I-75 Nb","Dry","17:14:00","[""Lap and Shoulder Belt Used"",""Lap and Shoulder Belt Used""]","Cloudy",0,33.855083,-84.431864,"Atlanta","FULTON","Other - Fixed Object","Under the Influence (U.I.)","Other - Fixed Object"
0,0,"Atlanta Police Department","2022-12-30","Moreland Ave Se and Mcdonough Blvd Se","(O) No Injury","Dark-Lighted","On Roadway - Roadway Intersection","Rear End","Mcdonough Blvd Se","Dry","19:15:00","[""Lap and Shoulder Belt Used"",""Lap and Shoulder Belt Used""]","Clear",0,33.70447,-84.349842,"Atlanta","FULTON","[""Motor Vehicle in Motion"",""Motor Vehicle in Motion""]","Following Too Close","[""Motor Vehicle in Motion"",""Motor Vehicle in Motion""]"
0,0,"Atlanta Police Department","2022-12-30","Frederica St Ne and Ponce De Leon Ave Ne","(O) No Injury","Dark-Lighted","On Roadway - Non-Intersection","Sideswipe-Same Direction","Ponce De Leon Ave Ne","Wet","21:34:00","[""Lap and Shoulder Belt Used"",""Lap and Shoulder Belt Used""]","Rain",0,33.773824,-84.355556,"Atlanta","FULTON","[""Motor Vehicle in Motion"",""Motor Vehicle in Motion""]","Misjudged Clearance","[""Motor Vehicle in Motion"",""Motor Vehicle in Motion""]"
0,0,"Atlanta Police Department","2022-12-30","Culberson St Sw and Ralph David Abernathy Blvd Sw","(O) No Injury","Daylight","On Roadway - Roadway Intersection","Angle Crash","Ralph David Abernathy Blvd Sw","Dry","14:50:00","[""Lap and Shoulder Belt Used"",""Lap and Shoulder Belt Used"",""Lap and Shoulder Belt Used""]","Clear",0,33.738277,-84.422597,"Atlanta","FULTON","[""Motor Vehicle in Motion"",""Motor Vehicle in Motion""]",,"[""Motor Vehicle in Motion"",""Motor Vehicle in Motion""]"
0,0,"Atlanta Police Department","2022-12-30","Greenbriar Commons and Stone Hogan Conn Sw","(C) Possible Injury / Complaint","Dark-Lighted","On Roadway - Roadway Intersection","Sideswipe-Opposite Direction","Greenbriar Commons","Dry","20:00:00","[""Unknown"",""Unknown"",""Unknown""]","Clear",0,33.673504,-84.497112,"Atlanta","FULTON","[""Motor Vehicle in Motion"",""Motor Vehicle in Motion""]","[""Under the Influence (U.I.)"",""Misjudged Clearance""]","[""Motor Vehicle in Motion"",""Motor Vehicle in Motion""]"
0,0,"Atlanta Police Department","2022-12-30","Morosgo Dr Ne and Piedmont Rd Ne","(C) Possible Injury / Complaint","Dark-Lighted","On Roadway - Roadway Intersection","Angle Crash","Piedmont Rd Ne","Water (standing or moving)","23:33:00","[""Lap and Shoulder Belt Used"",""Lap and Shoulder Belt Used""]","Cloudy",0,33.823582,-84.367246,"Atlanta","FULTON","[""Motor Vehicle in Motion"",""Motor Vehicle in Motion""]","[""Improper Turn"",""Failure to Yield""]","[""Motor Vehicle in Motion"",""Motor Vehicle in Motion""]"
0,0,"Atlanta Police Department","2022-12-30","Peachtree Rd Ne and Fairhaven Cir Ne","(O) No Injury","Daylight","On Roadway - Non-Intersection","Sideswipe-Same Direction","Peachtree Rd Ne","Dry","16:19:00","[""Lap and Shoulder Belt Used"",""Lap and Shoulder Belt Used""]","Clear",0,33.817926,-84.389012,"Atlanta","FULTON","[""Motor Vehicle in Motion"",""Motor Vehicle in Motion""]",,"[""Motor Vehicle in Motion"",""Motor Vehicle in Motion""]"
0,0,"Atlanta Police Department","2022-12-30","None and Exit 247 Rp","(O) No Injury","Dark-Lighted","Entrance/Exit Ramp","Angle Crash","Exit 247 Rp","Dry","20:32:00","[""Unknown"",""Unknown"",""Unknown""]","Clear",0,33.748032,-84.386482,"Atlanta","FULTON","[""Motor Vehicle in Motion"",""Motor Vehicle in Motion""]","Changed Lanes Improperly","[""Motor Vehicle in Motion"",""Motor Vehicle in Motion""]"
0,0,"Gsp Post 00","2022-12-30","285 E and Jonesboro Rd","(C) Possible Injury / Complaint","Daylight","On Roadway - Non-Intersection","Rear End","285 E","Dry","16:00:00","[""Lap and Shoulder Belt Used"",""Lap and Shoulder Belt Used"",""Child Restraint System (Properly Used)"",""Lap and Shoulder Belt Used""]","Clear",0,33.65648,-84.363588,"Atlanta","FULTON","[""Motor Vehicle in Motion"",""Motor Vehicle in Motion""]","Following Too Close","[""Motor Vehicle in Motion"",""Motor Vehicle in Motion""]"
0,0,"Atlanta Police Department","2022-12-30","None and I-75","(C) Possible Injury / Complaint","Dark-Lighted","On Roadway - Non-Intersection","Rear End","I-75","Dry","19:54:00","[""Unknown"",""Unknown""]","Clear",0,33.772362,-84.390387,"Atlanta","FULTON","[""Motor Vehicle in Motion"",""Motor Vehicle in Motion""]","[""Following Too Close"",""Following Too Close""]","[""Motor Vehicle in Motion"",""Motor Vehicle in Motion""]"
0,0,"Atlanta Police Department","2022-12-30","Coca Cola Pl Se and Jesse Hill Jr Dr Se","(C) Possible Injury / Complaint","Daylight","On Roadway - Non-Intersection","Sideswipe-Same Direction","Coca Cola Pl Se","Dry","12:24:00","[""Unknown"",""Unknown"",""Unknown""]","Cloudy",0,33.753488,-84.380766,"Atlanta","FULTON","[""Motor Vehicle in Motion"",""Motor Vehicle in Motion""]","Changed Lanes Improperly","[""Motor Vehicle in Motion"",""Motor Vehicle in Motion""]"
0,0,"Atlanta Police Department","2022-12-30","None and I-285","(O) No Injury","Dark-Not Lighted","On Roadway - Roadway Intersection","Angle Crash","I-285","Wet","22:20:00","[""Unknown"",""Unknown"",""Unknown"",""Booster Seat (Properly Used)""]","Rain",0,33.785298,-84.494222,"Atlanta","FULTON","[""Motor Vehicle in Motion"",""Motor Vehicle in Motion""]","Changed Lanes Improperly","[""Motor Vehicle in Motion"",""Motor Vehicle in Motion""]"
0,0,"Atlanta Police Department","2022-12-30","Marietta St Nw and Centennial Olympic Park Dr Nw","(C) Possible Injury / Complaint","Daylight","On Roadway - Non-Intersection","Rear End","Marietta St Nw","Dry","12:40:00","[""Unknown"",""Unknown"",""Unknown""]","Cloudy",0,33.757896,-84.393502,"Atlanta","FULTON","[""Motor Vehicle in Motion"",""Motor Vehicle in Motion""]","Following Too Close","[""Motor Vehicle in Motion"",""Motor Vehicle in Motion""]"
0,0,"Atlanta Police Department","2022-12-30","Dekalb Ave Ne and Arizona Ave Ne","(O) No Injury","Dark-Lighted","On Roadway - Roadway Intersection","Angle Crash","Dekalb Ave Ne","Wet","21:45:00","[""Unknown"",""Unknown""]","Rain",0,33.761524,-84.330976,"Atlanta","DEKALB","[""Motor Vehicle in Motion"",""Motor Vehicle in Motion""]","Disregard Other Traffic Control","[""Motor Vehicle in Motion"",""Motor Vehicle in Motion""]"
0,1,"Atlanta Police Department","2022-12-30","Peachtree Rd Ne and Tower Place Dr Ne","(B) Suspected Minor/Visible Injury","Daylight","On Roadway - Roadway Intersection","Head On","Peachtree Rd Ne","Dry","17:51:00","[""Unknown"",""Unknown""]","Cloudy",0,33.845108,-84.368979,"Atlanta","FULTON","[""Motor Vehicle in Motion"",""Motor Vehicle in Motion""]",,"[""Motor Vehicle in Motion"",""Motor Vehicle in Motion""]"
0,0,"Gsp Post 00","2022-12-30","I-85 Sb and Lindbergh Drive","(O) No Injury","Daylight","On Roadway - Non-Intersection","Sideswipe-Same Direction","I-85 Sb","Dry","16:45:00","[""Lap and Shoulder Belt Used"",""Lap and Shoulder Belt Used"",""Lap and Shoulder Belt Used""]","Clear",0,33.818504,-84.362171,"Atlanta","FULTON","[""Motor Vehicle in Motion"",""Motor Vehicle in Motion""]","Changed Lanes Improperly","[""Motor Vehicle in Motion"",""Motor Vehicle in Motion""]"
0,0,"Atlanta Police Department","2022-12-30","Echo St Nw and Donald Lee Hollowell Pkwy Nw","(O) No Injury","Dark-Lighted","On Roadway - Non-Intersection","Rear End","Donald Lee Hollowell Pkwy Nw","Dry","19:14:00","[""Unknown"",""Unknown""]","Clear",0,33.773087,-84.410865,"Atlanta","FULTON","[""Motor Vehicle in Motion"",""Motor Vehicle in Motion""]","[""Under the Influence (U.I.)"",""Following Too Close""]","[""Motor Vehicle in Motion"",""Motor Vehicle in Motion""]"
0,0,"Atlanta Police Department","2022-12-30","!3819 and Jonesboro Rd Se","(O) No Injury","Dark-Lighted","On Roadway - Non-Intersection","Angle Crash","Jonesboro Rd Se","Dry","23:59:00","[""Unknown"",""Lap and Shoulder Belt Used""]","Clear",0,33.650289,-84.366352,"Atlanta","FULTON","[""Motor Vehicle in Motion"",""Motor Vehicle in Motion""]","Failure to Yield","[""Motor Vehicle in Motion"",""Motor Vehicle in Motion""]"
0,0,"Atlanta Police Department","2022-12-30","Clifton Rd Ne and Ponce De Leon Ave Ne","(O) No Injury","Dark-Lighted","On Roadway - Roadway Intersection","Angle Crash","Ponce De Leon Ave Ne","Dry","19:55:00","[""Unknown"",""Lap and Shoulder Belt Used"",""Lap and Shoulder Belt Used""]","Clear",0,33.773682,-84.330856,"Atlanta","DEKALB","[""Motor Vehicle in Motion"",""Motor Vehicle in Motion""]","Improper Turn","Motor Vehicle in Motion"
0,0,"Atlanta Police Department","2022-12-30","I-20 and Anderson Ave Nw","(O) No Injury","Daylight","On Roadway - Non-Intersection","Angle Crash","I-20","Dry","10:39:00","[""Lap and Shoulder Belt Used"",""Lap and Shoulder Belt Used"",""Lap and Shoulder Belt Used""]","Cloudy",0,33.751544,-84.446507,"Atlanta","FULTON","[""Motor Vehicle in Motion"",""Motor Vehicle in Motion""]","Improper Turn","[""Motor Vehicle in Motion"",""Motor Vehicle in Motion""]"
0,0,"Gsp Post 00","2022-12-30","Hill St and I-20 West","(O) No Injury","Daylight","On Roadway - Non-Intersection","Rear End","I-20 West","Dry","14:11:00","[""Lap and Shoulder Belt Used"",""Lap and Shoulder Belt Used""]","Cloudy",0,33.743307,-84.379296,"Atlanta","FULTON","[""Motor Vehicle in Motion"",""Motor Vehicle in Motion""]","Following Too Close","[""Motor Vehicle in Motion"",""Motor Vehicle in Motion""]"
0,1,"Atlanta Police Department","2022-12-30","Fulton Industrial Blvd Nw and Donald Lee Hollowell Pkwy Nw","(B) Suspected Minor/Visible Injury","Daylight","On Roadway - Roadway Intersection","Angle Crash","Donald Lee Hollowell Pkwy Nw","Dry","09:30:00","[""Lap and Shoulder Belt Used"",""Lap and Shoulder Belt Used""]","Clear",0,33.789911,-84.496172,"Atlanta","FULTON","[""Motor Vehicle in Motion"",""Motor Vehicle in Motion""]","Failure to Yield","[""Motor Vehicle in Motion"",""Motor Vehicle in Motion""]"
0,0,"Atlanta Police Department","2022-12-30","17Th St Nw and Spring St Nw","(O) No Injury","Daylight","On Roadway - Non-Intersection","Angle Crash","Spring St Nw","Dry","15:12:00","[""Unknown"",""Unknown"",""Unknown"",""Unknown""]","Clear",0,33.792345,-84.389178,"Atlanta","FULTON","[""Motor Vehicle in Motion"",""Motor Vehicle in Motion""]","Changed Lanes Improperly","[""Motor Vehicle in Motion"",""Motor Vehicle in Motion""]"
0,0,"Gsp Post 00","2022-12-30","I-7585 Sb and Edgewood Ave Se","(O) No Injury","Daylight","On Roadway - Non-Intersection","Rear End","I-7585 Sb","Dry","12:42:00","[""Unknown"",""Lap and Shoulder Belt Used""]","Clear",0,33.745175,-84.39013,"Atlanta","FULTON","[""Motor Vehicle in Motion"",""Motor Vehicle in Motion""]","Following Too Close","[""Motor Vehicle in Motion"",""Motor Vehicle in Motion""]"
0,0,"Gsp Post 00","2022-12-30","I-85 S and Georgia 400","(O) No Injury","Dark-Lighted","On Roadway - Non-Intersection","Sideswipe-Same Direction","I-85 S","Dry","06:45:00","[""Unknown"",""Lap and Shoulder Belt Used""]","Clear",0,33.821319,-84.360505,"Atlanta","FULTON","[""Motor Vehicle in Motion"",""Motor Vehicle in Motion""]","Changed Lanes Improperly","[""Motor Vehicle in Motion"",""Motor Vehicle in Motion""]"
0,0,"Atlanta Police Department","2022-12-30","United Ave Se and Moreland Ave Se","(O) No Injury","Dark-Lighted","On Roadway - Roadway Intersection","Angle Crash","Moreland Ave Se","Dry","17:32:00","[""Lap and Shoulder Belt Used"",""Lap and Shoulder Belt Used""]","Clear",0,33.723994,-84.349454,"Atlanta","FULTON","[""Motor Vehicle in Motion"",""Motor Vehicle in Motion""]","Improper Turn","[""Motor Vehicle in Motion"",""Motor Vehicle in Motion""]"
0,0,"Atlanta Police Department","2022-12-30","Garibaldi St Sw and University Ave Sw","(C) Possible Injury / Complaint","Daylight","On Roadway - Non-Intersection","Angle Crash","University Ave Sw","Dry","10:45:00","[""Lap and Shoulder Belt Used"",""Lap and Shoulder Belt Used"",""Unknown""]","Cloudy",0,33.72213,-84.399246,"Atlanta","FULTON","[""Motor Vehicle in Motion"",""Motor Vehicle in Motion""]",,"[""Motor Vehicle in Motion"",""Motor Vehicle in Motion""]"
0,0,"Atlanta Police Department","2022-12-30","Pearl St Se and Old Flat Shoals Rd Se","(C) Possible Injury / Complaint","Daylight","On Roadway - Roadway Intersection","Sideswipe-Same Direction","Old Flat Shoals Rd Se","Dry","16:30:00","Unknown","Clear",0,33.744094,-84.362312,"Atlanta","FULTON","[""Parked Motor Vehicle"",""Motor Vehicle in Motion""]","[""Under the Influence (U.I.)"",""Driver Condition""]","[""Parked Motor Vehicle"",""Motor Vehicle in Motion""]"
0,0,"Gsp Post 00","2022-12-30","I-7585 N and University Ave","(O) No Injury","Dark-Lighted","On Roadway - Non-Intersection","Rear End","I-7585 N","Dry","18:11:00","[""Unknown"",""Lap and Shoulder Belt Used""]","Cloudy",0,33.736804,-84.391859,"Atlanta","FULTON","[""Motor Vehicle in Motion"",""Motor Vehicle in Motion""]","Following Too Close","[""Motor Vehicle in Motion"",""Motor Vehicle in Motion""]"
0,0,"Atlanta Police Department","2022-12-30","Barnett St Ne and Greenwood Ave Ne","(O) No Injury","Dark-Lighted","On Roadway - Non-Intersection","Rear End","Barnett St Ne","Dry","17:34:00","Unknown","Cloudy",0,33.776991,-84.358703,"Atlanta","FULTON","[""Motor Vehicle in Motion"",""Motor Vehicle in Motion""]",,"[""Motor Vehicle in Motion"",""Motor Vehicle in Motion""]"
0,0,"Atlanta Police Department","2022-12-30","E Lake Dr Se and Memorial Dr Se","(O) No Injury","Dark-Lighted","On Roadway - Roadway Intersection","Angle Crash","Memorial Dr Se","Wet","22:37:00","[""Unknown"",""Lap and Shoulder Belt Used"",""Unknown""]","Rain",0,33.747179,-84.302636,"Atlanta","DEKALB","[""Motor Vehicle in Motion"",""Motor Vehicle in Motion""]","Disregard Other Traffic Control","[""Motor Vehicle in Motion"",""Motor Vehicle in Motion""]"
0,0,"Atlanta Police Department","2022-12-30","Baker St Nw and Park Avenue West Nw","(O) No Injury","Daylight","On Roadway - Non-Intersection","Rear End","Baker St Nw","Dry","14:32:00","[""Unknown"",""Unknown""]","Clear",0,33.761803,-84.395331,"Atlanta","FULTON","[""Motor Vehicle in Motion"",""Motor Vehicle in Motion""]","Improper Backing","[""Motor Vehicle in Motion"",""Motor Vehicle in Motion""]"
0,0,"Atlanta Police Department","2022-12-30","None and I-75","(O) No Injury","Dark-Lighted","On Roadway - Non-Intersection","Sideswipe-Same Direction","I-75","Dry","02:45:00","[""Unknown"",""Lap and Shoulder Belt Used""]","Clear",0,33.74895,-84.383853,"Atlanta","FULTON","[""Motor Vehicle in Motion"",""Motor Vehicle in Motion""]","Changed Lanes Improperly","[""Motor Vehicle in Motion"",""Motor Vehicle in Motion""]"
0,0,"Atlanta Police Department","2022-12-30","Central Ave Sw and Richardson St Sw","(C) Possible Injury / Complaint","Dark-Lighted","On Roadway - Roadway Intersection","Angle Crash","Central Ave Sw","Dry","18:45:00","[""Unknown"",""Unknown""]","Clear",0,33.740729,-84.393434,"Atlanta","FULTON","[""Motor Vehicle in Motion"",""Motor Vehicle in Motion""]","[""Improper Turn"",""Under the Influence (U.I.)""]","[""Motor Vehicle in Motion"",""Motor Vehicle in Motion""]"
0,0,"Atlanta Police Department","2022-12-30","Maynard Ter Se and Glenwood Ave Se","(C) Possible Injury / Complaint","Daylight","On Roadway - Roadway Intersection","Angle Crash","Glenwood Ave Se","Dry","11:05:00","[""Lap and Shoulder Belt Used"",""Lap and Shoulder Belt Used""]","Clear",0,33.740004,-84.335035,"Atlanta","DEKALB","[""Motor Vehicle in Motion"",""Motor Vehicle in Motion""]",,"[""Motor Vehicle in Motion"",""Motor Vehicle in Motion""]"
0,0,"Atlanta Police Department","2022-12-30","Lee St Sw and W Whitehall St Sw","(C) Possible Injury / Complaint","Daylight","On Roadway - Roadway Intersection","Angle Crash","Lee St Sw","Dry","14:50:00","[""Unknown"",""Unknown""]","Clear",0,33.732128,-84.413728,"Atlanta","FULTON","[""Motor Vehicle in Motion"",""Motor Vehicle in Motion""]",,"[""Motor Vehicle in Motion"",""Motor Vehicle in Motion""]"
0,0,"Atlanta Police Department","2022-12-30","12Th St Ne and Piedmont Ave Ne","(C) Possible Injury / Complaint","Dawn","On Roadway - Roadway Intersection","Not a Collision with Motor Vehicle","Piedmont Ave Ne","Dry","21:00:00","Lap and Shoulder Belt Used","Cloudy",0,33.784266,-84.378908,"Atlanta","FULTON","[""Motor Vehicle in Motion"",""Pedestrian""]","Failure to Yield","Motor Vehicle in Motion"
0,0,"Atlanta Police Department","2022-12-30","None and I-285","(C) Possible Injury / Complaint","Dark-Lighted","On Roadway - Non-Intersection","Rear End","I-285","Wet","23:00:00","[""Unknown"",""Lap and Shoulder Belt Used""]","Clear",0,33.752744,-84.49569,"Atlanta","FULTON","[""Motor Vehicle in Motion"",""Motor Vehicle in Motion""]","Following Too Close","[""Motor Vehicle in Motion"",""Motor Vehicle in Motion""]"